Date,Open,High,Low,Close,Volume,Dividends,Stock Splits
1980-03-17,0.0,4.8954192454515155,4.732238292694092,4.732238292694092,45900,0.0,0.0
1980-03-18,0.0,4.949813505551774,4.786632537841797,4.786632537841797,39600,0.0,0.0
1980-03-19,0.0,4.949813505551774,4.786632537841797,4.786632537841797,72000,0.0,0.0
1980-03-20,0.0,4.8410254991175865,4.677845478057861,4.677845478057861,39600,0.0,0.0
1980-03-21,0.0,4.8410254991175865,4.677845478057861,4.677845478057861,30600,0.0,0.0
1980-03-24,0.0,4.5146647861577005,4.3514838218688965,4.3514838218688965,82800,0.0,0.0
1980-03-25,0.0,4.46027149666079,4.297090530395508,4.297090530395508,78300,0.0,0.0
1980-03-26,0.0,4.46027149666079,4.297090530395508,4.297090530395508,51750,0.0,0.0
1980-03-27,0.0,3.9163354721347536,3.7531545162200923,3.7531545162200928,79200,0.0,0.0
1980-03-28,0.0,4.242696432326291,4.079516410827637,4.079516410827637,73800,0.0,0.0
1980-03-31,0.0,4.46027149666079,4.297090530395508,4.297090530395508,45900,0.0,0.0
1980-04-01,0.0,4.569058552909963,4.405877590179443,4.405877590179443,30600,0.0,0.0
1980-04-02,0.0,4.623451385973064,4.460271358489989,4.46027135848999,26100,0.0,0.0
1980-04-03,0.0,4.569058552909963,4.405877590179443,4.405877590179443,29250,0.0,0.0
1980-04-07,0.0,4.405877729993801,4.242696762084961,4.242696762084961,21600,0.0,0.0
1980-04-08,0.0,4.5146647861577005,4.3514838218688965,4.3514838218688965,36450,0.0,0.0
1980-04-09,0.0,4.569058552909963,4.405877590179443,4.405877590179443,28350,0.0,0.0
1980-04-10,0.0,4.46027149666079,4.297090530395508,4.297090530395508,34650,0.0,0.0
1980-04-11,0.0,4.133909376162015,3.970729351043701,3.970729351043701,87300,0.0,0.0
1980-04-14,0.0,3.9163354721347536,3.7531545162200923,3.7531545162200928,59850,0.0,0.0
1980-04-15,0.0,3.861941487745851,3.698761463165283,3.698761463165283,107550,0.0,0.0
1980-04-16,0.0,3.7531546707041206,3.5899746417999263,3.5899746417999268,63450,0.0,0.0
1980-04-17,0.0,3.8075486549570816,3.644367694854736,3.6443676948547363,87300,0.0,0.0
1980-04-18,0.0,3.861941487745851,3.698761463165283,3.698761463165283,18900,0.0,0.0
1980-04-21,0.0,3.8075486549570816,3.644367694854736,3.6443676948547363,29700,0.0,0.0
1980-04-22,0.0,4.025122771472769,3.8619415760040288,3.8619415760040283,54000,0.0,0.0
1980-04-23,0.0,4.025122771472769,3.8619415760040288,3.8619415760040283,81450,0.0,0.0
1980-04-24,0.0,4.188303599326094,4.02512264251709,4.02512264251709,89100,0.0,0.0
1980-04-25,0.0,3.7531546707041206,3.5899746417999263,3.5899746417999268,133650,0.0,0.0
1980-04-28,0.0,3.698761599388375,3.5355806350708012,3.535580635070801,87750,0.0,0.0
1980-04-29,0.0,3.8075486549570816,3.644367694854736,3.6443676948547363,130050,0.0,0.0
1980-04-30,0.0,3.8075486549570816,3.644367694854736,3.6443676948547363,15300,0.0,0.0
1980-05-01,0.0,3.7531546707041206,3.5899746417999263,3.5899746417999268,244350,0.0,0.0
1980-05-02,0.0,3.861941487745851,3.698761463165283,3.698761463165283,70200,0.0,0.0
1980-05-05,0.0,3.861941487745851,3.698761463165283,3.698761463165283,60750,0.0,0.0
1980-05-06,0.0,3.861941487745851,3.698761463165283,3.698761463165283,116550,0.0,0.0
1980-05-07,0.0,3.861941487745851,3.698761463165283,3.698761463165283,20700,0.0,0.0
1980-05-08,0.0,3.8075486549570816,3.644367694854736,3.6443676948547363,119700,0.0,0.0
1980-05-09,0.0,3.7531546707041206,3.5899746417999263,3.5899746417999268,53100,0.0,0.0
1980-05-12,0.0,3.7531546707041206,3.5899746417999263,3.5899746417999268,39600,0.0,0.0
1980-05-13,0.0,3.7531546707041206,3.5899746417999263,3.5899746417999268,35100,0.0,0.0
1980-05-14,0.0,3.7531546707041206,3.5899746417999263,3.5899746417999268,12600,0.0,0.0
1980-05-15,0.0,3.698761599388375,3.5355806350708012,3.535580635070801,43200,0.0,0.0
1980-05-16,0.0,3.644367604338211,3.481187582015991,3.481187582015991,27900,0.0,0.0
1980-05-19,0.0,3.5899745329714796,3.4267935752868652,3.4267935752868652,61200,0.0,0.0
1980-05-20,0.0,3.372399476930917,3.209219455718994,3.209219455718994,81900,0.0,0.0
1980-05-21,0.0,3.318006644362524,3.1548256874084473,3.1548256874084473,45900,0.0,0.0
1980-05-22,0.0,3.318006644362524,3.1548256874084473,3.1548256874084473,36000,0.0,0.0
1980-05-23,0.0,3.318006644362524,3.1548256874084473,3.1548256874084473,56250,0.0,0.0
1980-05-27,0.0,3.481187716263742,3.318006753921509,3.318006753921509,181800,0.0,0.0
1980-05-28,0.0,3.698761599388375,3.5355806350708012,3.535580635070801,106200,0.0,0.0
1980-05-29,0.0,3.7531546707041206,3.5899746417999263,3.5899746417999268,121950,0.0,0.0
1980-05-30,0.0,3.8075486549570816,3.644367694854736,3.6443676948547363,63000,0.0,0.0
1980-06-02,0.0,3.861941487745851,3.698761463165283,3.698761463165283,49500,0.0,0.0
1980-06-03,0.0,3.861941487745851,3.698761463165283,3.698761463165283,45900,0.0,0.0
1980-06-04,0.0,4.405877729993801,4.242696762084961,4.242696762084961,181350,0.0,0.0
1980-06-05,0.0,4.242696432326291,4.079516410827637,4.079516410827637,99000,0.0,0.0
1980-06-06,0.0,4.297090178360714,4.133909225463867,4.133909225463867,44550,0.0,0.0
1980-06-09,0.0,4.297090178360714,4.133909225463867,4.133909225463867,7650,0.0,0.0
1980-06-10,0.0,4.297090178360714,4.133909225463867,4.133909225463867,38250,0.0,0.0
1980-06-11,0.0,4.405877729993801,4.242696762084961,4.242696762084961,80550,0.0,0.0
1980-06-12,0.0,4.242696432326291,4.079516410827637,4.079516410827637,96300,0.0,0.0
1980-06-13,0.0,4.297090178360714,4.133909225463867,4.133909225463867,67950,0.0,0.0
1980-06-16,0.0,4.297090178360714,4.133909225463867,4.133909225463867,17550,0.0,0.0
1980-06-17,0.0,4.242696432326291,4.079516410827637,4.079516410827637,17550,0.0,0.0
1980-06-18,0.0,4.242696432326291,4.079516410827637,4.079516410827637,44550,0.0,0.0
1980-06-19,0.0,4.025122771472769,3.8619415760040288,3.8619415760040283,63900,0.0,0.0
1980-06-20,0.0,3.9707294925988137,3.807548761367798,3.807548761367798,59850,0.0,0.0
1980-06-23,0.0,4.025122771472769,3.8619415760040288,3.8619415760040283,43200,0.0,0.0
1980-06-24,0.0,4.133909376162015,3.970729351043701,3.970729351043701,57150,0.0,0.0
1980-06-25,0.0,4.242696432326291,4.079516410827637,4.079516410827637,61650,0.0,0.0
1980-06-26,0.0,4.242696432326291,4.079516410827637,4.079516410827637,13050,0.0,0.0
1980-06-27,0.0,4.188303599326094,4.02512264251709,4.02512264251709,32400,0.0,0.0
1980-06-30,0.0,4.188303599326094,4.02512264251709,4.02512264251709,27000,0.0,0.0
1980-07-01,0.0,4.188303599326094,4.02512264251709,4.02512264251709,21600,0.0,0.0
1980-07-02,0.0,4.188303599326094,4.02512264251709,4.02512264251709,31950,0.0,0.0
1980-07-03,0.0,4.188303599326094,4.02512264251709,4.02512264251709,31050,0.0,0.0
1980-07-07,0.0,4.242696343103691,4.188303470611572,4.188303470611572,179550,0.0,0.0
1980-07-08,0.0,4.242696343103691,4.188303470611572,4.188303470611572,22950,0.0,0.0
1980-07-09,0.0,4.079516501319488,3.970729351043701,3.970729351043701,130500,0.0,0.0
1980-07-10,0.0,4.025122692749806,3.970729351043701,3.970729351043701,18900,0.0,0.0
1980-07-11,0.0,4.025122692749806,3.970729351043701,3.970729351043701,15750,0.0,0.0
1980-07-14,0.0,3.9163356190693333,3.8619415760040288,3.8619415760040283,68400,0.0,0.0
1980-07-15,0.0,3.9163356190693333,3.8619415760040288,3.8619415760040283,37350,0.0,0.0
1980-07-16,0.0,4.18830349891423,4.133909225463867,4.133909225463867,115200,0.0,0.0
1980-07-17,0.0,4.18830349891423,4.133909225463867,4.133909225463867,19800,0.0,0.0
1980-07-18,0.0,4.18830349891423,4.133909225463867,4.133909225463867,33300,0.0,0.0
1980-07-21,0.0,4.242696343103691,4.188303470611572,4.188303470611572,13950,0.0,0.0
1980-07-22,0.0,4.133909284463621,4.079516410827637,4.079516410827637,112050,0.0,0.0
1980-07-23,0.0,3.9707293918619944,3.9163355827331547,3.9163355827331543,58500,0.0,0.0
1980-07-24,0.0,4.025122734127251,3.9163355827331547,3.9163355827331543,25200,0.0,0.0
1980-07-25,0.0,3.9707293918619944,3.9163355827331547,3.9163355827331543,22050,0.0,0.0
1980-07-28,0.0,3.9707293918619944,3.9163355827331547,3.9163355827331543,55350,0.0,0.0
1980-07-29,0.0,3.9707293918619944,3.9163355827331547,3.9163355827331543,19350,0.0,0.0
1980-07-30,0.0,4.025122692749806,3.970729351043701,3.970729351043701,108000,0.0,0.0
1980-07-31,0.0,3.9707293918619944,3.9163355827331547,3.9163355827331543,87300,0.0,0.0
1980-08-01,0.0,3.8619414311102256,3.7531545162200923,3.7531545162200928,61200,0.0,0.0
1980-08-04,0.0,3.753154571260351,3.698761463165283,3.698761463165283,73350,0.0,0.0
1980-08-05,0.0,3.8075485572446204,3.7531545162200923,3.7531545162200928,49500,0.0,0.0
1980-08-06,0.0,4.079516501319488,3.970729351043701,3.970729351043701,82350,0.0,0.0
1980-08-07,0.0,4.242696343103691,4.188303470611572,4.188303470611572,166050,0.0,0.0
1980-08-08,0.0,4.297090573675775,4.242696762084961,4.242696762084961,44100,0.0,0.0
1980-08-11,0.0,4.569058458706609,4.514664649963379,4.514664649963379,94950,0.0,0.0
1980-08-12,0.0,4.405877632253029,4.3514838218688965,4.3514838218688965,88200,0.0,0.0
1980-08-13,0.0,4.405877632253029,4.3514838218688965,4.3514838218688965,82800,0.0,0.0
1980-08-14,0.0,4.460271400044146,4.405877590179443,4.405877590179443,29250,0.0,0.0
1980-08-15,0.0,4.514664700984348,4.460271358489989,4.46027135848999,35550,0.0,0.0
1980-08-18,0.0,4.623451333722679,4.514664649963379,4.514664649963379,132750,0.0,0.0
1980-08-19,0.0,4.677845507330919,4.623451232910156,4.623451232910156,82350,0.0,0.0
1980-08-20,0.0,4.84102588250272,4.786632537841797,4.786632537841797,105300,0.0,0.0
1980-08-21,0.0,4.895419694027247,4.786632537841797,4.786632537841797,108450,0.0,0.0
1980-08-22,0.0,4.84102588250272,4.786632537841797,4.786632537841797,47700,0.0,0.0
1980-08-25,0.0,4.78663209923442,4.732238292694092,4.732238292694092,32850,0.0,0.0
1980-08-26,0.0,4.732238351547537,4.677845478057861,4.677845478057861,41400,0.0,0.0
1980-08-27,0.0,4.6778455679341215,4.569058418273925,4.569058418273926,49500,0.0,0.0
1980-08-28,0.0,4.405877632253029,4.3514838218688965,4.3514838218688965,81900,0.0,0.0
1980-08-29,0.0,4.405877632253029,4.3514838218688965,4.3514838218688965,28350,0.0,0.0
1980-09-02,0.0,4.569058458706609,4.514664649963379,4.514664649963379,61200,0.0,0.0
1980-09-03,0.0,4.8410254389111875,4.732238292694092,4.732238292694092,70650,0.0,0.0
1980-09-04,0.0,4.78663209923442,4.732238292694092,4.732238292694092,109350,0.0,0.0
1980-09-05,0.0,4.84102588250272,4.786632537841797,4.786632537841797,41400,0.0,0.0
1980-09-08,0.0,4.895419640242096,4.8410258293151855,4.8410258293151855,86400,0.0,0.0
1980-09-09,0.0,5.004206709062973,4.949813365936279,4.949813365936279,63000,0.0,0.0
1980-09-10,0.0,5.0586004668385,5.004206657409668,5.004206657409668,90450,0.0,0.0
1980-09-11,0.0,5.330567408588224,5.276174068450928,5.276174068450928,112950,0.0,0.0
1980-09-12,0.0,5.38496164813147,5.330567836761474,5.330567836761475,114750,0.0,0.0
1980-09-15,0.0,5.548142474848205,5.493748664855957,5.493748664855957,47700,0.0,0.0
1980-09-16,0.0,5.548142527536579,5.439355373382568,5.439355373382568,85500,0.0,0.0
1980-09-17,0.0,5.656929523655544,5.602535247802734,5.602535247802734,68400,0.0,0.0
1980-09-18,0.0,5.548142474848205,5.493748664855957,5.493748664855957,146250,0.0,0.0
1980-09-19,0.0,5.602535309022932,5.548142433166504,5.548142433166504,93150,0.0,0.0
1980-09-22,0.0,5.602535309022932,5.548142433166504,5.548142433166504,63450,0.0,0.0
1980-09-23,0.0,5.439355416007071,5.384961605072022,5.3849616050720215,85050,0.0,0.0
1980-09-24,0.0,5.493748717027776,5.439355373382568,5.439355373382568,75600,0.0,0.0
1980-09-25,0.0,5.276174107544267,5.221780300140381,5.221780300140381,112050,0.0,0.0
1980-09-26,0.0,5.004206709062973,4.949813365936279,4.949813365936279,124650,0.0,0.0
1980-09-29,0.0,4.6778455679341215,4.569058418273925,4.569058418273926,63900,0.0,0.0
1980-09-30,0.0,4.78663209923442,4.732238292694092,4.732238292694092,109350,0.0,0.0
1980-10-01,0.0,4.84102588250272,4.786632537841797,4.786632537841797,37350,0.0,0.0
1980-10-02,0.0,4.895419694027247,4.786632537841797,4.786632537841797,47700,0.0,0.0
1980-10-03,0.0,5.38496164813147,5.330567836761474,5.330567836761475,118800,0.0,0.0
1980-10-06,0.0,5.602535309022932,5.548142433166504,5.548142433166504,131400,0.0,0.0
1980-10-07,0.0,5.439355416007071,5.384961605072022,5.3849616050720215,85950,0.0,0.0
1980-10-08,0.0,5.656929523655544,5.602535247802734,5.602535247802734,142200,0.0,0.0
1980-10-09,0.0,5.602535309022932,5.548142433166504,5.548142433166504,48150,0.0,0.0
1980-10-10,0.0,5.548142474848205,5.493748664855957,5.493748664855957,85500,0.0,0.0
1980-10-13,0.0,5.928896942602402,5.874503135681152,5.874503135681152,84150,0.0,0.0
1980-10-14,0.0,5.928896942602402,5.874503135681152,5.874503135681152,74250,0.0,0.0
1980-10-15,0.0,6.037684482765715,5.983290672302247,5.983290672302246,96300,0.0,0.0
1980-10-16,0.0,5.928896942602402,5.874503135681152,5.874503135681152,171000,0.0,0.0
1980-10-17,0.0,5.656929523655544,5.602535247802734,5.602535247802734,90900,0.0,0.0
1980-10-20,0.0,5.439355416007071,5.384961605072022,5.3849616050720215,38250,0.0,0.0
1980-10-21,0.0,5.276174107544267,5.221780300140381,5.221780300140381,33750,0.0,0.0
1980-10-22,0.0,5.167387515561787,5.112993240356445,5.112993240356445,36450,0.0,0.0
1980-10-23,0.0,4.732238351547537,4.677845478057861,4.677845478057861,63900,0.0,0.0
1980-10-24,0.0,5.0586004668385,5.004206657409668,5.004206657409668,75150,0.0,0.0
1980-10-27,0.0,4.84102588250272,4.786632537841797,4.786632537841797,58050,0.0,0.0
1980-10-28,0.0,4.895419640242096,4.8410258293151855,4.8410258293151855,50400,0.0,0.0
1980-10-29,0.0,5.38496164813147,5.330567836761474,5.330567836761475,89550,0.0,0.0
1980-10-30,0.0,5.493748717027776,5.439355373382568,5.439355373382568,57600,0.0,0.0
1980-10-31,0.0,5.548142474848205,5.493748664855957,5.493748664855957,34650,0.0,0.0
1980-11-03,0.0,5.439355459501465,5.330567836761474,5.330567836761475,48600,0.0,0.0
1980-11-05,0.0,5.276174107544267,5.221780300140381,5.221780300140381,46350,0.0,0.0
1980-11-06,0.0,5.2217803901764,5.112993240356445,5.112993240356445,18000,0.0,0.0
1980-11-07,0.0,5.167387576830029,5.058600425720215,5.058600425720215,24300,0.0,0.0
1980-11-10,0.0,5.167387576830029,5.058600425720215,5.058600425720215,25200,0.0,0.0
1980-11-11,0.0,5.221780359802372,5.16738748550415,5.16738748550415,37350,0.0,0.0
1980-11-12,0.0,5.2217803901764,5.112993240356445,5.112993240356445,20250,0.0,0.0
1980-11-13,0.0,5.276174107544267,5.221780300140381,5.221780300140381,29250,0.0,0.0
1980-11-14,0.0,5.330567448084585,5.221780300140381,5.221780300140381,40950,0.0,0.0
1980-11-17,0.0,5.439355459501465,5.330567836761474,5.330567836761475,28350,0.0,0.0
1980-11-18,0.0,5.602535309022932,5.548142433166504,5.548142433166504,148500,0.0,0.0
1980-11-19,0.0,5.874503224521342,5.765716075897217,5.765716075897217,133650,0.0,0.0
1980-11-20,0.0,6.255258123754906,6.200864315032959,6.200864315032959,549000,0.0,0.0
1980-11-21,0.0,6.200864375925658,6.1464715003967285,6.1464715003967285,253350,0.0,0.0
1980-11-24,0.0,6.200864375925658,6.1464715003967285,6.1464715003967285,175500,0.0,0.0
1980-11-25,0.0,6.364045182756111,6.3096513748168945,6.3096513748168945,127800,0.0,0.0
1980-11-26,0.0,6.636013539554105,6.5816192626953125,6.5816192626953125,203850,0.0,0.0
1980-11-28,0.0,6.636013539554105,6.5816192626953125,6.5816192626953125,126000,0.0,0.0
1980-12-01,0.0,6.472832291464889,6.364045143127442,6.364045143127441,154350,0.0,0.0
1980-12-02,0.0,6.472832291464889,6.364045143127442,6.364045143127441,102600,0.0,0.0
1980-12-03,0.0,6.5272264906119455,6.472832679748534,6.472832679748535,137250,0.0,0.0
1980-12-04,0.0,6.5272264906119455,6.472832679748534,6.472832679748535,85950,0.0,0.0
1980-12-05,0.0,6.200864375925658,6.1464715003967285,6.1464715003967285,94050,0.0,0.0
1980-12-08,0.0,5.820109416777494,5.765716075897217,5.765716075897217,137700,0.0,0.0
1980-12-09,0.0,5.983290724906955,5.928897380828858,5.928897380828857,90450,0.0,0.0
1980-12-10,0.0,5.983290282660088,5.874503135681152,5.874503135681152,62550,0.0,0.0
1980-12-11,0.0,5.820109416777494,5.765716075897217,5.765716075897217,67500,0.0,0.0
1980-12-12,0.0,5.983290282660088,5.874503135681152,5.874503135681152,42300,0.0,0.0
1980-12-15,0.0,6.200864375925658,6.1464715003967285,6.1464715003967285,54450,0.0,0.0
1980-12-16,0.0,6.41843895072795,6.364045143127442,6.364045143127441,87300,0.0,0.0
1980-12-17,0.0,6.636013602213093,6.527226448059082,6.527226448059082,83250,0.0,0.0
1980-12-18,0.0,6.472832251841963,6.418438911437988,6.418438911437988,117000,0.0,0.0
1980-12-19,0.0,6.527226059109504,6.418438911437988,6.418438911437988,45450,0.0,0.0
1980-12-22,0.0,6.41843895072795,6.364045143127442,6.364045143127441,37350,0.0,0.0
1980-12-23,0.0,6.1464715316452425,6.092077255249023,6.092077255249023,52650,0.0,0.0
1980-12-24,0.0,6.41843895072795,6.364045143127442,6.364045143127441,63000,0.0,0.0
1980-12-26,0.0,6.309651424850473,6.255258083343507,6.255258083343506,31050,0.0,0.0
1980-12-29,0.0,6.092077359501995,5.983290672302247,5.983290672302246,41400,0.0,0.0
1980-12-30,0.0,6.0920773169693225,6.037684440612794,6.037684440612793,60300,0.0,0.0
1980-12-31,0.0,6.472832251841963,6.418438911437988,6.418438911437988,73350,0.0,0.0
1981-01-02,0.0,6.527226059109504,6.418438911437988,6.418438911437988,46800,0.0,0.0
1981-01-05,0.0,6.472832251841963,6.418438911437988,6.418438911437988,52650,0.0,0.0
1981-01-06,0.0,6.255258123754906,6.200864315032959,6.200864315032959,85050,0.0,0.0
1981-01-07,0.0,5.983290724906955,5.928897380828858,5.928897380828857,189900,0.0,0.0
1981-01-08,0.0,5.820109416777494,5.765716075897217,5.765716075897217,81900,0.0,0.0
1981-01-09,0.0,5.820109416777494,5.765716075897217,5.765716075897217,55800,0.0,0.0
1981-01-12,0.0,5.765716115706074,5.71132230758667,5.71132230758667,58500,0.0,0.0
1981-01-13,0.0,5.765716115706074,5.71132230758667,5.71132230758667,37350,0.0,0.0
1981-01-14,0.0,5.983290282660088,5.874503135681152,5.874503135681152,53100,0.0,0.0
1981-01-15,0.0,6.0920773169693225,6.037684440612794,6.037684440612793,42300,0.0,0.0
1981-01-16,0.0,5.928896942602402,5.874503135681152,5.874503135681152,43650,0.0,0.0
1981-01-19,0.0,5.711322367917267,5.65692949295044,5.6569294929504395,41400,0.0,0.0
1981-01-20,0.0,5.330567448084585,5.221780300140381,5.221780300140381,63450,0.0,0.0
1981-01-21,0.0,5.548142527536579,5.439355373382568,5.439355373382568,116100,0.0,0.0
1981-01-22,0.0,5.602535309022932,5.548142433166504,5.548142433166504,27900,0.0,0.0
1981-01-23,0.0,5.602535351113272,5.493748664855957,5.493748664855957,48150,0.0,0.0
1981-01-26,0.0,5.439355416007071,5.384961605072022,5.3849616050720215,40050,0.0,0.0
1981-01-27,0.0,5.765716115706074,5.71132230758667,5.71132230758667,69750,0.0,0.0
1981-01-28,0.0,5.820109416777494,5.765716075897217,5.765716075897217,49050,0.0,0.0
1981-01-29,0.0,5.820109416777494,5.765716075897217,5.765716075897217,28800,0.0,0.0
1981-01-30,0.0,5.8745031746527046,5.8201093673706055,5.8201093673706055,49500,0.0,0.0
1981-02-02,0.0,5.602535309022932,5.548142433166504,5.548142433166504,93150,0.0,0.0
1981-02-03,0.0,5.493748717027776,5.439355373382568,5.439355373382568,70650,0.0,0.0
1981-02-04,0.0,5.276174107544267,5.221780300140381,5.221780300140381,76500,0.0,0.0
1981-02-05,0.0,5.493748717027776,5.439355373382568,5.439355373382568,81000,0.0,0.0
1981-02-06,0.0,5.602535309022932,5.548142433166504,5.548142433166504,52200,0.0,0.0
1981-02-09,0.0,5.656929523655544,5.602535247802734,5.602535247802734,45900,0.0,0.0
1981-02-10,0.0,5.656929523655544,5.602535247802734,5.602535247802734,54450,0.0,0.0
1981-02-11,0.0,5.656929523655544,5.602535247802734,5.602535247802734,33300,0.0,0.0
1981-02-12,0.0,5.656929523655544,5.602535247802734,5.602535247802734,16650,0.0,0.0
1981-02-13,0.0,5.656929523655544,5.602535247802734,5.602535247802734,27000,0.0,0.0
1981-02-17,0.0,5.656929523655544,5.602535247802734,5.602535247802734,27000,0.0,0.0
1981-02-18,0.0,5.656929523655544,5.602535247802734,5.602535247802734,81000,0.0,0.0
1981-02-19,0.0,5.221780359802372,5.16738748550415,5.16738748550415,94500,0.0,0.0
1981-02-20,0.0,5.004206709062973,4.949813365936279,4.949813365936279,112500,0.0,0.0
1981-02-23,0.0,4.949813451169008,4.8410258293151855,4.8410258293151855,114300,0.0,0.0
1981-02-24,0.0,5.058600519053256,4.949813365936279,4.949813365936279,104400,0.0,0.0
1981-02-25,0.0,4.895419694027247,4.786632537841797,4.786632537841797,115200,0.0,0.0
1981-02-26,0.0,5.330567448084585,5.221780300140381,5.221780300140381,96300,0.0,0.0
1981-02-27,0.0,5.548142474848205,5.493748664855957,5.493748664855957,36000,0.0,0.0
1981-03-02,0.0,5.820109416777494,5.765716075897217,5.765716075897217,63000,0.0,0.0
1981-03-03,0.0,5.602535309022932,5.548142433166504,5.548142433166504,52200,0.0,0.0
1981-03-04,0.0,5.548142474848205,5.493748664855957,5.493748664855957,54000,0.0,0.0
1981-03-05,0.0,5.330567408588224,5.276174068450928,5.276174068450928,77850,0.0,0.0
1981-03-06,0.0,5.439355416007071,5.384961605072022,5.3849616050720215,7650,0.0,0.0
1981-03-09,0.0,5.439355416007071,5.384961605072022,5.3849616050720215,79200,0.0,0.0
1981-03-10,0.0,5.493748717027776,5.439355373382568,5.439355373382568,114750,0.0,0.0
1981-03-11,0.0,5.38496164813147,5.330567836761474,5.330567836761475,92250,0.0,0.0
1981-03-12,0.0,5.439355416007071,5.384961605072022,5.3849616050720215,45450,0.0,0.0
1981-03-13,0.0,5.493748717027776,5.439355373382568,5.439355373382568,107550,0.0,0.0
1981-03-16,0.0,5.656929523655544,5.602535247802734,5.602535247802734,70200,0.0,0.0
1981-03-17,0.0,5.656929523655544,5.602535247802734,5.602535247802734,51300,0.0,0.0
1981-03-18,0.0,5.656929523655544,5.602535247802734,5.602535247802734,132750,0.0,0.0
1981-03-19,0.0,5.656929523655544,5.602535247802734,5.602535247802734,17100,0.0,0.0
1981-03-20,0.0,5.548142474848205,5.493748664855957,5.493748664855957,36450,0.0,0.0
1981-03-23,0.0,5.439355416007071,5.384961605072022,5.3849616050720215,43650,0.0,0.0
1981-03-24,0.0,5.276174107544267,5.221780300140381,5.221780300140381,40500,0.0,0.0
1981-03-25,0.0,5.439355416007071,5.384961605072022,5.3849616050720215,85950,0.0,0.0
1981-03-26,0.0,5.602535309022932,5.548142433166504,5.548142433166504,70200,0.0,0.0
1981-03-27,0.0,5.656929523655544,5.602535247802734,5.602535247802734,51750,0.0,0.0
1981-03-30,0.0,5.711322398917608,5.602535247802734,5.602535247802734,24300,0.0,0.0
1981-03-31,0.0,5.820109416777494,5.765716075897217,5.765716075897217,91800,0.0,0.0
1981-04-01,0.0,5.983290282660088,5.874503135681152,5.874503135681152,69300,0.0,0.0
1981-04-02,0.0,5.928896942602402,5.874503135681152,5.874503135681152,37350,0.0,0.0
1981-04-03,0.0,6.037684482765715,5.983290672302247,5.983290672302246,68400,0.0,0.0
1981-04-06,0.0,5.874503224521342,5.765716075897217,5.765716075897217,103050,0.0,0.0
1981-04-07,0.0,5.711322367917267,5.65692949295044,5.6569294929504395,77400,0.0,0.0
1981-04-08,0.0,5.765716115706074,5.71132230758667,5.71132230758667,66600,0.0,0.0
1981-04-09,0.0,5.820109416777494,5.765716075897217,5.765716075897217,63900,0.0,0.0
1981-04-10,0.0,5.928896942602402,5.874503135681152,5.874503135681152,60750,0.0,0.0
1981-04-13,0.0,5.928896981934804,5.8201093673706055,5.8201093673706055,83250,0.0,0.0
1981-04-14,0.0,5.765716115706074,5.71132230758667,5.71132230758667,85950,0.0,0.0
1981-04-15,0.0,5.8745031746527046,5.8201093673706055,5.8201093673706055,49050,0.0,0.0
1981-04-16,0.0,6.309651465613275,6.200864315032959,6.200864315032959,91800,0.0,0.0
1981-04-20,0.0,6.472832291464889,6.364045143127442,6.364045143127441,121050,0.0,0.0
1981-04-21,0.0,6.472832251841963,6.418438911437988,6.418438911437988,84150,0.0,0.0
1981-04-22,0.0,6.309651424850473,6.255258083343507,6.255258083343506,174600,0.0,0.0
1981-04-23,0.0,6.200864375925658,6.1464715003967285,6.1464715003967285,261000,0.0,0.0
1981-04-24,0.0,6.1464715316452425,6.092077255249023,6.092077255249023,37350,0.0,0.0
1981-04-27,0.0,6.0920773169693225,6.037684440612794,6.037684440612793,35100,0.0,0.0
1981-04-28,0.0,5.983290724906955,5.928897380828858,5.928897380828857,190350,0.0,0.0
1981-04-29,0.0,5.711322367917267,5.65692949295044,5.6569294929504395,139500,0.0,0.0
1981-04-30,0.0,5.548142474848205,5.493748664855957,5.493748664855957,93600,0.0,0.0
1981-05-01,0.0,5.711322367917267,5.65692949295044,5.6569294929504395,114750,0.0,0.0
1981-05-04,0.0,5.602535309022932,5.548142433166504,5.548142433166504,67050,0.0,0.0
1981-05-05,0.0,5.820109456961906,5.71132230758667,5.71132230758667,63000,0.0,0.0
1981-05-06,0.0,5.874503224521342,5.765716075897217,5.765716075897217,94500,0.0,0.0
1981-05-07,0.0,5.983290724906955,5.928897380828858,5.928897380828857,59850,0.0,0.0
1981-05-08,0.0,5.874503224521342,5.765716075897217,5.765716075897217,41850,0.0,0.0
1981-05-11,0.0,5.874503224521342,5.765716075897217,5.765716075897217,38250,0.0,0.0
1981-05-12,0.0,5.983290724906955,5.928897380828858,5.928897380828857,38250,0.0,0.0
1981-05-13,0.0,5.928896981934804,5.8201093673706055,5.8201093673706055,56250,0.0,0.0
1981-05-14,0.0,5.928896981934804,5.8201093673706055,5.8201093673706055,27450,0.0,0.0
1981-05-15,0.0,5.983290724906955,5.928897380828858,5.928897380828857,37800,0.0,0.0
1981-05-18,0.0,6.0920773169693225,6.037684440612794,6.037684440612793,105300,0.0,0.0
1981-05-19,0.0,5.928896942602402,5.874503135681152,5.874503135681152,67050,0.0,0.0
1981-05-20,0.0,5.928896942602402,5.874503135681152,5.874503135681152,28800,0.0,0.0
1981-05-21,0.0,5.983290282660088,5.874503135681152,5.874503135681152,58050,0.0,0.0
1981-05-22,0.0,5.983290282660088,5.874503135681152,5.874503135681152,39600,0.0,0.0
1981-05-26,0.0,6.309651465613275,6.200864315032959,6.200864315032959,72450,0.0,0.0
1981-05-27,0.0,6.200864375925658,6.1464715003967285,6.1464715003967285,60750,0.0,0.0
1981-05-28,0.0,6.1464715316452425,6.092077255249023,6.092077255249023,63000,0.0,0.0
1981-05-29,0.0,6.1464715316452425,6.092077255249023,6.092077255249023,80550,0.0,0.0
1981-06-01,0.0,6.200864375925658,6.1464715003967285,6.1464715003967285,70200,0.0,0.0
1981-06-02,0.0,6.200864407450704,6.092077255249023,6.092077255249023,83700,0.0,0.0
1981-06-03,0.0,6.200864407450704,6.092077255249023,6.092077255249023,33300,0.0,0.0
1981-06-04,0.0,6.1464715316452425,6.092077255249023,6.092077255249023,30600,0.0,0.0
1981-06-05,0.0,6.1464715316452425,6.092077255249023,6.092077255249023,39150,0.0,0.0
1981-06-08,0.0,5.983290724906955,5.928897380828858,5.928897380828857,93600,0.0,0.0
1981-06-09,0.0,5.983290724906955,5.928897380828858,5.928897380828857,72000,0.0,0.0
1981-06-10,0.0,6.0376845358486495,5.928897380828858,5.928897380828857,19800,0.0,0.0
1981-06-11,0.0,5.928896981934804,5.8201093673706055,5.8201093673706055,41400,0.0,0.0
1981-06-12,0.0,5.8745031746527046,5.8201093673706055,5.8201093673706055,37800,0.0,0.0
1981-06-15,0.0,5.983290724906955,5.928897380828858,5.928897380828857,83700,0.0,0.0
1981-06-16,0.0,6.0376845358486495,5.928897380828858,5.928897380828857,25650,0.0,0.0
1981-06-17,0.0,6.1464715939166235,6.037684440612794,6.037684440612793,68850,0.0,0.0
1981-06-18,0.0,6.200864407450704,6.092077255249023,6.092077255249023,70200,0.0,0.0
1981-06-19,0.0,6.200864375925658,6.1464715003967285,6.1464715003967285,43650,0.0,0.0
1981-06-22,0.0,6.200864375925658,6.1464715003967285,6.1464715003967285,33300,0.0,0.0
1981-06-23,0.0,6.309651465613275,6.200864315032959,6.200864315032959,46350,0.0,0.0
1981-06-24,0.0,6.581619324840696,6.527226448059082,6.527226448059082,142200,0.0,0.0
1981-06-25,0.0,6.799193432832479,6.744800090789795,6.744800090789795,144900,0.0,0.0
1981-06-26,0.0,6.799193432832479,6.744800090789795,6.744800090789795,46350,0.0,0.0
1981-06-29,0.0,6.527226059109504,6.418438911437988,6.418438911437988,89100,0.0,0.0
1981-06-30,0.0,6.472832251841963,6.418438911437988,6.418438911437988,31950,0.0,0.0
1981-07-01,0.0,6.309651424850473,6.255258083343507,6.255258083343506,46800,0.0,0.0
1981-07-02,0.0,5.820109416777494,5.765716075897217,5.765716075897217,60300,0.0,0.0
1981-07-06,0.0,5.330567408588224,5.276174068450928,5.276174068450928,73800,0.0,0.0
1981-07-07,0.0,5.656929523655544,5.602535247802734,5.602535247802734,84150,0.0,0.0
1981-07-08,0.0,5.765716115706074,5.71132230758667,5.71132230758667,46350,0.0,0.0
1981-07-09,0.0,5.820109416777494,5.765716075897217,5.765716075897217,22950,0.0,0.0
1981-07-10,0.0,5.439355416007071,5.384961605072022,5.3849616050720215,162900,0.0,0.0
1981-07-13,0.0,5.11299330097975,5.058600425720215,5.058600425720215,63900,0.0,0.0
1981-07-14,0.0,5.11299330097975,5.058600425720215,5.058600425720215,37350,0.0,0.0
1981-07-15,0.0,5.27617416782774,5.16738748550415,5.16738748550415,44100,0.0,0.0
1981-07-16,0.0,5.330567408588224,5.276174068450928,5.276174068450928,13950,0.0,0.0
1981-07-17,0.0,5.493748717027776,5.439355373382568,5.439355373382568,40950,0.0,0.0
1981-07-20,0.0,5.330567408588224,5.276174068450928,5.276174068450928,20700,0.0,0.0
1981-07-21,0.0,5.330567408588224,5.276174068450928,5.276174068450928,45900,0.0,0.0
1981-07-22,0.0,5.167387515561787,5.112993240356445,5.112993240356445,44550,0.0,0.0
1981-07-23,0.0,5.11299330097975,5.058600425720215,5.058600425720215,81450,0.0,0.0
1981-07-24,0.0,5.276174107544267,5.221780300140381,5.221780300140381,40050,0.0,0.0
1981-07-27,0.0,5.330567448084585,5.221780300140381,5.221780300140381,18000,0.0,0.0
1981-07-28,0.0,5.0586004668385,5.004206657409668,5.004206657409668,54900,0.0,0.0
1981-07-29,0.0,4.949813451169008,4.8410258293151855,4.8410258293151855,49950,0.0,0.0
1981-07-30,0.0,5.058600519053256,4.949813365936279,4.949813365936279,58050,0.0,0.0
1981-07-31,0.0,5.167387576830029,5.058600425720215,5.058600425720215,62100,0.0,0.0
1981-08-03,0.0,5.058600519053256,4.949813365936279,4.949813365936279,22050,0.0,0.0
1981-08-04,0.0,4.949813408079126,4.895419597625732,4.895419597625732,27000,0.0,0.0
1981-08-05,0.0,4.895419640242096,4.8410258293151855,4.8410258293151855,23400,0.0,0.0
1981-08-06,0.0,4.8410254389111875,4.732238292694092,4.732238292694092,36900,0.0,0.0
1981-08-07,0.0,5.004206751668925,4.895419597625732,4.895419597625732,49950,0.0,0.0
1981-08-10,4.895419597625732,4.895419597625732,4.895419597625732,4.895419597625732,0,0.0,0.0
1981-08-11,0.0,4.8410254389111875,4.732238292694092,4.732238292694092,57600,0.0,0.0
1981-08-12,0.0,4.623451292808661,4.569058418273925,4.569058418273926,40500,0.0,0.0
1981-08-13,0.0,4.405877632253029,4.3514838218688965,4.3514838218688965,92250,0.0,0.0
1981-08-14,0.0,4.351483874574869,4.297090530395508,4.297090530395508,26550,0.0,0.0
1981-08-17,0.0,4.133909324571663,4.02512264251709,4.02512264251709,56700,0.0,0.0
1981-08-18,0.0,3.9163356820900113,3.807548761367798,3.807548761367798,172350,0.0,0.0
1981-08-19,0.0,4.079516450407948,4.02512264251709,4.02512264251709,93150,0.0,0.0
1981-08-20,0.0,4.405877632253029,4.3514838218688965,4.3514838218688965,133200,0.0,0.0
1981-08-21,0.0,4.188303558690307,4.079516410827637,4.079516410827637,115650,0.0,0.0
1981-08-24,0.0,4.025122734127251,3.9163355827331547,3.9163355827331543,118350,0.0,0.0
1981-08-25,0.0,4.025122734127251,3.9163355827331547,3.9163355827331543,91800,0.0,0.0
1981-08-26,0.0,4.025122734127251,3.9163355827331547,3.9163355827331543,58050,0.0,0.0
1981-08-27,0.0,3.9163356820900113,3.807548761367798,3.807548761367798,50400,0.0,0.0
1981-08-28,0.0,3.8619414311102256,3.7531545162200923,3.7531545162200928,65700,0.0,0.0
1981-08-31,0.0,3.6987615038433783,3.644367694854736,3.6443676948547363,67050,0.0,0.0
1981-09-01,0.0,3.6987615038433783,3.644367694854736,3.6443676948547363,108900,0.0,0.0
1981-09-02,0.0,3.753154571260351,3.698761463165283,3.698761463165283,42300,0.0,0.0
1981-09-03,0.0,3.69876156116785,3.5899746417999263,3.5899746417999268,105750,0.0,0.0
1981-09-04,0.0,3.5899746788963203,3.5355806350708012,3.535580635070801,94050,0.0,0.0
1981-09-08,0.0,3.481187616901382,3.4267935752868652,3.4267935752868652,75600,0.0,0.0
1981-09-09,0.0,3.5355804559264947,3.481187582015991,3.481187582015991,54450,0.0,0.0
1981-09-10,0.0,3.644367751336197,3.5899746417999263,3.5899746417999268,32400,0.0,0.0
1981-09-11,0.0,3.5355804559264947,3.481187582015991,3.481187582015991,36900,0.0,0.0
1981-09-14,0.0,3.6443677889946526,3.5355806350708012,3.535580635070801,82800,0.0,0.0
1981-09-15,0.0,3.807548613082571,3.698761463165283,3.698761463165283,105750,0.0,0.0
1981-09-16,0.0,3.481187616901382,3.4267935752868652,3.4267935752868652,199350,0.0,0.0
1981-09-17,0.0,3.2636125626911854,3.209219455718994,3.209219455718994,38700,0.0,0.0
1981-09-18,0.0,3.426793610734929,3.3723995685577393,3.3723995685577393,73800,0.0,0.0
1981-09-21,0.0,3.5899746788963203,3.5355806350708012,3.535580635070801,38700,0.0,0.0
1981-09-22,0.0,3.5899744969959224,3.481187582015991,3.481187582015991,66150,0.0,0.0
1981-09-23,0.0,3.372399629929607,3.318006753921509,3.318006753921509,113850,0.0,0.0
1981-09-24,0.0,3.4267936730966744,3.318006753921509,3.318006753921509,39150,0.0,0.0
1981-09-25,0.0,3.4267937113565172,3.263612747192383,3.263612747192383,56700,0.0,0.0
1981-09-28,0.0,3.372399667582145,3.263612747192383,3.263612747192383,95400,0.0,0.0
1981-09-29,0.0,3.426793610734929,3.3723995685577393,3.3723995685577393,88650,0.0,0.0
1981-09-30,0.0,3.372399667582145,3.263612747192383,3.263612747192383,28800,0.0,0.0
1981-10-01,0.0,3.372399629929607,3.318006753921509,3.318006753921509,14850,0.0,0.0
1981-10-02,0.0,3.2636125626911854,3.209219455718994,3.209219455718994,61650,0.0,0.0
1981-10-05,0.0,3.318006603390509,3.209219455718994,3.209219455718994,54900,0.0,0.0
1981-10-06,0.0,3.209219551852114,3.1004326343536377,3.1004326343536377,28350,0.0,0.0
1981-10-07,0.0,3.1004326705889382,3.0460386276245117,3.0460386276245117,93150,0.0,0.0
1981-10-08,0.0,3.2636126029915213,3.1548256874084473,3.1548256874084473,54450,0.0,0.0
1981-10-09,0.0,3.2636125626911854,3.209219455718994,3.209219455718994,31950,0.0,0.0
1981-10-12,0.0,3.2636125626911854,3.209219455718994,3.209219455718994,31050,0.0,0.0
1981-10-13,0.0,3.2636126029915213,3.1548256874084473,3.1548256874084473,59850,0.0,0.0
1981-10-14,0.0,3.209219551852114,3.1004326343536377,3.1004326343536377,29250,0.0,0.0
1981-10-15,0.0,3.2092194953476634,3.1548256874084473,3.1548256874084473,83700,0.0,0.0
1981-10-16,0.0,3.4811876529121184,3.3723995685577393,3.3723995685577393,49950,0.0,0.0
1981-10-19,0.0,3.372399667582145,3.263612747192383,3.263612747192383,66150,0.0,0.0
1981-10-20,0.0,3.4267936730966744,3.318006753921509,3.318006753921509,75150,0.0,0.0
1981-10-21,0.0,3.5355804559264947,3.481187582015991,3.481187582015991,99000,0.0,0.0
1981-10-22,0.0,3.6443677889946526,3.5355806350708012,3.535580635070801,48600,0.0,0.0
1981-10-23,0.0,3.6443677889946526,3.5355806350708012,3.535580635070801,135000,0.0,0.0
1981-10-26,0.0,3.5899744969959224,3.481187582015991,3.481187582015991,22950,0.0,0.0
1981-10-27,0.0,3.5899744969959224,3.481187582015991,3.481187582015991,7650,0.0,0.0
1981-10-28,0.0,3.644367751336197,3.5899746417999263,3.5899746417999268,15300,0.0,0.0
1981-10-29,0.0,3.6987615038433783,3.644367694854736,3.6443676948547363,38700,0.0,0.0
1981-10-30,0.0,3.8075485572446204,3.7531545162200923,3.7531545162200928,25200,0.0,0.0
1981-11-02,0.0,3.753154571260351,3.698761463165283,3.698761463165283,30150,0.0,0.0
1981-11-03,0.0,3.753154571260351,3.698761463165283,3.698761463165283,28350,0.0,0.0
1981-11-04,0.0,3.753154571260351,3.698761463165283,3.698761463165283,45000,0.0,0.0
1981-11-05,0.0,3.69876156116785,3.5899746417999263,3.5899746417999268,49950,0.0,0.0
1981-11-06,0.0,3.69876156116785,3.5899746417999263,3.5899746417999268,18450,0.0,0.0
1981-11-09,0.0,3.6987615038433783,3.644367694854736,3.6443676948547363,58950,0.0,0.0
1981-11-10,0.0,3.753154571260351,3.698761463165283,3.698761463165283,54900,0.0,0.0
1981-11-11,0.0,3.8075485572446204,3.7531545162200923,3.7531545162200928,49950,0.0,0.0
1981-11-12,0.0,3.8619416381494114,3.807548761367798,3.807548761367798,54450,0.0,0.0
1981-11-13,0.0,3.8075485572446204,3.7531545162200923,3.7531545162200928,28350,0.0,0.0
1981-11-16,0.0,3.6987615038433783,3.644367694854736,3.6443676948547363,49500,0.0,0.0
1981-11-17,0.0,3.753154571260351,3.698761463165283,3.698761463165283,32400,0.0,0.0
1981-11-18,0.0,3.753154571260351,3.698761463165283,3.698761463165283,34200,0.0,0.0
1981-11-19,0.0,3.6987615038433783,3.644367694854736,3.6443676948547363,46800,0.0,0.0
1981-11-20,0.0,3.753154571260351,3.698761463165283,3.698761463165283,27450,0.0,0.0
1981-11-23,0.0,3.644367751336197,3.5899746417999263,3.5899746417999268,23850,0.0,0.0
1981-11-24,0.0,3.644367751336197,3.5899746417999263,3.5899746417999268,79650,0.0,0.0
1981-11-25,0.0,3.644367751336197,3.5899746417999263,3.5899746417999268,49500,0.0,0.0
1981-11-27,0.0,3.644367751336197,3.5899746417999263,3.5899746417999268,36450,0.0,0.0
1981-11-30,0.0,3.5899746788963203,3.5355806350708012,3.535580635070801,36900,0.0,0.0
1981-12-01,0.0,3.6443677889946526,3.5355806350708012,3.535580635070801,62100,0.0,0.0
1981-12-02,0.0,3.5899746788963203,3.5355806350708012,3.535580635070801,40500,0.0,0.0
1981-12-03,0.0,3.5899746788963203,3.5355806350708012,3.535580635070801,32400,0.0,0.0
1981-12-04,0.0,3.5899744969959224,3.481187582015991,3.481187582015991,44100,0.0,0.0
1981-12-07,0.0,3.4267936730966744,3.318006753921509,3.318006753921509,37350,0.0,0.0
1981-12-08,0.0,3.372399629929607,3.318006753921509,3.318006753921509,81900,0.0,0.0
1981-12-09,0.0,3.4267936730966744,3.318006753921509,3.318006753921509,14850,0.0,0.0
1981-12-10,0.0,3.372399667582145,3.263612747192383,3.263612747192383,23400,0.0,0.0
1981-12-11,0.0,3.1548257429551905,3.1004326343536377,3.1004326343536377,43200,0.0,0.0
1981-12-14,0.0,3.046038689905897,2.9916458129882817,2.9916458129882812,95400,0.0,0.0
1981-12-15,0.0,3.1004326705889382,3.0460386276245117,3.0460386276245117,85500,0.0,0.0
1981-12-16,0.0,3.1548257798261927,3.0460386276245117,3.0460386276245117,52200,0.0,0.0
1981-12-17,0.0,3.2636125626911854,3.209219455718994,3.209219455718994,94950,0.0,0.0
1981-12-18,0.0,3.426793610734929,3.3723995685577393,3.3723995685577393,67950,0.0,0.0
1981-12-21,0.0,3.426793610734929,3.3723995685577393,3.3723995685577393,75600,0.0,0.0
1981-12-22,0.0,3.372399667582145,3.263612747192383,3.263612747192383,55350,0.0,0.0
1981-12-23,0.0,3.372399629929607,3.318006753921509,3.318006753921509,30150,0.0,0.0
1981-12-24,0.0,3.426793610734929,3.3723995685577393,3.3723995685577393,21150,0.0,0.0
1981-12-28,0.0,3.426793610734929,3.3723995685577393,3.3723995685577393,62100,0.0,0.0
1981-12-29,0.0,3.372399629929607,3.318006753921509,3.318006753921509,56700,0.0,0.0
1981-12-30,0.0,3.372399629929607,3.318006753921509,3.318006753921509,54450,0.0,0.0
1981-12-31,0.0,3.372399629929607,3.318006753921509,3.318006753921509,65250,0.0,0.0
1982-01-04,0.0,3.372399629929607,3.318006753921509,3.318006753921509,75600,0.0,0.0
1982-01-05,0.0,3.2636126029915213,3.1548256874084473,3.1548256874084473,64350,0.0,0.0
1982-01-06,0.0,3.2092194953476634,3.1548256874084473,3.1548256874084473,36900,0.0,0.0
1982-01-07,0.0,3.209219551852114,3.1004326343536377,3.1004326343536377,72450,0.0,0.0
1982-01-08,0.0,3.2092194953476634,3.1548256874084473,3.1548256874084473,11250,0.0,0.0
1982-01-11,0.0,3.1548257429551905,3.1004326343536377,3.1004326343536377,30600,0.0,0.0
1982-01-12,0.0,3.209219551852114,3.1004326343536377,3.1004326343536377,16650,0.0,0.0
1982-01-13,0.0,3.1548257798261927,3.0460386276245117,3.0460386276245117,30150,0.0,0.0
1982-01-14,0.0,3.2092194953476634,3.1548256874084473,3.1548256874084473,20250,0.0,0.0
1982-01-15,0.0,3.2636126029915213,3.1548256874084473,3.1548256874084473,54450,0.0,0.0
1982-01-18,0.0,3.2636125626911854,3.209219455718994,3.209219455718994,10350,0.0,0.0
1982-01-19,0.0,3.2636126029915213,3.1548256874084473,3.1548256874084473,55350,0.0,0.0
1982-01-20,0.0,3.1548257429551905,3.1004326343536377,3.1004326343536377,13500,0.0,0.0
1982-01-21,0.0,3.2636125626911854,3.209219455718994,3.209219455718994,27900,0.0,0.0
1982-01-22,0.0,3.2636126029915213,3.1548256874084473,3.1548256874084473,27450,0.0,0.0
1982-01-25,0.0,3.1548257798261927,3.0460386276245117,3.0460386276245117,22950,0.0,0.0
1982-01-26,0.0,3.1548257798261927,3.0460386276245117,3.0460386276245117,30150,0.0,0.0
1982-01-27,0.0,3.2636126029915213,3.1548256874084473,3.1548256874084473,36000,0.0,0.0
1982-01-28,0.0,3.372399629929607,3.318006753921509,3.318006753921509,26550,0.0,0.0
1982-01-29,0.0,3.644367751336197,3.5899746417999263,3.5899746417999268,70650,0.0,0.0
1982-02-01,0.0,3.6443677889946526,3.5355806350708012,3.535580635070801,66600,0.0,0.0
1982-02-02,0.0,3.8075485572446204,3.7531545162200923,3.7531545162200928,81450,0.0,0.0
1982-02-03,0.0,3.644367751336197,3.5899746417999263,3.5899746417999268,87750,0.0,0.0
1982-02-04,0.0,3.644367751336197,3.5899746417999263,3.5899746417999268,57150,0.0,0.0
1982-02-05,0.0,3.6987615038433783,3.644367694854736,3.6443676948547363,26100,0.0,0.0
1982-02-08,0.0,3.5899744969959224,3.481187582015991,3.481187582015991,50400,0.0,0.0
1982-02-09,0.0,3.5355804559264947,3.481187582015991,3.481187582015991,57150,0.0,0.0
1982-02-10,0.0,3.5355804559264947,3.481187582015991,3.481187582015991,28800,0.0,0.0
1982-02-11,0.0,3.535580491356963,3.4267935752868652,3.4267935752868652,27900,0.0,0.0
1982-02-12,0.0,3.481187616901382,3.4267935752868652,3.4267935752868652,9000,0.0,0.0
1982-02-16,0.0,3.372399629929607,3.318006753921509,3.318006753921509,50400,0.0,0.0
1982-02-17,0.0,3.2636125626911854,3.209219455718994,3.209219455718994,35550,0.0,0.0
1982-02-18,0.0,3.318006790966755,3.263612747192383,3.263612747192383,51750,0.0,0.0
1982-02-19,0.0,3.318006790966755,3.263612747192383,3.263612747192383,20250,0.0,0.0
1982-02-22,0.0,3.318006790966755,3.263612747192383,3.263612747192383,31050,0.0,0.0
1982-02-23,0.0,3.318006790966755,3.263612747192383,3.263612747192383,49050,0.0,0.0
1982-02-24,0.0,3.318006790966755,3.263612747192383,3.263612747192383,8100,0.0,0.0
1982-02-25,0.0,3.2636125626911854,3.209219455718994,3.209219455718994,23850,0.0,0.0
1982-02-26,0.0,3.209219551852114,3.1004326343536377,3.1004326343536377,18900,0.0,0.0
1982-03-01,0.0,3.2092194953476634,3.1548256874084473,3.1548256874084473,61650,0.0,0.0
1982-03-02,0.0,3.2636126029915213,3.1548256874084473,3.1548256874084473,68850,0.0,0.0
1982-03-03,0.0,3.2636125626911854,3.209219455718994,3.209219455718994,40500,0.0,0.0
1982-03-04,0.0,3.2636125626911854,3.209219455718994,3.209219455718994,9450,0.0,0.0
1982-03-05,0.0,3.1004326705889382,3.0460386276245117,3.0460386276245117,91350,0.0,0.0
1982-03-08,0.0,2.828464840845295,2.719677686691284,2.719677686691284,33300,0.0,0.0
1982-03-09,0.0,2.828464782565926,2.7740707397460933,2.7740707397460938,83700,0.0,0.0
1982-03-10,0.0,2.8828576214420476,2.82846474647522,2.8284647464752197,69300,0.0,0.0
1982-03-11,0.0,2.7196775418353343,2.6108906269073486,2.6108906269073486,62550,0.0,0.0
1982-03-12,0.0,2.610890661951776,2.5564966201782227,2.5564966201782227,112050,0.0,0.0
1982-03-15,0.0,2.5564967194242625,2.447709798812866,2.447709798812866,64800,0.0,0.0
1982-03-16,0.0,2.610890661951776,2.5564966201782227,2.5564966201782227,59850,0.0,0.0
1982-03-17,0.0,2.610890661951776,2.5564966201782227,2.5564966201782227,35100,0.0,0.0
1982-03-18,0.0,2.610890661951776,2.5564966201782227,2.5564966201782227,88650,0.0,0.0
1982-03-19,0.0,2.774070796904695,2.719677686691284,2.719677686691284,164700,0.0,0.0
1982-03-22,0.0,2.8828576214420476,2.82846474647522,2.8284647464752197,70650,0.0,0.0
1982-03-23,0.0,3.0460384813877304,2.937251567840576,2.937251567840576,42300,0.0,0.0
1982-03-24,0.0,2.937251663567822,2.82846474647522,2.8284647464752197,55800,0.0,0.0
1982-03-25,0.0,2.9372516020989003,2.8828575611114498,2.88285756111145,23400,0.0,0.0
1982-03-26,0.0,2.8828576582267966,2.7740707397460933,2.7740707397460938,20700,0.0,0.0
1982-03-29,0.0,2.8828576214420476,2.82846474647522,2.8284647464752197,17550,0.0,0.0
1982-03-30,0.0,2.828464782565926,2.7740707397460933,2.7740707397460938,24750,0.0,0.0
1982-03-31,0.0,2.828464782565926,2.7740707397460933,2.7740707397460938,24750,0.0,0.0
1982-04-01,0.0,2.8828576582267966,2.7740707397460933,2.7740707397460938,31950,0.0,0.0
1982-04-02,0.0,2.8828576582267966,2.7740707397460933,2.7740707397460938,72900,0.0,0.0
1982-04-05,0.0,2.774070840825326,2.665283918380737,2.6652839183807373,55800,0.0,0.0
1982-04-06,0.0,2.774070840825326,2.665283918380737,2.6652839183807373,11700,0.0,0.0
1982-04-07,0.0,2.774070796904695,2.719677686691284,2.719677686691284,35550,0.0,0.0
1982-04-08,0.0,2.774070796904695,2.719677686691284,2.719677686691284,29250,0.0,0.0
1982-04-12,0.0,2.774070796904695,2.719677686691284,2.719677686691284,15300,0.0,0.0
1982-04-13,0.0,2.774070796904695,2.719677686691284,2.719677686691284,60750,0.0,0.0
1982-04-14,0.0,2.774070796904695,2.719677686691284,2.719677686691284,42750,0.0,0.0
1982-04-15,0.0,2.774070796904695,2.719677686691284,2.719677686691284,8550,0.0,0.0
1982-04-16,0.0,2.774070840825326,2.665283918380737,2.6652839183807373,41850,0.0,0.0
1982-04-19,0.0,2.7196777297507326,2.665283918380737,2.6652839183807373,30150,0.0,0.0
1982-04-20,0.0,2.7196775418353343,2.6108906269073486,2.6108906269073486,36000,0.0,0.0
1982-04-21,0.0,2.7196775418353343,2.6108906269073486,2.6108906269073486,27000,0.0,0.0
1982-04-22,0.0,2.7196775418353343,2.6108906269073486,2.6108906269073486,54900,0.0,0.0
1982-04-23,0.0,2.5564966814604677,2.502103805541992,2.502103805541992,48600,0.0,0.0
1982-04-26,0.0,2.610890724537911,2.502103805541992,2.502103805541992,85050,0.0,0.0
1982-04-27,0.0,2.665283734223664,2.6108906269073486,2.6108906269073486,86400,0.0,0.0
1982-04-28,0.0,2.774070840825326,2.665283918380737,2.6652839183807373,83700,0.0,0.0
1982-04-29,0.0,2.7196777297507326,2.665283918380737,2.6652839183807373,53100,0.0,0.0
1982-04-30,0.0,2.774070796904695,2.719677686691284,2.719677686691284,24300,0.0,0.0
1982-05-03,0.0,2.774070796904695,2.719677686691284,2.719677686691284,76050,0.0,0.0
1982-05-04,0.0,3.046038689905897,2.9916458129882817,2.9916458129882812,112050,0.0,0.0
1982-05-05,0.0,3.1548257429551905,3.1004326343536377,3.1004326343536377,103500,0.0,0.0
1982-05-06,0.0,3.1548257429551905,3.1004326343536377,3.1004326343536377,67050,0.0,0.0
1982-05-07,0.0,3.481187616901382,3.4267935752868652,3.4267935752868652,96750,0.0,0.0
1982-05-10,0.0,3.6987615038433783,3.644367694854736,3.6443676948547363,126000,0.0,0.0
1982-05-11,0.0,3.6987615038433783,3.644367694854736,3.6443676948547363,92250,0.0,0.0
1982-05-12,0.0,3.644367751336197,3.5899746417999263,3.5899746417999268,49950,0.0,0.0
1982-05-13,0.0,3.5355804559264947,3.481187582015991,3.481187582015991,63450,0.0,0.0
1982-05-14,0.0,3.4267936730966744,3.318006753921509,3.318006753921509,156150,0.0,0.0
1982-05-17,0.0,3.372399629929607,3.318006753921509,3.318006753921509,46350,0.0,0.0
1982-05-18,0.0,3.318006790966755,3.263612747192383,3.263612747192383,37800,0.0,0.0
1982-05-19,0.0,3.318006790966755,3.263612747192383,3.263612747192383,18000,0.0,0.0
1982-05-20,0.0,3.318006790966755,3.263612747192383,3.263612747192383,13050,0.0,0.0
1982-05-21,0.0,3.318006790966755,3.263612747192383,3.263612747192383,25200,0.0,0.0
1982-05-24,0.0,3.318006790966755,3.263612747192383,3.263612747192383,19800,0.0,0.0
1982-05-25,0.0,3.318006790966755,3.263612747192383,3.263612747192383,42750,0.0,0.0
1982-05-26,0.0,3.1004326705889382,3.0460386276245117,3.0460386276245117,58500,0.0,0.0
1982-05-27,0.0,3.100432733982501,2.9916458129882817,2.9916458129882812,9000,0.0,0.0
1982-05-28,0.0,3.1004326705889382,3.0460386276245117,3.0460386276245117,9450,0.0,0.0
1982-06-01,0.0,3.2092194953476634,3.1548256874084473,3.1548256874084473,27450,0.0,0.0
1982-06-02,0.0,3.481187616901382,3.4267935752868652,3.4267935752868652,61650,0.0,0.0
1982-06-03,0.0,3.426793610734929,3.3723995685577393,3.3723995685577393,15300,0.0,0.0
1982-06-04,0.0,3.372399667582145,3.263612747192383,3.263612747192383,13950,0.0,0.0
1982-06-07,0.0,3.2636125626911854,3.209219455718994,3.209219455718994,33750,0.0,0.0
1982-06-08,0.0,3.2636125626911854,3.209219455718994,3.209219455718994,26100,0.0,0.0
1982-06-09,0.0,3.2092194953476634,3.1548256874084473,3.1548256874084473,25200,0.0,0.0
1982-06-10,0.0,3.1548257429551905,3.1004326343536377,3.1004326343536377,37350,0.0,0.0
1982-06-11,0.0,3.318006603390509,3.209219455718994,3.209219455718994,31050,0.0,0.0
1982-06-14,0.0,3.2636126029915213,3.1548256874084473,3.1548256874084473,15750,0.0,0.0
1982-06-15,0.0,3.1548257429551905,3.1004326343536377,3.1004326343536377,31950,0.0,0.0
1982-06-16,0.0,3.1548257429551905,3.1004326343536377,3.1004326343536377,42300,0.0,0.0
1982-06-17,0.0,3.1548257798261927,3.0460386276245117,3.0460386276245117,60750,0.0,0.0
1982-06-18,0.0,3.100432733982501,2.9916458129882817,2.9916458129882812,21600,0.0,0.0
1982-06-21,0.0,3.1548257429551905,3.1004326343536377,3.1004326343536377,9450,0.0,0.0
1982-06-22,0.0,3.209219551852114,3.1004326343536377,3.1004326343536377,13950,0.0,0.0
1982-06-23,0.0,3.372399667582145,3.263612747192383,3.263612747192383,28350,0.0,0.0
1982-06-24,0.0,3.372399667582145,3.263612747192383,3.263612747192383,30600,0.0,0.0
1982-06-25,0.0,3.209219551852114,3.1004326343536377,3.1004326343536377,37350,0.0,0.0
1982-06-28,0.0,3.1548257798261927,3.0460386276245117,3.0460386276245117,43200,0.0,0.0
1982-06-29,0.0,3.1548257798261927,3.0460386276245117,3.0460386276245117,3150,0.0,0.0
1982-06-30,0.0,3.1548257429551905,3.1004326343536377,3.1004326343536377,9450,0.0,0.0
1982-07-01,0.0,3.1548257429551905,3.1004326343536377,3.1004326343536377,25200,0.0,0.0
1982-07-02,0.0,3.1548257429551905,3.1004326343536377,3.1004326343536377,19350,0.0,0.0
1982-07-06,0.0,3.1548257429551905,3.1004326343536377,3.1004326343536377,33750,0.0,0.0
1982-07-07,0.0,3.1548257429551905,3.1004326343536377,3.1004326343536377,9000,0.0,0.0
1982-07-08,0.0,2.8828576214420476,2.82846474647522,2.8284647464752197,88650,0.0,0.0
1982-07-09,0.0,3.0460384813877304,2.937251567840576,2.937251567840576,59850,0.0,0.0
1982-07-12,0.0,3.046038689905897,2.9916458129882817,2.9916458129882812,18900,0.0,0.0
1982-07-13,0.0,3.1004326705889382,3.0460386276245117,3.0460386276245117,45900,0.0,0.0
1982-07-14,0.0,3.1548257429551905,3.1004326343536377,3.1004326343536377,46800,0.0,0.0
1982-07-15,0.0,3.1004326705889382,3.0460386276245117,3.0460386276245117,44550,0.0,0.0
1982-07-16,0.0,3.1004326705889382,3.0460386276245117,3.0460386276245117,14850,0.0,0.0
1982-07-19,0.0,3.1004326705889382,3.0460386276245117,3.0460386276245117,20700,0.0,0.0
1982-07-20,0.0,3.426793610734929,3.3723995685577393,3.3723995685577393,55800,0.0,0.0
1982-07-21,0.0,3.426793610734929,3.3723995685577393,3.3723995685577393,42750,0.0,0.0
1982-07-22,0.0,3.481187616901382,3.4267935752868652,3.4267935752868652,26550,0.0,0.0
1982-07-23,0.0,3.426793610734929,3.3723995685577393,3.3723995685577393,13950,0.0,0.0
1982-07-26,0.0,3.318006790966755,3.263612747192383,3.263612747192383,19800,0.0,0.0
1982-07-27,0.0,3.2636126029915213,3.1548256874084473,3.1548256874084473,13950,0.0,0.0
1982-07-28,0.0,3.2092194953476634,3.1548256874084473,3.1548256874084473,15300,0.0,0.0
1982-07-29,0.0,3.2636125626911854,3.209219455718994,3.209219455718994,40950,0.0,0.0
1982-07-30,0.0,3.2636125626911854,3.209219455718994,3.209219455718994,8550,0.0,0.0
1982-08-02,0.0,3.1004326705889382,3.0460386276245117,3.0460386276245117,99450,0.0,0.0
1982-08-03,0.0,2.8828576582267966,2.7740707397460933,2.7740707397460938,93150,0.0,0.0
1982-08-04,0.0,2.828464782565926,2.7740707397460933,2.7740707397460938,22050,0.0,0.0
1982-08-05,0.0,2.828464782565926,2.7740707397460933,2.7740707397460938,19350,0.0,0.0
1982-08-06,0.0,2.7196777297507326,2.665283918380737,2.6652839183807373,18450,0.0,0.0
1982-08-09,0.0,2.610890724537911,2.502103805541992,2.502103805541992,80550,0.0,0.0
1982-08-10,0.0,2.610890724537911,2.502103805541992,2.502103805541992,37350,0.0,0.0
1982-08-11,0.0,2.5564966814604677,2.502103805541992,2.502103805541992,42750,0.0,0.0
1982-08-12,0.0,2.5564966814604677,2.502103805541992,2.502103805541992,21150,0.0,0.0
1982-08-13,0.0,2.5564966814604677,2.502103805541992,2.502103805541992,32400,0.0,0.0
1982-08-16,0.0,2.5021038426980566,2.447709798812866,2.447709798812866,72900,0.0,0.0
1982-08-17,0.0,2.5021038426980566,2.447709798812866,2.447709798812866,58050,0.0,0.0
1982-08-18,0.0,2.774070840825326,2.665283918380737,2.6652839183807373,125550,0.0,0.0
1982-08-19,0.0,3.046038689905897,2.9916458129882817,2.9916458129882812,139050,0.0,0.0
1982-08-20,0.0,3.6443677889946526,3.5355806350708012,3.535580635070801,98100,0.0,0.0
1982-08-23,0.0,3.4811876529121184,3.3723995685577393,3.3723995685577393,85500,0.0,0.0
1982-08-24,0.0,3.426793610734929,3.3723995685577393,3.3723995685577393,100350,0.0,0.0
1982-08-25,0.0,3.481187616901382,3.4267935752868652,3.4267935752868652,58050,0.0,0.0
1982-08-26,0.0,3.426793610734929,3.3723995685577393,3.3723995685577393,82350,0.0,0.0
1982-08-27,0.0,3.426793610734929,3.3723995685577393,3.3723995685577393,75150,0.0,0.0
1982-08-30,0.0,3.5355804559264947,3.481187582015991,3.481187582015991,44550,0.0,0.0
1982-08-31,0.0,3.481187616901382,3.4267935752868652,3.4267935752868652,19800,0.0,0.0
1982-09-01,0.0,3.4811876529121184,3.3723995685577393,3.3723995685577393,73350,0.0,0.0
1982-09-02,0.0,4.079516450407948,4.02512264251709,4.02512264251709,167850,0.0,0.0
1982-09-03,0.0,4.133909324571663,4.02512264251709,4.02512264251709,121050,0.0,0.0
1982-09-07,0.0,4.025122692749806,3.970729351043701,3.970729351043701,43200,0.0,0.0
1982-09-08,0.0,4.079516450407948,4.02512264251709,4.02512264251709,33300,0.0,0.0
1982-09-09,0.0,4.133909324571663,4.02512264251709,4.02512264251709,78750,0.0,0.0
1982-09-10,0.0,4.133909324571663,4.02512264251709,4.02512264251709,101250,0.0,0.0
1982-09-13,0.0,4.079516501319488,3.970729351043701,3.970729351043701,63000,0.0,0.0
1982-09-14,0.0,4.025122692749806,3.970729351043701,3.970729351043701,41400,0.0,0.0
1982-09-15,0.0,4.025122692749806,3.970729351043701,3.970729351043701,17550,0.0,0.0
1982-09-16,0.0,3.807548613082571,3.698761463165283,3.698761463165283,48150,0.0,0.0
1982-09-17,0.0,3.753154612536649,3.644367694854736,3.6443676948547363,14850,0.0,0.0
1982-09-20,0.0,3.5355804559264947,3.481187582015991,3.481187582015991,93150,0.0,0.0
1982-09-21,0.0,3.8619416381494114,3.807548761367798,3.807548761367798,81000,0.0,0.0
1982-09-22,0.0,3.807548613082571,3.698761463165283,3.698761463165283,30150,0.0,0.0
1982-09-23,0.0,3.8619416381494114,3.807548761367798,3.807548761367798,57150,0.0,0.0
1982-09-24,0.0,4.025122734127251,3.9163355827331547,3.9163355827331543,80550,0.0,0.0
1982-09-27,0.0,4.079516450407948,4.02512264251709,4.02512264251709,31500,0.0,0.0
1982-09-28,0.0,3.8075485572446204,3.7531545162200923,3.7531545162200928,57150,0.0,0.0
1982-09-29,0.0,3.753154571260351,3.698761463165283,3.698761463165283,34650,0.0,0.0
1982-09-30,0.0,3.8075485572446204,3.7531545162200923,3.7531545162200928,50850,0.0,0.0
1982-10-01,0.0,3.8619416381494114,3.807548761367798,3.807548761367798,37800,0.0,0.0
1982-10-04,0.0,3.753154571260351,3.698761463165283,3.698761463165283,14850,0.0,0.0
1982-10-05,0.0,3.6987615038433783,3.644367694854736,3.6443676948547363,41400,0.0,0.0
1982-10-06,0.0,3.6987615038433783,3.644367694854736,3.6443676948547363,44550,0.0,0.0
1982-10-07,0.0,3.6443677889946526,3.5355806350708012,3.535580635070801,52200,0.0,0.0
1982-10-08,0.0,3.426793610734929,3.3723995685577393,3.3723995685577393,31500,0.0,0.0
1982-10-11,0.0,3.426793610734929,3.3723995685577393,3.3723995685577393,126000,0.0,0.0
1982-10-12,0.0,3.426793610734929,3.3723995685577393,3.3723995685577393,138150,0.0,0.0
1982-10-13,0.0,3.6443677889946526,3.5355806350708012,3.535580635070801,142200,0.0,0.0
1982-10-14,0.0,3.5899746788963203,3.5355806350708012,3.535580635070801,51300,0.0,0.0
1982-10-15,0.0,3.6443677889946526,3.5355806350708012,3.535580635070801,9000,0.0,0.0
1982-10-18,0.0,3.8075485572446204,3.7531545162200923,3.7531545162200928,75600,0.0,0.0
1982-10-19,0.0,3.8075485572446204,3.7531545162200923,3.7531545162200928,82350,0.0,0.0
1982-10-20,0.0,3.8619416381494114,3.807548761367798,3.807548761367798,26550,0.0,0.0
1982-10-21,0.0,3.5899746788963203,3.5355806350708012,3.535580635070801,89100,0.0,0.0
1982-10-22,0.0,3.6987615038433783,3.644367694854736,3.6443676948547363,71550,0.0,0.0
1982-10-25,0.0,3.6443677889946526,3.5355806350708012,3.535580635070801,34200,0.0,0.0
1982-10-26,0.0,3.5899746788963203,3.5355806350708012,3.535580635070801,14400,0.0,0.0
1982-10-27,0.0,3.5899746788963203,3.5355806350708012,3.535580635070801,34200,0.0,0.0
1982-10-28,0.0,3.5899746788963203,3.5355806350708012,3.535580635070801,23850,0.0,0.0
1982-10-29,0.0,3.5899746788963203,3.5355806350708012,3.535580635070801,11250,0.0,0.0
1982-11-01,0.0,3.5899746788963203,3.5355806350708012,3.535580635070801,13950,0.0,0.0
1982-11-02,0.0,3.753154571260351,3.698761463165283,3.698761463165283,59850,0.0,0.0
1982-11-03,0.0,4.133909284463621,4.079516410827637,4.079516410827637,157950,0.0,0.0
1982-11-04,0.0,4.18830349891423,4.133909225463867,4.133909225463867,316350,0.0,0.0
1982-11-05,0.0,4.405877632253029,4.3514838218688965,4.3514838218688965,216000,0.0,0.0
1982-11-08,0.0,4.78663209923442,4.732238292694092,4.732238292694092,533700,0.0,0.0
1982-11-09,0.0,5.0586004668385,5.004206657409668,5.004206657409668,334350,0.0,0.0
1982-11-10,0.0,5.11299330097975,5.058600425720215,5.058600425720215,333000,0.0,0.0
1982-11-11,0.0,5.439355416007071,5.384961605072022,5.3849616050720215,130050,0.0,0.0
1982-11-12,0.0,5.765716115706074,5.71132230758667,5.71132230758667,450450,0.0,0.0
1982-11-15,0.0,5.765716115706074,5.71132230758667,5.71132230758667,410400,0.0,0.0
1982-11-16,0.0,5.330567448084585,5.221780300140381,5.221780300140381,331650,0.0,0.0
1982-11-17,0.0,5.602535351113272,5.493748664855957,5.493748664855957,197100,0.0,0.0
1982-11-18,0.0,5.656929523655544,5.602535247802734,5.602535247802734,230850,0.0,0.0
1982-11-19,0.0,5.602535309022932,5.548142433166504,5.548142433166504,219150,0.0,0.0
1982-11-22,0.0,5.167387576830029,5.058600425720215,5.058600425720215,217350,0.0,0.0
1982-11-23,0.0,5.221780359802372,5.16738748550415,5.16738748550415,386100,0.0,0.0
1982-11-24,0.0,5.439355416007071,5.384961605072022,5.3849616050720215,145800,0.0,0.0
1982-11-26,0.0,5.656929523655544,5.602535247802734,5.602535247802734,125100,0.0,0.0
1982-11-29,0.0,5.602535351113272,5.493748664855957,5.493748664855957,116100,0.0,0.0
1982-11-30,0.0,5.656929523655544,5.602535247802734,5.602535247802734,154350,0.0,0.0
1982-12-01,0.0,5.711322367917267,5.65692949295044,5.6569294929504395,106200,0.0,0.0
1982-12-02,0.0,6.092077359501995,5.983290672302247,5.983290672302246,134550,0.0,0.0
1982-12-03,0.0,6.200864375925658,6.1464715003967285,6.1464715003967285,70200,0.0,0.0
1982-12-06,0.0,6.1464715316452425,6.092077255249023,6.092077255249023,181350,0.0,0.0
1982-12-07,0.0,6.200864375925658,6.1464715003967285,6.1464715003967285,89100,0.0,0.0
1982-12-08,0.0,6.0920773169693225,6.037684440612794,6.037684440612793,70200,0.0,0.0
1982-12-09,0.0,5.928896942602402,5.874503135681152,5.874503135681152,103950,0.0,0.0
1982-12-10,0.0,5.711322398917608,5.602535247802734,5.602535247802734,144450,0.0,0.0
1982-12-13,0.0,5.602535309022932,5.548142433166504,5.548142433166504,49050,0.0,0.0
1982-12-14,0.0,5.493748760078523,5.384961605072022,5.3849616050720215,73350,0.0,0.0
1982-12-15,0.0,5.2217803901764,5.112993240356445,5.112993240356445,72000,0.0,0.0
1982-12-16,0.0,4.895419640242096,4.8410258293151855,4.8410258293151855,128250,0.0,0.0
1982-12-17,0.0,5.112993342540161,5.004206657409668,5.004206657409668,59400,0.0,0.0
1982-12-20,0.0,4.84102588250272,4.786632537841797,4.786632537841797,109800,0.0,0.0
1982-12-21,0.0,4.949813408079126,4.895419597625732,4.895419597625732,43200,0.0,0.0
1982-12-22,0.0,5.548142474848205,5.493748664855957,5.493748664855957,115650,0.0,0.0
1982-12-23,0.0,5.493748717027776,5.439355373382568,5.439355373382568,52200,0.0,0.0
1982-12-27,0.0,5.38496164813147,5.330567836761474,5.330567836761475,70200,0.0,0.0
1982-12-28,0.0,5.167387515561787,5.112993240356445,5.112993240356445,46800,0.0,0.0
1982-12-29,0.0,5.0586004668385,5.004206657409668,5.004206657409668,78300,0.0,0.0
1982-12-30,0.0,5.0586004668385,5.004206657409668,5.004206657409668,51750,0.0,0.0
1982-12-31,0.0,5.276174107544267,5.221780300140381,5.221780300140381,80100,0.0,0.0
1983-01-03,0.0,5.2217803901764,5.112993240356445,5.112993240356445,45900,0.0,0.0
1983-01-04,0.0,5.167387515561787,5.112993240356445,5.112993240356445,131850,0.0,0.0
1983-01-05,0.0,5.330567448084585,5.221780300140381,5.221780300140381,41850,0.0,0.0
1983-01-06,0.0,5.493748760078523,5.384961605072022,5.3849616050720215,48150,0.0,0.0
1983-01-07,0.0,5.602535309022932,5.548142433166504,5.548142433166504,119250,0.0,0.0
1983-01-10,0.0,5.548142474848205,5.493748664855957,5.493748664855957,32400,0.0,0.0
1983-01-11,0.0,5.548142527536579,5.439355373382568,5.439355373382568,118800,0.0,0.0
1983-01-12,0.0,5.548142474848205,5.493748664855957,5.493748664855957,113400,0.0,0.0
1983-01-13,0.0,5.765716115706074,5.71132230758667,5.71132230758667,122850,0.0,0.0
1983-01-14,0.0,5.820109416777494,5.765716075897217,5.765716075897217,76500,0.0,0.0
1983-01-17,0.0,5.983290724906955,5.928897380828858,5.928897380828857,136350,0.0,0.0
1983-01-18,0.0,5.928896942602402,5.874503135681152,5.874503135681152,85050,0.0,0.0
1983-01-19,0.0,5.983290724906955,5.928897380828858,5.928897380828857,155250,0.0,0.0
1983-01-20,0.0,6.0376845358486495,5.928897380828858,5.928897380828857,54900,0.0,0.0
1983-01-21,0.0,5.820109456961906,5.71132230758667,5.71132230758667,73350,0.0,0.0
1983-01-24,0.0,6.0920773169693225,6.037684440612794,6.037684440612793,419400,0.0,0.0
1983-01-25,0.0,6.1464715316452425,6.092077255249023,6.092077255249023,115650,0.0,0.0
1983-01-26,0.0,6.309651424850473,6.255258083343507,6.255258083343506,233550,0.0,0.0
1983-01-27,0.0,6.96237425988948,6.907980918884277,6.907980918884277,215100,0.0,0.0
1983-01-28,0.0,6.9623743000756155,6.8535871505737305,6.8535871505737305,226350,0.0,0.0
1983-01-31,0.0,6.853587241738744,6.744800090789795,6.744800090789795,132300,0.0,0.0
1983-02-01,0.0,6.853587241738744,6.744800090789795,6.744800090789795,102150,0.0,0.0
1983-02-02,0.0,6.799193432832479,6.744800090789795,6.744800090789795,59850,0.0,0.0
1983-02-03,0.0,7.016768108258345,6.8535871505737305,6.8535871505737305,220050,0.0,0.0
1983-02-04,0.0,6.90798095875646,6.8535871505737305,6.8535871505737305,35550,0.0,0.0
1983-02-07,0.0,6.744800131715561,6.690406322479248,6.690406322479248,72900,0.0,0.0
1983-02-08,0.0,6.5272264906119455,6.472832679748534,6.472832679748535,80100,0.0,0.0
1983-02-09,0.0,6.79919347408829,6.690406322479248,6.690406322479248,201150,0.0,0.0
1983-02-10,0.0,6.853587241738744,6.744800090789795,6.744800090789795,76950,0.0,0.0
1983-02-11,0.0,6.96237425988948,6.907980918884277,6.907980918884277,52650,0.0,0.0
1983-02-14,0.0,6.90798095875646,6.8535871505737305,6.8535871505737305,38250,0.0,0.0
1983-02-15,0.0,6.9623743000756155,6.8535871505737305,6.8535871505737305,98550,0.0,0.0
1983-02-16,0.0,6.96237425988948,6.907980918884277,6.907980918884277,67050,0.0,0.0
1983-02-17,0.0,7.506310076247854,7.397522926330566,7.397522926330566,63900,0.0,0.0
1983-02-18,0.0,7.832671258366755,7.723884105682374,7.723884105682373,108000,0.0,0.0
1983-02-22,0.0,7.506310025829031,7.451916217803954,7.451916217803955,44100,0.0,0.0
1983-02-23,0.0,7.832671258366755,7.723884105682374,7.723884105682373,90000,0.0,0.0
1983-02-24,0.0,8.0502453652792,7.941457748413085,7.941457748413086,97650,0.0,0.0
1983-02-25,0.0,7.941457849996824,7.8326711654663095,7.832671165466309,112500,0.0,0.0
1983-02-28,0.0,7.560702900126962,7.451916217803954,7.451916217803955,70650,0.0,0.0
1983-03-01,0.0,7.560702900126962,7.451916217803954,7.451916217803955,63000,0.0,0.0
1983-03-02,0.0,7.723884210026012,7.615097522735596,7.615097522735596,95400,0.0,0.0
1983-03-03,0.0,7.832671258366755,7.723884105682374,7.723884105682373,50400,0.0,0.0
1983-03-04,0.0,7.832671258366755,7.723884105682374,7.723884105682373,35550,0.0,0.0
1983-03-07,0.0,7.832671258366755,7.723884105682374,7.723884105682373,47700,0.0,0.0
1983-03-08,0.0,7.832671258366755,7.723884105682374,7.723884105682373,42300,0.0,0.0
1983-03-09,0.0,7.832671258366755,7.723884105682374,7.723884105682373,25200,0.0,0.0
1983-03-10,0.0,7.723884210026012,7.615097522735596,7.615097522735596,43650,0.0,0.0
1983-03-11,0.0,7.615097555192124,7.5607032775878915,7.560703277587891,37800,0.0,0.0
1983-03-14,0.0,7.560702900126962,7.451916217803954,7.451916217803955,71550,0.0,0.0
1983-03-15,0.0,7.615097134725509,7.506309986114503,7.506309986114502,96750,0.0,0.0
1983-03-16,0.0,7.506310076247854,7.397522926330566,7.397522926330566,90000,0.0,0.0
1983-03-17,0.0,7.39752296670734,7.343129158020019,7.3431291580200195,38250,0.0,0.0
1983-03-18,0.0,7.451916308531083,7.343129158020019,7.3431291580200195,37800,0.0,0.0
1983-03-21,0.0,7.506310076247854,7.397522926330566,7.397522926330566,32400,0.0,0.0
1983-03-22,0.0,7.560702860124651,7.506309986114503,7.506309986114502,18000,0.0,0.0
1983-03-23,0.0,7.506310025829031,7.451916217803954,7.451916217803955,37350,0.0,0.0
1983-03-24,0.0,7.506310076247854,7.397522926330566,7.397522926330566,22950,0.0,0.0
1983-03-25,0.0,7.506310076247854,7.397522926330566,7.397522926330566,31500,0.0,0.0
1983-03-28,0.0,7.560702950911134,7.397522926330566,7.397522926330566,28350,0.0,0.0
1983-03-29,0.0,7.451916267857422,7.397522926330566,7.397522926330566,170550,0.0,0.0
1983-03-30,0.0,7.723884242946203,7.5607032775878915,7.560703277587891,329400,0.0,0.0
1983-03-31,0.0,7.77827744859277,7.723884105682374,7.723884105682373,118800,0.0,0.0
1983-04-04,0.0,7.887065482847913,7.778277397155762,7.778277397155762,43200,0.0,0.0
1983-04-05,0.0,8.159032397239676,8.104639053344727,8.104639053344727,77400,0.0,0.0
1983-04-06,0.0,8.159032397239676,8.104639053344727,8.104639053344727,21150,0.0,0.0
1983-04-07,0.0,8.159031967088753,8.05024528503418,8.05024528503418,46800,0.0,0.0
1983-04-08,0.0,8.104638626061467,8.05024528503418,8.05024528503418,77850,0.0,0.0
1983-04-11,0.0,8.050245334925178,7.99585199356079,7.995851993560791,83250,0.0,0.0
1983-04-12,0.0,7.669490432205567,7.5607032775878915,7.560703277587891,141300,0.0,0.0
1983-04-13,0.0,7.615097555192124,7.5607032775878915,7.560703277587891,44550,0.0,0.0
1983-04-14,0.0,7.669490432205567,7.5607032775878915,7.560703277587891,18450,0.0,0.0
1983-04-15,0.0,7.887065482847913,7.778277397155762,7.778277397155762,33750,0.0,0.0
1983-04-18,0.0,7.941457849996824,7.8326711654663095,7.832671165466309,8550,0.0,0.0
1983-04-19,0.0,7.887065482847913,7.778277397155762,7.778277397155762,26550,0.0,0.0
1983-04-20,0.0,7.887065482847913,7.778277397155762,7.778277397155762,14400,0.0,0.0
1983-04-21,0.0,7.887065482847913,7.778277397155762,7.778277397155762,9450,0.0,0.0
1983-04-22,0.0,7.941457849996824,7.8326711654663095,7.832671165466309,27000,0.0,0.0
1983-04-25,0.0,7.887065482847913,7.778277397155762,7.778277397155762,81000,0.0,0.0
1983-04-26,0.0,7.887065482847913,7.778277397155762,7.778277397155762,15300,0.0,0.0
1983-04-27,0.0,8.159031967088753,8.05024528503418,8.05024528503418,47250,0.0,0.0
1983-04-28,0.0,8.159031967088753,8.05024528503418,8.05024528503418,22050,0.0,0.0
1983-04-29,0.0,8.648573975436266,8.539787292480469,8.539787292480469,41400,0.0,0.0
1983-05-02,0.0,9.219706828520051,9.138115882873537,9.138115882873535,74400,0.0,1.5
1983-05-03,0.0,9.056525836088053,8.89334487915039,8.89334487915039,43800,0.0,0.0
1983-05-04,0.0,9.13811619882236,9.056526184082031,9.056526184082031,108300,0.0,0.0
1983-05-05,0.0,9.464478151465205,9.301297187805176,9.301297187805176,58800,0.0,0.0
1983-05-06,0.0,10.851512580177216,10.688332557678223,10.688332557678223,50700,0.0,0.0
1983-05-09,0.0,10.688333172026413,10.525152206420898,10.525152206420898,47700,0.0,0.0
1983-05-10,0.0,10.361971218460894,10.280381202697754,10.280381202697754,53700,0.0,0.0
1983-05-11,0.0,10.280380560901474,10.198790550231935,10.198790550231934,41700,0.0,0.0
1983-05-12,0.0,10.280380560901474,10.198790550231935,10.198790550231934,33000,0.0,0.0
1983-05-13,0.0,10.280380560901474,10.198790550231935,10.198790550231934,11100,0.0,0.0
1983-05-16,0.0,10.117199567225125,9.954019546508789,9.954019546508789,53700,0.0,0.0
1983-05-17,0.0,9.464477832540917,9.38288688659668,9.38288688659668,33900,0.0,0.0
1983-05-18,0.0,9.464478151465205,9.301297187805176,9.301297187805176,33900,0.0,0.0
1983-05-19,0.0,9.38288655398907,9.219706535339355,9.219706535339355,36600,0.0,0.0
1983-05-20,0.0,9.301296840439417,9.138115882873537,9.138115882873535,9300,0.0,0.0
1983-05-23,0.0,8.974935824482793,8.89334487915039,8.89334487915039,58200,0.0,0.0
1983-05-24,0.0,9.62765755843672,9.4644775390625,9.4644775390625,42300,0.0,0.0
1983-05-25,0.0,10.117199567225125,9.954019546508789,9.954019546508789,55800,0.0,0.0
1983-05-26,0.0,10.60674187501835,10.361970901489258,10.361970901489258,40800,0.0,0.0
1983-05-27,0.0,10.606741575887705,10.443561553955078,10.443561553955078,36300,0.0,0.0
1983-05-31,0.0,10.933104176085594,10.769923210144045,10.769923210144043,22800,0.0,0.0
1983-06-01,0.0,10.688333172026413,10.525152206420898,10.525152206420898,36000,0.0,0.0
1983-06-02,0.0,10.606742222360058,10.525152206420898,10.525152206420898,14400,0.0,0.0
1983-06-03,0.0,10.769922865938712,10.606741905212402,10.606741905212402,14100,0.0,0.0
1983-06-06,0.0,10.688333172026413,10.525152206420898,10.525152206420898,66300,0.0,0.0
1983-06-07,0.0,10.688333172026413,10.525152206420898,10.525152206420898,6900,0.0,0.0
1983-06-08,0.0,10.688333172026413,10.525152206420898,10.525152206420898,16800,0.0,0.0
1983-06-09,0.0,10.198790844517085,10.117199897766113,10.117199897766113,59100,0.0,0.0
1983-06-10,0.0,10.606742222360058,10.525152206420898,10.525152206420898,28200,0.0,0.0
1983-06-13,0.0,11.014693870105425,10.851512908935547,10.851512908935547,54000,0.0,0.0
1983-06-14,0.0,11.014693572921365,10.933103561401365,10.933103561401367,101700,0.0,0.0
1983-06-15,0.0,11.014693572921365,10.933103561401365,10.933103561401367,46200,0.0,0.0
1983-06-16,0.0,10.769922865938712,10.606741905212402,10.606741905212402,109800,0.0,0.0
1983-06-17,0.0,10.525151564921392,10.443561553955078,10.443561553955078,57000,0.0,0.0
1983-06-20,0.0,10.361971218460894,10.280381202697754,10.280381202697754,74700,0.0,0.0
1983-06-21,0.0,10.361970571571012,10.198790550231935,10.198790550231934,43500,0.0,0.0
1983-06-22,0.0,10.361970571571012,10.198790550231935,10.198790550231934,6900,0.0,0.0
1983-06-23,0.0,10.239585384165409,9.790838911943709,10.117199897766113,165000,0.0,0.0
1983-06-24,0.0,10.198790844517085,10.117199897766113,10.117199897766113,20400,0.0,0.0
1983-06-27,0.0,10.280381155014037,9.790839195251465,9.790839195251465,38700,0.0,0.0
1983-06-28,0.0,9.95402010871811,9.301297187805176,9.301297187805176,69000,0.0,0.0
1983-06-29,0.0,9.872428894042969,9.21970692444276,9.872428894042969,27300,0.0,0.0
1983-06-30,0.0,10.361970571571012,9.872428640099512,10.198790550231934,103800,0.0,0.0
1983-07-01,0.0,10.443561553955078,10.198790587328999,10.443561553955078,161100,0.0,0.0
1983-07-05,0.0,10.525152183714367,10.280381202697754,10.280381202697754,216900,0.0,0.0
1983-07-06,0.0,10.361970901489258,10.198790874954637,10.361970901489258,154800,0.0,0.0
1983-07-07,0.0,10.361970901489258,10.280380888221947,10.361970901489258,37800,0.0,0.0
1983-07-08,0.0,10.361970870564706,10.035609884742302,10.117199897766113,330900,0.0,0.0
1983-07-11,0.0,10.198790812570232,9.790838881274732,9.872428894042969,8700,0.0,0.0
1983-07-12,0.0,9.872429210636165,9.790839195251465,9.790839195251465,32700,0.0,0.0
1983-07-13,0.0,10.117199897766113,9.790838911943709,10.117199897766113,40200,0.0,0.0
1983-07-14,0.0,10.117199897766113,9.954019871718492,10.117199897766113,21000,0.0,0.0
1983-07-15,0.0,10.035609853306601,9.790838881274732,9.872428894042969,26100,0.0,0.0
1983-07-18,0.0,9.790838849046315,9.546067877820157,9.627657890319824,38100,0.0,0.0
1983-07-19,0.0,9.627658206709244,9.54606819152832,9.54606819152832,22500,0.0,0.0
1983-07-20,0.0,9.790839195251465,9.546068215370179,9.790839195251465,27600,0.0,0.0
1983-07-21,0.0,9.790838849046315,9.627657890319824,9.627657890319824,18000,0.0,0.0
1983-07-22,0.0,9.627658206709244,9.54606819152832,9.54606819152832,58200,0.0,0.0
1983-07-25,0.0,9.464477497041045,9.219706535339355,9.219706535339355,50400,0.0,0.0
1983-07-26,0.0,9.464477497041045,9.056525582962523,9.219706535339355,106200,0.0,0.0
1983-07-27,0.0,9.138116143835733,8.566984176635742,8.566984176635742,34800,0.0,0.0
1983-07-28,0.0,8.322212822807801,7.995851846881246,8.159031867980957,145500,0.0,0.0
1983-07-29,0.0,8.240622812257946,8.077441857431102,8.159031867980957,17700,0.0,0.0
1983-08-01,0.0,8.159032182888371,8.077442169189453,8.077442169189453,24600,0.0,0.0
1983-08-02,0.0,8.159031867980957,7.995851846881246,8.159031867980957,186600,0.0,0.0
1983-08-03,0.0,9.219706828520051,8.24062295057906,9.138115882873535,33600,0.0,0.0
1983-08-04,0.0,9.138115771184863,8.403802871704102,8.403802871704102,90000,0.0,0.0
1983-08-05,0.0,8.566983827275537,8.403802871704102,8.403802871704102,80400,0.0,0.0
1983-08-08,0.0,8.566983827275537,8.403802871704102,8.403802871704102,10500,0.0,0.0
1983-08-09,0.0,8.566984148586497,8.322213172912598,8.322213172912598,20700,0.0,0.0
1983-08-10,0.0,8.40380318689484,8.240623158930354,8.322213172912598,14100,0.0,0.0
1983-08-11,0.0,8.485393816353389,8.2406228498598,8.403802871704102,52800,0.0,0.0
1983-08-12,0.0,8.566983827275537,8.403802871704102,8.403802871704102,27600,0.0,0.0
1983-08-15,0.0,8.648573875427246,8.403802907879992,8.648573875427246,17100,0.0,0.0
1983-08-16,0.0,8.648573838197688,8.403802871704102,8.403802871704102,24900,0.0,0.0
1983-08-17,0.0,8.648574512409468,8.485394477844238,8.485394477844238,5700,0.0,0.0
1983-08-18,0.0,8.730164820427758,8.485393852880504,8.648573875427246,29400,0.0,0.0
1983-08-19,0.0,8.893345194860558,8.566984203126694,8.811755180358887,68400,0.0,0.0
1983-08-22,0.0,9.138116172092749,8.811755180358887,8.811755180358887,65400,0.0,0.0
1983-08-23,0.0,8.893345516471827,8.648574530387949,8.730165481567383,15000,0.0,0.0
1983-08-24,0.0,8.89334487915039,8.730164855939874,8.89334487915039,19500,0.0,0.0
1983-08-25,0.0,8.89334487915039,8.811754867545133,8.89334487915039,45000,0.0,0.0
1983-08-26,0.0,8.893345194860558,8.811755180358887,8.811755180358887,18300,0.0,0.0
1983-08-29,0.0,8.893345516471827,8.730165481567383,8.730165481567383,37200,0.0,0.0
1983-08-30,0.0,8.81175483170113,8.648573875427246,8.648573875427246,9900,0.0,0.0
1983-08-31,0.0,8.730164820427758,8.648573875427246,8.648573875427246,30000,0.0,0.0
1983-09-01,0.0,8.730165110278154,8.322213172912598,8.322213172912598,16200,0.0,0.0
1983-09-02,0.0,8.485394477844238,8.3222135095518,8.485394477844238,3300,0.0,0.0
1983-09-06,0.0,8.566984176635742,8.322213200160435,8.566984176635742,25500,0.0,0.0
1983-09-07,0.0,8.730165138861672,8.485394162386365,8.566984176635742,7200,0.0,0.0
1983-09-08,0.0,8.730164820427758,8.566983864153876,8.648573875427246,27600,0.0,0.0
1983-09-09,0.0,8.648574512409468,8.485394477844238,8.485394477844238,13200,0.0,0.0
1983-09-12,0.0,8.648574512409468,8.403803526834414,8.485394477844238,21900,0.0,0.0
1983-09-13,0.0,8.322213283901148,7.914261341094971,7.914261341094971,8700,0.0,0.0
1983-09-14,0.0,8.036646634259782,7.424719201861139,7.587900161743164,429000,0.0,0.0
1983-09-15,0.0,7.751080989837647,7.669490044420302,7.7510809898376465,195900,0.0,0.0
1983-09-16,0.0,7.914261341094971,7.669490362156702,7.914261341094971,53700,0.0,0.0
1983-09-19,0.0,7.995852289892516,7.751081310954247,7.914261341094971,87600,0.0,0.0
1983-09-20,0.0,8.159032017653951,7.91426104778706,7.995851993560791,69000,0.0,0.0
1983-09-21,0.0,8.077442304962878,7.8326713260246095,7.914261341094971,98400,0.0,0.0
1983-09-22,0.0,7.914261178864195,7.8326711654663095,7.832671165466309,18900,0.0,0.0
1983-09-23,0.0,7.914261178864195,7.8326711654663095,7.832671165466309,15900,0.0,0.0
1983-09-26,0.0,7.914261178864195,7.751081152068424,7.832671165466309,66000,0.0,0.0
1983-09-27,0.0,7.669490174820596,7.424719201861139,7.587900161743164,88800,0.0,0.0
1983-09-28,0.0,7.58789999742508,7.424719041076784,7.506309986114502,13500,0.0,0.0
1983-09-29,0.0,7.669490008735657,7.506309986114503,7.506309986114502,10500,0.0,0.0
1983-09-30,0.0,7.669490008735657,7.424719041076784,7.506309986114502,18600,0.0,0.0
1983-10-03,0.0,7.424719306328989,7.179948329925537,7.179948329925537,39300,0.0,0.0
1983-10-04,0.0,7.506310281901501,7.2615393045974,7.424719333648682,114300,0.0,0.0
1983-10-05,0.0,7.710285663604735,7.343129203433081,7.710285663604736,18300,0.0,0.0
1983-10-06,0.0,8.403803157712295,7.669490233240525,8.077442169189453,94500,0.0,0.0
1983-10-07,0.0,8.159032017653951,7.99585199356079,7.995851993560791,69600,0.0,0.0
1983-10-10,0.0,8.077442169189453,7.995852155490535,8.077442169189453,4200,0.0,0.0
1983-10-11,0.0,8.159031867980957,7.995851846881246,8.159031867980957,39000,0.0,0.0
1983-10-12,0.0,8.159032332614395,7.9958523022220485,8.036646842956543,24000,0.0,0.0
1983-10-13,0.0,8.15903232003324,7.914261341094971,7.914261341094971,32400,0.0,0.0
1983-10-14,0.0,8.159032017653951,7.99585199356079,7.995851993560791,2400,0.0,0.0
1983-10-17,0.0,8.159032017653951,7.99585199356079,7.995851993560791,18600,0.0,0.0
1983-10-18,0.0,8.648574132536217,7.914261208064448,8.077442169189453,40200,0.0,0.0
1983-10-19,0.0,7.995852236509704,7.4247193336486825,7.424719333648682,128100,0.0,0.0
1983-10-20,0.0,7.587900161743164,7.424719201861139,7.587900161743164,84300,0.0,0.0
1983-10-21,0.0,7.58789999742508,7.506309986114503,7.506309986114502,8100,0.0,0.0
1983-10-24,0.0,7.506310117218405,7.098358186086018,7.3431291580200195,59700,0.0,0.0
1983-10-25,0.0,7.5063099488345815,7.261538982391357,7.261538982391357,21000,0.0,0.0
1983-10-26,0.0,7.34312899329672,7.179948037758859,7.261538982391357,11400,0.0,0.0
1983-10-27,0.0,7.261538982391357,7.098358026853496,7.261538982391357,30600,0.0,0.0
1983-10-28,0.0,7.261538982391357,7.098358026853496,7.261538982391357,35400,0.0,0.0
1983-10-31,0.0,7.261539277878137,7.0983583157001116,7.179948329925537,37500,0.0,0.0
1983-11-01,0.0,7.139153610518278,6.93517717948277,6.975972652435303,182100,0.0,0.0
1983-11-02,0.0,7.587900161743164,7.016768202746818,7.587900161743164,45600,0.0,0.0
1983-11-03,0.0,7.587900296427143,7.4247193336486825,7.424719333648682,11400,0.0,0.0
1983-11-04,0.0,7.506310281901501,7.343129319123041,7.424719333648682,6000,0.0,0.0
1983-11-07,0.0,7.424719137504921,7.098358154296875,7.098358154296875,15600,0.0,0.0
1983-11-08,0.0,7.261539437281987,7.016768455505371,7.016768455505371,15900,0.0,0.0
1983-11-09,0.0,7.179948487538318,6.935177505761702,7.016768455505371,45300,0.0,0.0
1983-11-10,0.0,7.587900161743164,7.016768202746818,7.587900161743164,41700,0.0,0.0
1983-11-11,0.0,8.077442169189453,7.50631020584269,8.077442169189453,39000,0.0,0.0
1983-11-14,0.0,8.811755180358887,7.995852234160641,8.811755180358887,25500,0.0,0.0
1983-11-15,0.0,8.893345194860558,8.730165165857215,8.811755180358887,51600,0.0,0.0
1983-11-16,0.0,8.893345497984521,8.485394477844238,8.485394477844238,23400,0.0,0.0
1983-11-17,0.0,8.64857416256874,8.322213172912598,8.322213172912598,48600,0.0,0.0
1983-11-18,0.0,8.322213172912598,8.240623158930354,8.322213172912598,8400,0.0,0.0
1983-11-21,0.0,8.322213172912598,8.240623158930354,8.322213172912598,25800,0.0,0.0
1983-11-22,0.0,8.322213172912598,8.240623158930354,8.322213172912598,33600,0.0,0.0
1983-11-23,0.0,8.322213172912598,8.240623158930354,8.322213172912598,98700,0.0,0.0
1983-11-25,0.0,8.322213491224025,8.240623474121094,8.240623474121094,7200,0.0,0.0
1983-11-28,0.0,8.322212822807801,8.159031867980957,8.159031867980957,39000,0.0,0.0
1983-11-29,0.0,8.15903232003324,7.751081310954247,7.914261341094971,60300,0.0,0.0
1983-11-30,0.0,8.077442304962878,7.8326713260246095,7.914261341094971,73200,0.0,0.0
1983-12-01,0.0,7.995852125989246,7.8326711654663095,7.832671165466309,14400,0.0,0.0
1983-12-02,0.0,7.995852125989246,7.8326711654663095,7.832671165466309,7500,0.0,0.0
1983-12-05,0.0,7.914261013218047,7.669490044420302,7.7510809898376465,39300,0.0,0.0
1983-12-06,0.0,7.832671300712395,7.669490337371826,7.669490337371826,10200,0.0,0.0
1983-12-07,0.0,7.751080953773376,7.506309986114503,7.506309986114502,19200,0.0,0.0
1983-12-08,0.0,7.50631025428159,7.0983583157001116,7.179948329925537,213900,0.0,0.0
1983-12-09,0.0,7.4247193336486825,7.179948356344581,7.424719333648682,43200,0.0,0.0
1983-12-12,0.0,7.424719004202083,7.261538982391357,7.261538982391357,125400,0.0,0.0
1983-12-13,0.0,7.4247193336486825,7.2615393045974,7.424719333648682,29400,0.0,0.0
1983-12-14,0.0,7.343129158020019,7.098358186086018,7.3431291580200195,134100,0.0,0.0
1983-12-15,0.0,7.343129292103564,7.016768301474686,7.179948329925537,84600,0.0,0.0
1983-12-16,0.0,7.261539112764474,7.016768141926651,7.098358154296875,40200,0.0,0.0
1983-12-19,0.0,7.261539277878137,7.0983583157001116,7.179948329925537,118500,0.0,0.0
1983-12-20,0.0,7.302333818127264,7.016768301474686,7.179948329925537,30300,0.0,0.0
1983-12-21,0.0,7.261539277878137,7.179948329925537,7.179948329925537,7500,0.0,0.0
1983-12-22,0.0,7.343129141856049,7.1799481830168626,7.220743656158447,30300,0.0,0.0
1983-12-23,0.0,7.179948329925537,7.0983583157001116,7.179948329925537,11400,0.0,0.0
1983-12-27,0.0,7.098358471521845,7.016768455505371,7.016768455505371,4200,0.0,0.0
1983-12-28,0.0,7.098358287737602,6.771997298394355,6.935177326202393,24600,0.0,0.0
1983-12-29,0.0,6.935177483286344,6.771997451782227,6.771997451782227,16500,0.0,0.0
1983-12-30,0.0,7.016768455505371,6.771997473728756,7.016768455505371,27900,0.0,0.0
1984-01-03,0.0,7.016768108258345,6.8127916777207895,6.8535871505737305,285000,0.0,0.0
1984-01-04,0.0,7.098358471521845,6.935177505761702,7.016768455505371,33600,0.0,0.0
1984-01-05,0.0,7.179948487538318,7.016768455505371,7.016768455505371,111600,0.0,0.0
1984-01-06,0.0,7.914261013218047,7.0983580951346115,7.7510809898376465,77400,0.0,0.0
1984-01-09,0.0,7.8326711654663095,7.669490204943373,7.832671165466309,115500,0.0,0.0
1984-01-10,0.0,7.832671300712395,7.587900322565132,7.669490337371826,39300,0.0,0.0
1984-01-11,0.0,7.751080989837647,7.506310021039902,7.7510809898376465,231300,0.0,0.0
1984-01-12,0.0,7.751080989837647,7.587900032730102,7.7510809898376465,17700,0.0,0.0
1984-01-13,0.0,7.751080989837647,7.587900032730102,7.7510809898376465,43500,0.0,0.0
1984-01-16,0.0,7.751080989837647,7.669490044420302,7.7510809898376465,50400,0.0,0.0
1984-01-17,0.0,7.751080989837647,7.669490044420302,7.7510809898376465,25800,0.0,0.0
1984-01-18,0.0,7.751081285905701,7.587900322565132,7.669490337371826,275100,0.0,0.0
1984-01-19,0.0,7.751081121625189,7.587900161743164,7.587900161743164,38100,0.0,0.0
1984-01-20,0.0,7.751081285905701,7.506310307758439,7.669490337371826,21300,0.0,0.0
1984-01-23,0.0,7.587900095972521,7.016768141926651,7.098358154296875,70200,0.0,0.0
1984-01-24,0.0,7.098358154296875,7.016768141926651,7.098358154296875,204000,0.0,0.0
1984-01-25,0.0,7.343129292103564,7.016768301474686,7.179948329925537,52200,0.0,0.0
1984-01-26,0.0,7.38392446561297,7.098358026853496,7.261538982391357,151800,0.0,0.0
1984-01-27,0.0,7.343129292103564,7.0983583157001116,7.179948329925537,9600,0.0,0.0
1984-01-30,0.0,7.179948132215811,6.690406192889116,6.8535871505737305,80700,0.0,0.0
1984-01-31,0.0,6.853587467534285,6.690406502302976,6.771997451782227,222300,0.0,0.0
1984-02-01,0.0,6.7719974281897075,6.445635498864081,6.527226448059082,49500,0.0,0.0
1984-02-02,0.0,6.5272262656712385,6.282455292380157,6.4456353187561035,120900,0.0,0.0
1984-02-03,0.0,6.5272262656712385,6.282455292380157,6.4456353187561035,40800,0.0,0.0
1984-02-06,0.0,6.4456353187561035,6.160069805734616,6.4456353187561035,83700,0.0,0.0
1984-02-07,0.0,6.282455418830512,5.792913462395075,6.037684440612793,123900,0.0,0.0
1984-02-08,0.0,6.119274269745409,5.711322340519998,5.9560933113098145,116100,0.0,0.0
1984-02-09,0.0,5.874503451360598,5.629732474220573,5.792913436889648,44100,0.0,0.0
1984-02-10,0.0,5.956093465831547,5.629732474220573,5.792913436889648,61800,0.0,0.0
1984-02-13,0.0,6.037684257391188,5.7929132866013715,5.9560933113098145,115500,0.0,0.0
1984-02-14,0.0,5.996888784350501,5.7929132866013715,5.9560933113098145,70800,0.0,0.0
1984-02-15,0.0,5.956093311309814,5.8745032989555925,5.9560933113098145,56100,0.0,0.0
1984-02-16,0.0,5.956093465831547,5.792913436889648,5.792913436889648,46500,0.0,0.0
1984-02-17,0.0,6.119274455442973,5.874503477225254,6.037684440612793,114900,0.0,0.0
1984-02-21,0.0,6.119274269745409,5.8745032989555925,5.9560933113098145,49800,0.0,0.0
1984-02-22,0.0,6.037684440612794,5.874503477225254,6.037684440612793,87000,0.0,0.0
1984-02-23,0.0,6.037684257391188,5.7929132866013715,5.9560933113098145,6000,0.0,0.0
1984-02-24,0.0,6.4456353187561035,5.792913345797993,6.4456353187561035,84000,0.0,0.0
1984-02-27,0.0,6.690406322479248,6.364045334515703,6.690406322479248,42900,0.0,0.0
1984-02-28,0.0,6.690406453870208,6.200864495447335,6.2824554443359375,17700,0.0,0.0
1984-02-29,0.0,6.935177162552463,6.200864253562421,6.8535871505737305,50400,0.0,0.0
1984-03-01,0.0,6.771997103694216,6.445635190006955,6.608816146850586,21600,0.0,0.0
1984-03-02,0.0,7.016768108258345,6.608816180910383,6.8535871505737305,160800,0.0,0.0
1984-03-05,0.0,7.016768108258345,6.8535871505737305,6.8535871505737305,9000,0.0,0.0
1984-03-06,0.0,7.016768108258345,6.8535871505737305,6.8535871505737305,14100,0.0,0.0
1984-03-07,0.0,6.935177459125332,6.527226448059082,6.527226448059082,30300,0.0,0.0
1984-03-08,0.0,6.608816463526894,6.445635498864081,6.527226448059082,10200,0.0,0.0
1984-03-09,0.0,6.5272262656712385,6.4456353187561035,6.4456353187561035,18600,0.0,0.0
1984-03-12,0.0,6.5272260990653965,6.364045143127442,6.364045143127441,7800,0.0,0.0
1984-03-13,0.0,6.5272262656712385,6.36404530556813,6.4456353187561035,48300,0.0,0.0
1984-03-14,0.0,6.690406322479248,6.445635348074798,6.690406322479248,30900,0.0,0.0
1984-03-15,0.0,6.935177326202393,6.608816336859146,6.935177326202393,101700,0.0,0.0
1984-03-16,0.0,7.669490337371826,6.853587388123345,7.669490337371826,275100,0.0,0.0
1984-03-19,0.0,7.669490008735657,7.098358062107333,7.506309986114502,174000,0.0,0.0
1984-03-20,0.0,7.669490174820596,7.424719201861139,7.587900161743164,207900,0.0,0.0
1984-03-21,0.0,7.587900161743164,7.424719201861139,7.587900161743164,28500,0.0,0.0
1984-03-22,0.0,7.669490310952783,7.4247193336486825,7.424719333648682,87300,0.0,0.0
1984-03-23,0.0,7.587900296427143,7.4247193336486825,7.424719333648682,30600,0.0,0.0
1984-03-26,0.0,7.58789999742508,7.343129029766207,7.506309986114502,64800,0.0,0.0
1984-03-27,0.0,7.914261178864195,7.506310178147602,7.832671165466309,369300,0.0,0.0
1984-03-28,0.0,8.648573838197688,7.914260938716928,8.403802871704102,69600,0.0,0.0
1984-03-29,0.0,8.40380318689484,8.322213172912598,8.322213172912598,39600,0.0,0.0
1984-03-30,0.0,8.40380318689484,8.322213172912598,8.322213172912598,22500,0.0,0.0
1984-04-02,0.0,8.403802833357657,8.159031867980957,8.159031867980957,29100,0.0,0.0
1984-04-03,0.0,8.240622927433138,7.669490044420302,7.7510809898376465,66900,0.0,0.0
1984-04-04,0.0,7.751080989837647,7.587900032730102,7.7510809898376465,111900,0.0,0.0
1984-04-05,0.0,7.995852125989246,7.669490204943373,7.832671165466309,98700,0.0,0.0
1984-04-06,0.0,7.669490008735657,7.506309986114503,7.506309986114502,17100,0.0,0.0
1984-04-09,0.0,7.587900268507016,6.935177353522085,7.179948329925537,74700,0.0,0.0
1984-04-10,0.0,7.669490337371826,7.098358366270608,7.669490337371826,45900,0.0,0.0
1984-04-11,0.0,7.914261178864195,7.8326711654663095,7.832671165466309,61200,0.0,0.0
1984-04-12,0.0,8.159031867980957,7.914260902604258,8.159031867980957,60000,0.0,0.0
1984-04-13,0.0,8.322213144013377,7.995852155490535,8.077442169189453,166200,0.0,0.0
1984-04-16,0.0,8.15903232003324,7.751081310954247,7.914261341094971,601200,0.0,0.0
1984-04-17,0.0,8.240623130314457,7.995852155490535,8.077442169189453,105900,0.0,0.0
1984-04-18,0.0,8.159031867980957,8.077441857431102,8.159031867980957,12300,0.0,0.0
1984-04-19,0.0,8.240623474121094,7.9958524890850935,8.240623474121094,22800,0.0,0.0
1984-04-23,0.0,8.322213491224025,8.159032523290955,8.240623474121094,25200,0.0,0.0
1984-04-24,0.0,8.32221295758132,7.7510810070289065,7.873466491699219,75300,0.0,0.0
1984-04-25,0.0,7.995852125989246,7.751081152068424,7.832671165466309,53100,0.0,0.0
1984-04-26,0.0,8.07744200560737,7.91426104778706,7.995851993560791,42000,0.0,0.0
1984-04-27,0.0,8.159032017653951,7.99585199356079,7.995851993560791,91800,0.0,0.0
1984-04-30,0.0,8.159031867980957,7.995851846881246,8.159031867980957,7800,0.0,0.0
1984-05-01,0.0,8.322213172912598,8.077442197238698,8.322213172912598,50700,0.0,0.0
1984-05-02,0.0,8.730164820427758,8.159031940332738,8.648573875427246,606900,0.0,0.0
1984-05-03,0.0,8.811755499019606,8.648574530387949,8.730165481567383,42600,0.0,0.0
1984-05-04,0.0,8.811755153111049,8.485394162386365,8.566984176635742,45000,0.0,0.0
1984-05-07,0.0,8.81175483170113,8.485393852880504,8.648573875427246,229500,0.0,0.0
1984-05-08,0.0,8.811755180358887,8.648574217628365,8.811755180358887,68700,0.0,0.0
1984-05-09,0.0,8.81175483170113,8.566983864153876,8.648573875427246,35400,0.0,0.0
1984-05-10,0.0,8.648573875427246,8.403802907879992,8.648573875427246,61200,0.0,0.0
1984-05-11,0.0,8.64857419088512,8.403803214409812,8.566984176635742,312900,0.0,0.0
1984-05-14,0.0,8.566983827275537,8.403802871704102,8.403802871704102,27600,0.0,0.0
1984-05-15,0.0,8.566984495126853,8.403803526834414,8.485394477844238,22800,0.0,0.0
1984-05-16,0.0,8.566984495126853,8.403803526834414,8.485394477844238,90300,0.0,0.0
1984-05-17,0.0,8.526188826716794,8.240623305824961,8.281417846679688,67500,0.0,0.0
1984-05-18,0.0,8.322213491224025,8.159032523290955,8.240623474121094,134700,0.0,0.0
1984-05-21,0.0,8.159031982015792,7.751080989837647,7.7510809898376465,46200,0.0,0.0
1984-05-22,0.0,7.832671001527848,7.669490044420302,7.7510809898376465,40500,0.0,0.0
1984-05-23,0.0,7.914261341094971,7.751081310954247,7.914261341094971,47100,0.0,0.0
1984-05-24,0.0,7.914261288256885,7.4247193336486825,7.424719333648682,84000,0.0,0.0
1984-05-25,0.0,7.58789999742508,7.261539018455629,7.506309986114502,92400,0.0,0.0
1984-05-29,0.0,7.424719170755633,7.1799481988216325,7.3431291580200195,61200,0.0,0.0
1984-05-30,0.0,7.587900161743164,7.016768202746818,7.587900161743164,110400,0.0,0.0
1984-05-31,0.0,7.832671001527848,7.506310021039902,7.7510809898376465,9900,0.0,0.0
1984-06-01,0.0,8.159032017653951,7.7510810236939,7.995851993560791,27900,0.0,0.0
1984-06-04,0.0,8.159032332614395,7.9958523022220485,8.036646842956543,34500,0.0,0.0
1984-06-05,0.0,7.995852140966823,7.914261193688938,7.955056667327881,4800,0.0,0.0
1984-06-06,0.0,8.077442169189453,7.83267119436553,8.077442169189453,5700,0.0,0.0
1984-06-07,0.0,8.077442169189453,7.914261208064448,8.077442169189453,10500,0.0,0.0
1984-06-08,0.0,8.07744200560737,7.91426104778706,7.995851993560791,17700,0.0,0.0
1984-06-11,0.0,8.077442304962878,7.914261341094971,7.914261341094971,1800,0.0,0.0
1984-06-12,0.0,7.8326711654663095,7.8326711654663095,7.832671165466309,15300,0.0,0.0
1984-06-13,0.0,7.832671300712395,7.669490337371826,7.669490337371826,14100,0.0,0.0
1984-06-14,0.0,7.751081285905701,7.587900322565132,7.669490337371826,33900,0.0,0.0
1984-06-15,0.0,7.751081285905701,7.669490337371826,7.669490337371826,11400,0.0,0.0
1984-06-18,0.0,7.832671001527848,7.669490044420302,7.7510809898376465,29700,0.0,0.0
1984-06-19,0.0,8.159032182888371,7.669490233240525,8.077442169189453,175500,0.0,0.0
1984-06-20,0.0,8.403802871704102,7.995851883366215,8.403802871704102,119700,0.0,0.0
1984-06-21,0.0,8.566984176635742,8.322213200160435,8.566984176635742,34200,0.0,0.0
1984-06-22,0.0,9.138116520515684,8.48539451216063,8.974936485290527,56100,0.0,0.0
1984-06-25,0.0,9.219706535339355,8.974935573637666,9.219706535339355,66600,0.0,0.0
1984-06-26,0.0,9.219706755522266,8.648573875427246,8.648573875427246,40800,0.0,0.0
1984-06-27,0.0,8.566984476260027,8.240623474121094,8.240623474121094,27300,0.0,0.0
1984-06-28,0.0,8.893345516471827,8.159032558220193,8.730165481567383,241800,0.0,0.0
1984-06-29,0.0,8.730164820427758,8.566983864153876,8.648573875427246,35100,0.0,0.0
1984-07-02,0.0,8.648574493362958,8.240623474121094,8.240623474121094,53100,0.0,0.0
1984-07-03,0.0,9.056526157591078,8.566984203126694,8.811755180358887,138300,0.0,0.0
1984-07-05,0.0,8.8933448429745,8.648573875427246,8.648573875427246,24600,0.0,0.0
1984-07-06,0.0,8.730165481567383,8.607779988525444,8.730165481567383,9600,0.0,0.0
1984-07-09,0.0,8.730164820427758,8.566983864153876,8.648573875427246,84600,0.0,0.0
1984-07-10,0.0,8.730165138861672,8.566984176635742,8.566984176635742,103500,0.0,0.0
1984-07-11,0.0,8.648573875427246,8.566983864153876,8.648573875427246,12600,0.0,0.0
1984-07-12,0.0,8.566983827275537,8.403802871704102,8.403802871704102,219300,0.0,0.0
1984-07-13,0.0,8.485394134604254,8.322213172912598,8.322213172912598,6600,0.0,0.0
1984-07-16,0.0,8.40380318689484,8.199827685075647,8.322213172912598,50100,0.0,0.0
1984-07-17,0.0,8.322213491224025,8.159032523290955,8.240623474121094,66000,0.0,0.0
1984-07-18,0.0,8.240622812257946,8.077441857431102,8.159031867980957,132900,0.0,0.0
1984-07-19,0.0,8.240623130314457,8.077442169189453,8.077442169189453,261300,0.0,0.0
1984-07-20,0.0,8.240623130314457,8.077442169189453,8.077442169189453,57000,0.0,0.0
1984-07-23,0.0,8.077442304962878,7.669490362156702,7.914261341094971,163200,0.0,0.0
1984-07-24,0.0,7.914261013218047,7.751080989837647,7.7510809898376465,9600,0.0,0.0
1984-07-25,0.0,7.914261013218047,7.751080989837647,7.7510809898376465,121500,0.0,0.0
1984-07-26,0.0,8.566983827275537,7.832670927794778,8.403802871704102,153000,0.0,0.0
1984-07-27,0.0,8.730165463419292,8.485394477844238,8.485394477844238,75300,0.0,0.0
1984-07-30,0.0,8.566984476260027,8.240623474121094,8.240623474121094,31200,0.0,0.0
1984-07-31,0.0,8.403803508326957,8.240623474121094,8.240623474121094,65700,0.0,0.0
1984-08-01,0.0,8.730165138861672,8.240623185911058,8.566984176635742,67200,0.0,0.0
1984-08-02,0.0,9.219706535339355,8.730164611935976,9.219706535339355,257700,0.0,0.0
1984-08-03,0.0,9.4644775390625,9.138115632859817,9.4644775390625,306000,0.0,0.0
1984-08-06,0.0,9.954019840538363,9.464477896474627,9.872428894042969,493200,0.0,0.0
1984-08-07,0.0,10.035610175132751,9.790839195251465,9.790839195251465,345900,0.0,0.0
1984-08-08,0.0,10.035609853306601,9.83163435452243,9.872428894042969,232800,0.0,0.0
1984-08-09,0.0,10.769923210144045,9.831634756866318,10.769923210144043,208200,0.0,0.0
1984-08-10,0.0,11.09628346877826,10.117199605835262,10.198790550231934,229500,0.0,0.0
1984-08-13,0.0,10.198790511310422,9.872428602423492,9.954019546508789,107400,0.0,0.0
1984-08-14,0.0,10.035609853306601,9.872428894042969,9.872428894042969,27600,0.0,0.0
1984-08-15,0.0,9.994814700576807,9.790839195251465,9.790839195251465,49500,0.0,0.0
1984-08-16,0.0,10.443561553955078,9.790838665043156,10.443561553955078,125700,0.0,0.0
1984-08-17,0.0,10.606742222360058,10.44356219048174,10.525152206420898,40500,0.0,0.0
1984-08-20,0.0,10.68833285243914,10.525151891712833,10.606741905212402,126900,0.0,0.0
1984-08-21,0.0,11.259464844996657,10.525151920322962,10.851512908935547,157500,0.0,0.0
1984-08-22,0.0,11.259465196397569,10.851513247604533,11.014694213867188,231300,0.0,0.0
1984-08-23,0.0,11.912187872072016,11.014693977479446,11.830596923828125,355500,0.0,0.0
1984-08-24,0.0,11.749006854517184,11.341054916381836,11.341054916381836,516600,0.0,0.0
1984-08-27,0.0,11.504235580873884,11.422645568847656,11.422645568847656,11400,0.0,0.0
1984-08-28,0.0,11.74900658483421,11.422645602053421,11.6674165725708,112500,0.0,0.0
1984-08-29,0.0,11.912187723674768,11.667416749446705,11.871392250061035,186300,0.0,0.0
1984-08-30,0.0,11.830596281448834,11.667416261275775,11.749006271362305,465000,0.0,0.0
1984-08-31,0.0,11.830596923828125,11.74900690931141,11.830596923828125,116400,0.0,0.0
1984-09-04,0.0,11.830596868653386,11.341054916381836,11.341054916381836,67800,0.0,0.0
1984-09-05,0.0,11.341054888185921,11.014693898725339,11.096283912658691,107100,0.0,0.0
1984-09-06,0.0,11.177874860319216,11.014693898725339,11.096283912658691,81600,0.0,0.0
1984-09-07,0.0,11.177874860319216,11.096283912658691,11.096283912658691,106500,0.0,0.0
1984-09-10,0.0,11.177874565124513,11.014693607840055,11.177874565124512,16500,0.0,0.0
1984-09-11,0.0,11.830596281448834,11.177874333302347,11.749006271362305,229500,0.0,0.0
1984-09-12,0.0,11.749007204745677,11.422646204745142,11.504236221313477,76500,0.0,0.0
1984-09-13,0.0,11.58582592010498,11.504235905774504,11.58582592010498,30900,0.0,0.0
1984-09-14,0.0,11.830597068715758,11.504236072924824,11.545031547546387,289200,0.0,0.0
1984-09-17,0.0,11.545031675655675,11.177875201169034,11.259465217590332,28500,0.0,0.0
1984-09-18,0.0,11.341054888185921,11.096283912658691,11.096283912658691,91500,0.0,0.0
1984-09-19,0.0,11.177874831275302,10.851512908935547,10.851512908935547,96600,0.0,0.0
1984-09-20,0.0,10.851512879438284,10.525151891712833,10.606741905212402,85200,0.0,0.0
1984-09-21,0.0,10.851513226251221,10.525152228095315,10.769923210144043,66000,0.0,0.0
1984-09-24,0.0,10.851512879438284,10.606741905212402,10.606741905212402,83100,0.0,0.0
1984-09-25,0.0,10.688332481703434,9.872428640099512,10.198790550231934,122400,0.0,0.0
1984-09-26,0.0,11.014694213867188,10.198791250008314,11.014694213867188,72900,0.0,0.0
1984-09-27,0.0,11.014693870105425,10.769922895214194,10.851512908935547,133200,0.0,0.0
1984-09-28,0.0,11.014694213867188,10.769923231336806,11.014694213867188,106200,0.0,0.0
1984-10-01,0.0,11.014694192192772,10.64753771911968,10.769923210144043,25400,0.0,1.5
1984-10-02,0.0,10.769922716864224,10.280380775188577,10.647537231445312,104600,0.0,0.0
1984-10-03,0.0,10.647537086583393,9.42368224904507,9.668453216552734,31800,0.0,0.0
1984-10-04,0.0,10.280381202697754,9.913224731172834,10.280381202697754,99200,0.0,0.0
1984-10-05,0.0,10.402766227722168,10.157995257658117,10.402766227722168,18600,0.0,0.0
1984-10-08,0.0,10.40276669320606,10.157995712189447,10.280381202697754,13400,0.0,0.0
1984-10-09,0.0,10.280381202697754,10.157995712189447,10.280381202697754,10200,0.0,0.0
1984-10-10,0.0,10.40276669320606,9.913224731172834,10.280381202697754,61600,0.0,0.0
1984-10-11,0.0,10.892308701168409,10.525152228095315,10.769923210144043,92400,0.0,0.0
1984-10-12,0.0,11.014694192192772,10.769923210144045,10.769923210144043,66200,0.0,0.0
1984-10-15,0.0,11.014693687702048,10.402766260607489,10.647537231445312,88600,0.0,0.0
1984-10-16,0.0,10.892308202283136,10.647537231445312,10.647537231445312,17600,0.0,0.0
1984-10-17,0.0,10.769923210144045,10.525152228095315,10.769923210144043,23000,0.0,0.0
1984-10-18,0.0,10.769923210144045,10.64753771911968,10.769923210144043,99400,0.0,0.0
1984-10-19,0.0,11.014694192192772,10.525152228095315,10.769923210144043,243200,0.0,0.0
1984-10-22,0.0,11.137079206745275,10.892308235168457,10.892308235168457,43800,0.0,0.0
1984-10-23,0.0,11.014694192192772,10.769923210144045,10.769923210144043,17000,0.0,0.0
1984-10-24,0.0,10.892308678737907,10.402766715648562,10.525152206420898,58000,0.0,0.0
1984-10-25,0.0,10.64753719778622,10.280380742690143,10.402766227722168,76200,0.0,0.0
1984-10-26,0.0,10.40276669320606,10.03561022168114,10.280381202697754,33000,0.0,0.0
1984-10-29,0.0,10.280381202697754,10.03561022168114,10.280381202697754,26800,0.0,0.0
1984-10-30,0.0,10.40276669320606,10.03561022168114,10.280381202697754,76800,0.0,0.0
1984-10-31,0.0,10.40276595932281,10.157994995574038,10.21918773651123,22600,0.0,0.0
1984-11-01,0.0,10.280381179437406,9.913224708743213,10.03561019897461,32200,0.0,0.0
1984-11-02,0.0,10.157995665073395,9.790839195251465,9.790839195251465,26600,0.0,0.0
1984-11-05,0.0,10.035610175132751,9.790839195251465,9.790839195251465,22000,0.0,0.0
1984-11-06,0.0,9.913224220275879,9.546067767673069,9.913224220275879,132000,0.0,0.0
1984-11-07,0.0,10.280381179437406,9.852031963627514,10.03561019897461,94200,0.0,0.0
1984-11-08,0.0,10.157995689206007,9.913224708743213,10.03561019897461,27200,0.0,0.0
1984-11-09,0.0,10.525152183714367,10.157995712189447,10.280381202697754,42000,0.0,0.0
1984-11-12,0.0,10.769923210144045,10.463959482583133,10.769923210144043,46600,0.0,0.0
1984-11-13,0.0,11.014694192192772,10.769923210144045,10.769923210144043,67000,0.0,0.0
1984-11-14,0.0,10.647537231445312,10.402766260607489,10.647537231445312,15200,0.0,0.0
1984-11-15,0.0,10.64753719778622,10.402766227722168,10.402766227722168,11600,0.0,0.0
1984-11-16,0.0,10.525152134895324,9.66845370531082,9.790839195251465,68600,0.0,0.0
1984-11-19,0.0,9.790838662680093,9.30129672954609,9.42368221282959,66200,0.0,0.0
1984-11-20,0.0,9.668453216552734,9.301296765291239,9.668453216552734,49800,0.0,0.0
1984-11-21,0.0,9.668453216552734,9.546067732798903,9.668453216552734,32600,0.0,0.0
1984-11-23,0.0,10.035609704476816,9.546067767673069,9.913224220275879,139800,0.0,0.0
1984-11-26,0.0,10.280381202697754,10.03561022168114,10.280381202697754,14800,0.0,0.0
1984-11-27,0.0,10.525152206420898,10.035610243331556,10.525152206420898,34000,0.0,0.0
1984-11-28,0.0,10.647537674222674,10.280381202697754,10.280381202697754,39000,0.0,0.0
1984-11-29,0.0,10.280381179437406,9.913224708743213,10.03561019897461,13600,0.0,0.0
1984-11-30,0.0,10.035609667814231,9.42368224904507,9.668453216552734,59000,0.0,0.0
1984-12-03,0.0,9.668453655744855,9.17891169849195,9.301297187805176,67400,0.0,0.0
1984-12-04,0.0,9.423682913874948,9.178911929098977,9.240104675292969,39400,0.0,0.0
1984-12-05,0.0,9.301297075608197,8.322213172912598,8.322213172912598,107000,0.0,0.0
1984-12-06,0.0,8.689369664873396,8.322213200160435,8.566984176635742,175800,0.0,0.0
1984-12-07,0.0,8.566984148586497,7.955056709401748,8.322213172912598,131800,0.0,0.0
1984-12-10,0.0,8.322213172912598,8.077442197238698,8.322213172912598,57800,0.0,0.0
1984-12-11,0.0,8.811754683373678,8.199827274806061,8.689369201660156,91800,0.0,0.0
1984-12-12,0.0,9.423682677118402,8.689369741239046,9.301297187805176,33800,0.0,0.0
1984-12-13,0.0,9.301297187805176,9.056526209178724,9.301297187805176,49600,0.0,0.0
1984-12-14,0.0,9.790839145058081,9.056526209178724,9.301297187805176,201600,0.0,0.0
1984-12-17,0.0,9.546067696113091,9.178911246262588,9.42368221282959,29400,0.0,0.0
1984-12-18,0.0,9.668453179396593,9.30129672954609,9.42368221282959,126800,0.0,0.0
1984-12-19,0.0,9.546068166431628,9.301297187805176,9.301297187805176,147400,0.0,0.0
1984-12-20,0.0,9.546067696113091,9.30129672954609,9.42368221282959,129400,0.0,0.0
1984-12-21,0.0,9.423682174682618,9.05652572631836,9.178911209106445,75600,0.0,0.0
1984-12-24,0.0,9.178911209106445,9.05652572631836,9.178911209106445,174400,0.0,0.0
1984-12-26,0.0,9.178911209106445,9.05652572631836,9.178911209106445,121400,0.0,0.0
1984-12-27,0.0,9.178911169914349,8.811754723117776,8.9341402053833,30400,0.0,0.0
1984-12-28,0.0,8.934140668974981,8.68936969174279,8.811755180358887,33200,0.0,0.0
1984-12-31,0.0,9.056526184082031,8.689369717159787,9.056526184082031,206000,0.0,0.0
1985-01-02,0.0,9.178911169914349,8.689369240852251,8.9341402053833,64200,0.0,0.0
1985-01-03,0.0,8.9341402053833,8.444598276321202,8.9341402053833,105400,0.0,0.0
1985-01-04,0.0,9.178911209106445,8.811754760742188,9.178911209106445,216400,0.0,0.0
1985-01-07,0.0,9.423682174682618,9.05652572631836,9.178911209106445,102400,0.0,0.0
1985-01-08,0.0,9.301297187805176,9.17891169849195,9.301297187805176,97400,0.0,0.0
1985-01-09,0.0,9.301297187805176,9.056526209178724,9.301297187805176,116800,0.0,0.0
1985-01-10,0.0,9.668453447378365,9.178911500675664,9.607260704040527,140800,0.0,0.0
1985-01-11,0.0,10.280381202697754,9.668453750156221,10.280381202697754,216400,0.0,0.0
1985-01-14,0.0,10.892308701168409,10.280381246046588,10.769923210144043,208800,0.0,0.0
1985-01-15,0.0,11.259464725033267,10.953501009679101,11.137079238891602,318600,0.0,0.0
1985-01-16,0.0,11.137079470724032,11.014693982034757,11.075886726379395,122400,0.0,0.0
1985-01-17,0.0,11.137079206745275,10.892308235168457,10.892308235168457,143600,0.0,0.0
1985-01-18,0.0,11.137079206745275,10.708730006485842,10.892308235168457,115200,0.0,0.0
1985-01-21,0.0,11.014693720956865,10.769922749380047,10.892308235168457,221000,0.0,0.0
1985-01-22,0.0,11.014693955243645,10.769922978460453,10.83111572265625,109000,0.0,0.0
1985-01-23,0.0,11.259464725033267,10.769922780466603,11.137079238891602,350600,0.0,0.0
1985-01-24,0.0,11.504235729094475,11.198272012895153,11.381850242614746,192600,0.0,0.0
1985-01-25,0.0,11.38185070908588,11.259465217590332,11.259465217590332,55400,0.0,0.0
1985-01-28,0.0,11.626621713029577,11.259465237881274,11.504236221313477,61200,0.0,0.0
1985-01-29,0.0,11.871392250061035,11.38185030160491,11.871392250061035,58200,0.0,0.0
1985-01-30,0.0,12.36093376159668,11.871391830444336,12.238548278808594,171400,0.0,0.0
1985-01-31,0.0,12.23854874119614,11.871392278960258,12.11616325378418,109800,0.0,0.0
1985-02-01,0.0,11.993777275085447,11.749006310287786,11.99377727508545,98600,0.0,0.0
1985-02-04,0.0,12.238548508840589,11.87139205357537,12.177355766296387,108400,0.0,0.0
1985-02-05,0.0,12.605704765693813,12.116162833045511,12.483319282531738,314200,0.0,0.0
1985-02-06,0.0,13.095246773845744,12.36093387063944,12.972861289978027,172200,0.0,0.0
1985-02-07,0.0,13.095247268676756,12.728090803199837,13.095247268676758,561200,0.0,0.0
1985-02-08,0.0,13.09524724142892,12.850476264953613,12.850476264953613,42600,0.0,0.0
1985-02-11,0.0,12.972861695997786,12.238548769809231,12.360934257507324,164600,0.0,0.0
1985-02-12,0.0,12.483319745205417,12.177356025960187,12.360934257507324,85600,0.0,0.0
1985-02-13,0.0,12.360934228608103,11.993777766372219,12.11616325378418,115800,0.0,0.0
1985-02-14,0.0,12.116162757484279,11.871391792686618,11.99377727508545,77000,0.0,0.0
1985-02-15,0.0,11.99377723534902,11.749006271362305,11.749006271362305,28600,0.0,0.0
1985-02-19,0.0,11.871391753355661,11.626620789368948,11.749006271362305,52800,0.0,0.0
1985-02-20,0.0,12.116162757484279,11.749006310287786,11.99377727508545,38800,0.0,0.0
1985-02-21,0.0,12.23854823988311,11.871391792686618,11.99377727508545,28400,0.0,0.0
1985-02-22,0.0,12.116162757484279,11.871391792686618,11.99377727508545,39000,0.0,0.0
1985-02-25,0.0,12.23854823988311,11.993777275085447,11.99377727508545,46600,0.0,0.0
1985-02-26,0.0,12.11616325378418,11.993777766372219,12.11616325378418,50200,0.0,0.0
1985-02-27,0.0,12.11616325378418,11.993777766372219,12.11616325378418,22600,0.0,0.0
1985-02-28,12.11616325378418,12.11616325378418,12.11616325378418,12.11616325378418,0,0.0,0.0
1985-03-01,0.0,12.605705261230469,12.116163309338022,12.605705261230469,122800,0.0,0.0
1985-03-04,0.0,12.728090720601601,12.360934257507324,12.360934257507324,62600,0.0,0.0
1985-03-05,0.0,12.605704765693813,12.360933799369663,12.483319282531738,11400,0.0,0.0
1985-03-06,0.0,12.483319745205417,12.360934257507324,12.360934257507324,97200,0.0,0.0
1985-03-07,0.0,12.48331968563119,11.626621275832973,11.871392250061035,176000,0.0,0.0
1985-03-08,0.0,11.749007204745677,11.259465237881274,11.504236221313477,126000,0.0,0.0
1985-03-11,0.0,11.381850665265866,9.913224772973495,10.769923210144043,181600,0.0,0.0
1985-03-12,0.0,10.892308678737907,10.525152206420898,10.525152206420898,76000,0.0,0.0
1985-03-13,0.0,10.647537125481499,9.546067767673069,9.913224220275879,120600,0.0,0.0
1985-03-14,0.0,9.790839170798277,9.423682701893341,9.54606819152832,122000,0.0,0.0
1985-03-15,0.0,9.790839170798277,9.301297212258362,9.54606819152832,273800,0.0,0.0
1985-03-18,0.0,9.913224220275879,9.546067767673069,9.913224220275879,57000,0.0,0.0
1985-03-19,0.0,10.402766227722168,9.668453317530016,10.402766227722168,128000,0.0,0.0
1985-03-20,0.0,10.64753719778622,10.402766227722168,10.402766227722168,67600,0.0,0.0
1985-03-21,0.0,10.647537231445312,10.402766260607489,10.647537231445312,28600,0.0,0.0
1985-03-22,0.0,10.647537231445312,10.5251517460264,10.647537231445312,33400,0.0,0.0
1985-03-25,0.0,10.647537598243126,9.423682701893341,9.54606819152832,92400,0.0,0.0
1985-03-26,0.0,9.668453216552734,9.178911281537406,9.668453216552734,142200,0.0,0.0
1985-03-27,0.0,9.423682091941295,8.322212756519585,8.689369201660156,818400,0.0,0.0
1985-03-28,0.0,8.811755180358887,8.68936969174279,8.811755180358887,155000,0.0,0.0
1985-03-29,0.0,9.056526157591078,8.68936969174279,8.811755180358887,228000,0.0,0.0
1985-04-01,0.0,8.9341402053833,8.689369240852251,8.9341402053833,281200,0.0,0.0
1985-04-02,0.0,8.9341402053833,8.811754723117776,8.9341402053833,33200,0.0,0.0
1985-04-03,0.0,8.934140165087202,8.566983719946633,8.689369201660156,220600,0.0,0.0
1985-04-04,0.0,8.934140641348703,8.566984176635742,8.566984176635742,45400,0.0,0.0
1985-04-08,0.0,8.811754641325578,8.444598197937012,8.444598197937012,208800,0.0,0.0
1985-04-09,0.0,8.566983679066533,8.32221271680749,8.444598197937012,51800,0.0,0.0
1985-04-10,0.0,8.566983679066533,8.32221271680749,8.444598197937012,116600,0.0,0.0
1985-04-11,0.0,8.811755180358887,8.4445987145106,8.811755180358887,434400,0.0,0.0
1985-04-12,0.0,8.9341402053833,8.444598276321202,8.9341402053833,198000,0.0,0.0
1985-04-15,0.0,8.9341402053833,8.811754723117776,8.9341402053833,107000,0.0,0.0
1985-04-16,0.0,10.157995223999023,8.872947635420834,10.157995223999023,278000,0.0,0.0
1985-04-17,0.0,10.402766669668804,9.790839218511815,10.03561019897461,147600,0.0,0.0
1985-04-18,0.0,10.157995151568063,9.668453216552734,9.668453216552734,39800,0.0,0.0
1985-04-19,0.0,9.913224660433254,9.54606819152832,9.54606819152832,48600,0.0,0.0
1985-04-22,0.0,9.790838662680093,9.42368221282959,9.42368221282959,119000,0.0,0.0
1985-04-23,0.0,9.790839195251465,9.423682725429535,9.790839195251465,97400,0.0,0.0
1985-04-24,0.0,9.913224685192107,9.66845370531082,9.790839195251465,77600,0.0,0.0
1985-04-25,0.0,10.035610198974611,9.668453728280417,10.03561019897461,176000,0.0,0.0
1985-04-26,0.0,10.035610175132751,9.790839195251465,9.790839195251465,64600,0.0,0.0
1985-04-29,0.0,9.913224685192107,9.66845370531082,9.790839195251465,123400,0.0,0.0
1985-04-30,0.0,9.790839195251465,9.66845370531082,9.790839195251465,25200,0.0,0.0
1985-05-01,0.0,9.790839195251465,9.66845370531082,9.790839195251465,42600,0.0,0.0
1985-05-02,0.0,9.668453681163298,9.48487544671083,9.54606819152832,185000,0.0,0.0
1985-05-03,0.0,9.668453681163298,9.423682701893341,9.54606819152832,89200,0.0,0.0
1985-05-06,0.0,9.668453681163298,9.423682701893341,9.54606819152832,14600,0.0,0.0
1985-05-07,0.0,9.54606819152832,9.301297212258362,9.54606819152832,60200,0.0,0.0
1985-05-08,0.0,9.546068166431628,9.056526209178724,9.301297187805176,42400,0.0,0.0
1985-05-09,0.0,9.178911646207172,8.811755180358887,8.811755180358887,131800,0.0,0.0
1985-05-10,0.0,9.42368221282959,8.811754796412085,9.42368221282959,96800,0.0,0.0
1985-05-13,0.0,9.42368221282959,9.30129672954609,9.42368221282959,29200,0.0,0.0
1985-05-14,0.0,9.668453216552734,9.301296765291239,9.668453216552734,45200,0.0,0.0
1985-05-15,0.0,9.668453655744855,9.301297187805176,9.301297187805176,65600,0.0,0.0
1985-05-16,0.0,9.54606819152832,9.423682701893341,9.54606819152832,85800,0.0,0.0
1985-05-17,0.0,9.668453216552734,9.42368224904507,9.668453216552734,43200,0.0,0.0
1985-05-20,0.0,9.913224685192107,9.66845370531082,9.790839195251465,188400,0.0,0.0
1985-05-21,0.0,9.913224220275879,9.668453251874006,9.913224220275879,51800,0.0,0.0
1985-05-22,0.0,9.913224220275879,9.790838736074942,9.913224220275879,12400,0.0,0.0
1985-05-23,0.0,9.913224685192107,9.790839195251465,9.790839195251465,19200,0.0,0.0
1985-05-24,0.0,9.913224220275879,9.790838736074942,9.913224220275879,17400,0.0,0.0
1985-05-28,0.0,10.035609704476816,9.790838736074942,9.913224220275879,64200,0.0,0.0
1985-05-29,0.0,10.157995689206007,9.790839218511815,10.03561019897461,36600,0.0,0.0
1985-05-30,0.0,10.035609667814231,9.546067732798903,9.668453216552734,34000,0.0,0.0
1985-05-31,0.0,9.668453055368342,8.689369201660156,8.689369201660156,397800,0.0,0.0
1985-06-03,0.0,9.42368221282959,8.811754796412085,9.42368221282959,117200,0.0,0.0
1985-06-04,0.0,9.54606819152832,9.178911722623385,9.54606819152832,32800,0.0,0.0
1985-06-05,0.0,9.668453179396593,9.42368221282959,9.42368221282959,56800,0.0,0.0
1985-06-06,0.0,9.546067696113091,9.30129672954609,9.42368221282959,68800,0.0,0.0
1985-06-07,0.0,9.423682651004277,8.995333439594992,9.056526184082031,28800,0.0,0.0
1985-06-10,0.0,9.423682677118402,9.056526209178724,9.301297187805176,48200,0.0,0.0
1985-06-11,0.0,9.423682677118402,9.17891169849195,9.301297187805176,91400,0.0,0.0
1985-06-12,0.0,9.301297162030195,8.995333439594992,9.056526184082031,38000,0.0,0.0
1985-06-13,0.0,9.056525646800726,8.689369201660156,8.689369201660156,89600,0.0,0.0
1985-06-14,0.0,8.934140165087202,8.689369201660156,8.689369201660156,77600,0.0,0.0
1985-06-17,0.0,8.811755180358887,8.68936969174279,8.811755180358887,20000,0.0,0.0
1985-06-18,0.0,8.811754683373678,8.689369201660156,8.689369201660156,12600,0.0,0.0
1985-06-19,0.0,8.9341402053833,8.811754723117776,8.9341402053833,140200,0.0,0.0
1985-06-20,0.0,8.934140165087202,8.689369201660156,8.689369201660156,217600,0.0,0.0
1985-06-21,0.0,8.872947924666933,8.68936969174279,8.811755180358887,92400,0.0,0.0
1985-06-24,0.0,8.934140668974981,8.68936969174279,8.811755180358887,40000,0.0,0.0
1985-06-25,0.0,9.056526157591078,8.811755180358887,8.811755180358887,101000,0.0,0.0
1985-06-26,0.0,9.178911209106445,8.811754760742188,9.178911209106445,29000,0.0,0.0
1985-06-27,0.0,9.178911169914349,8.811754723117776,8.9341402053833,81000,0.0,0.0
1985-06-28,0.0,9.056526099934297,8.138634941157173,8.322213172912598,233800,0.0,0.0
1985-07-01,0.0,8.322213113307953,7.587900191545487,7.832671165466309,248200,0.0,0.0
1985-07-02,0.0,7.83267115032862,7.343129203433081,7.710285663604736,828000,0.0,0.0
1985-07-03,0.0,7.83267115032862,7.587900176880851,7.710285663604736,147600,0.0,0.0
1985-07-05,0.0,7.710285663604735,7.587900176880851,7.710285663604736,31600,0.0,0.0
1985-07-08,0.0,7.710285648222893,7.465514675263436,7.587900161743164,108600,0.0,0.0
1985-07-09,0.0,7.587900146109159,7.343129173654025,7.465514659881592,71800,0.0,0.0
1985-07-10,0.0,7.587900161743164,7.220743702303979,7.587900161743164,505800,0.0,0.0
1985-07-11,0.0,7.955056667327881,7.587900205758902,7.955056667327881,188200,0.0,0.0
1985-07-12,0.0,8.199827194213867,7.832670752681904,8.199827194213867,300000,0.0,0.0
1985-07-15,0.0,8.199827656601414,7.955056681777492,8.077442169189453,58200,0.0,0.0
1985-07-16,0.0,8.199827656601414,8.077442169189453,8.077442169189453,96400,0.0,0.0
1985-07-17,0.0,8.444598660749547,8.199827685075647,8.322213172912598,113000,0.0,0.0
1985-07-18,0.0,8.38340541497985,8.199827194213867,8.199827194213867,32200,0.0,0.0
1985-07-19,0.0,8.566984176635742,8.199827711922781,8.566984176635742,158000,0.0,0.0
1985-07-22,0.0,8.689369664873396,8.44459868839809,8.566984176635742,56000,0.0,0.0
1985-07-23,0.0,8.689369664873396,8.566984176635742,8.566984176635742,45200,0.0,0.0
1985-07-24,0.0,8.689369160196055,8.32221271680749,8.444598197937012,91800,0.0,0.0
1985-07-25,0.0,8.444598660749547,8.322213172912598,8.322213172912598,57200,0.0,0.0
1985-07-26,0.0,8.566983635745832,8.199827194213867,8.199827194213867,90600,0.0,0.0
1985-07-29,0.0,8.322213144013377,7.955056681777492,8.077442169189453,44200,0.0,0.0
1985-07-30,0.0,8.199827194213867,7.9550562331925585,8.199827194213867,25200,0.0,0.0
1985-07-31,0.0,8.199827423669342,7.955056455798616,8.13863468170166,73400,0.0,0.0
1985-08-01,0.0,8.261019934469195,8.077441713703212,8.199827194213867,45600,0.0,0.0
1985-08-02,0.0,8.199827656601414,8.077442169189453,8.077442169189453,55200,0.0,0.0
1985-08-05,0.0,8.199827194213867,8.077441713703212,8.199827194213867,192400,0.0,0.0
1985-08-06,0.0,8.199827194213867,8.077441713703212,8.199827194213867,120800,0.0,0.0
1985-08-07,0.0,8.199827194213867,8.077441713703212,8.199827194213867,15600,0.0,0.0
1985-08-08,0.0,8.199827194213867,8.077441713703212,8.199827194213867,88600,0.0,0.0
1985-08-09,0.0,8.199827656601414,8.077442169189453,8.077442169189453,21200,0.0,0.0
1985-08-12,0.0,8.322213144013377,8.077442169189453,8.077442169189453,49400,0.0,0.0
1985-08-13,0.0,8.199827194213867,8.077441713703212,8.199827194213867,31400,0.0,0.0
1985-08-14,0.0,8.199827656601414,8.016249425483473,8.077442169189453,105600,0.0,0.0
1985-08-15,0.0,8.199827194213867,8.077441713703212,8.199827194213867,13400,0.0,0.0
1985-08-16,0.0,8.199827656601414,7.83267119436553,8.077442169189453,87200,0.0,0.0
1985-08-19,0.0,8.077441903047783,7.710285452909248,7.893863677978516,78600,0.0,0.0
1985-08-20,0.0,8.199827656601414,7.83267119436553,8.077442169189453,132200,0.0,0.0
1985-08-21,0.0,8.199827656601414,7.955056681777492,8.077442169189453,27200,0.0,0.0
1985-08-22,0.0,8.199827626347542,7.8326711654663095,7.832671165466309,270800,0.0,0.0
1985-08-23,0.0,7.955056667327881,7.832671180138221,7.955056667327881,109600,0.0,0.0
1985-08-26,0.0,8.077442169189453,7.83267119436553,8.077442169189453,210200,0.0,0.0
1985-08-27,0.0,8.077442169189453,7.83267119436553,8.077442169189453,19600,0.0,0.0
1985-08-28,0.0,8.199827194213867,7.832670752681904,8.199827194213867,125800,0.0,0.0
1985-08-29,0.0,8.199827656601414,8.077442169189453,8.077442169189453,13600,0.0,0.0
1985-08-30,0.0,8.199827194213867,8.077441713703212,8.199827194213867,6400,0.0,0.0
1985-09-03,0.0,8.199827194213867,8.077441713703212,8.199827194213867,17800,0.0,0.0
1985-09-04,0.0,8.199827626347542,7.8326711654663095,7.832671165466309,64800,0.0,0.0
1985-09-05,0.0,7.9550566524267206,7.710285678505898,7.832671165466309,114200,0.0,0.0
1985-09-06,0.0,7.83267115032862,7.710285663604735,7.710285663604736,77400,0.0,0.0
1985-09-09,0.0,7.832671134702621,7.465514675263436,7.587900161743164,191200,0.0,0.0
1985-09-10,0.0,7.587900146109159,7.465514659881592,7.465514659881592,45400,0.0,0.0
1985-09-11,0.0,7.587900146109159,7.220743687426458,7.465514659881592,388000,0.0,0.0
1985-09-12,0.0,7.465514643987019,7.220743672053018,7.3431291580200195,290200,0.0,0.0
1985-09-13,0.0,7.343129107826634,6.853587167304858,6.975972652435303,210600,0.0,0.0
1985-09-16,0.0,7.22074362269619,6.853587167304858,6.975972652435303,201400,0.0,0.0
1985-09-17,0.0,6.975972599453396,6.608816146850586,6.608816146850586,138400,0.0,0.0
1985-09-18,0.0,6.8535871505737305,6.486430696078709,6.8535871505737305,70800,0.0,0.0
1985-09-19,0.0,7.5879001132512505,6.853587199065646,7.220743656158447,175200,0.0,0.0
1985-09-20,0.0,7.587900161743164,7.220743702303979,7.587900161743164,71600,0.0,0.0
1985-09-23,0.0,7.71028561592102,7.343129158020019,7.3431291580200195,86800,0.0,0.0
1985-09-24,0.0,7.465514592957078,6.975972652435302,6.975972652435303,118000,0.0,0.0
1985-09-25,0.0,7.098358120237078,6.8535871505737305,6.8535871505737305,49000,0.0,0.0
1985-09-26,0.0,6.975972617756237,6.608816164190119,6.731201648712158,31200,0.0,0.0
1985-09-30,0.0,6.8535873825485645,6.670009149087442,6.792394638061523,77600,0.0,0.0
1985-10-01,0.0,7.587900161743164,6.731201756385065,7.587900161743164,161000,0.0,0.0
1985-10-02,0.0,7.587900095972521,7.037165411587419,7.098358154296875,54600,0.0,0.0
1985-10-03,0.0,7.22074362269619,6.975972652435302,6.975972652435303,64400,0.0,0.0
1985-10-04,0.0,7.0983581375657465,6.975972652435302,6.975972652435303,21200,0.0,0.0
1985-10-07,0.0,7.098358064327599,6.364045161121297,6.486430644989014,98600,0.0,0.0
1985-10-08,0.0,6.731201648712158,6.4252379374070605,6.731201648712158,134800,0.0,0.0
1985-10-09,0.0,6.8535871505737305,6.731201665742057,6.8535871505737305,34200,0.0,0.0
1985-10-10,0.0,6.8535871505737305,6.731201665742057,6.8535871505737305,78400,0.0,0.0
1985-10-11,0.0,7.098358154296875,6.73120169804014,7.098358154296875,54400,0.0,0.0
1985-10-14,0.0,7.343129158020019,6.9759727001190175,7.3431291580200195,51600,0.0,0.0
1985-10-15,0.0,7.46551462755365,7.220743656158448,7.220743656158447,25000,0.0,0.0
1985-10-16,0.0,7.3431291251346975,6.975972668877963,7.098358154296875,33800,0.0,0.0
1985-10-17,0.0,7.22074362269619,6.853587167304858,6.975972652435303,211800,0.0,0.0
1985-10-18,0.0,6.975972652435302,6.853587167304858,6.975972652435303,43200,0.0,0.0
1985-10-21,0.0,6.975972652435302,6.853587167304858,6.975972652435303,43400,0.0,0.0
1985-10-22,0.0,6.975972652435302,6.792394424739636,6.975972652435303,62600,0.0,0.0
1985-10-23,0.0,7.220743656158448,6.975972684763247,7.220743656158447,83400,0.0,0.0
1985-10-24,0.0,7.220743656158448,7.037165427612047,7.220743656158447,52200,0.0,0.0
1985-10-25,0.0,7.220743656158448,7.098358170460847,7.220743656158447,72800,0.0,0.0
1985-10-28,0.0,7.220743656158448,7.098358170460847,7.220743656158447,9600,0.0,0.0
1985-10-29,0.0,7.220743639715786,7.098358154296875,7.098358154296875,23800,0.0,0.0
1985-10-30,0.0,7.587900161743164,7.09835821582425,7.587900161743164,62400,0.0,0.0
1985-10-31,0.0,7.587900129954019,7.343129158020019,7.3431291580200195,38400,0.0,0.0
1985-11-01,0.0,7.465514659881592,7.281936430540241,7.465514659881592,38800,0.0,0.0
1985-11-04,0.0,7.465514659881592,7.343129173654025,7.465514659881592,12000,0.0,0.0
1985-11-05,0.0,7.587900129954019,7.343129158020019,7.3431291580200195,32000,0.0,0.0
1985-11-06,0.0,7.465514659881592,7.343129173654025,7.465514659881592,15000,0.0,0.0
1985-11-07,0.0,7.465514643987019,7.220743672053018,7.3431291580200195,44600,0.0,0.0
1985-11-08,0.0,7.343129158020019,7.220743672053018,7.3431291580200195,17200,0.0,0.0
1985-11-11,0.0,7.343129141856049,7.037165427612047,7.220743656158447,39400,0.0,0.0
1985-11-12,0.0,7.220743656158448,6.975972684763247,7.220743656158447,83400,0.0,0.0
1985-11-13,0.0,7.587900146109159,6.9759727149713235,7.465514659881592,402800,0.0,0.0
1985-11-14,0.0,7.955056667327881,7.465514718569242,7.955056667327881,121800,0.0,0.0
1985-11-15,0.0,8.07744213938713,7.710285678505898,7.832671165466309,137800,0.0,0.0
1985-11-18,0.0,7.95505662118235,7.587900161743164,7.587900161743164,99600,0.0,0.0
1985-11-19,0.0,7.955056877136231,7.587900405883789,7.649093151092529,53600,0.0,0.0
1985-11-20,0.0,8.07744213938713,7.587900191545487,7.832671165466309,132600,0.0,0.0
1985-11-21,0.0,8.199827656601414,7.83267119436553,8.077442169189453,355600,0.0,0.0
1985-11-22,0.0,8.077442169189453,7.955056681777492,8.077442169189453,74000,0.0,0.0
1985-11-25,0.0,8.077442402148066,7.9550569112064276,8.016249656677246,73600,0.0,0.0
1985-11-26,0.0,8.077442169189453,7.955056681777492,8.077442169189453,165600,0.0,0.0
1985-11-27,0.0,8.199827194213867,7.9550562331925585,8.199827194213867,91600,0.0,0.0
1985-11-29,0.0,8.199827656601414,8.077442169189453,8.077442169189453,32400,0.0,0.0
1985-12-02,0.0,8.199827626347542,7.8326711654663095,7.832671165466309,57800,0.0,0.0
1985-12-03,0.0,8.077442169189453,7.83267119436553,8.077442169189453,52000,0.0,0.0
1985-12-04,0.0,8.322212674724522,7.9550562331925585,8.199827194213867,140400,0.0,0.0
1985-12-05,0.0,8.566984148586497,8.199827685075647,8.322213172912598,253600,0.0,0.0
1985-12-06,0.0,8.444598660749547,8.199827685075647,8.322213172912598,174000,0.0,0.0
1985-12-09,0.0,8.566984176635742,8.322213200160435,8.566984176635742,109600,0.0,0.0
1985-12-10,0.0,8.689369160196055,8.444598197937012,8.444598197937012,124800,0.0,0.0
1985-12-11,0.0,8.566984118837299,8.077442169189453,8.077442169189453,70800,0.0,0.0
1985-12-12,0.0,8.199827656601414,7.955056681777492,8.077442169189453,90800,0.0,0.0
1985-12-13,0.0,8.138634912895434,7.83267119436553,8.077442169189453,171800,0.0,0.0
1985-12-16,0.0,8.077442107662078,7.465514675263436,7.587900161743164,58400,0.0,0.0
1985-12-17,0.0,7.5879001132512505,6.975972684763247,7.220743656158447,131000,0.0,0.0
1985-12-18,0.0,7.587900129954019,7.098358186086018,7.3431291580200195,170200,0.0,0.0
1985-12-19,0.0,7.710285632336726,7.098358201198891,7.465514659881592,551000,0.0,0.0
1985-12-20,0.0,7.587900129954019,7.343129158020019,7.3431291580200195,137400,0.0,0.0
1985-12-23,0.0,7.587900146109159,7.343129173654025,7.465514659881592,144200,0.0,0.0
1985-12-24,0.0,7.465514643987019,7.220743672053018,7.3431291580200195,57600,0.0,0.0
1985-12-26,0.0,7.343129158020019,7.1595509290695185,7.3431291580200195,80000,0.0,0.0
1985-12-27,0.0,7.832671134702621,7.220743702303979,7.587900161743164,272600,0.0,0.0
1985-12-30,0.0,7.8326711654663095,7.587900191545487,7.832671165466309,163600,0.0,0.0
1985-12-31,0.0,8.199827194213867,7.832670752681904,8.199827194213867,223600,0.0,0.0
1986-01-02,0.0,8.444598660749547,8.077442197238698,8.322213172912598,127600,0.0,0.0
1986-01-03,0.0,8.444598631425338,7.83267119436553,8.077442169189453,165000,0.0,0.0
1986-01-06,0.0,8.07744215451754,7.7102856929485615,7.955056667327881,99200,0.0,0.0
1986-01-07,0.0,8.199827656601414,7.83267119436553,8.077442169189453,104800,0.0,0.0
1986-01-08,0.0,8.199827626347542,7.8326711654663095,7.832671165466309,48800,0.0,0.0
1986-01-09,0.0,7.832671134702621,7.465514675263436,7.587900161743164,66600,0.0,0.0
1986-01-10,0.0,7.710285648222893,7.343129188783707,7.587900161743164,108200,0.0,0.0
1986-01-13,0.0,7.83267115032862,7.465514690156966,7.710285663604736,47800,0.0,0.0
1986-01-14,0.0,7.8326711654663095,7.526707448065282,7.832671165466309,51600,0.0,0.0
1986-01-15,0.0,8.322213172912598,7.710285733727847,8.322213172912598,72000,0.0,0.0
1986-01-16,0.0,8.811755180358887,8.199827737278408,8.811755180358887,363400,0.0,0.0
1986-01-17,0.0,8.811754683373678,8.444598238233109,8.689369201660156,98600,0.0,0.0
1986-01-20,0.0,8.689369160196055,8.32221271680749,8.444598197937012,63000,0.0,0.0
1986-01-21,0.0,8.444598660749547,8.077442197238698,8.322213172912598,34200,0.0,0.0
1986-01-22,0.0,8.322213144013377,7.955056681777492,8.077442169189453,44200,0.0,0.0
1986-01-23,0.0,8.07744215451754,7.832671180138221,7.955056667327881,60400,0.0,0.0
1986-01-24,0.0,8.322213172912598,7.832671221564797,8.322213172912598,48800,0.0,0.0
1986-01-27,0.0,8.322213172912598,8.199827685075647,8.322213172912598,24800,0.0,0.0
1986-01-28,0.0,8.322212674724522,8.199827194213867,8.199827194213867,58400,0.0,0.0
1986-01-29,0.0,8.322213128896859,7.955056667327881,7.955056667327881,52600,0.0,0.0
1986-01-30,0.0,8.199827656601414,7.955056681777492,8.077442169189453,37800,0.0,0.0
1986-01-31,0.0,8.199827656601414,7.955056681777492,8.077442169189453,23400,0.0,0.0
1986-02-03,0.0,8.138634867138332,7.710285663604735,7.710285663604736,75600,0.0,0.0
1986-02-04,0.0,7.832671118564293,7.220743687426458,7.465514659881592,48800,0.0,0.0
1986-02-05,0.0,8.07744215451754,7.343129231379582,7.955056667327881,69400,0.0,0.0
1986-02-06,0.0,8.077442169189453,7.955056681777492,8.077442169189453,85000,0.0,0.0
1986-02-07,0.0,8.07744215451754,7.955056667327881,7.955056667327881,248800,0.0,0.0
1986-02-10,0.0,8.07744212377639,7.710285663604735,7.710285663604736,22200,0.0,0.0
1986-02-11,0.0,7.9550566524267206,7.710285678505898,7.832671165466309,84000,0.0,0.0
1986-02-12,0.0,7.955056419668272,7.710285452909248,7.893863677978516,45000,0.0,0.0
1986-02-13,0.0,8.07744215451754,7.832671180138221,7.955056667327881,39000,0.0,0.0
1986-02-14,0.0,8.261019934469195,7.9550562331925585,8.199827194213867,127400,0.0,0.0
1986-02-18,0.0,8.62817692075457,8.077442223685129,8.566984176635742,741800,0.0,0.0
1986-02-19,0.0,8.566983679066533,8.444598197937012,8.444598197937012,48400,0.0,0.0
1986-02-20,0.0,8.934140435580549,8.32221300848599,8.872947692871094,491400,0.0,0.0
1986-02-21,0.0,8.9341402053833,8.811754723117776,8.9341402053833,55200,0.0,0.0
1986-02-24,0.0,8.9341401224551,8.444598197937012,8.444598197937012,122200,0.0,0.0
1986-02-25,0.0,8.689369160196055,8.444598197937012,8.444598197937012,52400,0.0,0.0
1986-02-26,0.0,8.689369160196055,8.444598197937012,8.444598197937012,48400,0.0,0.0
1986-02-27,0.0,8.811754683373678,8.444598238233109,8.689369201660156,38800,0.0,0.0
1986-02-28,0.0,8.811755153111049,8.566984176635742,8.566984176635742,58400,0.0,0.0
1986-03-03,0.0,8.689369664873396,8.44459868839809,8.566984176635742,94800,0.0,0.0
1986-03-04,0.0,8.689369431624176,8.44459846171927,8.62817668914795,93000,0.0,0.0
1986-03-05,0.0,8.689369664873396,8.322213200160435,8.566984176635742,45000,0.0,0.0
1986-03-06,0.0,8.811755153111049,8.44459868839809,8.566984176635742,76400,0.0,0.0
1986-03-07,0.0,8.566983679066533,8.444598197937012,8.444598197937012,23600,0.0,0.0
1986-03-10,0.0,8.689369201660156,8.444598238233109,8.689369201660156,26400,0.0,0.0
1986-03-11,0.0,8.934140668974981,8.566984203126694,8.811755180358887,135000,0.0,0.0
1986-03-12,0.0,8.934140668974981,8.811755180358887,8.811755180358887,106600,0.0,0.0
1986-03-13,0.0,8.934140668974981,8.811755180358887,8.811755180358887,19600,0.0,0.0
1986-03-14,0.0,8.9341402053833,8.811754723117776,8.9341402053833,46200,0.0,0.0
1986-03-17,0.0,8.934140165087202,8.689369201660156,8.689369201660156,111600,0.0,0.0
1986-03-18,0.0,8.934140905633674,8.689369921917683,8.75056266784668,40400,0.0,0.0
1986-03-19,0.0,8.934140401529083,8.566983946671723,8.62817668914795,32000,0.0,0.0
1986-03-20,0.0,8.689369160196055,8.444598197937012,8.444598197937012,55400,0.0,0.0
1986-03-21,0.0,8.444598660749547,8.199827685075647,8.322213172912598,97600,0.0,0.0
1986-03-24,0.0,8.322213406032986,8.199827914767795,8.26102066040039,162400,0.0,0.0
1986-03-25,0.0,8.322212674724522,8.199827194213867,8.199827194213867,29800,0.0,0.0
1986-03-26,0.0,8.322213172912598,8.199827685075647,8.322213172912598,162800,0.0,0.0
1986-03-27,0.0,8.322212674724522,8.13863445395854,8.199827194213867,335400,0.0,0.0
1986-03-31,0.0,8.322212674724522,8.199827194213867,8.199827194213867,74400,0.0,0.0
1986-04-01,0.0,8.322213172912598,8.077442197238698,8.322213172912598,67000,0.0,0.0
1986-04-02,0.0,8.322212674724522,8.199827194213867,8.199827194213867,31400,0.0,0.0
1986-04-03,0.0,8.322212674724522,8.199827194213867,8.199827194213867,53800,0.0,0.0
1986-04-04,0.0,8.322213172912598,8.199827685075647,8.322213172912598,54800,0.0,0.0
1986-04-07,0.0,8.322212674724522,8.077441713703212,8.199827194213867,482000,0.0,0.0
1986-04-08,0.0,8.199827656601414,8.077442169189453,8.077442169189453,27600,0.0,0.0
1986-04-09,0.0,8.199827626347542,7.710285678505898,7.832671165466309,99800,0.0,0.0
1986-04-10,0.0,7.83267115032862,7.710285663604735,7.710285663604736,96200,0.0,0.0
1986-04-11,0.0,7.9550566524267206,7.710285678505898,7.832671165466309,89600,0.0,0.0
1986-04-14,0.0,8.322213172912598,7.832671221564797,8.322213172912598,35200,0.0,0.0
1986-04-15,0.0,8.444598155235177,8.077441713703212,8.199827194213867,150600,0.0,0.0
1986-04-16,0.0,8.322212674724522,8.077441713703212,8.199827194213867,26800,0.0,0.0
1986-04-17,0.0,8.322212674724522,8.199827194213867,8.199827194213867,27000,0.0,0.0
1986-04-18,0.0,8.322213128896859,7.832671180138221,7.955056667327881,76800,0.0,0.0
1986-04-21,0.0,8.077442169189453,7.83267119436553,8.077442169189453,56200,0.0,0.0
1986-04-22,0.0,8.07744207382202,7.343129158020019,7.3431291580200195,372200,0.0,0.0
1986-04-23,0.0,7.46551462755365,7.098358170460847,7.220743656158447,171800,0.0,0.0
1986-04-24,0.0,7.220743656158448,7.098358170460847,7.220743656158447,151000,0.0,0.0
1986-04-25,0.0,7.343129158020019,7.098358186086018,7.3431291580200195,172800,0.0,0.0
1986-04-28,0.0,7.343129141856049,6.975972684763247,7.220743656158447,130800,0.0,0.0
1986-04-29,0.0,7.343129390428046,7.098358410747111,7.2819366455078125,239800,0.0,0.0
1986-04-30,0.0,7.220743605068751,6.8535871505737305,6.8535871505737305,87200,0.0,0.0
1986-05-01,0.0,7.0983581375657465,6.731201682174414,6.975972652435303,297000,0.0,0.0
1986-05-02,0.0,6.975972635405404,6.8535871505737305,6.8535871505737305,130400,0.0,0.0
1986-05-05,0.0,6.975972635405404,6.8535871505737305,6.8535871505737305,147800,0.0,0.0
1986-05-06,0.0,6.975972635405404,6.8535871505737305,6.8535871505737305,135600,0.0,0.0
1986-05-07,0.0,7.220743639715786,6.853587183459052,7.098358154296875,321800,0.0,0.0
1986-05-08,0.0,7.465514643987019,7.098358186086018,7.3431291580200195,261800,0.0,0.0
1986-05-09,0.0,7.465514643987019,7.343129158020019,7.3431291580200195,36200,0.0,0.0
1986-05-12,0.0,7.465514643987019,7.220743672053018,7.3431291580200195,31800,0.0,0.0
1986-05-13,0.0,7.465514659881592,7.220743687426458,7.465514659881592,41000,0.0,0.0
1986-05-14,0.0,7.465514643987019,7.343129158020019,7.3431291580200195,65000,0.0,0.0
1986-05-15,0.0,7.46551462755365,7.220743656158448,7.220743656158447,52000,0.0,0.0
1986-05-16,0.0,7.343129158020019,7.098358186086018,7.3431291580200195,40800,0.0,0.0
1986-05-19,0.0,7.220743639715786,7.098358154296875,7.098358154296875,11600,0.0,0.0
1986-05-20,0.0,7.098358154296875,6.975972668877963,7.098358154296875,42000,0.0,0.0
1986-05-21,0.0,7.220743639715786,6.975972668877963,7.098358154296875,135000,0.0,0.0
1986-05-22,0.0,7.220743656158448,6.975972684763247,7.220743656158447,70200,0.0,0.0
1986-05-23,0.0,7.220743639715786,6.975972668877963,7.098358154296875,186800,0.0,0.0
1986-05-27,0.0,7.220743656158448,7.098358170460847,7.220743656158447,45800,0.0,0.0
1986-05-28,0.0,7.220743656158448,7.098358170460847,7.220743656158447,57200,0.0,0.0
1986-05-29,0.0,7.220743656158448,7.098358170460847,7.220743656158447,11600,0.0,0.0
1986-05-30,0.0,7.220743888463729,7.098358398828751,7.15955114364624,46000,0.0,0.0
1986-06-02,0.0,7.220743639715786,7.098358154296875,7.098358154296875,61400,0.0,0.0
1986-06-03,0.0,7.098358386495839,6.975972897073497,7.037165641784668,19600,0.0,0.0
1986-06-04,0.0,7.098358386495839,6.853587407651155,7.037165641784668,54800,0.0,0.0
1986-06-05,0.0,7.098358154296875,6.853587183459052,7.098358154296875,11800,0.0,0.0
1986-06-06,0.0,6.975972635405404,6.792394408157893,6.8535871505737305,143600,0.0,0.0
1986-06-09,0.0,6.975972617756237,6.731201648712158,6.731201648712158,56600,0.0,0.0
1986-06-10,0.0,6.853587133234198,6.731201648712158,6.731201648712158,133000,0.0,0.0
1986-06-11,0.0,6.853587133234198,6.670008906451139,6.731201648712158,237000,0.0,0.0
1986-06-12,0.0,6.853587133234198,6.731201648712158,6.731201648712158,33800,0.0,0.0
1986-06-13,0.0,6.975972652435302,6.731201682174414,6.975972652435303,183800,0.0,0.0
1986-06-16,0.0,7.098358120237078,6.731201665742057,6.8535871505737305,32800,0.0,0.0
1986-06-17,0.0,6.8535871505737305,6.608816180910383,6.8535871505737305,74800,0.0,0.0
1986-06-18,0.0,6.853587115252459,6.608816146850586,6.608816146850586,100200,0.0,0.0
1986-06-19,0.0,6.731201631051523,6.608816146850586,6.608816146850586,15600,0.0,0.0
1986-06-20,0.0,6.731201573914173,6.119274158103793,6.241659641265869,135400,0.0,0.0
1986-06-23,0.0,6.364045084739217,5.996888637542724,5.996888637542725,99600,0.0,0.0
1986-06-24,0.0,6.119274355701564,5.8745033814735015,5.935696125030518,184400,0.0,0.0
1986-06-25,0.0,5.996888637542724,5.874503155143893,5.996888637542725,212600,0.0,0.0
1986-06-26,0.0,6.241659641265869,5.935695933360679,6.241659641265869,91800,0.0,0.0
1986-06-27,0.0,6.241659872602709,6.119274384904616,6.180467128753662,51000,0.0,0.0
1986-06-30,0.0,6.241659622192383,5.996888656616211,6.119274139404297,117400,0.0,0.0
1986-07-01,0.0,6.119274139404297,5.935695915222168,6.119274139404297,60200,0.0,0.0
1986-07-02,0.0,6.302852601716013,5.996888883186109,6.05808162689209,114800,0.0,0.0
1986-07-03,0.0,6.05808162689209,5.813310652068167,6.05808162689209,152800,0.0,0.0
1986-07-07,0.0,6.058081358671188,5.874503135681152,5.874503135681152,495400,0.0,0.0
1986-07-08,0.0,5.935696337534034,5.629732608795166,5.629732608795166,332200,0.0,0.0
1986-07-09,0.0,5.752118078145115,5.140190623023294,5.3849616050720215,291200,0.0,0.0
1986-07-10,0.0,5.629732608795166,5.384961625804071,5.629732608795166,166200,0.0,0.0
1986-07-11,0.0,5.629732608795166,5.507347117299619,5.629732608795166,40800,0.0,0.0
1986-07-14,0.0,5.874503366570724,5.568539649561831,5.813310623168945,142600,0.0,0.0
1986-07-15,0.0,5.813310607787102,5.629732378067509,5.690925121307373,99200,0.0,0.0
1986-07-16,0.0,5.813310846038487,5.629732608795166,5.629732608795166,62400,0.0,0.0
1986-07-17,0.0,5.752118110656738,5.629732618940637,5.752118110656738,22800,0.0,0.0
1986-07-18,0.0,5.813310856514788,5.629732618940637,5.752118110656738,44200,0.0,0.0
1986-07-21,0.0,5.813310623168945,5.690925136365388,5.813310623168945,107600,0.0,0.0
1986-07-22,0.0,6.05808162689209,5.7521179083621865,6.05808162689209,137200,0.0,0.0
1986-07-23,0.0,6.0580813787421395,5.996888637542724,5.996888637542725,36200,0.0,0.0
1986-07-24,0.0,6.364045360300801,6.05808164105557,6.180467128753662,143600,0.0,0.0
1986-07-25,0.0,6.3640453746017895,6.180467142642122,6.302852630615234,25600,0.0,0.0
1986-07-28,0.0,6.364045124427945,6.1804668996848315,6.241659641265869,64200,0.0,0.0
1986-07-29,0.0,6.241659581661224,5.752117653687795,5.874503135681152,132600,0.0,0.0
1986-07-30,0.0,5.752118100290713,5.507347117299619,5.629732608795166,360400,0.0,0.0
1986-07-31,0.0,5.690925121307373,5.568539634827645,5.690925121307373,54400,0.0,0.0
1986-08-01,0.0,5.690925105587466,5.5685396194458,5.568539619445801,91200,0.0,0.0
1986-08-04,0.0,5.752117848658299,5.5685396194458,5.568539619445801,33800,0.0,0.0
1986-08-05,0.0,5.752118100290713,5.568539863047392,5.629732608795166,76600,0.0,0.0
1986-08-06,0.0,5.752118100290713,5.629732608795166,5.629732608795166,18200,0.0,0.0
1986-08-07,0.0,5.7521178645472375,5.629732378067509,5.690925121307373,65800,0.0,0.0
1986-08-08,0.0,5.752118100290713,5.629732608795166,5.629732608795166,29600,0.0,0.0
1986-08-11,0.0,5.752118110656738,5.629732618940637,5.752118110656738,37200,0.0,0.0
1986-08-12,0.0,5.874503366570724,5.690925136365388,5.813310623168945,28800,0.0,0.0
1986-08-13,0.0,5.996888637542724,5.752117672745062,5.996888637542725,20800,0.0,0.0
1986-08-14,0.0,5.99688861767451,5.813310394684474,5.874503135681152,47000,0.0,0.0
1986-08-15,0.0,5.99688861767451,5.874503135681152,5.874503135681152,102600,0.0,0.0
1986-08-18,0.0,5.935696109972501,5.813310623168945,5.813310623168945,10600,0.0,0.0
1986-08-19,0.0,5.935696109972501,5.813310623168945,5.813310623168945,30600,0.0,0.0
1986-08-20,0.0,5.935695876677831,5.752117653687795,5.874503135681152,56600,0.0,0.0
1986-08-21,0.0,5.874503366570724,5.752117879767167,5.813310623168945,120800,0.0,0.0
1986-08-22,0.0,5.874503366570724,5.752117879767167,5.813310623168945,223800,0.0,0.0
1986-08-25,0.0,5.935696125030518,5.813310637916486,5.935696125030518,16800,0.0,0.0
1986-08-26,0.0,6.241659622192383,5.813310432434083,6.119274139404297,60000,0.0,0.0
1986-08-27,0.0,6.180467114304052,5.996888883186109,6.05808162689209,93400,0.0,0.0
1986-08-28,0.0,6.119274355701564,5.935696125030518,5.935696125030518,16800,0.0,0.0
1986-08-29,0.0,6.058081596776058,5.813310623168945,5.813310623168945,13000,0.0,0.0
1986-09-02,0.0,5.996889083281808,5.629732608795166,5.629732608795166,72800,0.0,0.0
1986-09-03,0.0,5.69092535454294,5.507347117299619,5.629732608795166,36000,0.0,0.0
1986-09-04,0.0,5.690925121307373,5.507346891587781,5.690925121307373,34800,0.0,0.0
1986-09-05,0.0,5.752118100290713,5.629732608795166,5.629732608795166,43200,0.0,0.0
1986-09-08,0.0,5.69092535454294,5.568539863047392,5.629732608795166,64200,0.0,0.0
1986-09-09,0.0,5.69092535454294,5.507347117299619,5.629732608795166,29200,0.0,0.0
1986-09-10,0.0,5.690925105587466,5.507346876374967,5.568539619445801,33200,0.0,0.0
1986-09-11,0.0,5.629732563382103,5.01780511084057,5.140190601348877,125600,0.0,0.0
1986-09-12,0.0,5.262576091857183,5.01780511084057,5.140190601348877,48200,0.0,0.0
1986-09-15,0.0,5.262576103210449,5.017805121665778,5.262576103210449,20400,0.0,0.0
1986-09-16,0.0,5.384961593982785,5.078997867051946,5.262576103210449,82400,0.0,0.0
1986-09-17,0.0,5.6297323462668425,5.262575888901614,5.4461541175842285,57400,0.0,0.0
1986-09-18,0.0,5.507347106933594,5.323768870035807,5.507347106933594,45600,0.0,0.0
1986-09-19,0.0,5.507347106933594,5.323768870035807,5.507347106933594,135400,0.0,0.0
1986-09-22,0.0,5.5685396194458,5.323768647162468,5.568539619445801,174800,0.0,0.0
1986-09-23,0.0,5.6297325981987845,5.446154361300998,5.507347106933594,52800,0.0,0.0
1986-09-24,0.0,5.507347084755121,5.262576103210449,5.262576103210449,56800,0.0,0.0
1986-09-25,0.0,5.38496158236549,5.01780511084057,5.140190601348877,91800,0.0,0.0
1986-09-26,0.0,5.262576103210449,5.078997867051946,5.262576103210449,42000,0.0,0.0
1986-09-29,0.0,5.262575856377097,5.140190371345072,5.201383113861084,32000,0.0,0.0
1986-09-30,0.0,5.507347096096386,5.201383368535476,5.3849616050720215,35600,0.0,0.0
1986-10-01,0.0,5.446154339368953,5.262576103210449,5.262576103210449,183400,0.0,0.0
1986-10-02,0.0,5.262575856377097,5.140190371345072,5.201383113861084,73800,0.0,0.0
1986-10-03,0.0,5.384961358432112,5.2013831303037446,5.323768615722656,113000,0.0,0.0
1986-10-06,0.0,5.323768848596617,5.201383357824281,5.262576103210449,71200,0.0,0.0
1986-10-07,0.0,5.323768848596617,5.201383357824281,5.262576103210449,32200,0.0,0.0
1986-10-08,0.0,5.262575856377097,5.078997628829058,5.201383113861084,20000,0.0,0.0
1986-10-09,0.0,5.140190601348877,5.01780511084057,5.140190601348877,146400,0.0,0.0
1986-10-10,0.0,5.140190601348877,5.078997856094723,5.140190601348877,112000,0.0,0.0
1986-10-13,0.0,5.140190601348877,5.078997856094723,5.140190601348877,12600,0.0,0.0
1986-10-14,0.0,5.140190601348877,5.01780511084057,5.140190601348877,137600,0.0,0.0
1986-10-15,0.0,5.262576103210449,5.078997867051946,5.262576103210449,87000,0.0,0.0
1986-10-16,0.0,5.262575856377097,5.140190371345072,5.201383113861084,10000,0.0,0.0
1986-10-17,0.0,5.20138334660303,5.140190601348877,5.140190601348877,73400,0.0,0.0
1986-10-20,0.0,5.201383113861084,5.140190371345072,5.201383113861084,102800,0.0,0.0
1986-10-21,0.0,5.201383113861084,5.140190371345072,5.201383113861084,101800,0.0,0.0
1986-10-22,0.0,5.20138334660303,5.140190601348877,5.140190601348877,7400,0.0,0.0
1986-10-23,0.0,5.20138334660303,5.078997856094723,5.140190601348877,137200,0.0,0.0
1986-10-24,0.0,5.140190354312759,5.017804869686264,5.078997611999512,316600,0.0,0.0
1986-10-27,0.0,5.140190354312759,4.956612127373018,5.078997611999512,126800,0.0,0.0
1986-10-28,0.0,5.078997832536698,4.773034107685089,4.895419597625732,64800,0.0,0.0
1986-10-29,0.0,4.895419350153284,4.773033866399452,4.834226608276367,56000,0.0,0.0
1986-10-30,0.0,4.895419350153284,4.773033866399452,4.834226608276367,110800,0.0,0.0
1986-10-31,0.0,4.895419597625732,4.773034107685089,4.895419597625732,973600,0.0,0.0
1986-11-03,0.0,5.017805099487306,4.834226864140208,5.017805099487305,130800,0.0,0.0
1986-11-04,0.0,5.262575856377097,4.956612143797033,5.201383113861084,230200,0.0,0.0
1986-11-05,0.0,5.32376859889311,5.140190371345072,5.201383113861084,25000,0.0,0.0
1986-11-06,0.0,5.323768615722656,5.2013831303037446,5.323768615722656,19000,0.0,0.0
1986-11-07,0.0,5.32376859889311,5.201383113861084,5.201383113861084,12000,0.0,0.0
1986-11-10,0.0,5.262575856377097,5.140190371345072,5.201383113861084,56000,0.0,0.0
1986-11-11,0.0,5.201383113861084,5.140190371345072,5.201383113861084,54200,0.0,0.0
1986-11-12,0.0,5.262575838939253,5.017804869686264,5.078997611999512,71600,0.0,0.0
1986-11-13,0.0,5.140190336439344,4.834226625937003,4.9566121101379395,69800,0.0,0.0
1986-11-14,0.0,4.895419597625732,4.773034107685089,4.895419597625732,92800,0.0,0.0
1986-11-17,0.0,4.895419597625732,4.83422685265541,4.895419597625732,160000,0.0,0.0
1986-11-18,0.0,4.895419350153284,4.773033866399452,4.834226608276367,43000,0.0,0.0
1986-11-19,0.0,5.201383113861084,4.711841173732982,5.201383113861084,242600,0.0,0.0
1986-11-20,0.0,5.262576079950101,5.017805099487306,5.017805099487305,110200,0.0,0.0
1986-11-21,0.0,5.140190354312759,5.017804869686264,5.078997611999512,89400,0.0,0.0
1986-11-24,0.0,5.262576103210449,5.017805121665778,5.262576103210449,169000,0.0,0.0
1986-11-25,0.0,5.323768848596617,5.201383357824281,5.262576103210449,43200,0.0,0.0
1986-11-26,0.0,5.323768848596617,5.262576103210449,5.262576103210449,63200,0.0,0.0
1986-11-28,0.0,5.323768615722656,5.2013831303037446,5.323768615722656,29200,0.0,0.0
1986-12-01,0.0,5.323768615722656,5.2013831303037446,5.323768615722656,89800,0.0,0.0
1986-12-02,0.0,5.5685396033726375,5.262575888901614,5.4461541175842285,191400,0.0,0.0
1986-12-03,0.0,5.568539586560479,5.323768615722656,5.323768615722656,152400,0.0,0.0
1986-12-04,0.0,5.507346843851024,5.323768615722656,5.323768615722656,104800,0.0,0.0
1986-12-05,0.0,5.4461541175842285,5.323768631795819,5.4461541175842285,44400,0.0,0.0
1986-12-08,0.0,5.446154101141568,5.323768615722656,5.323768615722656,81400,0.0,0.0
1986-12-09,0.0,5.384961358432112,5.323768615722656,5.323768615722656,90800,0.0,0.0
1986-12-10,0.0,5.8745036023728385,5.323768889650385,5.752118110656738,178800,0.0,0.0
1986-12-11,0.0,5.87450359178626,5.507347117299619,5.629732608795166,89200,0.0,0.0
1986-12-12,0.0,5.629732362516633,5.507346876374967,5.568539619445801,80200,0.0,0.0
1986-12-15,0.0,5.690925121307373,5.568539634827645,5.690925121307373,101400,0.0,0.0
1986-12-16,0.0,5.7521178645472375,5.568539634827645,5.690925121307373,84400,0.0,0.0
1986-12-17,0.0,5.752118110656738,5.690925364798687,5.752118110656738,92600,0.0,0.0
1986-12-18,0.0,5.690925105587466,5.5685396194458,5.568539619445801,53600,0.0,0.0
1986-12-19,0.0,5.752118110656738,5.568539873082587,5.752118110656738,104200,0.0,0.0
1986-12-22,0.0,5.752118100290713,5.629732608795166,5.629732608795166,152200,0.0,0.0
1986-12-23,0.0,5.690925121307373,5.629732378067509,5.690925121307373,507400,0.0,0.0
1986-12-24,0.0,5.8745036023728385,5.629732618940637,5.752118110656738,50000,0.0,0.0
1986-12-26,0.0,5.874503366570724,5.752117879767167,5.813310623168945,18400,0.0,0.0
1986-12-29,0.0,5.93569609426683,5.690925121307373,5.690925121307373,160200,0.0,0.0
1986-12-30,0.0,5.813310607787102,5.690925121307373,5.690925121307373,65000,0.0,0.0
1986-12-31,0.0,5.752118110656738,5.690925364798687,5.752118110656738,148800,0.0,0.0
1987-01-02,0.0,5.813310623168945,5.690925136365388,5.813310623168945,46800,0.0,0.0
1987-01-05,0.0,5.935696125030518,5.75211789435947,5.935696125030518,31200,0.0,0.0
1987-01-06,0.0,6.119274119941555,5.874503155143893,5.996888637542725,89600,0.0,0.0
1987-01-07,0.0,5.99688861767451,5.874503135681152,5.874503135681152,79000,0.0,0.0
1987-01-08,0.0,5.935696125030518,5.813310637916486,5.935696125030518,22000,0.0,0.0
1987-01-09,0.0,6.0580813787421395,5.813310413944477,5.996888637542725,208800,0.0,0.0
1987-01-12,0.0,6.05808162689209,5.996888883186109,6.05808162689209,43200,0.0,0.0
1987-01-13,0.0,6.0580813787421395,5.996888637542724,5.996888637542725,65400,0.0,0.0
1987-01-14,0.0,6.119274139404297,5.996888656616211,6.119274139404297,30600,0.0,0.0
1987-01-15,0.0,6.731201880568758,5.996888948143075,6.670009136199951,168000,0.0,0.0
1987-01-16,0.0,6.79239461132299,6.302852657353766,6.547623634338379,243000,0.0,0.0
1987-01-19,0.0,6.731201880568758,6.425238158724723,6.670009136199951,101000,0.0,0.0
1987-01-20,0.0,6.731201867076837,6.547623634338378,6.547623634338379,40000,0.0,0.0
1987-01-21,0.0,6.608816110170805,6.364045143127442,6.364045143127441,77800,0.0,0.0
1987-01-22,0.0,6.425238132476807,6.302852644239153,6.425238132476807,47000,0.0,0.0
1987-01-23,0.0,6.547623386922872,6.425237903055155,6.486430644989014,39400,0.0,0.0
1987-01-26,0.0,6.547623386922872,6.486430644989014,6.486430644989014,51600,0.0,0.0
1987-01-27,0.0,6.547623634338378,6.486430890092225,6.547623634338379,27200,0.0,0.0
1987-01-28,0.0,6.547623386922872,6.486430644989014,6.486430644989014,26400,0.0,0.0
1987-01-29,0.0,6.608816378584532,6.486430890092225,6.547623634338379,30800,0.0,0.0
1987-01-30,0.0,6.608816378584532,6.425238145846072,6.547623634338379,53800,0.0,0.0
1987-02-02,0.0,6.547623386922872,6.425237903055155,6.486430644989014,15800,0.0,0.0
1987-02-03,0.0,6.547623386922872,6.486430644989014,6.486430644989014,240800,0.0,0.0
1987-02-04,0.0,6.914780139923096,6.48643092771547,6.914780139923096,233600,0.0,0.0
1987-02-05,0.0,7.037165377821241,6.792394408157893,6.8535871505737305,128200,0.0,0.0
1987-02-06,0.0,6.9147801270356055,6.792394638061524,6.792394638061523,48800,0.0,0.0
1987-02-09,0.0,6.853587355569144,6.486430890092225,6.547623634338379,61600,0.0,0.0
1987-02-10,0.0,6.6088160907520965,6.241659641265869,6.241659641265869,156600,0.0,0.0
1987-02-11,0.0,6.486430626649123,6.180466917844919,6.364045143127441,134200,0.0,0.0
1987-02-12,0.0,6.486430862574901,6.241659886628678,6.302852630615234,196600,0.0,0.0
1987-02-13,0.0,6.302852382846907,6.241659641265869,6.241659641265869,28600,0.0,0.0
1987-02-17,0.0,6.364045143127442,6.2416596596057605,6.364045143127441,66200,0.0,0.0
1987-02-18,0.0,6.486430862574901,6.302852630615234,6.302852630615234,69000,0.0,0.0
1987-02-19,0.0,6.425238118588346,6.302852630615234,6.302852630615234,10800,0.0,0.0
1987-02-20,0.0,6.302852630615234,6.302852630615234,6.302852630615234,8800,0.0,0.0
1987-02-23,0.0,6.3640453746017895,6.302852630615234,6.302852630615234,28600,0.0,0.0
1987-02-24,0.0,6.3640453746017895,6.241659886628678,6.302852630615234,100800,0.0,0.0
1987-02-25,0.0,6.792394638061524,6.241659937678158,6.792394638061523,99600,0.0,0.0
1987-02-26,0.0,6.608816128856731,6.364045161121297,6.486430644989014,85400,0.0,0.0
1987-02-27,0.0,6.547623386922872,6.486430644989014,6.486430644989014,19800,0.0,0.0
1987-03-02,0.0,6.547623606561457,6.302852630615234,6.302852630615234,28600,0.0,0.0
1987-03-03,0.0,6.3640453746017895,6.302852630615234,6.302852630615234,26400,0.0,0.0
1987-03-04,0.0,6.547623386922872,6.302852419187437,6.486430644989014,82800,0.0,0.0
1987-03-05,0.0,6.670008888951054,6.486430662649649,6.608816146850586,45400,0.0,0.0
1987-03-06,0.0,6.670008888951054,6.547623404750118,6.608816146850586,29800,0.0,0.0
1987-03-09,0.0,6.608816146850586,6.547623404750118,6.608816146850586,35400,0.0,0.0
1987-03-10,0.0,6.608816146850586,6.547623404750118,6.608816146850586,15600,0.0,0.0
1987-03-11,0.0,6.670008888951054,6.486430662649649,6.608816146850586,34400,0.0,0.0
1987-03-12,0.0,6.670009136199951,6.608816391831144,6.670009136199951,36400,0.0,0.0
1987-03-13,0.0,6.670008888951054,6.547623404750118,6.608816146850586,62400,0.0,0.0
1987-03-16,0.0,6.670008888951054,6.608816146850586,6.608816146850586,9000,0.0,0.0
1987-03-17,0.0,6.670008888951054,6.547623404750118,6.608816146850586,45600,0.0,0.0
1987-03-18,0.0,6.6088160907520965,6.1804668996848315,6.241659641265869,276000,0.0,0.0
1987-03-19,0.0,6.302852630615234,6.180467142642122,6.302852630615234,41400,0.0,0.0
1987-03-20,0.0,6.302852382846907,6.1804668996848315,6.241659641265869,192400,0.0,0.0
1987-03-23,0.0,6.302852382846907,6.1804668996848315,6.241659641265869,35600,0.0,0.0
1987-03-24,0.0,6.302852382846907,6.1804668996848315,6.241659641265869,90000,0.0,0.0
1987-03-25,0.0,6.3640453746017895,6.241659886628678,6.302852630615234,34200,0.0,0.0
1987-03-26,0.0,6.364045143127442,6.302852401366601,6.364045143127441,17400,0.0,0.0
1987-03-27,0.0,6.3640453746017895,6.241659886628678,6.302852630615234,47200,0.0,0.0
1987-03-30,0.0,6.364045124427945,6.241659641265869,6.241659641265869,28400,0.0,0.0
1987-03-31,0.0,6.364045124427945,6.241659641265869,6.241659641265869,15800,0.0,0.0
1987-04-01,0.0,6.302852382846907,6.1804668996848315,6.241659641265869,15800,0.0,0.0
1987-04-02,0.0,6.302852382846907,6.241659641265869,6.241659641265869,25200,0.0,0.0
1987-04-03,0.0,6.302852382846907,6.241659641265869,6.241659641265869,7200,0.0,0.0
1987-04-06,0.0,6.364045143127442,6.2416596596057605,6.364045143127441,21000,0.0,0.0
1987-04-07,0.0,6.302852630615234,6.180467142642122,6.302852630615234,38400,0.0,0.0
1987-04-08,0.0,6.302852616451754,6.180467128753662,6.180467128753662,62000,0.0,0.0
1987-04-09,0.0,6.302852363586426,6.058081398010255,6.119274139404297,104200,0.0,0.0
1987-04-10,0.0,6.18046688079834,6.058081398010255,6.119274139404297,49200,0.0,0.0
1987-04-13,0.0,6.119274355701564,5.935696125030518,5.935696125030518,46200,0.0,0.0
1987-04-14,0.0,5.99688861767451,5.813310394684474,5.874503135681152,96800,0.0,0.0
1987-04-15,0.0,5.874503366570724,5.813310623168945,5.813310623168945,37000,0.0,0.0
1987-04-16,0.0,6.05808162689209,5.813310652068167,6.05808162689209,29600,0.0,0.0
1987-04-20,0.0,6.058081358671188,5.874503135681152,5.874503135681152,13600,0.0,0.0
1987-04-21,0.0,5.935696125030518,5.8745033814735015,5.935696125030518,12200,0.0,0.0
1987-04-22,0.0,5.99688909408894,5.752118110656738,5.752118110656738,43600,0.0,0.0
1987-04-23,0.0,5.8745033510269655,5.384961405108052,5.690925121307373,338600,0.0,0.0
1987-04-24,0.0,5.69092534383138,5.507347106933594,5.507347106933594,28600,0.0,0.0
1987-04-27,0.0,5.507346843851024,5.323768615722656,5.323768615722656,47400,0.0,0.0
1987-04-28,0.0,5.446154101141568,5.323768615722656,5.323768615722656,12400,0.0,0.0
1987-04-29,0.0,5.5685398525661896,5.384961615668403,5.507347106933594,47600,0.0,0.0
1987-04-30,0.0,5.568539841608568,5.32376885955984,5.3849616050720215,31200,0.0,0.0
1987-05-01,0.0,5.507347096096386,5.384961605072022,5.3849616050720215,26600,0.0,0.0
1987-05-04,0.0,5.4461541175842285,5.323768631795819,5.4461541175842285,13200,0.0,0.0
1987-05-05,0.0,5.813310607787102,5.323768661868188,5.690925121307373,493800,0.0,0.0
1987-05-06,0.0,5.996888637542724,5.690924931545647,5.996888637542725,92400,0.0,0.0
1987-05-07,0.0,5.99688885337428,5.752117879767167,5.813310623168945,89000,0.0,0.0
1987-05-08,0.0,5.99688861767451,5.813310394684474,5.874503135681152,45200,0.0,0.0
1987-05-11,0.0,5.874503135681152,5.813310394684474,5.874503135681152,16200,0.0,0.0
1987-05-12,0.0,5.935696109972501,5.813310623168945,5.813310623168945,31600,0.0,0.0
1987-05-13,0.0,5.8745033510269655,5.690925121307373,5.690925121307373,16200,0.0,0.0
1987-05-14,0.0,5.813310846038487,5.629732608795166,5.629732608795166,23600,0.0,0.0
1987-05-15,0.0,5.813310607787102,5.690925121307373,5.690925121307373,44200,0.0,0.0
1987-05-18,0.0,5.752117848658299,5.5685396194458,5.568539619445801,30400,0.0,0.0
1987-05-19,0.0,5.6909250719793905,5.323768615722656,5.323768615722656,29000,0.0,0.0
1987-05-20,0.0,5.32376859889311,5.078997628829058,5.201383113861084,53200,0.0,0.0
1987-05-21,0.0,5.262575856377097,5.078997628829058,5.201383113861084,138600,0.0,0.0
1987-05-22,0.0,5.5685398525661896,5.140190633138021,5.507347106933594,648400,0.0,0.0
1987-05-26,0.0,6.05808162689209,5.446154189832283,6.05808162689209,587400,0.0,0.0
1987-05-27,0.0,6.241659872602709,5.9968888972065235,6.180467128753662,303400,0.0,0.0
1987-05-28,0.0,6.731201867076837,6.119274424615306,6.547623634338379,266600,0.0,0.0
1987-05-29,0.0,6.853587133234198,6.547623421929099,6.731201648712158,102600,0.0,0.0
1987-06-01,0.0,6.853587369306372,6.486430903093531,6.670009136199951,87800,0.0,0.0
1987-06-02,0.0,6.670008851931646,6.180466917844919,6.364045143127441,104000,0.0,0.0
1987-06-03,0.0,6.670008888951054,6.241659694247775,6.608816146850586,58600,0.0,0.0
1987-06-04,0.0,6.670009136199951,6.547623647462338,6.670009136199951,37000,0.0,0.0
1987-06-05,0.0,7.037165641784668,6.5476236840953,7.037165641784668,123400,0.0,0.0
1987-06-08,0.0,7.343129158020019,6.9759727001190175,7.3431291580200195,102200,0.0,0.0
1987-06-09,0.0,7.343129365340523,7.037165641784668,7.037165641784668,94400,0.0,0.0
1987-06-10,0.0,7.159550862652915,6.8535871505737305,6.8535871505737305,72000,0.0,0.0
1987-06-11,0.0,7.037165641784668,6.853587407651155,7.037165641784668,25800,0.0,0.0
1987-06-12,0.0,7.098358154296875,6.9147799261685075,7.098358154296875,50600,0.0,0.0
1987-06-15,0.0,7.0983583467816,6.608816391831144,6.670009136199951,92200,0.0,0.0
1987-06-16,0.0,6.914779892989567,6.67000892332622,6.8535871505737305,77000,0.0,0.0
1987-06-17,0.0,6.914779892989567,6.8535871505737305,6.8535871505737305,56600,0.0,0.0
1987-06-18,0.0,6.914780113675179,6.608816391831144,6.670009136199951,84800,0.0,0.0
1987-06-19,0.0,6.731201867076837,6.547623634338378,6.547623634338379,95400,0.0,0.0
1987-06-22,0.0,6.731201648712158,6.547623421929099,6.731201648712158,30000,0.0,0.0
1987-06-23,0.0,6.731201880568758,6.608816391831144,6.670009136199951,45000,0.0,0.0
1987-06-24,0.0,6.792394373151991,6.608816146850586,6.608816146850586,40400,0.0,0.0
1987-06-25,0.0,6.731201867076837,6.547623634338378,6.547623634338379,20400,0.0,0.0
1987-06-26,0.0,6.608816128856731,6.364045161121297,6.486430644989014,41600,0.0,0.0
1987-06-29,0.0,6.486430626649123,6.302852401366601,6.364045143127441,9600,0.0,0.0
1987-06-30,0.0,6.425238104149847,6.119274384904616,6.180467128753662,45200,0.0,0.0
1987-07-01,0.0,6.364045143127442,6.180466917844919,6.364045143127441,29200,0.0,0.0
1987-07-02,0.0,6.792394638061524,6.302852682165198,6.792394638061523,103800,0.0,0.0
1987-07-06,0.0,6.9147801270356055,6.792394638061524,6.792394638061523,37400,0.0,0.0
1987-07-07,0.0,6.853587369306372,6.670009136199951,6.670009136199951,35000,0.0,0.0
1987-07-08,0.0,6.7923946249375655,6.670009136199951,6.670009136199951,20800,0.0,0.0
1987-07-09,0.0,7.037165629125274,6.670009161518738,6.914780139923096,31400,0.0,0.0
1987-07-10,0.0,6.975972617756237,6.731201648712158,6.731201648712158,35600,0.0,0.0
1987-07-13,0.0,6.8535873825485645,6.608816404600402,6.792394638061523,47800,0.0,0.0
1987-07-14,0.0,6.792394373151991,6.608816146850586,6.608816146850586,61600,0.0,0.0
1987-07-15,0.0,6.731201880568758,6.670009136199951,6.670009136199951,15800,0.0,0.0
1987-07-16,0.0,6.731201867076837,6.547623634338378,6.547623634338379,17000,0.0,0.0
1987-07-17,0.0,6.731201648712158,6.547623421929099,6.731201648712158,68800,0.0,0.0
1987-07-20,0.0,6.731201631051523,6.608816146850586,6.608816146850586,345600,0.0,0.0
1987-07-21,0.0,6.608816146850586,6.608816146850586,6.608816146850586,11000,0.0,0.0
1987-07-22,0.0,6.608816378584532,6.425238145846072,6.547623634338379,16400,0.0,0.0
1987-07-23,0.0,6.608816350548012,6.302852630615234,6.302852630615234,33000,0.0,0.0
1987-07-24,0.0,6.425238118588346,6.302852630615234,6.302852630615234,9800,0.0,0.0
1987-07-27,0.0,6.425238118588346,6.241659886628678,6.302852630615234,20200,0.0,0.0
1987-07-28,0.0,6.302852382846907,6.241659641265869,6.241659641265869,10600,0.0,0.0
1987-07-29,0.0,6.425237866008983,6.241659641265869,6.241659641265869,48800,0.0,0.0
1987-07-30,0.0,6.425238104149847,6.180467128753662,6.180467128753662,61000,0.0,0.0
1987-07-31,0.0,6.302852616451754,6.180467128753662,6.180467128753662,62400,0.0,0.0
1987-08-03,0.0,6.302852363586426,6.119274139404297,6.119274139404297,20200,0.0,0.0
1987-08-04,0.0,6.302852630615234,6.119274398655567,6.302852630615234,29800,0.0,0.0
1987-08-05,0.0,6.670008888951054,6.1192742100468385,6.608816146850586,98000,0.0,0.0
1987-08-06,0.0,6.7923946249375655,6.608816391831144,6.670009136199951,68400,0.0,0.0
1987-08-07,0.0,6.731201880568758,6.608816391831144,6.670009136199951,33200,0.0,0.0
1987-08-10,0.0,6.731201867076837,6.547623634338378,6.547623634338379,67600,0.0,0.0
1987-08-11,0.0,6.975972635405404,6.608816180910383,6.8535871505737305,461800,0.0,0.0
1987-08-12,0.0,6.975972617756237,6.731201648712158,6.731201648712158,47200,0.0,0.0
1987-08-13,0.0,6.975972871522647,6.731201893574483,6.792394638061523,60000,0.0,0.0
1987-08-14,0.0,6.914780099815297,6.486430890092225,6.547623634338379,47600,0.0,0.0
1987-08-17,0.0,6.670009136199951,6.547623647462338,6.670009136199951,30400,0.0,0.0
1987-08-18,0.0,6.7923946249375655,6.547623647462338,6.670009136199951,55400,0.0,0.0
1987-08-19,0.0,6.914780139923096,6.670009161518738,6.914780139923096,67400,0.0,0.0
1987-08-20,0.0,7.098358154296875,6.853587183459052,7.098358154296875,59800,0.0,0.0
1987-08-21,0.0,7.526707649230958,7.037165688305367,7.526707649230957,865800,0.0,0.0
1987-08-24,0.0,7.955056877136231,7.526707660675049,7.649093151092529,125000,0.0,0.0
1987-08-25,0.0,8.016249410922711,7.649092949353731,7.955056667327881,138800,0.0,0.0
1987-08-26,0.0,8.07744215451754,7.832671180138221,7.955056667327881,138200,0.0,0.0
1987-08-27,0.0,8.077441903047783,7.771478194599004,7.893863677978516,133600,0.0,0.0
1987-08-28,0.0,7.832671362506457,7.404322147369385,7.404322147369385,68200,0.0,0.0
1987-08-31,0.0,7.587900161743164,7.343129188783707,7.587900161743164,22000,0.0,0.0
1987-09-01,0.0,7.710285884578054,7.465514904115259,7.526707649230957,72600,0.0,0.0
1987-09-02,0.0,7.526707386970519,7.343129158020019,7.3431291580200195,71000,0.0,0.0
1987-09-03,0.0,7.404322147369385,7.281936657330222,7.404322147369385,77600,0.0,0.0
1987-09-04,0.0,7.465514892388967,7.281936657330222,7.404322147369385,137600,0.0,0.0
1987-09-08,0.0,7.465514854762866,6.853587407651155,7.037165641784668,65200,0.0,0.0
1987-09-09,0.0,7.037165395000524,6.91477990987008,6.975972652435303,18200,0.0,0.0
1987-09-10,0.0,7.098358120237078,6.8535871505737305,6.8535871505737305,66200,0.0,0.0
1987-09-11,0.0,7.098358154296875,6.853587183459052,7.098358154296875,65000,0.0,0.0
1987-09-14,0.0,7.220743875918181,7.037165641784668,7.037165641784668,21400,0.0,0.0
1987-09-15,0.0,7.037165395000524,6.91477990987008,6.975972652435303,20600,0.0,0.0
1987-09-16,0.0,6.975972635405404,6.8535871505737305,6.8535871505737305,17800,0.0,0.0
1987-09-17,0.0,6.975972635405404,6.8535871505737305,6.8535871505737305,17600,0.0,0.0
1987-09-18,0.0,6.975972652435302,6.853587167304858,6.975972652435303,4000,0.0,0.0
1987-09-21,0.0,6.975972617756237,6.731201648712158,6.731201648712158,90400,0.0,0.0
1987-09-22,0.0,6.8535873825485645,6.670009149087442,6.792394638061523,24000,0.0,0.0
1987-09-23,0.0,6.8535871505737305,6.792394408157893,6.8535871505737305,16000,0.0,0.0
1987-09-24,0.0,6.8535871505737305,6.792394408157893,6.8535871505737305,48200,0.0,0.0
1987-09-25,0.0,6.975972652435302,6.792394424739636,6.975972652435303,40400,0.0,0.0
1987-09-28,0.0,6.975972635405404,6.8535871505737305,6.8535871505737305,29600,0.0,0.0
1987-09-29,0.0,6.914779892989567,6.8535871505737305,6.8535871505737305,14200,0.0,0.0
1987-09-30,0.0,6.9147801270356055,6.792394638061524,6.792394638061523,57200,0.0,0.0
1987-10-01,0.0,6.9147801270356055,6.792394638061524,6.792394638061523,55400,0.0,0.0
1987-10-02,0.0,6.914780139923096,6.792394650720917,6.914780139923096,14200,0.0,0.0
1987-10-05,0.0,7.526707649230958,6.85358745295827,7.526707649230957,71600,0.0,0.0
1987-10-06,0.0,7.649093127447712,7.3431294023498035,7.404322147369385,242800,0.0,0.0
1987-10-07,0.0,7.281936382425242,7.037165411587419,7.098358154296875,52400,0.0,0.0
1987-10-08,0.0,7.159551118327453,6.914780139923096,6.914780139923096,24200,0.0,0.0
1987-10-09,0.0,6.975972884524185,6.853587395322006,6.914780139923096,32000,0.0,0.0
1987-10-12,0.0,6.975972635405404,6.8535871505737305,6.8535871505737305,33800,0.0,0.0
1987-10-13,0.0,7.098358154296875,6.9147799261685075,7.098358154296875,28200,0.0,0.0
1987-10-14,0.0,7.098358154296875,6.975972668877963,7.098358154296875,10200,0.0,0.0
1987-10-15,0.0,7.037165395000524,6.853587167304858,6.975972652435303,23400,0.0,0.0
1987-10-16,0.0,6.853587369306372,6.670009136199951,6.670009136199951,55800,0.0,0.0
1987-10-19,0.0,6.670009273952908,5.384961615668403,5.507347106933594,99000,0.0,0.0
1987-10-20,0.0,5.446154259346628,4.4670703475539755,4.528263092041016,71000,0.0,0.0
1987-10-21,0.0,5.262576067447662,4.528263127803802,4.895419597625732,128600,0.0,0.0
1987-10-22,0.0,4.895419311523438,4.467070121765137,4.589455604553223,106400,0.0,0.0
1987-10-23,0.0,4.467070320674352,4.099913855961391,4.283492088317871,78200,0.0,0.0
1987-10-26,0.0,4.3446847952329195,3.9775283336639404,3.9775283336639404,49800,0.0,0.0
1987-10-27,0.0,4.283492035335964,3.732757345078483,3.855142831802368,111800,0.0,0.0
1987-10-28,0.0,3.85514280796051,3.610371836026509,3.6715645790100098,107800,0.0,0.0
1987-10-29,0.0,3.9163355827331547,3.6715646088123326,3.9163355827331543,176200,0.0,0.0
1987-10-30,0.0,4.283492088317871,3.916335623604911,4.283492088317871,198000,0.0,0.0
1987-11-02,0.0,4.650648593902588,4.222299381306297,4.650648593902588,104800,0.0,0.0
1987-11-03,0.0,4.6506485674116345,4.283492101563347,4.405877590179443,56600,0.0,0.0
1987-11-04,0.0,4.711841325502139,4.099913880631731,4.528263092041016,89000,0.0,0.0
1987-11-05,0.0,5.078997594338876,4.650648399635597,4.9566121101379395,69400,0.0,0.0
1987-11-06,0.0,5.078997832536698,4.895419597625732,4.895419597625732,29200,0.0,0.0
1987-11-09,0.0,5.0178050875663756,4.895419597625732,4.895419597625732,13200,0.0,0.0
1987-11-10,0.0,4.895419597625732,4.83422685265541,4.895419597625732,5600,0.0,0.0
1987-11-11,0.0,5.140190601348877,4.895419620332263,5.140190601348877,20200,0.0,0.0
1987-11-12,0.0,5.20138334660303,5.01780511084057,5.140190601348877,102800,0.0,0.0
1987-11-13,0.0,5.20138334660303,5.078997856094723,5.140190601348877,73200,0.0,0.0
1987-11-16,0.0,5.201383113861084,5.078997628829058,5.201383113861084,31200,0.0,0.0
1987-11-17,0.0,5.20138334660303,5.078997856094723,5.140190601348877,43000,0.0,0.0
1987-11-18,0.0,5.140190601348877,5.01780511084057,5.140190601348877,173600,0.0,0.0
1987-11-19,0.0,5.140190354312759,5.017804869686264,5.078997611999512,225600,0.0,0.0
1987-11-20,0.0,5.140190601348877,5.078997856094723,5.140190601348877,175000,0.0,0.0
1987-11-23,0.0,5.140190601348877,5.078997856094723,5.140190601348877,48200,0.0,0.0
1987-11-24,0.0,5.20138334660303,5.078997856094723,5.140190601348877,52600,0.0,0.0
1987-11-25,0.0,5.20138334660303,5.078997856094723,5.140190601348877,86800,0.0,0.0
1987-11-27,0.0,5.201383096626006,5.078997611999512,5.078997611999512,10400,0.0,0.0
1987-11-30,0.0,5.20138334660303,5.01780511084057,5.140190601348877,187000,0.0,0.0
1987-12-01,0.0,5.201383096626006,5.017804869686264,5.078997611999512,226400,0.0,0.0
1987-12-02,0.0,5.140190354312759,5.078997611999512,5.078997611999512,134200,0.0,0.0
1987-12-03,0.0,5.140190589718703,4.9566123543716065,5.017805099487305,134200,0.0,0.0
1987-12-04,0.0,5.017805099487306,4.8954196092559075,5.017805099487305,49000,0.0,0.0
1987-12-07,0.0,4.956612092030199,4.834226608276367,4.834226608276367,96400,0.0,0.0
1987-12-08,0.0,4.956612092030199,4.834226608276367,4.834226608276367,18000,0.0,0.0
1987-12-09,0.0,4.956612092030199,4.834226608276367,4.834226608276367,55800,0.0,0.0
1987-12-10,0.0,4.8954195853991385,4.77303409576416,4.77303409576416,42200,0.0,0.0
1987-12-11,0.0,4.8954195853991385,4.77303409576416,4.77303409576416,20800,0.0,0.0
1987-12-14,0.0,4.8954195853991385,4.77303409576416,4.77303409576416,76000,0.0,0.0
1987-12-15,0.0,4.895419350153284,4.773033866399452,4.834226608276367,47600,0.0,0.0
1987-12-16,0.0,4.895419597625732,4.773034107685089,4.895419597625732,33000,0.0,0.0
1987-12-17,0.0,4.8954195853991385,4.711841350946671,4.77303409576416,93400,0.0,0.0
1987-12-18,0.0,5.078997594338876,4.7730338838365345,4.9566121101379395,91800,0.0,0.0
1987-12-21,0.0,5.078997844603004,4.9566123543716065,5.017805099487305,44400,0.0,0.0
1987-12-22,0.0,5.078997611999512,5.017804869686264,5.078997611999512,38400,0.0,0.0
1987-12-23,0.0,5.140190354312759,5.078997611999512,5.078997611999512,30200,0.0,0.0
1987-12-24,0.0,5.140190354312759,5.078997611999512,5.078997611999512,20200,0.0,0.0
1987-12-28,0.0,5.140190577507019,4.895419597625732,4.895419597625732,81200,0.0,0.0
1987-12-29,0.0,4.956612092030199,4.773033866399452,4.834226608276367,97400,0.0,0.0
1987-12-30,0.0,4.8342265896982966,4.650648364773045,4.711841106414795,420000,0.0,0.0
1987-12-31,0.0,4.773034083215814,4.589455849245975,4.650648593902588,495400,0.0,0.0
1988-01-04,0.0,4.711841106414795,4.589455623131294,4.711841106414795,44600,0.0,0.0
1988-01-05,0.0,4.834226608276367,4.6506483826456195,4.834226608276367,69600,0.0,0.0
1988-01-06,0.0,5.140190589718703,4.834226864140208,5.017805099487305,57200,0.0,0.0
1988-01-07,0.0,5.507347106933594,5.01780514187283,5.507347106933594,72400,0.0,0.0
1988-01-08,0.0,5.568539830141289,5.262576103210449,5.262576103210449,47800,0.0,0.0
1988-01-11,0.0,5.3237685812525,5.078997611999512,5.078997611999512,72800,0.0,0.0
1988-01-12,0.0,5.140190564669095,4.77303409576416,4.77303409576416,34400,0.0,0.0
1988-01-13,0.0,4.834226608276367,4.773033866399452,4.834226608276367,11200,0.0,0.0
1988-01-14,0.0,4.8954195853991385,4.77303409576416,4.77303409576416,53400,0.0,0.0
1988-01-15,0.0,4.956612330216627,4.77303409576416,4.77303409576416,20200,0.0,0.0
1988-01-18,0.0,4.895419597625732,4.773034107685089,4.895419597625732,12600,0.0,0.0
1988-01-19,0.0,4.8954195853991385,4.77303409576416,4.77303409576416,20600,0.0,0.0
1988-01-20,0.0,4.77303409576416,4.77303409576416,4.77303409576416,39400,0.0,0.0
1988-01-21,0.0,4.834226840581649,4.711841350946671,4.77303409576416,9000,0.0,0.0
1988-01-22,0.0,4.8342265896982966,4.711841106414795,4.711841106414795,72000,0.0,0.0
1988-01-25,0.0,4.834226840581649,4.711841350946671,4.77303409576416,10800,0.0,0.0
1988-01-26,0.0,4.834226840581649,4.77303409576416,4.77303409576416,22000,0.0,0.0
1988-01-27,0.0,4.77303409576416,4.711841350946671,4.77303409576416,10800,0.0,0.0
1988-01-28,0.0,4.9566123425960535,4.773034107685089,4.895419597625732,90400,0.0,0.0
1988-01-29,0.0,5.0178050875663756,4.83422685265541,4.895419597625732,19400,0.0,0.0
1988-02-01,0.0,5.078997611999512,4.89541938505977,5.078997611999512,21400,0.0,0.0
1988-02-02,0.0,4.9566121101379395,4.895419368037471,4.9566121101379395,23000,0.0,0.0
1988-02-03,0.0,5.0178050875663756,4.83422685265541,4.895419597625732,19600,0.0,0.0
1988-02-04,0.0,4.9566121101379395,4.834226625937003,4.9566121101379395,17800,0.0,0.0
1988-02-05,0.0,4.9566123425960535,4.83422685265541,4.895419597625732,6600,0.0,0.0
1988-02-08,0.0,4.9566121101379395,4.834226625937003,4.9566121101379395,11400,0.0,0.0
1988-02-09,0.0,4.9566121101379395,4.834226625937003,4.9566121101379395,1600,0.0,0.0
1988-02-10,0.0,4.9566121101379395,4.895419368037471,4.9566121101379395,20000,0.0,0.0
1988-02-11,0.0,5.017804852238408,4.895419368037471,4.9566121101379395,25400,0.0,0.0
1988-02-12,0.0,5.0178050875663756,4.895419597625732,4.895419597625732,16800,0.0,0.0
1988-02-16,0.0,5.140190354312759,4.89541938505977,5.078997611999512,58600,0.0,0.0
1988-02-17,0.0,5.262576091857183,5.140190601348877,5.140190601348877,28800,0.0,0.0
1988-02-18,0.0,5.507347106933594,5.140190633138021,5.507347106933594,110200,0.0,0.0
1988-02-19,0.0,6.670008851931646,5.384961274953989,6.364045143127441,285400,0.0,0.0
1988-02-22,0.0,6.486430876595634,6.0580816677638465,6.425238132476807,94400,0.0,0.0
1988-02-23,0.0,6.425238104149847,6.180467128753662,6.180467128753662,59400,0.0,0.0
1988-02-24,0.0,6.364045360300801,6.180467128753662,6.180467128753662,42200,0.0,0.0
1988-02-25,0.0,6.180466861140971,5.996888637542724,5.996888637542725,29600,0.0,0.0
1988-02-26,0.0,6.119274340177837,5.813310623168945,5.813310623168945,72600,0.0,0.0
1988-02-29,0.0,5.996888637542724,5.813310413944477,5.996888637542725,87200,0.0,0.0
1988-03-01,0.0,6.058081358671188,5.874503135681152,5.874503135681152,37600,0.0,0.0
1988-03-02,0.0,5.99688861767451,5.874503135681152,5.874503135681152,16200,0.0,0.0
1988-03-03,0.0,5.99688885337428,5.813310623168945,5.813310623168945,18000,0.0,0.0
1988-03-04,0.0,5.8745036023728385,5.752118110656738,5.752118110656738,14400,0.0,0.0
1988-03-07,0.0,5.935695876677831,5.752117653687795,5.874503135681152,86800,0.0,0.0
1988-03-08,0.0,6.119274099667867,5.813310394684474,5.874503135681152,101600,0.0,0.0
1988-03-09,0.0,5.99688861767451,5.874503135681152,5.874503135681152,72600,0.0,0.0
1988-03-10,0.0,5.874503366570724,5.690925136365388,5.813310623168945,23200,0.0,0.0
1988-03-11,0.0,5.752118100290713,5.507347117299619,5.629732608795166,63800,0.0,0.0
1988-03-14,0.0,5.996888637542724,5.5073467079473994,5.996888637542725,65200,0.0,0.0
1988-03-15,0.0,5.996888637542724,5.874503155143893,5.996888637542725,57000,0.0,0.0
1988-03-16,0.0,6.119274139404297,5.935695915222168,6.119274139404297,59000,0.0,0.0
1988-03-17,0.0,6.180467114304052,6.05808162689209,6.05808162689209,6000,0.0,0.0
1988-03-18,0.0,6.180467114304052,6.05808162689209,6.05808162689209,19000,0.0,0.0
1988-03-21,0.0,6.058081612144549,5.8745033814735015,5.935696125030518,45200,0.0,0.0
1988-03-22,0.0,6.302852382846907,5.874503191779642,6.241659641265869,70800,0.0,0.0
1988-03-23,0.0,6.241659641265869,6.119274158103793,6.241659641265869,24200,0.0,0.0
1988-03-24,0.0,6.18046709925858,5.935696125030518,5.935696125030518,69400,0.0,0.0
1988-03-25,0.0,5.996888637542724,5.874503155143893,5.996888637542725,75600,0.0,0.0
1988-03-28,0.0,5.996888637542724,5.874503155143893,5.996888637542725,39800,0.0,0.0
1988-03-29,0.0,6.119274139404297,5.935695915222168,6.119274139404297,35000,0.0,0.0
1988-03-30,0.0,6.302852630615234,5.9356961666959,6.302852630615234,61800,0.0,0.0
1988-03-31,0.0,6.302852630615234,6.119274398655567,6.302852630615234,40400,0.0,0.0
1988-04-04,0.0,6.241659858010032,6.05808162689209,6.05808162689209,26600,0.0,0.0
1988-04-05,0.0,6.241659641265869,6.119274158103793,6.241659641265869,18200,0.0,0.0
1988-04-06,0.0,6.302852630615234,6.119274398655567,6.302852630615234,24400,0.0,0.0
1988-04-07,0.0,6.425238118588346,6.180467142642122,6.302852630615234,56000,0.0,0.0
1988-04-08,0.0,6.670009136199951,6.30285266998711,6.670009136199951,86000,0.0,0.0
1988-04-11,0.0,6.731201631051523,6.608816146850586,6.608816146850586,29600,0.0,0.0
1988-04-12,0.0,6.731201867076837,6.547623634338378,6.547623634338379,27000,0.0,0.0
1988-04-13,0.0,6.608816128856731,6.425237903055155,6.486430644989014,34200,0.0,0.0
1988-04-14,0.0,6.425238104149847,6.180467128753662,6.180467128753662,45200,0.0,0.0
1988-04-15,0.0,6.180467128753662,6.05808164105557,6.180467128753662,31200,0.0,0.0
1988-04-18,0.0,6.241659641265869,6.0580814165227554,6.241659641265869,34600,0.0,0.0
1988-04-19,0.0,6.5476233684099645,6.302852401366601,6.364045143127441,85600,0.0,0.0
1988-04-20,0.0,6.486430862574901,6.302852630615234,6.302852630615234,39600,0.0,0.0
1988-04-21,0.0,6.425237884888283,6.302852401366601,6.364045143127441,31400,0.0,0.0
1988-04-22,0.0,6.547623634338378,6.364045401599919,6.547623634338379,492000,0.0,0.0
1988-04-25,0.0,6.547623634338378,6.486430890092225,6.547623634338379,15000,0.0,0.0
1988-04-26,0.0,6.731201880568758,6.486430903093531,6.670009136199951,40200,0.0,0.0
1988-04-27,0.0,6.670009122830685,6.425238145846072,6.547623634338379,40200,0.0,0.0
1988-04-28,0.0,6.547623386922872,6.486430644989014,6.486430644989014,10800,0.0,0.0
1988-04-29,0.0,6.547623634338378,6.486430890092225,6.547623634338379,10800,0.0,0.0
1988-05-02,0.0,6.608816128856731,6.486430644989014,6.486430644989014,14600,0.0,0.0
1988-05-03,0.0,6.608816378584532,6.486430890092225,6.547623634338379,40400,0.0,0.0
1988-05-04,0.0,6.8535873825485645,6.48643091562632,6.792394638061523,53400,0.0,0.0
1988-05-05,0.0,6.7923946249375655,6.547623647462338,6.670009136199951,54000,0.0,0.0
1988-05-06,0.0,6.608816070556641,6.119274139404297,6.119274139404297,96600,0.0,0.0
1988-05-09,0.0,6.180467114304052,5.935696139480129,6.05808162689209,32200,0.0,0.0
1988-05-10,0.0,6.058081612144549,5.813310637916486,5.935696125030518,25600,0.0,0.0
1988-05-11,0.0,6.119274139404297,5.813310432434083,6.119274139404297,33400,0.0,0.0
1988-05-12,0.0,6.11927437059807,5.996888883186109,6.05808162689209,33800,0.0,0.0
1988-05-13,0.0,6.18046688079834,6.119274139404297,6.119274139404297,32400,0.0,0.0
1988-05-16,0.0,6.180467114304052,6.05808162689209,6.05808162689209,34200,0.0,0.0
1988-05-17,0.0,6.180466861140971,5.996888637542724,5.996888637542725,33600,0.0,0.0
1988-05-18,0.0,5.99688885337428,5.813310623168945,5.813310623168945,16600,0.0,0.0
1988-05-19,0.0,5.813310591729132,5.507346876374967,5.568539619445801,54800,0.0,0.0
1988-05-20,0.0,5.568539841608568,5.32376885955984,5.3849616050720215,40800,0.0,0.0
1988-05-23,0.0,5.446154350584204,5.201383368535476,5.3849616050720215,35600,0.0,0.0
1988-05-24,0.0,5.384961358432112,5.2625758730132,5.323768615722656,12600,0.0,0.0
1988-05-25,0.0,5.446154350584204,5.262576114047658,5.3849616050720215,46600,0.0,0.0
1988-05-26,0.0,5.384961605072022,5.32376885955984,5.3849616050720215,6000,0.0,0.0
1988-05-27,0.0,5.38496158236549,5.078997856094723,5.140190601348877,79600,0.0,0.0
1988-05-31,0.0,5.201383113861084,5.078997628829058,5.201383113861084,48800,0.0,0.0
1988-06-01,0.0,5.446154350584204,5.201383368535476,5.3849616050720215,45600,0.0,0.0
1988-06-02,0.0,5.384961358432112,5.2625758730132,5.323768615722656,22000,0.0,0.0
1988-06-03,0.0,5.384961605072022,5.262576114047658,5.3849616050720215,32200,0.0,0.0
1988-06-06,0.0,5.384961358432112,5.140190387594289,5.323768615722656,26600,0.0,0.0
1988-06-07,0.0,5.323768848596617,5.262576103210449,5.262576103210449,20400,0.0,0.0
1988-06-08,0.0,5.384961605072022,5.201383368535476,5.3849616050720215,30000,0.0,0.0
1988-06-09,0.0,5.5685398525661896,5.384961615668403,5.507347106933594,24800,0.0,0.0
1988-06-10,0.0,5.5685396033726375,5.4461541175842285,5.4461541175842285,22000,0.0,0.0
1988-06-13,0.0,5.446154083925135,5.201383113861084,5.201383113861084,24800,0.0,0.0
1988-06-14,0.0,5.384961341409122,5.201383113861084,5.201383113861084,36600,0.0,0.0
1988-06-15,0.0,5.323768848596617,5.262576103210449,5.262576103210449,9000,0.0,0.0
1988-06-16,0.0,5.262575856377097,5.078997628829058,5.201383113861084,184400,0.0,0.0
1988-06-17,0.0,5.262575838939253,5.078997611999512,5.078997611999512,10400,0.0,0.0
1988-06-20,0.0,5.201383113861084,5.078997628829058,5.201383113861084,71200,0.0,0.0
1988-06-21,0.0,5.262576103210449,5.078997867051946,5.262576103210449,19200,0.0,0.0
1988-06-22,0.0,5.384961605072022,5.32376885955984,5.3849616050720215,60000,0.0,0.0
1988-06-23,0.0,5.629732608795166,5.384961625804071,5.629732608795166,56600,0.0,0.0
1988-06-24,0.0,5.874503135681152,5.568539430697759,5.874503135681152,75400,0.0,0.0
1988-06-27,0.0,5.87450359178626,5.629732608795166,5.629732608795166,84200,0.0,0.0
1988-06-28,0.0,5.813310623168945,5.62973239296361,5.813310623168945,68800,0.0,0.0
1988-06-29,0.0,5.8745033510269655,5.690925121307373,5.690925121307373,32600,0.0,0.0
1988-06-30,0.0,5.813310623168945,5.690925136365388,5.813310623168945,9200,0.0,0.0
1988-07-01,0.0,5.813310607787102,5.690925121307373,5.690925121307373,18600,0.0,0.0
1988-07-05,0.0,5.813310856514788,5.690925364798687,5.752118110656738,3600,0.0,0.0
1988-07-06,0.0,5.813310607787102,5.690925121307373,5.690925121307373,7200,0.0,0.0
1988-07-07,0.0,5.813310623168945,5.690925136365388,5.813310623168945,16400,0.0,0.0
1988-07-08,0.0,5.813310607787102,5.690925121307373,5.690925121307373,50400,0.0,0.0
1988-07-11,0.0,5.7521178645472375,5.690925121307373,5.690925121307373,9600,0.0,0.0
1988-07-12,0.0,5.813310607787102,5.690925121307373,5.690925121307373,11800,0.0,0.0
1988-07-13,0.0,5.935696109972501,5.752117879767167,5.813310623168945,46000,0.0,0.0
1988-07-14,0.0,6.058081612144549,5.8745033814735015,5.935696125030518,73600,0.0,0.0
1988-07-15,0.0,6.058081612144549,5.935696125030518,5.935696125030518,4800,0.0,0.0
1988-07-18,0.0,6.058081358671188,5.874503135681152,5.874503135681152,46200,0.0,0.0
1988-07-19,0.0,5.99688909408894,5.752118110656738,5.752118110656738,45600,0.0,0.0
1988-07-20,0.0,5.813310856514788,5.752118110656738,5.752118110656738,8000,0.0,0.0
1988-07-21,0.0,5.813310607787102,5.690925121307373,5.690925121307373,24000,0.0,0.0
1988-07-22,0.0,5.7521178645472375,5.690925121307373,5.690925121307373,82400,0.0,0.0
1988-07-25,0.0,5.874503135681152,5.690924912691116,5.874503135681152,28000,0.0,0.0
1988-07-26,0.0,5.8745033510269655,5.690925121307373,5.690925121307373,30000,0.0,0.0
1988-07-27,0.0,5.813310607787102,5.690925121307373,5.690925121307373,20000,0.0,0.0
1988-07-28,0.0,5.752118110656738,5.690925364798687,5.752118110656738,61200,0.0,0.0
1988-07-29,0.0,5.813310856514788,5.690925364798687,5.752118110656738,200200,0.0,0.0
1988-08-01,0.0,5.8745033510269655,5.690925121307373,5.690925121307373,51000,0.0,0.0
1988-08-02,0.0,5.752117796505199,5.201383113861084,5.201383113861084,185600,0.0,0.0
1988-08-03,0.0,5.323768615722656,5.2013831303037446,5.323768615722656,64800,0.0,0.0
1988-08-04,0.0,5.323768837111337,5.140190601348877,5.140190601348877,124800,0.0,0.0
1988-08-05,0.0,5.20138334660303,5.078997856094723,5.140190601348877,66200,0.0,0.0
1988-08-08,0.0,5.262576103210449,5.140190612438113,5.262576103210449,20000,0.0,0.0
1988-08-09,0.0,5.140190354312759,5.078997611999512,5.078997611999512,39800,0.0,0.0
1988-08-10,0.0,5.140190354312759,5.078997611999512,5.078997611999512,26800,0.0,0.0
1988-08-11,0.0,5.140190354312759,5.078997611999512,5.078997611999512,33400,0.0,0.0
1988-08-12,0.0,5.384961358432112,5.078997644884833,5.323768615722656,31200,0.0,0.0
1988-08-15,0.0,5.384961341409122,5.201383113861084,5.201383113861084,26800,0.0,0.0
1988-08-16,0.0,5.446154101141568,5.2013831303037446,5.323768615722656,23800,0.0,0.0
1988-08-17,0.0,5.568539568957161,5.201383113861084,5.201383113861084,45800,0.0,0.0
1988-08-18,0.0,5.32376859889311,5.201383113861084,5.201383113861084,19600,0.0,0.0
1988-08-19,0.0,5.323768837111337,5.140190601348877,5.140190601348877,12000,0.0,0.0
1988-08-22,0.0,5.201383096626006,5.078997611999512,5.078997611999512,114600,0.0,0.0
1988-08-23,0.0,5.201383334834402,4.9566123543716065,5.017805099487305,72800,0.0,0.0
1988-08-24,0.0,5.140190601348877,4.956612365586417,5.140190601348877,26000,0.0,0.0
1988-08-25,0.0,5.323768837111337,5.078997856094723,5.140190601348877,49000,0.0,0.0
1988-08-26,0.0,5.20138334660303,5.140190601348877,5.140190601348877,21000,0.0,0.0
1988-08-29,0.0,5.507347096096386,5.140190623023294,5.3849616050720215,29800,0.0,0.0
1988-08-30,0.0,5.5685398525661896,5.384961615668403,5.507347106933594,20600,0.0,0.0
1988-08-31,0.0,5.5685396194458,5.384961390233301,5.568539619445801,16800,0.0,0.0
1988-09-01,0.0,5.507346860478433,5.323768631795819,5.4461541175842285,34800,0.0,0.0
1988-09-02,0.0,5.446154350584204,5.32376885955984,5.3849616050720215,36800,0.0,0.0
1988-09-06,0.0,5.5685396194458,5.384961390233301,5.568539619445801,9400,0.0,0.0
1988-09-07,0.0,5.5685398525661896,5.446154361300998,5.507347106933594,30200,0.0,0.0
1988-09-08,0.0,5.5685398525661896,5.446154361300998,5.507347106933594,4200,0.0,0.0
1988-09-09,0.0,5.5685396033726375,5.4461541175842285,5.4461541175842285,10600,0.0,0.0
1988-09-12,0.0,5.507346860478433,5.4461541175842285,5.4461541175842285,16000,0.0,0.0
1988-09-13,0.0,5.568539841608568,5.32376885955984,5.3849616050720215,26200,0.0,0.0
1988-09-14,0.0,5.384961593982785,5.201383357824281,5.262576103210449,27600,0.0,0.0
1988-09-15,0.0,5.3237685812525,5.078997611999512,5.078997611999512,35800,0.0,0.0
1988-09-16,0.0,5.201383113861084,4.956612143797033,5.201383113861084,81400,0.0,0.0
1988-09-19,0.0,5.201383096626006,5.078997611999512,5.078997611999512,16600,0.0,0.0
1988-09-20,0.0,5.201383096626006,5.078997611999512,5.078997611999512,32600,0.0,0.0
1988-09-21,0.0,5.20138334660303,5.078997856094723,5.140190601348877,27600,0.0,0.0
1988-09-22,0.0,5.140190601348877,4.956612365586417,5.140190601348877,86000,0.0,0.0
1988-09-23,0.0,5.078997594338876,4.9566121101379395,4.9566121101379395,47200,0.0,0.0
1988-09-26,0.0,5.017804833907116,4.834226608276367,4.834226608276367,90000,0.0,0.0
1988-09-27,0.0,4.8954195853991385,4.77303409576416,4.77303409576416,48400,0.0,0.0
1988-09-28,0.0,4.895419597625732,4.773034107685089,4.895419597625732,35000,0.0,0.0
1988-09-29,0.0,4.8954193313400465,4.711841106414795,4.711841106414795,57600,0.0,0.0
1988-09-30,0.0,4.956612092030199,4.711841124522535,4.834226608276367,183400,0.0,0.0
1988-10-03,0.0,4.895419597625732,4.83422685265541,4.895419597625732,27400,0.0,0.0
1988-10-04,0.0,4.956612092030199,4.773033866399452,4.834226608276367,33600,0.0,0.0
1988-10-05,0.0,4.9566121101379395,4.895419368037471,4.9566121101379395,47200,0.0,0.0
1988-10-06,0.0,4.895419597625732,4.83422685265541,4.895419597625732,29400,0.0,0.0
1988-10-07,0.0,4.895419597625732,4.773034107685089,4.895419597625732,4200,0.0,0.0
1988-10-10,0.0,4.895419350153284,4.773033866399452,4.834226608276367,26600,0.0,0.0
1988-10-11,0.0,4.895419597625732,4.773034107685089,4.895419597625732,91600,0.0,0.0
1988-10-12,0.0,4.8954195853991385,4.77303409576416,4.77303409576416,9600,0.0,0.0
1988-10-13,0.0,4.834226840581649,4.77303409576416,4.77303409576416,118600,0.0,0.0
1988-10-14,0.0,4.834226840581649,4.77303409576416,4.77303409576416,35400,0.0,0.0
1988-10-17,0.0,4.834226840581649,4.77303409576416,4.77303409576416,8200,0.0,0.0
1988-10-18,0.0,4.9566121101379395,4.7730338838365345,4.9566121101379395,132400,0.0,0.0
1988-10-19,0.0,5.017804852238408,4.9566121101379395,4.9566121101379395,23400,0.0,0.0
1988-10-20,0.0,4.9566121101379395,4.895419368037471,4.9566121101379395,17400,0.0,0.0
1988-10-21,0.0,4.9566121101379395,4.895419368037471,4.9566121101379395,54400,0.0,0.0
1988-10-24,0.0,5.017804852238408,4.895419368037471,4.9566121101379395,89800,0.0,0.0
1988-10-25,0.0,4.9566123425960535,4.773034107685089,4.895419597625732,27600,0.0,0.0
1988-10-26,0.0,4.8954193313400465,4.589455623131294,4.711841106414795,134800,0.0,0.0
1988-10-27,0.0,4.711841338559201,4.589455849245975,4.650648593902588,55400,0.0,0.0
1988-10-28,0.0,4.711841106414795,4.589455623131294,4.711841106414795,42600,0.0,0.0
1988-10-31,0.0,4.711841087341309,4.589455604553223,4.589455604553223,26800,0.0,0.0
1988-11-01,0.0,4.711841106414795,4.650648364773045,4.711841106414795,122200,0.0,0.0
1988-11-02,0.0,4.711841106414795,4.650648364773045,4.711841106414795,57200,0.0,0.0
1988-11-03,0.0,4.711841325502139,4.528263092041016,4.528263092041016,95200,0.0,0.0
1988-11-04,0.0,4.589455584957174,4.46707010269165,4.46707010269165,167600,0.0,0.0
1988-11-07,0.0,4.589455584957174,4.283491879293363,4.46707010269165,266600,0.0,0.0
1988-11-08,0.0,4.405877590179443,4.283492101563347,4.405877590179443,44800,0.0,0.0
1988-11-09,0.0,4.46707010269165,4.344684620426126,4.46707010269165,9600,0.0,0.0
1988-11-10,0.0,4.528263092041016,4.344684858579893,4.528263092041016,54600,0.0,0.0
1988-11-11,0.0,4.589455584957174,4.344684620426126,4.46707010269165,35600,0.0,0.0
1988-11-14,0.0,4.589455584957174,4.405877361558888,4.46707010269165,80200,0.0,0.0
1988-11-15,0.0,4.589455604553223,4.405877380371094,4.589455604553223,77600,0.0,0.0
1988-11-16,0.0,4.589455584957174,4.46707010269165,4.46707010269165,13400,0.0,0.0
1988-11-17,0.0,4.589455823103586,4.405877590179443,4.405877590179443,118200,0.0,0.0
1988-11-18,0.0,4.467070334487491,4.344684845871395,4.405877590179443,13400,0.0,0.0
1988-11-21,0.0,4.467070082543601,4.283491859973316,4.344684600830078,169000,0.0,0.0
1988-11-22,0.0,4.405877341686839,4.344684600830078,4.344684600830078,15400,0.0,0.0
1988-11-23,0.0,4.344684600830078,4.344684600830078,4.344684600830078,2400,0.0,0.0
1988-11-25,0.0,4.405877590179443,4.344684845871395,4.405877590179443,3600,0.0,0.0
1988-11-28,0.0,4.405877590179443,4.283492101563347,4.405877590179443,61600,0.0,0.0
1988-11-29,0.0,4.467070334487491,4.344684845871395,4.405877590179443,62800,0.0,0.0
1988-11-30,0.0,4.467070082543601,4.344684600830078,4.344684600830078,54600,0.0,0.0
1988-12-01,0.0,4.650648593902588,4.405877615276136,4.650648593902588,42800,0.0,0.0
1988-12-02,0.0,4.711841087341309,4.52826286315918,4.589455604553223,51800,0.0,0.0
1988-12-05,0.0,4.773033848056546,4.650648364773045,4.711841106414795,27000,0.0,0.0
1988-12-06,0.0,4.77303409576416,4.650648606129181,4.77303409576416,184600,0.0,0.0
1988-12-07,0.0,4.956612092030199,4.711841124522535,4.834226608276367,43800,0.0,0.0
1988-12-08,0.0,4.956612092030199,4.773033866399452,4.834226608276367,36200,0.0,0.0
1988-12-09,0.0,4.9566123425960535,4.773034107685089,4.895419597625732,50000,0.0,0.0
1988-12-12,0.0,4.834226608276367,4.773033866399452,4.834226608276367,27000,0.0,0.0
1988-12-13,0.0,4.834226608276367,4.773033866399452,4.834226608276367,28200,0.0,0.0
1988-12-14,0.0,4.834226608276367,4.711841124522535,4.834226608276367,28600,0.0,0.0
1988-12-15,0.0,4.956612330216627,4.711841350946671,4.77303409576416,22800,0.0,0.0
1988-12-16,0.0,4.956612330216627,4.77303409576416,4.77303409576416,13000,0.0,0.0
1988-12-19,0.0,4.895419350153284,4.773033866399452,4.834226608276367,24000,0.0,0.0
1988-12-20,0.0,4.895419350153284,4.773033866399452,4.834226608276367,56200,0.0,0.0
1988-12-21,0.0,4.9566121101379395,4.7730338838365345,4.9566121101379395,92200,0.0,0.0
1988-12-22,0.0,4.9566123425960535,4.83422685265541,4.895419597625732,76600,0.0,0.0
1988-12-23,0.0,5.0178050875663756,4.895419597625732,4.895419597625732,27600,0.0,0.0
1988-12-27,0.0,5.078997832536698,4.895419597625732,4.895419597625732,41800,0.0,0.0
1988-12-28,0.0,5.017804852238408,4.834226625937003,4.9566121101379395,24600,0.0,0.0
1988-12-29,0.0,4.9566121101379395,4.834226625937003,4.9566121101379395,56800,0.0,0.0
1988-12-30,0.0,5.078997611999512,4.834226642746523,5.078997611999512,75200,0.0,0.0
1989-01-03,0.0,5.262575856377097,4.956612143797033,5.201383113861084,85400,0.0,0.0
1989-01-04,0.0,5.507347096096386,5.201383368535476,5.3849616050720215,72600,0.0,0.0
1989-01-05,0.0,5.4461541175842285,5.323768631795819,5.4461541175842285,14000,0.0,0.0
1989-01-06,0.0,5.446154101141568,5.323768615722656,5.323768615722656,19800,0.0,0.0
1989-01-09,0.0,5.446154350584204,5.32376885955984,5.3849616050720215,29800,0.0,0.0
1989-01-10,0.0,5.384961593982785,5.262576103210449,5.262576103210449,26600,0.0,0.0
1989-01-11,0.0,5.384961593982785,5.262576103210449,5.262576103210449,23000,0.0,0.0
1989-01-12,0.0,5.384961593982785,5.262576103210449,5.262576103210449,8400,0.0,0.0
1989-01-13,0.0,5.323768615722656,5.2625758730132,5.323768615722656,15000,0.0,0.0
1989-01-16,0.0,5.323768825065799,4.9566123543716065,5.017805099487305,128800,0.0,0.0
1989-01-17,0.0,5.0789978198516055,4.77303409576416,4.77303409576416,119200,0.0,0.0
1989-01-18,0.0,4.9566121101379395,4.834226625937003,4.9566121101379395,88400,0.0,0.0
1989-01-19,0.0,5.017804852238408,4.895419368037471,4.9566121101379395,23200,0.0,0.0
1989-01-20,0.0,4.9566121101379395,4.895419368037471,4.9566121101379395,32600,0.0,0.0
1989-01-23,0.0,4.9566121101379395,4.834226625937003,4.9566121101379395,48200,0.0,0.0
1989-01-24,0.0,4.9566121101379395,4.834226625937003,4.9566121101379395,11000,0.0,0.0
1989-01-25,0.0,5.4461541175842285,4.83422668864218,5.4461541175842285,87200,0.0,0.0
1989-01-26,0.0,5.446154101141568,5.323768615722656,5.323768615722656,9800,0.0,0.0
1989-01-27,0.0,5.629732608795166,5.323768880056298,5.629732608795166,91400,0.0,0.0
1989-01-30,0.0,6.058081612144549,5.507346920131408,5.935696125030518,122200,0.0,0.0
1989-01-31,0.0,6.0580813787421395,5.935695896343309,5.996888637542725,176400,0.0,0.0
1989-02-01,0.0,6.058081829029581,5.629732608795166,5.629732608795166,77800,0.0,0.0
1989-02-02,0.0,5.87450359178626,5.629732608795166,5.629732608795166,55000,0.0,0.0
1989-02-03,0.0,5.752118110656738,5.629732618940637,5.752118110656738,37000,0.0,0.0
1989-02-06,0.0,5.8745036023728385,5.752118110656738,5.752118110656738,45200,0.0,0.0
1989-02-07,0.0,5.935696125030518,5.75211789435947,5.935696125030518,74000,0.0,0.0
1989-02-08,0.0,5.935696348230889,5.752118110656738,5.752118110656738,33800,0.0,0.0
1989-02-09,0.0,5.7521178645472375,5.629732378067509,5.690925121307373,7200,0.0,0.0
1989-02-10,0.0,5.6297325981987845,5.507347106933594,5.507347106933594,18600,0.0,0.0
1989-02-13,0.0,5.6297325981987845,5.384961615668403,5.507347106933594,26000,0.0,0.0
1989-02-14,0.0,5.568539841608568,5.384961605072022,5.3849616050720215,15000,0.0,0.0
1989-02-15,0.0,5.507347106933594,5.384961615668403,5.507347106933594,10200,0.0,0.0
1989-02-16,0.0,5.507347106933594,5.384961615668403,5.507347106933594,22400,0.0,0.0
1989-02-17,0.0,5.629732362516633,5.446154133304134,5.568539619445801,37000,0.0,0.0
1989-02-21,0.0,5.7521178645472375,5.507346891587781,5.690925121307373,75600,0.0,0.0
1989-02-22,0.0,5.69092534383138,5.446154361300998,5.507347106933594,41800,0.0,0.0
1989-02-23,0.0,5.935695876677831,5.50734668970108,5.874503135681152,125400,0.0,0.0
1989-02-24,0.0,5.8745033510269655,5.690925121307373,5.690925121307373,39400,0.0,0.0
1989-02-27,0.0,5.7521178645472375,5.690925121307373,5.690925121307373,113400,0.0,0.0
1989-02-28,0.0,5.935696109972501,5.690925136365388,5.813310623168945,50400,0.0,0.0
1989-03-01,0.0,5.935696109972501,5.813310623168945,5.813310623168945,32600,0.0,0.0
1989-03-02,0.0,5.935696109972501,5.813310623168945,5.813310623168945,32800,0.0,0.0
1989-03-03,0.0,5.874503366570724,5.752117879767167,5.813310623168945,34800,0.0,0.0
1989-03-06,0.0,5.935696125030518,5.690925150802455,5.935696125030518,47200,0.0,0.0
1989-03-07,0.0,5.935696348230889,5.752118110656738,5.752118110656738,22400,0.0,0.0
1989-03-08,0.0,5.935695876677831,5.690924912691116,5.874503135681152,30400,0.0,0.0
1989-03-09,0.0,5.813310623168945,5.690925136365388,5.813310623168945,33200,0.0,0.0
1989-03-10,0.0,5.813310623168945,5.690925136365388,5.813310623168945,31000,0.0,0.0
1989-03-13,0.0,5.935696348230889,5.752118110656738,5.752118110656738,43000,0.0,0.0
1989-03-14,0.0,6.302852630615234,5.813310678722789,6.302852630615234,90000,0.0,0.0
1989-03-15,0.0,6.302852363586426,6.119274139404297,6.119274139404297,89000,0.0,0.0
1989-03-16,0.0,6.11927437059807,5.935696139480129,6.05808162689209,118800,0.0,0.0
1989-03-17,0.0,5.935696109972501,5.690925136365388,5.813310623168945,98200,0.0,0.0
1989-03-20,0.0,5.813310623168945,5.752117879767167,5.813310623168945,56200,0.0,0.0
1989-03-21,0.0,5.996888637542724,5.874503155143893,5.996888637542725,18200,0.0,0.0
1989-03-22,0.0,5.99688861767451,5.874503135681152,5.874503135681152,59400,0.0,0.0
1989-03-23,0.0,5.935696125030518,5.813310637916486,5.935696125030518,77600,0.0,0.0
1989-03-27,0.0,5.996888637542724,5.813310413944477,5.996888637542725,41800,0.0,0.0
1989-03-28,0.0,6.302852382846907,5.935695933360679,6.241659641265869,61200,0.0,0.0
1989-03-29,0.0,6.670008851931646,6.2416596596057605,6.364045143127441,180600,0.0,0.0
1989-03-30,0.0,6.425238104149847,6.180467128753662,6.180467128753662,57800,0.0,0.0
1989-03-31,0.0,6.302852363586426,6.119274139404297,6.119274139404297,34600,0.0,0.0
1989-04-03,0.0,6.302852630615234,6.119274398655567,6.302852630615234,18000,0.0,0.0
1989-04-04,0.0,6.302852363586426,6.119274139404297,6.119274139404297,32000,0.0,0.0
1989-04-05,0.0,6.3640453746017895,6.119274398655567,6.302852630615234,60600,0.0,0.0
1989-04-06,0.0,6.547623386922872,6.364045161121297,6.486430644989014,44200,0.0,0.0
1989-04-07,0.0,6.608816364833287,6.36404538835798,6.425238132476807,77800,0.0,0.0
1989-04-10,0.0,6.5476233684099645,6.302852401366601,6.364045143127441,82400,0.0,0.0
1989-04-11,0.0,6.547623634338378,6.364045401599919,6.547623634338379,80200,0.0,0.0
1989-04-12,0.0,6.792394373151991,6.425237920549181,6.608816146850586,195800,0.0,0.0
1989-04-13,0.0,6.731201867076837,6.486430890092225,6.547623634338379,110600,0.0,0.0
1989-04-14,0.0,6.670009136199951,6.486430903093531,6.670009136199951,49400,0.0,0.0
1989-04-17,0.0,6.731201880568758,6.486430903093531,6.670009136199951,148600,0.0,0.0
1989-04-18,0.0,6.731201880568758,6.608816391831144,6.670009136199951,156200,0.0,0.0
1989-04-19,0.0,6.731201631051523,6.608816146850586,6.608816146850586,40400,0.0,0.0
1989-04-20,0.0,6.670008888951054,6.486430662649649,6.608816146850586,72400,0.0,0.0
1989-04-21,0.0,6.608816128856731,6.486430644989014,6.486430644989014,92000,0.0,0.0
1989-04-24,0.0,6.608816128856731,6.486430644989014,6.486430644989014,10400,0.0,0.0
1989-04-25,0.0,6.608816128856731,6.425237903055155,6.486430644989014,297200,0.0,0.0
1989-04-26,0.0,6.547623386922872,6.364045161121297,6.486430644989014,21800,0.0,0.0
1989-04-27,0.0,6.486430876595634,6.36404538835798,6.425238132476807,73800,0.0,0.0
1989-04-28,0.0,6.486430876595634,6.36404538835798,6.425238132476807,97600,0.0,0.0
1989-05-01,0.0,6.914780139923096,6.364045438513291,6.914780139923096,302800,0.0,0.0
1989-05-02,0.0,6.914779892989567,6.731201665742057,6.8535871505737305,391000,0.0,0.0
1989-05-03,0.0,6.975972884524185,6.792394650720917,6.914780139923096,115200,0.0,0.0
1989-05-04,0.0,7.037165641784668,6.853587407651155,7.037165641784668,128600,0.0,0.0
1989-05-05,0.0,7.098358154296875,6.975972668877963,7.098358154296875,275000,0.0,0.0
1989-05-08,0.0,7.0983581375657465,6.91477990987008,6.975972652435303,213400,0.0,0.0
1989-05-09,0.0,7.098358386495839,6.914780152362326,7.037165641784668,76000,0.0,0.0
1989-05-10,0.0,7.037165395000524,6.91477990987008,6.975972652435303,58200,0.0,0.0
1989-05-11,0.0,7.037165629125274,6.914780139923096,6.914780139923096,158600,0.0,0.0
1989-05-12,0.0,7.037165629125274,6.792394650720917,6.914780139923096,145400,0.0,0.0
1989-05-15,0.0,7.037165629125274,6.853587395322006,6.914780139923096,70200,0.0,0.0
1989-05-16,0.0,7.098358386495839,6.853587407651155,7.037165641784668,373600,0.0,0.0
1989-05-17,0.0,7.098358154296875,6.9147799261685075,7.098358154296875,193400,0.0,0.0
1989-05-18,0.0,7.2819366455078125,6.975972920906644,7.2819366455078125,153600,0.0,0.0
1989-05-19,0.0,7.281936382425242,7.098358154296875,7.098358154296875,32600,0.0,0.0
1989-05-22,0.0,7.15955089700633,7.098358154296875,7.098358154296875,19000,0.0,0.0
1989-05-23,0.0,7.159551118327453,6.914780139923096,6.914780139923096,237600,0.0,0.0
1989-05-24,0.0,6.975972652435302,6.792394424739636,6.975972652435303,99000,0.0,0.0
1989-05-25,0.0,6.975972884524185,6.853587395322006,6.914780139923096,119000,0.0,0.0
1989-05-26,0.0,7.037165629125274,6.853587395322006,6.914780139923096,21400,0.0,0.0
1989-05-30,0.0,7.0983581375657465,6.91477990987008,6.975972652435303,108000,0.0,0.0
1989-05-31,0.0,7.098358154296875,6.9147799261685075,7.098358154296875,82400,0.0,0.0
1989-06-01,0.0,7.404321884704849,7.037165427612047,7.220743656158447,102800,0.0,0.0
1989-06-02,0.0,7.281936633281218,7.159551143646239,7.15955114364624,66400,0.0,0.0
1989-06-05,0.0,7.15955113120701,6.914780152362326,7.037165641784668,53800,0.0,0.0
1989-06-06,0.0,7.098358386495839,6.975972897073497,7.037165641784668,38200,0.0,0.0
1989-06-07,0.0,7.159551143646239,6.975972909193772,7.15955114364624,58800,0.0,0.0
1989-06-08,0.0,7.15955113120701,7.037165641784668,7.037165641784668,131800,0.0,0.0
1989-06-09,0.0,7.037165395000524,6.975972652435302,6.975972652435303,24200,0.0,0.0
1989-06-12,0.0,7.037165395000524,6.975972652435302,6.975972652435303,14200,0.0,0.0
1989-06-13,0.0,7.037165629125274,6.914780139923096,6.914780139923096,13800,0.0,0.0
1989-06-14,0.0,7.037165629125274,6.914780139923096,6.914780139923096,231000,0.0,0.0
1989-06-15,0.0,7.098358154296875,6.9147799261685075,7.098358154296875,174200,0.0,0.0
1989-06-16,0.0,7.220743639715786,6.975972668877963,7.098358154296875,49400,0.0,0.0
1989-06-19,0.0,7.2819366455078125,7.098358410747111,7.2819366455078125,32400,0.0,0.0
1989-06-20,0.0,7.2819363990072485,7.098358170460847,7.220743656158447,59600,0.0,0.0
1989-06-21,0.0,7.220743639715786,7.098358154296875,7.098358154296875,13600,0.0,0.0
1989-06-22,0.0,7.15955113120701,7.037165641784668,7.037165641784668,54800,0.0,0.0
1989-06-23,0.0,7.098358386495839,7.037165641784668,7.037165641784668,29600,0.0,0.0
1989-06-26,0.0,7.098358386495839,7.037165641784668,7.037165641784668,11600,0.0,0.0
1989-06-27,0.0,7.098358154296875,6.975972668877963,7.098358154296875,24200,0.0,0.0
1989-06-28,0.0,7.0983581375657465,6.975972652435302,6.975972652435303,219800,0.0,0.0
1989-06-29,0.0,7.037165629125274,6.914780139923096,6.914780139923096,75200,0.0,0.0
1989-06-30,0.0,7.037165616009687,6.792394638061524,6.792394638061523,49400,0.0,0.0
1989-07-03,0.0,6.914780139923096,6.792394650720917,6.914780139923096,10000,0.0,0.0
1989-07-05,0.0,6.792394373151991,6.486430662649649,6.608816146850586,82600,0.0,0.0
1989-07-06,0.0,6.608816146850586,6.486430662649649,6.608816146850586,10600,0.0,0.0
1989-07-07,0.0,6.731201880568758,6.486430903093531,6.670009136199951,117200,0.0,0.0
1989-07-10,0.0,6.792394390973178,6.670008906451139,6.731201648712158,54600,0.0,0.0
1989-07-11,0.0,6.914779892989567,6.792394408157893,6.8535871505737305,156400,0.0,0.0
1989-07-12,0.0,6.792394390973178,6.731201648712158,6.731201648712158,20600,0.0,0.0
1989-07-13,0.0,6.792394390973178,6.731201648712158,6.731201648712158,89800,0.0,0.0
1989-07-14,0.0,6.792394638061524,6.731201893574483,6.792394638061523,59000,0.0,0.0
1989-07-17,0.0,7.159551143646239,6.731201929923815,7.15955114364624,88600,0.0,0.0
1989-07-18,0.0,7.343129378098707,7.098358398828751,7.15955114364624,67400,0.0,0.0
1989-07-19,0.0,7.220743639715786,7.098358154296875,7.098358154296875,32800,0.0,0.0
1989-07-20,0.0,7.159551118327453,6.914780139923096,6.914780139923096,26200,0.0,0.0
1989-07-21,0.0,6.914780139923096,6.792394650720917,6.914780139923096,25400,0.0,0.0
1989-07-24,0.0,6.975972635405404,6.731201665742057,6.8535871505737305,26800,0.0,0.0
1989-07-25,0.0,6.914779892989567,6.731201665742057,6.8535871505737305,56800,0.0,0.0
1989-07-26,0.0,7.15955089700633,6.792394440749596,7.098358154296875,79600,0.0,0.0
1989-07-27,0.0,7.220743888463729,6.975972909193772,7.15955114364624,279000,0.0,0.0
1989-07-28,0.0,7.220743875918181,6.853587407651155,7.037165641784668,39000,0.0,0.0
1989-07-31,0.0,7.037165629125274,6.853587395322006,6.914780139923096,13000,0.0,0.0
1989-08-01,0.0,7.037165641784668,6.914780152362326,7.037165641784668,92800,0.0,0.0
1989-08-02,0.0,7.037165629125274,6.914780139923096,6.914780139923096,11200,0.0,0.0
1989-08-03,0.0,7.037165629125274,6.792394650720917,6.914780139923096,62600,0.0,0.0
1989-08-04,0.0,7.281936633281218,6.975972909193772,7.15955114364624,167600,0.0,0.0
1989-08-07,0.0,7.404321901003519,7.220743672053018,7.3431291580200195,56800,0.0,0.0
1989-08-08,0.0,7.710285632336726,7.343129173654025,7.465514659881592,101600,0.0,0.0
1989-08-09,0.0,7.587900394346657,7.40432215899956,7.526707649230957,86800,0.0,0.0
1989-08-10,0.0,7.587900161743164,7.404321932023572,7.587900161743164,41600,0.0,0.0
1989-08-11,0.0,7.587900394346657,7.465514904115259,7.526707649230957,147400,0.0,0.0
1989-08-14,0.0,8.261019934469195,7.587899791660594,8.199827194213867,177200,0.0,0.0
1989-08-15,0.0,8.872947381890338,8.199827235677969,8.444598197937012,260800,0.0,0.0
1989-08-16,0.0,8.444598631425338,8.077442169189453,8.077442169189453,122400,0.0,0.0
1989-08-17,0.0,8.261020638560522,7.710285929323153,8.016249656677246,187200,0.0,0.0
1989-08-18,0.0,8.261020165637024,8.077441939733978,8.13863468170166,54800,0.0,0.0
1989-08-21,0.0,8.261020369827747,7.8326711654663095,7.832671165466309,51800,0.0,0.0
1989-08-22,0.0,7.893864131927491,7.64909315109253,7.649093151092529,57600,0.0,0.0
1989-08-23,0.0,7.9550566524267206,7.649092935025693,7.832671165466309,32800,0.0,0.0
1989-08-24,0.0,8.13863468170166,7.832670971863252,8.13863468170166,52800,0.0,0.0
1989-08-25,0.0,8.138635147618883,7.9550569112064276,8.016249656677246,37600,0.0,0.0
1989-08-28,0.0,8.077442169189453,7.893863938071511,8.077442169189453,17200,0.0,0.0
1989-08-29,0.0,8.07744215451754,7.955056667327881,7.955056667327881,13200,0.0,0.0
1989-08-30,0.0,8.322212674724522,7.9550562331925585,8.199827194213867,99800,0.0,0.0
1989-08-31,0.0,8.444598427654183,8.19982745873667,8.383405685424805,120800,0.0,0.0
1989-09-01,0.0,8.566983679066533,8.32221271680749,8.444598197937012,64800,0.0,0.0
1989-09-05,0.0,8.750561942516917,8.444598238233109,8.689369201660156,180000,0.0,0.0
1989-09-06,0.0,8.75056264726378,8.383406172553412,8.505791664123535,110000,0.0,0.0
1989-09-07,0.0,8.505791404668022,8.322213172912598,8.322213172912598,67400,0.0,0.0
1989-09-08,0.0,8.322213406032986,8.077442423502605,8.26102066040039,55600,0.0,0.0
1989-09-11,0.0,8.322212907604705,8.13863468170166,8.13863468170166,82600,0.0,0.0
1989-09-12,0.0,8.322213172912598,8.138634941157173,8.322213172912598,67000,0.0,0.0
1989-09-13,0.0,8.444598660749547,8.322213172912598,8.322213172912598,35800,0.0,0.0
1989-09-14,0.0,8.444598427654183,8.322212943195428,8.383405685424805,219800,0.0,0.0
1989-09-15,0.0,8.444598427654183,8.322212943195428,8.383405685424805,91200,0.0,0.0
1989-09-18,0.0,8.444598660749547,8.322213172912598,8.322213172912598,160400,0.0,0.0
1989-09-19,0.0,8.505791404668022,8.322213172912598,8.322213172912598,230400,0.0,0.0
1989-09-20,0.0,8.383405916831073,8.261020428994122,8.322213172912598,355600,0.0,0.0
1989-09-21,0.0,8.383405916831073,8.261020428994122,8.322213172912598,122400,0.0,0.0
1989-09-22,0.0,8.383406151665582,8.199827914767795,8.26102066040039,112200,0.0,0.0
1989-09-25,0.0,8.322212674724522,8.199827194213867,8.199827194213867,50800,0.0,0.0
1989-09-26,0.0,8.38340541497985,8.199827194213867,8.199827194213867,277800,0.0,0.0
1989-09-27,0.0,8.444598660749547,8.077442197238698,8.322213172912598,455600,0.0,0.0
1989-09-28,0.0,8.566984176635742,8.322213200160435,8.566984176635742,155800,0.0,0.0
1989-09-29,0.0,8.628176892504973,8.322213172912598,8.322213172912598,58000,0.0,0.0
1989-10-02,0.0,8.505790938501773,8.32221271680749,8.444598197937012,5800,0.0,0.0
1989-10-03,0.0,9.178911673056113,8.505791483698665,9.056526184082031,651600,0.0,0.0
1989-10-04,0.0,9.117718428781586,8.872947464250538,8.9341402053833,392000,0.0,0.0
1989-10-05,0.0,8.995333178290005,8.872947692871094,8.872947692871094,181600,0.0,0.0
1989-10-06,0.0,8.995333671569824,8.872948179439621,8.995333671569824,131400,0.0,0.0
1989-10-09,0.0,9.546068425332347,8.934140962170018,9.484875679016113,230200,0.0,0.0
1989-10-10,0.0,9.546067657470704,8.995332984924318,9.178911209106445,259200,0.0,0.0
1989-10-11,0.0,9.484875421775016,9.056526209178724,9.301297187805176,572200,0.0,0.0
1989-10-12,0.0,9.484875679016113,9.301297440067415,9.484875679016113,258600,0.0,0.0
1989-10-13,0.0,9.668453600671555,8.811755180358887,8.811755180358887,276800,0.0,0.0
1989-10-16,0.0,8.934140668974981,8.4445987145106,8.811755180358887,158200,0.0,0.0
1989-10-17,0.0,8.934140077277796,7.832670752681904,8.199827194213867,258600,0.0,0.0
1989-10-18,0.0,8.261019934469195,8.016248973447885,8.199827194213867,106400,0.0,0.0
1989-10-19,0.0,8.26102066040039,8.138635169135199,8.26102066040039,54600,0.0,0.0
1989-10-20,0.0,8.383405685424805,8.138634716507292,8.383405685424805,97800,0.0,0.0
1989-10-23,0.0,8.38340612950216,8.016249656677246,8.016249656677246,149000,0.0,0.0
1989-10-24,0.0,8.07744212377639,7.526707433518909,7.710285663604736,130800,0.0,0.0
1989-10-25,0.0,8.199827656601414,7.83267119436553,8.077442169189453,106600,0.0,0.0
1989-10-26,0.0,8.261020400307395,8.016249425483473,8.077442169189453,46800,0.0,0.0
1989-10-27,0.0,8.138634912895434,8.016249425483473,8.077442169189453,85200,0.0,0.0
1989-10-30,0.0,8.138635147618883,8.016249656677246,8.016249656677246,78000,0.0,0.0
1989-10-31,0.0,8.38340541497985,8.016248973447885,8.199827194213867,63200,0.0,0.0
1989-11-01,0.0,8.322213406032986,8.138635169135199,8.26102066040039,15800,0.0,0.0
1989-11-02,0.0,8.199827656601414,8.016249425483473,8.077442169189453,58000,0.0,0.0
1989-11-03,0.0,8.077442169189453,7.955056681777492,8.077442169189453,46600,0.0,0.0
1989-11-06,0.0,8.13863511276245,7.64909315109253,7.649093151092529,80400,0.0,0.0
1989-11-07,0.0,7.7714786415100106,7.465514915466309,7.649093151092529,81600,0.0,0.0
1989-11-08,0.0,8.016249161358028,7.710285452909248,7.893863677978516,129000,0.0,0.0
1989-11-09,0.0,7.9550566524267206,7.8326711654663095,7.832671165466309,32000,0.0,0.0
1989-11-10,0.0,7.893863908946515,7.771478421986104,7.832671165466309,72600,0.0,0.0
1989-11-13,0.0,7.893863908946515,7.771478421986104,7.832671165466309,181600,0.0,0.0
1989-11-14,0.0,7.955056667327881,7.832671180138221,7.955056667327881,16800,0.0,0.0
1989-11-15,0.0,7.955056667327881,7.832671180138221,7.955056667327881,28800,0.0,0.0
1989-11-16,0.0,8.016249410922711,7.832671180138221,7.955056667327881,136000,0.0,0.0
1989-11-17,0.0,8.199827893089703,7.9550569112064276,8.016249656677246,184200,0.0,0.0
1989-11-20,0.0,8.138634912895434,7.893863938071511,8.077442169189453,52400,0.0,0.0
1989-11-21,0.0,8.07744215451754,7.955056667327881,7.955056667327881,16000,0.0,0.0
1989-11-22,0.0,8.07744215451754,7.955056667327881,7.955056667327881,6200,0.0,0.0
1989-11-24,0.0,8.444598197937012,8.077441754548445,8.444598197937012,51400,0.0,0.0
1989-11-27,0.0,8.38340541497985,8.016248973447885,8.199827194213867,44400,0.0,0.0
1989-11-28,0.0,8.07744213938713,7.8326711654663095,7.832671165466309,85000,0.0,0.0
1989-11-29,0.0,7.893863893690563,7.710285663604735,7.710285663604736,69600,0.0,0.0
1989-11-30,0.0,7.832671134702621,7.587900161743164,7.587900161743164,57600,0.0,0.0
1989-12-01,0.0,7.771478375450509,7.465514659881592,7.465514659881592,36000,0.0,0.0
1989-12-04,0.0,7.587900357368664,7.159551143646239,7.15955114364624,84400,0.0,0.0
1989-12-05,0.0,7.343129089900425,6.731201665742057,6.8535871505737305,159800,0.0,0.0
1989-12-06,0.0,6.975972635405404,6.792394408157893,6.8535871505737305,155800,0.0,0.0
1989-12-07,0.0,7.098358386495839,6.853587407651155,7.037165641784668,41400,0.0,0.0
1989-12-08,0.0,6.975972858043986,6.670009136199951,6.670009136199951,34000,0.0,0.0
1989-12-11,0.0,6.731201612724448,6.486430644989014,6.486430644989014,104000,0.0,0.0
1989-12-12,0.0,6.5476235765399355,5.935696139480129,6.05808162689209,768400,0.0,0.0
1989-12-13,0.0,6.241659641265869,5.752117708617566,6.241659641265869,113200,0.0,0.0
1989-12-14,0.0,6.241659641265869,5.996888674941718,6.241659641265869,21800,0.0,0.0
1989-12-15,0.0,6.119274119941555,5.813310413944477,5.996888637542725,41400,0.0,0.0
1989-12-18,0.0,6.058081829029581,5.568539863047392,5.629732608795166,77800,0.0,0.0
1989-12-19,0.0,5.874503366570724,5.690925136365388,5.813310623168945,43000,0.0,0.0
1989-12-20,0.0,6.11927437059807,5.813310652068167,6.05808162689209,63800,0.0,0.0
1989-12-21,0.0,6.058081358671188,5.874503135681152,5.874503135681152,117400,0.0,0.0
1989-12-22,0.0,6.05808162689209,5.935696139480129,6.05808162689209,30600,0.0,0.0
1989-12-26,0.0,6.11927437059807,5.935696139480129,6.05808162689209,186400,0.0,0.0
1989-12-27,0.0,6.792394373151991,5.874503241644965,6.608816146850586,164200,0.0,0.0
1989-12-28,0.0,7.159551143646239,6.486430950653858,7.15955114364624,96400,0.0,0.0
1989-12-29,0.0,7.343129378098707,7.098358398828751,7.15955114364624,145000,0.0,0.0
1990-01-02,0.0,7.343129378098707,7.098358398828751,7.15955114364624,89200,0.0,0.0
1990-01-03,0.0,7.2207438355192135,6.670009136199951,6.670009136199951,98400,0.0,0.0
1990-01-04,0.0,6.975972599453396,6.425237920549181,6.608816146850586,107600,0.0,0.0
1990-01-05,0.0,6.486430587768555,5.874503173828125,6.119274139404297,237000,0.0,0.0
1990-01-08,0.0,6.119274139404297,5.935695915222168,6.119274139404297,106400,0.0,0.0
1990-01-09,0.0,6.119274139404297,6.058081398010255,6.119274139404297,55200,0.0,0.0
1990-01-10,0.0,6.119274139404297,5.996888656616211,6.119274139404297,62600,0.0,0.0
1990-01-11,0.0,6.302852601716013,6.05808162689209,6.05808162689209,95600,0.0,0.0
1990-01-12,0.0,6.05808162689209,5.8745033957741475,6.05808162689209,42200,0.0,0.0
1990-01-15,0.0,6.119274119941555,5.935695896343309,5.996888637542725,204800,0.0,0.0
1990-01-16,0.0,6.119274119941555,5.935695896343309,5.996888637542725,72400,0.0,0.0
1990-01-17,0.0,6.119274119941555,5.935695896343309,5.996888637542725,33400,0.0,0.0
1990-01-18,0.0,6.119274119941555,5.935695896343309,5.996888637542725,53200,0.0,0.0
1990-01-19,0.0,6.05808162689209,5.8745033957741475,6.05808162689209,76200,0.0,0.0
1990-01-22,0.0,6.119274099667867,5.813310394684474,5.874503135681152,240800,0.0,0.0
1990-01-23,0.0,5.874503366570724,5.568539649561831,5.813310623168945,161600,0.0,0.0
1990-01-24,0.0,5.996888637542724,5.629732190346231,5.996888637542725,122000,0.0,0.0
1990-01-25,0.0,6.180466840664546,5.874503135681152,5.874503135681152,44800,0.0,0.0
1990-01-26,0.0,5.935696109972501,5.62973239296361,5.813310623168945,69600,0.0,0.0
1990-01-29,0.0,5.8133107991445625,5.140190601348877,5.140190601348877,143800,0.0,0.0
1990-01-30,0.0,5.323768825065799,4.834226864140208,5.017805099487305,92400,0.0,0.0
1990-01-31,0.0,5.078997594338876,4.834226625937003,4.9566121101379395,68400,0.0,0.0
1990-02-01,0.0,5.078997844603004,4.834226864140208,5.017805099487305,26800,0.0,0.0
1990-02-02,0.0,5.017804852238408,4.834226625937003,4.9566121101379395,56200,0.0,0.0
1990-02-05,0.0,5.078997575784031,4.834226608276367,4.834226608276367,51600,0.0,0.0
1990-02-06,0.0,4.9566121101379395,4.834226625937003,4.9566121101379395,71800,0.0,0.0
1990-02-07,0.0,4.956612330216627,4.650648606129181,4.77303409576416,64400,0.0,0.0
1990-02-08,0.0,4.834226840581649,4.589455861311692,4.77303409576416,102200,0.0,0.0
1990-02-09,0.0,4.834226840581649,4.589455861311692,4.77303409576416,46800,0.0,0.0
1990-02-12,0.0,4.77303409576416,4.650648606129181,4.77303409576416,23000,0.0,0.0
1990-02-13,0.0,4.773033848056546,4.589455623131294,4.711841106414795,81800,0.0,0.0
1990-02-14,0.0,4.711841106414795,4.589455623131294,4.711841106414795,40200,0.0,0.0
1990-02-15,0.0,4.773034083215814,4.589455849245975,4.650648593902588,43600,0.0,0.0
1990-02-16,0.0,4.834226608276367,4.6506483826456195,4.834226608276367,245400,0.0,0.0
1990-02-20,0.0,4.834226608276367,4.6506483826456195,4.834226608276367,56600,0.0,0.0
1990-02-21,0.0,4.8342265896982966,4.650648364773045,4.711841106414795,91000,0.0,0.0
1990-02-22,0.0,4.8342265896982966,4.711841106414795,4.711841106414795,34600,0.0,0.0
1990-02-23,0.0,4.773034083215814,4.650648593902588,4.650648593902588,150200,0.0,0.0
1990-02-26,0.0,4.77303409576416,4.650648606129181,4.77303409576416,80200,0.0,0.0
1990-02-27,0.0,4.773033848056546,4.711841106414795,4.711841106414795,133800,0.0,0.0
1990-02-28,0.0,4.77303409576416,4.650648606129181,4.77303409576416,56200,0.0,0.0
1990-03-01,0.0,4.77303409576416,4.650648606129181,4.77303409576416,40000,0.0,0.0
1990-03-02,0.0,4.895419597625732,4.650648617744445,4.895419597625732,90400,0.0,0.0
1990-03-05,0.0,5.017805099487306,4.77303411902451,5.017805099487305,249000,0.0,0.0
1990-03-06,0.0,5.140190601348877,4.956612365586417,5.140190601348877,275800,0.0,0.0
1990-03-07,0.0,5.201383096626006,5.017804869686264,5.078997611999512,242200,0.0,0.0
1990-03-08,0.0,5.507346843851024,5.078997644884833,5.323768615722656,363600,0.0,0.0
1990-03-09,0.0,5.507347084755121,5.201383357824281,5.262576103210449,246200,0.0,0.0
1990-03-12,0.0,5.262575856377097,5.201383113861084,5.201383113861084,254000,0.0,0.0
1990-03-13,0.0,5.323768848596617,5.140190612438113,5.262576103210449,155800,0.0,0.0
1990-03-14,0.0,5.262576103210449,5.140190612438113,5.262576103210449,159000,0.0,0.0
1990-03-15,0.0,5.384961605072022,5.201383368535476,5.3849616050720215,44400,0.0,0.0
1990-03-16,0.0,5.384961605072022,5.201383368535476,5.3849616050720215,160000,0.0,0.0
1990-03-19,0.0,5.384961605072022,5.262576114047658,5.3849616050720215,453400,0.0,0.0
1990-03-20,0.0,5.384961358432112,5.2625758730132,5.323768615722656,58400,0.0,0.0
1990-03-21,0.0,5.507347096096386,5.384961605072022,5.3849616050720215,79800,0.0,0.0
1990-03-22,0.0,5.446154350584204,5.384961605072022,5.3849616050720215,46000,0.0,0.0
1990-03-23,0.0,5.446154350584204,5.384961605072022,5.3849616050720215,57600,0.0,0.0
1990-03-26,5.996888883186109,6.180467114304052,5.935696139480129,6.05808162689209,278200,0.0,0.0
1990-03-27,6.119274398655567,6.425238118588346,5.996888910682456,6.302852630615234,192400,0.0,0.0
1990-03-28,6.241659886628678,6.3640453746017895,6.119274398655567,6.302852630615234,111600,0.0,0.0
1990-03-29,6.302852630615234,6.302852630615234,6.180467142642122,6.302852630615234,93200,0.0,0.0
1990-03-30,6.241659886628678,6.302852630615234,6.119274398655567,6.302852630615234,30200,0.0,0.0
1990-04-02,6.241659872602709,6.241659872602709,5.9968888972065235,6.180467128753662,54000,0.0,0.0
1990-04-03,6.180467114304052,6.180467114304052,6.05808162689209,6.05808162689209,42800,0.0,0.0
1990-04-04,6.05808162689209,6.180467114304052,6.05808162689209,6.05808162689209,31000,0.0,0.0
1990-04-05,6.058081398010255,6.18046688079834,5.996888656616211,6.119274139404297,96400,0.0,0.0
1990-04-06,6.119274099667867,6.119274099667867,5.813310394684474,5.874503135681152,56800,0.0,0.0
1990-04-09,5.99688885337428,5.99688885337428,5.813310623168945,5.813310623168945,101600,0.0,0.0
1990-04-10,5.935696348230889,5.935696348230889,5.568539873082587,5.752118110656738,77600,0.0,0.0
1990-04-11,5.752118089463976,5.752118089463976,5.507347106933594,5.507347106933594,31800,0.0,0.0
1990-04-12,5.690925364798687,5.752118110656738,5.507347127224536,5.752118110656738,27600,0.0,0.0
1990-04-16,5.752118100290713,5.752118100290713,5.568539863047392,5.629732608795166,31800,0.0,0.0
1990-04-17,5.568539863047392,5.752118100290713,5.568539863047392,5.629732608795166,33800,0.0,0.0
1990-04-18,5.752118100290713,5.752118100290713,5.629732608795166,5.629732608795166,33000,0.0,0.0
1990-04-19,5.690925364798687,5.752118110656738,5.629732618940637,5.752118110656738,18400,0.0,0.0
1990-04-20,5.629732362516633,5.752117848658299,5.5685396194458,5.568539619445801,33400,0.0,0.0
1990-04-23,5.568539873082587,5.752118110656738,5.568539873082587,5.752118110656738,7200,0.0,0.0
1990-04-24,5.568539863047392,5.752118100290713,5.568539863047392,5.629732608795166,13800,0.0,0.0
1990-04-25,5.752117848658299,5.752117848658299,5.5685396194458,5.568539619445801,5800,0.0,0.0
1990-04-26,5.629732362516633,5.690925105587466,5.5685396194458,5.568539619445801,31400,0.0,0.0
1990-04-27,5.5685396194458,5.690925105587466,5.5685396194458,5.568539619445801,22800,0.0,0.0
1990-04-30,5.568539805528594,5.6297325506442935,5.017805099487306,5.017805099487305,191600,0.0,0.0
1990-05-01,5.01780511084057,5.20138334660303,4.956612365586417,5.140190601348877,69800,0.0,0.0
1990-05-02,4.956612365586417,5.20138334660303,4.956612365586417,5.140190601348877,167200,0.0,0.0
1990-05-03,5.140190354312759,5.140190354312759,5.017804869686264,5.078997611999512,160400,0.0,0.0
1990-05-04,5.01780511084057,5.140190601348877,5.01780511084057,5.140190601348877,19200,0.0,0.0
1990-05-07,5.017804869686264,5.140190354312759,5.017804869686264,5.078997611999512,38600,0.0,0.0
1990-05-08,5.140190601348877,5.140190601348877,5.01780511084057,5.140190601348877,33800,0.0,0.0
1990-05-09,5.140190601348877,5.140190601348877,5.01780511084057,5.140190601348877,139600,0.0,0.0
1990-05-10,5.017804869686264,5.140190354312759,5.017804869686264,5.078997611999512,139000,0.0,0.0
1990-05-11,5.140190354312759,5.140190354312759,5.078997611999512,5.078997611999512,81600,0.0,0.0
1990-05-14,5.140190354312759,5.140190354312759,5.078997611999512,5.078997611999512,80600,0.0,0.0
1990-05-15,5.078997856094723,5.140190601348877,5.078997856094723,5.140190601348877,48200,0.0,0.0
1990-05-16,5.140190371345072,5.201383113861084,5.017804886313046,5.201383113861084,123800,0.0,0.0
1990-05-17,5.201383113861084,5.201383113861084,5.078997628829058,5.201383113861084,28000,0.0,0.0
1990-05-18,5.201383096626006,5.201383096626006,5.078997611999512,5.078997611999512,15000,0.0,0.0
1990-05-21,5.078997856094723,5.20138334660303,5.078997856094723,5.140190601348877,44200,0.0,0.0
1990-05-22,5.140190601348877,5.262576091857183,5.140190601348877,5.140190601348877,47400,0.0,0.0
1990-05-23,5.140190612438113,5.262576103210449,5.140190612438113,5.262576103210449,22800,0.0,0.0
1990-05-24,5.262576103210449,5.262576103210449,5.140190612438113,5.262576103210449,12000,0.0,0.0
1990-05-25,5.078997856094723,5.262576091857183,5.01780511084057,5.140190601348877,54000,0.0,0.0
1990-05-29,5.140190612438113,5.262576103210449,5.140190612438113,5.262576103210449,17200,0.0,0.0
1990-05-30,5.2625758730132,5.323768615722656,5.2013831303037446,5.323768615722656,52800,0.0,0.0
1990-05-31,5.2013831303037446,5.384961358432112,5.140190387594289,5.323768615722656,32800,0.0,0.0
1990-06-01,5.384961615668403,5.507347106933594,5.323768870035807,5.507347106933594,25400,0.0,0.0
1990-06-04,5.323768466711044,5.99688861767451,5.323768466711044,5.874503135681152,73800,0.0,0.0
1990-06-05,5.935695876677831,5.99688861767451,5.752117653687795,5.874503135681152,82600,0.0,0.0
1990-06-06,5.813310856514788,5.99688909408894,5.752118110656738,5.752118110656738,66600,0.0,0.0
1990-06-07,5.7521178645472375,5.8745033510269655,5.690925121307373,5.690925121307373,65400,0.0,0.0
1990-06-08,5.690925364798687,5.813310856514788,5.629732618940637,5.752118110656738,59800,0.0,0.0
1990-06-11,5.752118110656738,5.752118110656738,5.629732618940637,5.752118110656738,33400,0.0,0.0
1990-06-12,5.690925105587466,5.752117848658299,5.507346876374967,5.568539619445801,166600,0.0,0.0
1990-06-13,5.507346860478433,5.6909250891610474,5.384961374690024,5.4461541175842285,80200,0.0,0.0
1990-06-14,5.507347096096386,5.507347096096386,5.262576114047658,5.3849616050720215,78600,0.0,0.0
1990-06-15,5.323768615722656,5.323768615722656,5.323768615722656,5.323768615722656,28400,0.0,0.0
1990-06-18,5.384961341409122,5.384961341409122,5.078997628829058,5.201383113861084,136200,0.0,0.0
1990-06-19,5.140190601348877,5.262576091857183,5.140190601348877,5.140190601348877,19600,0.0,0.0
1990-06-20,5.140190623023294,5.384961605072022,5.140190623023294,5.3849616050720215,169000,0.0,0.0
1990-06-21,5.140190601348877,5.38496158236549,5.140190601348877,5.140190601348877,3400,0.0,0.0
1990-06-22,5.384961605072022,5.752118078145115,5.262576114047658,5.3849616050720215,102000,0.0,0.0
1990-06-25,5.5685396194458,5.5685396194458,5.384961390233301,5.568539619445801,8600,0.0,0.0
1990-06-26,5.384961605072022,5.62973258712075,5.384961605072022,5.3849616050720215,10400,0.0,0.0
1990-06-27,5.5685396194458,5.5685396194458,5.507346876374967,5.568539619445801,6200,0.0,0.0
1990-06-28,5.507346860478433,5.5685396033726375,5.384961374690024,5.4461541175842285,10600,0.0,0.0
1990-06-29,5.507347106933594,5.507347106933594,5.384961615668403,5.507347106933594,12000,0.0,0.0
1990-07-02,5.507346876374967,5.5685396194458,5.384961390233301,5.568539619445801,420200,0.0,0.0
1990-07-03,5.446154133304134,5.5685396194458,5.446154133304134,5.568539619445801,22800,0.0,0.0
1990-07-05,5.446154361300998,5.5685398525661896,5.446154361300998,5.507347106933594,3600,0.0,0.0
1990-07-06,5.5685396194458,5.629732362516633,5.446154133304134,5.568539619445801,94600,0.0,0.0
1990-07-09,5.507346891587781,5.7521178645472375,5.507346891587781,5.690925121307373,19800,0.0,0.0
1990-07-10,5.752118110656738,5.99688909408894,5.752118110656738,5.752118110656738,73400,0.0,0.0
1990-07-11,5.752118089463976,5.874503580729167,5.507347106933594,5.507347106933594,74600,0.0,0.0
1990-07-12,5.6909250719793905,5.6909250719793905,5.323768615722656,5.323768615722656,99400,0.0,0.0
1990-07-13,5.323768848596617,5.507347084755121,5.262576103210449,5.262576103210449,24600,0.0,0.0
1990-07-16,5.384961341409122,5.384961341409122,5.140190371345072,5.201383113861084,23000,0.0,0.0
1990-07-17,5.446154327619643,5.446154327619643,5.140190601348877,5.140190601348877,6800,0.0,0.0
1990-07-18,5.140190612438113,5.262576103210449,5.140190612438113,5.262576103210449,26600,0.0,0.0
1990-07-19,5.140190354312759,5.262575838939253,5.017804869686264,5.078997611999512,59600,0.0,0.0
1990-07-20,5.140190317660948,5.26257580141478,4.834226608276367,4.834226608276367,51200,0.0,0.0
1990-07-23,4.9566123425960535,4.9566123425960535,4.650648617744445,4.895419597625732,106400,0.0,0.0
1990-07-24,4.650648593902588,4.773034083215814,4.528263104589362,4.650648593902588,65800,0.0,0.0
1990-07-25,4.7730338083554615,4.7730338083554615,4.46707010269165,4.46707010269165,163800,0.0,0.0
1990-07-26,4.77303409576416,4.77303409576416,4.528263116494203,4.77303409576416,36000,0.0,0.0
1990-07-27,4.77303409576416,4.77303409576416,4.650648606129181,4.77303409576416,6000,0.0,0.0
1990-07-30,4.650648606129181,4.8954195853991385,4.650648606129181,4.77303409576416,27600,0.0,0.0
1990-07-31,4.773034083215814,4.834226827872428,4.405877615276136,4.650648593902588,208400,0.0,0.0
1990-08-01,4.650648593902588,4.773034083215814,4.589455849245975,4.650648593902588,38400,0.0,0.0
1990-08-02,4.528263167901473,5.446154350584204,4.3446849313649265,5.3849616050720215,258800,0.0,0.0
1990-08-03,5.384961304841218,5.446154046941686,4.895419368037471,4.9566121101379395,130400,0.0,0.0
1990-08-06,4.956612092030199,4.956612092030199,4.6506483826456195,4.834226608276367,47400,0.0,0.0
1990-08-07,4.895419350153284,4.956612092030199,4.773033866399452,4.834226608276367,41000,0.0,0.0
1990-08-08,4.89541938505977,5.078997611999512,4.773033900433276,5.078997611999512,22600,0.0,0.0
1990-08-09,5.078997856094723,5.140190601348877,4.711841384569803,5.140190601348877,49800,0.0,0.0
1990-08-10,5.262576067447662,5.262576067447662,4.773034107685089,4.895419597625732,29800,0.0,0.0
1990-08-13,4.711841124522535,4.895419350153284,4.6506483826456195,4.834226608276367,78000,0.0,0.0
1990-08-14,4.895419572529041,4.895419572529041,4.650648593902588,4.650648593902588,4400,0.0,0.0
1990-08-15,4.834226840581649,4.8954195853991385,4.711841350946671,4.77303409576416,30400,0.0,0.0
1990-08-16,4.650648606129181,4.956612330216627,4.650648606129181,4.77303409576416,57000,0.0,0.0
1990-08-17,4.650648628793112,5.140190589718703,4.650648628793112,5.017805099487305,74000,0.0,0.0
1990-08-20,4.956612092030199,4.956612092030199,4.834226608276367,4.834226608276367,15800,0.0,0.0
1990-08-21,4.834226549488224,4.895419290620986,4.405877361558888,4.46707010269165,49200,0.0,0.0
1990-08-22,4.467070320674352,4.589455808912005,4.283492088317871,4.283492088317871,84600,0.0,0.0
1990-08-23,4.283492074293249,4.344684818211723,4.038721098619349,4.161106586456299,120000,0.0,0.0
1990-08-24,4.283491817872916,4.283491817872916,4.038720856851606,4.099913597106934,66800,0.0,0.0
1990-08-27,4.405877562130199,4.405877562130199,4.161106586456299,4.161106586456299,49400,0.0,0.0
1990-08-28,4.161106600080218,4.283492088317871,4.038721111842564,4.283492088317871,35800,0.0,0.0
1990-08-29,4.161106600080218,4.283492088317871,4.038721111842564,4.283492088317871,23800,0.0,0.0
1990-08-30,4.283492088317871,4.283492088317871,4.038721111842564,4.283492088317871,24000,0.0,0.0
1990-08-31,4.283492101563347,4.405877590179443,4.283492101563347,4.405877590179443,16200,0.0,0.0
1990-09-04,4.283492101563347,4.405877590179443,4.283492101563347,4.405877590179443,4600,0.0,0.0
1990-09-05,4.283492088317871,4.4058775765555245,4.283492088317871,4.283492088317871,77000,0.0,0.0
1990-09-06,4.161106586456299,4.283492074293249,4.161106586456299,4.161106586456299,24200,0.0,0.0
1990-09-07,4.161106600080218,4.283492088317871,4.099913855961391,4.283492088317871,354600,0.0,0.0
1990-09-10,4.283492074293249,4.283492074293249,4.161106586456299,4.161106586456299,16200,0.0,0.0
1990-09-11,4.161106600080218,4.283492088317871,4.161106600080218,4.283492088317871,58000,0.0,0.0
1990-09-12,4.161106612947251,4.405877590179443,4.161106612947251,4.405877590179443,33400,0.0,0.0
1990-09-13,4.283492088317871,4.4058775765555245,4.283492088317871,4.283492088317871,13000,0.0,0.0
1990-09-14,4.283492088317871,4.4058775765555245,4.161106600080218,4.283492088317871,28600,0.0,0.0
1990-09-17,4.161106612947251,4.405877590179443,4.161106612947251,4.405877590179443,3000,0.0,0.0
1990-09-18,4.405877562130199,4.405877562130199,4.161106586456299,4.161106586456299,24800,0.0,0.0
1990-09-19,4.161106586456299,4.405877562130199,4.161106586456299,4.161106586456299,33400,0.0,0.0
1990-09-20,4.161106600080218,4.528263064793178,4.161106600080218,4.283492088317871,74200,0.0,0.0
1990-09-21,4.283492088317871,4.467070320674352,4.283492088317871,4.283492088317871,45600,0.0,0.0
1990-09-24,4.405877562130199,4.405877562130199,4.161106586456299,4.161106586456299,29400,0.0,0.0
1990-09-25,4.283491859973316,4.344684600830078,4.283491859973316,4.344684600830078,15800,0.0,0.0
1990-09-26,4.283492088317871,4.4058775765555245,4.283492088317871,4.283492088317871,11600,0.0,0.0
1990-09-27,4.528263078795539,4.528263078795539,4.283492101563347,4.405877590179443,60200,0.0,0.0
1990-09-28,4.283492088317871,4.4058775765555245,4.283492088317871,4.283492088317871,36200,0.0,0.0
1990-10-01,4.283492088317871,4.283492088317871,4.283492088317871,4.283492088317871,600,0.0,0.0
1990-10-02,4.283492088317871,4.283492088317871,4.283492088317871,4.283492088317871,5400,0.0,0.0
1990-10-03,4.283492088317871,4.283492088317871,4.283492088317871,4.283492088317871,1200,0.0,0.0
1990-10-04,4.283492101563347,4.467070334487491,4.283492101563347,4.405877590179443,51200,0.0,0.0
1990-10-05,4.283492114092853,4.528263092041016,4.283492114092853,4.528263092041016,6200,0.0,0.0
1990-10-08,4.283492088317871,4.528263064793178,4.283492088317871,4.283492088317871,16600,0.0,0.0
1990-10-09,4.283492088317871,4.528263064793178,4.283492088317871,4.283492088317871,37600,0.0,0.0
1990-10-10,4.283492101563347,4.528263078795539,4.283492101563347,4.405877590179443,39000,0.0,0.0
1990-10-11,4.283492074293249,4.528263049967149,4.161106586456299,4.161106586456299,18400,0.0,0.0
1990-10-12,4.161106572006688,4.40587754683061,3.916335597182765,4.038721084594727,52000,0.0,0.0
1990-10-15,3.9163355900691106,4.1611065644484295,3.9163355900691106,3.9775283336639404,17600,0.0,0.0
1990-10-16,4.161106556653976,4.161106556653976,3.9163355827331547,3.9163355827331543,1800,0.0,0.0
1990-10-17,3.916335597182765,4.161106572006688,3.916335597182765,4.038721084594727,36800,0.0,0.0
1990-10-18,4.161106572006688,4.161106572006688,3.916335597182765,4.038721084594727,7800,0.0,0.0
1990-10-19,4.03872107725877,4.1611065644484295,3.9163355900691106,3.9775283336639404,117600,0.0,0.0
1990-10-22,3.9163355827331547,4.161106556653976,3.7939500957727437,3.9163355827331543,73600,0.0,0.0
1990-10-23,3.6715645868270124,3.9163355592821465,3.5491791005994453,3.732757329940796,126800,0.0,0.0
1990-10-24,3.5491791218519215,3.9163355827331547,3.5491791218519215,3.9163355827331543,81600,0.0,0.0
1990-10-25,3.9163355827331547,4.038721069693565,3.7939500957727437,3.9163355827331543,6600,0.0,0.0
1990-10-26,3.7939501097708037,4.038721084594727,3.7939501097708037,4.038721084594727,19800,0.0,0.0
1990-10-29,4.161106572006688,4.283492059418649,4.038721084594727,4.038721084594727,10200,0.0,0.0
1990-10-30,4.038721084594727,4.038721084594727,4.038721084594727,4.038721084594727,200,0.0,0.0
1990-10-31,4.038721111842564,4.283492088317871,4.038721111842564,4.283492088317871,5600,0.0,0.0
1990-11-01,4.038721084594727,4.038721084594727,4.038721084594727,4.038721084594727,400,0.0,0.0
1990-11-02,4.038721111842564,4.283492088317871,4.038721111842564,4.283492088317871,50200,0.0,0.0
1990-11-05,4.038721084594727,4.283492059418649,4.038721084594727,4.038721084594727,12000,0.0,0.0
1990-11-06,4.038721084594727,4.283492059418649,4.038721084594727,4.038721084594727,14000,0.0,0.0
1990-11-07,4.038721084594727,4.283492059418649,4.038721084594727,4.038721084594727,33800,0.0,0.0
1990-11-08,4.038721084594727,4.099913828300707,4.038721084594727,4.038721084594727,18000,0.0,0.0
1990-11-09,4.038721084594727,4.038721084594727,3.7939501097708037,4.038721084594727,34400,0.0,0.0
1990-11-12,3.9163355827331547,4.038721069693565,3.9163355827331547,3.9163355827331543,51600,0.0,0.0
1990-11-13,4.038721069693565,4.038721069693565,3.9163355827331547,3.9163355827331543,50800,0.0,0.0
1990-11-14,4.038721069693565,4.038721069693565,3.855142839252949,3.9163355827331543,127800,0.0,0.0
1990-11-15,4.038721069693565,4.038721069693565,3.7939500957727437,3.9163355827331543,15200,0.0,0.0
1990-11-16,4.038721053831039,4.038721053831039,3.793950080871582,3.793950080871582,28000,0.0,0.0
1990-11-19,3.9163355827331547,4.038721069693565,3.9163355827331547,3.9163355827331543,102400,0.0,0.0
1990-11-20,3.9163355673513105,3.977528310591175,3.793950080871582,3.793950080871582,41000,0.0,0.0
1990-11-21,3.7939501097708037,4.038721084594727,3.7939501097708037,4.038721084594727,1000,0.0,0.0
1990-11-23,3.7939500957727437,4.038721069693565,3.7939500957727437,3.9163355827331543,32600,0.0,0.0
1990-11-26,3.793950080871582,3.9163355673513105,3.793950080871582,3.793950080871582,125400,0.0,0.0
1990-11-27,3.7939501097708037,4.038721084594727,3.7939501097708037,4.038721084594727,7000,0.0,0.0
1990-11-28,3.7939500957727437,4.038721069693565,3.7939500957727437,3.9163355827331543,111000,0.0,0.0
1990-11-29,3.916335597182765,4.038721084594727,3.916335597182765,4.038721084594727,2000,0.0,0.0
1990-11-30,3.793950080871582,4.038721053831039,3.793950080871582,3.793950080871582,15600,0.0,0.0
1990-12-03,4.038721061888195,4.038721061888195,3.7939500884404254,3.855142831802368,11800,0.0,0.0
1990-12-04,3.793950080871582,4.038721053831039,3.793950080871582,3.793950080871582,20600,0.0,0.0
1990-12-05,4.038721084594727,4.038721084594727,3.7939501097708037,4.038721084594727,12000,0.0,0.0
1990-12-06,3.916335597182765,4.038721084594727,3.916335597182765,4.038721084594727,117600,0.0,0.0
1990-12-07,3.9163355673513105,4.038721053831039,3.793950080871582,3.793950080871582,92000,0.0,0.0
1990-12-10,3.7939501097708037,4.038721084594727,3.7939501097708037,4.038721084594727,51600,0.0,0.0
1990-12-11,3.7939501097708037,4.038721084594727,3.7939501097708037,4.038721084594727,15000,0.0,0.0
1990-12-12,3.7939500957727437,4.038721069693565,3.7939500957727437,3.9163355827331543,45600,0.0,0.0
1990-12-13,3.8551428318023677,4.038721061888195,3.8551428318023677,3.855142831802368,2200,0.0,0.0
1990-12-14,3.7939500957727437,4.038721069693565,3.7939500957727437,3.9163355827331543,27400,0.0,0.0
1990-12-17,3.7939500957727437,4.161106556653976,3.7939500957727437,3.9163355827331543,127200,0.0,0.0
1990-12-18,4.161106572006688,4.161106572006688,3.916335597182765,4.038721084594727,37000,0.0,0.0
1990-12-19,3.9163355827331547,4.161106556653976,3.9163355827331547,3.9163355827331543,14600,0.0,0.0
1990-12-20,3.9163355827331547,4.161106556653976,3.9163355827331547,3.9163355827331543,104600,0.0,0.0
1990-12-21,4.038721098619349,4.283492074293249,3.9163356107823986,4.161106586456299,108400,0.0,0.0
1990-12-24,4.161106612947251,4.405877590179443,4.161106612947251,4.405877590179443,33000,0.0,0.0
1990-12-26,4.528263064793178,4.528263064793178,4.161106600080218,4.283492088317871,20800,0.0,0.0
1990-12-27,4.528262778894225,4.528262778894225,4.038720856851606,4.099913597106934,153800,0.0,0.0
1990-12-28,4.038721084594727,4.283492059418649,4.038721084594727,4.038721084594727,88200,0.0,0.0
1990-12-31,4.038721124331156,4.405877590179443,4.038721124331156,4.405877590179443,66600,0.0,0.0
1991-01-02,4.161106600080218,4.4058775765555245,4.161106600080218,4.283492088317871,18800,0.0,0.0
1991-01-03,4.283492101563347,4.528263078795539,4.283492101563347,4.405877590179443,53400,0.0,0.0
1991-01-04,4.528263092041016,4.528263092041016,4.283492114092853,4.528263092041016,9000,0.0,0.0
1991-01-07,4.283492088317871,4.528263064793178,4.283492088317871,4.283492088317871,76400,0.0,0.0
1991-01-08,4.283492101563347,4.528263078795539,4.283492101563347,4.405877590179443,37000,0.0,0.0
1991-01-09,4.467070359932749,4.773034083215814,4.405877615276136,4.650648593902588,175000,0.0,0.0
1991-01-10,4.650648617744445,5.140190577507019,4.650648617744445,4.895419597625732,38200,0.0,0.0
1991-01-11,4.89541940128102,5.384961341409122,4.89541940128102,5.201383113861084,76400,0.0,0.0
1991-01-14,5.017805099487306,5.262576079950101,5.017805099487306,5.017805099487305,70400,0.0,0.0
1991-01-15,5.017804869686264,5.140190354312759,5.017804869686264,5.078997611999512,30000,0.0,0.0
1991-01-16,5.017805121665778,5.323768848596617,5.017805121665778,5.262576103210449,95600,0.0,0.0
1991-01-17,5.384961625804071,5.629732608795166,5.384961625804071,5.629732608795166,171000,0.0,0.0
1991-01-18,5.384961605072022,5.62973258712075,5.384961605072022,5.3849616050720215,17600,0.0,0.0
1991-01-21,5.384961605072022,5.62973258712075,5.262576114047658,5.3849616050720215,69400,0.0,0.0
1991-01-22,5.384961605072022,5.568539841608568,5.384961605072022,5.3849616050720215,52400,0.0,0.0
1991-01-23,5.507347096096386,5.507347096096386,5.262576114047658,5.3849616050720215,20800,0.0,0.0
1991-01-24,5.262576114047658,5.384961605072022,5.262576114047658,5.3849616050720215,320400,0.0,0.0
1991-01-25,5.384961605072022,5.384961605072022,5.262576114047658,5.3849616050720215,7200,0.0,0.0
1991-01-28,5.262576103210449,5.384961593982785,5.262576103210449,5.262576103210449,19800,0.0,0.0
1991-01-29,5.262576143792335,5.935696348230889,5.262576143792335,5.752118110656738,745200,0.0,0.0
1991-01-30,5.874503173828125,6.241659622192383,5.75211769104004,6.119274139404297,193800,0.0,0.0
1991-01-31,5.874503173828125,6.119274139404297,5.874503173828125,6.119274139404297,52000,0.0,0.0
1991-02-01,5.874503135681152,6.119274099667867,5.874503135681152,5.874503135681152,92800,0.0,0.0
1991-02-04,5.874503135681152,6.119274099667867,5.874503135681152,5.874503135681152,69200,0.0,0.0
1991-02-05,5.874503191779642,6.241659641265869,5.874503191779642,6.241659641265869,95800,0.0,0.0
1991-02-06,5.996888883186109,6.241659858010032,5.996888883186109,6.05808162689209,31200,0.0,0.0
1991-02-07,5.996888883186109,6.241659858010032,5.996888883186109,6.05808162689209,135400,0.0,0.0
1991-02-08,5.996888656616211,6.119274139404297,5.996888656616211,6.119274139404297,16000,0.0,0.0
1991-02-11,5.996888674941718,6.241659641265869,5.996888674941718,6.241659641265869,23600,0.0,0.0
1991-02-12,5.996888637542724,6.241659602340387,5.996888637542724,5.996888637542725,46800,0.0,0.0
1991-02-13,5.996888637542724,6.241659602340387,5.996888637542724,5.996888637542725,49000,0.0,0.0
1991-02-14,5.996888674941718,6.6088160907520965,5.996888674941718,6.241659641265869,173000,0.0,0.0
1991-02-15,6.486430876595634,6.608816364833287,6.241659900120326,6.425238132476807,118400,0.0,0.0
1991-02-19,6.486430847998893,6.731201823395078,6.180467128753662,6.180467128753662,94600,0.0,0.0
1991-02-20,5.996888656616211,6.119274139404297,5.874503173828125,6.119274139404297,70200,0.0,0.0
1991-02-21,6.119274119941555,6.119274119941555,5.996888637542724,5.996888637542725,36200,0.0,0.0
1991-02-22,5.996888637542724,6.119274119941555,5.996888637542724,5.996888637542725,75400,0.0,0.0
1991-02-25,5.996888637542724,6.241659602340387,5.996888637542724,5.996888637542725,7200,0.0,0.0
1991-02-26,5.996888637542724,6.119274119941555,5.996888637542724,5.996888637542725,47800,0.0,0.0
1991-02-27,5.996888637542724,6.119274119941555,5.996888637542724,5.996888637542725,11200,0.0,0.0
1991-02-28,6.241659622192383,6.241659622192383,5.996888656616211,6.119274139404297,33600,0.0,0.0
1991-03-01,6.119274139404297,6.364045104980469,6.119274139404297,6.119274139404297,5200,0.0,0.0
1991-03-04,6.119274158103793,6.364045124427945,6.119274158103793,6.241659641265869,69800,0.0,0.0
1991-03-05,6.241659677253579,6.486430644989014,6.241659677253579,6.486430644989014,88200,0.0,0.0
1991-03-06,6.241659641265869,6.486430607590021,6.119274158103793,6.241659641265869,181400,0.0,0.0
1991-03-07,6.119274139404297,6.18046688079834,6.119274139404297,6.119274139404297,19000,0.0,0.0
1991-03-08,6.364045124427945,6.364045124427945,6.119274158103793,6.241659641265869,153800,0.0,0.0
1991-03-11,6.241659872602709,6.364045360300801,6.119274384904616,6.180467128753662,55000,0.0,0.0
1991-03-12,6.364045104980469,6.364045104980469,6.119274139404297,6.119274139404297,33000,0.0,0.0
1991-03-13,6.119274176084079,6.364045143127442,6.119274176084079,6.364045143127441,42200,0.0,0.0
1991-03-14,6.119274139404297,6.364045104980469,6.119274139404297,6.119274139404297,26000,0.0,0.0
1991-03-15,6.119274139404297,6.364045104980469,6.119274139404297,6.119274139404297,40000,0.0,0.0
1991-03-18,6.241659622192383,6.241659622192383,6.119274139404297,6.119274139404297,48800,0.0,0.0
1991-03-19,6.119274139404297,6.364045104980469,6.119274139404297,6.119274139404297,43200,0.0,0.0
1991-03-20,6.119274176084079,6.364045143127442,6.119274176084079,6.364045143127441,7000,0.0,0.0
1991-03-21,6.364045104980469,6.364045104980469,6.119274139404297,6.119274139404297,23400,0.0,0.0
1991-03-22,6.119274176084079,6.364045143127442,6.119274176084079,6.364045143127441,11400,0.0,0.0
1991-03-25,6.119274176084079,6.364045143127442,6.119274176084079,6.364045143127441,2000,0.0,0.0
1991-03-26,6.119274176084079,6.364045143127442,6.119274176084079,6.364045143127441,7400,0.0,0.0
1991-03-27,6.18046693531972,6.486430644989014,6.119274193385862,6.486430644989014,117800,0.0,0.0
1991-03-28,6.241659900120326,6.486430876595634,6.241659900120326,6.425238132476807,77400,0.0,0.0
1991-04-01,6.241659622192383,6.364045104980469,6.119274139404297,6.119274139404297,81600,0.0,0.0
1991-04-02,6.119274176084079,6.364045143127442,6.119274176084079,6.364045143127441,5800,0.0,0.0
1991-04-03,6.119274384904616,6.364045360300801,6.119274384904616,6.180467128753662,6400,0.0,0.0
1991-04-04,6.119274176084079,6.364045143127442,6.119274176084079,6.364045143127441,90000,0.0,0.0
1991-04-05,6.486430607590021,6.486430607590021,6.241659641265869,6.241659641265869,20400,0.0,0.0
1991-04-08,6.119274176084079,6.364045143127442,6.119274176084079,6.364045143127441,10600,0.0,0.0
1991-04-09,6.119274139404297,6.364045104980469,6.119274139404297,6.119274139404297,10400,0.0,0.0
1991-04-10,6.1804668996848315,6.486430607590021,6.119274158103793,6.241659641265869,60800,0.0,0.0
1991-04-11,6.486430607590021,6.486430607590021,6.241659641265869,6.241659641265869,112200,0.0,0.0
1991-04-12,6.486430644989014,6.486430644989014,6.241659677253579,6.486430644989014,106000,0.0,0.0
1991-04-15,6.486430607590021,6.486430607590021,6.241659641265869,6.241659641265869,51000,0.0,0.0
1991-04-16,6.241659677253579,6.486430644989014,6.241659677253579,6.486430644989014,27600,0.0,0.0
1991-04-17,6.486430855358348,8.566984148586497,6.241659879684448,8.322213172912598,835800,0.0,0.0
1991-04-18,8.322213097224159,8.322213097224159,7.710285663604735,7.710285663604736,436800,0.0,0.0
1991-04-19,7.7102856929485615,7.955056667327881,7.7102856929485615,7.955056667327881,86200,0.0,0.0
1991-04-22,7.710285648222893,7.95505662118235,7.587900161743164,7.587900161743164,164600,0.0,0.0
1991-04-23,7.587900205758902,7.955056667327881,7.587900205758902,7.955056667327881,389800,0.0,0.0
1991-04-24,7.955056667327881,8.1998276417072,7.7102856929485615,7.955056667327881,237200,0.0,0.0
1991-04-25,7.9550566524267206,8.07744213938713,7.8326711654663095,7.832671165466309,98000,0.0,0.0
1991-04-26,7.83267115032862,8.07744212377639,7.710285663604735,7.710285663604736,181800,0.0,0.0
1991-04-29,7.710285663604735,7.83267115032862,7.710285663604735,7.710285663604736,23200,0.0,0.0
1991-04-30,7.587900129954019,7.71028561592102,7.098358186086018,7.3431291580200195,70600,0.0,0.0
1991-05-01,7.0983581375657465,7.343129107826634,6.975972652435302,6.975972652435303,234000,0.0,0.0
1991-05-02,7.098358170460847,7.220743656158448,6.975972684763247,7.220743656158447,92400,0.0,0.0
1991-05-03,6.9759727149713235,7.465514659881592,6.9759727149713235,7.465514659881592,512600,0.0,0.0
1991-05-06,7.343129425048828,7.71028589630127,7.343129425048828,7.649093151092529,65200,0.0,0.0
1991-05-07,7.710285632336726,7.710285632336726,7.465514659881592,7.465514659881592,10600,0.0,0.0
1991-05-08,7.465514643987019,7.587900129954019,7.220743672053018,7.3431291580200195,72600,0.0,0.0
1991-05-09,7.3431294023498035,7.58790038242813,7.3431294023498035,7.404322147369385,26000,0.0,0.0
1991-05-10,7.343129158020019,7.587900129954019,7.343129158020019,7.3431291580200195,560600,0.0,0.0
1991-05-13,7.343129188783707,7.587900161743164,7.343129188783707,7.587900161743164,61400,0.0,0.0
1991-05-14,7.5879001132512505,7.5879001132512505,7.220743656158448,7.220743656158447,9800,0.0,0.0
1991-05-15,7.343129107826634,7.343129107826634,6.975972652435302,6.975972652435303,49600,0.0,0.0
1991-05-16,6.975972668877963,7.098358154296875,6.975972668877963,7.098358154296875,10800,0.0,0.0
1991-05-17,7.22074362269619,7.22074362269619,6.975972652435302,6.975972652435303,19400,0.0,0.0
1991-05-20,6.975972652435302,7.22074362269619,6.975972652435302,6.975972652435303,76600,0.0,0.0
1991-05-21,6.975972652435302,7.465514592957078,6.975972652435302,6.975972652435303,118000,0.0,0.0
1991-05-22,6.975972668877963,7.098358154296875,6.975972668877963,7.098358154296875,24600,0.0,0.0
1991-05-23,6.975972668877963,7.3431291251346975,6.975972668877963,7.098358154296875,56800,0.0,0.0
1991-05-24,7.098358154296875,7.281936382425242,7.098358154296875,7.098358154296875,8600,0.0,0.0
1991-05-28,7.098358433421066,7.526707649230958,7.098358433421066,7.526707649230957,80200,0.0,0.0
1991-05-29,7.46551462755365,7.46551462755365,7.220743656158448,7.220743656158447,22200,0.0,0.0
1991-05-30,7.220743672053018,7.465514643987019,7.220743672053018,7.3431291580200195,101800,0.0,0.0
1991-05-31,7.343129173654025,7.465514659881592,7.343129173654025,7.465514659881592,75000,0.0,0.0
1991-06-03,7.343129173654025,7.465514659881592,7.343129173654025,7.465514659881592,37800,0.0,0.0
1991-06-04,7.220743656158448,7.220743656158448,7.220743656158448,7.220743656158447,6600,0.0,0.0
1991-06-05,7.220743656158448,7.46551462755365,7.220743656158448,7.220743656158447,10800,0.0,0.0
1991-06-06,7.220743656158448,7.46551462755365,7.220743656158448,7.220743656158447,44400,0.0,0.0
1991-06-07,7.3431291251346975,7.3431291251346975,7.098358154296875,7.098358154296875,38600,0.0,0.0
1991-06-10,7.15955089700633,7.15955089700633,7.098358154296875,7.098358154296875,29600,0.0,0.0
1991-06-11,7.098358154296875,7.3431291251346975,7.098358154296875,7.098358154296875,51200,0.0,0.0
1991-06-12,7.3431291251346975,7.3431291251346975,7.098358154296875,7.098358154296875,12200,0.0,0.0
1991-06-13,7.098358154296875,7.15955089700633,7.098358154296875,7.098358154296875,14600,0.0,0.0
1991-06-14,7.343129378098707,7.343129378098707,7.098358398828751,7.15955114364624,9400,0.0,0.0
1991-06-17,7.220743656158448,7.220743656158448,7.098358170460847,7.220743656158447,28600,0.0,0.0
1991-06-18,7.220743639715786,7.220743639715786,7.098358154296875,7.098358154296875,5800,0.0,0.0
1991-06-19,7.098358170460847,7.220743656158448,7.098358170460847,7.220743656158447,12000,0.0,0.0
1991-06-20,7.098358154296875,7.15955089700633,6.975972668877963,7.098358154296875,40600,0.0,0.0
1991-06-21,6.975972652435302,7.22074362269619,6.975972652435302,6.975972652435303,49800,0.0,0.0
1991-06-24,7.098358064327599,7.220743548195317,6.241659677253579,6.486430644989014,65600,0.0,0.0
1991-06-25,6.486430626649123,6.486430626649123,6.2416596596057605,6.364045143127441,24200,0.0,0.0
1991-06-26,6.2416596596057605,6.486430626649123,6.2416596596057605,6.364045143127441,6200,0.0,0.0
1991-06-27,6.486430644989014,6.486430644989014,6.241659677253579,6.486430644989014,9000,0.0,0.0
1991-06-28,6.486430644989014,6.486430644989014,6.241659677253579,6.486430644989014,10800,0.0,0.0
1991-07-01,6.486430626649123,6.486430626649123,6.364045143127442,6.364045143127441,40200,0.0,0.0
1991-07-02,6.241659602340387,6.364045084739217,5.996888637542724,5.996888637542725,43600,0.0,0.0
1991-07-03,5.874503173828125,6.119274139404297,5.874503173828125,6.119274139404297,135200,0.0,0.0
1991-07-05,5.8745033510269655,6.1192743239864225,5.629732378067509,5.690925121307373,37800,0.0,0.0
1991-07-08,4.8954196092559075,5.201383334834402,4.77303411902451,5.017805099487305,243800,0.0,0.0
1991-07-09,5.017805151317431,5.629732608795166,5.017805151317431,5.629732608795166,205800,0.0,0.0
1991-07-10,5.752118110656738,5.8745036023728385,5.629732618940637,5.752118110656738,97400,0.0,0.0
1991-07-11,5.629732378067509,5.8745033510269655,5.629732378067509,5.690925121307373,48200,0.0,0.0
1991-07-12,5.752118100290713,5.752118100290713,5.629732608795166,5.629732608795166,9400,0.0,0.0
1991-07-15,5.629732618940637,5.752118110656738,5.629732618940637,5.752118110656738,8800,0.0,0.0
1991-07-16,5.629732608795166,5.752118100290713,5.507347117299619,5.629732608795166,67000,0.0,0.0
1991-07-17,5.629732575527457,5.629732575527457,5.140190612438113,5.262576103210449,87800,0.0,0.0
1991-07-18,5.384961615668403,5.507347106933594,5.262576124403211,5.507347106933594,21800,0.0,0.0
1991-07-19,5.2625761343085244,5.629732608795166,5.2625761343085244,5.629732608795166,44000,0.0,0.0
1991-07-22,5.384961615668403,5.6297325981987845,5.384961615668403,5.507347106933594,33000,0.0,0.0
1991-07-23,5.384961593982785,5.629732575527457,5.262576103210449,5.262576103210449,120800,0.0,0.0
1991-07-24,5.507347106933594,5.507347106933594,5.140190633138021,5.507347106933594,45200,0.0,0.0
1991-07-25,5.507347096096386,5.507347096096386,5.262576114047658,5.3849616050720215,24800,0.0,0.0
1991-07-26,5.507347084755121,5.507347084755121,5.262576103210449,5.262576103210449,18000,0.0,0.0
1991-07-29,5.507347106933594,5.507347106933594,5.262576124403211,5.507347106933594,8000,0.0,0.0
1991-07-30,5.262576114047658,5.507347096096386,5.262576114047658,5.3849616050720215,9000,0.0,0.0
1991-07-31,5.384961207707723,5.874503135681152,5.262575725714366,5.874503135681152,74800,0.0,0.0
1991-08-01,5.752118110656738,5.8745036023728385,5.629732618940637,5.752118110656738,105200,0.0,0.0
1991-08-02,5.7521178645472375,5.7521178645472375,5.629732378067509,5.690925121307373,5000,0.0,0.0
1991-08-05,5.752118078145115,5.752118078145115,5.384961605072022,5.3849616050720215,150400,0.0,0.0
1991-08-06,5.384961625804071,5.629732608795166,5.384961625804071,5.629732608795166,24000,0.0,0.0
1991-08-07,5.507346860478433,5.507346860478433,5.384961374690024,5.4461541175842285,24600,0.0,0.0
1991-08-08,5.62973258712075,5.62973258712075,5.384961605072022,5.3849616050720215,66200,0.0,0.0
1991-08-09,5.507347106933594,5.507347106933594,5.384961615668403,5.507347106933594,7200,0.0,0.0
1991-08-12,5.507347106933594,5.507347106933594,5.384961615668403,5.507347106933594,62000,0.0,0.0
1991-08-13,5.507347096096386,5.62973258712075,5.384961605072022,5.3849616050720215,168000,0.0,0.0
1991-08-14,5.384961605072022,5.62973258712075,5.384961605072022,5.3849616050720215,51200,0.0,0.0
1991-08-15,5.384961207707723,5.874503135681152,5.384961207707723,5.874503135681152,332400,0.0,0.0
1991-08-16,5.629732618940637,5.8745036023728385,5.629732618940637,5.752118110656738,105400,0.0,0.0
1991-08-19,5.507347084755121,5.507347084755121,5.262576103210449,5.262576103210449,80600,0.0,0.0
1991-08-20,5.262576114047658,5.62973258712075,5.262576114047658,5.3849616050720215,18400,0.0,0.0
1991-08-21,5.752117653687795,5.99688861767451,5.50734668970108,5.874503135681152,252400,0.0,0.0
1991-08-22,6.119274139404297,6.241659622192383,5.874503173828125,6.119274139404297,113000,0.0,0.0
1991-08-23,5.996888709518145,6.486430644989014,5.996888709518145,6.486430644989014,173600,0.0,0.0
1991-08-26,6.364045161121297,6.486430644989014,6.241659677253579,6.486430644989014,119600,0.0,0.0
1991-08-27,6.48643067966808,6.853587133234198,6.241659710624002,6.731201648712158,259400,0.0,0.0
1991-08-28,6.608816146850586,6.853587115252459,6.608816146850586,6.608816146850586,116000,0.0,0.0
1991-08-29,6.608816128856731,6.731201612724448,6.486430644989014,6.486430644989014,15000,0.0,0.0
1991-08-30,6.731201593692487,6.731201593692487,6.364045143127442,6.364045143127441,47000,0.0,0.0
1991-09-03,6.364045178448712,6.608816146850586,6.241659694247775,6.608816146850586,113200,0.0,0.0
1991-09-04,6.486430626649123,6.486430626649123,6.2416596596057605,6.364045143127441,22600,0.0,0.0
1991-09-05,6.2416596596057605,6.608816110170805,6.2416596596057605,6.364045143127441,160800,0.0,0.0
1991-09-06,6.486430626649123,6.608816110170805,6.364045143127442,6.364045143127441,49400,0.0,0.0
1991-09-09,6.364045104980469,6.425237846374512,6.119274139404297,6.119274139404297,86800,0.0,0.0
1991-09-10,5.99688861767451,6.241659581661224,5.752117653687795,5.874503135681152,82200,0.0,0.0
1991-09-11,5.8745036023728385,6.11927458580504,5.752118110656738,5.752118110656738,11400,0.0,0.0
1991-09-12,5.87450359178626,5.996889083281808,5.629732608795166,5.629732608795166,57600,0.0,0.0
1991-09-13,5.996889083281808,5.996889083281808,5.629732608795166,5.629732608795166,50800,0.0,0.0
1991-09-16,5.629732190346231,5.996888637542724,5.629732190346231,5.996888637542725,10800,0.0,0.0
1991-09-17,5.99688885337428,5.99688885337428,5.752117879767167,5.813310623168945,35600,0.0,0.0
1991-09-18,5.8745036023728385,5.8745036023728385,5.752118110656738,5.752118110656738,1200,0.0,0.0
1991-09-19,5.752118110656738,5.8745036023728385,5.752118110656738,5.752118110656738,24800,0.0,0.0
1991-09-20,5.874503155143893,5.996888637542724,5.752117672745062,5.996888637542725,749000,0.0,0.0
1991-09-23,5.752118110656738,5.99688909408894,5.752118110656738,5.752118110656738,10400,0.0,0.0
1991-09-24,5.752117879767167,5.99688885337428,5.752117879767167,5.813310623168945,14400,0.0,0.0
1991-09-25,5.752118110656738,5.99688909408894,5.752118110656738,5.752118110656738,8400,0.0,0.0
1991-09-26,5.7521178404490145,7.343129158020019,5.7521178404490145,7.3431291580200195,631600,0.0,0.0
1991-09-27,7.465514536257143,7.710285504659017,6.608816146850586,6.608816146850586,796000,0.0,0.0
1991-09-30,6.8535871505737305,6.8535871505737305,6.608816180910383,6.8535871505737305,76400,0.0,0.0
1991-10-01,6.853587133234198,6.853587133234198,6.48643067966808,6.731201648712158,248600,0.0,0.0
1991-10-02,6.731201612724448,6.731201612724448,6.486430644989014,6.486430644989014,53800,0.0,0.0
1991-10-03,6.731201867076837,6.731201867076837,6.364045401599919,6.547623634338379,211200,0.0,0.0
1991-10-04,6.364045161121297,6.731201612724448,6.364045161121297,6.486430644989014,225000,0.0,0.0
1991-10-07,6.364045178448712,6.608816146850586,6.364045178448712,6.608816146850586,32800,0.0,0.0
1991-10-08,6.364045161121297,6.731201612724448,6.364045161121297,6.486430644989014,180800,0.0,0.0
1991-10-09,6.731201648712158,6.731201648712158,6.364045195146041,6.731201648712158,25000,0.0,0.0
1991-10-10,6.608816128856731,6.731201612724448,6.486430644989014,6.486430644989014,33800,0.0,0.0
1991-10-11,6.486430662649649,6.731201631051523,6.486430662649649,6.608816146850586,25800,0.0,0.0
1991-10-14,6.486430711913527,6.975972652435302,6.486430711913527,6.975972652435303,231000,0.0,0.0
1991-10-15,6.975972668877963,7.098358154296875,6.73120169804014,7.098358154296875,74000,0.0,0.0
1991-10-16,7.0983581375657465,7.0983581375657465,6.853587167304858,6.975972652435303,52800,0.0,0.0
1991-10-17,6.853587395322006,7.098358373726364,6.853587395322006,6.914780139923096,21800,0.0,0.0
1991-10-18,6.8535871505737305,7.098358120237078,6.8535871505737305,6.8535871505737305,25000,0.0,0.0
1991-10-21,6.853587183459052,7.098358154296875,6.853587183459052,7.098358154296875,29200,0.0,0.0
1991-10-22,6.853587355569144,7.098358332553756,6.486430890092225,6.547623634338379,49400,0.0,0.0
1991-10-23,6.670008906451139,6.731201648712158,6.48643067966808,6.731201648712158,29200,0.0,0.0
1991-10-24,6.48643067966808,6.731201648712158,6.48643067966808,6.731201648712158,26200,0.0,0.0
1991-10-25,6.608816180910383,6.8535871505737305,6.608816180910383,6.8535871505737305,200800,0.0,0.0
1991-10-28,6.853587183459052,7.098358154296875,6.73120169804014,7.098358154296875,156400,0.0,0.0
1991-10-29,7.0983581375657465,7.0983581375657465,6.731201682174414,6.975972652435303,156000,0.0,0.0
1991-10-30,6.731201648712158,6.975972617756237,6.731201648712158,6.731201648712158,23400,0.0,0.0
1991-10-31,6.73120169804014,7.098358154296875,6.73120169804014,7.098358154296875,139800,0.0,0.0
1991-11-01,7.098358154296875,7.098358154296875,6.853587183459052,7.098358154296875,181200,0.0,0.0
1991-11-04,6.853587199065646,7.343129141856049,6.853587199065646,7.220743656158447,83800,0.0,0.0
1991-11-05,7.343129158020019,7.465514643987019,6.9759727001190175,7.3431291580200195,134400,0.0,0.0
1991-11-06,7.3431291251346975,7.3431291251346975,6.853587183459052,7.098358154296875,48000,0.0,0.0
1991-11-07,6.8535873825485645,7.098358360496728,6.731201893574483,6.792394638061523,74400,0.0,0.0
1991-11-08,6.731201893574483,6.9147801270356055,6.731201893574483,6.792394638061523,64800,0.0,0.0
1991-11-11,6.731201573914173,6.975972540238325,6.241659641265869,6.241659641265869,325000,0.0,0.0
1991-11-12,6.241659677253579,6.547623386922872,6.241659677253579,6.486430644989014,59600,0.0,0.0
1991-11-13,6.241659694247775,6.608816146850586,6.241659694247775,6.608816146850586,77800,0.0,0.0
1991-11-14,6.364045143127442,6.486430626649123,6.364045143127442,6.364045143127441,11400,0.0,0.0
1991-11-15,6.364045178448712,6.853587115252459,6.364045178448712,6.608816146850586,518200,0.0,0.0
1991-11-18,6.608816180910383,6.8535871505737305,6.608816180910383,6.8535871505737305,102400,0.0,0.0
1991-11-19,6.608816146850586,6.670008888951054,6.364045178448712,6.608816146850586,96600,0.0,0.0
1991-11-20,6.364045143127442,6.608816110170805,6.364045143127442,6.364045143127441,7800,0.0,0.0
1991-11-21,6.608816110170805,6.608816110170805,6.364045143127442,6.364045143127441,7200,0.0,0.0
1991-11-22,6.36404538835798,6.608816364833287,6.36404538835798,6.425238132476807,45200,0.0,0.0
1991-11-25,6.608816146850586,6.608816146850586,6.364045178448712,6.608816146850586,8000,0.0,0.0
1991-11-26,6.364045143127442,6.608816110170805,6.364045143127442,6.364045143127441,11000,0.0,0.0
1991-11-27,6.36404538835798,6.425238132476807,6.36404538835798,6.425238132476807,30600,0.0,0.0
1991-11-29,6.364045143127442,6.608816110170805,6.364045143127442,6.364045143127441,1600,0.0,0.0
1991-12-02,6.364045178448712,6.731201631051523,6.364045178448712,6.608816146850586,52600,0.0,0.0
1991-12-03,6.608816146850586,6.731201631051523,6.608816146850586,6.608816146850586,14600,0.0,0.0
1991-12-04,6.608816146850586,6.731201631051523,6.608816146850586,6.608816146850586,36000,0.0,0.0
1991-12-05,6.608816164190119,6.853587133234198,6.608816164190119,6.731201648712158,29800,0.0,0.0
1991-12-06,6.608816391831144,6.853587369306372,6.608816391831144,6.670009136199951,40600,0.0,0.0
1991-12-09,6.608816128856731,6.8535870965921655,6.486430644989014,6.486430644989014,12000,0.0,0.0
1991-12-10,6.731201612724448,6.731201612724448,6.486430644989014,6.486430644989014,45400,0.0,0.0
1991-12-11,6.486430890092225,6.731201867076837,6.486430890092225,6.547623634338379,11000,0.0,0.0
1991-12-12,6.486430644989014,6.547623386922872,6.486430644989014,6.486430644989014,35800,0.0,0.0
1991-12-13,6.486430890092225,6.608816378584532,6.486430890092225,6.547623634338379,64600,0.0,0.0
1991-12-16,6.486430644989014,6.731201612724448,6.486430644989014,6.486430644989014,28600,0.0,0.0
1991-12-17,6.486430890092225,6.670009122830685,6.486430890092225,6.547623634338379,59000,0.0,0.0
1991-12-18,6.486430644989014,6.731201612724448,6.486430644989014,6.486430644989014,60400,0.0,0.0
1991-12-19,6.486430644989014,6.547623386922872,6.486430644989014,6.486430644989014,73200,0.0,0.0
1991-12-20,6.486430644989014,6.486430644989014,6.486430644989014,6.486430644989014,6000,0.0,0.0
1991-12-23,6.48643067966808,6.731201648712158,6.48643067966808,6.731201648712158,11600,0.0,0.0
1991-12-24,6.486430890092225,6.731201867076837,6.486430890092225,6.547623634338379,14600,0.0,0.0
1991-12-26,6.48643067966808,6.731201648712158,6.48643067966808,6.731201648712158,10400,0.0,0.0
1991-12-27,6.670008870790589,6.731201612724448,6.486430644989014,6.486430644989014,56600,0.0,0.0
1991-12-30,6.486430890092225,6.731201867076837,6.486430890092225,6.547623634338379,23000,0.0,0.0
1991-12-31,6.731201612724448,6.731201612724448,6.486430644989014,6.486430644989014,39400,0.0,0.0
1992-01-02,6.486430644989014,6.731201612724448,6.486430644989014,6.486430644989014,18600,0.0,0.0
1992-01-03,6.486430644989014,6.731201612724448,6.486430644989014,6.486430644989014,105000,0.0,0.0
1992-01-06,6.486430644989014,6.731201612724448,6.486430644989014,6.486430644989014,121800,0.0,0.0
1992-01-07,6.364045211247035,7.220743605068751,6.364045211247035,6.8535871505737305,260200,0.0,0.0
1992-01-08,6.8535871505737305,7.220743605068751,6.8535871505737305,6.8535871505737305,154600,0.0,0.0
1992-01-09,6.853587133234198,7.098358102278277,6.731201648712158,6.731201648712158,278600,0.0,0.0
1992-01-10,6.731201631051523,6.853587115252459,6.608816146850586,6.608816146850586,368200,0.0,0.0
1992-01-13,6.8535871505737305,6.8535871505737305,6.486430696078709,6.8535871505737305,212600,0.0,0.0
1992-01-14,6.7312019412257085,7.343129390428046,6.7312019412257085,7.2819366455078125,643000,0.0,0.0
1992-01-15,7.465514659881592,7.710285632336726,7.343129173654025,7.465514659881592,362600,0.0,0.0
1992-01-16,7.710285598948851,7.710285598948851,7.098358170460847,7.220743656158447,170600,0.0,0.0
1992-01-17,6.975972635405404,7.220743605068751,6.608816180910383,6.8535871505737305,117600,0.0,0.0
1992-01-20,6.853587167304858,6.975972652435302,6.670008939609192,6.975972652435303,216600,0.0,0.0
1992-01-21,6.975972635405404,6.975972635405404,6.608816180910383,6.8535871505737305,315800,0.0,0.0
1992-01-22,6.608816227670443,7.343129141856049,6.608816227670443,7.220743656158447,453200,0.0,0.0
1992-01-23,7.343129173654025,7.465514659881592,7.098358201198891,7.465514659881592,825600,0.0,0.0
1992-01-24,7.220743672053018,7.587900129954019,7.220743672053018,7.3431291580200195,419000,0.0,0.0
1992-01-27,7.465514643987019,7.465514643987019,7.220743672053018,7.3431291580200195,92000,0.0,0.0
1992-01-28,7.465514659881592,7.465514659881592,7.220743687426458,7.465514659881592,159800,0.0,0.0
1992-01-29,7.46551462755365,7.710285598948851,7.220743656158448,7.220743656158447,287000,0.0,0.0
1992-01-30,7.220743687426458,7.465514659881592,7.220743687426458,7.465514659881592,44400,0.0,0.0
1992-01-31,7.220743687426458,7.465514659881592,7.220743687426458,7.465514659881592,62600,0.0,0.0
1992-02-03,7.465514643987019,7.587900129954019,7.220743672053018,7.3431291580200195,86600,0.0,0.0
1992-02-04,7.465514659881592,7.587900146109159,7.465514659881592,7.465514659881592,58400,0.0,0.0
1992-02-05,7.526707402995375,7.587900146109159,7.465514659881592,7.465514659881592,51600,0.0,0.0
1992-02-06,7.465514659881592,7.587900146109159,7.465514659881592,7.465514659881592,14000,0.0,0.0
1992-02-07,7.465514892388967,7.58790038242813,7.404322147369385,7.404322147369385,182200,0.0,0.0
1992-02-10,7.587900394346657,7.587900394346657,7.40432215899956,7.526707649230957,378600,0.0,0.0
1992-02-11,7.404322147369385,7.58790038242813,7.404322147369385,7.404322147369385,39000,0.0,0.0
1992-02-12,7.404321932023572,7.587900161743164,7.404321932023572,7.587900161743164,92600,0.0,0.0
1992-02-13,7.58790038242813,7.58790038242813,7.404322147369385,7.404322147369385,171800,0.0,0.0
1992-02-14,7.404322147369385,7.58790038242813,7.404322147369385,7.404322147369385,16000,0.0,0.0
1992-02-18,7.587900161743164,7.587900161743164,7.404321932023572,7.587900161743164,256200,0.0,0.0
1992-02-19,7.404321932023572,7.587900161743164,7.404321932023572,7.587900161743164,76800,0.0,0.0
1992-02-20,7.404321932023572,7.587900161743164,7.404321932023572,7.587900161743164,32200,0.0,0.0
1992-02-21,7.40432215899956,7.587900394346657,7.40432215899956,7.526707649230957,180000,0.0,0.0
1992-02-24,7.404322147369385,7.58790038242813,7.404322147369385,7.404322147369385,51800,0.0,0.0
1992-02-25,7.404321946795024,7.710285663604735,7.404321946795024,7.710285663604736,222000,0.0,0.0
1992-02-26,7.465514659881592,7.710285632336726,7.465514659881592,7.465514659881592,22800,0.0,0.0
1992-02-27,7.465514690156966,7.710285663604735,7.465514690156966,7.710285663604736,8800,0.0,0.0
1992-02-28,7.465514704585076,7.8326711654663095,7.465514704585076,7.832671165466309,367800,0.0,0.0
1992-03-02,7.832671134702621,8.077442107662078,7.587900161743164,7.587900161743164,185200,0.0,0.0
1992-03-03,7.587900129954019,7.71028561592102,7.343129158020019,7.3431291580200195,64200,0.0,0.0
1992-03-04,7.3431291251346975,7.3431291251346975,7.098358154296875,7.098358154296875,141200,0.0,0.0
1992-03-05,7.098358120237078,7.343129089900425,6.8535871505737305,6.8535871505737305,52200,0.0,0.0
1992-03-06,6.853587395322006,7.098358373726364,6.853587395322006,6.914780139923096,14600,0.0,0.0
1992-03-09,6.853587183459052,7.098358154296875,6.73120169804014,7.098358154296875,12200,0.0,0.0
1992-03-10,6.731201682174414,6.975972652435302,6.731201682174414,6.975972652435303,20000,0.0,0.0
1992-03-11,6.975972652435302,6.975972652435302,6.670008939609192,6.975972652435303,158000,0.0,0.0
1992-03-12,6.975972884524185,6.975972884524185,6.731201906119828,6.914780139923096,27600,0.0,0.0
1992-03-13,6.853587133234198,6.975972617756237,6.731201648712158,6.731201648712158,30600,0.0,0.0
1992-03-16,6.731201867076837,6.853587355569144,6.486430890092225,6.547623634338379,116000,0.0,0.0
1992-03-17,6.731201648712158,6.731201648712158,6.48643067966808,6.731201648712158,43200,0.0,0.0
1992-03-18,6.731201612724448,6.731201612724448,6.486430644989014,6.486430644989014,8600,0.0,0.0
1992-03-19,6.486430626649123,6.731201593692487,6.364045143127442,6.364045143127441,58800,0.0,0.0
1992-03-20,6.241659622192383,6.486430587768555,6.119274139404297,6.119274139404297,63400,0.0,0.0
1992-03-23,6.241659677253579,6.486430644989014,5.996888709518145,6.486430644989014,76800,0.0,0.0
1992-03-24,6.486430607590021,6.486430607590021,6.241659641265869,6.241659641265869,9000,0.0,0.0
1992-03-25,6.302852630615234,6.486430862574901,6.241659886628678,6.302852630615234,16000,0.0,0.0
1992-03-26,6.486430607590021,6.486430607590021,6.241659641265869,6.241659641265869,28800,0.0,0.0
1992-03-27,6.2416596596057605,6.486430626649123,6.2416596596057605,6.364045143127441,10800,0.0,0.0
1992-03-30,6.241659622192383,6.302852363586426,6.119274139404297,6.119274139404297,53400,0.0,0.0
1992-03-31,6.119274176084079,6.364045143127442,6.119274176084079,6.364045143127441,19000,0.0,0.0
1992-04-01,6.119274099667867,6.241659581661224,5.752117653687795,5.874503135681152,95200,0.0,0.0
1992-04-02,5.874503135681152,6.119274099667867,5.874503135681152,5.874503135681152,121600,0.0,0.0
1992-04-03,6.119274139404297,6.241659622192383,5.874503173828125,6.119274139404297,51800,0.0,0.0
1992-04-06,6.241659641265869,6.241659641265869,5.996888674941718,6.241659641265869,44200,0.0,0.0
1992-04-07,6.180466861140971,6.180466861140971,5.996888637542724,5.996888637542725,89200,0.0,0.0
1992-04-08,5.996888656616211,6.119274139404297,5.874503173828125,6.119274139404297,8000,0.0,0.0
1992-04-09,6.241659872602709,6.241659872602709,6.119274384904616,6.180467128753662,38400,0.0,0.0
1992-04-10,6.241659641265869,6.241659641265869,6.119274158103793,6.241659641265869,4600,0.0,0.0
1992-04-13,6.241659622192383,6.241659622192383,5.996888656616211,6.119274139404297,18800,0.0,0.0
1992-04-14,5.996888637542724,6.241659602340387,5.996888637542724,5.996888637542725,10000,0.0,0.0
1992-04-15,5.996888883186109,6.241659858010032,5.996888883186109,6.05808162689209,20200,0.0,0.0
1992-04-16,5.996888637542724,6.0580813787421395,5.996888637542724,5.996888637542725,19600,0.0,0.0
1992-04-20,5.874503155143893,6.119274119941555,5.874503155143893,5.996888637542725,11000,0.0,0.0
1992-04-21,5.874503173828125,6.119274139404297,5.874503173828125,6.119274139404297,29600,0.0,0.0
1992-04-22,5.996888656616211,6.119274139404297,5.996888656616211,6.119274139404297,18200,0.0,0.0
1992-04-23,5.996888656616211,6.241659622192383,5.996888656616211,6.119274139404297,15400,0.0,0.0
1992-04-24,5.996888674941718,6.241659641265869,5.996888674941718,6.241659641265869,7000,0.0,0.0
1992-04-27,6.241660066272901,6.241660066272901,5.629732608795166,5.629732608795166,80200,0.0,0.0
1992-04-28,5.629732608795166,5.752118100290713,5.507347117299619,5.629732608795166,52600,0.0,0.0
1992-04-29,5.629732618940637,5.752118110656738,5.629732618940637,5.752118110656738,18800,0.0,0.0
1992-04-30,5.629732618940637,5.8745036023728385,5.629732618940637,5.752118110656738,21200,0.0,0.0
1992-05-01,5.8745035691694785,5.8745035691694785,5.384961605072022,5.3849616050720215,61000,0.0,0.0
1992-05-04,5.7521178645472375,5.7521178645472375,5.384961405108052,5.690925121307373,190600,0.0,0.0
1992-05-05,5.507347127224536,5.752118110656738,5.507347127224536,5.752118110656738,10200,0.0,0.0
1992-05-06,5.507347127224536,5.752118110656738,5.507347127224536,5.752118110656738,28800,0.0,0.0
1992-05-07,5.752118110656738,5.752118110656738,5.507347127224536,5.752118110656738,9400,0.0,0.0
1992-05-08,5.507347117299619,5.752118100290713,5.507347117299619,5.629732608795166,6800,0.0,0.0
1992-05-11,5.507347117299619,5.752118100290713,5.507347117299619,5.629732608795166,9800,0.0,0.0
1992-05-12,5.629732608795166,5.629732608795166,5.507347117299619,5.629732608795166,21200,0.0,0.0
1992-05-13,5.384961207707723,6.119274099667867,5.384961207707723,5.874503135681152,266600,0.0,0.0
1992-05-14,5.99688861767451,6.119274099667867,5.752117653687795,5.874503135681152,83800,0.0,0.0
1992-05-15,5.813310856514788,5.8745036023728385,5.752118110656738,5.752118110656738,19200,0.0,0.0
1992-05-18,5.752117879767167,5.99688885337428,5.752117879767167,5.813310623168945,16000,0.0,0.0
1992-05-19,5.752117672745062,5.996888637542724,5.752117672745062,5.996888637542725,4000,0.0,0.0
1992-05-20,5.935695896343309,5.996888637542724,5.752117672745062,5.996888637542725,46000,0.0,0.0
1992-05-21,5.752118110656738,5.8745036023728385,5.752118110656738,5.752118110656738,29800,0.0,0.0
1992-05-22,5.752117653687795,5.874503135681152,5.752117653687795,5.874503135681152,8400,0.0,0.0
1992-05-26,5.752118110656738,5.99688909408894,5.752118110656738,5.752118110656738,2000,0.0,0.0
1992-05-27,5.874503155143893,5.996888637542724,5.752117672745062,5.996888637542725,63800,0.0,0.0
1992-05-28,5.996888656616211,6.119274139404297,5.996888656616211,6.119274139404297,18600,0.0,0.0
1992-05-29,6.119274355701564,6.119274355701564,5.8745033814735015,5.935696125030518,17000,0.0,0.0
1992-06-01,6.119274099667867,6.119274099667867,5.874503135681152,5.874503135681152,5200,0.0,0.0
1992-06-02,5.8745033814735015,6.119274355701564,5.8745033814735015,5.935696125030518,24000,0.0,0.0
1992-06-03,5.874503173828125,6.119274139404297,5.874503173828125,6.119274139404297,4200,0.0,0.0
1992-06-04,6.119274139404297,6.241659622192383,5.874503173828125,6.119274139404297,237600,0.0,0.0
1992-06-05,5.996888656616211,6.241659622192383,5.996888656616211,6.119274139404297,5400,0.0,0.0
1992-06-08,5.996888709518145,6.486430644989014,5.996888709518145,6.486430644989014,117000,0.0,0.0
1992-06-09,6.364045124427945,6.6088160907520965,6.241659641265869,6.241659641265869,35200,0.0,0.0
1992-06-10,6.364045124427945,6.364045124427945,6.119274158103793,6.241659641265869,25800,0.0,0.0
1992-06-11,6.364045143127442,6.364045143127442,5.996888692562397,6.364045143127441,49000,0.0,0.0
1992-06-12,6.119274139404297,6.364045104980469,6.119274139404297,6.119274139404297,10000,0.0,0.0
1992-06-15,6.364045143127442,6.364045143127442,6.119274176084079,6.364045143127441,1400,0.0,0.0
1992-06-16,6.119274139404297,6.364045104980469,6.119274139404297,6.119274139404297,2800,0.0,0.0
1992-06-17,6.364045063654582,6.486430545647939,5.752117653687795,5.874503135681152,95800,0.0,0.0
1992-06-18,5.752118089463976,5.874503580729167,5.507347106933594,5.507347106933594,111600,0.0,0.0
1992-06-19,5.752117848658299,5.752117848658299,5.507346876374967,5.568539619445801,57400,0.0,0.0
1992-06-22,5.507347096096386,5.62973258712075,5.017805131998929,5.3849616050720215,122600,0.0,0.0
1992-06-23,5.38496158236549,5.38496158236549,5.01780511084057,5.140190601348877,143200,0.0,0.0
1992-06-24,5.017805121665778,5.262576103210449,5.017805121665778,5.262576103210449,12000,0.0,0.0
1992-06-25,5.262575713681502,5.262575713681502,4.283491859973316,4.344684600830078,329000,0.0,0.0
1992-06-26,4.528263104589362,4.895419572529041,4.405877615276136,4.650648593902588,276200,0.0,0.0
1992-06-29,4.773034069989179,4.773034069989179,4.283492114092853,4.528263092041016,315400,0.0,0.0
1992-06-30,4.467070359932749,4.650648593902588,4.161106636649684,4.650648593902588,592600,0.0,0.0
1992-07-01,4.283491839533267,4.405877320662789,3.793949915015179,4.222299098968506,434400,0.0,0.0
1992-07-02,4.405877320662789,4.405877320662789,4.161106358403745,4.222299098968506,80200,0.0,0.0
1992-07-06,4.283491879293363,4.528262843824413,4.161106397027838,4.46707010269165,46000,0.0,0.0
1992-07-07,4.528263092041016,4.773034069989179,4.283492114092853,4.528263092041016,37800,0.0,0.0
1992-07-08,4.650648326089937,4.650648326089937,4.283491879293363,4.46707010269165,66800,0.0,0.0
1992-07-09,4.528263092041016,4.650648581015098,4.405877603066934,4.528263092041016,50600,0.0,0.0
1992-07-10,4.405877590179443,4.6506485674116345,4.405877590179443,4.405877590179443,81000,0.0,0.0
1992-07-13,4.528263078795539,4.528263078795539,4.283492101563347,4.405877590179443,17800,0.0,0.0
1992-07-14,4.283492101563347,4.528263078795539,4.283492101563347,4.405877590179443,9800,0.0,0.0
1992-07-15,4.405877562130199,4.528263049967149,4.161106586456299,4.161106586456299,74600,0.0,0.0
1992-07-16,4.4058775765555245,4.528263064793178,4.283492088317871,4.283492088317871,118000,0.0,0.0
1992-07-17,4.405877590179443,4.405877590179443,4.161106612947251,4.405877590179443,48800,0.0,0.0
1992-07-20,4.283492101563347,4.405877590179443,4.161106612947251,4.405877590179443,21800,0.0,0.0
1992-07-21,4.405877590179443,4.528263078795539,4.161106612947251,4.405877590179443,57000,0.0,0.0
1992-07-22,4.528263049967149,4.528263049967149,4.161106586456299,4.161106586456299,30800,0.0,0.0
1992-07-23,4.161106625118771,4.528263092041016,4.161106625118771,4.528263092041016,30400,0.0,0.0
1992-07-24,4.528263092041016,4.528263092041016,4.528263092041016,4.528263092041016,17400,0.0,0.0
1992-07-27,4.6506485674116345,4.6506485674116345,4.405877590179443,4.405877590179443,8600,0.0,0.0
1992-07-28,4.650648593902588,4.650648593902588,4.405877615276136,4.650648593902588,133000,0.0,0.0
1992-07-29,4.650648364773045,4.773033848056546,4.528262881489543,4.711841106414795,86600,0.0,0.0
1992-07-30,4.77303409576416,4.77303409576416,4.528263116494203,4.77303409576416,122200,0.0,0.0
1992-07-31,4.77303409576416,4.77303409576416,4.650648606129181,4.77303409576416,54800,0.0,0.0
1992-08-03,4.52826286315918,4.773033828735352,4.52826286315918,4.589455604553223,44400,0.0,0.0
1992-08-04,4.528263078795539,4.6506485674116345,4.283492101563347,4.405877590179443,71000,0.0,0.0
1992-08-05,4.405877590179443,4.467070334487491,4.283492101563347,4.405877590179443,78000,0.0,0.0
1992-08-06,4.283492088317871,4.4058775765555245,4.038721111842564,4.283492088317871,67400,0.0,0.0
1992-08-07,4.283491839533267,4.283491839533267,3.916335396144701,4.222299098968506,75000,0.0,0.0
1992-08-10,4.161106586456299,4.283492074293249,3.977528354700874,4.161106586456299,19400,0.0,0.0
1992-08-11,4.161106600080218,4.283492088317871,4.161106600080218,4.283492088317871,22200,0.0,0.0
1992-08-12,4.283492088317871,4.283492088317871,4.161106600080218,4.283492088317871,23000,0.0,0.0
1992-08-13,4.283492074293249,4.405877562130199,4.161106586456299,4.161106586456299,5600,0.0,0.0
1992-08-14,4.344684845871395,4.405877590179443,4.344684845871395,4.405877590179443,5200,0.0,0.0
1992-08-17,4.4058775765555245,4.4058775765555245,4.161106600080218,4.283492088317871,64400,0.0,0.0
1992-08-18,4.161106612947251,4.405877590179443,4.161106612947251,4.405877590179443,21800,0.0,0.0
1992-08-19,4.405877603066934,4.528263092041016,4.283492114092853,4.528263092041016,39000,0.0,0.0
1992-08-20,4.528263064793178,4.528263064793178,4.283492088317871,4.283492088317871,2800,0.0,0.0
1992-08-21,4.405877590179443,4.528263078795539,4.283492101563347,4.405877590179443,65200,0.0,0.0
1992-08-24,4.283492101563347,4.405877590179443,4.161106612947251,4.405877590179443,15800,0.0,0.0
1992-08-25,4.405877590179443,4.405877590179443,4.283492101563347,4.405877590179443,7000,0.0,0.0
1992-08-26,4.161106378259793,4.344684600830078,4.161106378259793,4.344684600830078,10800,0.0,0.0
1992-08-27,4.161106586456299,4.405877562130199,4.161106586456299,4.161106586456299,15600,0.0,0.0
1992-08-28,4.283492074293249,4.283492074293249,4.161106586456299,4.161106586456299,41600,0.0,0.0
1992-08-31,4.161106600080218,4.4058775765555245,4.161106600080218,4.283492088317871,55200,0.0,0.0
1992-09-01,4.283492088317871,4.344684832436698,4.161106600080218,4.283492088317871,24000,0.0,0.0
1992-09-02,4.405877590179443,4.405877590179443,4.161106612947251,4.405877590179443,34000,0.0,0.0
1992-09-03,4.4058775765555245,4.4058775765555245,4.161106600080218,4.283492088317871,506600,0.0,0.0
1992-09-04,4.161106600080218,4.4058775765555245,4.161106600080218,4.283492088317871,48200,0.0,0.0
1992-09-08,4.283492101563347,4.405877590179443,4.161106612947251,4.405877590179443,16200,0.0,0.0
1992-09-09,4.405877562130199,4.405877562130199,4.161106586456299,4.161106586456299,35200,0.0,0.0
1992-09-10,4.161106600080218,4.4058775765555245,4.038721111842564,4.283492088317871,45800,0.0,0.0
1992-09-11,4.038721084594727,4.283492059418649,4.038721084594727,4.038721084594727,13200,0.0,0.0
1992-09-14,4.283492088317871,4.283492088317871,4.038721111842564,4.283492088317871,34800,0.0,0.0
1992-09-15,4.283492088317871,4.283492088317871,4.038721111842564,4.283492088317871,12600,0.0,0.0
1992-09-16,4.038721098619349,4.283492074293249,4.038721098619349,4.161106586456299,6800,0.0,0.0
1992-09-17,4.038720877274223,4.283491839533267,4.038720877274223,4.222299098968506,36400,0.0,0.0
1992-09-18,4.283491817872916,4.283491817872916,4.038720856851606,4.099913597106934,6200,0.0,0.0
1992-09-21,4.038720856851606,4.283491817872916,4.038720856851606,4.099913597106934,56600,0.0,0.0
1992-09-22,4.038721098619349,4.283492074293249,4.038721098619349,4.161106586456299,21800,0.0,0.0
1992-09-23,4.038720856851606,4.283491817872916,4.038720856851606,4.099913597106934,18000,0.0,0.0
1992-09-24,4.283491817872916,4.283491817872916,4.038720856851606,4.099913597106934,54400,0.0,0.0
1992-09-25,4.038721098619349,4.283492074293249,4.038721098619349,4.161106586456299,43800,0.0,0.0
1992-09-28,4.038720877274223,4.222299098968506,4.038720877274223,4.222299098968506,9000,0.0,0.0
1992-09-29,4.161106572006688,4.161106572006688,4.038721084594727,4.038721084594727,103000,0.0,0.0
1992-09-30,4.038721098619349,4.161106586456299,4.038721098619349,4.161106586456299,20600,0.0,0.0
1992-10-01,4.038721084594727,4.161106572006688,4.038721084594727,4.038721084594727,209800,0.0,0.0
1992-10-02,4.161106572006688,4.161106572006688,4.038721084594727,4.038721084594727,78200,0.0,0.0
1992-10-05,4.161106572006688,4.161106572006688,3.7939501097708037,4.038721084594727,92400,0.0,0.0
1992-10-06,4.038721053831039,4.038721053831039,3.793950080871582,3.793950080871582,14400,0.0,0.0
1992-10-07,3.7939500957727437,4.038721069693565,3.7939500957727437,3.9163355827331543,106200,0.0,0.0
1992-10-08,4.038721069693565,4.161106556653976,3.9163355827331547,3.9163355827331543,104200,0.0,0.0
1992-10-09,3.916335597182765,4.161106572006688,3.916335597182765,4.038721084594727,12400,0.0,0.0
1992-10-12,4.161106556653976,4.161106556653976,3.9163355827331547,3.9163355827331543,21600,0.0,0.0
1992-10-13,3.9163355900691106,3.9775283336639404,3.9163355900691106,3.9775283336639404,16800,0.0,0.0
1992-10-14,4.161106556653976,4.161106556653976,3.9163355827331547,3.9163355827331543,9200,0.0,0.0
1992-10-15,4.1611065644484295,4.1611065644484295,3.9163355900691106,3.9775283336639404,39600,0.0,0.0
1992-10-16,3.9163356107823986,4.161106586456299,3.9163356107823986,4.161106586456299,119800,0.0,0.0
1992-10-19,4.161106337362261,4.161106337362261,3.916335376340952,4.099913597106934,10200,0.0,0.0
1992-10-20,4.161106612947251,4.405877590179443,4.038721124331156,4.405877590179443,484200,0.0,0.0
1992-10-21,4.405877341686839,4.528262823400363,4.222299119116554,4.344684600830078,76800,0.0,0.0
1992-10-22,4.161106625118771,4.528263092041016,4.161106625118771,4.528263092041016,28800,0.0,0.0
1992-10-23,4.528262823400363,4.528262823400363,4.222299119116554,4.344684600830078,44800,0.0,0.0
1992-10-26,4.161106636649684,4.650648593902588,4.161106636649684,4.650648593902588,62800,0.0,0.0
1992-10-27,4.650648606129181,4.77303409576416,4.528263116494203,4.77303409576416,95600,0.0,0.0
1992-10-28,4.650648399635597,5.017804852238408,4.650648399635597,4.9566121101379395,78600,0.0,0.0
1992-10-29,5.01780511084057,5.38496158236549,4.895419620332263,5.140190601348877,63000,0.0,0.0
1992-10-30,5.140190612438113,5.384961593982785,5.140190612438113,5.262576103210449,51200,0.0,0.0
1992-11-02,5.262576114047658,5.384961605072022,5.017805131998929,5.3849616050720215,5800,0.0,0.0
1992-11-03,5.017805099487306,5.140190589718703,5.017805099487306,5.017805099487305,57400,0.0,0.0
1992-11-04,4.8954195853991385,5.140190564669095,4.77303409576416,4.77303409576416,31400,0.0,0.0
1992-11-05,5.0178050875663756,5.0178050875663756,4.773034107685089,4.895419597625732,3600,0.0,0.0
1992-11-06,4.773034107685089,5.0178050875663756,4.773034107685089,4.895419597625732,11200,0.0,0.0
1992-11-09,5.017805099487306,5.017805099487306,4.8954196092559075,5.017805099487305,62600,0.0,0.0
1992-11-10,4.834226864140208,5.017805099487306,4.834226864140208,5.017805099487305,16400,0.0,0.0
1992-11-11,4.834226625937003,5.017804852238408,4.834226625937003,4.9566121101379395,48400,0.0,0.0
1992-11-12,4.8954196092559075,5.017805099487306,4.834226864140208,5.017805099487305,36800,0.0,0.0
1992-11-13,4.83422685265541,5.0178050875663756,4.83422685265541,4.895419597625732,15800,0.0,0.0
1992-11-16,4.834226864140208,5.017805099487306,4.834226864140208,5.017805099487305,19400,0.0,0.0
1992-11-17,4.895419597625732,5.0178050875663756,4.895419597625732,4.895419597625732,61200,0.0,0.0
1992-11-18,4.895419620332263,5.140190601348877,4.895419620332263,5.140190601348877,3800,0.0,0.0
1992-11-19,4.895419597625732,4.895419597625732,4.895419597625732,4.895419597625732,1200,0.0,0.0
1992-11-20,5.140190601348877,5.140190601348877,4.895419620332263,5.140190601348877,26800,0.0,0.0
1992-11-23,4.895419597625732,5.140190577507019,4.895419597625732,4.895419597625732,19600,0.0,0.0
1992-11-24,5.140190589718703,5.140190589718703,4.8954196092559075,5.017805099487305,63200,0.0,0.0
1992-11-25,4.895419597625732,5.140190577507019,4.895419597625732,4.895419597625732,16600,0.0,0.0
1992-11-27,4.895419620332263,5.140190601348877,4.895419620332263,5.140190601348877,11400,0.0,0.0
1992-11-30,5.140190577507019,5.140190577507019,4.895419597625732,4.895419597625732,29200,0.0,0.0
1992-12-01,4.895419620332263,5.140190601348877,4.895419620332263,5.140190601348877,23800,0.0,0.0
1992-12-02,5.140190601348877,5.140190601348877,4.895419620332263,5.140190601348877,28600,0.0,0.0
1992-12-03,4.895419630893442,5.262576103210449,4.895419630893442,5.262576103210449,35800,0.0,0.0
1992-12-04,5.262576124403211,5.507347106933594,5.01780514187283,5.507347106933594,168200,0.0,0.0
1992-12-07,5.507347127224536,5.752118110656738,5.507347127224536,5.752118110656738,28200,0.0,0.0
1992-12-08,5.507347127224536,5.752118110656738,5.507347127224536,5.752118110656738,22800,0.0,0.0
1992-12-09,5.752118100290713,5.752118100290713,5.384961625804071,5.629732608795166,57600,0.0,0.0
1992-12-10,5.384961625804071,5.629732608795166,5.384961625804071,5.629732608795166,52200,0.0,0.0
1992-12-11,5.384961625804071,5.629732608795166,5.384961625804071,5.629732608795166,8200,0.0,0.0
1992-12-14,5.384961625804071,5.629732608795166,5.384961625804071,5.629732608795166,17200,0.0,0.0
1992-12-15,5.384961605072022,5.62973258712075,5.384961605072022,5.3849616050720215,16400,0.0,0.0
1992-12-16,5.384961605072022,5.62973258712075,5.384961605072022,5.3849616050720215,7800,0.0,0.0
1992-12-17,5.384961605072022,5.568539841608568,5.384961605072022,5.3849616050720215,17400,0.0,0.0
1992-12-18,5.384961625804071,5.629732608795166,5.384961625804071,5.629732608795166,21000,0.0,0.0
1992-12-21,5.384961615668403,5.6297325981987845,5.384961615668403,5.507347106933594,33400,0.0,0.0
1992-12-22,5.384961615668403,5.6297325981987845,5.384961615668403,5.507347106933594,25400,0.0,0.0
1992-12-23,5.507347106933594,5.507347106933594,5.384961615668403,5.507347106933594,39800,0.0,0.0
1992-12-24,5.384961615668403,5.507347106933594,5.262576124403211,5.507347106933594,21600,0.0,0.0
1992-12-28,5.384961390233301,5.629732362516633,5.262575904091635,5.568539619445801,83800,0.0,0.0
1992-12-29,5.384961605072022,5.568539841608568,5.384961605072022,5.3849616050720215,66200,0.0,0.0
1992-12-30,5.384961374690024,5.4461541175842285,5.384961374690024,5.4461541175842285,37800,0.0,0.0
1992-12-31,5.507347106933594,5.6297325981987845,5.384961615668403,5.507347106933594,38000,0.0,0.0
1993-01-04,5.629732563382103,5.629732563382103,5.140190601348877,5.140190601348877,29200,0.0,0.0
1993-01-05,5.140190601348877,5.140190601348877,5.140190601348877,5.140190601348877,0,0.0,0.0
1993-01-06,5.38496158236549,5.38496158236549,5.140190601348877,5.140190601348877,5600,0.0,0.0
1993-01-07,5.140190612438113,5.262576103210449,5.140190612438113,5.262576103210449,4800,0.0,0.0
1993-01-08,5.140190601348877,5.38496158236549,5.140190601348877,5.140190601348877,24800,0.0,0.0
1993-01-11,5.140190589718703,5.384961570181498,5.017805099487306,5.017805099487305,82800,0.0,0.0
1993-01-12,5.01780511084057,5.140190601348877,5.01780511084057,5.140190601348877,24600,0.0,0.0
1993-01-13,5.01780511084057,5.140190601348877,5.01780511084057,5.140190601348877,63800,0.0,0.0
1993-01-14,5.140190589718703,5.140190589718703,5.017805099487306,5.017805099487305,27000,0.0,0.0
1993-01-15,5.017805131998929,5.384961605072022,5.017805131998929,5.3849616050720215,46000,0.0,0.0
1993-01-18,5.507347106933594,5.507347106933594,5.262576124403211,5.507347106933594,1600,0.0,0.0
1993-01-19,5.262576103210449,5.507347084755121,5.262576103210449,5.262576103210449,11600,0.0,0.0
1993-01-20,5.262575743149737,6.119274119941555,5.262575743149737,5.996888637542725,346200,0.0,0.0
1993-01-21,5.99688909408894,5.99688909408894,5.752118110656738,5.752118110656738,82800,0.0,0.0
1993-01-22,5.752118110656738,5.99688909408894,5.752118110656738,5.752118110656738,83400,0.0,0.0
1993-01-25,5.99688861767451,5.99688861767451,5.752117653687795,5.874503135681152,89000,0.0,0.0
1993-01-26,5.752117672745062,6.241659602340387,5.752117672745062,5.996888637542725,246200,0.0,0.0
1993-01-27,5.996889083281808,5.996889083281808,5.629732608795166,5.629732608795166,286000,0.0,0.0
1993-01-28,5.6297325981987845,5.752118089463976,5.507347106933594,5.507347106933594,139000,0.0,0.0
1993-01-29,5.507347127224536,5.752118110656738,5.507347127224536,5.752118110656738,47000,0.0,0.0
1993-02-01,5.874503135681152,5.874503135681152,5.50734668970108,5.874503135681152,39000,0.0,0.0
1993-02-02,5.50734668970108,5.874503135681152,5.50734668970108,5.874503135681152,22000,0.0,0.0
1993-02-03,5.507347127224536,5.8745036023728385,5.507347127224536,5.752118110656738,9000,0.0,0.0
1993-02-04,5.874503366570724,5.874503366570724,5.507346906160053,5.813310623168945,39600,0.0,0.0
1993-02-05,5.752118110656738,5.99688909408894,5.752118110656738,5.752118110656738,31600,0.0,0.0
1993-02-08,5.996888637542724,5.996888637542724,5.752117672745062,5.996888637542725,24200,0.0,0.0
1993-02-09,5.752118110656738,6.11927458580504,5.752118110656738,5.752118110656738,33400,0.0,0.0
1993-02-10,6.119274119941555,6.119274119941555,5.752117672745062,5.996888637542725,15000,0.0,0.0
1993-02-11,6.119274099667867,6.119274099667867,5.752117653687795,5.874503135681152,14800,0.0,0.0
1993-02-12,6.119274139404297,6.119274139404297,5.75211769104004,6.119274139404297,16000,0.0,0.0
1993-02-16,6.11927458580504,6.11927458580504,5.690925364798687,5.752118110656738,479400,0.0,0.0
1993-02-17,5.752117653687795,5.99688861767451,5.752117653687795,5.874503135681152,26600,0.0,0.0
1993-02-18,5.752117848658299,5.996888820941631,5.507346876374967,5.568539619445801,231400,0.0,0.0
1993-02-19,5.507347117299619,5.87450359178626,5.507347117299619,5.629732608795166,138800,0.0,0.0
1993-02-22,5.752118089463976,5.752118089463976,5.507347106933594,5.507347106933594,48800,0.0,0.0
1993-02-23,5.507347127224536,5.752118110656738,5.507347127224536,5.752118110656738,43200,0.0,0.0
1993-02-24,5.507347106933594,5.874503580729167,5.507347106933594,5.507347106933594,19800,0.0,0.0
1993-02-25,5.507347106933594,5.874503580729167,5.507347106933594,5.507347106933594,12800,0.0,0.0
1993-02-26,5.874503135681152,5.874503135681152,5.50734668970108,5.874503135681152,16400,0.0,0.0
1993-03-01,5.87450355707213,5.87450355707213,5.262576103210449,5.262576103210449,103800,0.0,0.0
1993-03-02,5.629732618940637,5.752118110656738,5.262576143792335,5.752118110656738,73400,0.0,0.0
1993-03-03,5.629732171694438,5.874503135681152,5.50734668970108,5.874503135681152,65200,0.0,0.0
1993-03-04,5.752118110656738,5.99688909408894,5.752118110656738,5.752118110656738,74800,0.0,0.0
1993-03-05,5.874503173828125,6.119274139404297,5.874503173828125,6.119274139404297,55200,0.0,0.0
1993-03-08,5.874503173828125,6.119274139404297,5.874503173828125,6.119274139404297,16200,0.0,0.0
1993-03-09,5.874503173828125,6.119274139404297,5.874503173828125,6.119274139404297,19400,0.0,0.0
1993-03-10,6.119274384904616,6.241659872602709,5.9968888972065235,6.180467128753662,58000,0.0,0.0
1993-03-11,6.241659622192383,6.241659622192383,5.996888656616211,6.119274139404297,3800,0.0,0.0
1993-03-12,5.99688861767451,6.119274099667867,5.874503135681152,5.874503135681152,31000,0.0,0.0
1993-03-15,6.119274384904616,6.180467128753662,5.874503409508431,6.180467128753662,43800,0.0,0.0
1993-03-16,6.241659677253579,6.486430644989014,5.996888709518145,6.486430644989014,86800,0.0,0.0
1993-03-17,6.364045161121297,6.486430644989014,6.241659677253579,6.486430644989014,72800,0.0,0.0
1993-03-18,6.241659677253579,6.608816128856731,6.241659677253579,6.486430644989014,142600,0.0,0.0
1993-03-19,6.241659677253579,6.608816128856731,6.119274193385862,6.486430644989014,82800,0.0,0.0
1993-03-22,6.731201648712158,6.731201648712158,6.48643067966808,6.731201648712158,45200,0.0,0.0
1993-03-23,6.731201612724448,6.731201612724448,6.486430644989014,6.486430644989014,83600,0.0,0.0
1993-03-24,6.48643067966808,6.731201648712158,6.48643067966808,6.731201648712158,26800,0.0,0.0
1993-03-25,6.608816146850586,6.608816146850586,6.364045178448712,6.608816146850586,43000,0.0,0.0
1993-03-26,6.608816110170805,6.608816110170805,6.364045143127442,6.364045143127441,19800,0.0,0.0
1993-03-29,6.364045161121297,6.608816128856731,6.364045161121297,6.486430644989014,31000,0.0,0.0
1993-03-30,6.364045178448712,6.608816146850586,6.364045178448712,6.608816146850586,9200,0.0,0.0
1993-03-31,6.608816128856731,6.608816128856731,6.119274193385862,6.486430644989014,64000,0.0,0.0
1993-04-01,6.119274193385862,6.486430644989014,6.119274193385862,6.486430644989014,9400,0.0,0.0
1993-04-02,6.241659677253579,6.486430644989014,6.119274193385862,6.486430644989014,9800,0.0,0.0
1993-04-05,6.486430662649649,6.608816146850586,6.241659694247775,6.608816146850586,57000,0.0,0.0
1993-04-06,6.608816146850586,6.608816146850586,6.364045178448712,6.608816146850586,79400,0.0,0.0
1993-04-07,6.364045124427945,6.6088160907520965,6.241659641265869,6.241659641265869,24600,0.0,0.0
1993-04-08,6.241659900120326,6.608816364833287,6.1804671560015,6.425238132476807,216200,0.0,0.0
1993-04-12,6.6088160907520965,6.6088160907520965,6.241659641265869,6.241659641265869,7000,0.0,0.0
1993-04-13,6.2416596596057605,6.608816110170805,6.2416596596057605,6.364045143127441,11400,0.0,0.0
1993-04-14,6.486430567138049,6.486430567138049,5.874503155143893,5.996888637542725,69600,0.0,0.0
1993-04-15,6.11927437059807,6.11927437059807,5.8745033957741475,6.05808162689209,22400,0.0,0.0
1993-04-16,6.119274176084079,6.364045143127442,5.874503209040715,6.364045143127441,59800,0.0,0.0
1993-04-19,6.119274176084079,6.364045143127442,6.119274176084079,6.364045143127441,8600,0.0,0.0
1993-04-20,6.119274384904616,6.364045360300801,6.119274384904616,6.180467128753662,114400,0.0,0.0
1993-04-21,5.996888725845902,6.731201631051523,5.996888725845902,6.608816146850586,207800,0.0,0.0
1993-04-22,6.731201631051523,6.853587115252459,6.608816146850586,6.608816146850586,87200,0.0,0.0
1993-04-23,6.853587115252459,6.853587115252459,6.486430662649649,6.608816146850586,118000,0.0,0.0
1993-04-26,6.731201612724448,6.731201612724448,6.241659677253579,6.486430644989014,63400,0.0,0.0
1993-04-27,6.486430662649649,6.608816146850586,6.241659694247775,6.608816146850586,39800,0.0,0.0
1993-04-28,6.731201593692487,6.731201593692487,6.2416596596057605,6.364045143127441,91800,0.0,0.0
1993-04-29,6.608816128856731,6.608816128856731,6.364045161121297,6.486430644989014,102200,0.0,0.0
1993-04-30,6.608816404600402,6.8535873825485645,6.364045426652239,6.792394638061523,193000,0.0,0.0
1993-05-03,6.853587167304858,7.0983581375657465,6.6088161970439705,6.975972652435303,313200,0.0,0.0
1993-05-04,7.0983581375657465,7.0983581375657465,6.731201682174414,6.975972652435303,149000,0.0,0.0
1993-05-05,6.853587115252459,6.853587115252459,6.486430662649649,6.608816146850586,169600,0.0,0.0
1993-05-06,6.731201631051523,6.853587115252459,6.608816146850586,6.608816146850586,101000,0.0,0.0
1993-05-07,6.8535871505737305,6.8535871505737305,6.486430696078709,6.8535871505737305,60600,0.0,0.0
1993-05-10,6.73120169804014,7.098358154296875,6.73120169804014,7.098358154296875,160800,0.0,0.0
1993-05-11,7.098358120237078,7.098358120237078,6.8535871505737305,6.8535871505737305,81000,0.0,0.0
1993-05-12,6.975972635405404,6.975972635405404,6.608816180910383,6.8535871505737305,43200,0.0,0.0
1993-05-13,6.975972599453396,6.975972599453396,6.608816146850586,6.608816146850586,15200,0.0,0.0
1993-05-14,6.608816180910383,6.975972635405404,6.608816180910383,6.8535871505737305,43600,0.0,0.0
1993-05-17,6.608816416917649,7.098358373726364,6.608816416917649,6.914780139923096,168600,0.0,0.0
1993-05-18,7.098358154296875,7.098358154296875,6.853587183459052,7.098358154296875,134600,0.0,0.0
1993-05-19,6.853587167304858,7.0983581375657465,6.731201682174414,6.975972652435303,138200,0.0,0.0
1993-05-20,6.975972652435302,6.975972652435302,6.731201682174414,6.975972652435303,48600,0.0,0.0
1993-05-21,6.975972652435302,6.975972652435302,6.731201682174414,6.975972652435303,130800,0.0,0.0
1993-05-24,6.731201682174414,6.975972652435302,6.731201682174414,6.975972652435303,102200,0.0,0.0
1993-05-25,6.975972652435302,6.975972652435302,6.731201682174414,6.975972652435303,83200,0.0,0.0
1993-05-26,6.975972884524185,6.975972884524185,6.731201906119828,6.914780139923096,34200,0.0,0.0
1993-05-27,6.975972652435302,6.975972652435302,6.731201682174414,6.975972652435303,86200,0.0,0.0
1993-05-28,6.975972884524185,6.975972884524185,6.731201906119828,6.914780139923096,16200,0.0,0.0
1993-06-01,6.975972884524185,6.975972884524185,6.731201906119828,6.914780139923096,109400,0.0,0.0
1993-06-02,6.975972635405404,6.975972635405404,6.731201665742057,6.8535871505737305,67200,0.0,0.0
1993-06-03,6.975972652435302,6.975972652435302,6.731201682174414,6.975972652435303,127600,0.0,0.0
1993-06-04,6.975972871522647,6.975972871522647,6.731201893574483,6.792394638061523,81400,0.0,0.0
1993-06-07,6.975972635405404,6.975972635405404,6.608816180910383,6.8535871505737305,131800,0.0,0.0
1993-06-08,6.731201665742057,6.8535871505737305,6.731201665742057,6.8535871505737305,64400,0.0,0.0
1993-06-09,6.8535871505737305,6.8535871505737305,6.608816180910383,6.8535871505737305,34800,0.0,0.0
1993-06-10,6.731201665742057,6.8535871505737305,6.608816180910383,6.8535871505737305,31600,0.0,0.0
1993-06-11,6.608816164190119,6.853587133234198,6.608816164190119,6.731201648712158,75200,0.0,0.0
1993-06-14,6.608816146850586,6.853587115252459,6.608816146850586,6.608816146850586,149400,0.0,0.0
1993-06-15,6.8535873825485645,6.8535873825485645,6.731201893574483,6.792394638061523,79200,0.0,0.0
1993-06-16,6.8535873825485645,6.8535873825485645,6.608816404600402,6.792394638061523,15600,0.0,0.0
1993-06-17,6.608816180910383,6.8535871505737305,6.608816180910383,6.8535871505737305,43000,0.0,0.0
1993-06-18,6.608816404600402,6.8535873825485645,6.608816404600402,6.792394638061523,294000,0.0,0.0
1993-06-21,6.792394408157893,6.8535871505737305,6.67000892332622,6.8535871505737305,91400,0.0,0.0
1993-06-22,6.8535871505737305,6.8535871505737305,6.731201665742057,6.8535871505737305,197200,0.0,0.0
1993-06-23,6.8535873825485645,6.8535873825485645,6.731201893574483,6.792394638061523,168400,0.0,0.0
1993-06-24,6.8535871505737305,6.8535871505737305,6.731201665742057,6.8535871505737305,80200,0.0,0.0
1993-06-25,6.8535871505737305,6.8535871505737305,6.731201665742057,6.8535871505737305,15200,0.0,0.0
1993-06-28,6.8535873825485645,6.8535873825485645,6.731201893574483,6.792394638061523,49400,0.0,0.0
1993-06-29,6.8535871505737305,6.8535871505737305,6.731201665742057,6.8535871505737305,55000,0.0,0.0
1993-06-30,6.731201893574483,6.8535873825485645,6.731201893574483,6.792394638061523,58600,0.0,0.0
1993-07-01,6.853587133234198,6.853587133234198,6.608816164190119,6.731201648712158,71400,0.0,0.0
1993-07-02,6.853587115252459,6.853587115252459,6.608816146850586,6.608816146850586,22000,0.0,0.0
1993-07-06,6.8535871505737305,6.8535871505737305,6.608816180910383,6.8535871505737305,41800,0.0,0.0
1993-07-07,6.8535871505737305,6.8535871505737305,6.608816180910383,6.8535871505737305,100200,0.0,0.0
1993-07-08,6.853587133234198,6.853587133234198,6.608816164190119,6.731201648712158,107800,0.0,0.0
1993-07-09,6.8535871505737305,6.8535871505737305,6.608816180910383,6.8535871505737305,64800,0.0,0.0
1993-07-12,6.853587167304858,6.975972652435302,6.6088161970439705,6.975972652435303,418200,0.0,0.0
1993-07-13,6.853587269783021,7.8326711654663095,6.853587269783021,7.832671165466309,652600,0.0,0.0
1993-07-14,7.955056587855021,7.955056587855021,7.098358186086018,7.3431291580200195,446800,0.0,0.0
1993-07-15,7.465514643987019,7.465514643987019,7.220743672053018,7.3431291580200195,67000,0.0,0.0
1993-07-16,7.343129173654025,7.465514659881592,7.098358201198891,7.465514659881592,41400,0.0,0.0
1993-07-19,7.46551462755365,7.46551462755365,6.975972684763247,7.220743656158447,74400,0.0,0.0
1993-07-20,7.220743639715786,7.3431291251346975,6.975972668877963,7.098358154296875,55800,0.0,0.0
1993-07-21,7.343129173654025,7.465514659881592,7.098358201198891,7.465514659881592,136400,0.0,0.0
1993-07-22,7.465514643987019,7.71028561592102,7.220743672053018,7.3431291580200195,173400,0.0,0.0
1993-07-23,7.5879001132512505,7.5879001132512505,7.220743656158448,7.220743656158447,99200,0.0,0.0
1993-07-26,7.220743656158448,7.46551462755365,7.220743656158448,7.220743656158447,97800,0.0,0.0
1993-07-27,7.46551462755365,7.46551462755365,7.220743656158448,7.220743656158447,83000,0.0,0.0
1993-07-28,7.465514643987019,7.71028561592102,7.220743672053018,7.3431291580200195,176000,0.0,0.0
1993-07-29,7.220743639715786,7.465514610553609,7.098358154296875,7.098358154296875,45800,0.0,0.0
1993-07-30,7.3431291251346975,7.465514610553609,7.098358154296875,7.098358154296875,55800,0.0,0.0
1993-08-02,7.098358170460847,7.46551462755365,7.098358170460847,7.220743656158447,193200,0.0,0.0
1993-08-03,7.465514892388967,7.58790038242813,7.22074391231064,7.404322147369385,146400,0.0,0.0
1993-08-04,7.5879001132512505,7.5879001132512505,7.220743656158448,7.220743656158447,91600,0.0,0.0
1993-08-05,7.465514643987019,7.465514643987019,7.220743672053018,7.3431291580200195,76000,0.0,0.0
1993-08-06,7.3431294023498035,7.465514892388967,7.3431294023498035,7.404322147369385,29600,0.0,0.0
1993-08-09,7.343129173654025,7.465514659881592,7.220743687426458,7.465514659881592,64800,0.0,0.0
1993-08-10,7.465514659881592,7.465514659881592,7.220743687426458,7.465514659881592,35000,0.0,0.0
1993-08-11,7.343129173654025,7.465514659881592,7.220743687426458,7.465514659881592,53400,0.0,0.0
1993-08-12,7.220743702303979,7.587900161743164,7.220743702303979,7.587900161743164,124200,0.0,0.0
1993-08-13,7.587900161743164,7.587900161743164,7.343129188783707,7.587900161743164,139600,0.0,0.0
1993-08-16,7.587900129954019,7.587900129954019,7.220743672053018,7.3431291580200195,272400,0.0,0.0
1993-08-17,7.465514643987019,7.465514643987019,7.098358186086018,7.3431291580200195,195800,0.0,0.0
1993-08-18,7.343129173654025,7.587900146109159,7.343129173654025,7.465514659881592,187400,0.0,0.0
1993-08-19,7.710285648222893,7.832671134702621,7.465514675263436,7.587900161743164,163800,0.0,0.0
1993-08-20,7.710285678505898,7.8326711654663095,7.587900191545487,7.832671165466309,120400,0.0,0.0
1993-08-23,7.8326711654663095,7.8326711654663095,7.465514704585076,7.832671165466309,16000,0.0,0.0
1993-08-24,7.83267115032862,7.83267115032862,7.587900176880851,7.710285663604736,72000,0.0,0.0
1993-08-25,7.587900191545487,7.8326711654663095,7.587900191545487,7.832671165466309,40600,0.0,0.0
1993-08-26,7.832671134702621,7.832671134702621,7.343129188783707,7.587900161743164,49400,0.0,0.0
1993-08-27,7.587900161743164,7.587900161743164,7.343129188783707,7.587900161743164,21800,0.0,0.0
1993-08-30,7.587900176880851,7.710285663604735,7.343129203433081,7.710285663604736,60600,0.0,0.0
1993-08-31,7.710285648222893,7.710285648222893,7.465514675263436,7.587900161743164,90600,0.0,0.0
1993-09-01,7.465514675263436,7.710285648222893,7.465514675263436,7.587900161743164,50400,0.0,0.0
1993-09-02,7.710285632336726,7.710285632336726,7.404321916767808,7.465514659881592,43400,0.0,0.0
1993-09-03,7.3431291251346975,7.587900095972521,7.098358154296875,7.098358154296875,90400,0.0,0.0
1993-09-07,7.220743639715786,7.3431291251346975,6.975972668877963,7.098358154296875,53000,0.0,0.0
1993-09-08,7.22074362269619,7.22074362269619,6.975972652435302,6.975972652435303,128600,0.0,0.0
1993-09-09,7.220743656158448,7.220743656158448,6.975972684763247,7.220743656158447,23800,0.0,0.0
1993-09-10,7.343129107826634,7.343129107826634,6.975972652435302,6.975972652435303,19600,0.0,0.0
1993-09-13,7.220743639715786,7.3431291251346975,6.975972668877963,7.098358154296875,13400,0.0,0.0
1993-09-14,6.975972635405404,7.220743605068751,6.608816180910383,6.8535871505737305,161000,0.0,0.0
1993-09-15,6.8535871505737305,6.975972635405404,6.608816180910383,6.8535871505737305,21200,0.0,0.0
1993-09-16,6.975972617756237,6.975972617756237,6.731201648712158,6.731201648712158,95400,0.0,0.0
1993-09-17,6.97597284406145,6.97597284406145,6.486430890092225,6.547623634338379,121200,0.0,0.0
1993-09-20,6.73120169804014,7.098358154296875,6.608816212621228,7.098358154296875,113200,0.0,0.0
1993-09-21,7.098358154296875,7.3431291251346975,6.853587183459052,7.098358154296875,86400,0.0,0.0
1993-09-22,7.09835821582425,7.587900161743164,7.09835821582425,7.587900161743164,57600,0.0,0.0
1993-09-23,7.58790038242813,7.710285872467294,7.3431294023498035,7.404322147369385,145800,0.0,0.0
1993-09-24,7.465514880268514,7.465514880268514,7.220743900587578,7.2819366455078125,65400,0.0,0.0
1993-09-27,7.465514643987019,7.587900129954019,7.220743672053018,7.3431291580200195,149400,0.0,0.0
1993-09-28,7.587900129954019,7.587900129954019,7.343129158020019,7.3431291580200195,110000,0.0,0.0
1993-09-29,7.343129107826634,7.343129107826634,6.853587167304858,6.975972652435303,102200,0.0,0.0
1993-09-30,6.975972652435302,7.0983581375657465,6.731201682174414,6.975972652435303,170200,0.0,0.0
1993-10-01,7.098358154296875,7.3431291251346975,6.853587183459052,7.098358154296875,119200,0.0,0.0
1993-10-04,7.343129158020019,7.343129158020019,7.098358186086018,7.3431291580200195,40400,0.0,0.0
1993-10-05,7.098358186086018,7.343129158020019,7.098358186086018,7.3431291580200195,41000,0.0,0.0
1993-10-06,7.343129158020019,7.343129158020019,7.220743672053018,7.3431291580200195,25000,0.0,0.0
1993-10-07,7.343129158020019,7.343129158020019,7.220743672053018,7.3431291580200195,40200,0.0,0.0
1993-10-08,7.343129141856049,7.343129141856049,7.220743656158448,7.220743656158447,20400,0.0,0.0
1993-10-11,7.220743656158448,7.343129141856049,7.098358170460847,7.220743656158447,24400,0.0,0.0
1993-10-12,7.343129158020019,7.343129158020019,7.220743672053018,7.3431291580200195,26400,0.0,0.0
1993-10-13,7.343129158020019,7.343129158020019,7.220743672053018,7.3431291580200195,59200,0.0,0.0
1993-10-14,7.220743639715786,7.3431291251346975,7.098358154296875,7.098358154296875,46800,0.0,0.0
1993-10-15,7.098358154296875,7.3431291251346975,7.098358154296875,7.098358154296875,28000,0.0,0.0
1993-10-18,7.220743656158448,7.220743656158448,6.975972684763247,7.220743656158447,24400,0.0,0.0
1993-10-19,7.220743875918181,7.220743875918181,6.975972897073497,7.037165641784668,34800,0.0,0.0
1993-10-20,7.098358154296875,7.220743639715786,6.975972668877963,7.098358154296875,47400,0.0,0.0
1993-10-21,6.975972684763247,7.220743656158448,6.975972684763247,7.220743656158447,78400,0.0,0.0
1993-10-22,7.220743875918181,7.220743875918181,6.975972897073497,7.037165641784668,35600,0.0,0.0
1993-10-25,7.22074362269619,7.22074362269619,6.975972652435302,6.975972652435303,22600,0.0,0.0
1993-10-26,6.975972635405404,7.220743605068751,6.8535871505737305,6.8535871505737305,20000,0.0,0.0
1993-10-27,6.853587167304858,7.0983581375657465,6.853587167304858,6.975972652435303,27800,0.0,0.0
1993-10-28,6.975972897073497,7.098358386495839,6.853587407651155,7.037165641784668,28400,0.0,0.0
1993-10-29,6.853587183459052,7.098358154296875,6.853587183459052,7.098358154296875,41200,0.0,0.0
1993-11-01,7.098358154296875,7.098358154296875,6.853587183459052,7.098358154296875,26800,0.0,0.0
1993-11-02,6.853587183459052,7.098358154296875,6.853587183459052,7.098358154296875,31800,0.0,0.0
1993-11-03,7.098358120237078,7.098358120237078,6.731201665742057,6.8535871505737305,180000,0.0,0.0
1993-11-04,6.853587014334542,6.975972496733373,5.752117672745062,5.996888637542725,462600,0.0,0.0
1993-11-05,5.874503241644965,6.731201631051523,5.384961304841218,6.608816146850586,323800,0.0,0.0
1993-11-08,6.608816164190119,6.853587133234198,6.48643067966808,6.731201648712158,113600,0.0,0.0
1993-11-09,6.731201665742057,6.8535871505737305,6.486430696078709,6.8535871505737305,48200,0.0,0.0
1993-11-10,6.853587115252459,6.853587115252459,6.486430662649649,6.608816146850586,54800,0.0,0.0
1993-11-11,6.486430626649123,6.731201593692487,6.364045143127442,6.364045143127441,72600,0.0,0.0
1993-11-12,6.486430662649649,6.731201631051523,6.241659694247775,6.608816146850586,203800,0.0,0.0
1993-11-15,6.731201612724448,6.731201612724448,6.364045161121297,6.486430644989014,114800,0.0,0.0
1993-11-16,6.364045143127442,6.608816110170805,6.364045143127442,6.364045143127441,54000,0.0,0.0
1993-11-17,6.364045124427945,6.6088160907520965,6.241659641265869,6.241659641265869,77200,0.0,0.0
1993-11-18,6.241659886628678,6.486430862574901,6.241659886628678,6.302852630615234,54200,0.0,0.0
1993-11-19,6.241659641265869,6.486430607590021,6.241659641265869,6.241659641265869,41600,0.0,0.0
1993-11-22,6.241659677253579,6.486430644989014,6.241659677253579,6.486430644989014,203600,0.0,0.0
1993-11-23,6.486430662649649,6.608816146850586,6.364045178448712,6.608816146850586,60000,0.0,0.0
1993-11-24,6.608816128856731,6.608816128856731,6.364045161121297,6.486430644989014,34800,0.0,0.0
1993-11-26,6.608816110170805,6.608816110170805,6.364045143127442,6.364045143127441,5600,0.0,0.0
1993-11-29,6.364045161121297,6.608816128856731,6.364045161121297,6.486430644989014,35400,0.0,0.0
1993-11-30,6.364045161121297,6.608816128856731,6.364045161121297,6.486430644989014,35000,0.0,0.0
1993-12-01,6.364045178448712,6.608816146850586,6.364045178448712,6.608816146850586,10400,0.0,0.0
1993-12-02,6.608816364833287,6.608816364833287,6.36404538835798,6.425238132476807,46800,0.0,0.0
1993-12-03,6.608816146850586,6.608816146850586,6.364045178448712,6.608816146850586,53000,0.0,0.0
1993-12-06,6.608816110170805,6.608816110170805,6.364045143127442,6.364045143127441,69000,0.0,0.0
1993-12-07,6.608816128856731,6.608816128856731,6.241659677253579,6.486430644989014,87400,0.0,0.0
1993-12-08,6.486430626649123,6.486430626649123,6.2416596596057605,6.364045143127441,44800,0.0,0.0
1993-12-09,6.486430832833955,6.486430832833955,5.996888883186109,6.05808162689209,168200,0.0,0.0
1993-12-10,5.99688861767451,6.241659581661224,5.629732171694438,5.874503135681152,195800,0.0,0.0
1993-12-13,5.629732608795166,5.87450359178626,5.629732608795166,5.629732608795166,84600,0.0,0.0
1993-12-14,5.629732378067509,5.8745033510269655,5.507346891587781,5.690925121307373,281200,0.0,0.0
1993-12-15,5.629732171694438,5.874503135681152,5.629732171694438,5.874503135681152,28800,0.0,0.0
1993-12-16,5.629732608795166,5.996889083281808,5.629732608795166,5.629732608795166,50400,0.0,0.0
1993-12-17,5.996889083281808,5.996889083281808,5.629732608795166,5.629732608795166,40600,0.0,0.0
1993-12-20,5.996888637542724,5.996888637542724,5.629732190346231,5.996888637542725,159400,0.0,0.0
1993-12-21,5.996888637542724,6.119274119941555,5.752117672745062,5.996888637542725,90200,0.0,0.0
1993-12-22,6.119274176084079,6.364045143127442,6.119274176084079,6.364045143127441,78000,0.0,0.0
1993-12-23,6.364045143127442,6.364045143127442,6.119274176084079,6.364045143127441,46800,0.0,0.0
1993-12-27,6.364045178448712,6.731201631051523,6.1192742100468385,6.608816146850586,84800,0.0,0.0
1993-12-28,6.486430662649649,6.731201631051523,6.241659694247775,6.608816146850586,241600,0.0,0.0
1993-12-29,6.608816146850586,6.608816146850586,6.364045178448712,6.608816146850586,35600,0.0,0.0
1993-12-30,6.364045143127442,6.608816110170805,6.364045143127442,6.364045143127441,41400,0.0,0.0
1993-12-31,6.364045124427945,6.6088160907520965,6.241659641265869,6.241659641265869,109600,0.0,0.0
1994-01-03,6.364045143127442,6.364045143127442,6.119274176084079,6.364045143127441,66600,0.0,0.0
1994-01-04,6.364045143127442,6.364045143127442,6.119274176084079,6.364045143127441,62000,0.0,0.0
1994-01-05,6.486430644989014,6.486430644989014,6.241659677253579,6.486430644989014,71600,0.0,0.0
1994-01-06,6.608816128856731,6.608816128856731,6.364045161121297,6.486430644989014,58000,0.0,0.0
1994-01-07,6.364045178448712,6.608816146850586,6.364045178448712,6.608816146850586,39200,0.0,0.0
1994-01-10,6.241659694247775,6.608816146850586,6.241659694247775,6.608816146850586,64800,0.0,0.0
1994-01-11,6.608816146850586,6.608816146850586,6.486430662649649,6.608816146850586,84400,0.0,0.0
1994-01-12,6.608816128856731,6.731201612724448,6.486430644989014,6.486430644989014,32800,0.0,0.0
1994-01-13,6.608816404600402,6.8535873825485645,6.608816404600402,6.792394638061523,38200,0.0,0.0
1994-01-14,6.8535871505737305,7.098358120237078,6.608816180910383,6.8535871505737305,106000,0.0,0.0
1994-01-17,7.098358154296875,7.098358154296875,6.853587183459052,7.098358154296875,43600,0.0,0.0
1994-01-18,7.098358120237078,7.098358120237078,6.8535871505737305,6.8535871505737305,156000,0.0,0.0
1994-01-19,6.853587407651155,7.220743875918181,6.853587407651155,7.037165641784668,41000,0.0,0.0
1994-01-20,6.853587167304858,7.22074362269619,6.853587167304858,6.975972652435303,32000,0.0,0.0
1994-01-21,6.853587199065646,7.220743656158448,6.853587199065646,7.220743656158447,90800,0.0,0.0
1994-01-24,7.220743639715786,7.3431291251346975,6.975972668877963,7.098358154296875,153400,0.0,0.0
1994-01-25,7.220743548195317,7.220743548195317,6.364045161121297,6.486430644989014,274200,0.0,0.0
1994-01-26,6.364045143127442,6.608816110170805,6.2416596596057605,6.364045143127441,85200,0.0,0.0
1994-01-27,6.241659641265869,6.486430607590021,6.241659641265869,6.241659641265869,63800,0.0,0.0
1994-01-28,6.486430862574901,6.486430862574901,6.119274398655567,6.302852630615234,83000,0.0,0.0
1994-01-31,6.364045161121297,6.486430644989014,6.119274193385862,6.486430644989014,71200,0.0,0.0
1994-02-01,6.119274193385862,6.486430644989014,6.119274193385862,6.486430644989014,117800,0.0,0.0
1994-02-02,6.119274193385862,6.731201612724448,6.119274193385862,6.486430644989014,166200,0.0,0.0
1994-02-03,6.731201593692487,6.731201593692487,6.364045143127442,6.364045143127441,69000,0.0,0.0
1994-02-04,6.364045124427945,6.6088160907520965,6.241659641265869,6.241659641265869,248400,0.0,0.0
1994-02-07,6.364045104980469,6.364045104980469,6.119274139404297,6.119274139404297,105400,0.0,0.0
1994-02-08,6.119274158103793,6.486430607590021,6.119274158103793,6.241659641265869,203400,0.0,0.0
1994-02-09,6.241659886628678,6.486430862574901,6.241659886628678,6.302852630615234,76000,0.0,0.0
1994-02-10,6.2416596596057605,6.486430626649123,6.2416596596057605,6.364045143127441,110200,0.0,0.0
1994-02-11,6.364045143127442,6.608816110170805,6.364045143127442,6.364045143127441,48600,0.0,0.0
1994-02-14,6.364045161121297,6.608816128856731,6.364045161121297,6.486430644989014,230800,0.0,0.0
1994-02-15,6.364045195146041,6.731201648712158,6.364045195146041,6.731201648712158,150600,0.0,0.0
1994-02-16,6.486430607590021,6.731201573914173,6.1804668996848315,6.241659641265869,184000,0.0,0.0
1994-02-17,6.241659872602709,6.486430847998893,6.119274384904616,6.180467128753662,98800,0.0,0.0
1994-02-18,6.119274158103793,6.364045124427945,6.119274158103793,6.241659641265869,8400,0.0,0.0
1994-02-22,6.119274158103793,6.364045124427945,6.119274158103793,6.241659641265869,28400,0.0,0.0
1994-02-23,6.364045161121297,6.486430644989014,6.119274193385862,6.486430644989014,147000,0.0,0.0
1994-02-24,6.486430644989014,6.486430644989014,6.241659677253579,6.486430644989014,23000,0.0,0.0
1994-02-25,6.241659622192383,6.364045104980469,6.119274139404297,6.119274139404297,97600,0.0,0.0
1994-02-28,6.364045104980469,6.364045104980469,6.119274139404297,6.119274139404297,96000,0.0,0.0
1994-03-01,6.119274119941555,6.364045084739217,5.996888637542724,5.996888637542725,70200,0.0,0.0
1994-03-02,6.119274355701564,6.241659842815595,5.8745033814735015,5.935696125030518,125000,0.0,0.0
1994-03-03,5.8745036023728385,6.11927458580504,5.752118110656738,5.752118110656738,57800,0.0,0.0
1994-03-04,5.874503135681152,5.874503135681152,5.690924912691116,5.874503135681152,89600,0.0,0.0
1994-03-07,5.874503155143893,5.996888637542724,5.629732190346231,5.996888637542725,47800,0.0,0.0
1994-03-08,5.629732378067509,5.996888837506694,5.629732378067509,5.690925121307373,86400,0.0,0.0
1994-03-09,5.87450359178626,5.87450359178626,5.629732608795166,5.629732608795166,41000,0.0,0.0
1994-03-10,5.874503155143893,5.996888637542724,5.629732190346231,5.996888637542725,15800,0.0,0.0
1994-03-11,5.752117672745062,5.996888637542724,5.752117672745062,5.996888637542725,86400,0.0,0.0
1994-03-14,5.75211769104004,6.119274139404297,5.75211769104004,6.119274139404297,21200,0.0,0.0
1994-03-15,5.752117672745062,6.119274119941555,5.752117672745062,5.996888637542725,20000,0.0,0.0
1994-03-16,6.119274355701564,6.119274355701564,5.75211789435947,5.935696125030518,16000,0.0,0.0
1994-03-17,5.752117672745062,6.119274119941555,5.752117672745062,5.996888637542725,90000,0.0,0.0
1994-03-18,5.996888637542724,5.996888637542724,5.752117672745062,5.996888637542725,34600,0.0,0.0
1994-03-21,5.996888656616211,6.119274139404297,5.75211769104004,6.119274139404297,174400,0.0,0.0
1994-03-22,6.119274139404297,6.119274139404297,5.75211769104004,6.119274139404297,155800,0.0,0.0
1994-03-23,6.119274139404297,6.119274139404297,5.75211769104004,6.119274139404297,674800,0.0,0.0
1994-03-24,5.99688861767451,5.99688861767451,5.752117653687795,5.874503135681152,120800,0.0,0.0
1994-03-25,5.99688861767451,5.99688861767451,5.752117653687795,5.874503135681152,87600,0.0,0.0
1994-03-28,5.99688861767451,5.99688861767451,5.629732171694438,5.874503135681152,191400,0.0,0.0
1994-03-29,5.874503135681152,5.874503135681152,5.629732171694438,5.874503135681152,545600,0.0,0.0
1994-03-30,5.75211769104004,6.119274139404297,5.75211769104004,6.119274139404297,812000,0.0,0.0
1994-03-31,6.11927437059807,6.11927437059807,5.7521179083621865,6.05808162689209,524200,0.0,0.0
1994-04-04,5.996888709518145,6.731201612724448,5.75211774178271,6.486430644989014,153600,0.0,0.0
1994-04-05,6.731201648712158,6.853587133234198,6.48643067966808,6.731201648712158,95000,0.0,0.0
1994-04-06,6.853587369306372,6.853587369306372,6.486430903093531,6.670009136199951,59800,0.0,0.0
1994-04-07,6.486430662649649,6.853587115252459,6.486430662649649,6.608816146850586,123800,0.0,0.0
1994-04-08,6.486430607590021,6.853587057076249,5.996888674941718,6.241659641265869,208200,0.0,0.0
1994-04-11,5.996888637542724,6.241659602340387,5.996888637542724,5.996888637542725,31600,0.0,0.0
1994-04-12,5.8745033957741475,6.241659858010032,5.8745033957741475,6.05808162689209,13200,0.0,0.0
1994-04-13,6.241659641265869,6.241659641265869,5.874503191779642,6.241659641265869,36600,0.0,0.0
1994-04-14,5.996888725845902,6.608816146850586,5.996888725845902,6.608816146850586,70600,0.0,0.0
1994-04-15,6.608816128856731,6.731201612724448,6.364045161121297,6.486430644989014,69200,0.0,0.0
1994-04-18,6.364045104980469,6.608816070556641,6.119274139404297,6.119274139404297,42000,0.0,0.0
1994-04-19,6.119274411882673,6.486430876595634,6.119274411882673,6.425238132476807,33800,0.0,0.0
1994-04-20,6.486430662649649,6.731201631051523,6.364045178448712,6.608816146850586,107400,0.0,0.0
1994-04-21,6.731201648712158,6.975972617756237,6.48643067966808,6.731201648712158,151000,0.0,0.0
1994-04-22,6.731201631051523,6.975972599453396,6.608816146850586,6.608816146850586,39800,0.0,0.0
1994-04-25,6.608816378584532,6.853587355569144,6.364045401599919,6.547623634338379,76600,0.0,0.0
1994-04-26,6.364045178448712,6.731201631051523,6.364045178448712,6.608816146850586,93000,0.0,0.0
1994-04-28,6.608816110170805,6.608816110170805,6.364045143127442,6.364045143127441,39600,0.0,0.0
1994-04-29,6.364045161121297,6.731201612724448,6.364045161121297,6.486430644989014,131000,0.0,0.0
1994-05-02,6.486430644989014,6.731201612724448,6.486430644989014,6.486430644989014,6000,0.0,0.0
1994-05-03,6.486430890092225,6.731201867076837,6.486430890092225,6.547623634338379,53400,0.0,0.0
1994-05-04,6.364045401599919,6.608816378584532,6.364045401599919,6.547623634338379,18400,0.0,0.0
1994-05-05,6.364045401599919,6.670009122830685,6.364045401599919,6.547623634338379,55000,0.0,0.0
1994-05-06,6.364045161121297,6.731201612724448,6.364045161121297,6.486430644989014,42200,0.0,0.0
1994-05-09,6.486430644989014,6.608816128856731,6.486430644989014,6.486430644989014,28600,0.0,0.0
1994-05-10,6.486430644989014,6.731201612724448,6.486430644989014,6.486430644989014,32000,0.0,0.0
1994-05-11,6.486430626649123,6.731201593692487,6.364045143127442,6.364045143127441,54400,0.0,0.0
1994-05-12,6.364045178448712,6.670008888951054,6.364045178448712,6.608816146850586,10800,0.0,0.0
1994-05-13,6.36404538835798,6.425238132476807,6.241659900120326,6.425238132476807,48000,0.0,0.0
1994-05-16,6.36404551474701,6.517027378082275,6.36404551474701,6.517027378082275,34000,0.0,0.0
1994-05-17,6.364045178448712,6.608816146850586,6.241659694247775,6.608816146850586,70800,0.0,0.0
1994-05-18,6.364045161121297,6.608816128856731,6.241659677253579,6.486430644989014,37800,0.0,0.0
1994-05-19,6.36404538835798,6.425238132476807,6.36404538835798,6.425238132476807,45600,0.0,0.0
1994-05-20,6.241659677253579,6.486430644989014,6.241659677253579,6.486430644989014,55200,0.0,0.0
1994-05-23,6.241659694247775,6.608816146850586,6.241659694247775,6.608816146850586,6800,0.0,0.0
1994-05-24,6.2416596596057605,6.608816110170805,6.2416596596057605,6.364045143127441,28000,0.0,0.0
1994-05-25,6.608816146850586,6.608816146850586,6.364045178448712,6.608816146850586,62400,0.0,0.0
1994-05-26,6.364045143127442,6.608816110170805,6.364045143127442,6.364045143127441,27200,0.0,0.0
1994-05-27,6.364045161121297,6.486430644989014,6.241659677253579,6.486430644989014,67200,0.0,0.0
1994-05-31,6.241659694247775,6.608816146850586,6.241659694247775,6.608816146850586,83400,0.0,0.0
1994-06-01,6.364045143127442,6.608816110170805,6.364045143127442,6.364045143127441,50000,0.0,0.0
1994-06-02,6.364045143127442,6.608816110170805,6.364045143127442,6.364045143127441,10000,0.0,0.0
1994-06-03,6.364045143127442,6.608816110170805,6.364045143127442,6.364045143127441,10800,0.0,0.0
1994-06-06,6.36404538835798,6.608816364833287,6.36404538835798,6.425238132476807,15200,0.0,0.0
1994-06-07,6.364045161121297,6.608816128856731,6.364045161121297,6.486430644989014,33200,0.0,0.0
1994-06-08,6.364045178448712,6.608816146850586,6.364045178448712,6.608816146850586,15400,0.0,0.0
1994-06-09,6.608816110170805,6.608816110170805,6.364045143127442,6.364045143127441,10000,0.0,0.0
1994-06-10,6.364045124427945,6.6088160907520965,6.241659641265869,6.241659641265869,29800,0.0,0.0
1994-06-13,6.241659872602709,6.486430847998893,6.119274384904616,6.180467128753662,18800,0.0,0.0
1994-06-14,6.486430587768555,6.486430587768555,6.119274139404297,6.119274139404297,11400,0.0,0.0
1994-06-15,6.486430626649123,6.486430626649123,6.119274176084079,6.364045143127441,16600,0.0,0.0
1994-06-16,6.364045143127442,6.364045143127442,6.119274176084079,6.364045143127441,25000,0.0,0.0
1994-06-17,6.364045104980469,6.364045104980469,6.119274139404297,6.119274139404297,9400,0.0,0.0
1994-06-20,6.119274158103793,6.364045124427945,6.119274158103793,6.241659641265869,60800,0.0,0.0
1994-06-21,6.119274119941555,6.364045084739217,5.935695896343309,5.996888637542725,62800,0.0,0.0
1994-06-22,6.119274398655567,6.3640453746017895,5.874503422709345,6.302852630615234,90200,0.0,0.0
1994-06-23,6.364045143127442,6.364045143127442,6.119274176084079,6.364045143127441,13200,0.0,0.0
1994-06-24,6.364045084739217,6.364045084739217,5.996888637542724,5.996888637542725,10400,0.0,0.0
1994-06-27,5.996888883186109,6.364045345421993,5.996888883186109,6.05808162689209,14800,0.0,0.0
1994-06-28,5.996888637542724,6.364045084739217,5.996888637542724,5.996888637542725,18600,0.0,0.0
1994-06-29,5.996888637542724,6.364045084739217,5.996888637542724,5.996888637542725,76400,0.0,0.0
1994-06-30,5.996888692562397,6.364045143127442,5.996888692562397,6.364045143127441,4600,0.0,0.0
1994-07-01,5.996888692562397,6.364045143127442,5.996888692562397,6.364045143127441,119200,0.0,0.0
1994-07-05,5.996888637542724,6.364045084739217,5.996888637542724,5.996888637542725,5800,0.0,0.0
1994-07-06,5.996888656616211,6.364045104980469,5.996888656616211,6.119274139404297,27600,0.0,0.0
1994-07-07,6.3640455036072066,6.486430994061191,5.996889032245252,6.394641876220703,100800,0.0,0.0
1994-07-08,6.241659900120326,6.608816364833287,6.241659900120326,6.425238132476807,138600,0.0,0.0
1994-07-11,6.608816364833287,6.608816364833287,6.36404538835798,6.425238132476807,21600,0.0,0.0
1994-07-12,6.2416596596057605,6.608816110170805,6.2416596596057605,6.364045143127441,35600,0.0,0.0
1994-07-13,6.241659641265869,6.6088160907520965,6.241659641265869,6.241659641265869,5600,0.0,0.0
1994-07-14,6.241659641265869,6.6088160907520965,6.241659641265869,6.241659641265869,13000,0.0,0.0
1994-07-15,6.241659677253579,6.486430644989014,6.241659677253579,6.486430644989014,11800,0.0,0.0
1994-07-18,6.241659641265869,6.486430607590021,6.241659641265869,6.241659641265869,55200,0.0,0.0
1994-07-19,6.241659677253579,6.486430644989014,6.241659677253579,6.486430644989014,12000,0.0,0.0
1994-07-20,6.486430587768555,6.486430587768555,6.119274139404297,6.119274139404297,44400,0.0,0.0
1994-07-21,6.486430587768555,6.486430587768555,6.119274139404297,6.119274139404297,37000,0.0,0.0
1994-07-22,6.364045143127442,6.364045143127442,6.119274176084079,6.364045143127441,15800,0.0,0.0
1994-07-25,6.364045161121297,6.608816128856731,6.119274193385862,6.486430644989014,79600,0.0,0.0
1994-07-26,6.364045161121297,6.608816128856731,6.364045161121297,6.486430644989014,60000,0.0,0.0
1994-07-27,6.486430890092225,6.608816378584532,6.486430890092225,6.547623634338379,22600,0.0,0.0
1994-07-28,6.364045178448712,6.608816146850586,6.364045178448712,6.608816146850586,7200,0.0,0.0
1994-07-29,6.608816146850586,6.608816146850586,6.364045178448712,6.608816146850586,32000,0.0,0.0
1994-08-01,6.364045178448712,6.608816146850586,6.364045178448712,6.608816146850586,82200,0.0,0.0
1994-08-02,6.486430662649649,6.608816146850586,6.486430662649649,6.608816146850586,18200,0.0,0.0
1994-08-03,6.486430662649649,6.608816146850586,6.364045178448712,6.608816146850586,47400,0.0,0.0
1994-08-04,6.364045124427945,6.6088160907520965,6.241659641265869,6.241659641265869,99200,0.0,0.0
1994-08-05,6.119274139404297,6.486430587768555,6.119274139404297,6.119274139404297,5600,0.0,0.0
1994-08-08,6.119274355701564,6.364045329929627,5.8745033814735015,5.935696125030518,126000,0.0,0.0
1994-08-09,5.996888656616211,6.241659622192383,5.874503173828125,6.119274139404297,57600,0.0,0.0
1994-08-10,6.241659641265869,6.364045124427945,6.119274158103793,6.241659641265869,36000,0.0,0.0
1994-08-11,6.119274384904616,6.486430847998893,6.119274384904616,6.180467128753662,74600,0.0,0.0
1994-08-12,6.119274193385862,6.486430644989014,6.119274193385862,6.486430644989014,12400,0.0,0.0
1994-08-15,6.2416596596057605,6.486430626649123,6.2416596596057605,6.364045143127441,16400,0.0,0.0
1994-08-16,6.486430626649123,6.486430626649123,6.2416596596057605,6.364045143127441,8800,0.0,0.0
1994-08-17,6.2416596596057605,6.486430626649123,6.2416596596057605,6.364045143127441,19600,0.0,0.0
1994-08-18,6.486430607590021,6.486430607590021,6.241659641265869,6.241659641265869,7000,0.0,0.0
1994-08-19,6.486430644989014,6.486430644989014,6.241659677253579,6.486430644989014,19200,0.0,0.0
1994-08-22,6.241659641265869,6.486430607590021,6.241659641265869,6.241659641265869,13800,0.0,0.0
1994-08-23,6.241659677253579,6.608816128856731,6.241659677253579,6.486430644989014,65600,0.0,0.0
1994-08-24,6.364045143127442,6.608816110170805,6.364045143127442,6.364045143127441,39000,0.0,0.0
1994-08-25,6.608816146850586,6.608816146850586,6.364045178448712,6.608816146850586,24200,0.0,0.0
1994-08-26,6.486430644989014,6.608816128856731,6.486430644989014,6.486430644989014,30600,0.0,0.0
1994-08-29,6.364045143127442,6.486430626649123,6.2416596596057605,6.364045143127441,43400,0.0,0.0
1994-08-30,6.241659677253579,6.486430644989014,6.241659677253579,6.486430644989014,13200,0.0,0.0
1994-08-31,6.486430890092225,6.608816378584532,6.241659913107613,6.547623634338379,54000,0.0,0.0
1994-09-01,6.364045178448712,6.608816146850586,6.364045178448712,6.608816146850586,9600,0.0,0.0
1994-09-02,6.364045143127442,6.608816110170805,6.364045143127442,6.364045143127441,11800,0.0,0.0
1994-09-06,6.364045143127442,6.608816110170805,6.364045143127442,6.364045143127441,10000,0.0,0.0
1994-09-07,6.364045178448712,6.608816146850586,6.364045178448712,6.608816146850586,27600,0.0,0.0
1994-09-08,6.364045195146041,6.731201648712158,6.364045195146041,6.731201648712158,121800,0.0,0.0
1994-09-09,6.731201880568758,6.731201880568758,6.608816391831144,6.670009136199951,19600,0.0,0.0
1994-09-12,6.608816110170805,6.731201593692487,6.364045143127442,6.364045143127441,29800,0.0,0.0
1994-09-13,6.608816128856731,6.608816128856731,6.364045161121297,6.486430644989014,33600,0.0,0.0
1994-09-14,6.364045178448712,6.608816146850586,6.364045178448712,6.608816146850586,30200,0.0,0.0
1994-09-15,6.364045195146041,6.731201648712158,6.364045195146041,6.731201648712158,33400,0.0,0.0
1994-09-16,6.731201648712158,6.731201648712158,6.48643067966808,6.731201648712158,43400,0.0,0.0
1994-09-19,6.731201929923815,7.220743888463729,6.6088164402888365,7.15955114364624,169600,0.0,0.0
1994-09-20,6.975972652435302,7.22074362269619,6.975972652435302,6.975972652435303,83200,0.0,0.0
1994-09-21,7.0983581375657465,7.0983581375657465,6.731201682174414,6.975972652435303,130600,0.0,0.0
1994-09-22,6.975972884524185,6.975972884524185,6.731201906119828,6.914780139923096,62200,0.0,0.0
1994-09-23,6.975972884524185,6.975972884524185,6.853587395322006,6.914780139923096,22600,0.0,0.0
1994-09-26,6.731201665742057,6.975972635405404,6.731201665742057,6.8535871505737305,18000,0.0,0.0
1994-09-27,6.731201682174414,6.975972652435302,6.731201682174414,6.975972652435303,23800,0.0,0.0
1994-09-28,6.731201682174414,6.975972652435302,6.731201682174414,6.975972652435303,25200,0.0,0.0
1994-09-29,6.853587167304858,6.975972652435302,6.731201682174414,6.975972652435303,15600,0.0,0.0
1994-09-30,6.731201665742057,6.975972635405404,6.731201665742057,6.8535871505737305,95600,0.0,0.0
1994-10-03,6.8535871505737305,6.975972635405404,6.731201665742057,6.8535871505737305,74000,0.0,0.0
1994-10-04,6.731201648712158,6.975972617756237,6.731201648712158,6.731201648712158,8600,0.0,0.0
1994-10-05,6.731201682174414,6.975972652435302,6.731201682174414,6.975972652435303,14000,0.0,0.0
1994-10-06,6.731201648712158,6.853587133234198,6.731201648712158,6.731201648712158,16400,0.0,0.0
1994-10-07,6.792394424739636,6.975972652435302,6.731201682174414,6.975972652435303,9400,0.0,0.0
1994-10-10,6.975972652435302,7.037165395000524,6.731201682174414,6.975972652435303,52000,0.0,0.0
1994-10-11,6.853587167304858,7.22074362269619,6.853587167304858,6.975972652435303,47600,0.0,0.0
1994-10-12,7.220743605068751,7.220743605068751,6.8535871505737305,6.8535871505737305,35200,0.0,0.0
1994-10-13,6.853587167304858,7.22074362269619,6.853587167304858,6.975972652435303,13800,0.0,0.0
1994-10-14,6.975972684763247,7.220743656158448,6.975972684763247,7.220743656158447,14800,0.0,0.0
1994-10-17,6.853587183459052,7.220743639715786,6.853587183459052,7.098358154296875,26600,0.0,0.0
1994-10-18,6.853587199065646,7.220743656158448,6.853587199065646,7.220743656158447,38800,0.0,0.0
1994-10-19,6.853587183459052,7.220743639715786,6.853587183459052,7.098358154296875,58400,0.0,0.0
1994-10-20,6.975972652435302,7.22074362269619,6.975972652435302,6.975972652435303,28400,0.0,0.0
1994-10-21,6.975972652435302,7.22074362269619,6.975972652435302,6.975972652435303,6400,0.0,0.0
1994-10-24,6.8535871505737305,7.220743605068751,6.8535871505737305,6.8535871505737305,14800,0.0,0.0
1994-10-25,6.853587183459052,7.098358154296875,6.853587183459052,7.098358154296875,43400,0.0,0.0
1994-10-26,6.8535871505737305,7.098358120237078,6.8535871505737305,6.8535871505737305,6600,0.0,0.0
1994-10-27,6.914780152362326,7.098358386495839,6.853587407651155,7.037165641784668,23200,0.0,0.0
1994-10-28,6.853587183459052,7.098358154296875,6.853587183459052,7.098358154296875,30600,0.0,0.0
1994-10-31,7.098358154296875,7.098358154296875,6.853587183459052,7.098358154296875,23000,0.0,0.0
1994-11-01,6.853587183459052,7.098358154296875,6.853587183459052,7.098358154296875,46600,0.0,0.0
1994-11-02,6.853587199065646,7.220743656158448,6.853587199065646,7.220743656158447,91000,0.0,0.0
1994-11-03,7.220743656158448,7.220743656158448,6.975972684763247,7.220743656158447,174600,0.0,0.0
1994-11-04,7.22074362269619,7.22074362269619,6.975972652435302,6.975972652435303,55600,0.0,0.0
1994-11-07,6.975972652435302,7.22074362269619,6.6088161970439705,6.975972652435303,132000,0.0,0.0
1994-11-08,6.731201713368045,7.220743656158448,6.731201713368045,7.220743656158447,167200,0.0,0.0
1994-11-09,7.098358154296875,7.3431291251346975,7.098358154296875,7.098358154296875,122800,0.0,0.0
1994-11-10,7.3431291251346975,7.3431291251346975,6.975972668877963,7.098358154296875,42200,0.0,0.0
1994-11-11,6.975972897073497,7.220743875918181,6.975972897073497,7.037165641784668,27000,0.0,0.0
1994-11-14,6.975972652435302,7.22074362269619,6.975972652435302,6.975972652435303,28400,0.0,0.0
1994-11-15,7.220743656158448,7.220743656158448,6.975972684763247,7.220743656158447,106000,0.0,0.0
1994-11-16,7.220743672053018,7.343129158020019,6.9759727001190175,7.3431291580200195,180000,0.0,0.0
1994-11-17,7.098358398828751,7.343129378098707,7.098358398828751,7.15955114364624,49400,0.0,0.0
1994-11-18,7.0983581375657465,7.343129107826634,6.975972652435302,6.975972652435303,32400,0.0,0.0
1994-11-21,7.343129378098707,7.343129378098707,6.975972909193772,7.15955114364624,23000,0.0,0.0
1994-11-22,6.975972652435302,7.22074362269619,6.975972652435302,6.975972652435303,55600,0.0,0.0
1994-11-23,6.8535871505737305,7.098358120237078,6.8535871505737305,6.8535871505737305,49600,0.0,0.0
1994-11-25,6.853587183459052,7.098358154296875,6.853587183459052,7.098358154296875,30800,0.0,0.0
1994-11-28,7.098358170460847,7.220743656158448,6.853587199065646,7.220743656158447,121000,0.0,0.0
1994-11-29,7.220743656158448,7.220743656158448,6.975972684763247,7.220743656158447,135600,0.0,0.0
1994-11-30,6.975972652435302,7.22074362269619,6.975972652435302,6.975972652435303,63600,0.0,0.0
1994-12-01,7.22074362269619,7.22074362269619,6.975972652435302,6.975972652435303,37600,0.0,0.0
1994-12-02,6.975972684763247,7.220743656158448,6.975972684763247,7.220743656158447,291600,0.0,0.0
1994-12-05,7.2207438366105645,7.343129325366675,6.975972859098341,7.236042022705078,90200,0.0,0.0
1994-12-06,7.098358398828751,7.343129378098707,7.098358398828751,7.15955114364624,72400,0.0,0.0
1994-12-07,7.220743656158448,7.220743656158448,6.975972684763247,7.220743656158447,29600,0.0,0.0
1994-12-08,6.975972652435302,7.22074362269619,6.975972652435302,6.975972652435303,31000,0.0,0.0
1994-12-09,6.975972684763247,7.220743656158448,6.975972684763247,7.220743656158447,20400,0.0,0.0
1994-12-12,6.975972652435302,7.22074362269619,6.975972652435302,6.975972652435303,44000,0.0,0.0
1994-12-13,6.975972684763247,7.220743656158448,6.975972684763247,7.220743656158447,212800,0.0,0.0
1994-12-14,7.098358154296875,7.3431291251346975,7.098358154296875,7.098358154296875,216200,0.0,0.0
1994-12-15,7.343129217624665,7.9550566524267206,7.098358243703843,7.832671165466309,337400,0.0,0.0
1994-12-16,7.832671134702621,7.95505662118235,7.587900161743164,7.587900161743164,213400,0.0,0.0
1994-12-19,7.832671180138221,7.955056667327881,7.465514718569242,7.955056667327881,274200,0.0,0.0
1994-12-20,7.710285678505898,7.9550566524267206,7.465514704585076,7.832671165466309,120800,0.0,0.0
1994-12-21,7.465514690156966,7.83267115032862,7.465514690156966,7.710285663604736,42000,0.0,0.0
1994-12-22,7.83267119436553,8.199827656601414,7.587900219541607,8.077442169189453,127000,0.0,0.0
1994-12-23,7.832670752681904,8.444598155235177,7.832670752681904,8.199827194213867,244600,0.0,0.0
1994-12-27,8.199827235677969,8.566983679066533,8.199827235677969,8.444598197937012,124400,0.0,0.0
1994-12-28,8.566984148586497,8.566984148586497,8.199827685075647,8.322213172912598,116200,0.0,0.0
1994-12-29,8.199827685075647,8.566984148586497,8.199827685075647,8.322213172912598,352600,0.0,0.0
1994-12-30,8.444598427654183,8.444598427654183,8.19982745873667,8.383405685424805,59200,0.0,0.0
1995-01-03,8.199827235677969,8.444598197937012,8.077441754548445,8.444598197937012,159800,0.0,0.0
1995-01-04,8.444598631425338,8.444598631425338,8.077442169189453,8.077442169189453,27200,0.0,0.0
1995-01-05,8.444598155235177,8.444598155235177,8.077441713703212,8.199827194213867,25800,0.0,0.0
1995-01-06,8.077441754548445,8.444598197937012,8.077441754548445,8.444598197937012,19400,0.0,0.0
1995-01-09,8.32221271680749,8.566983679066533,8.199827235677969,8.444598197937012,127800,0.0,0.0
1995-01-10,8.4445987145106,8.811755180358887,8.4445987145106,8.811755180358887,180000,0.0,0.0
1995-01-11,8.68936969174279,9.056526157591078,8.68936969174279,8.811755180358887,124200,0.0,0.0
1995-01-12,8.68936969174279,8.811755180358887,8.566984203126694,8.811755180358887,73400,0.0,0.0
1995-01-13,8.566983795166015,9.301296691894532,8.566983795166015,9.178911209106445,374400,0.0,0.0
1995-01-16,9.42368224904507,10.035609667814231,9.178911281537406,9.668453216552734,489800,0.0,0.0
1995-01-17,9.546068166431628,9.546068166431628,9.056526209178724,9.301297187805176,166000,0.0,0.0
1995-01-18,9.056525984620738,9.423682443456713,9.056525984620738,9.362489700317383,293000,0.0,0.0
1995-01-19,9.54606819152832,9.668453681163298,9.301297212258362,9.54606819152832,143400,0.0,0.0
1995-01-20,9.301296691894532,9.546067657470704,9.178911209106445,9.178911209106445,72000,0.0,0.0
1995-01-23,9.178911209106445,9.423682174682618,9.178911209106445,9.178911209106445,35200,0.0,0.0
1995-01-24,9.178911767354826,10.280381179437406,9.178911767354826,10.03561019897461,428400,0.0,0.0
1995-01-25,10.035609704476816,10.525151641280562,9.913224220275879,9.913224220275879,336000,0.0,0.0
1995-01-26,10.035610175132751,10.035610175132751,9.66845370531082,9.790839195251465,298200,0.0,0.0
1995-01-27,9.668453477184224,9.913224451290153,9.668453477184224,9.852031707763672,115400,0.0,0.0
1995-01-30,9.66845370531082,9.913224685192107,9.66845370531082,9.790839195251465,91400,0.0,0.0
1995-01-31,9.668453251874006,9.913224220275879,9.668453251874006,9.913224220275879,67800,0.0,0.0
1995-02-01,9.668453477184224,9.913224451290153,9.668453477184224,9.852031707763672,65800,0.0,0.0
1995-02-02,9.913224708743213,10.157995689206007,9.668453728280417,10.03561019897461,186000,0.0,0.0
1995-02-03,10.157994954863941,10.280380436247844,9.913223992096135,9.974416732788086,325600,0.0,0.0
1995-02-06,9.913224685192107,10.157995665073395,9.790839195251465,9.790839195251465,151800,0.0,0.0
1995-02-07,9.913224220275879,10.035609704476816,9.790838736074942,9.913224220275879,86800,0.0,0.0
1995-02-08,9.79083877011954,10.157995223999023,9.79083877011954,10.157995223999023,56200,0.0,0.0
1995-02-09,9.790838918378276,11.381850242614746,9.790838918378276,11.381850242614746,1173200,0.0,0.0
1995-02-10,11.381850242614746,11.749006702053931,11.014693783175561,11.381850242614746,1110200,0.0,0.0
1995-02-13,11.504235729094475,11.626621215574204,11.259464756135017,11.381850242614746,1190800,0.0,0.0
1995-02-14,11.504236221313477,11.626621713029577,11.259465237881274,11.504236221313477,1224800,0.0,0.0
1995-02-15,11.62662124633789,11.62662124633789,11.381850272730777,11.62662124633789,245600,0.0,0.0
1995-02-16,11.381850272730777,11.62662124633789,11.25946478592722,11.62662124633789,223400,0.0,0.0
1995-02-17,11.626621670193142,11.626621670193142,11.014694213867188,11.014694213867188,159200,0.0,0.0
1995-02-21,10.892308722601996,11.137079705132379,10.525152248806423,11.014694213867188,359800,0.0,0.0
1995-02-22,10.769923210144045,11.014694192192772,10.769923210144045,10.769923210144043,115000,0.0,0.0
1995-02-23,10.769922780466603,11.1370792388916,10.769922780466603,11.137079238891602,172600,0.0,0.0
1995-02-24,10.892308353148785,11.871392250061035,10.892308353148785,11.871392250061035,443400,0.0,0.0
1995-02-27,11.626620864868165,12.483319244384766,11.626620864868165,12.238548278808594,890600,0.0,0.0
1995-02-28,12.116162902904007,12.972861289978027,12.116162902904007,12.972861289978027,810000,0.0,0.0
1995-03-01,12.850476474296757,12.972861964528155,12.360934513371166,12.544512748718262,377800,0.0,0.0
1995-03-02,12.483319576317665,12.91166877746582,12.238548604233005,12.91166877746582,400600,0.0,0.0
1995-03-03,12.72809077671596,13.217632729666574,12.72809077671596,12.850476264953613,278800,0.0,0.0
1995-03-06,12.972861215180043,12.972861215180043,12.238548316207586,12.483319282531738,280200,0.0,0.0
1995-03-07,12.483319244384766,12.728090209960937,12.11616279602051,12.238548278808594,173000,0.0,0.0
1995-03-08,12.36093433772292,13.156440012922909,12.36093433772292,13.095247268676758,321200,0.0,0.0
1995-03-09,13.217632757169063,13.462403734153675,12.850476291692145,13.095247268676758,601200,0.0,0.0
1995-03-10,13.095246677354222,13.217632160320148,13.095246677354222,13.125843048095703,117800,0.0,0.0
1995-03-13,13.095246698342118,13.217632181504193,12.483319282531738,12.483319282531738,115600,0.0,0.0
1995-03-14,12.360933835689838,12.850475769776565,12.360933835689838,12.728090286254883,248600,0.0,0.0
1995-03-15,12.483320003602564,12.728090984065359,12.360934513371166,12.544512748718262,431200,0.0,0.0
1995-03-16,12.360934257507324,12.605705232903508,12.11616328211114,12.360934257507324,443800,0.0,0.0
1995-03-17,12.48331938849555,13.584788746303982,12.299741162194145,13.217632293701172,1329400,0.0,0.0
1995-03-20,13.584788709316614,13.584788709316614,12.85047580611031,12.972861289978027,1001400,0.0,0.0
1995-03-21,13.095247268676756,13.34001824566137,12.728090803199837,13.095247268676758,577000,0.0,0.0
1995-03-22,13.095247268676756,13.095247268676756,12.850476291692145,13.095247268676758,177400,0.0,0.0
1995-03-23,13.095246843858199,13.584788781946356,13.095246843858199,13.462403297424316,886800,0.0,0.0
1995-03-24,13.217632141113283,13.829559555053711,13.217632141113283,13.768366813659668,730000,0.0,0.0
1995-03-27,13.829560279846191,14.074331258250549,13.584789301441834,13.829560279846191,501400,0.0,0.0
1995-03-28,13.584789404133023,13.82956038438767,13.584789404133023,13.676578521728516,299600,0.0,0.0
1995-03-29,13.829560227350358,13.829560227350358,13.340018272399902,13.340018272399902,396800,0.0,0.0
1995-03-30,13.58478898336721,13.58478898336721,12.85047606534736,13.156439781188965,372200,0.0,0.0
1995-03-31,12.97286178018445,13.217632757169063,12.850476291692145,13.095247268676758,161800,0.0,0.0
1995-04-03,12.728090286254885,12.850475769776565,12.360933835689838,12.728090286254883,291400,0.0,0.0
1995-04-04,12.605705232903508,12.605705232903508,12.238548769809231,12.360934257507324,276800,0.0,0.0
1995-04-05,12.238548699614526,12.850476134595253,12.238548699614526,12.758687019348145,236600,0.0,0.0
1995-04-06,12.728090749203579,13.217632701096024,12.605705261230469,12.605705261230469,539200,0.0,0.0
1995-04-07,12.605704727172853,12.850475692749024,11.993777313232423,12.238548278808594,219600,0.0,0.0
1995-04-10,12.11616293589274,13.951945198906792,12.11616293589274,13.217632293701172,882400,0.0,0.0
1995-04-11,13.58478898336721,13.58478898336721,12.911668808515682,13.156439781188965,269400,0.0,0.0
1995-04-12,12.91166861707514,13.584788781946356,12.91166861707514,13.462403297424316,300600,0.0,0.0
1995-04-13,13.340017910661368,14.19671630859375,13.340017910661368,14.19671630859375,372200,0.0,0.0
1995-04-17,13.829560254071211,14.196716720993455,13.584789276123049,13.584789276123047,259600,0.0,0.0
1995-04-18,13.95194576904837,14.074331258250549,13.584789301441834,13.829560279846191,157800,0.0,0.0
1995-04-19,13.707174765097129,14.074331232019373,12.97286183125264,13.584789276123047,262600,0.0,0.0
1995-04-20,13.584789249875131,13.584789249875131,12.972861806187062,13.340018272399902,115600,0.0,0.0
1995-04-21,13.340017777902109,13.462403262103045,12.972861325299299,13.217632293701172,105000,0.0,0.0
1995-04-24,13.462403812239655,14.074331258250549,13.095247344633119,13.829560279846191,398400,0.0,0.0
1995-04-25,13.707174230504918,14.074330683107728,13.095246809500235,13.217632293701172,209000,0.0,0.0
1995-04-26,13.095246908957497,14.319101760261937,13.095246908957497,13.951945304870605,605600,0.0,0.0
1995-04-27,14.196716240474156,14.196716240474156,13.584788816315786,13.707174301147461,388600,0.0,0.0
1995-04-28,13.707174493107603,14.441487412381225,13.707174493107603,14.288505554199219,394800,0.0,0.0
1995-05-01,14.319102287292479,14.563873266562435,13.951945818387545,14.31910228729248,482400,0.0,0.0
1995-05-02,14.319102287292479,14.563873266562435,13.951945818387545,14.31910228729248,436600,0.0,0.0
1995-05-03,14.441487847304927,15.053415298461916,14.196716866842133,15.053415298461914,507600,0.0,0.0
1995-05-04,15.053414634295873,15.053414634295873,13.34001784665244,13.707174301147461,640400,0.0,0.0
1995-05-05,13.951945794146994,14.441487751836362,13.462403836457625,14.074331283569336,258400,0.0,0.0
1995-05-08,14.319102334582118,14.80864429473877,13.829560374425464,14.80864429473877,510200,0.0,0.0
1995-05-09,14.563873291015625,14.80864427069656,14.196716821494222,14.563873291015625,462200,0.0,0.0
1995-05-10,14.686258250269395,14.686258250269395,13.829559852337015,14.19671630859375,193000,0.0,0.0
1995-05-11,13.829560304724652,14.563873241258705,13.829560304724652,14.074331283569336,173200,0.0,0.0
1995-05-12,14.196716042064683,14.196716042064683,13.951945075822188,14.013137817382812,50600,0.0,0.0
1995-05-15,14.196716240474156,14.196716240474156,13.707174301147461,13.707174301147461,85800,0.0,0.0
1995-05-16,13.951945818387545,14.441487776927458,13.707174839117586,14.31910228729248,242800,0.0,0.0
1995-05-17,14.441487312316896,14.441487312316896,14.074330855224094,14.441487312316895,114400,0.0,0.0
1995-05-18,13.951945304870604,14.44148724539238,13.707174334609716,13.951945304870605,100000,0.0,0.0
1995-05-19,13.462403787148967,13.707174765097129,12.97286183125264,13.584789276123047,278600,0.0,0.0
1995-05-22,13.707174765097129,13.707174765097129,13.340018298174884,13.584789276123047,73600,0.0,0.0
1995-05-23,13.707174738612744,13.707174738612744,13.095247294924675,13.340018272399902,256800,0.0,0.0
1995-05-24,13.095247268676756,13.34001824566137,13.095247268676756,13.095247268676758,360000,0.0,0.0
1995-05-25,13.09524724142892,13.340018217904227,12.483319800240652,12.850476264953613,213200,0.0,0.0
1995-05-26,12.605704765693813,12.850475732017966,12.238548316207586,12.483319282531738,219800,0.0,0.0
1995-05-30,12.23854874119614,12.483319716020064,12.11616325378418,12.11616325378418,197000,0.0,0.0
1995-05-31,12.116162757484279,12.23854823988311,11.626620827888955,11.99377727508545,463800,0.0,0.0
1995-06-01,11.993777766372219,12.23854874119614,11.749006791548295,12.11616325378418,445600,0.0,0.0
1995-06-02,11.871391792686618,12.23854823988311,11.749006310287786,11.99377727508545,254600,0.0,0.0
1995-06-05,11.749006762947003,12.116163224289098,11.626621275832973,11.871392250061035,433400,0.0,0.0
1995-06-06,11.74900684541869,12.728090749203579,11.74900684541869,12.605705261230469,198600,0.0,0.0
1995-06-07,12.60570533997422,13.462403761137516,12.360934362498993,13.340018272399902,303800,0.0,0.0
1995-06-08,13.340018272399902,13.707174738612744,13.095247294924675,13.340018272399902,144400,0.0,0.0
1995-06-09,13.707174738612744,13.707174738612744,13.095247294924675,13.340018272399902,90800,0.0,0.0
1995-06-12,13.340018272399902,13.340018272399902,13.156440039293482,13.340018272399902,144800,0.0,0.0
1995-06-13,13.217632783662289,13.340018272399902,13.217632783662289,13.340018272399902,300600,0.0,0.0
1995-06-14,13.217632293701172,13.340017777902109,13.217632293701172,13.217632293701172,28400,0.0,0.0
1995-06-15,13.217632757169063,13.34001824566137,13.095247268676756,13.095247268676758,137600,0.0,0.0
1995-06-16,13.09524724142892,13.340018217904227,12.850476264953613,12.850476264953613,64400,0.0,0.0
1995-06-19,12.850475841098362,13.340017777902109,12.605704872696487,13.217632293701172,544000,0.0,0.0
1995-06-20,13.340018272399902,13.462403761137516,13.095247294924675,13.340018272399902,596400,0.0,0.0
1995-06-21,13.217633035927337,13.58478950914754,13.217633035927337,13.52359676361084,469400,0.0,0.0
1995-06-22,13.462403331484113,13.951945270810809,13.462403331484113,13.707174301147461,547600,0.0,0.0
1995-06-23,13.951945369526493,14.441487312316896,13.707174398131292,14.441487312316895,417000,0.0,0.0
1995-06-26,14.319101760261937,14.44148724539238,13.951945304870604,13.951945304870605,530600,0.0,0.0
1995-06-27,13.951945304870604,14.319101760261937,13.707174334609716,13.951945304870605,153800,0.0,0.0
1995-06-28,13.707174334609716,14.074330790001047,13.707174334609716,13.951945304870605,42800,0.0,0.0
1995-06-29,13.707174334609716,14.074330790001047,13.707174334609716,13.951945304870605,78400,0.0,0.0
1995-06-30,13.707174617686169,14.808644006607379,13.707174617686169,14.380294799804688,404800,0.0,0.0
1995-07-03,14.31910226241402,14.563873241258705,14.074331283569336,14.074331283569336,86000,0.0,0.0
1995-07-05,14.074330855224094,14.441487312316896,14.074330855224094,14.441487312316895,91600,0.0,0.0
1995-07-06,14.441487312316896,14.686258283712098,14.074330855224094,14.441487312316895,181000,0.0,0.0
1995-07-07,14.441487344106037,14.931029287974038,14.441487344106037,14.686258316040039,254400,0.0,0.0
1995-07-10,15.787728287103606,16.39965574009212,15.053415343517393,15.542957305908203,903400,0.0,0.0
1995-07-11,15.542957390679254,17.011583285861544,15.298186408148872,16.52204132080078,1045400,0.0,0.0
1995-07-12,17.1339686093819,17.378739589515927,16.76681213918086,17.317546844482422,494000,0.0,0.0
1995-07-13,17.133968819817195,17.37873980295744,16.766812345106825,17.01158332824707,340000,0.0,0.0
1995-07-14,16.766812345106825,17.01158332824707,16.52204136196658,17.01158332824707,119800,0.0,0.0
1995-07-17,16.644426812065973,17.74589623345269,16.52204132080078,16.52204132080078,448600,0.0,0.0
1995-07-18,16.52203986893839,16.7668108299597,16.154883427406425,16.399654388427734,187600,0.0,0.0
1995-07-19,16.032499268299013,16.154884758896713,15.542957305908203,15.542957305908203,170200,0.0,0.0
1995-07-20,15.542957349587944,16.15488480429613,15.542957349587944,16.032499313354492,158800,0.0,0.0
1995-07-21,15.910113904115967,17.01158332824707,15.787728412545844,17.01158332824707,260600,0.0,0.0
1995-07-24,17.01158286503383,17.745895794459752,16.64442640032087,17.133968353271484,294400,0.0,0.0
1995-07-25,17.623510827551357,17.990667303125342,17.378739843835366,17.50112533569336,215200,0.0,0.0
1995-07-26,17.50112410954067,19.092135392226183,17.50112410954067,18.84736442565918,1405600,0.0,0.0
1995-07-27,19.09213688688458,19.948835336937098,18.847365901155293,19.459293365478516,794000,0.0,0.0
1995-07-28,19.45929231830672,19.704063290864035,18.724979400634766,18.724979400634766,174000,0.0,0.0
1995-07-31,18.72498033536191,19.09213681252587,17.990667381033994,18.480209350585938,162000,0.0,0.0
1995-08-01,18.724979400634766,18.969750373192085,17.990666482962816,18.724979400634766,299600,0.0,0.0
1995-08-02,18.724979400634766,19.58167780458538,18.60259391435611,18.724979400634766,246000,0.0,0.0
1995-08-03,18.602593383789063,18.969749832153322,18.35782241821289,18.35782241821289,382000,0.0,0.0
1995-08-04,18.480208886297127,18.72497986492358,18.235437907670676,18.60259437561035,148800,0.0,0.0
1995-08-07,18.60259432406039,18.847365302008555,18.113052368164062,18.113052368164062,200000,0.0,0.0
1995-08-08,18.23543832740005,18.602594803790655,17.99066734313965,17.99066734313965,380000,0.0,0.0
1995-08-09,18.60259411580539,18.72497960340937,18.23543765299344,18.419015884399414,194200,0.0,0.0
1995-08-10,18.235436935424804,18.72497886657715,18.235436935424804,18.35782241821289,235600,0.0,0.0
1995-08-11,18.235438365809966,18.72498033536191,18.235438365809966,18.480209350585938,155600,0.0,0.0
1995-08-14,18.480208886297127,18.847365354236803,18.3578233969839,18.60259437561035,129400,0.0,0.0
1995-08-15,18.724979914151703,19.459292851961575,18.35782344524677,19.09213638305664,342600,0.0,0.0
1995-08-16,19.214521920680998,19.948834860324858,19.214521920680998,19.58167839050293,446400,0.0,0.0
1995-08-17,19.581677985913824,20.560761885209516,19.581677985913824,20.193605422973633,438800,0.0,0.0
1995-08-18,20.31599084481925,20.31599084481925,19.826448896751316,20.1477108001709,246800,0.0,0.0
1995-08-21,19.948833465576172,20.315989909727882,19.33690605865666,19.948833465576172,300000,0.0,0.0
1995-08-22,19.826449370384214,20.31599133014679,19.58167839050293,19.58167839050293,264200,0.0,0.0
1995-08-23,19.58167839050293,19.948834860324858,19.459292900562286,19.58167839050293,169000,0.0,0.0
1995-08-24,19.704064313827026,19.704064313827026,18.969751358032227,18.969751358032227,92600,0.0,0.0
1995-08-25,18.969750434729704,19.33690689475673,18.969750434729704,19.214521408081055,73800,0.0,0.0
1995-08-28,19.336906358793186,19.581677325360186,18.84736442565918,18.84736442565918,150600,0.0,0.0
1995-08-29,18.724979574030097,18.84736506144206,14.931029464259293,16.154884338378906,2254200,0.0,0.0
1995-08-30,16.644426853536704,17.50112529452756,16.644426853536704,17.01158332824707,1012800,0.0,0.0
1995-08-31,17.256352921606787,17.623509366747356,16.889196476466218,17.378738403320312,468200,0.0,0.0
1995-09-01,17.256353111677274,17.623509560861898,17.07277488708496,17.07277488708496,480000,0.0,0.0
1995-09-05,16.88919666249265,17.256353111677274,16.64442569636957,17.07277488708496,177000,0.0,0.0
1995-09-06,17.256353894869484,17.745895849333866,17.133968406253388,17.623510360717773,206800,0.0,0.0
1995-09-07,17.62351009971217,17.62351009971217,17.2563536393015,17.439931869506836,148600,0.0,0.0
1995-09-08,17.623510827551357,17.990667303125342,17.378739843835366,17.50112533569336,418600,0.0,0.0
1995-09-11,17.868280140173887,17.99066562058604,17.501123698937437,17.684701919555664,87600,0.0,0.0
1995-09-12,17.50112533569336,17.868281811267348,17.50112533569336,17.50112533569336,38000,0.0,0.0
1995-09-13,17.501123698937437,17.868280140173887,17.501123698937437,17.684701919555664,70000,0.0,0.0
1995-09-14,17.501124414904364,17.745895385742188,17.37873892948545,17.745895385742188,92000,0.0,0.0
1995-09-15,17.256352999438977,17.990665893032126,17.133967517173453,17.8682804107666,215000,0.0,0.0
1995-09-18,18.113052315182156,18.113052315182156,17.501124872101677,17.623510360717773,128400,0.0,0.0
1995-09-19,17.99066635658001,17.99066635658001,17.623509900323274,17.745895385742188,54400,0.0,0.0
1995-09-20,17.990665969848635,18.72497886657715,17.623509521484376,18.35782241821289,222800,0.0,0.0
1995-09-21,18.602593304359747,18.602593304359747,17.745894928501077,17.8682804107666,125000,0.0,0.0
1995-09-22,17.501125411482047,18.571998469876927,17.501125411482047,18.480209350585938,176600,0.0,0.0
1995-09-25,18.602594503599377,18.847365483909893,18.357823523288857,18.69438362121582,148200,0.0,0.0
1995-09-26,18.724979400634766,18.847364886913425,18.48020842807745,18.724979400634766,46000,0.0,0.0
1995-09-27,18.35782360472408,18.6025945861204,18.113052623327757,18.296630859375,131800,0.0,0.0
1995-09-28,18.602594842973925,18.602594842973925,18.113052873421978,18.480209350585938,90600,0.0,0.0
1995-09-29,18.11305137529765,18.480207822094222,17.8682804107666,17.8682804107666,254400,0.0,0.0
1995-10-02,17.745895119909626,18.113051570666375,17.378738669152874,17.56231689453125,59600,0.0,0.0
1995-10-03,17.37873871882159,17.74589517062768,15.787727427661867,16.27726936340332,398000,0.0,0.0
1995-10-04,15.787727876143022,16.277269825790867,15.66534238873106,16.154884338378906,138800,0.0,0.0
1995-10-05,16.032499565268463,16.64442702959169,15.940710445619981,16.21607780456543,385000,0.0,0.0
1995-10-06,16.399655370151294,16.766811833662146,16.032498906640445,16.644426345825195,189800,0.0,0.0
1995-10-09,16.39965549543792,16.522040984209845,15.60414981842041,15.60414981842041,154000,0.0,0.0
1995-10-10,15.175799583321188,16.52203986893839,14.68625766127857,16.399654388427734,381000,0.0,0.0
1995-10-11,16.64442581520941,17.011582267015502,16.154883879467956,16.27726936340332,90200,0.0,0.0
1995-10-12,16.277270550997756,16.88919801532098,16.154885058133107,16.21607780456543,235400,0.0,0.0
1995-10-13,16.52204080061479,16.52204080061479,16.154884338378906,16.154884338378906,48400,0.0,0.0
1995-10-16,16.03249879181385,16.522040739655495,15.665342330932619,15.665342330932617,110000,0.0,0.0
1995-10-17,15.665342840529581,16.032499313354492,15.420571858646307,16.032499313354492,175200,0.0,0.0
1995-10-18,15.910113822412855,16.277270295237766,15.787728331471218,16.032499313354492,67200,0.0,0.0
1995-10-19,16.032498959132603,17.501124817984444,15.787727982657296,17.133968353271484,262800,0.0,0.0
1995-10-20,17.868281996730484,17.868281996730484,16.399656079190994,16.70561981201172,138400,0.0,0.0
1995-10-23,16.33846267972674,17.133968353271484,16.154884447370257,17.133968353271484,111000,0.0,0.0
1995-10-24,16.889196395874023,17.011581877003547,16.70561817417974,16.889196395874023,44200,0.0,0.0
1995-10-25,16.154884735107423,16.583233951568605,15.29818630218506,15.298186302185059,544000,0.0,0.0
1995-10-26,15.298185840485587,15.787727787381126,15.053414867037818,15.420571327209473,370000,0.0,0.0
1995-10-27,15.17580076485626,15.54295723497375,14.686258804699607,14.80864429473877,155000,0.0,0.0
1995-10-30,14.931029149464198,15.298185603959219,13.584788816315786,13.707174301147461,504000,0.0,0.0
1995-10-31,13.707174790644013,14.686258704261443,13.707174790644013,13.829560279846191,628800,0.0,0.0
1995-11-01,13.82956035197282,15.053415250377494,13.707174862132353,14.563873291015625,501000,0.0,0.0
1995-11-02,14.686258951822916,16.52204132080078,14.441487969292535,16.52204132080078,650800,0.0,0.0
1995-11-03,16.522040739655495,17.13396817445755,15.665342330932619,15.665342330932617,492000,0.0,0.0
1995-11-06,16.2772690678986,17.623509366747356,16.2772690678986,17.378738403320312,1308600,0.0,0.0
1995-11-07,17.256353033424745,17.3787385159313,16.522040138385393,16.583232879638672,989400,0.0,0.0
1995-11-08,16.7668109147445,17.25635283926259,16.522039952485457,16.889196395874023,1018600,0.0,0.0
1995-11-09,17.37873938348558,17.99066682656606,17.072775661945343,17.623510360717773,292000,0.0,0.0
1995-11-10,17.623509900323274,17.745895385742188,17.25635344406654,17.745895385742188,512800,0.0,0.0
1995-11-13,17.7458955104055,19.2145213457494,17.37873905156952,18.724979400634766,737200,0.0,0.0
1995-11-14,18.847365147859147,19.459292587724704,18.48020868393981,18.908557891845703,799800,0.0,0.0
1995-11-15,18.90855809889342,19.214521822176483,18.235437907670676,18.60259437561035,566400,0.0,0.0
1995-11-16,18.66378612518311,18.66378612518311,18.35782241821289,18.35782241821289,48400,0.0,0.0
1995-11-17,18.3578233969839,18.96975084355003,18.235437907670676,18.60259437561035,272400,0.0,0.0
1995-11-20,18.96975084355003,18.96975084355003,18.480208886297127,18.60259437561035,129000,0.0,0.0
1995-11-21,18.602594842973925,18.847365827749897,18.235438365809966,18.480209350585938,99200,0.0,0.0
1995-11-22,18.480208934881748,19.214521872691616,18.23543795561179,19.09213638305664,744400,0.0,0.0
1995-11-24,19.092136850664694,19.21452234329716,18.847365865399762,18.969751358032227,140200,0.0,0.0
1995-11-27,19.09213663736979,19.459293111165366,18.9697511461046,19.275714874267578,324600,0.0,0.0
1995-11-28,18.969751358032227,19.336907835929626,18.969751358032227,18.969751358032227,193400,0.0,0.0
1995-11-29,19.336907011089902,20.193605422973633,18.96975054885402,20.193605422973633,406000,0.0,0.0
1995-11-30,20.193605933870586,21.050304367428733,19.826449462345668,20.560762405395508,812000,0.0,0.0
1995-12-01,20.560761417251037,21.050303355757013,20.315990447998047,20.315990447998047,365000,0.0,0.0
1995-12-04,20.683147035796065,21.53984543372845,20.31599057953933,21.295074462890625,516000,0.0,0.0
1995-12-05,21.17268897747171,21.784616404566272,21.17268897747171,21.295074462890625,810400,0.0,0.0
1995-12-06,21.53984637593114,21.53984637593114,21.050304412841797,21.050304412841797,294600,0.0,0.0
1995-12-07,20.927917940476362,21.29507439557244,20.805532455444336,20.805532455444336,376200,0.0,0.0
1995-12-08,20.805531998126828,20.92791748046875,20.560761033442983,20.92791748046875,146600,0.0,0.0
1995-12-11,20.56076194266596,20.92791840592785,20.438376454911992,20.683147430419922,207200,0.0,0.0
1995-12-12,21.050302962810672,21.172688445152595,20.683146515784905,20.92791748046875,342400,0.0,0.0
1995-12-13,21.172688445152595,21.172688445152595,20.805531998126828,20.92791748046875,131600,0.0,0.0
1995-12-14,21.050303689939984,21.29507466307882,20.805532716801146,20.989110946655273,224400,0.0,0.0
1995-12-15,21.05030362712803,21.05030362712803,20.438376196106866,20.499568939208984,156600,0.0,0.0
1995-12-18,20.43837562561035,20.560761108398438,18.11305145263672,18.35782241821289,372400,0.0,0.0
1995-12-19,18.48020942256136,19.45929336547852,18.23543843683207,19.459293365478516,439200,0.0,0.0
1995-12-20,19.45929294679223,20.438376868643413,19.336907456560834,20.07122039794922,774800,0.0,0.0
1995-12-21,20.071219545252184,20.927917940476362,20.071219545252184,20.805532455444336,222800,0.0,0.0
1995-12-22,20.43837547302246,20.80553191864562,20.43837547302246,20.43837547302246,466600,0.0,0.0
1995-12-26,20.438376196106866,20.805532654719563,20.315990709902632,20.499568939208984,140400,0.0,0.0
1995-12-27,20.560762405395508,20.560762405395508,20.315991424378893,20.560762405395508,59800,0.0,0.0
1995-12-28,20.315990910385594,20.68314737262148,19.581677985913824,20.193605422973633,589400,0.0,0.0
1995-12-29,20.07121940895363,20.315990377355504,19.826448440551758,19.826448440551758,199400,0.0,0.0
1996-01-02,19.826448777142694,20.071219749700013,18.60259391435611,18.724979400634766,222000,0.0,0.0
1996-01-03,18.724980295920858,19.092136772311463,17.868281851009446,17.99066734313965,298800,0.0,0.0
1996-01-04,17.990666770935057,18.11305225917271,16.64442640032087,17.133968353271484,612600,0.0,0.0
1996-01-05,16.76681107037688,17.8682804107666,16.644425588111353,17.8682804107666,504400,0.0,0.0
1996-01-08,17.501124414904364,17.868280871161097,17.501124414904364,17.745895385742188,20600,0.0,0.0
1996-01-09,17.868280803058166,17.868280803058166,16.88919692343854,17.2563533782959,249800,0.0,0.0
1996-01-10,17.011581877003547,17.37873832039211,16.889196395874023,16.889196395874023,179000,0.0,0.0
1996-01-11,16.889196855308366,17.256353308684638,16.76681137084961,16.76681137084961,346000,0.0,0.0
1996-01-12,17.133968819817195,17.133968819817195,16.52204136196658,17.01158332824707,209600,0.0,0.0
1996-01-15,16.766812303331164,17.011583285861544,16.39965582953559,16.52204132080078,134800,0.0,0.0
1996-01-16,16.889196855308366,17.011582339767124,16.5220404019321,16.76681137084961,94000,0.0,0.0
1996-01-17,16.644426451789005,17.684703105025818,16.399655474556816,17.623510360717773,304400,0.0,0.0
1996-01-18,17.501125471145038,18.724980399197136,17.501125471145038,18.526103973388672,300800,0.0,0.0
1996-01-19,18.60259488013483,19.581678821194558,18.3578238948699,18.969751358032227,806000,0.0,0.0
1996-01-22,18.84736500615659,19.948834389633273,18.84736500615659,19.704063415527344,226400,0.0,0.0
1996-01-23,20.19360503028421,21.172688910540412,19.704063090156108,20.805532455444336,568000,0.0,0.0
1996-01-24,20.80553302657133,21.784616933704097,20.56076204978814,21.6622314453125,658800,0.0,0.0
1996-01-25,21.662230984548504,21.907001956125324,21.417460012971684,21.784616470336914,382200,0.0,0.0
1996-01-26,21.66223154841243,22.64131546020508,21.66223154841243,22.641315460205078,733800,0.0,0.0
1996-01-29,22.64131551066404,23.498013935391867,22.396544532170374,23.130857467651367,612200,0.0,0.0
1996-01-30,23.375627646924354,23.375627646924354,22.518929251487336,22.580121994018555,544800,0.0,0.0
1996-01-31,22.51893017912564,22.76370115933353,22.15177370881381,22.335351943969727,298200,0.0,0.0
1996-02-01,22.39654357420569,22.886085510253903,22.27415809019364,22.886085510253906,232200,0.0,0.0
1996-02-02,22.76370099991087,23.2532429568982,22.76370099991087,23.130857467651367,202600,0.0,0.0
1996-02-05,23.008471131936098,23.865169525146484,23.008471131936098,23.865169525146484,407000,0.0,0.0
1996-02-06,23.865169067772065,24.35471099736739,23.742783585373235,23.9875545501709,178800,0.0,0.0
1996-02-07,23.865169455243656,24.109940424015385,23.25324203331433,23.375627517700195,498800,0.0,0.0
1996-02-08,23.25324203331433,23.620398486471924,23.130856548928463,23.375627517700195,351200,0.0,0.0
1996-02-09,23.130857416101406,23.25324290507549,22.64131546020508,22.641315460205078,210200,0.0,0.0
1996-02-12,22.518930392795138,22.886086866590713,22.029388427734375,22.029388427734375,249400,0.0,0.0
1996-02-13,21.662230374520284,21.90700133920413,20.92791748046875,20.92791748046875,327600,0.0,0.0
1996-02-14,20.927918069818045,21.784616470336914,20.927918069818045,21.784616470336914,456600,0.0,0.0
1996-02-15,21.784616933704097,22.02938791048729,21.570442329018807,21.6622314453125,276400,0.0,0.0
1996-02-16,21.662231911312453,21.784617402336817,21.29507543823936,21.539846420288086,58000,0.0,0.0
1996-02-20,21.050303555606455,21.907001956125324,21.050303555606455,21.784616470336914,169000,0.0,0.0
1996-02-21,21.784617362861585,22.641315798479734,21.539846381256396,22.427141189575195,270600,0.0,0.0
1996-02-22,22.45773696899414,22.518929712778863,22.396544225209414,22.45773696899414,120400,0.0,0.0
1996-02-23,22.51893047576255,23.253243426059154,22.396544984046447,23.008472442626953,217400,0.0,0.0
1996-02-26,23.008471978404536,23.192050212274786,22.702508255287455,23.130857467651367,120800,0.0,0.0
1996-02-27,23.13085694466868,23.13085694466868,22.702507741989628,22.763700485229492,99800,0.0,0.0
1996-02-28,22.641314736549766,22.88608570667463,22.58012199401855,22.580121994018555,31400,0.0,0.0
1996-02-29,22.88608590849153,22.88608590849153,22.02938750549987,22.274158477783203,270200,0.0,0.0
1996-03-01,22.029387582495332,22.27415855563417,20.989110946655273,20.989110946655273,174800,0.0,0.0
1996-03-04,21.05030342550839,21.233881653056425,20.805532455444336,20.805532455444336,190000,0.0,0.0
1996-03-05,20.805533071664666,20.927918560321515,19.76525641808143,19.88764190673828,372000,0.0,0.0
1996-03-06,19.94883459674823,20.315991061719057,19.39809989929199,19.398099899291992,249400,0.0,0.0
1996-03-07,19.398100245566596,20.80553338641212,18.847365538279213,20.560762405395508,672400,0.0,0.0
1996-03-08,20.132413232049277,21.417460885158807,20.010027741276943,21.050304412841797,694200,0.0,0.0
1996-03-11,20.98911048778589,21.417459681414176,20.866725003892096,21.111495971679688,523600,0.0,0.0
1996-03-12,21.172689381435777,21.417460356943707,20.499569198788976,20.683147430419922,391200,0.0,0.0
1996-03-13,20.560762147645693,20.98911135905498,20.377183914184574,20.37718391418457,137800,0.0,0.0
1996-03-14,20.560761997465452,21.295074925946363,20.4383765093853,21.17268943786621,184600,0.0,0.0
1996-03-15,21.050304412841797,21.233882649000304,20.866726176683294,21.050304412841797,105400,0.0,0.0
1996-03-18,20.927919006347658,22.151773918999567,20.927919006347658,22.029388427734375,347800,0.0,0.0
1996-03-19,22.274158346241915,22.580122059789197,22.029387375404095,22.182369232177734,197200,0.0,0.0
1996-03-20,22.090580388691354,22.274158619068288,21.29507472372463,21.478652954101562,225200,0.0,0.0
1996-03-21,21.53984516530797,21.53984516530797,21.111495971679688,21.111495971679688,162200,0.0,0.0
1996-03-22,21.050304585713274,21.050304585713274,20.193606143271452,20.254798889160156,153800,0.0,0.0
1996-03-25,20.315990021434455,20.499568244519708,18.663786013667195,19.15332794189453,915800,0.0,0.0
1996-03-26,19.09213663736979,19.39810036553277,19.030943891737195,19.275714874267578,282800,0.0,0.0
1996-03-27,19.39809912956079,21.47865234850422,19.39809912956079,20.6219539642334,1368800,0.0,0.0
1996-03-28,20.438376454911992,21.29507486918974,20.193605479404066,20.683147430419922,663200,0.0,0.0
1996-03-29,20.68314697041231,21.05030342550839,20.377183257832247,20.805532455444336,575400,0.0,0.0
1996-04-01,20.927918876920426,20.927918876920426,20.25479867912474,20.560762405395508,222200,0.0,0.0
1996-04-02,20.438377166568,20.9891118806372,20.438377166568,20.744340896606445,315000,0.0,0.0
1996-04-03,20.62195502197083,20.98911149120473,20.438376787353878,20.46897315979004,254000,0.0,0.0
1996-04-04,20.438376196106866,20.74433991161745,20.37718345300475,20.499568939208984,69200,0.0,0.0
1996-04-08,20.071219138267253,20.13241187954246,19.275713501689587,19.64286994934082,293800,0.0,0.0
1996-04-09,20.071219545252184,20.86672519796035,19.76525583267212,20.805532455444336,765000,0.0,0.0
1996-04-10,20.744340896606445,21.295075610675642,20.744340896606445,20.744340896606445,336200,0.0,0.0
1996-04-11,20.927918140923797,20.927918140923797,20.315990709902632,20.499568939208984,292400,0.0,0.0
1996-04-12,20.5607613625675,21.84580894772797,20.438375878266505,21.601037979125977,335600,0.0,0.0
1996-04-15,21.78461582404523,22.580121458069353,21.35626663649378,22.21296501159668,824200,0.0,0.0
1996-04-16,22.212965471262418,22.396543698297645,21.662230790156737,22.090579986572266,338200,0.0,0.0
1996-04-17,21.96819431013097,22.45773624461857,21.84580882650907,22.396543502807617,248200,0.0,0.0
1996-04-18,22.518929010705104,24.17113304138184,22.396543526951273,24.171133041381836,747800,0.0,0.0
1996-04-19,24.048748479779725,24.171133968226442,23.375628293322787,23.926362991333008,603200,0.0,0.0
1996-04-22,24.966639490410834,25.150217721957972,24.109941076524187,24.72186851501465,988800,0.0,0.0
1996-04-23,24.905446730491793,26.068108862873473,24.78306124287267,25.609163284301758,823000,0.0,0.0
1996-04-24,25.639758870286762,25.945722579956055,25.578566128352904,25.945722579956055,325600,0.0,0.0
1996-04-25,25.70095258338429,26.49645825858428,25.70095258338429,26.190494537353516,429200,0.0,0.0
1996-04-26,26.19049374528034,26.374071972466883,25.150217124556587,25.639759063720703,365200,0.0,0.0
1996-04-29,25.578567297464282,26.129302000041267,25.517374552733507,25.884531021118164,157400,0.0,0.0
1996-04-30,25.762144164327697,26.374071579157334,25.762144164327697,26.251686096191406,214800,0.0,0.0
1996-05-01,26.251687586443296,26.924807780967484,26.251687586443296,26.863615036010742,357600,0.0,0.0
1996-05-02,26.68003589058844,26.863614119193407,25.150217318880387,25.33379554748535,423200,0.0,0.0
1996-05-03,25.45618057250977,25.945722506596493,25.45618057250977,25.456180572509766,391800,0.0,0.0
1996-05-06,25.4561809030573,26.190493813722416,25.4561809030573,26.129301071166992,395800,0.0,0.0
1996-05-07,26.19049361900047,26.55765007160328,25.945722650598597,26.435264587402344,330200,0.0,0.0
1996-05-08,26.312878957161537,26.43526444068322,25.211409605466404,25.456180572509766,383800,0.0,0.0
1996-05-09,25.639759325868145,25.884530297952804,25.639759325868145,25.82333755493164,123600,0.0,0.0
1996-05-10,25.700951682196724,26.435264587402344,25.700951682196724,26.435264587402344,228200,0.0,0.0
1996-05-13,26.557651107375687,27.414349530194258,26.43526561840161,27.169578552246094,407600,0.0,0.0
1996-05-14,26.98600073783628,27.230771719585363,26.068109556277225,26.55765151977539,295800,0.0,0.0
1996-05-15,26.55765105606219,26.92480752227503,26.496458311693385,26.680036544799805,159000,0.0,0.0
1996-05-16,26.435264850484913,26.61884307861328,26.435264850484913,26.61884307861328,32400,0.0,0.0
1996-05-17,26.435265984333736,26.618844220336054,25.884531276326783,26.0681095123291,116200,0.0,0.0
1996-05-20,25.945722579956055,26.19049354769149,25.945722579956055,25.945722579956055,206400,0.0,0.0
1996-05-21,26.19049401305863,26.19049401305863,25.762144811910474,25.82333755493164,55400,0.0,0.0
1996-05-22,25.700951347441684,25.82333683004855,25.51737312353139,25.762144088745117,56200,0.0,0.0
1996-05-23,25.517373314270607,25.762144281313972,25.333795088988087,25.456180572509766,157400,0.0,0.0
1996-05-24,25.21141120062934,25.517374928792318,24.783061981201172,24.783061981201172,132000,0.0,0.0
1996-05-28,24.783061981201172,25.027832963731555,24.783061981201172,24.783061981201172,33400,0.0,0.0
1996-05-29,24.966638488769533,25.027831230163574,24.477096557617188,24.477096557617188,44800,0.0,0.0
1996-05-30,24.477097280602205,24.72186825340823,24.354711794199194,24.53829002380371,67000,0.0,0.0
1996-05-31,24.53829043356659,24.59948317778995,23.926362991333008,23.926362991333008,194800,0.0,0.0
1996-06-03,23.92636253026909,24.048748016357422,23.92636253026909,24.048748016357422,112600,0.0,0.0
1996-06-04,23.92636284497705,24.783061258863693,23.92636284497705,24.72186851501465,279200,0.0,0.0
1996-06-05,24.783061724990166,24.783061724990166,24.53829074499026,24.599483489990234,101600,0.0,0.0
1996-06-06,24.599482767005217,24.905446483012742,24.53829002380371,24.53829002380371,51000,0.0,0.0
1996-06-07,24.538289960710753,24.721868189843253,24.048748016357422,24.048748016357422,45400,0.0,0.0
1996-06-10,24.41590520694171,24.477097951821264,24.109941482543945,24.109941482543945,20600,0.0,0.0
1996-06-11,24.109941482543945,24.477097951821264,24.109941482543945,24.109941482543945,21600,0.0,0.0
1996-06-12,24.477097539618462,24.72186851501465,24.109941076524187,24.72186851501465,88400,0.0,0.0
1996-06-13,24.72186752319336,24.72186752319336,24.415903816223146,24.477096557617188,62200,0.0,0.0
1996-06-14,24.415903962575474,25.45618057250977,24.415903962575474,25.456180572509766,98800,0.0,0.0
1996-06-17,25.57856750488281,25.57856750488281,25.33379652397484,25.578567504882812,74200,0.0,0.0
1996-06-18,25.57856734556831,26.68003675279374,25.33379636618488,26.374073028564453,295800,0.0,0.0
1996-06-19,26.680036021387853,26.741228764556176,26.31287956237793,26.31287956237793,104400,0.0,0.0
1996-06-20,26.68003649132274,26.68003649132274,26.190494537353512,26.190494537353516,290000,0.0,0.0
1996-06-21,26.251687020694508,26.312879764332493,26.006916046142578,26.006916046142578,30200,0.0,0.0
1996-06-24,26.190494217175086,26.190494217175086,25.51737403869629,25.51737403869629,112400,0.0,0.0
1996-06-25,25.51737475965582,25.88453123101777,25.51737475965582,25.578567504882812,136400,0.0,0.0
1996-06-26,25.82333775618665,25.82333775618665,25.51737403869629,25.51737403869629,40400,0.0,0.0
1996-06-27,25.517373839825815,25.82333755493164,25.517373839825815,25.82333755493164,62200,0.0,0.0
1996-06-28,25.517373314270607,25.823337023074814,25.45618057250977,25.456180572509766,73800,0.0,0.0
1996-07-01,25.823338225950675,25.823338225950675,25.39498901367187,25.394989013671875,292800,0.0,0.0
1996-07-02,25.394988809313094,25.700952529907227,25.394988809313094,25.700952529907227,77800,0.0,0.0
1996-07-03,25.394988353783486,25.94572304097397,25.394988353783486,25.82333755493164,56400,0.0,0.0
1996-07-05,25.82333796232649,25.82333796232649,25.211410522460938,25.211410522460938,62000,0.0,0.0
1996-07-08,25.211409605466404,25.57856605603145,25.211409605466404,25.456180572509766,113200,0.0,0.0
1996-07-09,25.45618096713362,25.45618096713362,24.844253540039062,24.844253540039062,264400,0.0,0.0
1996-07-10,25.08902397155762,25.08902397155762,24.477096557617188,24.477096557617188,74800,0.0,0.0
1996-07-11,24.47709784936653,24.47709784936653,23.008471978404536,23.130857467651367,296400,0.0,0.0
1996-07-12,23.375628038779976,23.74278450012207,23.13085706455191,23.74278450012207,165400,0.0,0.0
1996-07-15,23.436821663633303,23.742785392923555,23.008472442626953,23.008472442626953,85200,0.0,0.0
1996-07-16,23.00847231258046,23.130857803604822,21.53984642028809,21.539846420288086,183600,0.0,0.0
1996-07-17,21.78461582404523,22.39654323483302,21.66223034188767,22.21296501159668,168000,0.0,0.0
1996-07-18,22.15177253556382,22.396543502807617,22.15177253556382,22.396543502807617,148600,0.0,0.0
1996-07-19,22.396543766424905,22.641314736549766,22.151772796300044,22.580121994018555,166000,0.0,0.0
1996-07-22,22.641314394647182,22.641314394647182,21.907001495361328,21.907001495361328,528800,0.0,0.0
1996-07-23,22.15177345275879,22.15177345275879,21.90700247538024,22.15177345275879,202400,0.0,0.0
1996-07-24,21.662231332451633,21.968195051836545,20.683147430419922,20.683147430419922,413200,0.0,0.0
1996-07-25,21.050302998670535,21.050302998670535,19.459291725515204,19.64286994934082,423000,0.0,0.0
1996-07-26,19.704063415527344,19.704063415527344,19.459292441421415,19.704063415527344,380600,0.0,0.0
1996-07-29,19.70406435120781,19.70406435120781,19.45929336547852,19.459293365478516,127000,0.0,0.0
1996-07-30,19.45929336547852,19.70406435120781,19.336907872613875,19.459293365478516,151200,0.0,0.0
1996-07-31,19.704064313827026,19.704064313827026,18.969751358032227,18.969751358032227,382200,0.0,0.0
1996-08-01,19.214521920680998,19.58167839050293,18.84736545085907,19.58167839050293,845400,0.0,0.0
1996-08-02,19.581677354761684,20.744339447700657,19.33690638782716,20.6219539642334,742400,0.0,0.0
1996-08-05,20.683147098241225,21.784616470336914,20.377183383770202,21.784616470336914,290000,0.0,0.0
1996-08-06,21.662231445312504,21.7234241895083,20.927918514962926,21.6622314453125,93200,0.0,0.0
1996-08-07,21.784616986690963,22.15177345275879,21.539846009312413,22.15177345275879,56000,0.0,0.0
1996-08-08,22.151773960694022,22.64131592667621,21.907002977702927,22.518930435180664,51600,0.0,0.0
1996-08-09,22.518930392795138,22.518930392795138,21.539846462673612,22.029388427734375,85200,0.0,0.0
1996-08-12,21.968193967577434,22.274157671861243,21.723423004150387,21.72342300415039,45600,0.0,0.0
1996-08-13,22.029387734153055,22.029387734153055,20.193605422973633,20.193605422973633,83400,0.0,0.0
1996-08-14,20.071220397949222,20.438376868643413,20.071220397949222,20.07122039794922,97200,0.0,0.0
1996-08-15,20.0712190273993,20.43837547302246,20.0712190273993,20.43837547302246,13800,0.0,0.0
1996-08-16,20.43837547302246,20.43837547302246,20.0712190273993,20.43837547302246,37200,0.0,0.0
1996-08-19,20.071220350265502,20.43837682008743,18.90855819582939,19.58167839050293,118400,0.0,0.0
1996-08-20,19.948833465576172,20.438375391111784,19.581677021424465,19.948833465576172,134200,0.0,0.0
1996-08-21,19.765256159053827,20.13241262021272,19.336906954368448,19.704063415527344,77400,0.0,0.0
1996-08-22,19.70406435120781,19.70406435120781,19.336907872613875,19.459293365478516,123400,0.0,0.0
1996-08-23,19.704062502808366,20.071218946960077,19.45929154004056,19.948833465576172,58400,0.0,0.0
1996-08-26,19.948834389633273,19.948834389633273,19.704063415527344,19.704063415527344,206800,0.0,0.0
1996-08-27,19.948833465576172,19.948833465576172,19.704062502808366,19.948833465576172,189000,0.0,0.0
1996-08-28,19.948834389633273,19.948834389633273,19.704063415527344,19.704063415527344,266000,0.0,0.0
1996-08-29,19.948834389633273,19.948834389633273,19.704063415527344,19.704063415527344,50400,0.0,0.0
1996-08-30,19.948834328135106,20.071219814810785,19.09213592140538,19.214521408081055,186000,0.0,0.0
1996-09-03,18.84736442565918,19.214520875509685,18.84736442565918,18.84736442565918,92000,0.0,0.0
1996-09-04,19.09213638305664,19.581678341596554,18.755576286560448,19.09213638305664,774000,0.0,0.0
1996-09-05,19.459291842076688,19.459291842076688,18.84736442565918,18.84736442565918,73200,0.0,0.0
1996-09-06,18.60259432406039,18.847365302008555,17.990666879189984,18.113052368164062,133400,0.0,0.0
1996-09-09,18.113051100998188,18.235436581410337,17.501123698937437,17.684701919555664,305600,0.0,0.0
1996-09-10,17.3787389921662,18.235437393188477,17.3787389921662,18.235437393188477,352400,0.0,0.0
1996-09-11,17.868281851009446,18.23543832740005,17.868281851009446,17.99066734313965,208800,0.0,0.0
1996-09-12,18.235437393188477,18.235437393188477,17.8682809356075,18.235437393188477,183600,0.0,0.0
1996-09-13,18.235437009241675,19.092135392226183,17.86828055939117,18.84736442565918,276000,0.0,0.0
1996-09-16,18.84736442565918,18.84736442565918,18.60259345909218,18.84736442565918,303800,0.0,0.0
1996-09-17,18.602593383789063,18.847364349365236,18.35782241821289,18.35782241821289,377400,0.0,0.0
1996-09-18,18.357823858197953,18.602594842973925,18.357823858197953,18.480209350585938,277200,0.0,0.0
1996-09-19,18.602593383789063,18.602593383789063,18.235436935424804,18.35782241821289,211600,0.0,0.0
1996-09-20,18.480207901000977,18.480207901000977,18.235436935424804,18.35782241821289,215200,0.0,0.0
1996-09-23,18.480209181043836,18.480209181043836,16.39965582953559,16.52204132080078,277600,0.0,0.0
1996-09-24,16.70561836214523,17.50112399843786,16.399654655878834,16.583232879638672,460600,0.0,0.0
1996-09-25,16.766811713576317,16.766811713576317,15.420571357011797,15.665342330932617,418400,0.0,0.0
1996-09-26,15.665342881944445,16.52204132080078,14.747451697455512,16.52204132080078,1166400,0.0,0.0
1996-09-27,16.64442543361498,17.439931060956873,16.277268990226414,16.889196395874023,395000,0.0,0.0
1996-09-30,16.828004180962314,17.62350983315326,16.828004180962314,17.2563533782959,171400,0.0,0.0
1996-10-01,17.62350917934959,17.868280140173887,17.25635273811314,17.684701919555664,419800,0.0,0.0
1996-10-02,17.68470237811683,17.868280603495208,17.56231689453125,17.56231689453125,358200,0.0,0.0
1996-10-03,17.8682804107666,17.8682804107666,17.501123963970027,17.8682804107666,259200,0.0,0.0
1996-10-04,17.868280871161097,17.868280871161097,17.501124414904364,17.745895385742188,132800,0.0,0.0
1996-10-07,17.501124414904364,17.745895385742188,17.501124414904364,17.745895385742188,50200,0.0,0.0
1996-10-08,17.868281888646006,18.480209350585938,17.501125411482047,18.480209350585938,257000,0.0,0.0
1996-10-09,18.480209350585938,18.480209350585938,18.113052873421978,18.480209350585938,111400,0.0,0.0
1996-10-10,18.48020856941926,18.541401313026608,17.92947387695312,17.929473876953125,164400,0.0,0.0
1996-10-11,18.11305137529765,18.11305137529765,17.8682804107666,17.8682804107666,39800,0.0,0.0
1996-10-14,17.868281073319285,18.1130520469264,17.2563536393015,17.439931869506836,167200,0.0,0.0
1996-10-15,17.317545662463548,17.623509366747356,17.317545662463548,17.378738403320312,154800,0.0,0.0
1996-10-16,17.378738669152874,17.56231689453125,17.378738669152874,17.56231689453125,38000,0.0,0.0
1996-10-17,17.56231689453125,17.56231689453125,17.378738669152874,17.56231689453125,45800,0.0,0.0
1996-10-18,17.378738403320312,17.562316625890595,17.378738403320312,17.378738403320312,149400,0.0,0.0
1996-10-21,17.37873879314339,17.56231701983153,16.5220404019321,16.76681137084961,114200,0.0,0.0
1996-10-22,16.522040984209845,16.766811961753696,15.053415118946749,15.60414981842041,650800,0.0,0.0
1996-10-23,15.420571357011797,15.726535074412824,15.420571357011797,15.665342330932617,219800,0.0,0.0
1996-10-24,15.665342073914008,17.562317090677034,15.542956588961555,17.2563533782959,317200,0.0,0.0
1996-10-25,17.562317616409725,17.92947408225801,17.195161150561436,17.623510360717773,247000,0.0,0.0
1996-10-28,17.62351009971217,17.868281073319285,17.378739126105057,17.439931869506836,148600,0.0,0.0
1996-10-29,17.623509762060905,17.623509762060905,16.705618628620233,16.76681137084961,253600,0.0,0.0
1996-10-30,16.950390006556656,16.950390006556656,16.032498850966945,16.154884338378906,148600,0.0,0.0
1996-10-31,17.37873952816694,19.459292851961575,17.011583059262005,19.09213638305664,455800,0.0,0.0
1996-11-01,19.092136850664694,19.948835299091957,18.969751358032227,18.969751358032227,408200,0.0,0.0
1996-11-04,18.96975069015936,19.765256364262818,18.96975069015936,19.398099899291992,139200,0.0,0.0
1996-11-05,19.398100107144085,19.76525657604902,19.09213638305664,19.09213638305664,191000,0.0,0.0
1996-11-06,19.09213638305664,19.398100107144085,18.786172658969193,19.09213638305664,196000,0.0,0.0
1996-11-07,18.78617260958019,18.96975084355003,18.235437907670676,18.60259437561035,121800,0.0,0.0
1996-11-08,18.602594842973925,18.847365827749897,18.357823858197953,18.480209350585938,180400,0.0,0.0
1996-11-11,18.48020842807745,18.969750373192085,18.48020842807745,18.724979400634766,55000,0.0,0.0
1996-11-12,18.602594915426003,19.70406435120781,18.54140216899368,19.459293365478516,117600,0.0,0.0
1996-11-13,19.336907155130184,19.5204853876156,19.092136178482967,19.398099899291992,64000,0.0,0.0
1996-11-14,19.09213663736979,19.39810036553277,19.09213663736979,19.275714874267578,41800,0.0,0.0
1996-11-15,19.092135725350214,19.70406315244477,19.092135725350214,19.520484924316406,132000,0.0,0.0
1996-11-18,19.70406315244477,19.70406315244477,19.336906696188038,19.520484924316406,31000,0.0,0.0
1996-11-19,19.52048446679041,19.64286994934082,19.336906242964794,19.64286994934082,146600,0.0,0.0
1996-11-20,19.64286994934082,19.64286994934082,19.459291725515204,19.64286994934082,114400,0.0,0.0
1996-11-21,19.459292441421415,20.010027133159756,19.459292441421415,19.704063415527344,261600,0.0,0.0
1996-11-22,19.64286984083895,20.43837547302246,19.581677099901757,20.43837547302246,173400,0.0,0.0
1996-11-25,20.56076265858338,20.9891118806372,20.193606182537245,20.744340896606445,108400,0.0,0.0
1996-11-26,20.927918203370567,20.989110946655273,20.62195448694702,20.989110946655273,130200,0.0,0.0
1996-11-27,20.98911022163971,21.233881186323554,20.805531998126828,20.92791748046875,143000,0.0,0.0
1996-11-29,20.92791917344679,21.233882904052734,20.92791917344679,21.233882904052734,12600,0.0,0.0
1996-12-02,20.927918666269072,21.23388238946014,20.866725921630856,20.86672592163086,110000,0.0,0.0
1996-12-03,21.17268865376414,21.845808813276875,21.17268865376414,21.509248733520508,194000,0.0,0.0
1996-12-04,21.356267878736567,21.662231601927633,20.74434043235443,20.86672592163086,244400,0.0,0.0
1996-12-05,20.98911048778589,21.417459681414176,20.927917745838993,21.111495971679688,224400,0.0,0.0
1996-12-06,20.25479867912474,20.560762405395508,19.336907500312442,20.560762405395508,216200,0.0,0.0
1996-12-09,20.560762405395508,20.866726131666272,20.25479867912474,20.560762405395508,116400,0.0,0.0
1996-12-10,20.866725921630856,20.866725921630856,20.56076219843979,20.86672592163086,139000,0.0,0.0
1996-12-11,20.499569198788976,20.98911114980483,20.193605479404066,20.683147430419922,245600,0.0,0.0
1996-12-12,20.683147430419922,20.98911114980483,20.438376454911992,20.683147430419922,53800,0.0,0.0
1996-12-13,20.377183190311293,20.683146901877528,20.254797705684798,20.315990447998047,309200,0.0,0.0
1996-12-16,20.43837682008743,20.43837682008743,19.398100155591965,19.58167839050293,92400,0.0,0.0
1996-12-17,19.398100619046197,19.70406435120781,19.398100619046197,19.459293365478516,93000,0.0,0.0
1996-12-18,19.704063415527344,19.704063415527344,19.39809969789493,19.704063415527344,295800,0.0,0.0
1996-12-19,19.58167868438444,20.254798889160156,19.58167868438444,20.254798889160156,68800,0.0,0.0
1996-12-20,19.948834907717824,20.254798633296318,19.948834907717824,20.07122039794922,54000,0.0,0.0
1996-12-23,20.254797327588175,20.92791748046875,19.948833621733367,20.92791748046875,121800,0.0,0.0
1996-12-24,20.927918069818045,21.784616470336914,20.683147098241225,21.784616470336914,243400,0.0,0.0
1996-12-26,21.784615995582012,21.784615995582012,20.927917613733282,21.01970672607422,238400,0.0,0.0
1996-12-27,21.295075348445348,21.295075348445348,20.560762405395508,20.560762405395508,39800,0.0,0.0
1996-12-30,20.805532455444336,20.805532455444336,20.499568742864273,20.805532455444336,40600,0.0,0.0
1996-12-31,20.499569198788976,20.805532918173885,20.499569198788976,20.683147430419922,90000,0.0,0.0
1997-01-02,21.17268943786621,21.17268943786621,20.805532973625755,21.17268943786621,255200,0.0,0.0
1997-01-03,21.172688336439535,21.723423004150387,20.805531891298966,21.72342300415039,117000,0.0,0.0
1997-01-06,21.66223052893271,22.2129652033971,21.5398450457184,21.907001495361328,194000,0.0,0.0
1997-01-07,21.784616470336914,22.15177292770214,21.539845498760094,21.784616470336914,118400,0.0,0.0
1997-01-08,21.968193967577434,21.968193967577434,21.723423004150387,21.72342300415039,324200,0.0,0.0
1997-01-09,21.7234241895083,22.02938791048729,21.601038701116703,21.6622314453125,52600,0.0,0.0
1997-01-10,21.53984575616948,22.151773192424294,21.53984575616948,21.96819496154785,52000,0.0,0.0
1997-01-13,21.96819568210178,22.151773918999567,21.662231953938804,22.029388427734375,93000,0.0,0.0
1997-01-14,22.02938770517333,22.02938770517333,21.53984575616948,21.96819496154785,220400,0.0,0.0
1997-01-15,21.968195166291494,21.968195166291494,21.601038701116703,21.6622314453125,73200,0.0,0.0
1997-01-16,21.907002499806797,21.907002499806797,21.26447868347168,21.26447868347168,45400,0.0,0.0
1997-01-17,21.23388185078153,21.53984556621066,21.172689107695703,21.386863708496094,356000,0.0,0.0
1997-01-20,21.29507478166755,22.09058044879881,21.29507478166755,21.96819496154785,96600,0.0,0.0
1997-01-21,22.029386978575637,22.09057972018279,21.907001495361328,21.907001495361328,98400,0.0,0.0
1997-01-22,22.09058117336697,22.09058117336697,21.907002936469183,22.029388427734375,86400,0.0,0.0
1997-01-23,22.090579529439122,22.580121458069353,22.029386788360345,22.21296501159668,271000,0.0,0.0
1997-01-24,22.029388469198476,23.00847240116285,22.029388469198476,22.518930435180664,285400,0.0,0.0
1997-01-27,22.580122663171252,22.824893640549803,22.09058070841415,22.15177345275879,118000,0.0,0.0
1997-01-28,22.824894120958117,23.498014322916667,22.029388427734375,22.029388427734375,163000,0.0,0.0
1997-01-29,22.396544943685118,22.82489416391953,21.9681957234507,22.518930435180664,211200,0.0,0.0
1997-01-30,22.763700798970913,23.620399216136484,22.51892982263789,23.43682098388672,256600,0.0,0.0
1997-01-31,23.62039947509766,23.62039947509766,23.130857517064545,23.620399475097656,322600,0.0,0.0
1997-02-03,23.375627780270268,23.620398751791424,23.31443503738998,23.559206008911133,80400,0.0,0.0
1997-02-04,23.559205813285633,23.987555009890826,23.37562758616912,23.865169525146484,79400,0.0,0.0
1997-02-05,23.68159243065541,23.865170666551965,23.314435958862305,23.314435958862305,110600,0.0,0.0
1997-02-06,23.375627446302115,23.62039841432622,22.76370002624185,22.886085510253906,120200,0.0,0.0
1997-02-07,23.130857677306313,23.130857677306313,22.763701206237958,22.824893951416016,92800,0.0,0.0
1997-02-10,22.886086909667306,22.886086909667306,21.78461748620738,22.518930435180664,107000,0.0,0.0
1997-02-11,22.518928911432873,23.253241810718727,21.907001495361328,21.907001495361328,341600,0.0,0.0
1997-02-12,22.029386788360345,22.335350493754238,21.907001306202787,22.21296501159668,84600,0.0,0.0
1997-02-13,22.02938786997185,23.68159196021974,22.02938786997185,23.43682098388672,186200,0.0,0.0
1997-02-14,23.742784040402142,23.987555009890826,23.43682032854129,23.865169525146484,291400,0.0,0.0
1997-02-18,23.865170549990527,24.599483489990238,23.865170549990527,24.599483489990234,261800,0.0,0.0
1997-02-19,24.660676234990213,24.84425446999014,24.354712509990335,24.599483489990234,124000,0.0,0.0
1997-02-20,24.59948243361253,24.59948243361253,23.498013070913462,23.865169525146484,327000,0.0,0.0
1997-02-21,23.74278450012207,23.98755547435013,23.74278450012207,23.74278450012207,95600,0.0,0.0
1997-02-24,23.865170247109653,23.926362991333008,23.620399270216218,23.926362991333008,120200,0.0,0.0
1997-02-25,23.681592475479246,23.98755620255262,23.49801423923522,23.803977966308594,157600,0.0,0.0
1997-02-26,23.865169723312576,23.865169723312576,23.498013266030846,23.559206008911133,61600,0.0,0.0
1997-02-27,23.55920620968467,23.68159169648823,23.130857005872222,23.25324249267578,50600,0.0,0.0
1997-02-28,23.1308567441743,23.436820457721577,22.886085773336475,23.069664001464844,47400,0.0,0.0
1997-03-03,23.253243384153947,23.253243384153947,22.212966706441797,22.518930435180664,49600,0.0,0.0
1997-03-04,22.518929971231,22.64131546020508,22.335351737769876,22.641315460205078,83200,0.0,0.0
1997-03-05,22.518929512270034,23.253242431148408,22.518929512270034,22.763700485229492,66600,0.0,0.0
1997-03-06,23.069664932128255,23.069664932128255,22.7025084610599,22.824893951416016,70000,0.0,0.0
1997-03-07,23.008470725499073,23.008470725499073,22.641314277751746,22.70250701904297,226200,0.0,0.0
1997-03-10,22.641314998749763,22.763700485229492,22.45773676903017,22.763700485229492,303400,0.0,0.0
1997-03-11,22.580122059789197,23.069664001464844,22.580122059789197,23.069664001464844,56000,0.0,0.0
1997-03-12,22.702506909767788,23.559205283721287,22.702506909767788,23.49801254272461,67200,0.0,0.0
1997-03-13,23.559205813285633,23.987555009890826,23.498013070913462,23.865169525146484,101800,0.0,0.0
1997-03-14,23.742783585373235,24.109940032569728,23.68159084417382,23.9875545501709,44600,0.0,0.0
1997-03-17,23.865169259004816,24.23232570914335,23.375627325486768,23.681591033935547,110200,0.0,0.0
1997-03-18,23.681590958446815,23.681590958446815,23.192049026489258,23.192049026489258,55400,0.0,0.0
1997-03-19,23.192049220284037,23.436820188308143,22.641314542229797,22.886085510253906,81400,0.0,0.0
1997-03-20,23.1920500075537,23.498013727969973,23.00847177530393,23.43682098388672,108800,0.0,0.0
1997-03-21,23.43682128886886,24.109941482543945,23.43682128886886,24.109941482543945,124800,0.0,0.0
1997-03-24,24.109940694833732,24.109940694833732,23.375627780270268,23.559206008911133,50400,0.0,0.0
1997-03-25,23.620398555657804,23.865169525146484,23.13085661668044,23.865169525146484,172800,0.0,0.0
1997-03-26,23.803977243679086,24.10994096146416,23.43682078233699,23.74278450012207,80200,0.0,0.0
1997-03-27,23.98755447069804,23.98755447069804,23.49801254272461,23.49801254272461,70200,0.0,0.0
1997-03-31,23.86517079671224,23.86517079671224,23.375628831651476,23.406225204467773,216800,0.0,0.0
1997-04-01,23.314434509478648,23.620398216952122,23.130856284994564,23.192049026489258,121200,0.0,0.0
1997-04-02,23.498013671874997,23.498013671874997,22.518929768880206,22.94727897644043,52600,0.0,0.0
1997-04-03,22.518929712778863,22.94727891927194,21.17268934951491,22.45773696899414,663800,0.0,0.0
1997-04-04,22.396544943685118,22.518930435180664,22.27415945218957,22.518930435180664,366200,0.0,0.0
1997-04-07,22.641314736549766,22.7637002216122,22.58012199401855,22.580121994018555,102600,0.0,0.0
1997-04-08,22.58012199401855,22.702507479080985,22.58012199401855,22.580121994018555,22000,0.0,0.0
1997-04-09,22.580121458069353,22.70250694022691,22.21296501159668,22.21296501159668,67000,0.0,0.0
1997-04-10,22.518930392795138,22.518930392795138,22.029388427734375,22.029388427734375,28200,0.0,0.0
1997-04-11,22.335351088951374,22.335351088951374,21.0503034920528,21.295074462890625,48400,0.0,0.0
1997-04-14,21.111496234762257,21.47865269101899,21.0503034920528,21.295074462890625,96600,0.0,0.0
1997-04-15,21.539844970703125,21.907001419067385,21.295074005126953,21.41745948791504,179400,0.0,0.0
1997-04-16,21.662231522155324,21.662231522155324,21.172689566852377,21.26447868347168,40800,0.0,0.0
1997-04-17,21.539845697560544,21.6622311844785,21.23388198026565,21.478652954101562,31800,0.0,0.0
1997-04-18,21.233882904052734,21.662232126901063,20.92791917344679,21.233882904052734,59400,0.0,0.0
1997-04-21,21.17268975973129,21.17268975973129,19.092136430740357,19.58167839050293,487600,0.0,0.0
1997-04-22,19.33690662935999,19.642870341849864,18.847364689376192,19.030942916870117,980000,0.0,0.0
1997-04-23,19.214520949351638,19.459291916859303,18.84736449809014,19.33690643310547,310000,0.0,0.0
1997-04-24,19.21452062902316,19.826448037590776,18.969749665596115,19.55108070373535,62800,0.0,0.0
1997-04-25,19.581677734375,19.581677734375,19.092135791015625,19.122732162475586,57800,0.0,0.0
1997-04-28,19.459292381432405,19.459292381432405,18.663786718040516,19.214521408081055,109600,0.0,0.0
1997-04-29,19.336906317157222,20.74433937188702,18.908557126587283,20.13241195678711,123400,0.0,0.0
1997-04-30,20.315990447998047,20.315990447998047,19.82644850949207,20.315990447998047,192200,0.0,0.0
1997-05-01,20.315990709902632,20.927918140923797,19.948834251289934,20.499568939208984,56600,0.0,0.0
1997-05-02,20.927918965166267,21.90700289336118,20.499569746580992,21.539846420288086,186200,0.0,0.0
1997-05-05,21.29507458864987,22.396543963924866,21.29507458864987,22.274158477783203,220000,0.0,0.0
1997-05-06,22.58012245656359,22.58012245656359,22.09058050628579,22.45773696899414,120800,0.0,0.0
1997-05-07,22.45773696899414,22.45773696899414,21.968195018716337,22.45773696899414,53600,0.0,0.0
1997-05-08,22.029387311237613,23.130856676799493,22.029387311237613,22.580121994018555,122000,0.0,0.0
1997-05-09,23.06966440684139,23.06966440684139,22.09058050628579,22.45773696899414,121400,0.0,0.0
1997-05-12,22.6413149362082,22.88608590849153,22.2741584777832,22.274158477783203,211000,0.0,0.0
1997-05-13,22.39654389927896,22.39654389927896,21.601038241654297,21.784616470336914,202000,0.0,0.0
1997-05-14,21.723423004150387,22.15177219014772,21.723423004150387,21.72342300415039,123400,0.0,0.0
1997-05-15,21.784617318934142,22.27415928115738,21.784617318934142,21.937599182128906,49800,0.0,0.0
1997-05-16,21.784616933704097,22.02938791048729,21.662231445312504,21.6622314453125,115800,0.0,0.0
1997-05-19,21.78461757873715,22.029388562767906,20.56076265858338,20.744340896606445,71200,0.0,0.0
1997-05-20,20.805533431297125,21.172689903614135,20.62195519513862,21.050304412841797,110800,0.0,0.0
1997-05-21,21.295074528519827,21.478652757213965,20.9891108140296,21.34096908569336,213600,0.0,0.0
1997-05-22,21.41745948791504,21.539844970703125,21.111495780944825,21.41745948791504,54000,0.0,0.0
1997-05-23,21.233882692727178,21.60103916580027,21.233882692727178,21.539846420288086,160000,0.0,0.0
1997-05-27,21.41745948791504,21.539844970703125,21.295074005126953,21.41745948791504,199000,0.0,0.0
1997-05-28,21.4174606738596,21.4174606738596,21.295075184294692,21.35626792907715,81400,0.0,0.0
1997-05-29,21.41745948791504,21.41745948791504,21.295074005126953,21.41745948791504,132800,0.0,0.0
1997-05-30,20.80553207397461,21.41745948791504,20.80553207397461,21.41745948791504,212600,0.0,0.0
1997-06-02,21.4174606738596,21.4174606738596,21.050304205164867,21.35626792907715,261800,0.0,0.0
1997-06-03,21.60103890820697,21.662231652989426,21.111496949947323,21.35626792907715,187600,0.0,0.0
1997-06-04,21.356268139772638,21.356268139772638,21.050304412841797,21.050304412841797,121000,0.0,0.0
1997-06-05,21.172688364268776,21.172688364268776,20.0712190273993,20.43837547302246,194000,0.0,0.0
1997-06-06,20.43837632608626,20.683147300051367,19.94883437815605,20.591358184814453,207000,0.0,0.0
1997-06-09,20.621953774613942,20.92791748046875,20.193604586417216,20.92791748046875,374000,0.0,0.0
1997-06-10,20.62195468654294,21.050303893681814,20.56076194266596,20.683147430419922,92600,0.0,0.0
1997-06-11,20.86672560373942,20.927918347445402,20.071219935561672,20.193605422973633,71000,0.0,0.0
1997-06-12,20.071220620052575,20.56076258639532,20.071220620052575,20.23185157775879,160000,0.0,0.0
1997-06-13,20.560761010555822,20.560761010555822,19.948833599527376,20.04062271118164,87400,0.0,0.0
1997-06-16,19.948833924752694,20.193604893154568,19.459291987948948,19.826448440551758,689600,0.0,0.0
1997-06-17,19.765255698451288,19.948833924752694,19.520484730049414,19.826448440551758,249600,0.0,0.0
1997-06-18,19.88764237324151,19.88764237324151,19.52048589865859,19.765256881713867,271000,0.0,0.0
1997-06-19,19.765256469314163,20.377183914184574,19.64287098034008,20.37718391418457,174400,0.0,0.0
1997-06-20,20.377183123894458,20.438375866008254,20.13241215543927,20.270095825195312,1086400,0.0,0.0
1997-06-23,20.377183654091574,20.377183654091574,20.193605422973633,20.193605422973633,412400,0.0,0.0
1997-06-24,20.19360493049952,20.43837589935406,20.19360493049952,20.29304313659668,399400,0.0,0.0
1997-06-25,20.438376397797555,20.560761885209516,20.071219935561672,20.193605422973633,528000,0.0,0.0
1997-06-26,20.193605363739202,20.40777996608189,19.520485184947898,19.704063415527344,334600,0.0,0.0
1997-06-27,19.76525608916261,20.132412549023215,19.704063345852507,20.101816177368164,439600,0.0,0.0
1997-06-30,20.254797897981792,22.090580184807937,20.07121966929918,21.784616470336914,443800,0.0,0.0
1997-07-01,21.907002936469183,22.580123138427734,21.539846462673612,22.029388427734375,394400,0.0,0.0
1997-07-02,22.02938705194192,22.70250721186237,21.66223060107622,22.396543502807617,544400,0.0,0.0
1997-07-03,22.641314243783754,24.109940032569728,22.39654327898609,23.9875545501709,227800,0.0,0.0
1997-07-07,24.171132693688076,24.538289139668148,23.49801254272461,23.49801254272461,208000,0.0,0.0
1997-07-08,23.498013781769505,24.048748479779725,23.436821037546146,23.926362991333008,133800,0.0,0.0
1997-07-09,23.742784704302995,23.80397744838625,22.580122566721148,23.43682098388672,169600,0.0,0.0
1997-07-10,23.498014065587945,23.498014065587945,22.88608661596326,23.222646713256836,71000,0.0,0.0
1997-07-11,23.253243006572824,23.987555943622493,23.192050261818686,23.620399475097656,115000,0.0,0.0
1997-07-14,23.55920673034352,23.926363198868355,23.49801398558938,23.620399475097656,128400,0.0,0.0
1997-07-15,23.742784040402142,23.865169525146484,23.498013070913462,23.865169525146484,49400,0.0,0.0
1997-07-16,23.98755481575109,24.477096750766417,23.620398364489592,24.171133041381836,121000,0.0,0.0
1997-07-17,24.232326047504365,24.53828976022538,23.803976849694944,24.354711532592773,113200,0.0,0.0
1997-07-18,24.2323267124498,24.2323267124498,23.498013781769505,23.926362991333008,103600,0.0,0.0
1997-07-21,23.926363198868355,23.987555943622493,23.62039947509766,23.620399475097656,69400,0.0,0.0
1997-07-22,23.62039952350752,24.109941482543945,23.62039952350752,24.109941482543945,159200,0.0,0.0
1997-07-23,24.10994082139317,24.599482767005217,23.987555334990162,24.53829002380371,270200,0.0,0.0
1997-07-24,24.41590467924924,24.599482909920287,23.375628038779976,23.74278450012207,215200,0.0,0.0
1997-07-25,23.498013525894006,24.10994096146416,23.43682078233699,23.74278450012207,139800,0.0,0.0
1997-07-28,23.865169723312576,23.865169723312576,23.498013266030846,23.559206008911133,96600,0.0,0.0
1997-07-29,23.681592219851797,23.681592219851797,23.43682124083524,23.620399475097656,139200,0.0,0.0
1997-07-30,23.620399216136484,23.865170192469506,23.253242751636954,23.43682098388672,127200,0.0,0.0
1997-07-31,23.80397632657265,24.04874729137031,23.436819879376156,23.9875545501709,49200,0.0,0.0
1997-08-01,24.04874873766439,24.41590520694171,23.987555992784838,24.109941482543945,101000,0.0,0.0
1997-08-04,24.109940494635165,24.109940494635165,23.865169525146484,23.865169525146484,92400,0.0,0.0
1997-08-05,23.987555273313255,24.109940759401585,23.742784301136588,24.048748016357422,107000,0.0,0.0
1997-08-06,23.742783775625302,24.04874748407408,23.620398292245792,23.681591033935547,100800,0.0,0.0
1997-08-07,23.68159129802997,24.048747752262997,23.620398555657804,23.865169525146484,435600,0.0,0.0
1997-08-08,23.742784439890006,23.865169926693564,23.25324249267578,23.25324249267578,333200,0.0,0.0
1997-08-11,23.620399085128604,23.620399085128604,23.253242622665464,23.34503173828125,93800,0.0,0.0
1997-08-12,23.43682032854129,24.232325979379507,23.253242101424778,23.865169525146484,329600,0.0,0.0
1997-08-13,23.98755481575109,24.477096750766417,23.926362073874174,24.171133041381836,151400,0.0,0.0
1997-08-14,24.171133968226442,24.171133968226442,23.926362991333008,23.926362991333008,34800,0.0,0.0
1997-08-15,23.926362991333008,24.171133968226442,23.926362991333008,23.926362991333008,23800,0.0,0.0
1997-08-18,23.926363068222226,24.109941301482245,23.49801385728219,23.528610229492188,192400,0.0,0.0
1997-08-19,23.62039968535656,23.62039968535656,23.25324321356345,23.314435958862305,95600,0.0,0.0
1997-08-20,23.49801254272461,23.49801254272461,23.253241578737896,23.49801254272461,78200,0.0,0.0
1997-08-21,23.55920574427899,23.55920574427899,23.192049291121396,23.375627517700195,124600,0.0,0.0
1997-08-22,23.008471191737062,23.008471191737062,22.518929251487336,22.580121994018555,243200,0.0,0.0
1997-08-25,22.51892931707974,23.069664001464844,22.51892931707974,23.069664001464844,386800,0.0,0.0
1997-08-26,23.069665188485,23.13085793434305,22.88608695091085,23.008472442626953,120800,0.0,0.0
1997-08-27,23.13085647827801,23.13085647827801,22.76370002624185,22.886085510253906,105800,0.0,0.0
1997-08-28,22.947278449205847,22.947278449205847,22.58012199401855,22.580121994018555,73400,0.0,0.0
1997-08-29,22.641315200348316,22.641315200348316,22.274158737639965,22.45773696899414,191200,0.0,0.0
1997-09-02,22.580122512817383,23.008471720377603,22.27415879313151,22.94727897644043,135000,0.0,0.0
1997-09-03,22.88608570667463,23.008471191737062,22.518929251487336,22.580121994018555,192000,0.0,0.0
1997-09-04,22.763699953673317,22.88608543729522,22.396543502807617,22.396543502807617,37800,0.0,0.0
1997-09-05,22.763699760334188,22.763699760334188,22.518928795169305,22.70250701904297,236800,0.0,0.0
1997-09-08,22.702508303785574,23.681592219851797,22.641315559031433,23.620399475097656,164400,0.0,0.0
1997-09-09,23.742783585373235,24.293518256167975,23.620398102974402,23.9875545501709,220800,0.0,0.0
1997-09-10,24.171132693688076,24.171132693688076,23.192048837741215,23.49801254272461,131800,0.0,0.0
1997-09-11,23.498013466282895,23.498013466282895,23.008471519068667,23.25324249267578,94400,0.0,0.0
1997-09-12,23.192048812267423,23.314434294126354,22.029386734607577,22.6107177734375,276400,0.0,0.0
1997-09-15,22.518929512270034,22.947278714949086,22.518929512270034,22.763700485229492,343800,0.0,0.0
1997-09-16,22.886085905852145,23.008471391979693,22.580122190533263,22.717805862426758,109800,0.0,0.0
1997-09-17,22.76370133322294,22.94727956978119,22.64131584218411,22.916683197021484,684000,0.0,0.0
1997-09-18,22.947278389563927,23.865169525146484,22.763700162447417,23.865169525146484,116200,0.0,0.0
1997-09-19,23.620398751791424,23.865169723312576,23.31443503738998,23.559206008911133,151200,0.0,0.0
1997-09-22,23.62039968535656,23.62039968535656,23.314435958862305,23.314435958862305,95200,0.0,0.0
1997-09-23,23.314434909341323,24.415904275136974,23.314434909341323,24.354711532592773,213800,0.0,0.0
1997-09-24,24.35471255604814,25.700952948593514,24.109941575585346,25.089025497436523,274400,0.0,0.0
1997-09-25,25.027831306644515,25.027831306644515,24.81365671111088,24.966638565063477,198600,0.0,0.0
1997-09-26,24.96663965243045,26.251687281599665,24.783061419691993,26.190494537353516,205600,0.0,0.0
1997-09-29,26.374073076356787,27.16957876079446,26.251687586443296,26.863615036010742,236400,0.0,0.0
1997-09-30,26.680035886054114,27.475541543207104,26.649439514625154,27.10838508605957,343600,0.0,0.0
1997-10-01,26.924806920493523,27.720312579508104,26.924806920493523,27.59792709350586,249000,0.0,0.0
1997-10-02,27.781506098871645,28.393433545983356,27.781506098871645,28.148662567138672,144600,0.0,0.0
1997-10-03,28.271046996116638,28.882974420275005,26.924806662968226,27.414348602294922,158600,0.0,0.0
1997-10-06,26.924807574297933,27.53673501916834,26.68003659634977,27.169578552246094,217800,0.0,0.0
1997-10-07,27.2919629246457,27.842697602497292,27.108384698695165,27.720312118530273,92600,0.0,0.0
1997-10-08,27.781505391621888,27.781505391621888,27.169577960088365,27.20017433166504,309000,0.0,0.0
1997-10-09,27.230770570711584,27.597927027844772,27.04719234214499,27.552032470703125,68200,0.0,0.0
1997-10-10,27.597926896915098,28.148661580002095,27.414348669219432,27.90389060974121,99000,0.0,0.0
1997-10-13,28.026276357812822,28.638203789206116,27.720312642116173,28.08746910095215,80800,0.0,0.0
1997-10-14,28.087470031570604,28.45462650257153,27.781506305736503,27.84269905090332,33400,0.0,0.0
1997-10-15,21.784616803108374,23.13085716734541,21.172689364818815,21.57044219970703,2045400,0.0,0.0
1997-10-16,21.53984516530797,21.845808875042458,20.683146778051402,21.111495971679688,798800,0.0,0.0
1997-10-17,21.111496578563344,21.111496578563344,19.94883444814971,20.193605422973633,415200,0.0,0.0
1997-10-20,20.438376397797555,20.499569141503535,19.76525621703177,20.193605422973633,251600,0.0,0.0
1997-10-21,20.193605363739202,20.31599085079217,19.704063415527344,19.704063415527344,427400,0.0,0.0
1997-10-22,19.70406400879286,19.948834990268548,19.612274890739478,19.6734676361084,368800,0.0,0.0
1997-10-23,19.581678602430557,19.704064093695745,19.214522128634982,19.275714874267578,284800,0.0,0.0
1997-10-24,19.642871086414043,20.010027555318977,19.09213638305664,19.09213638305664,326600,0.0,0.0
1997-10-27,19.092136279956716,19.33690725790488,17.80708864572886,18.113052368164062,315000,0.0,0.0
1997-10-28,17.256352970013605,19.45929164703662,17.072774746928353,19.15332794189453,1001200,0.0,0.0
1997-10-29,19.642871086414043,19.642871086414043,19.03094363823915,19.09213638305664,266200,0.0,0.0
1997-10-30,19.153328133867934,19.153328133867934,18.724978942375678,18.84736442565918,352200,0.0,0.0
1997-10-31,19.09213638305664,19.336907362326595,18.908558148604172,19.09213638305664,107200,0.0,0.0
1997-11-03,19.33690683202806,19.45929231830672,18.54140117121678,18.724979400634766,190800,0.0,0.0
1997-11-04,18.480208364909128,18.908557565420267,18.05185916439799,18.235437393188477,190000,0.0,0.0
1997-11-05,18.541401840771318,18.6025945861204,17.929474387280518,18.296630859375,309400,0.0,0.0
1997-11-06,18.602593783674568,18.9697502399313,18.29663007012729,18.633190155029297,263200,0.0,0.0
1997-11-07,18.72497933662978,18.72497933662978,18.113051907328153,18.235437393188477,136200,0.0,0.0
1997-11-10,18.235437198047197,18.724979136249804,18.235437198047197,18.541400909423828,163800,0.0,0.0
1997-11-11,18.419015234166928,18.84736442565918,18.419015234166928,18.84736442565918,225000,0.0,0.0
1997-11-12,18.84736462080046,18.84736462080046,18.17424445577187,18.541400909423828,184800,0.0,0.0
1997-11-13,18.35782261218055,18.724979064424158,17.990666159936936,18.05185890197754,260800,0.0,0.0
1997-11-14,18.113052835269848,18.23543832740005,17.684703612814143,17.99066734313965,206600,0.0,0.0
1997-11-17,17.745895004272462,18.35782241821289,17.745895004272462,18.35782241821289,236800,0.0,0.0
1997-11-18,18.357823346112227,18.357823346112227,17.929474134702943,18.113052368164062,164200,0.0,0.0
1997-11-19,18.235437128099342,18.296629870139945,17.929473417896332,18.05185890197754,303000,0.0,0.0
1997-11-20,18.174245036732067,18.602594246352016,18.174245036732067,18.510805130004883,204400,0.0,0.0
1997-11-21,19.030943588206643,19.030943588206643,18.3578233969839,18.60259437561035,149400,0.0,0.0
1997-11-24,18.602593850769452,18.72497933662978,18.235437393188477,18.235437393188477,208800,0.0,0.0
1997-11-25,18.419015424873173,18.541400909423828,18.17424445577187,18.541400909423828,308400,0.0,0.0
1997-11-26,18.541400909423828,18.541400909423828,18.35782268259785,18.541400909423828,247000,0.0,0.0
1997-11-28,18.541400642395022,18.541400642395022,18.235436935424804,18.35782241821289,90800,0.0,0.0
1997-12-01,18.41901510341327,18.96974977427945,18.357822362205916,18.75557518005371,851000,0.0,0.0
1997-12-02,18.78617260958019,18.78617260958019,18.480208886297127,18.60259437561035,173000,0.0,0.0
1997-12-03,18.72497973481486,18.8473652232777,18.35782326942633,18.510805130004883,296800,0.0,0.0
1997-12-04,18.510804082526537,18.724978675216924,18.357822230604828,18.663785934448242,104600,0.0,0.0
1997-12-05,18.602593651699152,18.69438276511214,18.35782268259785,18.541400909423828,123800,0.0,0.0
1997-12-08,18.6025949694965,18.663787716106686,18.357823983055756,18.571998596191406,94400,0.0,0.0
1997-12-09,18.663787589167917,18.663787589167917,18.419016604391945,18.480209350585938,273200,0.0,0.0
1997-12-10,18.480209181043836,18.480209181043836,17.684703487820094,17.89887809753418,192000,0.0,0.0
1997-12-11,17.195160635819672,17.53172071943892,16.277269498676276,17.2563533782959,467000,0.0,0.0
1997-12-12,16.950389327158348,17.745894963450976,16.583232879638672,16.583232879638672,272600,0.0,0.0
1997-12-15,17.256353785009946,17.256353785009946,16.399655370151294,16.644426345825195,319200,0.0,0.0
1997-12-16,16.705619517026342,17.623510699280537,16.64442677154273,17.40933609008789,179600,0.0,0.0
1997-12-17,17.439931471717546,17.439931471717546,17.133967761687416,17.16456413269043,375800,0.0,0.0
1997-12-18,17.225758192802243,17.3787400595234,17.195161819458008,17.195161819458008,259000,0.0,0.0
1997-12-19,17.133967628615732,17.195160370146503,16.460847471777257,17.07277488708496,203600,0.0,0.0
1997-12-22,17.133967494105434,17.86828038670995,16.766811047803174,16.980985641479492,176600,0.0,0.0
1997-12-23,16.522040213308028,17.16456399938112,16.522040213308028,17.07277488708496,180000,0.0,0.0
1997-12-24,17.133968353271484,17.164564725330898,16.88919737679618,17.133968353271484,155200,0.0,0.0
1997-12-26,17.072775409096167,17.439931869506836,16.828004435489053,17.439931869506836,129800,0.0,0.0
1997-12-29,17.1339686093819,17.378739589515927,17.01158311931489,17.317546844482422,356200,0.0,0.0
1997-12-30,17.133967306761615,17.37873826828678,17.133967306761615,17.286949157714844,228800,0.0,0.0
1997-12-31,17.286950939490705,17.3787400595234,17.042179952736852,17.195161819458008,370400,0.0,0.0
1998-01-02,17.25635376775452,17.68470297475552,17.133968280039948,17.531721115112305,161600,0.0,0.0
1998-01-05,17.439932227134705,18.69438349259527,17.25635399316487,18.60259437561035,206200,0.0,0.0
1998-01-06,18.480208298255658,18.84736475451239,18.174244584708376,18.633190155029297,123400,0.0,0.0
1998-01-07,18.602593304359747,18.602593304359747,17.378738481704502,17.8682804107666,174800,0.0,0.0
1998-01-08,17.623509836438135,18.48020823126499,17.623509836438135,18.143648147583008,95000,0.0,0.0
1998-01-09,18.174245112651104,18.235437857138145,17.929474134702943,18.113052368164062,136400,0.0,0.0
1998-01-12,18.11305216538946,18.541401372003396,17.929473933983484,18.419015884399414,172400,0.0,0.0
1998-01-13,18.480208488027003,19.58167786810808,18.419015744689165,19.214521408081055,144400,0.0,0.0
1998-01-14,19.5816773407219,19.948833790860434,19.336906373962876,19.73465919494629,158000,0.0,0.0
1998-01-15,19.887642162602123,20.56076235887481,19.398100201676534,20.07122039794922,217800,0.0,0.0
1998-01-16,20.560761485380286,21.478652623120478,20.071219545252184,20.805532455444336,242000,0.0,0.0
1998-01-20,21.050303039550784,21.662230453491212,21.050303039550784,21.41745948791504,234200,0.0,0.0
1998-01-21,21.417460929263726,21.662231911312453,21.26447906548327,21.539846420288086,318400,0.0,0.0
1998-01-22,21.539846163424514,21.539846163424514,21.295075184294692,21.35626792907715,117800,0.0,0.0
1998-01-23,21.356267467183606,21.539845697560544,21.356267467183606,21.478652954101562,101200,0.0,0.0
1998-01-26,21.356268183751542,21.784617402336817,21.356268183751542,21.539846420288086,153400,0.0,0.0
1998-01-27,21.60103849979496,22.182369564237035,21.478653012543997,21.96819496154785,171400,0.0,0.0
1998-01-28,21.784616986690963,22.274158941448064,21.723424242346326,22.15177345275879,267200,0.0,0.0
1998-01-29,22.029388091915084,22.396544560113668,22.029388091915084,22.243562698364258,277000,0.0,0.0
1998-01-30,21.78461703738651,22.76370094917916,21.601038803925388,22.641315460205078,245800,0.0,0.0
1998-02-02,22.518930435180664,23.00847240116285,22.27415945218957,22.518930435180664,332200,0.0,0.0
1998-02-03,22.396543698297645,22.7637001523681,21.907001759537042,22.090579986572266,172800,0.0,0.0
1998-02-04,22.51893009889174,23.436821271400913,22.335351864389903,22.733104705810547,824800,0.0,0.0
1998-02-05,23.008471258755385,23.25324222959321,22.82489303062702,23.069664001464844,123200,0.0,0.0
1998-02-06,23.436821320625477,23.436821320625477,23.008472105888195,23.222646713256836,32400,0.0,0.0
1998-02-09,23.37562831559504,23.37562831559504,23.008471849905067,23.0390682220459,54000,0.0,0.0
1998-02-10,23.253243340386284,23.406225204467773,22.824894120958117,23.406225204467773,70600,0.0,0.0
1998-02-11,23.406224289248065,23.436820660867998,22.763700485229492,22.763700485229492,70200,0.0,0.0
1998-02-12,22.88608695091085,23.069665188485,22.671912340407673,23.008472442626953,48800,0.0,0.0
1998-02-13,23.008470994265956,23.008470994265956,22.824892768247878,22.886085510253906,39200,0.0,0.0
1998-02-17,22.947278118773593,23.069663602073717,22.70250715217334,22.794296264648438,219800,0.0,0.0
1998-02-18,22.702508414281557,22.886086649437473,22.335351943969727,22.335351943969727,97000,0.0,0.0
1998-02-19,22.335350627925337,22.518928852264448,22.15177240358622,22.30475425720215,191600,0.0,0.0
1998-02-20,22.212966197103427,22.335351685792702,21.539846009312413,22.15177345275879,74400,0.0,0.0
1998-02-23,22.274159492330348,23.069665188485,22.029388508898144,23.008472442626953,261200,0.0,0.0
1998-02-24,22.94727956978119,23.008472315300608,22.580123096664693,22.916683197021484,80200,0.0,0.0
1998-02-25,22.91668315278557,22.91668315278557,22.4271411895752,22.427141189575195,188400,0.0,0.0
1998-02-26,22.457737480347664,22.824893951416016,21.79991546968353,22.824893951416016,170200,0.0,0.0
1998-02-27,22.518929058217743,23.13085647827801,22.518929058217743,22.886085510253906,199600,0.0,0.0
1998-03-02,23.130856676799493,24.23232604236137,22.518929251487336,22.580121994018555,172000,0.0,2.0
1998-03-03,22.27415801918572,22.51892898642952,21.784616084698122,22.396543502807617,96000,0.0,0.0
1998-03-04,22.029388427734375,22.518930392795138,21.784617445203992,22.029388427734375,127300,0.0,0.0
1998-03-05,21.66223186670348,22.029388339020485,20.927918922069463,21.050304412841797,299900,0.0,0.0
1998-03-06,21.050304497612846,22.518930392795138,20.989111751980253,22.029388427734375,152900,0.0,0.0
1998-03-09,22.151773504308753,23.130857416101406,21.78461703738651,22.641315460205078,121700,0.0,0.0
1998-03-10,23.13085720825195,23.13085720825195,22.518929768880206,22.94727897644043,84400,0.0,0.0
1998-03-11,23.0084710645426,23.498013002086058,22.51892912699914,23.375627517700195,118600,0.0,0.0
1998-03-12,23.375627517700195,23.498013002086058,22.947278322349668,23.375627517700195,47600,0.0,0.0
1998-03-13,23.37562706073125,23.742783506711323,22.9472778737545,23.49801254272461,81400,0.0,0.0
1998-03-16,23.498014194758856,23.498014194758856,23.13085772296575,23.314435958862305,35500,0.0,0.0
1998-03-17,23.130856096744537,23.49801254272461,23.00847061475118,23.49801254272461,77200,0.0,0.0
1998-03-18,23.620398555657804,23.865169525146484,23.13085661668044,23.865169525146484,59100,0.0,0.0
1998-03-19,23.987555209073154,23.987555209073154,23.498013266030846,23.559206008911133,31800,0.0,0.0
1998-03-20,23.620398825341525,23.74278431148319,22.2741584777832,22.274158477783203,103600,0.0,0.0
1998-03-23,22.15177305283085,23.13085694466868,22.029387566351122,22.763700485229492,61600,0.0,0.0
1998-03-24,22.64131592667621,22.76370141817176,22.029388469198476,22.518930435180664,92000,0.0,0.0
1998-03-25,23.008471519068667,23.55920620968467,22.02938762464021,23.25324249267578,169600,0.0,0.0
1998-03-26,23.498014194758856,23.498014194758856,23.008472232368046,23.314435958862305,137800,0.0,0.0
1998-03-27,23.192049419330708,23.43682038945557,22.58012199401855,22.580121994018555,118900,0.0,0.0
1998-03-30,22.64131596747865,23.498014409491354,22.396544984046447,23.008472442626953,150200,0.0,0.0
1998-03-31,23.130856358727744,23.92636200069457,22.763699908589206,23.681591033935547,171600,0.0,0.0
1998-04-01,23.68159169648823,23.68159169648823,22.396544085050884,23.25324249267578,120600,0.0,0.0
1998-04-02,23.2532420911287,23.375627575818854,22.02938724422719,22.090579986572266,392300,0.0,0.0
1998-04-03,22.15177292770214,22.15177292770214,21.539845498760094,21.784616470336914,210800,0.0,0.0
1998-04-06,22.02938785442727,22.02938785442727,20.927918461705907,21.17268943786621,182900,0.0,0.0
1998-04-07,20.805531998126828,21.4786521510074,20.43837555110106,20.92791748046875,238900,0.0,0.0
1998-04-08,21.539844892178362,21.539844892178362,20.560761033442983,20.92791748046875,236600,0.0,0.0
1998-04-09,18.96974989821791,21.907001495361328,18.357822482146364,21.907001495361328,449300,0.0,0.0
1998-04-13,21.784616470336914,22.39654389927896,21.539845498760094,21.784616470336914,227000,0.0,0.0
1998-04-14,21.784615936279298,21.784615936279298,20.866724815368652,21.41745948791504,70400,0.0,0.0
1998-04-15,21.050304497612846,22.029388427734375,21.050304497612846,22.029388427734375,139300,0.0,0.0
1998-04-16,21.60103916580027,21.90700289336118,21.29507543823936,21.539846420288086,94500,0.0,0.0
1998-04-17,21.417460520623138,22.88608638489444,21.417460520623138,22.15177345275879,165200,0.0,0.0
1998-04-20,22.09058117336697,22.151773918999567,21.662231953938804,22.029388427734375,153700,0.0,0.0
1998-04-21,21.662231106911936,22.763700485229492,21.662231106911936,22.763700485229492,121200,0.0,0.0
1998-04-22,22.151774000614246,23.008472442626953,22.151774000614246,23.008472442626953,273100,0.0,0.0
1998-04-23,22.518929512270034,23.00847145818895,22.27415853931058,22.763700485229492,111900,0.0,0.0
1998-04-24,22.76370094917916,22.886086438153242,22.518929971231,22.641315460205078,136900,0.0,0.0
1998-04-27,22.27415801918572,22.641314470051416,22.27415801918572,22.396543502807617,66400,0.0,0.0
1998-04-28,22.518929768880206,22.947278976440426,22.335351537068682,22.94727897644043,72800,0.0,0.0
1998-04-29,23.008471927127324,23.008471927127324,22.518929971231,22.641315460205078,101000,0.0,0.0
1998-04-30,22.763700545461553,23.25324249267578,22.763700545461553,23.25324249267578,186000,0.0,0.0
1998-05-01,23.25324222959321,23.498013200431032,23.008471258755385,23.069664001464844,126700,0.0,0.0
1998-05-04,22.76370094917916,23.25324290507549,22.518929971231,22.641315460205078,98600,0.0,0.0
1998-05-05,22.518929251487336,22.88608570667463,22.518929251487336,22.580121994018555,207000,0.0,0.0
1998-05-06,22.641314143902235,22.763699625761166,22.396543180184374,22.6107177734375,88300,0.0,0.0
1998-05-07,22.27415809019364,23.008470994265956,22.27415809019364,22.886085510253906,117300,0.0,0.0
1998-05-08,22.51893022552572,23.008472186950193,22.51893022552572,22.824893951416016,276900,0.0,0.0
1998-05-11,22.7637002216122,23.008471191737062,22.518929251487336,22.580121994018555,77800,0.0,0.0
1998-05-12,22.64131592667621,23.00847240116285,22.029388469198476,22.518930435180664,77700,0.0,0.0
1998-05-13,22.518929450066533,22.518929450066533,21.784616533216536,22.274158477783203,137800,0.0,0.0
1998-05-14,21.78461627484689,22.274158213607496,21.78461627484689,22.090579986572266,81300,0.0,0.0
1998-05-15,21.907002936469183,22.274159410264758,21.784617445203992,22.029388427734375,105300,0.0,0.0
1998-05-18,22.274157786229896,22.274157786229896,20.866724739297787,20.92791748046875,63800,0.0,0.0
1998-05-19,20.805532146432544,22.274157945004255,20.805532146432544,21.907001495361328,88100,0.0,0.0
1998-05-20,21.662231106911936,23.00847145818895,21.41746013395248,22.763700485229492,175100,0.0,0.0
1998-05-21,22.518928852264448,22.518928852264448,21.90700143780074,22.30475425720215,104700,0.0,0.0
1998-05-22,22.396544375662078,22.396544375662078,21.539845956920907,21.6622314453125,29800,0.0,0.0
1998-05-26,21.53984642028809,21.784617402336817,21.53984642028809,21.539846420288086,55200,0.0,0.0
1998-05-27,21.295075134098354,21.295075134098354,20.805533176992643,20.86672592163086,233100,0.0,0.0
1998-05-28,21.172688596075474,22.45773616982572,20.805532146432544,21.907001495361328,188200,0.0,0.0
1998-05-29,22.641314736549766,23.008471191737062,22.518929251487336,22.580121994018555,175700,0.0,0.0
1998-06-01,22.763701283654502,22.763701283654502,21.050304412841797,21.050304412841797,180000,0.0,0.0
1998-06-02,21.78461687826697,21.78461687826697,20.927918461705907,21.17268943786621,38300,0.0,0.0
1998-06-03,21.050304626644888,21.35626835668333,20.683148150598754,20.744340896606445,96900,0.0,0.0
1998-06-04,20.805533431297125,21.172689903614135,20.560762449752453,21.050304412841797,79300,0.0,0.0
1998-06-05,20.927918965166267,21.53984642028809,20.560762492093176,21.539846420288086,43000,0.0,0.0
1998-06-08,19.948835299091957,20.25479903067312,18.3578238948699,18.969751358032227,392000,0.0,0.0
1998-06-09,18.60259447097778,20.805533289909363,18.60259447097778,19.58167839050293,333300,0.0,0.0
1998-06-10,19.092135465597806,19.64287014249005,19.092135465597806,19.33690643310547,196800,0.0,0.0
1998-06-11,18.602593651699152,19.336906559003065,18.235437198047197,18.541400909423828,191200,0.0,0.0
1998-06-12,18.35782360472408,18.969751058214882,18.113052623327757,18.296630859375,81500,0.0,0.0
1998-06-15,18.11305184199892,18.11305184199892,17.623509900323274,17.745895385742188,52100,0.0,0.0
1998-06-16,18.35782241821289,18.602593383789063,17.623509521484376,18.35782241821289,72200,0.0,0.0
1998-06-17,18.113052623327757,18.35782360472408,17.684703405884196,18.296630859375,93100,0.0,0.0
1998-06-18,17.99066581188793,18.11305129360145,17.256352921606787,17.378738403320312,54700,0.0,0.0
1998-06-19,17.378739329746793,18.11305225917271,17.133968353271484,17.133968353271484,55700,0.0,0.0
1998-06-22,16.889196310470354,17.562316453278957,16.399654388427734,16.399654388427734,114200,0.0,0.0
1998-06-23,16.766810994752696,17.745894848460882,16.2772690678986,17.378738403320312,123200,0.0,0.0
1998-06-24,17.50112427760215,17.50112427760215,16.644425886390856,16.76681137084961,125200,0.0,0.0
1998-06-25,16.644425886390856,17.37873879314339,16.216076690785208,16.76681137084961,139200,0.0,0.0
1998-06-26,16.950389862060547,16.950389862060547,16.460847916585873,16.950389862060547,54500,0.0,0.0
1998-06-29,16.583233402954544,16.950389862060547,16.583233402954544,16.950389862060547,223100,0.0,0.0
1998-06-30,16.64442530008396,16.95038900045315,16.460847079862447,16.797407150268555,200800,0.0,0.0
1998-07-01,16.95038979824591,16.95038979824591,16.338462368706345,16.460847854614258,96100,0.0,0.0
1998-07-02,16.46084805690881,16.644426288026754,15.910113363554984,16.154884338378906,90300,0.0,0.0
1998-07-06,16.154884735107423,16.2772702255249,15.053415321350098,15.298186302185059,206900,0.0,0.0
1998-07-07,15.175799583321188,16.399654388427734,14.931028622299879,16.399654388427734,155900,0.0,0.0
1998-07-08,16.399654388427734,16.7668108299597,15.910112466385117,16.399654388427734,170000,0.0,0.0
1998-07-09,16.277269173372275,16.76681110339851,16.277269173372275,16.583232879638672,109400,0.0,0.0
1998-07-10,16.399654471355937,17.133967358133066,16.399654471355937,16.889196395874023,95600,0.0,0.0
1998-07-13,16.399655870396458,17.256354311387316,16.399655870396458,17.01158332824707,63100,0.0,0.0
1998-07-14,16.399655370151294,17.011582809336044,16.154884394477396,16.644426345825195,74600,0.0,0.0
1998-07-15,16.21607713839587,16.644426345825195,16.154884394477396,16.644426345825195,18500,0.0,0.0
1998-07-16,16.27726936340332,17.37873871882159,16.154883879467956,16.27726936340332,71400,0.0,0.0
1998-07-17,17.011583508185623,17.011583508185623,16.154885058133107,16.21607780456543,52300,0.0,0.0
1998-07-20,15.910113304853441,16.644426226615906,15.665342330932619,15.665342330932617,45700,0.0,0.0
1998-07-21,15.665342269405242,16.399655188283614,14.686258377567414,15.175800323486328,126700,0.0,0.0
1998-07-22,15.542956782925513,15.542956782925513,14.686258377567414,15.175800323486328,54800,0.0,0.0
1998-07-23,15.17580076485626,15.665342725012914,13.7071748843863,14.80864429473877,111100,0.0,0.0
1998-07-24,13.217632701096024,14.196716604880915,12.238548797311134,12.605705261230469,428200,0.0,0.0
1998-07-27,12.483319163322449,12.483319163322449,11.320657084385553,11.749006271362305,766100,0.0,0.0
1998-07-28,11.749006635687325,11.749006635687325,10.769922749380047,10.892308235168457,237000,0.0,0.0
1998-07-29,10.892308266608268,11.74900666959993,10.769922780466603,11.137079238891602,235300,0.0,0.0
1998-07-30,11.504235460458558,11.504235460458558,10.892308042349061,11.198271751403809,297600,0.0,0.0
1998-07-31,11.014694145747592,11.259465126764207,9.790839240664527,10.280381202697754,156600,0.0,0.0
1998-08-03,10.157995689206007,10.525152159900202,9.790839218511815,10.03561019897461,177000,0.0,0.0
1998-08-04,10.157995425396084,10.280380912449049,9.30129701602533,9.852031707763672,197700,0.0,0.0
1998-08-05,9.668453750156221,10.525152183714367,9.668453750156221,10.280381202697754,204400,0.0,0.0
1998-08-06,9.974416946982316,11.749006465157084,9.974416946982316,11.443042755126953,398800,0.0,0.0
1998-08-07,12.238548316207586,12.72809024885589,11.749006383559284,12.483319282531738,234500,0.0,0.0
1998-08-10,12.7280906275699,12.972861601177014,11.25946478592722,11.62662124633789,96500,0.0,0.0
1998-08-11,11.259464756135017,11.381850242614746,10.341573607537054,11.381850242614746,126200,0.0,0.0
1998-08-12,11.749006762947003,11.871392250061035,11.014693840262815,11.871392250061035,155300,0.0,0.0
1998-08-13,11.749007161458334,11.749007161458334,10.892308722601996,11.014694213867188,46900,0.0,0.0
1998-08-14,11.504235422145054,11.504235422145054,10.52515155643058,10.953500747680664,88700,0.0,0.0
1998-08-17,11.381850178322095,11.381850178322095,10.525151777803227,10.892308235168457,59200,0.0,0.0
1998-08-18,11.259464725033267,11.74900666959993,10.769922780466603,11.137079238891602,54700,0.0,0.0
1998-08-19,10.892308202283136,11.504235629377693,10.280380775188577,10.647537231445312,132000,0.0,0.0
1998-08-20,10.525151712754194,10.769922682818244,10.280380742690143,10.402766227722168,60300,0.0,0.0
1998-08-21,10.402766459086942,10.769922922348835,10.03560999582505,10.341573715209961,54300,0.0,0.0
1998-08-24,10.769922922348835,10.769922922348835,9.974417251948068,10.341573715209961,103500,0.0,0.0
1998-08-25,10.035609772626092,10.525151712754194,9.852031545078054,10.402766227722168,63200,0.0,0.0
1998-08-26,9.85203147817541,10.525151641280562,9.790838736074942,9.913224220275879,72600,0.0,0.0
1998-08-27,9.790839037848906,10.15799550176824,8.566984158117794,9.454278945922852,259600,0.0,0.0
1998-08-28,9.546068215370179,9.790839195251465,9.056526255607604,9.790839195251465,222800,0.0,0.0
1998-08-31,9.668453856781646,9.668453856781646,8.383406192272693,8.75056266784668,234300,0.0,0.0
1998-09-01,9.0565260419194,10.03560993834312,8.628176837234022,9.852031707763672,167000,0.0,0.0
1998-09-02,9.301297187805176,9.913224634371307,9.301297187805176,9.301297187805176,141700,0.0,0.0
1998-09-03,8.811754796412085,9.546067696113091,8.750562054770334,9.42368221282959,173700,0.0,0.0
1998-09-04,9.607260911088241,9.607260911088241,8.872947975208886,9.301297187805176,95600,0.0,0.0
1998-09-08,9.301296957178055,9.974417131710677,8.566984039506103,9.362489700317383,128000,0.0,0.0
1998-09-09,9.301297106061662,9.301297106061662,8.505791432516915,8.566984176635742,148000,0.0,0.0
1998-09-10,8.811755153111049,8.934140641348703,8.44459868839809,8.566984176635742,50900,0.0,0.0
1998-09-11,8.934140435580549,8.995333178290005,8.32221300848599,8.872947692871094,167100,0.0,0.0
1998-09-14,9.056526157591078,9.668453600671555,8.566984203126694,8.811755180358887,235200,0.0,0.0
1998-09-15,8.689369741239046,9.301297187805176,8.322213273299369,9.301297187805176,109700,0.0,0.0
1998-09-16,9.301296691894532,9.301296691894532,8.689369277954102,9.178911209106445,108600,0.0,0.0
1998-09-17,9.117719163700025,9.178911909765127,8.566984449114118,8.995333671569824,40400,0.0,0.0
1998-09-18,9.117718467712402,9.178911209106445,8.872947502136231,9.178911209106445,113500,0.0,0.0
1998-09-21,8.934140279695585,9.42368221282959,8.811754796412085,9.42368221282959,80500,0.0,0.0
1998-09-22,9.546067657470704,9.668453140258789,8.934140243530274,9.178911209106445,103400,0.0,0.0
1998-09-23,9.30129698735134,9.607260704040527,9.178911500675664,9.607260704040527,63400,0.0,0.0
1998-09-24,9.607260911088241,9.607260911088241,9.17891169849195,9.301297187805176,34100,0.0,0.0
1998-09-25,9.301297187805176,9.301297187805176,8.934140719865498,9.301297187805176,36500,0.0,0.0
1998-09-28,9.17891169849195,9.790839145058081,8.811755230552272,9.301297187805176,110400,0.0,0.0
1998-09-29,8.934140719865498,9.301297187805176,8.934140719865498,9.301297187805176,53000,0.0,0.0
1998-09-30,9.42368278375836,9.42368278375836,8.934140820965718,9.1483154296875,88600,0.0,0.0
1998-10-01,8.995333385467529,9.056526129586356,8.44459868839809,8.566984176635742,125700,0.0,0.0
1998-10-02,8.689369941244319,9.056526417634924,8.322213464853714,8.995333671569824,94300,0.0,0.0
1998-10-05,8.99533314400531,8.99533314400531,8.505791204195496,8.62817668914795,51000,0.0,0.0
1998-10-06,8.934140612097346,8.934140612097346,8.322213172912598,8.322213172912598,106500,0.0,0.0
1998-10-07,8.322212674724522,8.750561856511814,8.13863445395854,8.199827194213867,77700,0.0,0.0
1998-10-08,8.444598493904902,8.444598493904902,7.3431291251346975,7.985652923583984,122700,0.0,0.0
1998-10-09,7.955056877136231,8.322213348388672,7.343129425048828,7.649093151092529,124300,0.0,0.0
1998-10-12,7.955056455798616,8.566983875475431,7.832670971863252,8.13863468170166,86200,0.0,0.0
1998-10-13,8.383405823861398,8.383405823861398,7.465514675263436,7.587900161743164,127300,0.0,0.0
1998-10-14,7.710285678505898,7.8326711654663095,7.404321961104871,7.832671165466309,116300,0.0,0.0
1998-10-15,7.404322170257569,7.832671386718751,7.404322170257569,7.649093151092529,162600,0.0,0.0
1998-10-16,7.771478714702799,8.68936990147872,7.710285968917738,8.505791664123535,149100,0.0,0.0
1998-10-19,8.56698425192582,9.301297187805176,8.56698425192582,9.301297187805176,98200,0.0,0.0
1998-10-20,9.423682474027014,10.525151854108094,9.056526013999989,9.607260704040527,191900,0.0,0.0
1998-10-21,9.301297212258362,9.913224660433254,9.178911722623385,9.54606819152832,86900,0.0,0.0
1998-10-22,9.913224772973495,11.014694192192772,9.42368280887604,10.769923210144043,115900,0.0,0.0
1998-10-23,10.7699225228592,11.137078972502128,10.7699225228592,10.953500747680664,84500,0.0,0.0
1998-10-26,11.25946465853987,11.504235629377693,10.647537231445312,10.647537231445312,73900,0.0,0.0
1998-10-27,10.769923231336806,11.320657942030165,10.525152248806423,11.014694213867188,100300,0.0,0.0
1998-10-28,11.137079705132379,11.137079705132379,10.402766757541233,11.014694213867188,52600,0.0,0.0
1998-10-29,11.259464343388876,12.116162717342377,11.01469337940216,11.749006271362305,172700,0.0,0.0
1998-10-30,11.871392696461777,11.871392696461777,11.381850729597375,11.504236221313477,191200,0.0,0.0
1998-11-02,11.137079299123663,11.749006733141448,10.769922838712993,11.62662124633789,137900,0.0,0.0
1998-11-03,11.626620900397207,12.483319282531738,11.504235417235131,12.483319282531738,232700,0.0,0.0
1998-11-04,12.605704905770043,13.584788781946356,12.360933936725964,13.462403297424316,208900,0.0,0.0
1998-11-05,13.462403262103045,13.707174230504918,12.850475841098362,13.217632293701172,96800,0.0,0.0
1998-11-06,13.707174168275982,13.951945135566625,13.217632233694697,13.615385055541992,95000,0.0,0.0
1998-11-09,13.584788746303982,14.319101651509602,13.095246809500235,13.217632293701172,76300,0.0,0.0
1998-11-10,13.462403996199505,13.584789487074046,13.156440269013153,13.278825759887695,106400,0.0,0.0
1998-11-11,13.187036152773125,13.278825267525606,13.095247038020643,13.156439781188965,67100,0.0,0.0
1998-11-12,13.095246809500235,13.27882503580164,12.972861325299299,13.217632293701172,44100,0.0,0.0
1998-11-13,13.095247268676756,13.217632757169063,12.97286178018445,13.095247268676758,248000,0.0,0.0
1998-11-16,13.034054294852323,13.278825267525606,13.034054294852323,13.156439781188965,80600,0.0,0.0
1998-11-17,12.972861806187062,13.340018272399902,12.850476317449447,13.340018272399902,76600,0.0,0.0
1998-11-18,13.462403225448895,13.462403225448895,12.911668548044169,12.972861289978027,153300,0.0,0.0
1998-11-19,12.97286178018445,13.217632757169063,12.911669035938298,13.095247268676758,113500,0.0,0.0
1998-11-20,12.972861695997786,13.095247183695879,12.238548769809231,12.360934257507324,42000,0.0,0.0
1998-11-23,12.238548316207586,12.605704765693813,12.116162833045511,12.483319282531738,88500,0.0,0.0
1998-11-24,12.483319282531738,12.605704765693813,11.871391866721359,12.483319282531738,194100,0.0,0.0
1998-11-25,12.238548769809231,12.483319745205417,12.11616328211114,12.360934257507324,62900,0.0,0.0
1998-11-27,12.238548769809231,12.483319745205417,12.238548769809231,12.360934257507324,35200,0.0,0.0
1998-11-30,12.238548769809231,12.605705232903508,11.932585050564,12.360934257507324,164300,0.0,0.0
1998-12-01,12.360934663326182,12.360934663326182,11.014694254449072,11.504236221313477,286000,0.0,0.0
1998-12-02,11.381850047885434,11.749006501043029,11.25946456349957,11.687813758850098,64800,0.0,0.0
1998-12-03,11.381850242614746,11.87139218853366,11.259464756135017,11.381850242614746,76900,0.0,0.0
1998-12-04,11.320657983739325,11.626621713029577,11.259465237881274,11.504236221313477,93200,0.0,0.0
1998-12-07,11.381849825382233,11.749006271362305,11.259464343388876,11.749006271362305,151600,0.0,0.0
1998-12-08,11.687814047842314,12.11616325378418,11.381850329312412,12.11616325378418,108800,0.0,0.0
1998-12-09,11.749007083582535,13.340018459484336,11.749007083582535,12.789283752441406,240100,0.0,0.0
1998-12-10,12.728090720601601,13.156439927544925,12.360934257507324,12.360934257507324,134600,0.0,0.0
1998-12-11,12.299741093928999,12.972861253298246,12.299741093928999,12.728090286254883,96800,0.0,0.0
1998-12-14,12.850476208299694,12.850476208299694,11.62662133131877,12.360934257507324,110200,0.0,0.0
1998-12-15,12.850476291692145,13.095247268676756,12.238548849230613,13.095247268676758,114700,0.0,0.0
1998-12-16,12.72809077671596,13.09524724142892,12.666898032597134,12.850476264953613,117100,0.0,0.0
1998-12-17,12.666898032597134,12.972861753191268,12.666898032597134,12.850476264953613,55100,0.0,0.0
1998-12-18,13.095247006529315,13.217632492571644,12.789283291423489,12.91166877746582,129100,0.0,0.0
1998-12-21,12.91166858319883,13.27882503580164,12.789283098997892,13.217632293701172,304800,0.0,0.0
1998-12-22,12.789283520834786,13.034054497310093,12.605705288478307,12.850476264953613,212500,0.0,0.0
1998-12-23,12.728090749203579,13.584789165015358,12.238548797311134,12.605705261230469,133400,0.0,0.0
1998-12-24,12.85047617825595,13.095247153079871,12.11616325378418,12.11616325378418,35100,0.0,0.0
1998-12-28,12.11616367989398,12.23854917161008,11.259465237881274,11.504236221313477,169500,0.0,0.0
1998-12-29,11.32065775533202,11.871392456942766,10.769923053721273,11.565428733825684,247400,0.0,0.0
1998-12-30,11.137079079113706,12.116162954200625,11.137079079113706,11.687813758850098,105600,0.0,0.0
1998-12-31,11.687813825942762,12.238548508840589,11.687813825942762,12.177355766296387,163900,0.0,0.0
1999-01-04,12.23854843858649,12.23854843858649,11.25946456349957,11.687813758850098,83300,0.0,0.0
1999-01-05,11.81019956286591,12.911668952148739,11.687814075167816,12.360934257507324,173700,0.0,0.0
1999-01-06,13.217632833835298,14.074331258250549,13.15644008923421,13.829560279846191,233400,0.0,0.0
1999-01-07,13.462403331484113,13.829559785979134,13.217632361820765,13.707174301147461,148900,0.0,0.0
1999-01-08,14.196716821494222,14.563873291015625,13.82956035197282,14.563873291015625,167300,0.0,0.0
1999-01-11,14.502680287462598,14.563873031291553,14.135523824488862,14.380294799804688,142800,0.0,0.0
1999-01-12,14.135523425208197,14.502679877811007,11.993777451691804,13.217632293701172,637300,0.0,0.0
1999-01-13,12.116163228576928,14.074331023094413,11.993777741419587,13.890752792358398,122800,0.0,0.0
1999-01-14,13.584788746303982,13.707174230504918,13.156439551600704,13.217632293701172,134800,0.0,0.0
1999-01-15,13.217632729666574,13.707174682617188,12.483319800240652,12.850476264953613,90200,0.0,0.0
1999-01-19,12.850476034444656,12.91166877746582,12.728090548402324,12.91166877746582,113000,0.0,0.0
1999-01-20,13.156440269013153,13.340018505324965,12.911669287264072,13.278825759887695,192300,0.0,0.0
1999-01-21,13.217632181504193,13.278824923085232,12.360933799369663,12.483319282531738,99800,0.0,0.0
1999-01-22,12.605704802733202,12.850475769776565,12.299741093928999,12.728090286254883,46000,0.0,0.0
1999-01-25,12.483319773257357,12.789283493190135,12.238548797311134,12.605705261230469,89400,0.0,0.0
1999-01-26,12.728090803199837,13.278825501415216,12.483319826215226,13.095247268676758,91600,0.0,0.0
1999-01-27,13.095247053330944,15.9101132423647,13.095247053330944,15.175800323486328,525000,0.0,0.0
1999-01-28,15.175800058793047,15.542956511828363,14.808643605757732,14.99222183227539,190300,0.0,0.0
1999-01-29,15.175800292218318,15.175800292218318,14.68625834730805,14.931029319763184,101500,0.0,0.0
1999-02-01,15.175800834115096,15.910113777701309,15.175800834115096,15.542957305908203,173900,0.0,0.0
1999-02-02,15.420571558978928,15.787728024668903,14.869836860443966,15.359378814697266,91800,0.0,0.0
1999-02-03,15.175800353761701,15.42057132720947,14.563872920142279,15.420571327209473,97600,0.0,0.0
1999-02-04,15.66534308667453,16.277270550997756,15.604150340242208,16.21607780456543,267700,0.0,0.0
1999-02-05,16.39965582953559,17.133968777126736,16.15488484700521,16.52204132080078,241200,0.0,0.0
1999-02-08,16.64442581520941,16.889196783080138,15.665341943726505,16.27726936340332,89100,0.0,0.0
1999-02-09,15.726535074412824,16.338462509214878,15.481764100492002,15.665342330932617,41800,0.0,0.0
1999-02-10,15.298185809966057,16.032498728844427,14.808643864047143,15.175800323486328,61700,0.0,0.0
1999-02-11,15.298185612373201,15.542956582171172,14.686258187878272,15.48176383972168,78200,0.0,0.0
1999-02-12,15.481764070571414,15.481764070571414,14.808643893590048,15.420571327209473,74800,0.0,0.0
1999-02-16,15.604149587452413,15.665342330932619,14.992222152650358,15.665342330932617,42200,0.0,0.0
1999-02-17,14.869836607287008,15.420571296445786,14.808643864047143,15.175800323486328,76600,0.0,0.0
1999-02-18,14.931029630174823,15.60414981842041,14.8086441414029,15.60414981842041,55800,0.0,0.0
1999-02-19,15.665342796505904,16.154884758896713,15.236993579413946,15.542957305908203,105400,0.0,0.0
1999-02-22,15.053415039439258,15.60414973600411,14.319102110686124,14.869836807250977,73000,0.0,0.0
1999-02-23,14.686258804699607,15.17580076485626,14.44148782462128,14.80864429473877,58300,0.0,0.0
1999-02-24,14.869836544990537,14.869836544990537,14.196716372172036,14.686258316040039,66100,0.0,0.0
1999-02-25,14.196716115444522,14.68625805045985,13.951945147936858,14.502679824829102,80900,0.0,0.0
1999-02-26,14.808644035371278,14.808644035371278,13.829560132206236,14.625065803527832,96600,0.0,0.0
1999-03-01,14.196716167308665,14.441487135710538,12.972861325299299,13.217632293701172,247400,0.0,0.0
1999-03-02,12.972861638678328,14.196716510251756,12.972861638678328,13.890752792358398,27600,0.0,0.0
1999-03-03,14.196716772991678,14.196716772991678,13.584789325879967,14.074331283569336,64700,0.0,0.0
1999-03-04,13.707174790644013,14.13552400285164,13.584789301441834,13.829560279846191,35700,0.0,0.0
1999-03-05,13.951945982367745,13.951945982367745,13.217633035927337,13.52359676361084,110400,0.0,0.0
1999-03-08,13.217632554981806,13.584789014842412,13.217632554981806,13.40121078491211,84500,0.0,0.0
1999-03-09,13.340018041602008,13.52359627153231,13.217632554981806,13.40121078491211,34200,0.0,0.0
1999-03-10,13.401211042661926,13.584789276123049,13.217632809200804,13.584789276123047,52700,0.0,0.0
1999-03-11,13.46240401807414,13.58478950914754,12.972862053780535,13.52359676361084,54400,0.0,0.0
1999-03-12,13.462403262103045,13.462403262103045,12.972861325299299,13.217632293701172,98000,0.0,0.0
1999-03-15,13.095247390942694,14.441487776927458,12.972861901307716,14.31910228729248,76300,0.0,0.0
1999-03-16,14.441487801175157,14.80864427069656,14.441487801175157,14.563873291015625,75300,0.0,0.0
1999-03-17,14.502680315632203,14.68625854747565,14.257909339840943,14.625065803527832,109800,0.0,0.0
1999-03-18,14.319101826619296,14.869836512258498,14.319101826619296,14.441487312316895,57000,0.0,0.0
1999-03-19,14.625066082652024,15.29818627892471,14.441487847304927,15.053415298461914,103200,0.0,0.0
1999-03-22,15.298186384175159,15.298186384175159,13.278825781464038,13.52359676361084,66900,0.0,0.0
1999-03-23,13.707175000220943,13.768367745757644,13.217633035927337,13.52359676361084,44800,0.0,0.0
1999-03-24,13.21763258450769,13.70717453208205,13.21763258450769,13.645981788635254,20900,0.0,0.0
1999-03-25,13.217632361820765,13.707174301147461,13.217632361820765,13.707174301147461,46200,0.0,0.0
1999-03-26,13.707174839117586,14.319102287292479,13.278825625395163,14.31910228729248,47400,0.0,0.0
1999-03-29,14.44148704627041,14.44148704627041,13.951945112498533,14.257908821105957,39700,0.0,0.0
1999-03-30,13.707174334609716,14.196716275131493,13.707174334609716,13.951945304870605,78200,0.0,0.0
1999-03-31,13.768367008729415,14.441487173600631,13.278825070641258,13.462403297424316,44000,0.0,0.0
1999-04-01,13.40121072163514,14.196716380910285,12.728090548402324,12.91166877746582,65700,0.0,0.0
1999-04-05,12.728090579010718,13.52359624019889,12.728090579010718,13.156439781188965,77800,0.0,0.0
1999-04-06,12.728090169478435,13.217632099073759,11.810199051487201,11.99377727508545,120200,0.0,0.0
1999-04-07,11.74900634765625,12.605704727172853,11.74900634765625,12.238548278808594,55300,0.0,0.0
1999-04-08,12.116163509995191,12.299741744995119,11.381850569995482,12.299741744995117,69600,0.0,0.0
1999-04-09,12.116163554944489,13.217632969030351,11.87139257403652,12.789283752441406,87400,0.0,0.0
1999-04-12,12.850476497668398,12.850476497668398,12.360934535852458,12.789283752441406,168300,0.0,0.0
1999-04-13,12.728090749203579,12.758687121196857,12.360934285284245,12.605705261230469,52900,0.0,0.0
1999-04-14,12.4221265409507,12.544512024112777,12.238548316207586,12.483319282531738,56200,0.0,0.0
1999-04-15,12.238548316207586,12.72809024885589,12.116162833045511,12.483319282531738,80100,0.0,0.0
1999-04-16,12.238549045398473,12.972861988122382,12.238549045398473,12.789283752441406,113200,0.0,0.0
1999-04-19,12.850475769776565,12.850475769776565,12.360933835689838,12.728090286254883,79900,0.0,0.0
1999-04-20,12.605705232903508,12.789283464450648,11.993777794413047,12.360934257507324,91500,0.0,0.0
1999-04-21,11.993778064490504,12.850476497668398,11.993778064490504,12.789283752441406,288500,0.0,0.0
1999-04-22,12.789283028015724,12.789283028015724,12.483319319211521,12.728090286254883,82100,0.0,0.0
1999-04-23,12.728091007214413,12.850476497668398,12.544512771533435,12.789283752441406,106400,0.0,0.0
1999-04-26,12.72809077671596,12.850476264953613,12.483319800240652,12.850476264953613,128700,0.0,0.0
1999-04-27,12.789283226276265,14.686258250269395,12.789283226276265,14.19671630859375,166400,0.0,0.0
1999-04-28,14.563872830073038,14.686258316040037,13.707174428304034,14.686258316040039,170200,0.0,0.0
1999-04-29,14.074330855224094,14.686258283712098,14.074330855224094,14.441487312316895,116300,0.0,0.0
1999-04-30,14.441487801175157,14.80864427069656,14.196716821494222,14.563873291015625,84900,0.0,0.0
1999-05-03,14.441487279431572,14.563872764850483,14.135523565884293,14.19671630859375,110200,0.0,0.0
1999-05-04,14.074330558943435,14.135523300504058,14.01313781738281,14.013137817382812,80300,0.0,0.0
1999-05-05,13.890752821257621,14.196716539787523,13.829560077551639,14.135523796081543,104000,0.0,0.0
1999-05-06,14.013138586733522,14.563873291015625,14.013138586733522,14.563873291015625,65100,0.0,0.0
1999-05-07,14.196716821494222,14.563873291015625,14.196716821494222,14.563873291015625,46800,0.0,0.0
1999-05-10,14.563873314660444,14.80864429473877,14.196716844542953,14.80864429473877,84400,0.0,0.0
1999-05-11,14.68625805045985,14.869836276090599,14.502679824829103,14.502679824829102,51300,0.0,0.0
1999-05-12,14.502680087089537,14.686258316040037,14.502680087089537,14.686258316040039,58300,0.0,0.0
1999-05-13,14.68625834730805,14.931029319763184,14.380294631739131,14.931029319763184,90300,0.0,0.0
1999-05-14,14.563873291015625,14.80864427069656,14.31910231133469,14.563873291015625,30100,0.0,0.0
1999-05-17,14.319101858139037,14.686258316040037,14.319101858139037,14.686258316040039,34600,0.0,0.0
1999-05-18,14.441487082952186,15.420570952982843,14.319101599198355,14.502679824829102,83000,0.0,0.0
1999-05-19,14.563872602470681,15.053414538688184,14.319101634361932,14.747450828552246,200400,0.0,0.0
1999-05-20,15.053414574447942,15.053414574447942,14.747450863585179,14.99222183227539,99000,0.0,0.0
1999-05-21,14.686258601756231,15.298186043496074,14.686258601756231,15.114607810974121,104100,0.0,0.0
1999-05-24,14.808643605757732,15.420571027483259,14.686258121412626,14.99222183227539,48000,0.0,0.0
1999-05-25,15.175800292218318,15.175800292218318,14.563872861080482,14.931029319763184,130800,0.0,0.0
1999-05-26,14.747451319125453,15.175800527564782,14.686258575062691,14.869836807250977,70400,0.0,0.0
1999-05-27,14.869837085723878,15.29818630218506,14.563873359680176,15.298186302185059,84800,0.0,0.0
1999-05-28,15.175799939059472,15.787727355957031,15.175799939059472,15.787727355957031,101000,0.0,0.0
1999-06-01,15.910113777701309,16.154884758896713,15.175800834115096,15.542957305908203,33700,0.0,0.0
1999-06-02,15.910113777701309,15.910113777701309,15.4205718153105,15.542957305908203,22200,0.0,0.0
1999-06-03,15.420571264673452,15.542956750901018,14.931029319763184,14.931029319763184,10500,0.0,0.0
1999-06-04,14.992222152650358,15.665342330932619,14.68625843524933,15.665342330932617,64900,0.0,0.0
1999-06-07,15.481764329648485,15.60414981842041,15.298186096490598,15.60414981842041,78700,0.0,0.0
1999-06-08,15.175800383090975,15.910113304853441,15.175800383090975,15.665342330932617,59400,0.0,0.0
1999-06-09,15.91011347089495,17.133968353271484,15.420571517944337,17.133968353271484,121500,0.0,0.0
1999-06-10,16.21607713839587,16.766811833662146,16.21607713839587,16.644426345825195,54400,0.0,0.0
1999-06-11,16.43025174211053,16.644426345825195,16.154884394477396,16.644426345825195,43500,0.0,0.0
1999-06-14,16.39965574009212,16.644426721287523,15.542957305908203,15.542957305908203,30400,0.0,0.0
1999-06-15,15.665342840529581,16.032499313354492,15.175800876763033,16.032499313354492,114500,0.0,0.0
1999-06-16,16.032498821845422,16.15488430903508,15.542956873086782,15.910113334655762,69200,0.0,0.0
1999-06-17,15.665342360276442,15.910113334655762,15.481764129491953,15.910113334655762,18600,0.0,0.0
1999-06-18,16.338463040708586,16.369059413443996,15.910113822412855,16.032499313354492,49600,0.0,0.0
1999-06-21,16.032498850966945,16.399655313202828,15.910113363554984,16.154884338378906,77400,0.0,0.0
1999-06-22,15.971306361509173,16.399655574269957,15.665342638108616,16.338462829589844,66300,0.0,0.0
1999-06-23,16.154883690865717,16.583232879638672,16.154883690865717,16.583232879638672,26400,0.0,0.0
1999-06-24,16.583234066433377,16.644426812065973,16.338463083902994,16.52204132080078,69500,0.0,0.0
1999-06-25,16.399655370151294,16.70561908974367,16.399655370151294,16.644426345825195,33200,0.0,0.0
1999-06-28,16.644425898888716,18.602593651699152,16.644425898888716,18.541400909423828,190500,0.0,0.0
1999-06-29,18.60259411580539,18.60259411580539,18.23543765299344,18.419015884399414,321100,0.0,0.0
1999-06-30,18.54140110783929,18.54140110783929,18.174244650258313,18.235437393188477,117300,0.0,0.0
1999-07-01,18.204840404886593,18.235436775314973,16.64442551303917,17.378738403320312,155100,0.0,0.0
1999-07-02,17.133968406253388,17.745895849333866,17.133968406253388,17.623510360717773,36800,0.0,0.0
1999-07-06,17.623509707693326,18.11305164401814,16.644425835043695,18.05185890197754,87300,0.0,0.0
1999-07-07,18.174243927001953,18.969749553436383,17.623509262547348,18.174243927001953,390100,0.0,0.0
1999-07-08,18.235436935424804,18.480207901000977,17.86828048706055,18.35782241821289,181800,0.0,0.0
1999-07-09,18.602594842973925,18.602594842973925,17.868281888646006,18.480209350585938,68700,0.0,0.0
1999-07-12,18.847365354236803,19.092136332863255,18.3578233969839,18.60259437561035,92600,0.0,0.0
1999-07-13,18.847365483909893,18.908558228987523,18.296630778211227,18.69438362121582,49500,0.0,0.0
1999-07-14,18.72497859145656,18.72497859145656,17.74589474353726,18.174243927001953,78100,0.0,0.0
1999-07-15,17.74589590124182,18.235437857138145,17.623510412267738,18.113052368164062,156100,0.0,0.0
1999-07-16,18.051859623677025,18.174245112651104,17.868281390215902,18.113052368164062,43600,0.0,0.0
1999-07-19,18.11305137529765,18.235436857563172,17.623509446235552,17.8682804107666,63700,0.0,0.0
1999-07-20,17.62350983315326,17.80708806058194,16.828004180962314,17.2563533782959,47900,0.0,0.0
1999-07-21,16.70561825389593,17.623509366747356,16.70561825389593,17.378738403320312,36000,0.0,0.0
1999-07-22,17.378738594738813,17.378738594738813,17.011582145554193,17.07277488708496,15800,0.0,0.0
1999-07-23,16.88919723217304,16.88919723217304,15.787727847466101,15.910113334655762,90300,0.0,0.0
1999-07-26,15.420571858646307,16.032499313354492,15.175800876763033,16.032499313354492,59300,0.0,0.0
1999-07-27,16.15488430903508,16.3996552834144,15.665342360276442,15.910113334655762,109800,0.0,0.0
1999-07-28,15.818324189633133,16.03249879181385,14.441487461328508,15.665342330932617,98200,0.0,0.0
1999-07-29,15.787727982657296,17.378739329746793,15.298186029706683,17.133968353271484,54700,0.0,0.0
1999-07-30,16.82800492879861,18.113052577906867,16.766812183602976,17.80708885192871,116500,0.0,0.0
1999-08-02,17.409334588628326,17.74589465976174,17.25635273811314,17.684701919555664,66200,0.0,0.0
1999-08-03,17.43993280621186,17.68470379296571,17.01158357939262,17.195161819458008,77300,0.0,0.0
1999-08-04,17.133967958647627,17.745895385742188,16.889196987809804,17.745895385742188,53100,0.0,0.0
1999-08-05,17.745895849333866,17.745895849333866,17.37873938348558,17.623510360717773,64000,0.0,0.0
1999-08-06,17.25635369727229,17.92947387695312,17.011582722842896,17.929473876953125,62700,0.0,0.0
1999-08-09,17.501125552900323,17.8682820330311,17.133969072769546,17.195161819458008,50900,0.0,0.0
1999-08-10,17.133967958647627,17.868280871161097,16.277269560715247,17.745895385742188,68100,0.0,0.0
1999-08-11,17.256354351977368,17.562318081622358,17.133968860119374,17.50112533569336,201200,0.0,0.0
1999-08-12,17.01158286503383,17.745895794459752,17.01158286503383,17.133968353271484,45600,0.0,0.0
1999-08-13,17.378739843835366,17.868281811267348,17.256354351977368,17.50112533569336,78800,0.0,0.0
1999-08-16,17.37873892948545,17.745895385742188,17.37873892948545,17.745895385742188,37700,0.0,0.0
1999-08-17,17.562317616409725,17.623510360717773,17.37873938348558,17.623510360717773,56600,0.0,0.0
1999-08-18,17.562316439143512,17.684701919555664,17.25635273811314,17.684701919555664,83600,0.0,0.0
1999-08-19,17.378739184486985,17.92947387695312,17.25635369727229,17.929473876953125,39100,0.0,0.0
1999-08-20,17.684703361537448,18.051859832711234,17.378739635559292,17.80708885192871,52100,0.0,0.0
1999-08-23,17.623509446235552,17.8682804107666,17.501123963970027,17.8682804107666,21100,0.0,0.0
1999-08-24,17.623509446235552,17.990665893032126,17.623509446235552,17.8682804107666,166000,0.0,0.0
1999-08-25,18.02126319872008,18.113052315182156,17.501124872101677,17.623510360717773,102800,0.0,0.0
1999-08-26,17.133967439893265,17.501123885033834,16.889196476466218,17.378738403320312,60300,0.0,0.0
1999-08-27,16.98098664221011,18.60259437561035,16.9503902698818,18.60259437561035,207800,0.0,0.0
1999-08-30,18.4802081671485,18.602593651699152,17.745895259844588,18.541400909423828,61600,0.0,0.0
1999-08-31,18.541400909423828,18.602593651699152,17.86828074439524,18.541400909423828,108000,0.0,0.0
1999-09-01,18.602593651699152,18.724979136249804,17.99066622894589,18.541400909423828,234200,0.0,0.0
1999-09-02,18.357822230604828,18.663785934448242,17.990665785992732,18.663785934448242,31300,0.0,0.0
1999-09-03,18.602594424516724,19.09213638305664,18.41901619006426,19.09213638305664,159400,0.0,0.0
1999-09-07,19.030942609607266,20.132411956787106,18.877960755832287,20.13241195678711,245700,0.0,0.0
1999-09-08,20.499568875047412,20.805532589600357,19.82644870303093,20.010026931762695,245300,0.0,0.0
1999-09-09,19.82644850949207,20.805532386504023,19.76525576717882,20.315990447998047,79700,0.0,0.0
1999-09-10,20.07122069052187,21.050304626644888,20.07122069052187,20.744340896606445,122000,0.0,0.0
1999-09-13,21.0503034920528,21.417459948309535,20.31599057953933,21.295074462890625,124300,0.0,0.0
1999-09-14,21.29507486918974,21.29507486918974,20.438376454911992,20.683147430419922,55800,0.0,0.0
1999-09-15,20.5607616823111,20.927918140923797,20.438376196106866,20.499568939208984,71400,0.0,0.0
1999-09-16,20.49956893920898,20.5607616823111,20.254797966800517,20.499568939208984,27700,0.0,0.0
1999-09-17,20.4383769148872,20.927918876920426,20.193605933870586,20.560762405395508,71400,0.0,0.0
1999-09-20,20.31599102130515,21.17268943786621,20.193605533225,21.17268943786621,83700,0.0,0.0
1999-09-21,20.560761294157608,21.29507419752038,20.43837581026381,21.111495971679688,47300,0.0,0.0
1999-09-22,20.866725263924433,21.417459948309535,20.31599057953933,21.295074462890625,197800,0.0,0.0
1999-09-23,20.805532455444336,21.05030342550839,20.560761485380286,20.805532455444336,343100,0.0,0.0
1999-09-24,20.4383769148872,20.80553338641212,19.948834952853975,20.560762405395508,167600,0.0,0.0
1999-09-27,20.315991510044448,21.53984642028809,20.071220527995717,21.539846420288086,157000,0.0,0.0
1999-09-28,21.17268943786621,21.539845902106666,20.4383765093853,21.17268943786621,141800,0.0,0.0
1999-09-29,20.98911081271225,22.27415841349055,20.805532584029635,21.784616470336914,187100,0.0,0.0
1999-09-30,21.845809936523438,22.39654464080554,21.172689742400866,21.845809936523438,142000,0.0,0.0
1999-10-01,21.662230374520284,21.784615856862207,20.805531998126828,20.92791748046875,65500,0.0,0.0
1999-10-04,20.315990281235326,22.51892898642952,19.948833830369626,22.396543502807617,158100,0.0,0.0
1999-10-05,22.518929592904204,22.518929592904204,21.23388198026565,21.478652954101562,87700,0.0,0.0
1999-10-06,21.356268093699498,21.356268093699498,20.07122044336228,20.560762405395508,71200,0.0,0.0
1999-10-07,20.315990515316233,21.29507439557244,20.19360503028421,20.805532455444336,49800,0.0,0.0
1999-10-08,20.560762405395508,21.53984632946196,20.560762405395508,20.560762405395508,65700,0.0,0.0
1999-10-11,20.438375391111784,20.56076087249569,19.948833465576172,19.948833465576172,112300,0.0,0.0
1999-10-12,20.071220397949222,20.193605888180617,19.826449417486426,20.07122039794922,34100,0.0,0.0
1999-10-13,19.91823865847013,20.07122052220646,18.48020913934863,18.78617286682129,73800,0.0,0.0
1999-10-14,18.724980203728926,20.07122061053297,18.724980203728926,19.765256881713867,62400,0.0,0.0
1999-10-15,19.459291916859303,19.76525562624388,19.092135465597806,19.33690643310547,71500,0.0,0.0
1999-10-18,19.214522304913856,19.27571505110785,18.419016604391945,18.480209350585938,55200,0.0,0.0
1999-10-19,18.480208934881748,19.581678341596554,18.480208934881748,19.09213638305664,60600,0.0,0.0
1999-10-20,19.092135200866117,19.45929164703662,18.969749718809283,19.15332794189453,47100,0.0,0.0
1999-10-21,19.153328019139177,20.25479736209287,17.501124004708643,19.64286994934082,130700,0.0,0.0
1999-10-22,19.520484388065036,19.948833575263954,18.724978754695613,19.15332794189453,43800,0.0,0.0
1999-10-25,19.55108236779972,19.58167874083227,17.99066734313965,17.99066734313965,44200,0.0,0.0
1999-10-26,18.480209387502363,19.21452234329716,17.745896431707568,18.969751358032227,83500,0.0,0.0
1999-10-27,18.724979400634766,19.45929231830672,18.60259391435611,18.724979400634766,43400,0.0,0.0
1999-10-28,18.724978942375678,19.275713617151435,18.60259345909218,18.84736442565918,87100,0.0,0.0
1999-10-29,19.21452083413724,20.989110337926984,18.969749868097274,20.13241195678711,273500,0.0,0.0
1999-11-01,20.1324132735079,22.274159366434272,19.459293072873898,21.539846420288086,296100,0.0,0.0
1999-11-02,21.662230856050318,22.824892964143416,21.539845370987887,22.580121994018555,279000,0.0,0.0
1999-11-03,23.039067766168614,23.987555283766525,22.212965734712366,22.274158477783203,540100,0.0,0.0
1999-11-04,23.00847177530393,23.865170192469506,22.763700798970913,23.43682098388672,379000,0.0,0.0
1999-11-05,23.620398486471924,23.620398486471924,23.0084710645426,23.375627517700195,196600,0.0,0.0
1999-11-08,23.008471519068667,23.436820722881116,23.008471519068667,23.25324249267578,190100,0.0,0.0
1999-11-09,23.192050261818686,23.742784964605935,23.192050261818686,23.620399475097656,371500,0.0,0.0
1999-11-10,23.37562706073125,23.742783506711323,23.37562706073125,23.49801254272461,192100,0.0,0.0
1999-11-11,23.498012808866278,23.742783775625302,23.498012808866278,23.681591033935547,126000,0.0,0.0
1999-11-12,23.86516965668777,24.966639025457972,23.80397691397831,24.844253540039062,243900,0.0,0.0
1999-11-15,24.966640052612885,25.57856750488281,24.844254562158902,25.578567504882812,189000,0.0,0.0
1999-11-16,25.578567629797334,25.94572410295232,24.232327228229053,24.293519973754883,93400,0.0,0.0
1999-11-17,24.17113392693656,25.945723506382535,23.987555694580077,25.700952529907227,208200,0.0,0.0
1999-11-18,26.190493753978185,28.63820345061166,25.45618084498814,27.414348602294922,323300,0.0,0.0
1999-11-19,27.842699078281527,27.842699078281527,24.721869071704916,25.578567504882812,180800,0.0,0.0
1999-11-22,25.089024121944725,25.945722506596493,24.966638638423042,25.456180572509766,209100,0.0,0.0
1999-11-23,25.823337617031363,26.496457791882893,25.333795671684797,26.31287956237793,318000,0.0,0.0
1999-11-24,26.863613545113772,28.760588533493106,25.94572242170442,28.026275634765625,428700,0.0,0.0
1999-11-26,28.20985495994281,29.494902582846926,28.20985495994281,29.250131607055664,124500,0.0,0.0
1999-11-29,29.12774669940655,29.372517680073834,27.53673532506922,27.84269905090332,158900,0.0,0.0
1999-11-30,27.720312096037954,28.026275805707247,25.456180644485187,25.945722579956055,262500,0.0,0.0
1999-12-01,25.823338574528144,26.80242250152447,24.966640138406355,26.55765151977539,517900,0.0,0.0
1999-12-02,26.435264850484913,29.923251184923895,26.435264850484913,28.3934326171875,331600,0.0,0.0
1999-12-03,28.393433803616027,29.37251772787865,28.14866282255037,28.33224105834961,166200,0.0,0.0
1999-12-06,28.148661041259768,28.39343200683594,27.414348144531253,27.536733627319336,117900,0.0,0.0
1999-12-07,27.7509086153724,28.02627595554699,26.802421110326595,26.924806594848633,227700,0.0,0.0
1999-12-08,26.680036284907036,27.169578235088817,25.456181409452586,26.496458053588867,189700,0.0,0.0
1999-12-09,26.19049401305863,26.55765047118562,25.33379561076232,25.82333755493164,108500,0.0,0.0
1999-12-10,25.823337023074814,26.129300731879017,24.721867671379677,25.456180572509766,209600,0.0,0.0
1999-12-13,25.333795481714706,25.45618096713362,23.926362399397224,24.844253540039062,158000,0.0,0.0
1999-12-14,25.089025497436527,25.333796477899323,24.109941575585346,25.089025497436523,276400,0.0,0.0
1999-12-15,24.844253739811236,25.08902471261726,24.477097280602205,24.53829002380371,100500,0.0,0.0
1999-12-16,24.905446282748517,24.966639025457972,24.477097083782326,24.844253540039062,132300,0.0,0.0
1999-12-17,24.966638638423042,26.924806374769947,24.84425315490136,25.456180572509766,191300,0.0,0.0
1999-12-20,25.394989397730765,27.16957901829508,25.394989397730765,27.04719352722168,115600,0.0,0.0
1999-12-21,27.047193270880975,27.41434974062144,25.578567391919112,26.863615036010742,166700,0.0,0.0
1999-12-22,27.353156320717304,27.4143490641641,26.557650655908972,27.291963577270508,102700,0.0,0.0
1999-12-23,26.802420967030073,27.230770160567086,25.70095161222062,25.945722579956055,83900,0.0,0.0
1999-12-27,25.91512640450052,26.068108260489307,24.905446154974527,25.639759063720703,80200,0.0,0.0
1999-12-28,25.517374552733507,26.129302000041267,25.08902533961808,25.884531021118164,61100,0.0,0.0
1999-12-29,25.456181808002732,25.94572376584894,25.333796318541182,25.884531021118164,48700,0.0,0.0
1999-12-30,25.884530233300254,25.884530233300254,24.599482633065488,25.33379554748535,98600,0.0,0.0
1999-12-31,25.33379611790737,26.190494537353512,24.844254163938146,26.190494537353516,72200,0.0,0.0
2000-01-03,25.700952269190505,26.435265191167378,25.02783209071171,25.51737403869629,109100,0.0,0.0
2000-01-04,25.45618076742131,25.45618076742131,24.232325922833745,25.150217056274414,90000,0.0,0.0
2000-01-05,25.33379611790737,26.68003649132274,25.211410629415063,26.190494537353516,159000,0.0,0.0
2000-01-06,26.557649837310656,28.271046601008116,25.94572242170442,28.026275634765625,265900,0.0,0.0
2000-01-07,28.087469029426572,29.372516632080075,27.781505314509072,29.372516632080078,263300,0.0,0.0
2000-01-10,29.43370951994515,41.97822189331055,29.43370951994515,41.97822189331055,1003600,0.0,0.0
2000-01-11,41.15211931526238,50.54520528536317,34.26793578668689,34.5127067565918,1835300,0.0,0.0
2000-01-12,36.9604180498821,42.3453796200636,36.9604180498821,40.14244079589844,1350500,0.0,0.0
2000-01-13,41.48868171253953,42.834922122090966,39.16335736876888,40.50959777832031,391100,0.0,0.0
2000-01-14,40.846156685600455,44.54831770354627,40.14244012847026,40.5707893371582,356000,0.0,0.0
2000-01-18,41.61106654575893,45.89455869017529,40.87675360671612,43.691619873046875,660700,0.0,0.0
2000-01-19,42.95730698998295,51.4019057999796,42.5901505199831,49.19896697998047,788100,0.0,0.0
2000-01-20,50.42282222169224,50.42282222169224,46.50648651515304,47.60795593261719,267500,0.0,0.0
2000-01-21,46.75125595895867,47.48556887978001,44.79308817010177,46.50648498535156,273600,0.0,0.0
2000-01-24,46.50648408098449,50.23924135590561,46.13932762771356,48.52584457397461,587800,0.0,0.0
2000-01-25,49.198966472520745,53.604844067074836,47.9751115851446,53.36007308959961,598000,0.0,0.0
2000-01-26,52.93172257644849,60.70320092004267,51.401904004874844,52.44218063354492,913900,0.0,0.0
2000-01-27,52.380986947279716,54.09438371658326,47.73033857345582,50.91236114501953,348000,0.0,0.0
2000-01-28,47.24079851915608,48.95419535663842,41.24390958796787,43.324462890625,273000,0.0,0.0
2000-01-31,45.0378594581117,45.0378594581117,41.121523853058505,43.14088439941406,196900,0.0,0.0
2000-02-01,43.07969202792137,48.95419548627429,42.95730653920568,48.831809997558594,405900,0.0,0.0
2000-02-02,48.342268641402086,52.25860432880681,47.975112170707895,50.17805099487305,302900,0.0,0.0
2000-02-03,50.78997644884833,53.36007164264547,50.17804902175377,53.23768615722656,377300,0.0,0.0
2000-02-04,53.94140405298393,54.09438591359931,50.422821258830126,52.38098907470703,234200,0.0,0.0
2000-02-07,52.9929141589727,56.297322201218115,50.91236094718856,54.27796173095703,368100,0.0,0.0
2000-02-08,55.3794346294424,57.215216992849335,54.645121684079626,55.86897659301758,230300,0.0,0.0
2000-02-09,56.72567171990117,59.41815236248548,55.93016607550126,58.010719299316406,486400,0.0,0.0
2000-02-10,57.76594936168498,65.72100594751025,57.76594936168498,62.294212341308594,718400,0.0,0.0
2000-02-11,62.661368534482754,62.90613950532058,55.07346843851023,58.56145477294922,686100,0.0,0.0
2000-02-14,61.19274348020554,62.661369323730476,56.41970948874951,62.66136932373047,268300,0.0,0.0
2000-02-15,62.66137001604033,67.06724759529317,61.31512964460197,66.76128387451172,543900,0.0,0.0
2000-02-16,66.82247291940158,74.65514373779297,66.82247291940158,74.65514373779297,561600,0.0,0.0
2000-02-17,75.87899969529737,80.34606983864954,72.69697712743005,78.93863677978516,505000,0.0,0.0
2000-02-18,76.85808926966361,80.28488305875689,76.36854729979314,77.65359497070312,632300,0.0,0.0
2000-02-22,76.91928248900362,77.34763171527491,72.2074410000193,74.28799438476562,743600,0.0,0.0
2000-02-23,73.43129484175087,76.49093212682382,70.73881403088667,75.3282699584961,328500,0.0,0.0
2000-02-24,76.123773118062,85.66984112965179,74.41037629546898,84.32360076904297,764100,0.0,0.0
2000-02-25,86.46534833759843,95.95022377448997,85.66984265579461,94.48159790039062,748900,0.0,0.0
2000-02-28,94.84874935211873,94.97113483515372,92.03388324231392,94.54278564453125,512400,0.0,0.0
2000-02-29,95.8278338684226,105.00674515850139,94.23682257814227,103.78289031982422,522800,0.0,0.0
2000-03-01,103.78289470469825,105.1291350841224,95.95022340623045,97.84719848632812,481800,0.0,0.0
2000-03-02,97.41884791314688,98.88747376108377,81.26396358584111,84.32360076904297,661300,0.0,0.0
2000-03-03,90.07571529628818,98.39792812257568,88.60708950341392,96.13379669189453,440100,0.0,0.0
2000-03-06,97.7860043135194,97.90838980077037,84.93552815216829,87.8727798461914,411800,0.0,0.0
2000-03-07,89.64736891209905,90.19810360166144,82.24304697464923,83.9564437866211,440300,0.0,0.0
2000-03-08,84.93552767917645,86.77130997771772,77.83716945815017,83.9564437866211,347400,0.0,0.0
2000-03-09,84.32360150180969,91.05480336334747,84.32360150180969,86.64892578125,201200,0.0,0.0
2000-03-10,87.56681425025664,91.05480056211172,80.77441985348621,81.26396179199219,238900,0.0,0.0
2000-03-13,77.4088220638393,78.08194225569878,66.57770624937325,76.2767562866211,553300,0.0,0.0
2000-03-14,75.6342275900919,81.2639597408107,74.16560181164351,74.65514373779297,234000,0.0,0.0
2000-03-15,74.04322094011053,74.77753387505376,59.72411870871725,68.90303039550781,594100,0.0,0.0
2000-03-16,69.51495716872724,76.12377351927525,66.57770545737257,75.63423156738281,657800,0.0,0.0
2000-03-17,76.52152399663572,80.77441957261827,76.47562944006036,79.30579376220703,248800,0.0,0.0
2000-03-20,79.79533857769435,83.22213225894504,70.2492704656389,70.4940414428711,239500,0.0,0.0
2000-03-21,69.51495753394232,70.92239065302742,67.3120187388526,70.4940414428711,252000,0.0,0.0
2000-03-22,70.24926935183774,78.449096959108,70.24926935183774,76.85808563232422,153700,0.0,0.0
2000-03-23,76.85808574203568,83.2221310582552,76.42973653805937,78.7244644165039,206100,0.0,0.0
2000-03-24,80.28487786522793,82.36543110258901,68.04632941016268,74.16560363769531,481000,0.0,0.0
2000-03-27,70.31046211224022,76.36854370415648,69.02541450183374,75.08349609375,195900,0.0,0.0
2000-03-28,73.06413397635717,75.75661462540215,69.75972590707468,70.43284606933594,153400,0.0,0.0
2000-03-29,70.86119889413845,73.92083615208917,63.51806947505675,65.72100830078125,448000,0.0,0.0
2000-03-30,66.08816517963669,66.08816517963669,52.01383370619554,54.09438705444336,578300,0.0,0.0
2000-03-31,58.50026112336379,59.23457402449388,46.016941804152275,50.91236114501953,694000,0.0,0.0
2000-04-03,50.72878612942166,52.8705322265625,49.93328043619792,52.31979751586914,505400,0.0,0.0
2000-04-04,51.89144732501056,52.38098928090689,38.18427255991343,49.81089401245117,994700,0.0,0.0
2000-04-05,48.464654201502746,52.13621891373781,46.07813713854996,48.40346145629883,515800,0.0,0.0
2000-04-06,48.954195589632604,56.66448139499974,48.89300284514557,54.33915710449219,412000,0.0,0.0
2000-04-07,54.95108439522763,57.276408679212764,53.84961499755046,55.13466262817383,137800,0.0,0.0
2000-04-10,55.012274513244634,56.297322082519536,47.36318183898926,48.954193115234375,346800,0.0,0.0
2000-04-11,47.975112414446954,55.01227813850487,45.527402597383336,50.361629486083984,301900,0.0,0.0
2000-04-12,51.769058883190155,52.625757257143654,45.77217026551565,46.99602508544922,260800,0.0,0.0
2000-04-13,52.38098971997921,56.90925284997741,48.70942501998067,49.19896697998047,534000,0.0,0.0
2000-04-14,49.81089412346088,50.422821569695046,44.05877612885975,46.261714935302734,572100,0.0,0.0
2000-04-17,45.527402412475915,53.1764955597333,44.0587765282025,45.64978790283203,284200,0.0,0.0
2000-04-18,47.363184141456536,53.84961504455006,46.01694376534278,53.36007308959961,327500,0.0,0.0
2000-04-19,53.48245959907636,57.888337277718804,52.07502645173224,54.09438705444336,216100,0.0,0.0
2000-04-20,55.56300980802068,55.80778077633795,49.810892052564796,51.09593963623047,139100,0.0,0.0
2000-04-24,50.7287830159634,50.973553983471064,47.11841124522535,48.34226608276367,73400,0.0,0.0
2000-04-25,51.4019047130238,56.54209518432617,50.912362763375945,56.54209518432617,187600,0.0,0.0
2000-04-26,56.05255372947621,56.05255372947621,50.05566479335321,52.38098907470703,248800,0.0,0.0
2000-04-27,49.68850630980272,53.849612749539894,47.73033857345582,50.91236114501953,343700,0.0,0.0
2000-04-28,53.72722784918708,56.909250455289275,50.30043427338472,56.60328674316406,294100,0.0,0.0
2000-05-01,56.41971099667433,60.45843217431046,55.31824158459175,60.213661193847656,243500,0.0,0.0
2000-05-02,59.724118464543274,61.927057260366595,58.31668534498949,59.662925720214844,225900,0.0,0.0
2000-05-03,58.622648658665945,59.60173256110713,50.91236292694161,53.97200012207031,286600,0.0,0.0
2000-05-04,54.645121609865676,54.828699845957054,50.912364142674406,53.06940841674805,237500,0.0,0.0
2000-05-05,53.05410731922496,58.9286105518035,51.524288769074296,57.215213775634766,182900,0.0,0.0
2000-05-08,57.15402356023374,57.521180028500766,55.257048474187435,56.297325134277344,114200,0.0,0.0
2000-05-09,55.19585604742336,57.765951340097175,52.8705317350042,54.70631408691406,204900,0.0,0.0
2000-05-10,53.23768501281739,53.849612426757815,47.8527237701416,48.954193115234375,240500,0.0,0.0
2000-05-11,50.78997594338876,53.360071111608434,48.831808196173775,52.87052917480469,148400,0.0,0.0
2000-05-12,52.13621903741638,58.74503553511705,52.13621903741638,54.889892578125,241400,0.0,0.0
2000-05-15,54.33915658548576,54.583927561096054,50.91236292694161,53.97200012207031,116700,0.0,0.0
2000-05-16,54.40034936960772,58.867419677798225,54.40034936960772,58.50026321411133,284100,0.0,0.0
2000-05-17,56.60328735927088,65.65981333675421,56.236130900724255,63.27329635620117,313700,0.0,0.0
2000-05-18,62.23302059492806,63.15091175414529,57.337601079102846,58.50026321411133,181400,0.0,0.0
2000-05-19,57.70475731473981,59.72411785703717,55.807782259854406,56.54209518432617,236900,0.0,0.0
2000-05-22,56.41971058000837,56.72567430332729,47.97511181640625,53.54365158081055,225100,0.0,0.0
2000-05-23,53.11529987614329,56.7868643837108,52.503372458215374,52.68695068359375,147800,0.0,0.0
2000-05-24,52.809336239778546,52.809336239778546,44.670701570148715,48.34226608276367,451700,0.0,0.0
2000-05-25,51.279518970690276,52.380988351922284,46.44529224194978,46.50648498535156,247300,0.0,0.0
2000-05-26,47.02662156717667,47.79153083144434,45.52739940921202,46.20051956176758,190200,0.0,0.0
2000-05-30,46.384098118426756,49.93327713012695,46.384098118426756,49.93327713012695,403400,0.0,0.0
2000-05-31,49.9332795944889,55.318241119384766,48.464653724062764,55.318241119384766,210100,0.0,0.0
2000-06-01,54.339154537140374,58.377875482468376,53.48245615479807,57.82714080810547,228500,0.0,0.0
2000-06-02,58.98980274344158,61.43751240084579,55.01227455015973,56.84805679321289,312500,0.0,0.0
2000-06-05,57.76595074666136,61.43751541276272,56.205535763568285,60.64200973510742,243400,0.0,0.0
2000-06-06,58.80622740205675,65.59862203434426,58.80622740205675,60.64200973510742,273600,0.0,0.0
2000-06-07,60.21366128540039,61.19274520874024,57.154024024963384,61.192745208740234,194500,0.0,0.0
2000-06-08,60.94797438117349,62.41660026987647,55.80778377071307,57.6435661315918,119900,0.0,0.0
2000-06-09,58.07191386188393,60.21365989472474,57.15402270495215,59.29576873779297,112600,0.0,0.0
2000-06-12,59.29576899681562,61.131551318698456,57.88833588337211,59.479347229003906,143800,0.0,0.0
2000-06-13,56.9092522254357,60.21366041917068,55.31824087289664,59.662925720214844,127200,0.0,0.0
2000-06-14,58.255493585218034,58.74503554811903,57.03163867796555,57.6435661315918,120400,0.0,0.0
2000-06-15,56.78686737817181,59.724119139111735,53.84961561723189,59.23457717895508,199200,0.0,0.0
2000-06-16,60.58081487835131,60.947971332159504,57.2764067940776,59.17338180541992,212400,0.0,0.0
2000-06-19,58.622647903004626,59.96888825150786,57.27640755450139,59.724117279052734,150800,0.0,0.0
2000-06-20,58.92861168651374,68.29110139371686,58.92861168651374,67.80155944824219,374300,0.0,0.0
2000-06-21,66.4553226916318,73.49248853835157,65.96578071968608,72.32982635498047,486600,0.0,0.0
2000-06-22,72.57459028960253,77.59239501451603,72.023855624673,74.47156524658203,449400,0.0,0.0
2000-06-23,73.79844580611137,74.41037321743899,69.02541199775591,71.4731216430664,284200,0.0,0.0
2000-06-26,72.63578906589085,77.3476304796007,71.47312689887153,77.10285949707031,176100,0.0,0.0
2000-06-27,76.0013842558741,78.816250339425,71.90147061244127,73.06413269042969,192100,0.0,0.0
2000-06-28,73.37009751042234,78.08193863494488,72.69697734977626,77.34762573242188,185400,0.0,0.0
2000-06-29,75.87900121478572,79.42818030386441,75.75661572895542,78.26551818847656,198500,0.0,0.0
2000-06-30,77.59239601555952,82.48781532253489,77.0416613435248,82.12065887451172,419200,0.0,0.0
2000-07-03,82.24304936556209,83.22213328658069,80.77442348403419,82.0594711303711,64000,0.0,0.0
2000-07-05,83.22212777486662,85.54745193328202,81.26396006251682,85.30268096923828,302600,0.0,0.0
2000-07-06,85.05791236614358,86.1593817349138,82.1206607160897,85.1802978515625,345600,0.0,0.0
2000-07-07,85.18030042688555,88.9742505895773,83.71167455745649,87.01608276367188,148300,0.0,0.0
2000-07-10,83.46690159128673,86.58773148949466,80.52964992238513,81.99827575683594,205200,0.0,0.0
2000-07-11,82.12066043874735,82.12066043874735,77.16404829602118,77.89836120605469,246000,0.0,0.0
2000-07-12,79.48937375321348,87.26085217250379,79.06102454900063,85.91461181640625,388700,0.0,0.0
2000-07-13,86.64892532980653,87.75039471959221,82.18185502678685,82.73258972167969,217300,0.0,0.0
2000-07-14,82.48781766938262,87.99516454641855,82.48781766938262,87.3220443725586,199200,0.0,0.0
2000-07-17,87.38323388829838,91.54434026393164,85.05790973720921,85.11910247802734,372700,0.0,0.0
2000-07-18,84.62956798629256,84.75195347868055,80.28488300651904,83.16094207763672,519500,0.0,0.0
2000-07-19,83.03855075231377,83.28332171989612,78.81625156151814,79.1222152709961,139400,0.0,0.0
2000-07-20,80.7744219866934,82.30424058492623,78.75506143702607,79.18341064453125,146000,0.0,0.0
2000-07-21,78.81625511771755,80.28488098947626,74.10441377915835,74.4103775024414,664400,0.0,0.0
2000-07-24,74.471572482243,75.87900565158697,67.92394860746897,72.32982635498047,574800,0.0,0.0
2000-07-25,71.77908549009653,71.77908549009653,64.98669121098254,66.33293151855469,671300,0.0,0.0
2000-07-26,63.64045319733797,65.04788629689448,60.274852307094136,64.43595886230469,1823600,0.0,0.0
2000-07-27,63.15091034410528,63.39568131443127,60.58081515568239,62.9061393737793,569900,0.0,0.0
2000-07-28,64.25238227056079,64.37476776059994,58.74503521879843,59.23457717895508,525100,0.0,0.0
2000-07-31,60.5196252556086,60.642010746519844,57.76595171010568,58.622650146484375,456300,0.0,0.0
2000-08-01,59.173382200043775,59.84650236984779,56.90925071979391,58.56145477294922,389800,0.0,0.0
2000-08-02,58.255491444321926,60.091273737735435,57.76594949941166,59.724117279052734,302500,0.0,0.0
2000-08-03,58.98980438631345,58.98980438631345,55.563010770511006,56.1749382019043,430300,0.0,0.0
2000-08-04,57.15402335089607,60.213660575248106,57.15402335089607,58.8674201965332,235200,0.0,0.0
2000-08-07,59.479348430483356,63.028527657816724,58.745035486897144,62.17182922363281,185600,0.0,0.0
2000-08-08,63.02852485894228,64.12999422540923,61.80467000731234,62.9061393737793,186400,0.0,0.0
2000-08-09,63.273297799600144,64.2523817113928,62.41659937678157,63.39568328857422,216800,0.0,0.0
2000-08-10,63.64045452452027,64.74192392975236,63.15091256663935,63.579261779785156,88400,0.0,0.0
2000-08-11,63.640454898395,67.55679058445008,63.51806940820578,67.49559783935547,141100,0.0,0.0
2000-08-14,67.3732095915098,68.22990798776878,66.08816199712133,67.34261322021484,301700,0.0,0.0
2000-08-15,66.82247899583548,67.31202096650094,65.10908209850636,66.63890075683594,181700,0.0,0.0
2000-08-16,67.25082599454456,71.96266730626424,67.18963325023651,70.4940414428711,305000,0.0,0.0
2000-08-17,70.21867145191538,71.35073717902688,67.61797991665927,68.65825653076172,107100,0.0,0.0
2000-08-18,68.65826164497125,69.88211657625415,66.70009375491858,66.82247924804688,126100,0.0,0.0
2000-08-21,67.06725002122963,70.55523656430452,67.06725002122963,70.37165832519531,284600,0.0,0.0
2000-08-22,70.49404253854625,70.49404253854625,67.98513998292091,69.45376586914062,46600,0.0,0.0
2000-08-23,68.16871905818648,68.59706828027562,66.0881656937535,68.22991180419922,101100,0.0,0.0
2000-08-24,68.47468037630252,70.98358287445122,67.61798196230052,70.12688446044922,107600,0.0,0.0
2000-08-25,70.15747900646012,73.43129071762071,70.00449715079841,72.3910140991211,123900,0.0,0.0
2000-08-28,72.391014375104,77.77597571492578,72.391014375104,76.12377166748047,232000,0.0,0.0
2000-08-29,75.51184710478171,76.42973827704404,75.51184710478171,76.36854553222656,116900,0.0,0.0
2000-08-30,76.8580866672263,77.83717057381517,75.2670753190194,77.59239959716797,185400,0.0,0.0
2000-08-31,77.34762781747379,80.28487950674496,75.87900197283821,78.81625366210938,175500,0.0,0.0
2000-09-01,79.06102650165558,79.36699022650718,76.0013892531395,78.32671356201172,80100,0.0,0.0
2000-09-05,78.29611457914314,78.75506015111937,72.45220762931261,72.9417495727539,151100,0.0,0.0
2000-09-06,73.06413530835918,75.51184503393236,72.63578610638389,74.89991760253906,220500,0.0,0.0
2000-09-07,76.55211892439493,76.61331166534168,71.96266335338804,73.06413269042969,167900,0.0,0.0
2000-09-08,72.94175234891244,73.43129431098568,68.78064567128992,69.45376586914062,215900,0.0,0.0
2000-09-11,69.27018911061269,69.45376735030513,66.76128650148273,66.82247924804688,86100,0.0,0.0
2000-09-12,66.57770301748855,68.8418344620171,66.21054656702445,66.70008850097656,112200,0.0,0.0
2000-09-13,66.08816312054012,69.94330596923828,65.53742842786895,69.94330596923828,171300,0.0,0.0
2000-09-14,70.12688163757325,75.57303562164307,70.12688163757325,73.43128967285156,218800,0.0,0.0
2000-09-15,72.5134022171433,74.59395552970268,71.71789653881177,72.45220947265625,220100,0.0,0.0
2000-09-18,71.5955095256709,72.32982244388292,67.06724653003018,67.80155944824219,142900,0.0,0.0
2000-09-19,68.1687132163126,74.77752921933033,67.31201484555103,74.65514373779297,164300,0.0,0.0
2000-09-20,74.56335617647332,78.14313158584852,70.6164243148545,72.20743560791016,375500,0.0,0.0
2000-09-21,72.5745928534146,72.5745928534146,70.18807588774582,70.98358154296875,188100,0.0,0.0
2000-09-22,68.96422511749688,70.61642926849281,65.72100956183819,66.63890075683594,250500,0.0,0.0
2000-09-25,67.18962907658067,69.02541129178779,64.98669041833213,65.78219604492188,151500,0.0,0.0
2000-09-26,66.0881601253026,70.12688102184886,65.1090762715944,69.51495361328125,142300,0.0,0.0
2000-09-27,69.51495293005189,70.61642225464779,65.10907563166832,65.59861755371094,74900,0.0,0.0
2000-09-28,63.02852377669359,68.4134850314014,63.02852377669359,68.29109954833984,374700,0.0,0.0
2000-09-29,68.4746804447735,68.53587318869198,66.45531989546383,66.57770538330078,189800,0.0,0.0
2000-10-02,67.55678735849808,67.55678735849808,59.35695990737603,59.96888732910156,211900,0.0,0.0
2000-10-03,60.213661408760174,61.22334170677292,52.1362190246582,52.1362190246582,391500,0.0,0.0
2000-10-04,52.42688344581621,55.37943334515748,51.89144693557297,54.95108413696289,274900,0.0,0.0
2000-10-05,54.82869917168674,54.95108466090926,48.831810199783504,50.78997802734375,251700,0.0,0.0
2000-10-06,51.15713275609623,51.15713275609623,44.05877462247523,45.16024398803711,637400,0.0,0.0
2000-10-09,45.16024452689644,45.22143727015782,42.71253479644135,43.752811431884766,236400,0.0,0.0
2000-10-10,43.814005502840374,44.05877648330317,39.71409158008855,40.14244079589844,344500,0.0,0.0
2000-10-11,39.19395289578281,41.85583728448937,36.40968301794031,38.97977828979492,798600,0.0,0.0
2000-10-12,40.63198028564453,40.63198028564453,36.47087387084961,36.71564483642578,191100,0.0,0.0
2000-10-13,36.74624391738175,38.67381541346422,35.247021642650935,37.755924224853516,661900,0.0,0.0
2000-10-16,37.939501353672576,38.0006940977914,33.53362377711705,34.26793670654297,528600,0.0,0.0
2000-10-17,35.00224736102831,35.7365602427282,32.187381314512045,34.48210906982422,428000,0.0,0.0
2000-10-18,33.10527553589263,39.40812836435278,32.79931180635573,37.755924224853516,463900,0.0,0.0
2000-10-19,39.40812728503519,40.631982169663615,36.10371909653845,37.021610260009766,360800,0.0,0.0
2000-10-20,36.838031802085894,37.082802777515035,34.023165584650755,35.06344223022461,374500,0.0,0.0
2000-10-23,34.941055563684124,35.858946690576,33.77839346962108,35.1246337890625,356800,0.0,0.0
2000-10-24,35.354108068989774,35.36940625508626,27.965084184384814,31.20829963684082,639800,0.0,0.0
2000-10-25,29.372516854461534,29.67848057169551,26.496457912462176,27.291963577270508,830800,0.0,0.0
2000-10-26,28.148662252787226,28.515818716954016,24.477097611119326,27.475542068481445,1032700,0.0,0.0
2000-10-27,27.65912061831066,29.800866683887815,25.08902533961808,25.884531021118164,782200,0.0,0.0
2000-10-30,25.51737388910032,28.882974761763432,25.333795659682334,28.08746910095215,434400,0.0,0.0
2000-10-31,28.50052035689568,34.512707420910715,28.45462579915511,34.08435821533203,800300,0.0,0.0
2000-11-01,33.227659431562444,33.53362314640187,29.25013113864981,31.147106170654297,558000,0.0,0.0
2000-11-02,36.68504893244529,46.38409856679488,33.04408077317841,44.97666549682617,1278100,0.0,0.0
2000-11-03,43.26327150768093,43.81400622277164,40.87675440895455,42.46776580810547,477600,0.0,0.0
2000-11-06,42.651340377162875,45.527399197430675,42.590147636306114,43.44684600830078,398700,0.0,0.0
2000-11-07,43.553934102595605,44.6707016436878,42.40657019051458,43.997581481933594,391700,0.0,0.0
2000-11-08,43.95168836834361,46.01694347788986,43.81400469437386,44.11996841430664,288000,0.0,0.0
2000-11-09,43.6304259619977,44.058775164990664,41.48867994703288,41.97822189331055,242400,0.0,0.0
2000-11-10,41.381593619517496,42.77372856198555,39.89766955996363,39.9588623046875,181300,0.0,0.0
2000-11-13,39.652899688144906,40.32601989890045,35.73656391647627,38.91858673095703,186600,0.0,0.0
2000-11-14,40.38721161572922,42.712535920877265,37.93950182083654,40.93794631958008,183600,0.0,0.0
2000-11-15,41.30510237501367,42.590150004458536,39.65289828001312,41.54987335205078,112800,0.0,0.0
2000-11-16,41.79464460046668,41.79464460046668,37.08280326190748,37.2051887512207,149600,0.0,0.0
2000-11-17,37.8783069229126,37.939499664306645,34.75747711181641,36.71564483642578,226700,0.0,0.0
2000-11-20,36.715644679657395,36.715644679657395,33.83958584641757,35.7365608215332,161600,0.0,0.0
2000-11-21,36.04252586364746,36.715646041067025,34.512707278603,34.87986373901367,108000,0.0,0.0
2000-11-22,34.818670733685636,35.3694054201587,32.676924730734854,34.696285247802734,147500,0.0,0.0
2000-11-24,36.226104736328125,36.226104736328125,35.12463533556139,36.226104736328125,67600,0.0,0.0
2000-11-27,37.817114726151566,38.67381311800613,36.7156453651957,37.082801818847656,152700,0.0,0.0
2000-11-28,36.89922415597098,36.960416899181546,32.064997442336306,32.126190185546875,311900,0.0,0.0
2000-11-29,32.814608827421935,33.04408161642488,30.106829917187117,31.422473907470703,284200,0.0,0.0
2000-11-30,30.84114232556573,30.84114232556573,26.251686622356544,28.3934326171875,494900,0.0,0.0
2000-12-01,30.04563733481576,31.697841424510308,29.005360685748816,29.739673614501953,289900,0.0,0.0
2000-12-04,30.1068296740132,31.8202264847294,29.188938525415235,30.351600646972656,215000,0.0,0.0
2000-12-05,31.56015753960053,34.329129189948425,31.08591377628128,34.08435821533203,276000,0.0,0.0
2000-12-06,34.267937463658455,35.12463590024992,31.269492935588342,32.064998626708984,192100,0.0,0.0
2000-12-07,31.82022764482571,33.28885353612536,31.085914699175888,32.064998626708984,92200,0.0,0.0
2000-12-08,34.26793772023875,36.22610558996668,33.28885378537478,35.00225067138672,207800,0.0,0.0
2000-12-11,35.49179199414375,39.53051315209804,34.635093566698906,38.18427276611328,342100,0.0,0.0
2000-12-12,38.06188755119424,38.06188755119424,34.26793734512665,34.72688293457031,218000,0.0,0.0
2000-12-13,35.73656201965112,35.73656201965112,31.697840969485068,33.900779724121094,189500,0.0,0.0
2000-12-14,34.267937189786764,34.39032267975029,31.39187817564395,31.881420135498047,83600,0.0,0.0
2000-12-15,31.391877816492816,32.003805259309445,30.168022930859568,30.71875762939453,157700,0.0,0.0
2000-12-18,31.51426201637345,33.16646604441633,30.04563621366867,30.290407180786133,184800,0.0,0.0
2000-12-19,30.581072971045252,32.86050262221371,30.106829218117586,30.47398567199707,222200,0.0,0.0
2000-12-20,27.903891436393366,29.67848102335698,27.29196399261281,28.944168090820312,321900,0.0,0.0
2000-12-21,29.12774648251741,29.433710206073265,27.47554237531579,28.148662567138672,209800,0.0,0.0
2000-12-22,27.78150636567844,31.330685593011808,27.78150636567844,31.085914611816406,165800,0.0,0.0
2000-12-26,30.22921592787941,32.06499827167775,28.88297554242729,30.90233612060547,131100,0.0,0.0
2000-12-27,29.984445227685754,33.28885347726745,27.842699139993915,28.8217830657959,357300,0.0,0.0
2000-12-28,27.781505078467255,33.16646641526267,27.674417779155984,32.73811721801758,312400,0.0,0.0
2000-12-29,33.22765977199261,35.30821305421682,31.269491976958054,31.820226669311523,366700,0.0,0.0
2001-01-02,32.30976829528808,32.30976829528808,29.127745660146076,29.372516632080078,178800,0.0,0.0
2001-01-03,29.250130785642753,36.65445259539751,29.00535981672524,33.53362274169922,260000,0.0,0.0
2001-01-04,33.83958884997246,34.26793807592148,31.330686240842493,33.41123962402344,399900,0.0,0.0
2001-01-05,33.47243106316941,33.47243106316941,29.617288180208398,30.229215621948242,162800,0.0,0.0
2001-01-08,30.71875632825748,31.820225678673086,28.94416681925456,31.575454711914062,144500,0.0,0.0
2001-01-09,32.06499692819415,34.08435742176363,31.759033217047257,33.53362274169922,120400,0.0,0.0
2001-01-10,32.187382183008495,36.47087410850392,30.71875637998149,35.1246337890625,252000,0.0,0.0
2001-01-11,34.94105518680729,38.04658679929498,34.757476963409005,35.7365608215332,206500,0.0,0.0
2001-01-12,35.85894593004426,36.96041525895347,34.39032015816531,36.348487854003906,154500,0.0,0.0
2001-01-16,36.22610407401007,36.960416994429195,34.451514516330526,36.65445327758789,153100,0.0,0.0
2001-01-17,37.44995977100881,41.855837391127494,37.266381536837194,39.9588623046875,269700,0.0,0.0
2001-01-18,39.16335521997798,45.1602439880371,38.73500602225947,45.16024398803711,522000,0.0,0.0
2001-01-19,45.16024543143608,47.05722051053434,44.36473975310455,45.282630920410156,658800,0.0,0.0
2001-01-22,45.1602445110198,47.11841229469545,41.30510168690835,45.527400970458984,563400,0.0,0.0
2001-01-23,45.037857822865746,45.0990505644729,41.917028000900864,43.814002990722656,377200,0.0,0.0
2001-01-24,46.50648622546516,52.136218768547785,45.037860344661,51.952640533447266,757700,0.0,0.0
2001-01-25,50.973553983471064,51.03474672534798,47.485567696486854,48.34226608276367,508900,0.0,0.0
2001-01-26,47.730341277054045,52.38098991430547,46.934835589103145,51.157135009765625,229200,0.0,0.0
2001-01-29,49.963873348236085,52.62575759887696,48.2810729598999,48.954193115234375,313500,0.0,0.0
2001-01-30,49.56612223343883,52.38098843435017,49.44373674644269,51.03474807739258,401400,0.0,0.0
2001-01-31,50.54520574464389,51.40190414709548,49.688507342192295,49.87208557128906,278400,0.0,0.0
2001-02-01,49.45903604889884,49.688508842197166,47.48557002653325,48.21988296508789,98100,0.0,0.0
2001-02-02,48.21988322068708,49.44373812476543,47.669148513851816,48.40346145629883,104800,0.0,0.0
2001-02-05,47.48557078584711,48.58704021129202,45.405017426673396,46.016944885253906,249500,0.0,0.0
2001-02-06,44.686000000182794,49.198964738304646,44.5483163302062,48.52584457397461,194800,0.0,0.0
2001-02-07,47.485567956373636,49.44373570715193,46.50648408098449,48.52584457397461,246100,0.0,0.0
2001-02-08,49.01538770849054,50.4228208137281,46.75125619136926,48.46465301513672,194300,0.0,0.0
2001-02-09,47.791533053499975,47.91391854147309,43.93639018234697,44.11996841430664,226800,0.0,0.0
2001-02-12,44.0587736430921,44.30354460777595,40.38720917283443,41.8558349609375,278100,0.0,0.0
2001-02-13,42.34537971587408,45.282631488073434,40.63198284875779,41.121524810791016,372700,0.0,0.0
2001-02-14,40.509596801318715,42.59015011135623,40.38721131249297,42.52895736694336,257800,0.0,0.0
2001-02-15,42.28418445054379,45.52739975572298,42.22299170893664,43.814002990722656,214100,0.0,0.0
2001-02-16,43.6304274603378,43.691620205723964,40.66257930910865,42.100608825683594,141600,0.0,0.0
2001-02-20,42.10060565517163,46.38409750962223,41.427485506615106,41.67225646972656,398500,0.0,0.0
2001-02-21,41.21331208453459,42.40657056359684,40.87675200069652,41.61106491088867,235000,0.0,0.0
2001-02-22,41.36629572064322,42.957307094514114,40.142440817665616,42.896114349365234,172900,0.0,0.0
2001-02-23,40.87675391796024,42.59015078877294,38.18427312096885,42.100608825683594,443600,0.0,0.0
2001-02-26,42.59015079930242,45.160246106156876,39.89767000164537,44.85428237915039,220700,0.0,0.0
2001-02-27,44.058774048213785,45.16024339941913,41.106224259566126,41.2439079284668,452400,0.0,0.0
2001-02-28,40.99913787841796,41.366294337030666,37.69472975090368,40.99913787841797,236100,0.0,0.0
2001-03-01,38.67381416332593,40.14244001762945,36.96041733330516,39.591705322265625,205000,0.0,0.0
2001-03-02,39.28574217282809,39.65289864173302,37.87830904202583,38.18427276611328,355600,0.0,0.0
2001-03-05,38.55142879486084,38.55142879486084,34.02316573006766,34.26793670654297,351200,0.0,0.0
2001-03-06,35.61417795817057,35.98133443196615,35.00225050184462,35.79775619506836,241900,0.0,0.0
2001-03-07,36.44027696474634,37.20518622093329,35.61417496806443,36.348487854003906,101700,0.0,0.0
2001-03-08,36.226105504756354,36.226105504756354,33.7783956733539,34.02316665649414,169300,0.0,0.0
2001-03-09,33.350044220916985,33.778393412745274,31.391876486844794,31.575454711914062,235400,0.0,0.0
2001-03-12,31.636647422210878,32.294469394723,29.69377787548903,29.800865173339844,425500,0.0,0.0
2001-03-13,29.892655632542628,32.126190802630255,29.862059260349646,31.20829963684082,466600,0.0,0.0
2001-03-14,29.372516439118733,32.24857534044911,29.127745468792746,31.45306968688965,698900,0.0,0.0
2001-03-15,31.330685430662186,32.676925820260955,31.269492685680426,31.881420135498047,367300,0.0,0.0
2001-03-16,32.67692497654965,32.79931046335321,28.393432938425164,29.066553115844727,228200,0.0,0.0
2001-03-19,29.49490368728774,34.32913064018345,29.00536171737425,34.20674514770508,213000,0.0,0.0
2001-03-20,33.166468566318734,35.0022509592884,31.942613637672284,32.43215560913086,307600,0.0,0.0
2001-03-21,33.71720172075125,34.757478361863356,31.606052066729617,31.820226669311523,270200,0.0,0.0
2001-03-22,32.06499586798328,36.822731419005606,30.718755583449628,35.36940383911133,258900,0.0,0.0
2001-03-23,36.226104836714896,37.74062526696607,35.308213666865704,37.2051887512207,223900,0.0,0.0
2001-03-26,37.57234310131478,38.0618850309736,36.730942909713676,37.51115036010742,121100,0.0,0.0
2001-03-27,36.83803031921387,37.69472869873047,35.7365609741211,36.71564483642578,149400,0.0,0.0
2001-03-28,36.22610439973719,36.71564635108499,33.28885269165039,33.28885269165039,123100,0.0,0.0
2001-03-29,33.16646538610044,35.61417500869088,32.799308942711875,33.77839279174805,200200,0.0,0.0
2001-03-30,34.02316391635948,34.757476806640625,33.28885102607834,34.757476806640625,302200,0.0,0.0
2001-04-02,34.69628372477062,35.736560309111184,31.330683010727615,32.79930877685547,143200,0.0,0.0
2001-04-03,32.7993105668288,33.288852515587436,30.596371797414925,31.820226669311523,146700,0.0,0.0
2001-04-04,30.963526860581645,32.67692360385494,30.718755897256887,32.14148712158203,187300,0.0,0.0
2001-04-05,32.70752183265156,36.04252639744016,32.61573271618949,35.24702072143555,305900,0.0,0.0
2001-04-06,34.77277493521101,35.491789639106706,32.92169452730932,32.982887268066406,176000,0.0,0.0
2001-04-09,32.79931147093777,35.491792263328186,32.348933762043295,35.29597473144531,220200,0.0,0.0
2001-04-10,35.62886170991321,35.73656153403953,34.757477656394606,35.149112701416016,240600,0.0,0.0
2001-04-11,35.91279765654288,39.34938049316407,35.90300472601972,39.34938049316406,313900,0.0,0.0
2001-04-12,37.69472948008008,40.43616360437691,37.107280644483836,39.87808609008789,121100,0.0,0.0
2001-04-16,38.6248614135834,40.02495171879538,37.69473094205738,39.104610443115234,101200,0.0,0.0
2001-04-17,38.03740765024896,40.52428162838507,37.69472978255285,39.64310836791992,142900,0.0,0.0
2001-04-18,40.63198248557923,43.206974228632546,40.62219328978592,41.41524887084961,286200,0.0,0.0
2001-04-19,41.61106528816642,44.59727040304134,40.77884547636654,44.548316955566406,179800,0.0,0.0
2001-04-20,43.86295818094456,43.86295818094456,40.59281779004657,42.34537887573242,185500,0.0,0.0
2001-04-23,42.0418625481104,42.218097954045206,40.73968286526853,41.464202880859375,179700,0.0,0.0
2001-04-24,42.34537758323052,42.34537758323052,37.69472917813584,37.97866439819336,299800,0.0,0.0
2001-04-25,40.14244017341365,40.14244017341365,35.98133357007199,38.5367431640625,640200,0.0,0.0
2001-04-26,38.72276727768494,38.91858480355246,35.73656214665824,37.851383209228516,161100,0.0,0.0
2001-04-27,37.851385011972724,38.52695158673676,36.294641396291404,37.93950271606445,81200,0.0,0.0
2001-04-30,37.93949996368795,39.55498984320196,37.244351312344236,38.67381286621094,292900,0.0,0.0
2001-05-01,37.30309358032127,38.17448135323796,36.77439113433433,37.929710388183594,237600,0.0,0.0
2001-05-02,37.98845326421706,38.184270784452366,36.71564498505035,37.69472885131836,240100,0.0,0.0
2001-05-03,37.20518934933271,38.174484083635726,35.98133443652572,36.21631622314453,220200,0.0,0.0
2001-05-04,35.73656060577601,35.98133156882927,33.778392901349925,35.393882751464844,363900,0.0,0.0
2001-05-07,35.49179084614061,36.12819686562106,34.267935989377136,34.855384826660156,177600,0.0,0.0
2001-05-08,35.40367355693108,35.63865533550988,33.77839443772943,33.98400115966797,172900,0.0,0.0
2001-05-09,33.28885271673846,35.13932069664236,33.279063521063954,34.90434265136719,212100,0.0,0.0
2001-05-10,35.50158150634855,37.38142458604773,35.31555690501266,36.333805084228516,462500,0.0,0.0
2001-05-11,36.31422195796853,37.205188156531214,35.24702035881905,35.54074478149414,127300,0.0,0.0
2001-05-14,35.687610659816,35.93238164687248,33.386761140539804,33.61195373535156,122300,0.0,0.0
2001-05-15,33.63152947717285,33.90567550080931,33.181151792860284,33.6511116027832,162300,0.0,0.0
2001-05-16,33.33780447178205,34.806430252344335,33.28885102607834,34.757476806640625,367300,0.0,0.0
2001-05-17,35.53095581626689,37.30309529434634,35.24702058737935,36.46108627319336,306600,0.0,0.0
2001-05-18,35.903005618878204,36.901671667281796,35.883427227162336,35.93238067626953,201500,0.0,0.0
2001-05-21,34.85538468260803,36.715645551163774,34.41479992392095,36.128196716308594,685500,0.0,0.0
2001-05-22,36.588364585491476,39.11440286014935,36.09882263163456,38.477996826171875,728900,0.0,0.0
2001-05-23,38.184272088931195,39.75080483451362,37.13665261502757,37.15623474121094,505800,0.0,0.0
2001-05-24,36.99958020264613,37.69472885131836,36.607945162175504,37.69472885131836,422200,0.0,0.0
2001-05-25,37.74368374633379,38.673814201970515,37.10728144977822,37.55765914916992,174300,0.0,0.0
2001-05-29,36.22610509158091,36.94083590600954,35.756145257500805,36.4512939453125,299800,0.0,0.0
2001-05-30,36.226102414338484,36.235891609469114,33.65111084559897,33.77839279174805,444800,0.0,0.0
2001-05-31,34.39521682654297,35.24701873349471,33.827346398636145,34.757476806640625,629100,0.0,0.0
2001-06-01,34.76726655196711,34.95329487745677,33.97421100825579,34.28751754760742,275500,0.0,0.0
2001-06-04,34.26793763963439,34.41480172348206,33.95463108000758,34.02316665649414,351100,0.0,0.0
2001-06-05,34.16023609254123,35.67781536475402,34.07211839364327,35.491790771484375,421000,0.0,0.0
2001-06-06,37.156233086697966,38.252805959776865,36.42192019460871,36.950626373291016,817900,0.0,0.0
2001-06-07,36.13798627406258,36.77439229729312,36.07923989602465,36.35338592529297,258200,0.0,0.0
2001-06-08,36.421923515018314,36.421923515018314,35.73656400627242,36.2652702331543,192800,0.0,0.0
2001-06-11,36.71564646505424,36.76459991335924,34.757478653584684,34.78684997558594,198500,0.0,0.0
2001-06-12,34.502918694932895,36.45129358785139,33.7783949568465,36.226104736328125,219200,0.0,0.0
2001-06-13,36.35338647188702,36.81355336792268,34.26793670654297,34.26793670654297,193800,0.0,0.0
2001-06-14,34.63998782780479,35.43304335983318,34.17981722088861,34.69873046875,183000,0.0,0.0
2001-06-15,32.946174144410975,33.77839395068172,32.711192369220356,33.298641204833984,296300,0.0,0.0
2001-06-18,32.80909929081772,33.22031646401629,32.074786378235416,32.20206832885742,115900,0.0,0.0
2001-06-19,33.044080872493964,34.07211819710095,32.799309903068085,32.897216796875,151200,0.0,0.0
2001-06-20,32.56432881069724,32.79931058962452,31.036960319850305,31.271940231323242,191700,0.0,0.0
2001-06-21,30.39076410288008,30.400553298182206,28.882974052571193,29.930593490600586,435100,0.0,0.0
2001-06-22,30.596371619932114,30.939051355566217,29.773941001391993,30.351600646972656,248800,0.0,0.0
2001-06-25,30.586580177408152,30.762815574544966,29.57812310904433,30.674697875976562,209200,0.0,0.0
2001-06-26,30.59637193382638,31.97688008608428,30.106829982885156,31.673362731933594,208100,0.0,0.0
2001-06-27,31.967090916974804,34.2385652724359,31.830016033274124,33.28885269165039,367500,0.0,0.0
2001-06-28,33.044082623537456,35.57991015056231,33.044082623537456,34.65957260131836,282500,0.0,0.0
2001-06-29,34.75747915890614,35.785516527892035,34.21898374990484,35.4134635925293,288100,0.0,0.0
2001-07-02,35.88342660235212,35.88342660235212,34.2679366655826,34.326683044433594,220600,0.0,0.0
2001-07-03,34.74769086552215,34.835808570004296,34.26793808891741,34.708526611328125,81100,0.0,0.0
2001-07-05,34.61061488054445,34.61061488054445,33.1419890089246,33.45529556274414,206400,0.0,0.0
2001-07-06,33.670693022595195,33.68048595264938,32.79930899319711,33.14198684692383,175500,0.0,0.0
2001-07-09,33.69027511973421,34.512705702901826,33.504250532853,34.297306060791016,271800,0.0,0.0
2001-07-10,34.297309070616265,34.43438022402173,33.34760019277466,33.38676071166992,176500,0.0,0.0
2001-07-11,33.28885311146105,34.00358392125337,32.06499821765733,32.4174690246582,186500,0.0,0.0
2001-07-12,33.455293328810036,34.375634537245475,33.425922008509666,33.77839279174805,262000,0.0,0.0
2001-07-13,34.04274785637473,34.31689015485629,33.65111280005076,34.26793670654297,73000,0.0,0.0
2001-07-16,34.16023818695572,34.31689146850023,33.6315319611522,33.72944259643555,112600,0.0,0.0
2001-07-17,33.72944043850181,34.4637533490574,33.55320504117578,34.45396041870117,149600,0.0,0.0
2001-07-18,34.405005895929044,34.414798825979084,33.68048593838273,33.71964645385742,113700,0.0,0.0
2001-07-19,34.0231639702539,34.209188558186064,33.73922875585072,34.121070861816406,70100,0.0,0.0
2001-07-20,34.12107299300096,34.12107299300096,33.778395116220196,33.974212646484375,66500,0.0,0.0
2001-07-23,33.97421030853698,34.41479878758496,33.61195033016797,33.77839279174805,161300,0.0,0.0
2001-07-24,33.778394357933564,33.797976484011265,29.881640906279834,32.4272575378418,362200,0.0,0.0
2001-07-25,31.937716997881108,32.99512944321699,31.82022797114673,32.80910110473633,482500,0.0,0.0
2001-07-26,33.12240963620267,35.72677262199899,32.67202821038316,34.855384826660156,281700,0.0,0.0
2001-07-27,34.75747886863915,36.96041767017262,33.87630185406228,36.226104736328125,152900,0.0,0.0
2001-07-30,36.882087202592,36.882087202592,34.718312769006694,35.100154876708984,153700,0.0,0.0
2001-07-31,35.19806862548706,36.60794816395319,34.767269298662995,36.20652389526367,165400,0.0,0.0
2001-08-01,36.69606403907831,37.166023861804106,35.472209166904236,35.599491119384766,171500,0.0,0.0
2001-08-02,36.21631554057004,36.686275370041464,35.707191458248815,36.226104736328125,158400,0.0,0.0
2001-08-03,35.73656210726319,36.74501732224259,35.73656210726319,36.23589324951172,170000,0.0,0.0
2001-08-06,35.883427888154756,36.66669429302437,33.190947053665646,33.788185119628906,136300,0.0,0.0
2001-08-07,33.97421118631052,35.53095469589513,33.533622695879295,35.207855224609375,78700,0.0,0.0
2001-08-08,35.05120107327037,35.54074299813423,34.2679347404699,34.297306060791016,74100,0.0,0.0
2001-08-09,34.042746232641896,34.85538389362711,32.554538318465866,33.48466873168945,97900,0.0,0.0
2001-08-10,33.200733399331185,34.336470522613226,33.102826507718866,33.54341125488281,57900,0.0,0.0
2001-08-13,33.5825782813185,34.69873337155414,33.533624831466,34.424591064453125,60400,0.0,0.0
2001-08-14,34.93371237529993,35.609278893198955,34.82601255326345,35.15890121459961,168100,0.0,0.0
2001-08-15,35.05120117761667,35.44283621263703,34.15044582594172,34.81622314453125,100800,0.0,0.0
2001-08-16,33.86651295410653,35.0022501523096,33.778395251879196,34.89455032348633,85600,0.0,0.0
2001-08-17,34.51270854148709,35.34492838824029,34.27772675486604,35.1197395324707,100000,0.0,0.0
2001-08-20,34.3364707769775,35.491790034122296,34.130864062123386,35.041412353515625,116600,0.0,0.0
2001-08-21,34.8064323058877,35.49179179090062,34.60082558085643,34.61061477661133,189000,0.0,0.0
2001-08-22,34.75747907697994,35.97154477823993,34.07211958763521,35.53095626831055,176300,0.0,0.0
2001-08-23,35.29597212529844,36.40233792407356,35.27639000006516,35.393882751464844,97600,0.0,0.0
2001-08-24,35.61907274533049,37.694729533614876,35.60927981494177,37.684940338134766,170000,0.0,0.0
2001-08-27,37.63598534976876,38.67381567185925,37.10728286012722,37.93950271606445,196400,0.0,0.0
2001-08-28,37.939502492578754,38.26260198398146,36.30443411339675,36.55899429321289,108800,0.0,0.0
2001-08-29,36.83313468714659,37.1072807145298,35.00224886900388,35.43304443359375,122700,0.0,0.0
2001-08-30,35.628863538464145,35.677816987877065,34.20919109603661,35.23723220825195,124900,0.0,0.0
2001-08-31,34.75747950031347,35.814891937022885,33.93504885006463,34.65957260131836,183700,0.0,0.0
2001-09-04,34.64977985725028,35.39388573929583,33.67069592238632,35.00225067138672,223100,0.0,0.0
2001-09-05,35.13932163526672,35.14911456611151,33.592370968672945,34.65957260131836,359000,0.0,0.0
2001-09-06,34.4148012459723,34.55187239704355,30.547419019035082,31.232776641845703,391300,0.0,0.0
2001-09-07,31.33068388745301,33.4552940958148,30.32222682754207,32.55453872680664,203300,0.0,0.0
2001-09-10,32.06499746318054,32.89721727742177,31.967090567943448,32.54475021362305,213800,0.0,0.0
2001-09-17,30.3418092861274,31.134866707844253,29.950176106727366,30.61595344543457,125400,0.0,0.0
2001-09-18,30.449509470393377,31.360055922957446,29.96975858653027,30.841142654418945,102700,0.0,0.0
2001-09-19,30.83135234159778,31.350267490217234,27.766820501143155,29.67603302001953,240900,0.0,0.0
2001-09-20,29.176700205151974,29.176700205151974,26.97376137487342,27.39476776123047,221300,0.0,0.0
2001-09-21,26.88564310155501,26.88564310155501,24.526051042829774,25.211410522460938,511400,0.0,0.0
2001-09-24,26.09258504183989,28.1486615643812,25.54429859164697,26.807315826416016,208300,0.0,0.0
2001-09-25,26.533173125079937,28.30531439851659,26.014258004149085,27.737445831298828,211800,0.0,0.0
2001-09-26,28.05075311533181,28.31510621420085,25.49534542862737,26.024049758911133,192000,0.0,0.0
2001-09-27,25.945723506382535,26.307985373245902,25.015593048794628,25.700952529907227,126900,0.0,0.0
2001-09-28,25.945723539617347,28.29552454329937,25.945723539617347,27.80598258972168,178600,0.0,0.0
2001-10-01,27.561212244255405,27.757029777153654,25.720535278320312,25.720535278320312,159800,0.0,0.0
2001-10-02,26.28840230827652,26.768153180943457,25.260363123315123,25.945722579956055,121300,0.0,0.0
2001-10-03,25.759697094973376,26.89543427878563,25.211410629415063,26.190494537353516,421600,0.0,0.0
2001-10-04,26.141540094648605,28.481549948034164,25.828231687363285,28.168243408203125,272900,0.0,0.0
2001-10-05,27.903891588293988,28.647995588076352,26.92480767291525,28.148662567138672,109500,0.0,0.0
2001-10-08,27.903890609741207,29.783731736043,27.32623097052917,27.90389060974121,118500,0.0,0.0
2001-10-09,27.903891710567194,28.373851543819274,26.435265831063656,26.474430084228516,94500,0.0,0.0
2001-10-10,26.53317322206852,29.37251606853616,26.435264461682543,29.323562622070312,146200,0.0,0.0
2001-10-11,28.88297457650481,30.52783580033235,28.197615110758566,30.008920669555664,312100,0.0,0.0
2001-10-12,30.15578399866811,30.35160152971252,28.393433689085906,29.61728858947754,65300,0.0,0.0
2001-10-15,29.715197541059183,29.715197541059183,28.432598120305077,29.470426559448242,55400,0.0,0.0
2001-10-16,28.922138814861125,30.704071184031847,28.922138814861125,30.557207107543945,46400,0.0,0.0
2001-10-17,30.743233758542218,31.0859134933774,28.158452887701888,28.246570587158203,107300,0.0,0.0
2001-10-18,29.186490054280902,29.41168076682859,27.845146179199215,27.84514617919922,115700,0.0,0.0
2001-10-19,28.099709118351484,28.58925107604085,27.46330307939181,28.148662567138672,84100,0.0,0.0
2001-10-22,28.187825898061792,28.726321286923284,27.74723740357199,28.3934326171875,63500,0.0,0.0
2001-10-23,28.618622448054314,29.176699981997114,27.414349678235173,28.63820457458496,96500,0.0,0.0
2001-10-24,28.882974590363762,29.46063423156738,27.962635216122592,29.460634231567383,39500,0.0,0.0
2001-10-25,28.77527494356299,31.056540333678555,28.315106187321888,29.832685470581055,75100,0.0,0.0
2001-10-26,29.627078183184658,30.576788866496535,29.10816305887475,30.33201789855957,86700,0.0,0.0
2001-10-29,30.19494749660676,30.39076502275328,27.62974686786812,28.099708557128906,144400,0.0,0.0
2001-10-30,27.668911571354872,27.825564847845346,26.68003659634977,27.169578552246094,80200,0.0,0.0
2001-10-31,26.307984433884382,26.758362118139527,25.524716216658422,25.945722579956055,342300,0.0,0.0
2001-11-01,26.09258527522574,26.709409171232483,25.651998645532384,26.63108253479004,113000,0.0,0.0
2001-11-02,26.680036853256457,26.728990302335724,25.94572391234114,26.41568374633789,364900,0.0,0.0
2001-11-05,26.200285474351546,27.36539584207456,26.19049441122479,26.8268985748291,249300,0.0,0.0
2001-11-06,26.73878092879653,27.90389129890102,26.190494464757975,27.31644058227539,266800,0.0,0.0
2001-11-07,26.875853767032083,27.649329075949993,26.77794500366854,27.463302612304688,237500,0.0,0.0
2001-11-08,27.45351269205537,27.50246613871787,26.288402360435786,26.464637756347656,224700,0.0,0.0
2001-11-09,26.49400964029463,26.777944865842063,25.975096371811063,26.513591766357422,164100,0.0,0.0
2001-11-12,26.435264896478227,27.414348781532976,25.994676401221867,27.267486572265625,98300,0.0,0.0
2001-11-13,27.375185328365234,27.90389153809674,26.92480762447931,27.659120559692383,218700,0.0,0.0
2001-11-14,27.88430811669004,28.37385005076446,27.443721496495627,27.678701400756836,130400,0.0,0.0
2001-11-15,27.48288374620812,27.903890106253044,27.071668448891483,27.218530654907227,127000,0.0,0.0
2001-11-16,27.394767865608873,28.148662938587933,27.31644122604315,27.854938507080078,193600,0.0,0.0
2001-11-19,28.09970821309124,28.197615107511453,27.198950965263425,27.84514617919922,106800,0.0,0.0
2001-11-20,27.61016674844802,28.305315421610402,26.474429572961355,27.952844619750977,340000,0.0,0.0
2001-11-21,27.903891724231602,28.501133513107575,27.198951974008274,27.512258529663086,116300,0.0,0.0
2001-11-23,27.6493282967312,28.726320928469516,27.580792724544498,28.687156677246094,51100,0.0,0.0
2001-11-26,28.599038985685787,30.20473780456479,28.53050341348414,29.8131046295166,257600,0.0,0.0
2001-11-27,29.764149619764172,30.48867146787389,29.5193786494249,30.067665100097656,525400,0.0,0.0
2001-11-28,30.00892060299827,30.05787591755974,29.323563006226404,29.519378662109375,323300,0.0,0.0
2001-11-29,29.392099326761127,30.547418635437733,29.38230826359979,30.488672256469727,210100,0.0,0.0
2001-11-30,30.273273947949164,30.351600584436635,29.61728766707123,29.862058639526367,328600,0.0,0.0
2001-12-03,29.81310630059756,29.81310630059756,28.197616328359302,28.432598114013672,285300,0.0,0.0
2001-12-04,28.344479296939,29.470425394344538,28.324897170995243,29.372516632080078,227300,0.0,0.0
2001-12-05,29.37251721276804,31.301311837456243,29.274608448567946,31.03696060180664,150700,0.0,0.0
2001-12-06,30.733443346881494,30.99779645085283,29.617288286719447,30.948843002319336,214700,0.0,0.0
2001-12-07,30.26348358813303,31.036960775441187,29.81310588472906,30.34181022644043,190100,0.0,0.0
2001-12-10,29.65645191100489,29.94038526789965,28.20740633519792,28.246570587158203,125700,0.0,0.0
2001-12-11,28.39343379971409,29.029837976906457,28.07033617945,28.46196937561035,97400,0.0,0.0
2001-12-12,28.119288618871494,29.215863396195324,28.119288618871494,28.794857025146484,216500,0.0,0.0
2001-12-13,28.35426870611052,29.12774587962831,28.158453047560407,28.647994995117188,206400,0.0,0.0
2001-12-14,28.491341741397214,28.785066163156785,28.393432978325915,28.618621826171875,166500,0.0,0.0
2001-12-17,28.7752754723819,29.617288231252488,28.7752754723819,29.392099380493164,208500,0.0,0.0
2001-12-18,29.56833508614668,30.302648025033225,29.078793126888982,30.194948196411133,222600,0.0,0.0
2001-12-19,29.862058539827668,30.05787606411974,29.372516596551804,29.950176239013672,124800,0.0,0.0
2001-12-20,29.852266940227736,29.862058003011764,29.225653861684336,29.323562622070312,312600,0.0,0.0
2001-12-21,29.372516440712204,30.06766510009766,29.32356299362607,30.067665100097656,343400,0.0,0.0
2001-12-24,30.05787568795538,30.273273468017575,29.901222417463913,30.273273468017578,56700,0.0,0.0
2001-12-26,29.86205852455958,30.65511594937379,29.85226746160455,30.498462677001953,82300,0.0,0.0
2001-12-27,30.4984629181012,31.33068460131448,30.351600707523403,30.841142654418945,262500,0.0,0.0
2001-12-28,30.958633543353777,31.44817362279499,30.74323389154897,30.841142654418945,199800,0.0,0.0
2001-12-31,30.841142040412716,31.330683977562124,30.273273468017575,30.273273468017578,218100,0.0,0.0
2002-01-02,30.361391582787956,30.9586333518923,29.27460786981561,29.372516632080078,275600,0.0,0.0
2002-01-03,29.470425457089014,29.95017633900656,29.176699169670265,29.862058639526367,275700,0.0,0.0
2002-01-04,29.862058141605786,31.996461284618164,29.705404871242884,31.918132781982422,371100,0.0,0.0
2002-01-07,32.172695704131115,34.07211701649343,32.11394932893739,33.37696838378906,685000,0.0,0.0
2002-01-08,33.33780535406653,34.679149223371006,33.26926978128584,34.5127067565918,576800,0.0,0.0
2002-01-09,34.6595732044527,35.62886422006149,34.51270911849556,34.6497802734375,229900,0.0,0.0
2002-01-10,35.198067164130876,35.198067164130876,33.621741478044505,34.26793670654297,141600,0.0,0.0
2002-01-11,33.7588126332009,34.51270768906599,33.533623782993196,33.7490234375,233500,0.0,0.0
2002-01-14,33.64132283884685,34.01337576039772,32.65244602483952,32.72098159790039,200100,0.0,0.0
2002-01-15,31.820224932770234,33.04407973787678,31.634200346961084,32.79930877685547,97300,0.0,0.0
2002-01-16,31.820226444969038,32.55453936292986,30.645325029249992,30.92926025390625,270000,0.0,0.0
2002-01-17,31.32089353878589,31.360055923461914,30.292856197270453,31.360055923461914,145300,0.0,0.0
2002-01-18,30.850933655904466,31.36005586039485,30.351600646972656,30.351600646972656,103400,0.0,0.0
2002-01-22,30.361391276052405,30.948841976249962,29.480216159483213,29.636869430541992,143000,0.0,0.0
2002-01-23,29.666241881103982,31.565667066775152,29.666241881103982,31.35026741027832,142300,0.0,0.0
2002-01-24,31.38943022584495,31.663572514353493,30.899886423249093,30.939050674438477,272200,0.0,0.0
2002-01-25,30.899887344394823,31.330684783048962,30.62574504771392,31.213193893432617,107900,0.0,0.0
2002-01-28,31.37963868183512,31.37963868183512,30.66490787314316,30.86072540283203,100800,0.0,0.0
2002-01-29,31.183823042141434,31.30131206607619,29.705406107539456,29.764150619506836,81700,0.0,0.0
2002-01-30,29.646661476312158,31.036960703643114,28.687157824948166,30.948843002319336,182100,0.0,0.0
2002-01-31,31.134867197689594,31.262149150156073,29.881641003892465,30.723651885986328,149400,0.0,0.0
2002-02-01,31.03695933202592,31.78106142761359,30.42992651278366,31.575454711914062,273700,0.0,0.0
2002-02-04,31.6831553994681,31.6831553994681,28.99067469164432,29.22565460205078,142200,0.0,0.0
2002-02-05,28.794856659576745,29.176698773841064,27.482884115619914,28.56966781616211,372200,0.0,0.0
2002-02-06,28.66757769551789,28.68715795454713,26.885643402051354,27.1108341217041,335200,0.0,0.0
2002-02-07,27.37518554094485,27.37518554094485,26.337357107338434,26.41568374633789,326100,0.0,0.0
2002-02-08,26.59191863793373,27.414349265288738,25.94572341179113,27.375185012817383,182300,0.0,0.0
2002-02-11,27.35560511856912,28.393433545983356,26.97376112170244,28.148662567138672,65400,0.0,0.0
2002-02-12,27.65912029673681,28.28573339790935,27.25769604536636,27.864727020263672,50400,0.0,0.0
2002-02-13,27.903891410997257,29.372517274733955,27.76682026130056,29.36272621154785,82000,0.0,0.0
2002-02-14,29.372517152834682,30.312436805347303,29.078792728288075,29.48021697998047,198700,0.0,0.0
2002-02-15,29.372516431306536,29.460634129996798,27.747237338170585,27.90389060974121,128700,0.0,0.0
2002-02-19,27.8157737846329,28.638204419935075,27.08146085078841,27.169578552246094,130100,0.0,0.0
2002-02-20,27.414348669219432,28.02138149714633,27.169577698958545,27.90389060974121,231300,0.0,0.0
2002-02-21,28.001800381607527,29.529170768253937,27.46330310713266,28.667577743530273,212200,0.0,0.0
2002-02-22,28.64799489495601,28.892765867878612,28.3053151593735,28.736112594604492,176700,0.0,0.0
2002-02-25,28.67736909557045,29.274609020700012,27.03250780071619,28.432598114013672,525900,0.0,0.0
2002-02-26,28.491341299332085,28.79485677943494,27.56121086576792,28.452177047729492,62200,0.0,0.0
2002-02-27,28.393433038020902,28.6382040124866,27.845146578104956,28.589250564575195,69900,0.0,0.0
2002-02-28,28.481550370902166,28.608830454302907,27.571002058840296,27.786399841308594,109800,0.0,0.0
2002-03-01,27.708074121519115,30.04808595448763,27.708074121519115,29.67603302001953,125800,0.0,0.0
2002-03-04,29.63686985412008,30.978213740163483,29.568334280484123,30.351600646972656,149600,0.0,0.0
2002-03-05,30.351600767707847,30.596371741640972,30.06766554156734,30.23410987854004,168600,0.0,0.0
2002-03-06,30.185155829889958,32.437049865722656,29.62707831922383,32.437049865722656,132000,0.0,0.0
2002-03-07,32.074786937979226,32.79931066773071,30.948842693315765,32.25102233886719,164400,0.0,0.0
2002-03-08,32.35872301191302,34.85538627658578,32.31955875848936,34.71831512451172,250100,0.0,0.0
2002-03-11,33.53362377711705,34.91413193504143,33.4357168804904,34.26793670654297,160400,0.0,0.0
2002-03-12,34.17003111793848,34.179820314012396,32.9755475118436,33.72944259643555,188100,0.0,0.0
2002-03-13,33.54341143173998,33.83713957794264,32.72098083917132,32.848262786865234,105100,0.0,0.0
2002-03-14,32.64265782515003,33.29864225443209,32.64265782515003,32.9951286315918,129200,0.0,0.0
2002-03-15,33.288851564622206,33.288851564622206,32.65244555545277,33.19094467163086,113200,0.0,0.0
2002-03-18,33.04408059723528,34.26793543416992,32.064996727687564,33.19094467163086,165500,0.0,0.0
2002-03-19,33.1909459502638,34.00358365114164,33.1909459502638,33.690277099609375,88100,0.0,0.0
2002-03-20,33.68048697648686,34.267935810706966,33.39655175482008,33.416133880615234,74400,0.0,0.0
2002-03-21,33.39655247763411,33.778394601632385,32.21186185320131,33.347599029541016,234300,0.0,0.0
2002-03-22,33.38675880106579,34.74768853106029,33.093034384161626,34.5127067565918,107100,0.0,0.0
2002-03-25,34.649778510480616,35.00224931091719,32.593703821145446,32.94617462158203,104600,0.0,0.0
2002-03-26,32.98533574245558,33.76860586216108,32.750357694470914,32.93638229370117,90500,0.0,0.0
2002-03-27,33.181153981561735,33.651113822484234,32.82868316714266,33.38676071166992,59800,0.0,0.0
2002-03-28,33.42592270877351,34.12107135977434,32.50558521596575,33.19094467163086,134500,0.0,0.0
2002-04-01,32.90701157096003,34.30710189331494,31.86918125787822,34.02316665649414,132700,0.0,0.0
2002-04-02,34.02316371618168,34.25814548304885,33.43571490137647,33.83713912963867,107300,0.0,0.0
2002-04-03,33.96442057713471,34.16023811236497,32.613287427354436,32.75035858154297,81800,0.0,0.0
2002-04-04,32.98533338924487,33.72943920289801,32.6524447325913,33.31822204589844,76600,0.0,0.0
2002-04-05,33.36718166029559,33.602159708658945,32.29998004213111,32.35872268676758,50800,0.0,0.0
2002-04-08,32.06499714980127,32.897216955909,31.722319284911876,32.779727935791016,58000,0.0,0.0
2002-04-09,33.05387075359765,33.18115270611391,32.41746846083365,32.887428283691406,65000,0.0,0.0
2002-04-10,32.60349285680184,33.08324560724435,31.83980861620831,32.54475021362305,95300,0.0,0.0
2002-04-11,32.60349439714451,33.01471159336715,31.918134893379307,32.29018783569336,72800,0.0,0.0
2002-04-12,31.957298840567592,33.11261817542098,31.957298840567592,33.10282897949219,104300,0.0,0.0
2002-04-15,32.96575388706288,33.49446010173924,32.69161158385681,33.2790641784668,188800,0.0,0.0
2002-04-16,33.38675831535692,34.02316432181472,32.818891615591305,33.82734680175781,250600,0.0,0.0
2002-04-17,33.99379247163116,34.267934754496416,33.435714975850615,33.71964645385742,189700,0.0,0.0
2002-04-18,33.396552518532296,33.77839464299819,32.89721763660867,33.28885269165039,117200,0.0,0.0
2002-04-19,33.48466805760074,33.48466805760074,32.8972155129606,32.91679763793945,69300,0.0,0.0
2002-04-22,32.897216859696904,32.897216859696904,31.379637593340128,31.741897583007812,204700,0.0,0.0
2002-04-23,31.389431603003032,31.967091261210275,29.676032887380774,30.312437057495117,215900,0.0,0.0
2002-04-24,29.372516230935897,31.702736897697882,28.785065532826323,31.340473175048828,206000,0.0,0.0
2002-04-25,31.085913008987422,31.085913008987422,29.519378436618457,30.273273468017578,175800,0.0,0.0
2002-04-26,30.243900694579736,30.537626981373126,29.323563184675002,29.372516632080078,114200,0.0,0.0
2002-04-29,29.274608510327305,30.106830206602304,29.176699745920654,29.36272621154785,154000,0.0,0.0
2002-04-30,29.382307029470716,30.322226644027726,29.17669844662745,29.9599666595459,314300,0.0,0.0
2002-05-01,30.204738516700566,31.751690995204058,29.127745859335125,30.811769485473633,160000,0.0,0.0
2002-05-02,30.596371904829258,31.076122792202458,29.7739412786311,30.116621017456055,219400,0.0,0.0
2002-05-03,29.950175740336224,30.34180891494527,29.059209567805294,29.264816284179688,203300,0.0,0.0
2002-05-06,29.186490920118416,29.901223595787425,28.71653109012421,28.755695343017578,115900,0.0,0.0
2002-05-07,28.78506583184942,29.078792117682617,27.659119738124588,27.815773010253906,230400,0.0,0.0
2002-05-08,28.109497655785184,29.862058719644008,28.109497655785184,29.803314208984375,369100,0.0,0.0
2002-05-09,29.5977065300311,30.84114355983906,29.499797764286768,30.077457427978516,196000,0.0,0.0
2002-05-10,30.077457332512907,30.27327486338005,29.059211027385132,29.098373413085938,94400,0.0,0.0
2002-05-13,29.13753609034359,29.930593499299867,28.275941242072584,28.834020614624023,161900,0.0,0.0
2002-05-14,29.33335248547017,31.92792629124597,29.176699212266524,30.899887084960938,191400,0.0,0.0
2002-05-15,29.61728845199071,32.05520904561359,29.568335003184043,31.320894241333008,172300,0.0,0.0
2002-05-16,31.085913627866713,31.477548679346604,30.54741823326335,30.841142654418945,124100,0.0,0.0
2002-05-17,30.850934136571887,31.722320083752965,30.527836521929615,31.03696060180664,73300,0.0,0.0
2002-05-20,30.98800404738751,30.98800404738751,29.911011419142586,30.449508666992188,144800,0.0,0.0
2002-05-21,30.351601057929173,30.44950982192949,29.088581923979195,29.48021697998047,127000,0.0,0.0
2002-05-22,29.44105298198481,30.087248215538683,28.90255757650804,29.79352378845215,129800,0.0,0.0
2002-05-23,29.67603306127741,31.252358768414275,29.67603306127741,31.232776641845703,185000,0.0,0.0
2002-05-24,31.076122027432227,31.076122027432227,30.106829213435645,30.214529037475586,117900,0.0,0.0
2002-05-28,29.911011971880413,30.53762692882207,29.176699057342063,30.498462677001953,106400,0.0,0.0
2002-05-29,30.07745683067175,30.07745683067175,28.892766204309734,29.50958824157715,114300,0.0,0.0
2002-05-30,29.372516587687848,29.89143171968722,28.393432701431585,28.853601455688477,122600,0.0,0.0
2002-05-31,28.87318417736042,29.842477020659604,28.56966868924557,29.421470642089844,83500,0.0,0.0
2002-06-03,29.255025543901418,29.255025543901418,27.65911963948032,27.90389060974121,166400,0.0,0.0
2002-06-04,27.600374953736694,28.089916891140906,26.307984537782257,28.050752639770508,132900,0.0,0.0
2002-06-05,27.91368263093781,28.716531142163053,27.51225837532519,28.178035736083984,150600,0.0,0.0
2002-06-06,28.383642788133443,28.687158282279352,26.435265999660405,26.846481323242188,136900,0.0,0.0
2002-06-07,26.77794501809565,28.53050422668457,25.838023503735275,28.53050422668457,180600,0.0,0.0
2002-06-10,28.39343392066261,28.785067118491217,27.75702974075933,27.854938507080078,136200,0.0,0.0
2002-06-11,28.099708602509153,28.520713109731723,26.102376555424595,26.425474166870117,89900,0.0,0.0
2002-06-12,26.582128181401867,27.943056106567383,26.34714826357469,27.943056106567383,209300,0.0,0.0
2002-06-13,27.992008731002883,28.11928881578009,27.071669346041165,28.099708557128906,124700,0.0,0.0
2002-06-14,27.854937044404934,28.031170573582912,26.141540259853418,28.021381378173828,110500,0.0,0.0
2002-06-17,28.10949858892774,29.58791553969631,28.0997093930381,28.980884552001953,153700,0.0,0.0
2002-06-18,28.882974624633793,29.822894258413296,28.882974624633793,28.88297462463379,66200,0.0,0.0
2002-06-19,28.882975366905228,28.882975366905228,26.68003656773449,27.717864990234375,173900,0.0,0.0
2002-06-20,27.67870155507289,28.168243491876638,25.984886901920955,26.435264587402344,220500,0.0,0.0
2002-06-21,26.141540629544146,27.433931066518586,26.102376377536764,26.572336196899414,219200,0.0,0.0
2002-06-24,26.22965911715581,27.57100304198477,25.906559630750607,27.512258529663086,197700,0.0,0.0
2002-06-25,28.001800124885403,28.373851188014225,27.13041417743808,27.28706932067871,179700,0.0,0.0
2002-06-26,26.435265493195033,28.638204284294616,26.151330263741887,27.80598258972168,205800,0.0,0.0
2002-06-27,27.66891083060811,28.882974624633793,27.66891083060811,28.88297462463379,145100,0.0,0.0
2002-06-28,27.903890991250755,29.37251683289553,27.903890991250755,29.19628143310547,206000,0.0,0.0
2002-07-01,28.80464833274812,29.235445770439615,27.414349123908856,27.522048950195312,163000,0.0,0.0
2002-07-02,27.61016711188563,28.001800303854388,26.307985581430536,26.5919189453125,129800,0.0,0.0
2002-07-03,26.572335782494257,27.032506399132853,25.61283403272905,26.954179763793945,125300,0.0,0.0
2002-07-05,27.414349380108348,28.001800097458684,27.316440615974233,27.835355758666992,46000,0.0,0.0
2002-07-08,27.992007763866013,28.481549694864082,26.680035239394844,27.27727699279785,113000,0.0,0.0
2002-07-09,27.247905055133884,27.414349394009978,25.720534683211977,26.738780975341797,84600,0.0,0.0
2002-07-10,26.631081839016165,27.140204028863344,25.19182736423916,25.573671340942383,106900,0.0,0.0
2002-07-11,25.671579922580285,26.826899256534674,24.51626245608029,26.268821716308594,145100,0.0,0.0
2002-07-12,27.1108327052343,27.29685729474617,25.945722384694776,26.121957778930664,119300,0.0,0.0
2002-07-15,26.0436320444675,26.611500630264306,24.672914961591175,26.425474166870117,178500,0.0,0.0
2002-07-16,25.456180936780882,27.238113303562855,25.41701668511546,25.68136978149414,101000,0.0,0.0
2002-07-17,25.867396824058694,26.523383114580923,23.95818246385769,24.114835739135742,348000,0.0,0.0
2002-07-18,24.281278880500395,24.672913916842543,23.302195024553537,23.49801254272461,233600,0.0,0.0
2002-07-19,21.921687216613687,23.21407762415163,21.647544928623383,22.685373306274414,291500,0.0,0.0
2002-07-22,22.71474750515664,23.55675839959933,22.274158997779264,22.381858825683594,134000,0.0,0.0
2002-07-23,22.381858320726902,22.71474699268966,21.490892130313153,21.725872039794922,160600,0.0,0.0
2002-07-24,21.48110128101287,22.616838455200195,20.511808444462705,22.616838455200195,181800,0.0,0.0
2002-07-25,22.303531046522803,23.106379514493785,20.511807653931342,21.158002853393555,211700,0.0,0.0
2002-07-26,21.148212811539224,21.833570427484844,20.60971554102371,21.34402847290039,88600,0.0,0.0
2002-07-29,21.344028931881766,23.27282546959208,21.148213266309785,23.067216873168945,124400,0.0,0.0
2002-07-30,22.773492541242067,23.870065502140225,21.980435077160706,23.527387619018555,150400,0.0,0.0
2002-07-31,23.302196811761142,23.90922967068564,22.323112880721524,22.548303604125977,145100,0.0,0.0
2002-08-01,22.59725685800079,22.793074389494667,21.148213100800135,21.657337188720703,109300,0.0,0.0
2002-08-02,21.68670850697772,21.921688424251705,20.560762369744495,21.10904884338379,103300,0.0,0.0
2002-08-05,20.482435291082655,20.80553290383223,19.287953603710907,19.875402450561523,187100,0.0,0.0
2002-08-06,19.86561290810844,21.275492356882477,19.777495209128272,21.265701293945312,168900,0.0,0.0
2002-08-07,21.314657710153067,21.862944190789026,20.374736161608453,20.9034423828125,111800,0.0,0.0
2002-08-08,21.2754927524693,22.00980567932129,20.37473548749935,22.00980567932129,96400,0.0,0.0
2002-08-09,21.941270109121945,22.24478559605805,20.541179829531337,21.49089241027832,86100,0.0,0.0
2002-08-12,21.402774118438305,21.402774118438305,20.384525991424972,20.89365005493164,62500,0.0,0.0
2002-08-13,21.138420466731226,21.138420466731226,19.924356717064953,20.26703643798828,73700,0.0,0.0
2002-08-14,19.973311400696293,21.099257524279697,19.82644918761226,20.79574203491211,77400,0.0,0.0
2002-08-15,20.71741513792995,21.16779470220895,20.27682663672814,20.48243522644043,96100,0.0,0.0
2002-08-16,21.08946774376492,21.70628976859634,20.149546244671438,21.295074462890625,143800,0.0,0.0
2002-08-19,21.197165572640788,22.176249450060265,21.089467615993566,21.960851669311523,129400,0.0,0.0
2002-08-20,21.7258719297299,22.019596348230504,20.71741485595703,20.71741485595703,89500,0.0,0.0
2002-08-21,20.66846226561961,22.127297090571552,20.66846226561961,22.11750602722168,115400,0.0,0.0
2002-08-22,21.833570541006992,22.323112498136783,21.304866198383085,21.80419921875,110200,0.0,0.0
2002-08-23,21.676916701873388,21.804198653200185,21.109048121030185,21.177583694458008,124500,0.0,0.0
2002-08-26,21.09925645673876,21.91189598663864,20.70762328584501,21.73566246032715,94600,0.0,0.0
2002-08-27,21.539846566982465,21.941270830879876,20.805533615835333,20.9034423828125,344000,0.0,0.0
2002-08-28,21.187375519212633,21.67691748124586,20.550971342060315,20.560762405395508,192400,0.0,0.0
2002-08-29,20.325782511195936,21.197166607036362,19.963520637192907,21.07967758178711,112600,0.0,0.0
2002-08-30,20.834906808926075,21.53984656983716,19.86561393737793,19.86561393737793,163000,0.0,0.0
2002-09-03,19.81665830709444,20.061429286975727,19.287953961627135,19.58167839050293,175000,0.0,0.0
2002-09-04,19.571886213693343,20.55097007751465,19.425024007611004,20.55097007751465,110700,0.0,0.0
2002-09-05,20.462853544584686,20.462853544584686,19.385860859616148,19.58167839050293,106600,0.0,0.0
2002-09-06,20.129963603418858,21.00134950715995,19.77749468430574,20.668460845947266,125200,0.0,0.0
2002-09-09,20.668461998990665,20.883859787545994,19.708958345079346,20.218082427978516,120700,0.0,0.0
2002-09-10,20.3355736745306,20.756580063228306,19.934149412622183,20.44327163696289,260000,0.0,0.0
2002-09-11,20.648879923393118,21.255910905114074,20.648879923393118,20.707624435424805,107300,0.0,0.0
2002-09-12,20.570552991601115,20.932812989328703,19.72854023884887,19.875402450561523,162600,0.0,0.0
2002-09-13,19.88519380790307,20.56076223272261,19.767704783776246,20.188711166381836,122700,0.0,0.0
2002-09-16,19.777494993853097,20.257245867826256,19.777494993853097,19.826448440551758,75300,0.0,0.0
2002-09-17,20.07122026673026,20.198500354058872,19.640422821044925,19.640422821044922,117600,0.0,0.0
2002-09-18,19.640421614703715,20.012474525497268,18.66133775939011,19.601259231567383,232200,0.0,0.0
2002-09-19,19.376070252650287,20.00268331792568,18.70050187449135,19.141088485717773,132700,0.0,0.0
2002-09-20,19.777495682801156,19.93414895863902,19.170462838338665,19.238998413085938,219900,0.0,0.0
2002-09-23,19.170463525982193,19.37607212505353,18.357823928128546,18.68092155456543,78000,0.0,0.0
2002-09-24,18.563430538529314,18.798412326634853,17.506019961872003,18.250123977661133,214700,0.0,0.0
2002-09-25,18.48510373301339,19.581678553700552,18.328450453980135,18.91590118408203,112100,0.0,0.0
2002-09-26,18.945272913453913,19.630630489517497,18.455730987356677,19.08234405517578,108300,0.0,0.0
2002-09-27,18.93548250344763,19.170462411978363,18.122842952816818,18.524267196655273,168600,0.0,0.0
2002-09-30,17.975980232745624,18.494893482380725,17.633300508911304,17.8682804107666,138000,0.0,0.0
2002-10-01,18.093469920858748,19.052971689210125,17.574556651982153,18.925691604614258,164500,0.0,0.0
2002-10-02,18.602593753021058,19.679586396423666,18.48510286553261,18.583011627197266,107200,0.0,0.0
2002-10-03,18.700501849730518,19.19004377319229,18.250122309069486,18.622175216674805,70300,0.0,0.0
2002-10-04,18.827783498275444,18.827783498275444,17.652883904460122,17.84869956970215,146100,0.0,0.0
2002-10-07,17.623509163343815,17.966188881677457,16.98710503926947,17.00668716430664,140500,0.0,0.0
2002-10-08,16.92836224989396,17.192713494911384,16.2038384896109,16.605262756347656,155300,0.0,0.0
2002-10-09,16.517146602446658,16.732544393219907,15.665342767769276,15.831787109375,201600,0.0,0.0
2002-10-10,15.55764381831849,16.64442663291403,15.48910730901318,16.409446716308594,220800,0.0,0.0
2002-10-11,16.644426529328513,17.3297860157532,16.4975643157959,16.4975643157959,155200,0.0,0.0
2002-10-14,16.644426047114493,17.231876751679984,16.213628614772556,16.90877914428711,171600,0.0,0.0
2002-10-15,17.026268879999236,18.602594598856133,17.026268879999236,17.907445907592773,242200,0.0,0.0
2002-10-16,17.79974535133052,17.79974535133052,16.59547261939736,16.879405975341797,107200,0.0,0.0
2002-10-17,17.11438592761037,17.868280970156704,17.04585035418876,17.3983211517334,238900,0.0,0.0
2002-10-18,17.417903818425458,17.89765471472459,17.05564194665236,17.476648330688477,112300,0.0,0.0
2002-10-21,17.43748325961914,18.064098208365316,16.889196813488734,17.63330078125,150200,0.0,0.0
2002-10-22,17.52560121161457,17.545183337552327,16.360490862678454,16.850032806396484,181900,0.0,0.0
2002-10-23,16.71296185468067,17.96618991750002,16.64442628055344,17.77037239074707,179000,0.0,0.0
2002-10-24,17.623509817363917,18.09346963097126,17.42769229463371,17.545183181762695,175500,0.0,0.0
2002-10-25,17.799746078119256,17.956399356923797,17.37873969103665,17.907445907592773,147000,0.0,0.0
2002-10-28,17.96619042028088,18.210961401844777,17.212295348875024,17.907445907592773,303800,0.0,0.0
2002-10-29,17.682255185288653,18.122843699085422,17.388530754393734,17.907445907592773,367500,0.0,0.0
2002-10-30,17.36894725780724,17.36894725780724,14.441486773283586,16.889196395874023,1726300,0.0,0.0
2002-10-31,16.644426823388045,17.6822552671356,16.497564607260795,17.300413131713867,501100,0.0,0.0
2002-11-01,17.271039676594913,17.525601718789602,17.03605976090467,17.506019592285156,244100,0.0,0.0
2002-11-04,17.52560066824701,18.024933659452486,17.515809605581694,17.897653579711914,364900,0.0,0.0
2002-11-05,18.064099186397318,18.162006085059364,17.408112881107897,17.907445907592773,244800,0.0,0.0
2002-11-06,17.907445325600044,17.966189836378952,17.36894806318802,17.829116821289062,672000,0.0,0.0
2002-11-07,17.427692731868202,18.015143447342776,16.85003307952121,17.711627960205078,414800,0.0,0.0
2002-11-08,17.819326849695482,18.073887007803084,17.633300394966774,17.98577117919922,377300,0.0,0.0
2002-11-11,17.956398205497177,18.142424662444306,17.643091667978396,17.780162811279297,310600,0.0,0.0
2002-11-12,17.780162973287457,19.356488605427945,17.780162973287457,18.729873657226562,241000,0.0,0.0
2002-11-13,18.739664238981266,19.238997225178647,18.23054205767101,19.170461654663086,257700,0.0,0.0
2002-11-14,19.238997647705283,19.93414816560335,18.906108982929464,19.914566040039062,114600,0.0,0.0
2002-11-15,19.777494993853097,20.2180816165039,19.28795305704935,19.826448440551758,151100,0.0,0.0
2002-11-18,19.718749812508985,20.02226717629806,19.27816316314337,19.37607192993164,115000,0.0,0.0
2002-11-19,19.327115291816348,19.767703778522467,19.03339087898178,19.39565086364746,62700,0.0,0.0
2002-11-20,19.2977422714791,20.169128189719036,19.160671126624084,19.797075271606445,114500,0.0,0.0
2002-11-21,19.738331802366005,21.148213178950545,19.72854073900969,21.050304412841797,304800,0.0,0.0
2002-11-22,20.952395920750547,20.952395920750547,20.178920580030077,20.296409606933594,139100,0.0,0.0
2002-11-25,20.090802593243048,22.127297082955803,20.081011529896543,21.07967758178711,212700,0.0,0.0
2002-11-26,21.069886202135503,21.64754585872648,20.276826890063877,20.79574203491211,133900,0.0,0.0
2002-11-27,20.97197789806716,22.254577326095585,20.85448700454762,20.93281364440918,163100,0.0,0.0
2002-11-29,20.668461061487243,21.383191837298615,20.374734780466568,20.462852478027344,59000,0.0,0.0
2002-12-02,21.001350302341063,21.80419879773926,20.962186050148794,21.089468002319336,153000,0.0,0.0
2002-12-03,21.490892107556252,21.5006813030851,20.58034379211963,21.177583694458008,125600,0.0,0.0
2002-12-04,20.99155961555084,21.001350678774404,20.21808242797852,20.218082427978516,133900,0.0,0.0
2002-12-05,20.120172660471045,20.120172660471045,19.15087985909703,19.454397201538086,165800,0.0,0.0
2002-12-06,19.268371714160033,19.757913670851273,18.817992142927817,19.699169158935547,80400,0.0,0.0
2002-12-09,19.36627918395697,19.620841208508256,18.357822148325432,18.592802047729492,147000,0.0,0.0
2002-12-10,18.622175779839655,19.033391082681533,18.40677613183173,18.67112922668457,163600,0.0,0.0
2002-12-11,18.50468530796533,19.562095843636083,18.328449907444483,19.385860443115234,151800,0.0,0.0
2002-12-12,19.336906776215773,19.855821908823092,19.14108925175338,19.591468811035156,86900,0.0,0.0
2002-12-13,19.473977756927475,19.5816775812095,18.984435817397237,19.190044403076172,94600,0.0,0.0
2002-12-16,19.1508804126941,19.699168737012005,19.141089349675457,19.50335121154785,98300,0.0,0.0
2002-12-17,19.395650747179207,19.973310374078785,19.395650747179207,19.513141632080078,201800,0.0,0.0
2002-12-18,19.36628067796429,19.83624051302735,18.5340589695478,18.974645614624023,231500,0.0,0.0
2002-12-19,18.99422628197563,19.483768206085593,18.534057545595797,19.141088485717773,171000,0.0,0.0
2002-12-20,19.004018300426484,19.777495475803022,18.87673821543576,19.415233612060547,210700,0.0,0.0
2002-12-23,19.082345548514734,19.93414938826394,19.04318316243841,19.434816360473633,173200,0.0,0.0
2002-12-24,19.160671393860007,19.493560065254407,18.778829275035854,19.043182373046875,48100,0.0,0.0
2002-12-26,19.121509049665924,19.806866652397,18.925691524626004,18.98443603515625,93300,0.0,0.0
2002-12-27,18.925692370550735,19.45439859131759,18.925692370550735,19.346698760986328,147900,0.0,0.0
2002-12-30,19.34669888708583,19.855822984300975,18.857156916868437,19.22920799255371,167800,0.0,0.0
2002-12-31,19.14108932996807,20.120173221372156,19.121509071405274,19.532724380493164,230700,0.0,0.0
2003-01-02,19.542513577772045,20.296408622408755,19.542513577772045,20.051637649536133,116800,0.0,0.0
2003-01-03,19.91456568757689,20.218081158634437,19.552303840866205,19.660003662109375,132900,0.0,0.0
2003-01-06,19.58167798475874,20.913232685307722,19.54251373241114,20.453062057495117,159700,0.0,0.0
2003-01-07,20.609715230799928,21.06009479331464,20.032055583689036,20.541179656982422,126600,0.0,0.0
2003-01-08,20.55097017558812,20.707623445150766,20.21808151090392,20.462852478027344,91600,0.0,0.0
2003-01-09,20.247455892167977,21.383193097138903,20.247455892167977,21.050304412841797,119600,0.0,0.0
2003-01-10,20.85448541595157,22.166457934283617,20.72720533616753,21.24612045288086,256200,0.0,0.0
2003-01-13,21.29507458280164,21.980434051988475,20.736997064941598,21.177583694458008,168100,0.0,0.0
2003-01-14,21.158004366902635,21.686708719076293,21.001351087187892,21.481101989746094,81900,0.0,0.0
2003-01-15,21.42235541498258,21.44193754163293,20.267037954427543,20.59013557434082,234600,0.0,0.0
2003-01-16,20.413899328942385,20.90344127032012,19.894984198798436,20.19849967956543,93800,0.0,0.0
2003-01-17,19.836239250729438,19.963519330997368,19.36627944557272,19.483768463134766,120700,0.0,0.0
2003-01-21,19.581676978019214,19.875401385707807,18.338240041725978,18.56342887878418,191600,0.0,0.0
2003-01-22,18.514476940698305,18.945274392175786,17.98577259032292,18.396987915039062,167100,0.0,0.0
2003-01-23,18.553641299088792,18.788621219189814,18.12284384517638,18.308870315551758,243200,0.0,0.0
2003-01-24,18.47531330545981,18.504684626161545,17.711627220492208,17.80953598022461,253600,0.0,0.0
2003-01-27,17.62350993739396,17.936816481932716,17.21229463082326,17.427692413330078,364600,0.0,0.0
2003-01-28,17.466857051624036,17.53539262632663,16.850033144392008,17.104595184326172,353100,0.0,0.0
2003-01-29,18.543848742526862,20.286616809814355,18.26970459075552,19.601259231567383,1017800,0.0,0.0
2003-01-30,19.767705258144435,20.012476242979222,19.19983664802591,19.258581161499023,218800,0.0,0.0
2003-01-31,19.16067229062898,19.55230549075939,19.004019010576815,19.346698760986328,229700,0.0,0.0
2003-02-03,19.425023691944425,19.425023691944425,18.494893289447575,18.592802047729492,279900,0.0,0.0
2003-02-04,18.504685659317868,19.09213638305664,18.387196635042738,19.09213638305664,234200,0.0,0.0
2003-02-05,18.87673862685867,19.777495906858146,18.504685691938032,18.54384994506836,267800,0.0,0.0
2003-02-06,18.485103064908333,18.847364926738535,18.093469881479955,18.406776428222656,150700,0.0,0.0
2003-02-07,18.680920878750083,18.945273981940755,18.142425476654438,18.171796798706055,189900,0.0,0.0
2003-02-10,18.14242439241833,18.827781966176456,18.044515634037385,18.56342887878418,204200,0.0,0.0
2003-02-11,18.43614880010692,19.101926116152253,18.250122345928553,18.56342887878418,181100,0.0,0.0
2003-02-12,18.455731177934215,18.602593383789063,18.250122595774013,18.35782241821289,128600,0.0,0.0
2003-02-13,18.269705280886306,18.583011827629008,18.152216259584954,18.406776428222656,144700,0.0,0.0
2003-02-14,18.455731925568493,18.89631856098103,18.25991439819336,18.25991439819336,114500,0.0,0.0
2003-02-18,18.357822665712394,19.062762383792204,18.26970496752063,18.700502395629883,166300,0.0,0.0
2003-02-19,18.64175836903908,18.70050288020437,18.289287567138672,18.289287567138672,205000,0.0,0.0
2003-02-20,18.338241452991266,18.494894731474727,18.220752427855864,18.455732345581055,151600,0.0,0.0
2003-02-21,18.27949673814116,18.631967544555664,18.27949673814116,18.631967544555664,120900,0.0,0.0
2003-02-24,18.504685070747467,18.55364038551698,18.299078351078446,18.524267196655273,212300,0.0,0.0
2003-02-25,18.308868856407106,18.729873345876705,18.17179584668155,18.475313186645508,266800,0.0,0.0
2003-02-26,18.57322056428537,18.700502514685713,18.35782278258657,18.583011627197266,168400,0.0,0.0
2003-02-27,18.514476902440062,19.013809929096016,18.514476902440062,18.945274353027344,71200,0.0,0.0
2003-02-28,18.94527281798218,19.454396866746674,18.896317505146612,19.170461654663086,104200,0.0,0.0
2003-03-03,19.06276329602358,19.63063189629295,18.99422772025123,19.004018783569336,108900,0.0,0.0
2003-03-04,18.94527346497587,19.01380903783196,18.602593733241093,18.612384796142578,137300,0.0,0.0
2003-03-05,18.592802377299417,18.984435549914807,18.592802377299417,18.876737594604492,97700,0.0,0.0
2003-03-06,18.827783563297817,18.994227906428275,18.71029453723773,18.85715675354004,102400,0.0,0.0
2003-03-07,18.74945618487203,19.08234485801999,18.58301184829805,18.95506477355957,107300,0.0,0.0
2003-03-10,18.847365921395607,18.9159014986807,18.50468616751571,18.651548385620117,87500,0.0,0.0
2003-03-11,18.651548385620117,18.817992730792955,18.514477231049927,18.651548385620117,85700,0.0,0.0
2003-03-12,18.563429861005176,18.97464517399981,18.514476412951616,18.80820083618164,130600,0.0,0.0
2003-03-13,18.955065110587885,19.30753404860533,18.67112988007907,19.209627151489258,107100,0.0,0.0
2003-03-14,19.190044403076172,19.57188651832438,19.0627624530239,19.190044403076172,146400,0.0,0.0
2003-03-17,19.052972028228965,19.483769472330323,18.85715636633152,19.180253982543945,167900,0.0,0.0
2003-03-18,19.376071148176237,20.60971521059034,19.190044685529468,20.570552825927734,144600,0.0,0.0
2003-03-19,20.462852478027344,20.570552301147018,19.924357097337523,20.462852478027344,104900,0.0,0.0
2003-03-20,20.335571969294044,20.55096974355087,18.26970445261713,18.592802047729492,672300,0.0,0.0
2003-03-21,19.072553340008167,19.38585987962529,18.475313449158374,19.33690643310547,320400,0.0,0.0
2003-03-24,19.17046173230747,19.17046173230747,18.82778201088751,19.111717224121094,165000,0.0,0.0
2003-03-25,18.935482468587566,19.31732458581525,18.935482468587566,19.101926803588867,168500,0.0,0.0
2003-03-26,18.896318536641516,19.062762874459686,18.64175836581781,18.80820083618164,150400,0.0,0.0
2003-03-27,18.61238535762244,18.749456507469656,18.308869868337453,18.661338806152344,103100,0.0,0.0
2003-03-28,18.553641008350944,18.798411988052383,18.455732242979494,18.54384994506836,66700,0.0,0.0
2003-03-31,18.553639937655536,18.602593383789063,18.308868972079363,18.35782241821289,79500,0.0,0.0
2003-04-01,18.426359020649656,19.287953913454352,18.426359020649656,19.09213638305664,179700,0.0,0.0
2003-04-02,19.30753331525624,19.904775075742187,19.30753331525624,19.826448440551758,192200,0.0,0.0
2003-04-03,19.836240227527373,19.97331137725099,19.532724738516063,19.75791358947754,58500,0.0,0.0
2003-04-04,19.58167803068236,19.816657942956027,18.964855994395776,19.356489181518555,91000,0.0,0.0
2003-04-07,19.67958603911724,20.315990177201368,19.434815073126863,20.002683639526367,119800,0.0,0.0
2003-04-08,19.885193615200677,19.983102379327132,19.503351489307274,19.78728485107422,77900,0.0,0.0
2003-04-09,19.777495124347876,20.16912830288407,18.964855578589916,19.16067123413086,129100,0.0,0.0
2003-04-10,18.964855578589916,19.27816212141887,18.837573628406716,19.16067123413086,51100,0.0,0.0
2003-04-11,19.1802542096231,19.41523412715463,18.964856418749463,18.974645614624023,39600,0.0,0.0
2003-04-14,19.121509620609686,19.58167839050293,18.955065279592237,19.58167839050293,39000,0.0,0.0
2003-04-15,19.454398073295344,20.315991090640168,19.23899841836837,20.30620002746582,145600,0.0,0.0
2003-04-16,20.541179112808667,20.658669998707794,20.19849938534502,20.462852478027344,144700,0.0,0.0
2003-04-17,20.69783289016099,20.785950589883594,20.218082006923638,20.599925994873047,107000,0.0,0.0
2003-04-21,20.707623416034732,21.598589585714905,20.707623416034732,21.58879852294922,165000,0.0,0.0
2003-04-22,21.29507472364618,21.784616671316208,21.29507472364618,21.608381271362305,185100,0.0,0.0
2003-04-23,21.539844920714337,23.23365955038149,20.46285230118777,22.861608505249023,332500,0.0,0.0
2003-04-24,22.80286463732123,23.106380119573238,22.567882860950423,22.851818084716797,293100,0.0,0.0
2003-04-25,22.665792494832708,22.665792494832708,20.629298005119953,21.07967758178711,471300,0.0,0.0
2003-04-28,21.20695664417104,22.479764938354492,20.932812486098072,22.479764938354492,178100,0.0,0.0
2003-04-29,22.166458088267838,23.04763506002577,21.441936252842414,22.77349090576172,215600,0.0,0.0
2003-04-30,22.577674948211296,22.714747968555297,22.22520600257311,22.518930435180664,226600,0.0,0.0
2003-05-01,22.469976882407636,22.76370131366674,22.44060369229997,22.60704803466797,92400,0.0,0.0
2003-05-02,22.67558214584925,22.93993523737663,22.51892887697101,22.77349090576172,188300,0.0,0.0
2003-05-05,22.724536536709085,23.419687080275303,22.146878750866982,22.499347686767578,284000,0.0,0.0
2003-05-06,22.469975868415435,23.10638001906104,22.156667457102017,22.9399356842041,207300,0.0,0.0
2003-05-07,22.567883823901997,23.184707745149638,22.47976612086662,23.096590042114258,79400,0.0,0.0
2003-05-08,23.125963021167728,23.204289660100333,22.665792383416093,22.724536895751953,81100,0.0,0.0
2003-05-09,22.910563108847384,23.47843170166016,22.665792131471974,23.478431701660156,104400,0.0,0.0
2003-05-12,23.449060590904885,24.065882637770745,23.05742552961073,23.85048484802246,94600,0.0,0.0
2003-05-13,23.556758291671912,24.261699900245965,23.370733693813186,24.05609130859375,97200,0.0,0.0
2003-05-14,23.997347165853203,24.2029538932111,23.635085292828897,23.762367248535156,202200,0.0,0.0
2003-05-15,23.498013117589384,23.644875326083454,22.332902777621705,22.998680114746094,440700,0.0,0.0
2003-05-16,22.38185865494422,22.959518308008185,21.432146072387695,21.432146072387695,316700,0.0,0.0
2003-05-19,21.42235484983203,22.029387687797925,20.96218609041492,21.03072166442871,162700,0.0,0.0
2003-05-20,20.95239417518389,21.490891417234536,20.95239417518389,21.24612045288086,137000,0.0,0.0
2003-05-21,21.050302934416212,21.539844863123566,20.91323179196352,21.24612045288086,97500,0.0,0.0
2003-05-22,21.109047461937813,21.471309311186577,21.109047461937813,21.216747283935547,98400,0.0,0.0
2003-05-23,21.197166159397085,21.5006816469115,21.06009501034948,21.432146072387695,73100,0.0,0.0
2003-05-27,21.128630960113004,22.176250457763672,20.932813428749313,22.176250457763672,352900,0.0,0.0
2003-05-28,22.22520587976234,22.812654741731354,22.09792392353583,22.63642120361328,173500,0.0,0.0
2003-05-29,22.283950231534334,23.07700768342858,22.283950231534334,22.753910064697266,324700,0.0,0.0
2003-05-30,23.10638036034733,23.742784520392764,23.008471597081645,23.713411331176758,101300,0.0,0.0
2003-06-02,23.498014094640116,23.62529418263949,21.93147944817323,23.272825241088867,474600,0.0,0.0
2003-06-03,23.282616514698358,24.202954063817902,23.057425791658613,24.134418487548828,503400,0.0,0.0
2003-06-04,24.036508764582123,25.348481327236943,23.98755531703928,24.95684814453125,604900,0.0,0.0
2003-06-05,24.86872980504296,25.20161846864015,24.320443363364056,24.966638565063477,218000,0.0,0.0
2003-06-06,25.201618767927275,25.50513424688649,24.506470111689353,24.702285766601562,92300,0.0,0.0
2003-06-09,24.63375051026097,24.956848119095664,23.644875557777983,23.889646530151367,171700,0.0,0.0
2003-06-10,23.703619410018437,24.56521425462095,23.693830214755145,24.477096557617188,140400,0.0,0.0
2003-06-11,24.056090829425788,24.623959409768997,23.96797313010923,24.46730613708496,74100,0.0,0.0
2003-06-12,24.359606411568386,24.526050747908528,24.04629986491737,24.379188537597656,66900,0.0,0.0
2003-06-13,24.39876992538571,24.39876992538571,23.351150491424153,23.928810119628906,142500,0.0,0.0
2003-06-16,23.772158297425264,24.516262302207913,23.772158297425264,24.281280517578125,76400,0.0,0.0
2003-06-17,24.134418591488224,24.271491612071095,23.742785391510886,24.046300888061523,209800,0.0,0.0
2003-06-18,23.791738841212652,24.281280808047928,23.644876624652948,24.046300888061523,107900,0.0,0.0
2003-06-19,23.99734641729852,25.299527918975755,23.919019780635765,24.379188537597656,301000,0.0,0.0
2003-06-20,24.271490963415534,24.477097687613394,23.801529268548048,24.05609130859375,110100,0.0,0.0
2003-06-23,23.791737255923024,23.94839052547585,22.518928973942756,22.685373306274414,145900,0.0,0.0
2003-06-24,22.890981083102222,22.96930772150852,22.22520559037587,22.32311248779297,105000,0.0,0.0
2003-06-25,22.225205402078995,23.468640542812523,22.225205402078995,23.047636032104492,127800,0.0,0.0
2003-06-26,23.302195979684452,23.79173792772366,23.018262620897964,23.772157669067383,107300,0.0,0.0
2003-06-27,23.821110512322818,23.997345907936868,23.253241941707707,23.723201751708984,164400,0.0,0.0
2003-06-30,23.87006521014694,24.114836190785034,23.13575226823266,23.762367248535156,241200,0.0,0.0
2003-07-01,23.165124930171785,24.01692874505644,23.165124930171785,23.684040069580078,105200,0.0,0.0
2003-07-02,23.49801387970146,24.114835922363707,23.49801387970146,23.967973709106445,191600,0.0,0.0
2003-07-03,23.889645711612502,23.889645711612502,23.458848292108694,23.49801254272461,85200,0.0,0.0
2003-07-07,22.822444783154797,23.60571300979785,22.548302491165888,23.488222122192383,303400,0.0,0.0
2003-07-08,23.096588500283723,23.98755466709372,22.714746390923516,23.87006378173828,143700,0.0,0.0
2003-07-09,23.674248962047233,24.78061294555664,23.674248962047233,24.78061294555664,274500,0.0,0.0
2003-07-10,24.57500584259075,24.80998575047169,24.232326109969012,24.584796905517578,157000,0.0,0.0
2003-07-11,24.57500584856351,25.12329230041896,24.30086168890863,25.103710174560547,129900,0.0,0.0
2003-07-14,25.456181891728175,25.505135340692057,24.56521567491404,24.88831329345703,202800,0.0,0.0
2003-07-15,24.124626091538083,25.11350102975657,24.09525477044772,24.761032104492188,154600,0.0,0.0
2003-07-16,24.87852216000754,25.005804114881656,24.330235689850053,24.428144454956055,149000,0.0,0.0
2003-07-17,24.281279390949965,24.369397089233964,23.057424545288086,23.057424545288086,152600,0.0,0.0
2003-07-18,23.008471655530478,23.732993517610108,23.008471655530478,23.684040069580078,90800,0.0,0.0
2003-07-21,23.34135994716522,23.674248617167326,22.783282432001187,22.91056251525879,99300,0.0,0.0
2003-07-22,23.145542843842364,24.202953383219572,23.106380458841755,23.625293731689453,105100,0.0,0.0
2003-07-23,23.58613158114669,24.379189026699393,22.587465543070333,23.967973709106445,102600,0.0,0.0
2003-07-24,24.02672060734848,24.47709832005946,23.68404085737677,24.075674057006836,133200,0.0,0.0
2003-07-25,24.183373908644395,24.320445061772862,23.11617227154714,24.046300888061523,151900,0.0,0.0
2003-07-28,24.114835617972968,24.496679608567238,23.566549157254595,24.23232650756836,171900,0.0,0.0
2003-07-29,24.232325514968558,24.34981639975131,22.714746280204757,23.9875545501709,179700,0.0,0.0
2003-07-30,24.898104709957188,24.898104709957188,23.772158560725334,24.075674057006836,187300,0.0,0.0
2003-07-31,23.732993794403953,24.379189026699393,22.85181864740602,23.967973709106445,227700,0.0,0.0
2003-08-01,23.909229650746216,24.08546505697908,22.763701377687017,23.067216873168945,177700,0.0,0.0
2003-08-04,23.21407826068316,23.4980134866921,22.51892959141326,23.22386932373047,89900,0.0,0.0
2003-08-05,22.871399646351577,23.488221658606747,22.421020098116433,22.80286407470703,176300,0.0,0.0
2003-08-06,22.56788293998534,22.930144801325884,22.029387546930977,22.793073654174805,121100,0.0,0.0
2003-08-07,22.80286437098389,22.80286437098389,22.13708703643629,22.538511276245117,120100,0.0,0.0
2003-08-08,22.71474760907081,22.71474760907081,22.176250334540043,22.29374122619629,99100,0.0,0.0
2003-08-11,22.39164995962456,22.959518555674432,22.156668176644832,22.84202766418457,68600,0.0,0.0
2003-08-12,22.58746425790135,23.537176793340524,22.52871974943173,23.49801254272461,103200,0.0,0.0
2003-08-13,23.498013547569347,23.546966995478385,22.910562835389246,23.19449806213379,218500,0.0,0.0
2003-08-14,23.06721518128639,24.036507977019205,22.99867960999027,24.01692771911621,156400,0.0,0.0
2003-08-15,23.889646253010014,24.16379041117144,23.74278404478058,24.12462615966797,44300,0.0,0.0
2003-08-18,23.88964590024594,25.57367134094238,23.88964590024594,25.573671340942383,195200,0.0,0.0
2003-08-19,25.358273140307794,26.043632630905726,25.06454871145404,25.9261417388916,192500,0.0,0.0
2003-08-20,25.85760524463991,26.307984802662634,25.475763127205443,26.17091178894043,225700,0.0,0.0
2003-08-21,26.278611289888506,27.012924194335938,26.268820227068023,27.012924194335938,157700,0.0,0.0
2003-08-22,27.140204714229483,27.38497568633007,26.033840742014732,26.082794189453125,101300,0.0,0.0
2003-08-25,25.994676954695855,26.327565632098622,25.534508191205845,25.700952529907227,120700,0.0,0.0
2003-08-26,25.74990498598009,25.769487111532587,25.35827181220157,25.456180572509766,120200,0.0,0.0
2003-08-27,25.35827181220157,25.74990498598009,25.27994517744586,25.456180572509766,93500,0.0,0.0
2003-08-28,25.632417240946943,25.73032600611908,25.211410857924818,25.465972900390625,177400,0.0,0.0
2003-08-29,25.26036347214904,25.798860729075965,25.26036347214904,25.65199851989746,76500,0.0,0.0
2003-09-02,25.681370577400866,26.347147936712098,25.44639066248885,26.0730037689209,93600,0.0,0.0
2003-09-03,25.98488679933312,27.071668624877926,25.98488679933312,27.07166862487793,209500,0.0,0.0
2003-09-04,27.032506630313037,28.09970821309124,27.00313344151439,27.84514617919922,129800,0.0,0.0
2003-09-05,27.727655509207676,27.825564271851086,27.110833479226553,27.120624542236328,102900,0.0,0.0
2003-09-08,27.1010419623755,27.561210711402794,27.1010419623755,27.502466201782227,178100,0.0,0.0
2003-09-09,27.238114127278884,27.463302978802147,26.65066340671242,27.169578552246094,68600,0.0,0.0
2003-09-10,26.846480312174776,27.101042347419693,25.358272352644953,25.534507751464844,200900,0.0,0.0
2003-09-11,25.20161914073255,26.376520557403186,25.20161914073255,26.024049758911133,77100,0.0,0.0
2003-09-12,26.219866461385273,26.219866461385273,25.505133823821144,25.632415771484375,67700,0.0,0.0
2003-09-15,25.651998980692913,26.454847481581254,25.63241685446287,25.78907012939453,196900,0.0,0.0
2003-09-16,25.877187931762144,26.09258571877685,25.554090317512912,25.700952529907227,323700,0.0,0.0
2003-09-17,25.622625172710677,25.896769330949265,25.49534509019715,25.769487380981445,93800,0.0,0.0
2003-09-18,25.505134344662427,26.024049473704952,25.495345149215435,25.740116119384766,136200,0.0,0.0
2003-09-19,25.446389952819537,26.06321384628367,25.417016763979333,25.62262535095215,131900,0.0,0.0
2003-09-22,25.26036376918432,25.76948784328058,24.966639347373423,25.387645721435547,148000,0.0,0.0
2003-09-23,25.6813703831239,25.95551454884123,25.201619493709337,25.73032569885254,87700,0.0,0.0
2003-09-24,25.603044279907643,25.94572402734458,24.67291567109811,25.260364532470703,170900,0.0,0.0
2003-09-25,25.270154544180656,25.45618100518266,24.526050567626953,24.526050567626953,161200,0.0,0.0
2003-09-26,24.614168466849932,24.858939440044395,23.66445776313897,23.830902099609375,125000,0.0,0.0
2003-09-29,24.19316184504141,25.13308334350586,23.77215734414372,25.13308334350586,140200,0.0,0.0
2003-09-30,25.093919643350752,25.093919643350752,23.93860220503869,24.114835739135742,220200,0.0,0.0
2003-10-01,24.54563203174711,25.054756086313503,24.38897876379657,24.565214157104492,138800,0.0,0.0
2003-10-02,24.74144991159244,25.671578470195183,24.57500557853342,25.33868980407715,121000,0.0,0.0
2003-10-03,25.740117265191593,26.905225790494654,25.49534628412642,26.3569393157959,206600,0.0,0.0
2003-10-06,26.229658428053227,26.523382849399326,25.534507891934446,25.96530532836914,141100,0.0,0.0
2003-10-07,25.700952832331723,26.523383472362685,25.671579642525483,26.503801345825195,97400,0.0,0.0
2003-10-08,26.523383133555395,26.523383133555395,25.97509666968997,26.249238967895508,57100,0.0,0.0
2003-10-09,26.376521442470164,27.74723856294425,26.239448423204685,26.3569393157959,147300,0.0,0.0
2003-10-10,26.30798597417755,27.33602335187471,26.014259675225226,27.306650161743164,101400,0.0,0.0
2003-10-13,27.296858455981855,27.50246704715528,27.012925094542982,27.31644058227539,59300,0.0,0.0
2003-10-14,27.101043368074183,27.25769664682397,26.425474936306745,26.846481323242188,83800,0.0,0.0
2003-10-15,26.88564334194609,27.40455848787539,26.660454490251137,27.14020538330078,62600,0.0,0.0
2003-10-16,27.052086323434914,27.41434817456439,26.8660617339603,27.218530654907227,45500,0.0,0.0
2003-10-17,27.061877688957804,27.306648657540862,26.210075764063156,26.40589141845703,116400,0.0,0.0
2003-10-20,26.415682883982594,26.660453856297007,26.13174952717412,26.63108253479004,65500,0.0,0.0
2003-10-21,26.445055729425427,26.924806604835247,26.33735590542071,26.37652015686035,116000,0.0,0.0
2003-10-22,26.347146561309778,26.38631081214447,25.10370960912236,25.603042602539062,138300,0.0,0.0
2003-10-23,24.14420786191441,24.281279004863656,21.36360954738739,21.73566246032715,883500,0.0,0.0
2003-10-24,21.63775502723646,22.430812480346244,21.608381837323364,22.205623626708984,213000,0.0,0.0
2003-10-27,22.000014261676238,22.88119125366211,21.960851877284817,22.88119125366211,144000,0.0,0.0
2003-10-28,22.930145617901797,23.351152004806266,22.7637012758106,23.15533447265625,272000,0.0,0.0
2003-10-29,23.047636694982906,24.183373908644395,23.018263504689205,24.046300888061523,142900,0.0,0.0
2003-10-30,24.085465100263974,24.330236083259635,23.282616574830907,23.556758880615234,106400,0.0,0.0
2003-10-31,23.742785350136135,24.065882972986202,22.43081273190752,22.518930435180664,270600,0.0,0.0
2003-11-03,22.724535670535925,23.635083966193324,22.51892895471872,22.714746475219727,224500,0.0,0.0
2003-11-04,22.616839015995815,22.95951876285798,22.518930250113144,22.66579246520996,193600,0.0,0.0
2003-11-05,22.763700365579222,23.165124609726426,22.19583178599628,22.88119125366211,187800,0.0,0.0
2003-11-06,22.783281870421767,23.468639451950196,22.50913771733784,23.409894943237305,138200,0.0,0.0
2003-11-07,23.360942118420514,23.635084411340024,23.194497783096107,23.42947769165039,85600,0.0,0.0
2003-11-10,23.517596408050697,23.644876497061105,22.51893035290665,22.577674865722656,86500,0.0,0.0
2003-11-11,22.528719863541934,22.616837560419814,22.107713504559666,22.28394889831543,98100,0.0,0.0
2003-11-12,21.481100672685372,21.735662703477587,20.7467877687497,20.952394485473633,805100,0.0,0.0
2003-11-13,20.952394501889774,22.74411791419845,20.932812376247117,22.59725570678711,480600,0.0,0.0
2003-11-14,22.421021668493346,22.656001588070268,21.980435019582018,22.518930435180664,296900,0.0,0.0
2003-11-17,22.12729723588579,22.518930435180664,22.078341918814935,22.518930435180664,210900,0.0,0.0
2003-11-18,22.548303207233648,22.646210104650745,22.215414527143288,22.32311248779297,197900,0.0,0.0
2003-11-19,21.970643577346237,22.900772176202317,21.970643577346237,22.84202766418457,148700,0.0,0.0
2003-11-20,22.42102128190625,22.998680941201474,22.32311251690709,22.84202766418457,205100,0.0,0.0
2003-11-21,22.75390878028837,23.214077524186415,22.587464448673455,22.77349090576172,222000,0.0,0.0
2003-11-24,23.19449882971999,23.703621054167314,23.01826342348829,23.61550521850586,182600,0.0,0.0
2003-11-25,23.498014325199925,23.92881177738249,23.44906087567085,23.61550521850586,146600,0.0,0.0
2003-11-26,23.7819484275715,23.840692937696712,23.34135993299665,23.45884895324707,170100,0.0,0.0
2003-11-28,23.615503505631654,23.68403907698311,23.351150415458097,23.439268112182617,44400,0.0,0.0
2003-12-01,23.40989492385207,24.418351971101973,23.40989492385207,23.9875545501709,161800,0.0,0.0
2003-12-02,23.987555352828572,23.997346415842614,23.635084554140402,23.860275268554688,160000,0.0,0.0
2003-12-03,23.61550443536541,24.095255321167485,23.61550443536541,23.713411331176758,191400,0.0,0.0
2003-12-04,23.713411167123922,23.74278435613672,22.734327276149212,22.793073654174805,230500,0.0,0.0
2003-12-05,22.63641997765037,22.851817757543017,22.430811393133233,22.567882537841797,139000,0.0,0.0
2003-12-08,22.558093421620562,22.949726598915163,22.440602534705036,22.509138107299805,109300,0.0,0.0
2003-12-09,22.607047968446146,22.616839031786686,22.097923879464286,22.146879196166992,142700,0.0,0.0
2003-12-10,22.127295746316864,22.44060228466154,22.00001379795542,22.166458129882812,105800,0.0,0.0
2003-12-11,21.980433881709253,22.469975822349063,21.980433881709253,22.4210205078125,202800,0.0,0.0
2003-12-12,22.42102025852415,22.52872008185282,22.02938708385754,22.078340530395508,171900,0.0,0.0
2003-12-15,22.528720296057795,22.528720296057795,21.06988553939502,21.353818893432617,355000,0.0,0.0
2003-12-16,21.069885977042112,21.324448015146938,20.69783304925262,21.00135040283203,515300,0.0,0.0
2003-12-17,20.913231653426383,20.95239403638733,20.49222529873428,20.78594970703125,286300,0.0,0.0
2003-12-18,20.736996322899955,21.30486488342285,20.70762313500154,21.30486488342285,265500,0.0,0.0
2003-12-19,21.16779478165323,21.275492740997834,20.903441679940006,20.942604064941406,230100,0.0,0.0
2003-12-22,20.91323334498124,22.048970554525862,20.903442281585498,22.029388427734375,259600,0.0,0.0
2003-12-23,22.0783404673186,22.714746475219723,22.01959595815001,22.714746475219727,231600,0.0,0.0
2003-12-24,22.567883321962054,22.851818551528588,22.264367833509898,22.4699764251709,55300,0.0,0.0
2003-12-26,22.3035318268801,22.979098370665554,22.3035318268801,22.675582885742188,35500,0.0,0.0
2003-12-29,22.802864817422204,23.243451449825084,22.793073754374895,23.22386932373047,165200,0.0,0.0
2003-12-30,23.21407865781681,23.48822282546835,22.959518484049244,23.449060440063477,102000,0.0,0.0
2003-12-31,23.33156969251072,23.89943829028343,23.204289604843723,23.302196502685547,208000,0.0,0.0
2004-01-02,23.331568635169678,24.007137030898203,23.331568635169678,23.693830490112305,121700,0.0,0.0
2004-01-05,23.821111017943743,24.477097300289678,23.821111017943743,24.379188537597656,135800,0.0,0.0
2004-01-06,24.40856190823428,24.506470671654714,24.18337305958531,24.23232650756836,249700,0.0,0.0
2004-01-07,24.134416830376292,25.025382995605472,24.134416830376292,25.02538299560547,165800,0.0,0.0
2004-01-08,25.02538432090586,25.02538432090586,24.71207776719411,25.00580406188965,117900,0.0,0.0
2004-01-09,24.721867676641736,25.093918724946956,24.623958916312695,24.907894134521484,139600,0.0,0.0
2004-01-12,25.113501738242913,25.24078369140625,24.62395978674713,25.24078369140625,77900,0.0,0.0
2004-01-13,25.201619158848153,25.475763320922848,24.98622137486724,25.47576332092285,91300,0.0,0.0
2004-01-14,25.35827307195584,25.465972900390625,25.07433970715645,25.465972900390625,99400,0.0,0.0
2004-01-15,25.48555395852265,25.691160676055855,24.966638832082104,25.279945373535156,117800,0.0,0.0
2004-01-16,25.397436063306557,25.691160476776883,25.103709782381955,25.456180572509766,256400,0.0,0.0
2004-01-20,25.730325013992832,26.875853227191758,25.44638979268723,26.86606216430664,172800,0.0,0.0
2004-01-21,26.631082939920997,26.631082939920997,26.063214350210906,26.27861213684082,135600,0.0,0.0
2004-01-22,26.268821017304532,26.66045420463368,25.779279066279507,25.78907012939453,209700,0.0,0.0
2004-01-23,25.916350837294196,25.916350837294196,24.917686652488154,25.260364532470703,213100,0.0,0.0
2004-01-26,24.937266736049832,26.024050483350585,24.71207788294651,25.955514907836914,139100,0.0,0.0
2004-01-27,25.505134478149458,25.99467642105025,24.42814369773117,25.074338912963867,212600,0.0,0.0
2004-01-28,27.85493669099313,30.645324210753177,27.541628285702945,28.863391876220703,1394800,0.0,0.0
2004-01-29,29.666241753037493,31.213194257548242,29.548752729504926,29.85226821899414,759300,0.0,0.0
2004-01-30,29.54875270907013,30.194947940415435,28.931928799860476,29.881641387939453,266800,0.0,0.0
2004-02-02,29.66624045729345,30.13620213326009,29.186489586005294,29.901222229003906,209900,0.0,0.0
2004-02-03,29.578122876377595,30.077455875185958,29.568333681017485,29.78373146057129,173700,0.0,0.0
2004-02-04,29.587914930892754,29.852268033378873,28.148662263114467,28.413015365600586,340900,0.0,0.0
2004-02-05,28.589250288330238,29.519378861839876,28.197615239005845,29.343143463134766,164500,0.0,0.0
2004-02-06,29.147328199336215,30.106829974732133,29.13753713622552,30.087247848510742,180500,0.0,0.0
2004-02-09,29.73477958504765,29.959968439314135,29.029837964798652,29.529170989990234,105400,0.0,0.0
2004-02-10,29.1375370405188,29.72498775305048,28.89276606591846,29.656452178955078,123600,0.0,0.0
2004-02-11,29.46063407292814,29.76414955257649,29.284398675889,29.578123092651367,204200,0.0,0.0
2004-02-12,29.65645263896274,29.65645263896274,28.34448004535829,28.726322174072266,134200,0.0,0.0
2004-02-13,28.64799477177186,29.274607862173955,28.226988401362586,28.275941848754883,180300,0.0,0.0
2004-02-17,28.413014612951564,29.65645158730353,28.413014612951564,29.0592098236084,255400,0.0,0.0
2004-02-18,29.176698498379714,29.372516018820228,28.158452247470173,28.25636100769043,200900,0.0,0.0
2004-02-19,28.65778672763252,29.176700008994178,27.45351395669907,27.541629791259766,175100,0.0,0.0
2004-02-20,27.502466682734727,27.649328893081556,26.376520580136624,27.091251373291016,307200,0.0,0.0
2004-02-23,27.267486126258234,27.512257093518265,26.562544545378607,27.101041793823242,228600,0.0,0.0
2004-02-24,26.846479880713336,27.120624037522198,26.552755465703637,26.983551025390625,154200,0.0,0.0
2004-02-25,27.01292461715756,27.218531337243057,26.640871693972876,27.208742141723633,167600,0.0,0.0
2004-02-26,27.0227153078335,27.7276550251415,26.826897785965244,27.53183937072754,130000,0.0,0.0
2004-02-27,27.41434874742392,28.040961835493945,27.238113349540647,27.84514617919922,115000,0.0,0.0
2004-03-01,27.7668195488491,28.55987697203113,27.688492912824383,28.364059448242188,168500,0.0,0.0
2004-03-02,28.53050319675357,28.7850652254647,28.305314356243283,28.344478607177734,124700,0.0,0.0
2004-03-03,28.246570408175664,28.873183495935116,28.099708199163832,28.3934326171875,112700,0.0,0.0
2004-03-04,28.57945959906121,29.029837297237428,28.158453222750367,29.02004623413086,74500,0.0,0.0
2004-03-05,28.589250404348533,29.26481694552057,28.569668278311987,28.70673942565918,86500,0.0,0.0
2004-03-08,28.589249791167095,29.069000664046925,28.080125729862438,28.138870239257812,85000,0.0,0.0
2004-03-09,28.10949744354378,28.12907956943391,26.915015776060535,27.267486572265625,99200,0.0,0.0
2004-03-10,27.34581449653424,27.81577433530959,26.2100772857666,26.2100772857666,119000,0.0,0.0
2004-03-11,26.112166912714322,26.61149991098912,25.945722579956055,25.945722579956055,206600,0.0,0.0
2004-03-12,26.278612493007145,26.503801345825195,25.896770362797902,26.503801345825195,199900,0.0,0.0
2004-03-15,26.22965867877531,26.278612126982814,25.064548310384072,25.211410522460938,110100,0.0,0.0
2004-03-16,25.789069806941956,26.18070298937434,25.20161909956623,25.50513458251953,112800,0.0,0.0
2004-03-17,25.945723323326735,26.16112110882174,25.5149258848824,25.847814559936523,170000,0.0,0.0
2004-03-18,25.78907049715785,26.10237705148906,25.182037647550363,25.495346069335938,81900,0.0,0.0
2004-03-19,25.612834855892476,25.67157936742106,24.780613161511106,25.152666091918945,134000,0.0,0.0
2004-03-22,24.966639988366936,24.976431051672588,23.87985623834674,24.310653686523438,167700,0.0,0.0
2004-03-23,24.281280292714673,24.839359691724198,24.212744717605002,24.486888885498047,160800,0.0,0.0
2004-03-24,24.37918851752325,25.142874624947005,24.37918851752325,24.40856170654297,162300,0.0,0.0
2004-03-25,24.770821282006807,25.85760498046875,24.69249464673189,25.85760498046875,235500,0.0,0.0
2004-03-26,25.642208659837188,26.131750625032875,25.554090956705615,25.691162109375,97500,0.0,0.0
2004-03-29,25.984886831171778,26.180702484887558,25.583460726027727,25.945722579956055,150300,0.0,0.0
2004-03-30,25.71074382689391,26.043632507324222,25.671579573923584,26.04363250732422,99500,0.0,0.0
2004-03-31,25.994676285001084,26.03384053660624,25.260363374493096,25.740116119384766,148800,0.0,0.0
2004-04-01,25.945723323326735,26.04363208671695,25.456181373830006,25.847814559936523,160800,0.0,0.0
2004-04-02,26.249238766544497,27.218531600881064,26.121958681561736,26.425474166870117,135200,0.0,0.0
2004-04-05,26.621290749318877,27.463301601359916,26.190493326849854,27.24790382385254,131300,0.0,0.0
2004-04-06,27.003134498488023,27.267487605660406,26.562545986534055,26.934598922729492,112300,0.0,0.0
2004-04-07,26.826898991548624,27.41434971609876,26.39610154455128,27.022716522216797,114900,0.0,0.0
2004-04-08,27.414348273198964,28.138870110610426,27.04229722545686,27.130413055419922,146000,0.0,0.0
2004-04-12,27.022715002704327,27.433930300020965,26.856270671232014,27.218530654907227,108100,0.0,0.0
2004-04-13,27.169577616587883,27.228322126385194,25.211409860437406,25.250574111938477,260400,0.0,0.0
2004-04-14,24.98622123371096,25.544298750268876,24.25190831877595,25.044965744018555,351300,0.0,0.0
2004-04-15,25.11350079080061,25.417016266390235,24.54563222318732,24.937265396118164,260100,0.0,0.0
2004-04-16,24.839359123446698,25.05475690707125,24.036508764582123,24.95684814453125,242700,0.0,0.0
2004-04-19,25.10370978772529,25.133082976060283,24.623958916312695,24.907894134521484,118900,0.0,0.0
2004-04-20,24.976429647138385,25.76948705575513,24.6924944296046,24.937265396118164,163700,0.0,0.0
2004-04-21,24.584796727615807,25.00580309315135,24.40856133111681,24.731658935546875,138900,0.0,0.0
2004-04-22,24.545633875309008,25.21141124783084,24.457516172036744,25.14287567138672,153600,0.0,0.0
2004-04-23,26.082794245105493,26.22965832264266,24.584797087824416,24.95684814453125,190800,0.0,0.0
2004-04-26,25.074339947734302,25.35827331525791,24.545633731204678,24.741451263427734,163200,0.0,0.0
2004-04-27,24.79040384946327,25.475763320922848,24.79040384946327,25.47576332092285,218300,0.0,0.0
2004-04-28,25.485554152788335,25.681369808961964,24.398770444816467,24.584796905517578,255100,0.0,0.0
2004-04-29,24.320444545608403,25.84781492683112,24.222535780828434,24.486888885498047,298800,0.0,0.0
2004-04-30,24.55542319397131,25.005802741745615,23.889645868755373,23.928810119628906,171100,0.0,0.0
2004-05-03,24.62395919056797,24.878521223277012,23.87006415532823,24.672914505004883,187900,0.0,0.0
2004-05-04,24.780613261893674,25.250574958389127,24.477097772403095,25.06454849243164,173400,0.0,0.0
2004-05-05,25.289736615340882,25.417016698411476,24.87852130991037,25.13308334350586,135400,0.0,0.0
2004-05-06,24.878520965576172,25.1820364421239,24.379187968217746,24.878520965576172,123000,0.0,0.0
2004-05-07,24.584798108825304,25.28973786697154,24.320444999225067,24.623960494995117,226800,0.0,0.0
2004-05-10,24.47709693343647,24.61416807867834,24.016928183371412,24.15399932861328,149600,0.0,0.0
2004-05-11,24.672915381707323,25.093919896098512,24.281280322113265,25.00580406188965,154600,0.0,0.0
2004-05-12,24.956847652943413,25.446389588546353,24.271490063571864,25.397436141967773,196200,0.0,0.0
2004-05-13,25.368064423198433,25.436599999360638,24.79040475632501,25.230993270874023,125500,0.0,0.0
2004-05-14,24.966638565063477,25.436598372216825,24.68270334774941,24.966638565063477,103400,0.0,0.0
2004-05-17,24.672914906925968,24.761032606893544,23.723202333376392,24.320444107055664,220100,0.0,0.0
2004-05-18,24.24211829994283,25.289737804912555,24.24211829994283,25.20162010192871,121100,0.0,0.0
2004-05-19,25.436598253488782,25.632415772615815,24.98622057393258,25.084129333496094,158900,0.0,0.0
2004-05-20,24.996013019431185,25.43659966065917,24.731659914221776,24.976430892944336,74300,0.0,0.0
2004-05-21,25.015592376926264,25.72053396541262,24.87852123136694,25.19182777404785,98200,0.0,0.0
2004-05-24,25.505133901823353,25.798860181399235,24.956847461051016,25.573671340942383,150200,0.0,0.0
2004-05-25,25.984888369210843,26.435266080123732,25.12329346601013,26.23944854736328,126700,0.0,0.0
2004-05-26,26.435264946433506,26.435264946433506,25.945723002981033,26.14154052734375,98500,0.0,0.0
2004-05-27,26.131749844519874,26.43526533098845,25.95551444352059,26.337356567382812,202900,0.0,0.0
2004-05-28,26.435264489195987,26.533173249683866,26.092584761215555,26.52338218688965,119400,0.0,0.0
2004-06-01,26.229658388353283,26.6212915720401,25.749905637450816,26.542964935302734,156700,0.0,0.0
2004-06-02,26.542964835360507,26.875853507104456,26.22965828959075,26.63108253479004,121900,0.0,0.0
2004-06-03,26.49401063350322,26.836690382631076,25.65199972323563,25.691162109375,117000,0.0,0.0
2004-06-04,26.19049395921143,27.433930943034053,25.73032520492192,26.68982696533203,342100,0.0,0.0
2004-06-07,27.16957736017679,27.80598150142881,26.78773524891643,27.649328231811523,151700,0.0,0.0
2004-06-08,27.198950548525385,27.952843708263234,27.198950548525385,27.649328231811523,93400,0.0,0.0
2004-06-09,27.277277208599994,27.894099224857626,27.061877562085993,27.07166862487793,85200,0.0,0.0
2004-06-10,27.052086597729268,27.414348452531897,26.944388641534665,26.983551025390625,111400,0.0,0.0
2004-06-14,27.022715008116354,27.022715008116354,26.121957778930668,26.121957778930664,117000,0.0,0.0
2004-06-15,26.758362879601833,27.218531639755923,26.425474204612293,26.94438934326172,134500,0.0,0.0
2004-06-16,26.670245836376754,26.96397213372682,25.81844386920664,26.90522575378418,233100,0.0,0.0
2004-06-17,26.640871670456534,26.92480689408128,26.112167342521726,26.66045379638672,102800,0.0,0.0
2004-06-18,26.249239593914453,27.66891203688138,26.200286144482927,27.306650161743164,390800,0.0,0.0
2004-06-21,27.463301773845636,27.9626347710461,26.728988872219237,27.649328231811523,274200,0.0,0.0
2004-06-22,27.610166981327048,28.334688849906836,26.83668979682368,28.29552459716797,196400,0.0,0.0
2004-06-23,27.805982820620077,29.372517458567902,27.805982820620077,29.215864181518555,288500,0.0,0.0
2004-06-24,29.372515961168727,33.64132221177728,27.580792562235604,27.737445831298828,910800,0.0,0.0
2004-06-25,27.43393155895029,28.83402184662195,27.43393155895029,28.32489776611328,275900,0.0,0.0
2004-06-28,28.29552331610148,29.020045151878882,27.65911917754268,27.76681900024414,243600,0.0,0.0
2004-06-29,28.148662238024087,28.96130180358887,27.57100258530829,28.961301803588867,278600,0.0,0.0
2004-06-30,28.550086192473245,29.225654602050785,28.550086192473245,29.22565460205078,111200,0.0,0.0
2004-07-01,28.716530631217964,29.19628151676882,28.011590897491992,28.04096221923828,80200,0.0,0.0
2004-07-02,28.393433942282236,28.393433942282236,27.659120995499073,27.825565338134766,49400,0.0,0.0
2004-07-06,27.57100327056394,27.972427531756498,27.277278839066003,27.306650161743164,113000,0.0,0.0
2004-07-07,27.64932824362449,27.659119306411537,26.435264469844654,26.55275535583496,166500,0.0,0.0
2004-07-08,26.347147998026784,26.787736506671127,25.975096932080515,26.04363250732422,165000,0.0,0.0
2004-07-09,26.31777480620732,27.247905272180617,25.965305866774226,27.1108341217041,186800,0.0,0.0
2004-07-12,27.169578417277744,27.20874266993299,26.542965314428624,26.738780975341797,87600,0.0,0.0
2004-07-13,26.709408716718197,27.14020427609361,26.709408716718197,27.012924194335938,76400,0.0,0.0
2004-07-14,26.631082554828115,27.48288449334878,26.39610077786967,26.601709365844727,120000,0.0,0.0
2004-07-15,26.689827861209857,27.228323269782525,26.601710159086423,26.993343353271484,86700,0.0,0.0
2004-07-16,27.003134295644823,27.424140677804,25.945723742352772,26.04363250732422,103900,0.0,0.0
2004-07-19,26.20028515815716,26.445056131009014,25.838023296656512,26.024049758911133,100000,0.0,0.0
2004-07-20,26.04363176516239,26.24923848503436,25.182036898911626,26.14154052734375,163800,0.0,0.0
2004-07-21,26.48421890764647,26.963971664897898,25.651999081593907,25.700952529907227,224300,0.0,0.0
2004-07-22,25.74011593351908,27.081459794586944,25.583460795683937,26.435264587402344,478000,0.0,0.0
2004-07-23,26.298193799852196,26.66045379223261,25.9555140659446,26.14154052734375,262800,0.0,0.0
2004-07-26,26.063213315875558,26.435264363008386,24.496678757910132,24.966638565063477,154400,0.0,0.0
2004-07-27,25.299528808993877,25.779279708862305,24.692495952911838,25.779279708862305,164000,0.0,0.0
2004-07-28,24.340026033474,25.16245664812161,23.37073320923667,24.496679306030273,210300,0.0,0.0
2004-07-29,24.86872987811484,25.691160476776883,24.61416784829523,25.456180572509766,139600,0.0,0.0
2004-07-30,25.04496553505192,26.180702684612186,24.653332357178428,25.769487380981445,147500,0.0,0.0
2004-08-02,25.407228415839594,26.425474719353385,25.025384417999344,25.984888076782227,165600,0.0,0.0
2004-08-03,25.632415793839556,25.789069062289187,24.20295238491886,24.5064697265625,224000,0.0,0.0
2004-08-04,24.15399934681432,25.50513427687826,24.15399934681432,25.250574111938477,266000,0.0,0.0
2004-08-05,25.035174781072385,25.524716726318086,24.682703982910102,24.95684814453125,98100,0.0,0.0
2004-08-06,24.633750030547766,25.319109486828403,23.752574920654293,23.752574920654297,153100,0.0,0.0
2004-08-09,23.742784730614886,24.7120775738733,23.49801375401061,24.60437774658203,168100,0.0,0.0
2004-08-10,24.614169225719415,24.8883133964328,24.300862669163763,24.800195693969727,145100,0.0,0.0
2004-08-11,24.379189107275895,25.064548594680804,23.97776485156725,24.976430892944336,210300,0.0,0.0
2004-08-12,24.535841463182958,24.956847829573814,23.82111068033323,24.12462615966797,107500,0.0,0.0
2004-08-13,24.016928301802626,24.78061253472094,23.850483967136324,24.036508560180664,77200,0.0,0.0
2004-08-16,24.47709718009716,24.672914704519666,24.144208509051495,24.496679306030273,161900,0.0,0.0
2004-08-17,24.868730992917186,25.29952843711226,24.340026651479267,24.51626205444336,209800,0.0,0.0
2004-08-18,24.330235903356833,25.446390979978563,24.291071649989007,25.289737701416016,173500,0.0,0.0
2004-08-19,25.230992509895803,25.319110210147937,24.57500622327122,24.78061294555664,140500,0.0,0.0
2004-08-20,24.92747448365987,25.42680748245271,24.721867766926852,25.36806297302246,133900,0.0,0.0
2004-08-23,25.0743401162063,25.779279875527834,24.956849222592176,25.113502502441406,199300,0.0,0.0
2004-08-24,25.368062680910832,25.651997896887067,24.839358367218004,25.632415771484375,170000,0.0,0.0
2004-08-25,25.446391045354087,25.93593300898334,25.015593594473113,25.749906539916992,96700,0.0,0.0
2004-08-26,25.534507109258403,25.85760470981735,25.358271714870927,25.54429817199707,59300,0.0,0.0
2004-08-27,25.554089405070215,25.945722579956055,25.49534489570091,25.945722579956055,59300,0.0,0.0
2004-08-30,25.67157936742106,25.67157936742106,24.89810405202262,25.152666091918945,75900,0.0,0.0
2004-08-31,24.829568140227337,25.27994583492242,24.34981725643958,24.898103713989258,199400,0.0,0.0
2004-09-01,24.52605059234788,26.15132969338216,24.52605059234788,25.074338912963867,159000,0.0,0.0
2004-09-02,25.015593075079785,25.563881407527717,24.623959885798655,25.152666091918945,169800,0.0,0.0
2004-09-03,24.927474670259624,25.397436351582474,24.477096982165836,24.672914505004883,89100,0.0,0.0
2004-09-07,24.780612012622218,25.113500674941246,24.35960565336849,24.5064697265625,169800,0.0,0.0
2004-09-08,24.300862932849537,24.97643136991216,24.300862932849537,24.594589233398438,191000,0.0,0.0
2004-09-09,24.937266018532384,25.13308354361239,24.770821682450674,24.95684814453125,177500,0.0,0.0
2004-09-10,24.95684806073255,25.08413001184347,24.251908334229302,24.496679306030273,253200,0.0,0.0
2004-09-13,24.330234331153523,25.377853764139477,24.330234331153523,25.05475616455078,130900,0.0,0.0
2004-09-14,25.064547790298022,25.338690082498594,24.506470275513365,25.103710174560547,103800,0.0,0.0
2004-09-15,25.035174434152037,25.035174434152037,24.545632495690075,24.702285766601562,110100,0.0,0.0
2004-09-16,24.80998599509338,25.456181215000903,24.71207723231405,25.44639015197754,182000,0.0,0.0
2004-09-17,25.50513454254663,26.161120822388146,24.86873038865963,25.563880920410156,183500,0.0,0.0
2004-09-20,24.868730180286637,25.456180881819485,24.643541336059574,24.64354133605957,114300,0.0,0.0
2004-09-21,24.82956905179662,25.926142007154517,24.82956905179662,25.720535278320312,120600,0.0,0.0
2004-09-22,25.24078355233181,25.26036381101845,24.526050887820773,24.809986114501953,120900,0.0,0.0
2004-09-23,24.73165937737274,25.152665750429474,24.486888403963416,24.898103713989258,53800,0.0,0.0
2004-09-24,24.878521912662386,25.21141059024055,24.555424298242915,24.60437774658203,57900,0.0,0.0
2004-09-27,24.47709811040815,24.623960325579723,23.791738616334968,24.251909255981445,59500,0.0,0.0
2004-09-28,24.477097200059504,24.702286046111013,24.163790654691432,24.46730613708496,76900,0.0,0.0
2004-09-29,24.222534584643547,25.32890039734898,24.222534584643547,24.99601173400879,91100,0.0,0.0
2004-09-30,24.761031999174808,25.397436141967773,24.74144987356166,25.397436141967773,104000,0.0,0.0
2004-10-01,25.446390692536124,26.024050351005656,25.270155289280417,25.524717330932617,241400,0.0,0.0
2004-10-04,25.847814769461156,25.847814769461156,25.04496626457125,25.152666091918945,132500,0.0,0.0
2004-10-05,25.00580309315135,25.387645207262985,24.721867872690897,24.731658935546875,178200,0.0,0.0
2004-10-06,25.103710154741428,25.21140997942337,24.663123528000785,25.13308334350586,141000,0.0,0.0
2004-10-07,24.73166009275511,25.201619927105927,24.281280517578125,24.281280517578125,184400,0.0,0.0
2004-10-08,24.16379156655126,24.447724933710393,23.008472236317914,23.184707641601562,283600,0.0,0.0
2004-10-11,23.263032756770038,23.64487486489778,22.998679666164247,23.380521774291992,121700,0.0,0.0
2004-10-12,22.9203534790523,23.55675762749615,22.61683799917064,22.998680114746094,178300,0.0,0.0
2004-10-13,23.488222484496674,23.498013547569347,22.910562835389246,23.19449806213379,149600,0.0,0.0
2004-10-14,23.125962978637908,23.272825192934658,22.783283233642575,22.783283233642578,64300,0.0,0.0
2004-10-15,22.900772346830063,23.59592290279454,22.78328332191919,23.214078903198242,138400,0.0,0.0
2004-10-18,23.292406926929445,23.850484452323983,22.881191613356467,23.106380462646484,113700,0.0,0.0
2004-10-19,23.11617170879447,23.703620560732105,22.861609668142794,22.959518432617188,49400,0.0,0.0
2004-10-20,22.861608720952088,22.871399783739307,22.421020232798746,22.6560001373291,108200,0.0,0.0
2004-10-21,22.86160886180878,23.830901674263934,22.548302320504604,23.63508415222168,101200,0.0,0.0
2004-10-22,23.63508503786038,23.781949118622414,22.127296784471593,22.381858825683594,177600,0.0,0.0
2004-10-25,22.14687863156151,22.959518193565444,22.14687863156151,22.616838455200195,84900,0.0,0.0
2004-10-26,22.57767406307257,23.351151235379017,22.30353176804088,23.282615661621094,136500,0.0,0.0
2004-10-27,23.429477049224907,23.987554550170895,23.125961575763,23.9875545501709,121100,0.0,0.0
2004-10-28,23.84069306270094,23.987555272511166,23.654666600965687,23.91901969909668,58400,0.0,0.0
2004-10-29,23.987555597080373,24.10504648699088,23.253242670639136,23.625293731689453,79800,0.0,0.0
2004-11-01,23.429477560500445,24.19316179216346,23.282615351907886,24.09525489807129,88800,0.0,0.0
2004-11-02,24.21274518974178,24.23232731657049,23.321778961033925,23.556758880615234,112200,0.0,0.0
2004-11-03,24.09525479927351,24.281279391249317,23.45884878555805,24.183372497558594,108200,0.0,0.0
2004-11-04,24.99601333519328,26.728990467175503,24.74145129001154,25.749906539916992,492900,0.0,0.0
2004-11-05,26.327566207902535,26.34714833463788,25.46597317354567,26.298194885253906,123100,0.0,0.0
2004-11-08,25.720534295330733,26.337356325713994,25.642207658655806,25.99467658996582,151100,0.0,0.0
2004-11-09,25.90655904884649,26.621291713766126,25.90655904884649,26.396100997924805,168400,0.0,0.0
2004-11-10,26.24923837179347,27.110833234327263,26.102376162882162,26.777944564819336,195700,0.0,0.0
2004-11-11,26.50380102113154,26.934598462406885,26.16112128074102,26.797527313232422,182900,0.0,0.0
2004-11-12,26.875854577873444,27.41434999143779,26.278612784046,27.306650161743164,199900,0.0,0.0
2004-11-15,26.689827709305654,27.659120559692383,26.680036646074953,27.659120559692383,111900,0.0,0.0
2004-11-16,27.40455765856783,27.737446328153712,27.27727757546937,27.296857833862305,122900,0.0,0.0
2004-11-17,27.3751851476861,28.34447985912975,27.3751851476861,27.80598258972168,174200,0.0,0.0
2004-11-18,27.70807354478188,28.168244171653317,27.61995584463434,28.04096221923828,79700,0.0,0.0
2004-11-19,27.688492385011923,28.119287941208658,27.384975042179438,27.737445831298828,130000,0.0,0.0
2004-11-22,27.2968580191189,28.2465705871582,27.257695634612936,28.246570587158203,101700,0.0,0.0
2004-11-23,27.600375785365472,28.13887118575383,27.316440556737696,27.864727020263672,127500,0.0,0.0
2004-11-24,28.26615223987535,28.853601069809297,27.766819240468067,28.657785415649414,154700,0.0,0.0
2004-11-26,28.804647842335587,28.804647842335587,28.393432537779912,28.452177047729492,49300,0.0,0.0
2004-11-29,28.64799527337899,29.235445989643974,28.64799527337899,28.931928634643555,344900,0.0,0.0
2004-11-30,28.79485632740253,28.922138275658526,28.05075236572328,28.28573226928711,148900,0.0,0.0
2004-12-01,28.4032242669752,30.371183137267245,28.4032242669752,30.057876586914062,196400,0.0,0.0
2004-12-02,30.05787710060028,30.106830549634193,29.411681862589848,29.61728858947754,112300,0.0,0.0
2004-12-03,31.066331439825234,31.144658076474087,30.145993926064786,30.351600646972656,183800,0.0,0.0
2004-12-06,30.185156571336833,30.664907458385912,29.96975878555592,30.145994186401367,87000,0.0,0.0
2004-12-07,30.44950973855999,30.69428071416344,29.303981498037672,29.53896141052246,171700,0.0,0.0
2004-12-08,29.636869678956856,30.557207187277815,29.45084321771993,30.498462677001953,129400,0.0,0.0
2004-12-09,29.842476433790207,30.07745634262466,29.480216441299127,29.92080307006836,146100,0.0,0.0
2004-12-10,29.685823161233905,30.21452935670216,29.646660776821985,29.92080307006836,62900,0.0,0.0
2004-12-13,29.568334140543836,30.018711832279624,29.098372455420616,29.92080307006836,175400,0.0,0.0
2004-12-14,29.499797149325467,30.655116452624842,29.441052638085225,30.635536193847656,109300,0.0,0.0
2004-12-15,30.302647029153235,31.604826655830735,30.06766525307224,31.59503746032715,219000,0.0,0.0
2004-12-16,31.017378782540977,31.506920740933467,30.49846363436136,30.772607803344727,127500,0.0,0.0
2004-12-17,30.841142277122596,31.2131933305318,30.351600336215892,31.16423988342285,131400,0.0,0.0
2004-12-20,31.222985591617864,31.555874273605284,30.33201937437342,30.713863372802734,151800,0.0,0.0
2004-12-21,30.33201945076055,31.115287708714124,30.018712894560874,30.106830596923828,191500,0.0,0.0
2004-12-22,29.92080240854555,30.243900009481308,29.6858225049063,29.9599666595459,126700,0.0,0.0
2004-12-23,29.676032535133302,30.498463161888186,29.333352796076376,30.087247848510742,136000,0.0,0.0
2004-12-27,30.429926674428643,30.429926674428643,29.15711838750222,29.235445022583008,98300,0.0,0.0
2004-12-28,29.127746695403555,30.204739383682462,29.127746695403555,30.077457427978516,152600,0.0,0.0
2004-12-29,30.312436677174357,30.312436677174357,29.911012427179344,30.116621017456055,154400,0.0,0.0
2004-12-30,30.116621763448055,30.253692915391568,29.920804231424988,30.018712997436523,111900,0.0,0.0
2004-12-31,30.283065092189055,30.283065092189055,29.744567830870423,29.803314208984375,131900,0.0,0.0
2005-01-03,30.341810487896264,30.51804589247013,29.06900213756959,29.587915420532227,249100,0.0,0.0
2005-01-04,29.891432605952843,30.1068303950321,29.029837714727073,29.215864181518555,212700,0.0,0.0
2005-01-05,29.186489937943698,29.499796480729874,28.48155021667481,28.481550216674805,91700,0.0,0.0
2005-01-06,28.96130160552683,28.96130160552683,28.031171156171407,28.04096221923828,76200,0.0,0.0
2005-01-07,28.021381577082487,28.608830413420982,27.600375208240074,27.84514617919922,182500,0.0,0.0
2005-01-10,27.649329808692624,28.23678053698776,27.40455882752418,27.943056106567383,162600,0.0,0.0
2005-01-11,27.619956537736506,28.26615364418573,27.619956537736506,28.001800537109375,114600,0.0,0.0
2005-01-12,27.97242628238322,28.266152568216423,27.247904431921555,27.815773010253906,120300,0.0,0.0
2005-01-13,27.943055585959954,28.197615758272562,27.75702912085057,27.835355758666992,85900,0.0,0.0
2005-01-14,28.197614549592245,28.863391876220703,27.90389013723464,28.863391876220703,112400,0.0,0.0
2005-01-18,28.461968612078607,28.87318392387915,27.97242666314721,28.589250564575195,128900,0.0,0.0
2005-01-19,28.39343219050917,28.599038906545147,28.080125651337614,28.197614669799805,190600,0.0,0.0
2005-01-20,28.0801257493216,28.354268038326172,27.757028146241716,28.1094970703125,230500,0.0,0.0
2005-01-21,28.001799417792924,28.65778569387859,27.93326384479886,28.422805786132812,251800,0.0,0.0
2005-01-24,28.06054402625372,28.51092358493635,28.021381641885927,28.334688186645508,180500,0.0,0.0
2005-01-25,28.344478913748635,29.06900075678391,28.344478913748635,28.59903907775879,158300,0.0,0.0
2005-01-26,28.559878030237343,29.656452842668173,28.099709259973665,29.61728858947754,328600,0.0,0.0
2005-01-27,29.61728697593878,29.891431130974812,29.284398311771557,29.352933883666992,257600,0.0,0.0
2005-01-28,29.862058244304468,29.862058244304468,28.579458888501872,29.088581085205078,244700,0.0,0.0
2005-01-31,29.21586335943866,29.529169904721492,29.14732778608983,29.372516632080078,309800,0.0,0.0
2005-02-01,29.22565516341428,29.450844015114093,29.13753746188751,29.274608612060547,338500,0.0,0.0
2005-02-02,29.17669845043344,29.656451187978888,28.873182974958265,29.411680221557617,176000,0.0,0.0
2005-02-03,29.010255690104476,29.362726498430423,28.59904036954233,29.12774658203125,149100,0.0,0.0
2005-02-04,29.127745482889125,29.617287423778016,29.029836721220484,29.519378662109375,191200,0.0,0.0
2005-02-07,29.36272598902655,30.302647505771237,29.32356360403329,29.568334579467773,187800,0.0,0.0
2005-02-08,29.568334835463467,30.145994491886448,29.460635007754465,29.881641387939453,119200,0.0,0.0
2005-02-09,29.676033179957635,29.969759477297746,28.91234891527298,29.010255813598633,205000,0.0,0.0
2005-02-10,28.88297444622399,29.157118604776784,28.75569436356459,29.029836654663086,106500,0.0,0.0
2005-02-11,28.76548465763855,29.813106017412228,28.46196916627837,29.705406188964844,147900,0.0,0.0
2005-02-14,29.45084432981767,29.80331513969116,29.362726627349296,29.558544158935547,79600,0.0,0.0
2005-02-15,29.303981720477953,29.783732612207878,29.07879286940246,29.33335304260254,110200,0.0,0.0
2005-02-16,29.137536545801417,29.959967155891103,28.96130114828873,29.519378662109375,120100,0.0,0.0
2005-02-17,29.264817872968774,29.54875310713412,28.46196935456996,28.491342544555664,192800,0.0,0.0
2005-02-18,28.696948300340882,28.77527493686271,28.1584529076851,28.21719741821289,130100,0.0,0.0
2005-02-22,27.943054559596213,28.922138430066365,27.894099245600135,28.716529846191406,159900,0.0,0.0
2005-02-23,28.990674957290736,29.020046279201726,28.334688667766404,28.442386627197266,98000,0.0,0.0
2005-02-24,28.344480114696626,29.31377296742551,28.256362412861783,29.186491012573242,79400,0.0,0.0
2005-02-25,29.147327589191015,29.54875183105469,28.71653015861013,29.548751831054688,82800,0.0,0.0
2005-02-28,29.558543335573447,29.813105372562912,29.088581646348256,29.71519660949707,186000,0.0,0.0
2005-03-01,29.499797114080266,30.322227740278425,29.460634729118343,30.116621017456055,166100,0.0,0.0
2005-03-02,29.930593767045117,30.3516001321875,29.38230731980248,29.695613861083984,166900,0.0,0.0
2005-03-03,30.224321048051888,30.302647685958497,29.75435935315786,29.940385818481445,140600,0.0,0.0
2005-03-04,29.822895050048828,30.283065683657593,29.715197089645077,29.822895050048828,100300,0.0,0.0
2005-03-07,29.705406317667503,30.351601556242773,29.705406317667503,30.13620376586914,126600,0.0,0.0
2005-03-08,29.81310561101885,30.312436758485266,29.81310561101885,30.057876586914062,147600,0.0,0.0
2005-03-09,29.862058619513196,30.22432048018391,29.862058619513196,29.89143180847168,215800,0.0,0.0
2005-03-10,30.01871136575388,30.351600031626123,29.490007045956624,29.78373146057129,201700,0.0,0.0
2005-03-11,29.989339348194097,30.332019090260086,29.705405985308122,29.881641387939453,119500,0.0,0.0
2005-03-14,30.214529519722756,30.47888075142886,29.979549609620484,30.322227478027344,101700,0.0,0.0
2005-03-15,30.08724792933638,30.53762749636649,29.8620590795485,30.02850341796875,159000,0.0,0.0
2005-03-16,29.76415095278829,30.459301510761225,29.76415095278829,30.018712997436523,272100,0.0,0.0
2005-03-17,29.832686392109455,30.655117034912113,29.832686392109455,30.65511703491211,191400,0.0,0.0
2005-03-18,30.586580518700334,30.96842263845458,30.52783600815068,30.92926025390625,396700,0.0,0.0
2005-03-21,30.645324637135598,31.477548174454547,30.60616225308836,31.28173065185547,193800,0.0,0.0
2005-03-22,31.04675094584433,32.45663421454614,31.04675094584433,32.172698974609375,294600,0.0,0.0
2005-03-23,31.918132781982425,32.172696680639994,31.849597209630442,31.918132781982422,159000,0.0,0.0
2005-03-24,31.83980793656073,32.50558526770559,31.830015006300872,32.03562545776367,98600,0.0,0.0
2005-03-28,32.30976871746607,32.62307526684274,32.04541561613412,32.25102233886719,232800,0.0,0.0
2005-03-29,32.21186193701413,32.76993946352657,31.88876245592341,32.7111930847168,178000,0.0,0.0
2005-03-30,32.79931074030259,33.28885269165039,32.72098223533077,33.28885269165039,184400,0.0,0.0
2005-03-31,33.28885293652043,33.28885293652043,32.63286850964518,33.053871154785156,240000,0.0,0.0
2005-04-01,33.11261676644275,33.14198808788811,32.652446144286166,32.66223907470703,174700,0.0,0.0
2005-04-04,32.80910002227319,32.907010653745516,32.505586401980736,32.65244674682617,87000,0.0,0.0
2005-04-05,32.59370564696738,33.181154523996724,32.59370564696738,32.975547790527344,182000,0.0,0.0
2005-04-06,32.809100897269374,33.17136464101525,32.809100897269374,32.98533630371094,193600,0.0,0.0
2005-04-07,32.84826387125318,33.07345271850957,32.701403528212225,33.00491714477539,124800,0.0,0.0
2005-04-08,33.08324727096177,33.2203184251503,32.701405131462614,32.75035858154297,127500,0.0,0.0
2005-04-11,32.681822171903114,33.05387137096322,32.31955843373744,32.35872268676758,113100,0.0,0.0
2005-04-12,32.11395024962775,33.28885164282688,31.683154690581777,33.07345199584961,190400,0.0,0.0
2005-04-13,32.79930975032824,33.00491646731045,31.320892877786093,31.399219512939453,222800,0.0,0.0
2005-04-14,31.311103466327125,31.84959887797526,30.88030788399037,31.085914611816406,166500,0.0,0.0
2005-04-15,31.056540106058918,31.301311076884442,29.999129586790826,30.038293838500977,105600,0.0,0.0
2005-04-18,29.68582347888898,30.469091717506213,29.68582347888898,30.20473861694336,102600,0.0,0.0
2005-04-19,30.097039478334743,31.232776676199876,30.097039478334743,30.684490203857422,363700,0.0,0.0
2005-04-20,30.733442216654474,31.536290694786818,30.273273468017575,30.273273468017578,158700,0.0,0.0
2005-04-21,30.32222848097527,31.908345260946426,30.32222848097527,31.63420295715332,131100,0.0,0.0
2005-04-22,31.311102495557556,31.506920021424506,29.82289452784085,30.292856216430664,212400,0.0,0.0
2005-04-25,30.488671200820583,30.958632879020808,30.097038025198966,30.880306243896484,164200,0.0,0.0
2005-04-26,30.79218877522957,31.242566463684383,30.106829312197817,30.12641143798828,187700,0.0,0.0
2005-04-27,30.06766581210692,32.26081540164084,30.06766581210692,31.095705032348633,279100,0.0,0.0
2005-04-28,30.939051736666116,31.8006447504164,30.77260739830529,31.125078201293945,153400,0.0,0.0
2005-04-29,31.046750010920483,31.54608489851864,30.420136903659742,31.409013748168945,128400,0.0,0.0
2005-05-02,31.252358123327568,31.781062457585268,31.193613612288786,31.7614803314209,180900,0.0,0.0
2005-05-03,31.36005649511412,32.23144057890099,31.36005649511412,31.957298278808594,161700,0.0,0.0
2005-05-04,31.878974025044858,32.064998626708984,31.438385510673207,32.064998626708984,131300,0.0,0.0
2005-05-05,32.30976843618192,32.5545394091833,31.95729763747455,32.54475021362305,115400,0.0,0.0
2005-05-06,32.30976788556611,32.44683903052556,31.643990551555696,31.888761520385742,142300,0.0,0.0
2005-05-09,32.12374231674008,32.16290283203125,31.673360909261163,32.16290283203125,100900,0.0,0.0
2005-05-10,31.712527003892564,32.09436912827619,31.350267005747675,31.70273780822754,145700,0.0,0.0
2005-05-11,31.546084989710646,32.280397927199935,31.526502863188547,31.83980941772461,121300,0.0,0.0
2005-05-12,31.918134432291605,32.19228047078268,31.105496717426014,31.11528778076172,172200,0.0,0.0
2005-05-13,31.477549160796364,31.820227034901045,31.13486755178297,31.52650260925293,117100,0.0,0.0
2005-05-16,31.252358142588736,31.820226729525167,31.252358142588736,31.790855407714844,215600,0.0,0.0
2005-05-17,31.330685392692477,31.820227351953296,31.330685392692477,31.81043815612793,153600,0.0,0.0
2005-05-18,31.565666459187618,32.25102219865149,31.55587352867604,31.87897300720215,172800,0.0,0.0
2005-05-19,31.62440916056898,32.505586162792376,31.62440916056898,32.36851501464844,121800,0.0,0.0
2005-05-20,32.43705036637778,32.43705036637778,31.673362391382717,31.996461868286133,75000,0.0,0.0
2005-05-23,31.477549354351897,32.16290510677552,31.448174297170365,31.86918067932129,170200,0.0,0.0
2005-05-24,31.751691666080493,31.947509196085907,31.271940771767028,31.35026741027832,151000,0.0,0.0
2005-05-25,31.154449080375,31.311102353375475,30.449509351872862,30.958633422851562,82400,0.0,0.0
2005-05-26,31.330683999964755,31.536290717336467,30.97821320737978,31.369848251342773,82900,0.0,0.0
2005-05-27,31.193612992755963,31.477548214137148,30.65511573865677,31.222984313964844,82500,0.0,0.0
2005-05-31,30.96842252672941,32.309768273711896,30.929260142322367,32.14332580566406,129500,0.0,0.0
2005-06-01,31.986669711697708,32.995128683929906,31.585245455926437,32.4174690246582,210600,0.0,0.0
2005-06-02,32.19228126871405,32.79931227093903,31.888763900147122,32.05521011352539,134500,0.0,0.0
2005-06-03,31.830016445423073,32.50558673737218,31.604827593076283,31.898555755615234,66600,0.0,0.0
2005-06-06,31.94750848144481,32.49579307130479,31.536291304141177,32.48600387573242,173800,0.0,0.0
2005-06-07,32.40767619085192,33.76860597415392,32.07478750934569,33.39655303955078,330200,0.0,0.0
2005-06-08,33.28885089074219,34.74768747019621,32.90700878693374,34.297306060791016,408300,0.0,0.0
2005-06-09,34.5127056892431,35.05120105939853,33.6315287308735,34.87496566772461,187700,0.0,0.0
2005-06-10,34.91413257204156,34.99246107869892,34.600826015229664,34.83580780029297,102700,0.0,0.0
2005-06-13,34.57145258546473,35.32534760900043,34.453959832640194,34.982666015625,197600,0.0,0.0
2005-06-14,34.90434319966071,35.48200286115696,34.68894354235096,35.47220993041992,176600,0.0,0.0
2005-06-15,35.30576730532667,35.64844518147593,33.7881842497575,35.07078552246094,239300,0.0,0.0
2005-06-16,35.12953125575002,36.17715072631836,34.777060455388956,36.17715072631836,194300,0.0,0.0
2005-06-17,36.28484928157879,37.13665119600948,36.000914065132385,36.71564483642578,412100,0.0,0.0
2005-06-20,36.90167232025846,37.31288951683469,36.63731920851136,36.960418701171875,213600,0.0,0.0
2005-06-21,36.81355141121199,37.0093689289659,35.77572491646072,35.85404968261719,179700,0.0,0.0
2005-06-22,35.82468063204478,36.68627552380804,35.82468063204478,36.62752914428711,150600,0.0,0.0
2005-06-23,36.54920431425544,36.931046443254154,35.55053827346181,35.589698791503906,155900,0.0,0.0
2005-06-24,35.41346402742534,35.43304615425426,33.73923140009567,34.54207992553711,333700,0.0,0.0
2005-06-27,34.26793509105242,34.375634913209666,33.523833001006466,34.00358200073242,197200,0.0,0.0
2005-06-28,34.03295468087769,36.10861523558683,33.34759893960536,35.54074478149414,383000,0.0,0.0
2005-06-29,35.58969759363131,36.59815653117446,35.29597317620372,36.128196716308594,156500,0.0,0.0
2005-06-30,36.21631473351368,36.64711030053531,35.21764871755073,35.25680923461914,172600,0.0,0.0
2005-07-01,35.374301033065734,35.94216773172782,35.256808280314786,35.560325622558594,61400,0.0,0.0
2005-07-05,35.24702019967145,35.75614427296685,34.649778426480516,35.658233642578125,180700,0.0,0.0
2005-07-06,35.62886105733146,35.76593220010577,34.56165950084913,35.100154876708984,216400,0.0,0.0
2005-07-07,35.14911145468456,35.49178930574213,34.473541212730396,35.109947204589844,81000,0.0,0.0
2005-07-08,35.051203796856115,36.7548114711176,35.04141460095792,36.333805084228516,176400,0.0,0.0
2005-07-11,36.412129984484416,37.30309621071154,36.412129984484416,37.25414276123047,174000,0.0,0.0
2005-07-12,37.20518822999252,37.283516734811826,36.64711070533533,37.09748840332031,113900,0.0,0.0
2005-07-13,37.224770114213456,37.596823039869236,36.96041701452977,37.33246994018555,99400,0.0,0.0
2005-07-14,37.60661211275865,37.67514768635208,36.666692473555656,36.87229919433594,118400,0.0,0.0
2005-07-15,36.676483486116496,36.87230102104538,35.854052827342265,36.441505432128906,93800,0.0,0.0
2005-07-18,36.372968090203344,36.372968090203344,35.61907304499937,35.775726318359375,64400,0.0,0.0
2005-07-19,35.88342806586353,36.980001038111645,35.7267747841138,36.784183502197266,70800,0.0,0.0
2005-07-20,36.617737544101914,37.65556403646494,36.33380233075756,37.645774841308594,71500,0.0,0.0
2005-07-21,37.39121175794248,37.39121175794248,36.333803117463084,36.36317443847656,99800,0.0,0.0
2005-07-22,36.4512917045606,37.939499621784805,36.12819597251462,37.87096405029297,132500,0.0,0.0
2005-07-25,37.959083441760335,39.3591737245821,37.224770513073764,37.4989128112793,381900,0.0,0.0
2005-07-26,37.068118159238885,37.34226046425991,36.519829814288045,37.25414276123047,182100,0.0,0.0
2005-07-27,37.31288916013287,37.59682439613677,36.71564736540357,36.7352294921875,86000,0.0,0.0
2005-07-28,36.96041636888154,36.98978769003043,36.6177385057825,36.76459884643555,177900,0.0,0.0
2005-07-29,33.48467146936034,33.75881377717975,31.125079325162183,33.32801818847656,878800,0.0,0.0
2005-08-01,33.19094527804581,34.121071983183164,32.37830385871774,33.70006561279297,299200,0.0,0.0
2005-08-02,33.700065189317826,34.79664181860084,33.700065189317826,34.63019561767578,374800,0.0,0.0
2005-08-03,34.55187161253668,34.581242934268275,33.79797656385339,33.98400115966797,105300,0.0,0.0
2005-08-04,33.778395225619654,33.974212756518035,32.309769346244885,32.81889343261719,213800,0.0,0.0
2005-08-05,32.81889322837092,33.10282845966109,32.407676042552616,32.9951286315918,133300,0.0,0.0
2005-08-08,33.024500471177525,33.41613553667222,31.516710324404386,32.00625228881836,165500,0.0,0.0
2005-08-09,32.084579464302465,32.30976831039802,31.28173097477617,31.56566619873047,116300,0.0,0.0
2005-08-10,31.683155587029873,31.859390987741605,30.537627349857967,30.69428062438965,215400,0.0,0.0
2005-08-11,30.625744772833848,31.487337774954593,30.439718310716952,31.44817352294922,201600,0.0,0.0
2005-08-12,31.203404148261775,31.60482652312429,30.273273713164183,30.61595344543457,130700,0.0,0.0
2005-08-15,30.4005537640354,31.878972516184408,30.380973505676824,31.193613052368164,134500,0.0,0.0
2005-08-16,31.02716921837126,31.164240366363906,30.469091695881975,30.75302505493164,140200,0.0,0.0
2005-08-17,31.07612196625555,31.07612196625555,29.911011632198953,30.243900299072266,133800,0.0,0.0
2005-08-18,30.04808546722485,30.3711830801002,29.029837313039298,29.568334579467773,186000,0.0,0.0
2005-08-19,29.43126226110071,29.676033242338136,28.76548489334221,28.980884552001953,209100,0.0,0.0
2005-08-22,29.264817754086696,29.27460881737549,28.77527579437321,29.098373413085938,248800,0.0,0.0
2005-08-23,28.87318358160264,29.098372427252542,28.559877036793324,28.853601455688477,135600,0.0,0.0
2005-08-24,28.736111854485827,29.127745027584343,28.32489655586882,28.834020614624023,254800,0.0,0.0
2005-08-25,31.174031534727344,31.516709405866443,29.93059453316612,30.145994186401367,489400,0.0,0.0
2005-08-26,30.351599911964687,30.351599911964687,29.852266915124947,29.901222229003906,210100,0.0,0.0
2005-08-29,29.82289490743008,30.08724801047888,29.48021703398276,29.969758987426758,154900,0.0,0.0
2005-08-30,29.92080248191668,30.547417427278866,29.764149212439705,30.449508666992188,178600,0.0,0.0
2005-08-31,30.302648118716455,31.428592387544864,30.00892182178113,31.17403221130371,222300,0.0,0.0
2005-09-01,31.134867361325647,31.399220463264466,30.547418513622944,30.606163024902344,153700,0.0,0.0
2005-09-02,30.459301323696508,30.606163538084665,29.98933962321828,30.16557502746582,158100,0.0,0.0
2005-09-06,30.155783841148118,30.302647922391465,29.999130564112622,30.283065795898438,141800,0.0,0.0
2005-09-07,30.07745658453319,30.322227558302856,29.88164092599005,30.26348304748535,79400,0.0,0.0
2005-09-08,30.06766500115644,30.21452907684017,29.519378552287883,30.15578269958496,174500,0.0,0.0
2005-09-09,30.557206920299194,31.13486655741869,29.86205826365448,30.185155868530273,189800,0.0,0.0
2005-09-12,31.22298525296828,31.810437839173215,30.93905189050235,31.52650260925293,211900,0.0,0.0
2005-09-13,31.64399212533078,31.653785056119826,30.449510410317615,30.566999435424805,99500,0.0,0.0
2005-09-14,30.645325086620154,30.78239810143172,29.70540544624878,29.803314208984375,103500,0.0,0.0
2005-09-15,29.88164020171825,30.018711346121545,29.509587284831756,29.8131046295166,55500,0.0,0.0
2005-09-16,29.989338444579094,30.390764553729646,29.666240838641762,30.09703826904297,277900,0.0,0.0
2005-09-19,29.999130049432086,30.185156513015556,29.470425715371608,29.656452178955078,80300,0.0,0.0
2005-09-20,29.940385763923008,30.36139214219926,29.313772661811946,29.450843811035156,144300,0.0,0.0
2005-09-21,29.313772241719242,29.470425515002027,28.902556932488356,29.25502586364746,133200,0.0,0.0
2005-09-22,29.0690010512906,29.803313964604932,28.834021143124527,29.460634231567383,117000,0.0,0.0
2005-09-23,29.2452375772786,29.51937988031897,28.65778685047808,29.039628982543945,144500,0.0,0.0
2005-09-26,29.06900214665448,29.274608873751998,28.37385159144635,28.520713806152344,182200,0.0,0.0
2005-09-27,28.70673948572445,29.264817006753546,28.373850812223885,28.6773681640625,96500,0.0,0.0
2005-09-28,28.657786336519745,29.166910415113023,28.657786336519745,28.931928634643555,131200,0.0,0.0
2005-09-29,28.736112754138173,29.450843550851094,28.295524253449752,29.137537002563477,96900,0.0,0.0
2005-09-30,29.000466424491645,29.470426256159097,28.42280676443834,28.667577743530273,137200,0.0,0.0
2005-10-03,28.83402192062787,29.49000821557538,28.49134217835003,28.785066604614258,147900,0.0,0.0
2005-10-04,28.785065222561403,29.264816091734428,28.550085319341203,28.892765045166016,183600,0.0,0.0
2005-10-05,28.882975845181942,29.34314461856736,28.39343388170428,28.40322494506836,113100,0.0,0.0
2005-10-06,28.97109283104718,28.97109283104718,27.95284467583446,28.442386627197266,115600,0.0,0.0
2005-10-07,28.471760031527467,28.97109304978207,28.373851267024815,28.81443977355957,84300,0.0,0.0
2005-10-10,28.68715815224491,29.245237556147515,28.51092461504103,29.069002151489258,168100,0.0,0.0
2005-10-11,29.196282091372876,29.196282091372876,27.44372285190601,27.60037612915039,325400,0.0,0.0
2005-10-12,27.463302309223494,27.962635316158106,27.071669127545654,27.208742141723633,99700,0.0,0.0
2005-10-13,27.022715784146268,29.69561436027206,26.777944811223666,28.736112594604492,251000,0.0,0.0
2005-10-14,29.18649131794322,29.274609020700012,28.187827132456892,28.432598114013672,112200,0.0,0.0
2005-10-17,28.36405926102663,29.01025447082893,27.482884144701156,27.992008209228516,153200,0.0,0.0
2005-10-18,27.786400408594154,28.68715767609896,27.31644058227539,27.31644058227539,161900,0.0,0.0
2005-10-19,27.179369363757488,28.53050432783892,26.777945113036335,28.442386627197266,222700,0.0,0.0
2005-10-20,28.295524850738456,29.14732868089864,28.295524850738456,28.60883140563965,117700,0.0,0.0
2005-10-21,28.46196768740431,29.206071649700053,27.482883821350065,27.708072662353516,172300,0.0,0.0
2005-10-24,27.845146815741643,28.383642217180082,27.659120350672907,28.35426902770996,136400,0.0,0.0
2005-10-25,28.080126493543176,28.46196861617929,27.424140207182422,27.49267578125,256100,0.0,0.0
2005-10-26,27.424139944938656,28.011590651614327,26.572336140140784,27.17936897277832,182600,0.0,0.0
2005-10-27,26.92480785941336,27.34581424473507,26.63108342974697,26.934598922729492,161600,0.0,0.0
2005-10-28,27.0716700056105,28.03117179870606,26.74857238681488,28.031171798706055,122900,0.0,0.0
2005-10-31,28.148662218162027,29.47042586102746,28.129080091908175,28.99067497253418,189300,0.0,0.0
2005-11-01,28.70673924168393,29.30398100979082,28.246570487500087,28.334688186645508,204700,0.0,0.0
2005-11-02,28.834022031638163,29.245237350463867,28.442386971838932,29.245237350463867,93600,0.0,0.0
2005-11-03,30.361392049208106,32.30976879163974,30.361392049208106,30.606163024902344,328000,0.0,0.0
2005-11-04,30.74323358251765,30.74323358251765,29.744567572700312,30.008920669555664,148200,0.0,0.0
2005-11-07,30.694280115011555,30.694280115011555,29.8326852519313,30.038293838500977,177200,0.0,0.0
2005-11-08,29.744567407000616,29.79352272139795,29.25502546775308,29.60749626159668,177100,0.0,0.0
2005-11-09,29.470425135814125,30.371182379327493,29.343143185750616,29.578123092651367,158900,0.0,0.0
2005-11-10,29.764150896040377,30.59637260437012,29.323564251010076,30.596372604370117,159600,0.0,0.0
2005-11-11,30.978213176452943,31.61461918853031,30.439717792722867,30.82155990600586,139300,0.0,0.0
2005-11-14,30.84114337872698,30.948843207158724,30.60616346279311,30.772607803344727,197800,0.0,0.0
2005-11-15,30.743233179656052,30.890095386833092,30.273273369707802,30.361391067504883,126200,0.0,0.0
2005-11-16,30.25369106842677,30.508253097534183,30.116619924851346,30.50825309753418,120100,0.0,0.0
2005-11-17,30.361392423729548,30.84114331791368,30.2732747219963,30.801979064941406,121300,0.0,0.0
2005-11-18,31.076122825428687,31.15444946289062,30.743234149351878,31.154449462890625,87500,0.0,0.0
2005-11-21,30.94884173723582,31.115286069882128,30.74323315340013,30.939050674438477,128500,0.0,0.0
2005-11-22,30.81177002747497,32.18248713030002,30.81177002747497,31.957298278808594,178600,0.0,0.0
2005-11-23,31.741896479656297,32.44683804361593,31.722318089464945,32.16290283203125,83700,0.0,0.0
2005-11-25,31.820225987089636,32.03562563509607,31.683154841961393,31.830015182495117,25400,0.0,0.0
2005-11-28,31.653783878079825,31.82022634621156,31.311102276483137,31.536291122436523,102300,0.0,0.0
2005-11-29,31.51670856018302,31.820225905696756,30.78239752212123,30.82155990600586,99900,0.0,0.0
2005-11-30,31.066331401006888,31.164240163559196,30.469091497601024,30.92926025390625,207200,0.0,0.0
2005-12-01,31.12507851678244,31.722320301799314,31.017378688676615,31.409013748168945,127400,0.0,0.0
2005-12-02,31.232776357045267,31.536291846272977,30.997796442728234,31.467756271362305,62900,0.0,0.0
2005-12-05,31.28173032301895,31.36005509029007,30.596370868581026,30.99779510498047,58400,0.0,0.0
2005-12-06,31.23277526809693,31.330684029178972,30.733442267287376,30.79218864440918,75200,0.0,0.0
2005-12-07,30.968421921839315,30.968421921839315,30.410344415895803,30.449508666992188,82000,0.0,0.0
2005-12-08,30.39076442406002,31.19361290402697,30.351600172620515,30.762815475463867,110200,0.0,0.0
2005-12-09,30.743233205057173,31.663572567556958,30.64532444437349,31.457965850830078,104700,0.0,0.0
2005-12-12,31.72231967325589,32.05520834675592,31.389430999755856,31.38943099975586,147200,0.0,0.0
2005-12-13,31.134867889476823,31.38943180006595,30.283065925385895,30.713863372802734,156100,0.0,0.0
2005-12-14,30.566998491873886,30.850933717451372,30.566998491873886,30.841142654418945,229000,0.0,0.0
2005-12-15,30.988004093009078,31.04674860228586,29.5585425400636,29.84247589111328,170600,0.0,0.0
2005-12-16,29.715196487938165,30.028503034503732,29.13753684241253,29.25502586364746,379300,0.0,0.0
2005-12-19,29.45084428327923,29.61728862462821,28.941720195923015,29.069002151489258,208800,0.0,0.0
2005-12-20,28.941718546763536,29.666240383275976,28.88297403770963,29.411680221557617,167300,0.0,0.0
2005-12-21,29.284398636932597,29.813104827346688,29.284398636932597,29.636869430541992,136600,0.0,0.0
2005-12-22,29.49000706528126,30.16557359282855,29.49000706528126,29.754358291625977,71100,0.0,0.0
2005-12-23,29.979550632592115,30.351601702752376,29.627079821684426,29.98933982849121,75500,0.0,0.0
2005-12-27,30.008920970072335,30.44950946924341,29.186490349922543,29.22565460205078,131000,0.0,0.0
2005-12-28,27.70807259887812,29.08858069745571,26.817106432206177,28.892765045166016,566000,0.0,0.0
2005-12-29,28.745903183519534,29.294189630936252,28.745903183519534,29.147327423095703,116800,0.0,0.0
2005-12-30,29.0787919493748,29.343143177404016,28.393432487185162,29.0592098236084,122600,0.0,0.0
2006-01-03,29.029836282264014,29.46063370661941,28.040961352526587,29.352933883666992,166100,0.0,0.0
2006-01-04,29.166909274303574,29.734777842075925,29.166909274303574,29.382307052612305,134000,0.0,0.0
2006-01-05,29.431261664253135,29.705405829963155,29.323563704561696,29.48021697998047,121900,0.0,0.0
2006-01-06,29.744568656421503,29.744568656421503,29.137537672030618,29.64666175842285,145200,0.0,0.0
2006-01-09,29.803315078324452,29.803315078324452,29.568335161377423,29.587915420532227,113800,0.0,0.0
2006-01-10,29.617287245326462,29.705404943551876,29.372516276356823,29.666240692138672,123200,0.0,0.0
2006-01-11,29.45084376506638,30.038294481105748,29.45084376506638,30.02850341796875,447400,0.0,0.0
2006-01-12,29.920802871721826,30.155782778998585,29.77394066310564,30.09703826904297,207700,0.0,0.0
2006-01-13,30.214530302083535,30.341810389722625,30.018712771534073,30.224321365356445,115200,0.0,0.0
2006-01-17,30.155783321842236,30.34180978541375,29.901223151634056,30.175365447998047,87100,0.0,0.0
2006-01-18,29.568335311214362,30.53762817382812,29.509588931089123,30.537628173828125,112900,0.0,0.0
2006-01-19,30.596371390195,31.99646164380301,30.410344929255405,31.624408721923828,201700,0.0,0.0
2006-01-20,31.7418987564517,31.898555768487014,31.027169813584266,31.320894241333008,123800,0.0,0.0
2006-01-23,31.36984846967991,31.957297304804516,31.0761221846633,31.16423988342285,95500,0.0,0.0
2006-01-24,31.12507738075792,31.37963754570071,30.919468795283453,31.28173065185547,126000,0.0,0.0
2006-01-25,31.125078895723867,32.691611682947936,31.066332515612174,32.64265823364258,383400,0.0,0.0
2006-01-26,32.90701056718449,33.53362366732429,32.5251684427186,33.28885269165039,176000,0.0,0.0
2006-01-27,31.63420288165922,31.63420288165922,28.69694924660112,30.077457427978516,548200,0.0,0.0
2006-01-30,29.930594353813106,30.302647279469447,29.86205877999597,30.292856216430664,169300,0.0,0.0
2006-01-31,30.37118343685659,30.37118343685659,29.685823950607684,30.312437057495117,192100,0.0,0.0
2006-02-01,30.185156999914774,30.87051648683259,29.93059495812971,30.83135223388672,140900,0.0,0.0
2006-02-02,30.332018144594343,30.968422292901717,29.969758154883607,30.674697875976562,166700,0.0,0.0
2006-02-03,30.449509591363558,30.635536054810125,30.175365427729375,30.20473861694336,115300,0.0,0.0
2006-02-06,30.126411279854796,30.429926758196597,29.744567298762295,30.243900299072266,99600,0.0,0.0
2006-02-07,30.449508792315775,30.449508792315775,29.656451378892744,29.78373146057129,74200,0.0,0.0
2006-02-08,30.057875419592488,30.087246740388473,29.578122682109623,29.9599666595459,97500,0.0,0.0
2006-02-09,30.204738394737113,30.204738394737113,29.783732023038883,29.832685470581055,121400,0.0,0.0
2006-02-10,29.950176258968032,30.0480850211793,29.12774564432029,29.92080307006836,101900,0.0,0.0
2006-02-13,29.871849843149274,29.871849843149274,28.951510459498003,29.19628143310547,105200,0.0,0.0
2006-02-14,29.372516366053617,29.558542825925826,28.55008575840777,29.0592098236084,174600,0.0,0.0
2006-02-15,28.892765401270843,29.685822817845274,28.82422982875203,29.666240692138672,227400,0.0,0.0
2006-02-16,29.862058639526367,30.302647136927334,29.58791447809306,29.862058639526367,131500,0.0,0.0
2006-02-17,29.724986970617834,30.00892032260417,29.421469625535593,29.754358291625977,102400,0.0,0.0
2006-02-21,29.597706328620724,30.31243713901822,29.597706328620724,30.253692626953125,427800,0.0,0.0
2006-02-22,30.312436633696123,30.919469473097156,30.20473867461455,30.69428062438965,332700,0.0,0.0
2006-02-23,30.79218871281206,31.428590992623334,30.518044554664204,31.28173065185547,399000,0.0,0.0
2006-02-24,31.222984493185848,31.3502664440026,30.909677948797388,31.076122283935547,193000,0.0,0.0
2006-02-27,31.232775898806043,31.57545563578606,31.046749435739006,31.330684661865234,146500,0.0,0.0
2006-02-28,31.24256767195077,31.820227332929534,31.232776608676883,31.781063079833984,316100,0.0,0.0
2006-03-01,31.761479995205004,32.70140336660182,31.497126897147336,32.603492736816406,177800,0.0,0.0
2006-03-02,32.39788793000492,32.672030239777285,31.976881534335163,32.632869720458984,96900,0.0,0.0
2006-03-03,32.417469438206304,32.789522376443344,32.00625224648984,32.064998626708984,92600,0.0,0.0
2006-03-06,29.92080315002839,30.263482884956442,29.206072358648434,29.862058639526367,814700,0.0,0.0
2006-03-07,29.656451872627628,29.764149830470394,28.62841266945243,28.824230194091797,1001300,0.0,0.0
2006-03-08,29.10816395048016,29.6662414756781,29.0396283761512,29.568334579467773,1603600,0.0,0.0
2006-03-09,29.548751818730533,30.322227113418077,29.548751818730533,30.09703826904297,962800,0.0,0.0
2006-03-10,29.99912963700949,31.11528653571126,29.930594063856304,31.076122283935547,650300,0.0,0.0
2006-03-13,32.31955795777966,32.56432893325027,31.526502387596437,31.673362731933594,605000,0.0,0.0
2006-03-14,31.830013986158907,32.38809521091896,31.57545383118965,32.33913803100586,653600,0.0,0.0
2006-03-15,32.43704983679145,33.269269636892744,32.29018576152248,33.01470947265625,579200,0.0,0.0
2006-03-16,33.04408131653168,33.474876883943054,32.91679936494543,33.12240982055664,579500,0.0,0.0
2006-03-17,33.28885164282688,33.308433768452865,32.82868102788765,33.07345199584961,490500,0.0,0.0
2006-03-20,32.89721759632199,33.43571673007205,32.887428400666835,33.347599029541016,257300,0.0,0.0
2006-03-21,32.955963134765625,33.484669324472485,32.7993098639164,32.955963134765625,729500,0.0,0.0
2006-03-22,32.681822796762425,33.09303625671485,32.358723305449395,32.92659378051758,339500,0.0,0.0
2006-03-23,32.809099935969726,33.367181196622205,32.740564361573725,33.28885269165039,248300,0.0,0.0
2006-03-24,33.220318734418676,33.23010793056235,32.642659054311466,33.03429412841797,254900,0.0,0.0
2006-03-27,32.95596474853766,33.25948210969304,32.58391181146151,32.7014045715332,191000,0.0,0.0
2006-03-28,32.73077639853105,32.907011806445894,32.231441497802734,32.231441497802734,182900,0.0,0.0
2006-03-29,32.38809533511603,33.954627990722656,32.21185994449673,33.954627990722656,390300,0.0,0.0
2006-03-30,33.797976206936276,34.29730734564372,33.788183276523384,34.27772521972656,364600,0.0,0.0
2006-03-31,34.36584412368715,34.60082590802239,33.87630216332175,34.37563705444336,324700,0.0,0.0
2006-04-03,34.20918875345976,34.571452471107634,33.84692877072041,33.9448356628418,164600,0.0,0.0
2006-04-04,33.77839599168864,33.935049272978375,33.02450090832276,33.21052551269531,309100,0.0,0.0
2006-04-05,33.523835723308494,33.53362491934112,33.02450082274163,33.32801818847656,170600,0.0,0.0
2006-04-06,33.28885423968076,33.89588524180634,33.07345457590023,33.61195373535156,223600,0.0,0.0
2006-04-07,33.817557030880735,33.817557030880735,32.515373719338086,32.681819915771484,321000,0.0,0.0
2006-04-10,32.60349127165387,32.81889091259334,32.08457802929074,32.221649169921875,154100,0.0,0.0
2006-04-11,32.29998097653917,32.31955936871188,32.05520999038291,32.11395263671875,109100,0.0,0.0
2006-04-12,32.03562526222221,32.42725656732906,31.624408096715193,32.21186065673828,119100,0.0,0.0
2006-04-13,32.0062495289824,32.61328420164664,31.71252512264305,32.221649169921875,115500,0.0,0.0
2006-04-17,32.162904794190645,32.779728700285844,31.976880196756277,32.65244674682617,172000,0.0,0.0
2006-04-18,32.83847334428962,33.7588108220552,32.80909828894548,33.66090393066406,204400,0.0,0.0
2006-04-19,33.749021471447676,33.96441737849787,33.49445757914952,33.77839279174805,134400,0.0,0.0
2006-04-20,33.71964821941154,33.88609442480089,33.40634166975844,33.866512298583984,270800,0.0,0.0
2006-04-21,34.00358376491429,34.55187209938462,33.74902359153336,34.150447845458984,278000,0.0,0.0
2006-04-24,33.915463895322084,34.19939910760494,33.572786042503786,33.83713912963867,205400,0.0,0.0
2006-04-25,34.04274678655948,34.79664181860084,33.651111742542895,34.63019561767578,355800,0.0,0.0
2006-04-26,34.89454992419032,35.01203894751277,34.365843716876235,34.72810745239258,251000,0.0,0.0
2006-04-27,36.23589393208622,36.89188209513983,35.32534933023508,36.226104736328125,642300,0.0,0.0
2006-04-28,35.893215380802786,36.96041697395028,35.86384405917307,36.23589324951172,240600,0.0,0.0
2006-05-01,35.2470192311034,36.911462552887215,35.2470192311034,36.53940963745117,451100,0.0,0.0
2006-05-02,36.22610597896108,36.74501927484023,36.06945269709706,36.2652702331543,265700,0.0,0.0
2006-05-03,36.15756876136723,36.245686461850276,35.912797786126404,36.059661865234375,299000,0.0,0.0
2006-05-04,35.47220916382911,36.87229943626757,35.47220916382911,36.6373176574707,386400,0.0,0.0
2006-05-05,36.872298829919906,37.19539830358879,36.56878148207113,36.64710998535156,184500,0.0,0.0
2006-05-08,36.40233913891139,37.34225877202536,36.265267992612515,37.10728073120117,301600,0.0,0.0
2006-05-09,36.92125264191572,37.20518786675058,36.71564592113544,36.87229919433594,142200,0.0,0.0
2006-05-10,36.656900354893985,36.67648248134129,36.0400801788931,36.1673583984375,203200,0.0,0.0
2006-05-11,35.922586460993045,36.37296788743741,35.64844416786844,35.951961517333984,215500,0.0,0.0
2006-05-12,35.775728090075724,35.9127992441903,34.69873351434478,34.82601547241211,233600,0.0,0.0
2006-05-15,34.71831311899169,35.031619658465175,34.11128216562538,34.80643081665039,198000,0.0,0.0
2006-05-16,34.76726562847417,34.84559412868578,34.17002762144868,34.53228759765625,161300,0.0,0.0
2006-05-17,34.209188911669074,34.209188911669074,33.357386994566376,33.82734680175781,220700,0.0,0.0
2006-05-18,33.807765801502995,34.27772562433635,33.2888525307532,33.406341552734375,131700,0.0,0.0
2006-05-19,33.651112888077044,33.85672334738476,32.652446853256386,33.63153076171875,360400,0.0,0.0
2006-05-22,33.54341418933167,34.86517975117988,33.288854007925075,34.30710220336914,331400,0.0,0.0
2006-05-23,34.542079945580646,35.237232376229635,33.82734912300019,34.02316665649414,320000,0.0,0.0
2006-05-24,33.827346785950894,34.277724467435334,32.2901854168216,33.308433532714844,386200,0.0,0.0
2006-05-25,33.45529676156589,33.670696425626126,32.54475212464957,33.55320739746094,146100,0.0,0.0
2006-05-26,33.68048867132781,33.71964918998011,33.07345394585726,33.56299591064453,232400,0.0,0.0
2006-05-30,33.288851873136636,33.49445859126912,32.17269684909331,32.319557189941406,337500,0.0,0.0
2006-05-31,32.53495825507801,32.87763986846213,32.01604497198425,32.241233825683594,248000,0.0,0.0
2006-06-01,32.36851648476845,32.72098356675756,32.27060584956966,32.691612243652344,321800,0.0,0.0
2006-06-02,32.99512613785485,32.99512613785485,32.27060245327121,32.91679763793945,293700,0.0,0.0
2006-06-05,32.916798539394705,33.141987380455795,32.025832370453635,32.153114318847656,287000,0.0,0.0
2006-06-06,32.534955739110885,32.65244475480133,31.57545401867053,32.16290283203125,169600,0.0,0.0
2006-06-07,32.11395079261523,32.955963534226626,31.830015568600476,32.603492736816406,174700,0.0,0.0
2006-06-08,32.37830593952591,33.23990086161489,31.820228386614914,33.03429412841797,278700,0.0,0.0
2006-06-09,33.239898315802385,33.45529422864601,32.63286735884722,33.01470947265625,164700,0.0,0.0
2006-06-12,32.9461748977414,33.09303524254854,31.448173983329482,31.58524513244629,232000,0.0,0.0
2006-06-13,31.448172900151018,32.61328509733096,31.213192995135255,31.428590774536133,234700,0.0,0.0
2006-06-14,31.330685242306988,31.53629196783153,31.036960815142105,31.409013748168945,272800,0.0,0.0
2006-06-15,31.60482526561416,32.525166468630225,31.57545394548674,32.2803955078125,180000,0.0,0.0
2006-06-16,32.231440692939586,32.35872264767942,30.95863421772186,31.35026741027832,515700,0.0,0.0
2006-06-19,31.3502660215554,31.43838371940905,30.243900200705923,30.33201789855957,262300,0.0,0.0
2006-06-20,30.420135725788274,31.23277526809693,30.204737945371214,30.79218864440918,309800,0.0,0.0
2006-06-21,30.684488637752562,31.50691923801742,30.645324386571247,31.487337112426758,233600,0.0,0.0
2006-06-22,31.18382153859048,31.820225678673086,31.18382153859048,31.575454711914062,259600,0.0,0.0
2006-06-23,31.467756230159825,31.781062782172306,31.046749850597667,31.52650260925293,185400,0.0,0.0
2006-06-26,31.585244731479,32.03562616059934,31.575455535912944,31.937715530395508,463500,0.0,0.0
2006-06-27,31.859390658622146,32.31955754691914,31.340473657483248,31.506919860839844,219000,0.0,0.0
2006-06-28,31.692943998339988,31.996461344256335,31.477548085507383,31.888761520385742,172600,0.0,0.0
2006-06-29,31.95729853760954,32.90701113477602,31.820227386453293,32.81889343261719,308800,0.0,0.0
2006-06-30,32.79931233697229,33.17136528388258,32.339141685133484,33.03429412841797,625200,0.0,0.0
2006-07-03,33.02450035073495,33.190946560181224,32.691611666751164,33.16157150268555,72200,0.0,0.0
2006-07-05,32.76994082177011,32.84826559518751,31.692946241737285,32.11395263671875,170900,0.0,0.0
2006-07-06,32.133531511835756,32.76993750540025,31.839807105155394,32.16290283203125,115200,0.0,0.0
2006-07-07,32.0356263219361,32.3391399398249,31.59503782107159,31.820226669311523,283600,0.0,0.0
2006-07-10,31.741899032674354,32.10416277379538,31.23277681130971,31.604827880859375,236900,0.0,0.0
2006-07-11,31.477547055123033,32.299977632866934,31.036958578669434,32.2803955078125,225500,0.0,0.0
2006-07-12,32.15311518076566,32.34893270625756,31.37963800927243,31.41880226135254,223100,0.0,0.0
2006-07-13,31.301312320514366,31.614620744280685,30.929261251757534,31.1446590423584,192400,0.0,0.0
2006-07-14,31.076122973969365,31.105496163453367,30.048085618935758,30.488672256469727,210000,0.0,0.0
2006-07-17,30.420135656028478,30.664906624445127,29.95017584485754,30.30264663696289,170700,0.0,0.0
2006-07-18,30.449509924460965,31.23277630419228,30.243901332622524,30.978214263916016,193300,0.0,0.0
2006-07-19,31.076122230514596,31.692944255287248,30.978213468697934,31.683155059814453,221400,0.0,0.0
2006-07-20,31.64399100207621,31.86917984841687,30.27327393060369,30.41034507751465,144300,0.0,0.0
2006-07-21,30.25369127863329,30.302646592717714,29.19628077131547,29.235445022583008,409900,0.0,0.0
2006-07-24,29.55854249654653,30.459299729766283,29.245235957592573,30.449508666992188,339900,0.0,0.0
2006-07-25,30.351600950136458,30.772607326624595,29.5879148345914,30.087247848510742,205600,0.0,0.0
2006-07-26,29.822894042582053,30.05787581678065,29.36272529197291,29.60749626159668,226200,0.0,0.0
2006-07-27,29.734778925461253,31.59503796577297,29.480216886846378,31.154449462890625,403600,0.0,0.0
2006-07-28,31.311102693763246,31.781062517873675,30.801978617249777,31.73210906982422,219000,0.0,0.0
2006-07-31,31.213193732512767,31.565666399544618,30.8019784221571,31.38943099975586,177500,0.0,0.0
2006-08-01,31.027169579808195,31.21319417783541,30.35160116013096,30.978214263916016,170800,0.0,0.0
2006-08-02,31.23277629701935,31.56566684264665,30.90967868202259,31.497127532958984,158500,0.0,0.0
2006-08-03,31.193614282738196,31.86918084284008,30.74323470854923,31.751691818237305,163200,0.0,0.0
2006-08-04,32.18248636263996,32.64265698531163,31.761479991878364,32.08457946777344,237000,0.0,0.0
2006-08-07,31.9083449816472,32.46642251514609,31.898555785844035,32.35872268676758,173200,0.0,0.0
2006-08-08,32.34893236554588,32.74056367749621,32.172696967950216,32.26081466674805,245400,0.0,0.0
2006-08-09,32.63286943208917,33.00491863923284,32.42725896666798,32.80910110473633,288800,0.0,0.0
2006-08-10,32.632867718004476,33.48466965317714,32.49579283662079,33.239898681640625,178400,0.0,0.0
2006-08-11,33.11261616931093,33.35738713669786,32.96575209491535,33.19094467163086,133600,0.0,0.0
2006-08-14,33.51404173847771,33.9840015663506,33.37697058887837,33.63153076171875,225500,0.0,0.0
2006-08-15,33.89588484226503,34.51270876815114,33.758813688714525,34.424591064453125,232700,0.0,0.0
2006-08-16,34.25814695356483,35.335137738573245,34.17002925407079,35.25680923461914,406400,0.0,0.0
2006-08-17,35.344925570927394,35.84426042710481,35.1295296631783,35.393882751464844,258900,0.0,0.0
2006-08-18,35.43304670837264,35.82468178125788,34.40500931068498,35.6876106262207,372100,0.0,0.0
2006-08-21,35.38409074949176,35.73656154311885,34.9826665089517,35.668025970458984,170500,0.0,0.0
2006-08-22,35.32534918567094,35.805098208937146,34.89454987590358,35.30576705932617,569200,0.0,0.0
2006-08-23,35.11973929965398,35.43304585646588,34.03295554669011,34.83580780029297,388400,0.0,0.0
2006-08-24,34.737895600715284,35.286183917869366,34.189607283561195,34.5127067565918,135000,0.0,0.0
2006-08-25,34.346264690246116,35.03162042604335,34.24835406019748,34.67914962768555,165500,0.0,0.0
2006-08-28,34.581242092907374,34.97287713604068,34.581242092907374,34.74768829345703,98600,0.0,0.0
2006-08-29,34.62040888046165,35.24702200745318,34.57145543021085,35.227439880371094,363300,0.0,0.0
2006-08-30,35.27639164037465,35.834469163293335,34.71831411745597,35.599491119384766,227300,0.0,0.0
2006-08-31,35.71697893003633,35.824678752720516,35.42325451765764,35.50157928466797,214500,0.0,0.0
2006-09-01,35.63865488785831,35.73656178233963,35.41346230771576,35.43304443359375,126200,0.0,0.0
2006-09-05,35.4330443939162,35.61907272209445,35.02183095566478,35.491790771484375,173000,0.0,0.0
2006-09-06,35.051202276994566,35.54074421867021,35.03162015113851,35.491790771484375,280400,0.0,0.0
2006-09-07,35.30576730532667,35.619073859208484,35.0414142001935,35.07078552246094,344300,0.0,0.0
2006-09-08,35.08057892918533,35.384092556490735,35.08057892918533,35.23723220825195,173600,0.0,0.0
2006-09-11,35.051202276994566,35.58969766585606,34.806431306156746,35.491790771484375,148800,0.0,0.0
2006-09-12,35.55053763008032,36.22610417416658,35.39388435602081,36.17715072631836,70700,0.0,0.0
2006-09-13,36.09882262055875,36.37296865437243,35.73656262059022,36.34359359741211,94000,0.0,0.0
2006-09-14,36.22610529697239,36.37296937997768,35.863845289777124,36.27505874633789,51300,0.0,0.0
2006-09-15,36.549202041095846,37.00936891246762,36.24568470196717,36.43170928955078,330100,0.0,0.0
2006-09-18,36.26526830605009,36.705856805039176,36.02049733271267,36.23589324951172,106000,0.0,0.0
2006-09-19,36.13798505396778,36.33380257257432,35.2568080876926,35.7365608215332,111600,0.0,0.0
2006-09-20,36.137985251404196,36.28484932488861,35.38409022834071,35.560325622558594,228800,0.0,0.0
2006-09-21,35.5113729371057,35.96175062757355,35.012038064488564,35.43304443359375,87300,0.0,0.0
2006-09-22,35.33513810235561,35.33513810235561,34.532289603103784,34.96308517456055,143000,0.0,0.0
2006-09-25,35.0609939018652,35.89321367776228,34.835805065268445,35.57011795043945,86600,0.0,0.0
2006-09-26,35.403672140864245,35.7757250525208,34.37563483738208,35.217647552490234,144200,0.0,0.0
2006-09-27,35.04141413972145,35.04141413972145,33.974212525244226,34.032955169677734,181800,0.0,0.0
2006-09-28,34.18960816044796,34.59103614689999,33.76860551752966,34.326683044433594,187100,0.0,0.0
2006-09-29,34.45396041116659,34.59103529176355,33.85672238136854,33.9350471496582,391500,0.0,0.0
2006-10-02,33.77839383891255,34.189607275499704,33.57278712061897,33.99379348754883,136500,0.0,0.0
2006-10-03,33.77839573665144,34.07212016998839,33.29864296543767,33.44550704956055,197400,0.0,0.0
2006-10-04,33.30843320410377,34.121070861816406,33.28885107880957,34.121070861816406,124500,0.0,0.0
2006-10-05,34.0035837162686,34.855385671446605,33.97421239416517,34.72810745239258,145600,0.0,0.0
2006-10-06,34.47354118535604,34.95329391136414,34.16023465466405,34.591033935546875,85100,0.0,0.0
2006-10-09,34.64977909940134,35.13932105612622,34.50291875332912,35.12953186035156,105100,0.0,0.0
2006-10-10,35.090368440191725,35.090368440191725,34.33647336075511,34.424591064453125,175600,0.0,0.0
2006-10-11,34.33647085259787,35.20785489501072,34.13086413729095,34.923919677734375,351900,0.0,0.0
2006-10-12,34.87496601791462,35.67781448364258,34.8064304465653,35.67781448364258,113300,0.0,0.0
2006-10-13,35.71698118161472,36.17715182212566,35.482003130862296,35.81489181518555,95500,0.0,0.0
2006-10-16,35.93238055469651,36.11840515463796,35.55053842408003,35.99112319946289,103700,0.0,0.0
2006-10-17,35.628863044454725,35.83446977008346,35.29597436419018,35.589698791503906,124700,0.0,0.0
2006-10-18,35.423256523277885,35.91279848326248,35.2274389923023,35.4134635925293,81800,0.0,0.0
2006-10-19,35.23723192305089,36.0107053812959,35.21764979646246,35.4134635925293,126600,0.0,0.0
2006-10-20,35.638654519657045,35.638654519657045,35.012037702761205,35.207855224609375,127200,0.0,0.0
2006-10-23,35.12953045681525,35.60927946368925,34.914130809291414,35.207855224609375,66400,0.0,0.0
2006-10-24,35.22743750896396,35.22743750896396,34.61061361958181,35.09036636352539,65800,0.0,0.0
2006-10-25,35.24702169824258,35.62886383572146,34.47354449237525,34.943504333496094,135400,0.0,0.0
2006-10-26,33.80776633763589,33.80776633763589,31.99646259164304,32.9951286315918,570300,0.0,0.0
2006-10-27,33.024497639417866,33.46508611659296,32.77972667819932,33.31822204589844,244500,0.0,0.0
2006-10-30,33.05387095226528,33.29864192823999,32.7993107806114,33.230106353759766,183100,0.0,0.0
2006-10-31,33.19094593750709,33.19094593750709,31.036960595369123,31.55587387084961,605000,0.0,0.0
2006-11-01,31.37963846881686,32.37830450203288,31.37963846881686,31.55587387084961,242800,0.0,0.0
2006-11-02,30.674697987775158,31.810437010412407,29.568334021373506,31.683155059814453,1037200,0.0,0.0
2006-11-03,31.771273781806123,32.10416246222991,31.389431652624758,31.86918067932129,202200,0.0,0.0
2006-11-06,31.88876230126797,32.809099822038796,31.63420213081091,32.30976867675781,221400,0.0,0.0
2006-11-07,32.22165026582666,33.3573874145664,32.22165026582666,32.897216796875,163100,0.0,0.0
2006-11-08,32.789519930983545,32.88742682247139,32.153113931587015,32.505584716796875,247200,0.0,0.0
2006-11-09,32.61328517069458,32.65244568710388,31.78106163727846,31.918132781982422,268700,0.0,0.0
2006-11-10,31.81043843194401,32.62307614921049,31.81043843194401,32.58391189575195,179100,0.0,0.0
2006-11-13,32.43705119282786,33.23010677469011,32.22165153607083,32.35872268676758,238200,0.0,0.0
2006-11-14,32.29018564535304,33.10282705174287,32.07478599837577,33.07345199584961,165700,0.0,0.0
2006-11-15,33.053868922586254,33.59236802459093,32.94617283709378,33.37696838378906,126000,0.0,0.0
2006-11-16,33.455296805161254,33.533625313979364,33.03429414244498,33.49446105957031,116200,0.0,0.0
2006-11-17,33.46508962542584,33.46508962542584,32.417470100359644,32.57412338256836,190000,0.0,0.0
2006-11-20,32.76014725895719,33.08324674720834,32.17269839747536,32.64265823364258,149800,0.0,0.0
2006-11-21,32.574120981757915,33.01470947265625,32.574120981757915,33.01470947265625,114900,0.0,0.0
2006-11-22,32.97554578298531,33.151781182346724,32.72098187950386,33.063663482666016,120400,0.0,0.0
2006-11-24,32.85805552322134,33.14198700268282,32.63286668472709,33.024497985839844,22500,0.0,0.0
2006-11-27,32.975545759641506,32.975545759641506,31.986668937823744,31.996461868286133,199000,0.0,0.0
2006-11-28,31.996461543399228,32.2216503879354,31.399219778151366,31.712526321411133,147600,0.0,0.0
2006-11-29,31.967090808394136,32.30976867921017,31.65378425938843,31.790855407714844,121900,0.0,0.0
2006-11-30,31.683156406415122,32.04541641284298,31.624410026355694,31.63420295715332,103900,0.0,0.0
2006-12-01,31.536292133841062,31.878973746427935,30.80197919460901,31.232776641845703,356400,0.0,0.0
2006-12-04,31.222984478680814,32.03562589556053,31.174031031438226,31.624408721923828,253900,0.0,0.0
2006-12-05,31.90834393922658,31.90834393922658,30.88030660767741,31.10549545288086,216800,0.0,0.0
2006-12-06,30.929261210117964,31.389431848104188,30.64532597668354,31.203405380249023,153100,0.0,0.0
2006-12-07,31.29152034918476,31.29152034918476,30.65511619171143,30.841142654418945,184500,0.0,0.0
2006-12-08,30.70407148683026,30.948842460118243,30.341809624684135,30.870515823364258,201600,0.0,0.0
2006-12-11,30.92926069387832,31.183822733153765,30.860725119353077,31.095705032348633,197900,0.0,0.0
2006-12-12,30.97821344268415,31.350266363784176,30.919468932625207,31.13486671447754,212000,0.0,0.0
2006-12-13,31.350267512836282,31.350267512836282,31.07612334342275,31.262149810791016,78300,0.0,0.0
2006-12-14,31.183822009248154,31.57545518848266,31.134866694684902,31.16423988342285,234000,0.0,0.0
2006-12-15,31.154449362086577,31.497127232714803,31.154449362086577,31.24256706237793,233700,0.0,0.0
2006-12-18,31.203404906612427,31.467756141973158,30.449509850786168,30.51804542541504,150900,0.0,0.0
2006-12-19,30.488672775217335,30.79219013601984,30.332019496879308,30.596372604370117,109700,0.0,0.0
2006-12-20,30.77260746507537,30.988005252116725,30.429927724476677,30.51804542541504,98400,0.0,0.0
2006-12-21,30.60616331014767,30.64532569554748,30.067666038129016,30.371183395385742,149800,0.0,0.0
2006-12-22,30.332018987200875,30.390765366181288,29.911012608446345,29.969758987426758,90700,0.0,0.0
2006-12-26,29.950176656488008,30.704071707830387,29.950176656488008,30.664907455444336,116800,0.0,0.0
2006-12-27,30.635536902794964,31.27194108041214,30.635536902794964,31.085914611816406,201700,0.0,0.0
2006-12-28,31.115287179135297,31.457966919441713,30.97821416254012,31.06633186340332,93700,0.0,0.0
2006-12-29,31.115286089458213,31.27193935940573,30.88030618453693,30.909677505493164,139700,0.0,0.0
2007-01-03,31.007588010103692,31.340474826874765,30.283066128981925,30.537628173828125,194000,0.0,0.0
2007-01-04,30.420136661321934,30.850934102858986,30.302647638373685,30.51804542541504,203000,0.0,0.0
2007-01-05,30.58658051443815,30.58658051443815,29.294190077799886,29.832685470581055,370600,0.0,0.0
2007-01-08,29.764150259888595,29.764150259888595,29.284399371800355,29.53896141052246,185700,0.0,0.0
2007-01-09,29.49000796238351,29.715196811749642,29.098372907454518,29.53896141052246,162800,0.0,0.0
2007-01-10,29.313772201538086,29.519378922144536,29.000465655401978,29.313772201538086,185700,0.0,0.0
2007-01-11,29.303980437300044,29.715195736126955,29.206071677111872,29.352933883666992,411800,0.0,0.0
2007-01-12,29.245237167713363,29.499797340556032,29.20607291499643,29.392099380493164,591300,0.0,0.0
2007-01-16,29.45084326840078,29.734778492222294,29.343143443164443,29.372516632080078,267300,0.0,0.0
2007-01-17,29.39209929957583,29.69561478747908,29.264817346050553,29.450843811035156,232300,0.0,0.0
2007-01-18,29.39209932006688,29.656452422999664,28.814439665860142,29.421470642089844,248600,0.0,0.0
2007-01-19,29.362726364063413,29.862059384422043,29.206073087180826,29.764150619506836,274400,0.0,0.0
2007-01-22,29.81310514883317,29.822894344357394,29.215863379322357,29.343143463134766,218600,0.0,0.0
2007-01-23,29.303980418004194,29.754358100137246,29.255025104215207,29.382307052612305,189500,0.0,0.0
2007-01-24,29.48021695447737,30.15578350384101,29.48021695447737,30.02850341796875,169700,0.0,0.0
2007-01-25,30.028502895246184,30.175365104835926,29.724987413100138,29.92080307006836,207600,0.0,0.0
2007-01-26,29.8718501426855,30.175365630115003,29.568334655255992,30.02850341796875,65100,0.0,0.0
2007-01-29,29.93059502068568,30.155783873231993,29.509588637909477,29.734779357910156,190100,0.0,0.0
2007-01-30,29.676031823393185,30.273273586641082,29.676031823393185,30.15578269958496,196300,0.0,0.0
2007-01-31,30.038293759087356,30.488671447837568,29.284398722748815,30.09703826904297,422700,0.0,0.0
2007-02-01,29.862059384422043,30.47888142871543,29.54875283065687,29.764150619506836,215300,0.0,0.0
2007-02-02,29.72498795625409,29.81310565710894,29.28439945197983,29.48021697998047,207600,0.0,0.0
2007-02-05,29.58791560608403,29.58791560608403,29.215864535448286,29.44105339050293,200400,0.0,0.0
2007-02-06,29.47042575846381,29.597705843762192,28.393433095156656,29.078792572021484,427100,0.0,0.0
2007-02-07,29.07879167409658,29.31377157870602,29.07879167409658,29.294189453125,256100,0.0,0.0
2007-02-08,29.186490250011342,29.49979679614745,29.09837255047877,29.313772201538086,734200,0.0,0.0
2007-02-09,29.294190555930182,29.441052768408056,29.25502630329376,29.421470642089844,329100,0.0,0.0
2007-02-12,29.40188919748822,29.54875140404334,29.166909293509168,29.352933883666992,281500,0.0,0.0
2007-02-13,29.352934667209627,29.842476613763978,29.352934667209627,29.773941040039062,260600,0.0,0.0
2007-02-14,29.80331456818087,30.32222784226126,29.724987930539243,30.02850341796875,223800,0.0,0.0
2007-02-15,29.85226683674922,30.243900009481308,29.85226683674922,29.9599666595459,122000,0.0,0.0
2007-02-16,29.95017711533442,30.283065795898434,29.67603294679512,30.283065795898438,236600,0.0,0.0
2007-02-20,30.097037896113022,30.596370893184304,29.93059356375593,30.420135498046875,232900,0.0,0.0
2007-02-21,30.26348281186353,31.16424006302107,30.26348281186353,31.017377853393555,334800,0.0,0.0
2007-02-22,30.958633543353777,31.076122564834282,30.596371680971174,30.841142654418945,218900,0.0,0.0
2007-02-23,30.890096365040154,30.919469554387447,30.586580878268837,30.635536193847656,93300,0.0,0.0
2007-02-26,30.6355355911049,30.6355355911049,30.35160036869709,30.586580276489258,147200,0.0,0.0
2007-02-27,30.3516001321875,30.3516001321875,29.41168050834298,29.695613861083984,217500,0.0,0.0
2007-02-28,29.65645177545578,30.057876018942295,29.029836819135554,29.43126106262207,299600,0.0,0.0
2007-03-01,29.117955013592063,29.685823601901898,28.413015276624304,29.568334579467773,211900,0.0,0.0
2007-03-02,29.450843285010862,29.66624106815071,28.824230194091797,28.824230194091797,208800,0.0,0.0
2007-03-05,28.745904084160845,29.284399485599284,28.285733453067362,28.35426902770996,179400,0.0,0.0
2007-03-06,28.61862089101531,29.255025029001803,28.559876382073828,28.892765045166016,147800,0.0,0.0
2007-03-07,28.81443860672928,29.225653907024913,28.393432243634425,28.716529846191406,164100,0.0,0.0
2007-03-08,28.97109235951003,28.97109235951003,28.29552395473778,28.305315017700195,275500,0.0,0.0
2007-03-09,28.47175931799168,28.97109232373241,28.236779409546806,28.88297462463379,382700,0.0,0.0
2007-03-12,28.775275413223724,29.43126170524895,28.775275413223724,29.421470642089844,177800,0.0,0.0
2007-03-13,29.255025862029644,29.27460798805249,28.54029506928468,28.736112594604492,165100,0.0,0.0
2007-03-14,28.647994835217737,28.87318368164792,28.54029500977099,28.765483856201172,113100,0.0,0.0
2007-03-15,28.814439470877534,29.088581767659996,28.814439470877534,29.078792572021484,56300,0.0,0.0
2007-03-16,29.029837357587535,29.284399396524567,28.677368422289938,28.99067497253418,448500,0.0,0.0
2007-03-19,29.117954776152448,29.57812353393332,29.117954776152448,29.22565460205078,113800,0.0,0.0
2007-03-20,29.157118457467337,29.88164030056678,29.04941863367746,29.724987030029297,113000,0.0,0.0
2007-03-21,29.822894208718086,30.17536500452522,29.37251651847947,30.008920669555664,99800,0.0,0.0
2007-03-22,30.145994410145274,30.145994410145274,29.646661393195238,29.940385818481445,135800,0.0,0.0
2007-03-23,29.862058701053744,30.410345157595717,29.764149938379095,30.351600646972656,170300,0.0,0.0
2007-03-26,30.42013614050176,30.459300392450217,29.88164074839073,30.41034507751465,178100,0.0,0.0
2007-03-27,30.302647179320918,30.56699841067701,30.18515629069818,30.38097381591797,123900,0.0,0.0
2007-03-28,30.283066128981925,30.62574587656159,30.27327506562772,30.537628173828125,126700,0.0,0.0
2007-03-29,30.753024934506126,30.87051582336426,30.527836087270217,30.870515823364258,176600,0.0,0.0
2007-03-30,30.890095822909533,31.242566619073703,30.704071229337828,31.076122283935547,204000,0.0,0.0
2007-04-02,31.11528738336516,31.11528738336516,30.674698876157276,30.89009666442871,211100,0.0,0.0
2007-04-03,30.890097100847058,31.281732164989062,30.792190202265942,31.056541442871094,135700,0.0,0.0
2007-04-04,30.988005225686514,31.12507824228169,30.88030726598487,31.06633186340332,94700,0.0,0.0
2007-04-05,30.8705150045728,31.134866229447038,30.850932879040105,31.02716827392578,59500,0.0,0.0
2007-04-09,31.00758697082015,31.22298475503002,30.78239812358424,30.870515823364258,79400,0.0,0.0
2007-04-10,30.841142474726126,31.193613272022663,30.723651586475842,30.988004684448242,125600,0.0,0.0
2007-04-11,30.811768823637085,31.095704043301353,30.371182201079336,30.850933074951172,325600,0.0,0.0
2007-04-12,30.713862987164365,31.076122987014067,30.635536349295155,31.03696060180664,131900,0.0,0.0
2007-04-13,30.939052213134634,31.320894343949902,30.80197919460901,31.232776641845703,121300,0.0,0.0
2007-04-16,31.320894370633596,31.95729854501935,31.183823219445568,31.751691818237305,155400,0.0,0.0
2007-04-17,31.90834461385764,31.90834461385764,31.291520707923322,31.58524513244629,204500,0.0,0.0
2007-04-18,31.65378489325249,31.65378489325249,31.12507868062731,31.232776641845703,114100,0.0,0.0
2007-04-19,31.08591332700552,31.271939787912604,30.850933418864408,31.10549545288086,129400,0.0,0.0
2007-04-20,31.409013585975426,31.52650260925293,30.909678700955794,31.52650260925293,90700,0.0,0.0
2007-04-23,31.40901336895984,31.428591760280224,31.04674963608508,31.154449462890625,58900,0.0,0.0
2007-04-24,31.526502370803122,31.526502370803122,30.84114289286875,31.183822631835938,78300,0.0,0.0
2007-04-25,31.174030729361277,31.43838382380001,31.00758639591329,31.369848251342773,203600,0.0,0.0
2007-04-26,31.36984865430479,31.604826695774136,31.262148829086076,31.536291122436523,83300,0.0,0.0
2007-04-27,31.27194051541426,31.448174050029213,30.841143073406442,31.03696060180664,160300,0.0,0.0
2007-04-30,31.2621484965639,31.311101943440264,30.547417714424935,30.733442306518555,153900,0.0,0.0
2007-05-01,30.704071627298998,30.78239826441132,30.04808534118794,30.723651885986328,92000,0.0,0.0
2007-05-02,30.811769285799976,31.281730971346796,30.811769285799976,30.988004684448242,130100,0.0,0.0
2007-05-03,30.99779619185922,31.05654070309946,30.537627430144358,30.635536193847656,97400,0.0,0.0
2007-05-04,30.65511672922616,31.017378597960757,30.518045579277356,30.919469833374023,97600,0.0,0.0
2007-05-07,30.841143460642925,30.870516650508065,30.527836905232267,30.713863372802734,66900,0.0,0.0
2007-05-08,30.459300452515016,30.56699841067701,30.116620717107555,30.38097381591797,126000,0.0,0.0
2007-05-09,30.155782327489135,30.547417367874253,29.842475789144462,30.478879928588867,102200,0.0,0.0
2007-05-10,30.400553383953213,30.400553383953213,29.294189433718234,29.323562622070312,164700,0.0,0.0
2007-05-11,29.382308470058376,29.852268300378583,29.343144217137844,29.79352378845215,79700,0.0,0.0
2007-05-14,29.842477394510528,29.842477394510528,29.06900206979505,29.12774658203125,177700,0.0,0.0
2007-05-15,29.186490308828695,29.460634470977414,28.62841278896731,28.70673942565918,187400,0.0,0.0
2007-05-16,28.85360197657104,29.029837378071363,28.315106576390576,28.961301803588867,187400,0.0,0.0
2007-05-17,28.941718707835463,29.196280738424832,28.50113208629771,28.687156677246094,140100,0.0,0.0
2007-05-18,28.70674038073246,29.0787933179878,28.37385169685321,28.980884552001953,250400,0.0,0.0
2007-05-21,28.882974885680607,29.313772322116954,28.540295149139293,29.19628143310547,281300,0.0,0.0
2007-05-22,29.17669846544614,30.057875438979526,29.17669846544614,29.930593490600586,248700,0.0,0.0
2007-05-23,30.057876586914066,30.165574546439004,29.95996782306511,30.057876586914062,177900,0.0,0.0
2007-05-24,30.126412489456794,30.292856829576337,29.656452658809034,29.764150619506836,174400,0.0,0.0
2007-05-25,29.852267211384234,30.165573753501786,29.23544519002209,29.636869430541992,122000,0.0,0.0
2007-05-29,29.68582409007261,30.253692687720804,29.68582409007261,30.224321365356445,139800,0.0,0.0
2007-05-30,29.979550634819084,30.53762817382812,29.871850805377203,30.537628173828125,112900,0.0,0.0
2007-05-31,30.54741879832078,30.762816586655628,30.204739055664245,30.371183395385742,151300,0.0,0.0
2007-06-01,30.429927948763694,30.772607691888147,30.28306573526875,30.312437057495117,70800,0.0,0.0
2007-06-04,30.234110276624257,30.55720789177195,30.057876741733622,30.459300994873047,89500,0.0,0.0
2007-06-05,30.292856940812445,30.420137028451535,29.989339581715342,30.224321365356445,245400,0.0,0.0
2007-06-06,30.02850349895282,30.08724801047888,29.891432349573893,29.969758987426758,58100,0.0,0.0
2007-06-07,29.959967924263356,30.067665884152074,29.764150395904018,29.969758987426758,210000,0.0,0.0
2007-06-08,29.901222911576145,29.97954954811621,29.62707874995875,29.832685470581055,151400,0.0,0.0
2007-06-11,29.81310486700642,29.871849376868035,29.4214698213842,29.578123092651367,102000,0.0,0.0
2007-06-12,29.372517376807448,29.627079418167636,29.108164272227132,29.274608612060547,169200,0.0,0.0
2007-06-13,29.284400009060302,29.813106224247054,29.27460894572858,29.529170989990234,214700,0.0,0.0
2007-06-14,29.49979759533388,29.930595041669033,29.490008399524456,29.705406188964844,170100,0.0,0.0
2007-06-15,30.087248388628513,30.224321407184583,29.852268472116588,30.16557502746582,700900,0.0,0.0
2007-06-18,30.194947790843667,30.56699885320234,30.185156727695496,30.54741859436035,135000,0.0,0.0
2007-06-19,30.380973439530088,30.79218874343366,30.351600250874725,30.704071044921875,197600,0.0,0.0
2007-06-20,30.723652624607112,30.899888029210256,30.11662163925671,30.13620376586914,137100,0.0,0.0
2007-06-21,30.067665060616896,30.234109394927216,29.75435851778671,30.12641143798828,119300,0.0,0.0
2007-06-22,30.057876265418656,30.243900860542194,29.46063449303697,29.773941040039062,377000,0.0,0.0
2007-06-25,29.646660366908097,30.69427981293867,29.646660366908097,30.30264663696289,322700,0.0,0.0
2007-06-26,30.400554357117745,30.625745073450446,29.989339044296486,30.145994186401367,307700,0.0,0.0
2007-06-27,30.048085719269196,30.508254484662377,29.911012702007156,30.400554656982422,235700,0.0,0.0
2007-06-28,30.341809119787456,30.527835579278,30.175364786023135,30.214529037475586,177700,0.0,0.0
2007-06-29,30.322226743311592,30.54741745239237,29.87184906005859,29.871849060058594,155000,0.0,0.0
2007-07-02,30.00892089149124,30.56699841067701,29.940385317900613,30.38097381591797,98000,0.0,0.0
2007-07-03,30.469091355591182,30.625744627963016,30.361391530540175,30.498462677001953,53000,0.0,0.0
2007-07-05,30.645326053555358,30.645326053555358,30.194948345197133,30.596372604370117,80700,0.0,0.0
2007-07-06,30.586580256684208,30.821560164324225,30.449509110757774,30.61595344543457,65700,0.0,0.0
2007-07-09,30.508254484662377,30.753025462150013,30.263483507174744,30.400554656982422,79800,0.0,0.0
2007-07-10,30.155783242111877,30.30264732043781,29.656452098639292,29.71519660949707,108500,0.0,0.0
2007-07-11,29.715197170776413,29.862059384422043,29.617288405861206,29.764150619506836,161100,0.0,0.0
2007-07-12,29.81310513576507,30.469091415405277,29.62707867416296,30.469091415405273,110500,0.0,0.0
2007-07-13,30.332018880099316,30.576789855957035,30.185156668075553,30.57678985595703,103200,0.0,0.0
2007-07-16,30.52783708673298,30.56699947266496,29.97955061150454,30.018712997436523,72400,0.0,0.0
2007-07-17,30.34180906005635,30.586580028789417,30.038293581714548,30.243900299072266,181900,0.0,0.0
2007-07-18,30.24390084132659,30.351600667085503,30.145993946041386,30.322227478027344,207500,0.0,0.0
2007-07-19,30.469091415405277,30.71386238739857,30.371182653117096,30.469091415405273,96500,0.0,0.0
2007-07-20,30.40055510933977,30.429928299358927,29.793524121912316,30.048086166381836,172900,0.0,0.0
2007-07-23,30.106829594731394,30.79218906419481,29.99912976932746,30.41034507751465,157500,0.0,0.0
2007-07-24,30.155782312184805,30.52783522687099,29.705404630406473,29.9599666595459,231300,0.0,0.0
2007-07-25,30.116620027249382,30.253691171290857,29.81310455082,29.871849060058594,146200,0.0,0.0
2007-07-26,29.685822508778706,29.695613571530068,28.922138288715082,29.411680221557617,223800,0.0,0.0
2007-07-27,28.765483671181094,29.37251650053879,28.305314918289536,28.3934326171875,397500,0.0,0.0
2007-07-30,28.30531589338147,28.990675382319093,27.815773934841552,28.63820457458496,307300,0.0,0.0
2007-07-31,28.5500853222208,28.599038768434593,27.913681184170116,28.344478607177734,418400,0.0,0.0
2007-08-01,28.315105902029035,28.510923425133377,27.91368166037401,28.452177047729492,395800,0.0,0.0
2007-08-02,28.50113334274038,28.76548458033497,28.246571300928913,28.696949005126953,327200,0.0,0.0
2007-08-03,28.716531268044655,28.716531268044655,27.90389169001605,28.060544967651367,328400,0.0,0.0
2007-08-06,28.08012563204116,28.354267919900742,27.590583698058445,28.226987838745117,558900,0.0,0.0
2007-08-07,28.040962657848976,28.657786568529968,27.83535593259155,28.207406997680664,312000,0.0,0.0
2007-08-08,28.413014447358837,29.245236113037645,28.207405862918527,28.657785415649414,324900,0.0,0.0
2007-08-09,28.383641833357803,28.81443926915564,26.993342630629883,27.061878204345703,469200,0.0,0.0
2007-08-10,26.885643774704487,28.383642857285096,26.582128279819116,27.854938507080078,292500,0.0,0.0
2007-08-13,27.864727367341295,28.28573375023095,27.179369746260736,27.60037612915039,304700,0.0,0.0
2007-08-14,27.600375790482833,28.080126679588805,27.316440561802416,27.345813751220703,346300,0.0,0.0
2007-08-15,27.316439723181595,28.168243515617934,27.208741766862914,27.53183937072754,205100,0.0,0.0
2007-08-16,27.189159902330545,28.324897058184618,27.189159902330545,27.84514617919922,361500,0.0,0.0
2007-08-17,28.647995713877755,28.647995713877755,27.786400818786515,28.031171798706055,700600,0.0,0.0
2007-08-20,28.099707917755094,30.30264663323384,28.099707917755094,29.176698684692383,631200,0.0,0.0
2007-08-21,29.088582226756984,29.617288437389302,28.892766564172486,29.215864181518555,331900,0.0,0.0
2007-08-22,29.480217021044474,29.636870296681455,29.18649072863438,29.421470642089844,155600,0.0,0.0
2007-08-23,29.499796348422166,29.646660423717005,29.069000787750458,29.147327423095703,269100,0.0,0.0
2007-08-24,29.127745722160963,29.959967401999283,29.127745722160963,29.862058639526367,127200,0.0,0.0
2007-08-27,29.822894648927146,29.95017660149375,29.32356350410227,29.656452178955078,290300,0.0,0.0
2007-08-28,29.392099534104897,29.578124133119502,28.696948984381052,28.726322174072266,276400,0.0,0.0
2007-08-29,28.95151081517891,29.47042595788537,28.716530901723445,29.421470642089844,101400,0.0,0.0
2007-08-30,29.186490971021364,29.76415063002543,29.127746459033222,29.245237350463867,114300,0.0,0.0
2007-08-31,29.607496440739386,30.038293872771,29.303980959456666,29.460634231567383,65100,0.0,0.0
2007-09-04,29.41168176086846,30.302647975875782,29.41168176086846,29.705406188964844,159600,0.0,0.0
2007-09-05,29.578123795542755,29.656452300492028,29.255026182444375,29.53896141052246,110000,0.0,0.0
2007-09-06,29.695614808181734,29.764150382841116,29.19628179179348,29.421470642089844,113000,0.0,0.0
2007-09-07,28.9221393176887,29.235445867061863,28.882975065289884,29.049419403076172,148000,0.0,0.0
2007-09-10,29.255025659333008,29.255025659333008,28.84381035297401,28.9123477935791,174700,0.0,0.0
2007-09-11,29.088581808422514,29.19628163514045,28.57945959906121,29.02004623413086,134100,0.0,0.0
2007-09-12,28.971092204336486,29.558542906754823,28.706739108130087,29.000465393066406,170100,0.0,0.0
2007-09-13,29.098371779597638,29.215862665013244,28.403223132205984,28.863391876220703,109600,0.0,0.0
2007-09-14,28.52071381089593,29.078793214798537,28.45217823518536,29.069002151489258,105200,0.0,0.0
2007-09-17,28.95151005093669,28.95151005093669,28.393432537779912,28.452177047729492,270500,0.0,0.0
2007-09-18,28.491341396415944,30.077456242639425,28.236779362494605,30.008920669555664,156400,0.0,0.0
2007-09-19,30.08724844933806,30.33201942963034,29.91101304473492,30.13620376586914,146700,0.0,0.0
2007-09-20,29.989339704621763,30.31243732413448,29.793524040724154,30.106830596923828,86600,0.0,0.0
2007-09-21,30.351600083664504,30.429926718859658,29.920802656364,30.30264663696289,186700,0.0,0.0
2007-09-24,30.361391911569562,30.586580759998363,29.95996766264715,30.175365447998047,82900,0.0,0.0
2007-09-25,29.989338925553625,30.175365388759946,29.4802167186824,29.685823440551758,106700,0.0,0.0
2007-09-26,29.69561464125291,30.5376273936592,29.548752429600597,30.116621017456055,95300,0.0,0.0
2007-09-27,30.273273666364116,30.37118242792634,30.038293759087356,30.09703826904297,54700,0.0,0.0
2007-09-28,30.048085838087268,32.202069328023256,30.048085838087268,31.409013748168945,250000,0.0,0.0
2007-10-01,31.457965824414707,32.09436809968856,31.066330782008823,32.03562545776367,169500,0.0,0.0
2007-10-02,32.15311484211641,32.68182103490339,32.06499714331858,32.26081466674805,135100,0.0,0.0
2007-10-03,32.21186229044183,32.64265786838078,31.781062977594146,31.86918067932129,181700,0.0,0.0
2007-10-04,32.05520814282741,32.6622391077332,31.477548499396676,31.56566619873047,207500,0.0,0.0
2007-10-05,31.967091579442684,32.0943698002965,31.506920940468657,31.66357421875,248000,0.0,0.0
2007-10-08,31.546084413430144,31.957297858155947,30.968422896307178,31.7614803314209,145400,0.0,0.0
2007-10-09,31.888762142551577,32.15311524223472,31.25235798466775,31.38943099975586,248200,0.0,0.0
2007-10-10,31.42859086525548,32.016043430672006,31.232775210904258,31.947507858276367,138200,0.0,0.0
2007-10-11,32.24123300304858,32.24123300304858,31.702737607080394,31.87897300720215,187500,0.0,0.0
2007-10-12,31.986667925745365,32.554538357519846,31.732107765407214,32.329349517822266,125800,0.0,0.0
2007-10-15,32.30977012908675,32.45663421454614,31.967092242893308,32.172698974609375,291200,0.0,0.0
2007-10-16,32.21186137896713,32.348932525573254,32.07478649745237,32.14332580566406,129200,0.0,0.0
2007-10-17,32.39788658044134,32.57412198221343,31.9083446277208,32.1335334777832,186800,0.0,0.0
2007-10-18,32.064997502045216,32.456632553285566,31.69294457685775,31.967090606689453,83500,0.0,0.0
2007-10-19,31.976879517924253,32.06499721692436,31.46775544980237,31.624408721923828,162900,0.0,0.0
2007-10-22,31.418802715164652,32.29018679453575,31.301311824681616,32.07478713989258,97500,0.0,0.0
2007-10-23,32.45663239110178,32.45663239110178,31.36005574707179,32.08457946777344,133000,0.0,0.0
2007-10-24,31.800644806240268,32.04541578264443,30.733443199721755,31.614620208740234,167100,0.0,0.0
2007-10-25,31.585244203624104,31.85939022870464,31.027168560423444,31.31110191345215,109000,0.0,0.0
2007-10-26,31.751691715829548,31.839809417724613,31.203405245391437,31.83980941772461,61900,0.0,0.0
2007-10-29,31.76148105603123,32.07478761199165,31.35026760192395,31.69294548034668,115400,0.0,0.0
2007-10-30,31.614620830466844,31.91813445683528,31.389431975935537,31.63420295715332,105700,0.0,0.0
2007-10-31,31.820228200313014,32.358723622875004,31.25235958712868,32.11395263671875,137700,0.0,0.0
2007-11-01,31.732108764080653,32.10416168850738,30.14599390612682,30.38097381591797,242800,0.0,0.0
2007-11-02,30.694280364176525,31.0663314211716,29.959967445739068,30.899887084960938,205000,0.0,0.0
2007-11-05,30.547418211973003,30.547418211973003,29.480216619088182,29.773941040039062,230800,0.0,0.0
2007-11-06,29.803314981893163,30.322228263176804,29.39209966170279,30.224321365356445,166700,0.0,0.0
2007-11-07,29.73477811247132,30.08724703768587,29.010254401439973,29.695613861083984,141300,0.0,0.0
2007-11-08,29.695615158906875,29.695615158906875,28.8340221327275,29.157119750976562,273600,0.0,0.0
2007-11-09,28.706740416042468,29.352935657907754,27.678703040562528,27.884309768676758,378900,0.0,0.0
2007-11-12,27.913681718956468,28.814438965709112,27.659119685368296,28.422805786132812,212800,0.0,0.0
2007-11-13,28.628412505115005,28.882974538703174,28.15845268962344,28.422805786132812,216600,0.0,0.0
2007-11-14,28.550085909096254,28.550085909096254,28.158452728972676,28.364059448242188,172200,0.0,0.0
2007-11-15,28.226989539423702,28.50113371125477,27.76682076603828,28.40322494506836,193000,0.0,0.0
2007-11-16,28.461969479011053,28.550087181899055,27.747238659990035,28.373851776123047,148600,0.0,0.0
2007-11-19,28.089917696341043,28.12908008137974,27.52204910737232,27.923473358154297,161700,0.0,0.0
2007-11-20,27.864726719228962,28.39343291822221,27.68849318701887,28.129079818725586,204200,0.0,0.0
2007-11-21,28.393433422336322,28.51092431335005,27.884309340367455,28.26615333557129,163500,0.0,0.0
2007-11-23,28.432597290313495,28.7263217126906,27.952844537000914,28.589250564575195,78300,0.0,0.0
2007-11-26,28.569669220773193,28.579460284114454,27.864727599837273,27.943056106567383,102100,0.0,0.0
2007-11-27,27.972427333104587,28.618622571774466,27.962636269796935,28.520713806152344,110300,0.0,0.0
2007-11-28,28.892765235164664,29.323562660961752,28.599038953617168,29.264816284179688,109300,0.0,0.0
2007-11-29,29.147327742037945,29.509587734178346,28.77527481948615,28.853601455688477,122500,0.0,0.0
2007-11-30,29.323562674420792,29.323562674420792,28.021381201089113,28.168243408203125,222700,0.0,0.0
2007-12-03,28.060543702613106,28.33468785984301,27.708072910096703,28.050752639770508,138100,0.0,0.0
2007-12-04,27.73744725082804,28.05075380498869,27.06187882626016,27.08146095275879,253500,0.0,0.0
2007-12-05,27.51225756361938,27.874517555579754,27.04229774663896,27.238113403320312,217100,0.0,0.0
2007-12-06,27.218531079582526,27.776610459076565,27.169577632631572,27.414348602294922,356800,0.0,0.0
2007-12-07,27.473094113847,27.903891559049374,27.130414370332716,27.62974739074707,185200,0.0,0.0
2007-12-10,27.639537346714977,27.83535486872258,27.27727735869149,27.502466201782227,186800,0.0,0.0
2007-12-11,27.649328589218584,28.001799384140813,27.247904347203512,27.35560417175293,210900,0.0,0.0
2007-12-12,27.4633025118326,27.81577331167015,27.40455800101112,27.551420211791992,236300,0.0,0.0
2007-12-13,27.326231524026365,27.551420373038585,27.101042675014146,27.433931350708008,554200,0.0,0.0
2007-12-14,27.149995083263498,27.50246587166469,26.973759689062902,27.218530654907227,220900,0.0,0.0
2007-12-17,26.92480632481852,27.267486051534338,26.60170872361887,26.611499786376953,235600,0.0,0.0
2007-12-18,26.298193139089275,26.298193139089275,24.33023435176234,24.477096557617188,7721200,0.0,0.0
2007-12-19,24.741450281783127,25.41701681949461,24.721868155846884,25.015592575073242,4583600,0.0,0.0
2007-12-20,25.07433838783147,25.749904910319053,24.800194233264882,24.966638565063477,1066600,0.0,0.0
2007-12-21,25.015592575073242,25.162456652140733,24.996012316591315,25.015592575073242,638600,0.0,0.0
2007-12-24,25.035174881795303,25.11350151865157,24.868730545043945,24.868730545043945,116000,0.0,0.0
2007-12-26,24.77082163972894,24.868730402100084,24.095255101022122,24.43793296813965,706000,0.0,0.0
2007-12-27,24.428144091520963,24.888312852982228,24.34002639098199,24.72186851501465,495500,0.0,0.0
2007-12-28,24.70228638879391,24.770821963112148,24.575006303267806,24.72186851501465,604700,0.0,0.0
2007-12-31,24.751241908142028,24.819777483024573,24.477097741157497,24.54563331604004,320900,0.0,0.0
2008-01-02,24.6729142553618,24.947056543617506,24.232325767159015,24.33023452758789,220700,0.0,0.0
2008-01-03,24.379189319650244,25.142875452200894,23.2532431812089,23.732994079589844,337700,0.0,0.0
2008-01-04,23.576340859560716,24.046300695775493,23.155334472656246,23.15533447265625,386300,0.0,0.0
2008-01-07,23.35115212878576,23.498014344950825,21.833570915201715,22.548303604125977,617800,0.0,0.0
2008-01-08,22.51892997577684,22.763700953774414,22.127296784471593,22.381858825683594,639700,0.0,0.0
2008-01-09,22.411230286653442,23.311987565960607,21.63775496246765,23.302196502685547,696900,0.0,0.0
2008-01-10,23.292407679786418,23.292407679786418,22.39165038605774,23.008472442626953,402500,0.0,0.0
2008-01-11,22.95951744211884,23.008470888516953,22.567882401116833,22.714746475219727,180200,0.0,0.0
2008-01-14,22.665792231115912,22.763700995987374,21.735663633472917,22.32311248779297,568400,0.0,0.0
2008-01-15,22.3720675241942,22.3720675241942,21.902107699633238,22.0391788482666,538800,0.0,0.0
2008-01-16,22.048969868106532,22.665791903200514,21.970643230833417,22.616838455200195,1008500,0.0,0.0
2008-01-17,22.56788284125918,23.155333546764993,22.372067184393455,22.88119125366211,813800,0.0,0.0
2008-01-18,23.057425147069736,23.302196122590452,22.900771872132825,23.106380462646484,244000,0.0,0.0
2008-01-22,22.567882963885353,24.379188537597653,22.02938757026071,24.379188537597656,201700,0.0,0.0
2008-01-23,23.84069264515113,24.379188027508768,23.05742442745769,23.174915313720703,538200,0.0,0.0
2008-01-24,23.84069382660675,24.08546480661821,23.498014081099836,23.791738510131836,783300,0.0,0.0
2008-01-25,23.93860110419307,24.18337206899073,23.79173703135106,23.9875545501709,183700,0.0,0.0
2008-01-28,23.54696598854025,23.69383006089568,23.449059096908968,23.49801254272461,250300,0.0,0.0
2008-01-29,23.498014264440663,23.791738695764415,23.057425750000643,23.64487648010254,176700,0.0,0.0
2008-01-30,23.595921379985487,24.085463309580813,23.204288209800083,23.9875545501709,216600,0.0,0.0
2008-01-31,24.134416976984753,25.720533665105627,23.889646009941387,25.456180572509766,363600,0.0,0.0
2008-02-01,25.45618155343192,25.74990597822055,25.16245712864329,25.700952529907227,161200,0.0,0.0
2008-02-04,25.651998341768078,25.798860549926758,24.672914464104476,25.798860549926758,52500,0.0,0.0
2008-02-05,25.45618173509822,25.79886147810003,25.45618173509822,25.55409049987793,48600,0.0,0.0
2008-02-06,25.554089156449965,26.533173017866023,25.260362877552588,25.603042602539062,276200,0.0,0.0
2008-02-07,25.554090935593116,25.896770684437858,25.505135618641358,25.720535278320312,129600,0.0,0.0
2008-02-08,25.700952945962975,25.896770477294922,25.505135414631027,25.896770477294922,86700,0.0,0.0
2008-02-11,25.84781437963212,26.190494115380297,25.798860932005663,25.99467658996582,166300,0.0,0.0
2008-02-12,25.945723323326735,26.09258553468489,25.847814559936523,25.847814559936523,132400,0.0,0.0
2008-02-13,26.190493632860665,28.442385796367905,26.190493632860665,28.08012580871582,510300,0.0,0.0
2008-02-14,27.84514707625849,28.373851419486734,27.541629717923936,28.148662567138672,277200,0.0,0.0
2008-02-15,27.85493832232952,28.197616200997714,27.571003088628014,28.001800537109375,237100,0.0,0.0
2008-02-19,28.178035031256666,28.178035031256666,27.492675561158844,27.698284149169922,218400,0.0,0.0
2008-02-20,27.698284329182492,28.207406536112263,27.561211313799493,28.070335388183594,167900,0.0,0.0
2008-02-21,27.737447430033015,28.129080625264073,27.737447430033015,28.001800537109375,286700,0.0,0.0
2008-02-22,28.148662587960022,28.148662587960022,27.629747440141884,28.11928939819336,146500,0.0,0.0
2008-02-25,27.90389133332457,28.129080183614985,27.49267601792477,27.835355758666992,122400,0.0,0.0
2008-02-26,27.659119270023343,28.28573234793585,27.659119270023343,28.226987838745117,150400,0.0,0.0
2008-02-27,27.894099369197505,28.25636122455651,27.894099369197505,28.050752639770508,167600,0.0,0.0
2008-02-28,27.903891853202328,28.050754068412516,27.884309726519803,27.943056106567383,146100,0.0,0.0
2008-02-29,27.864726437610674,28.080126087225477,27.75702848025758,27.84514617919922,480800,0.0,0.0
2008-03-03,27.629747805344167,27.96263649061555,27.629747805344167,27.825565338134766,336000,0.0,0.0
2008-03-04,27.708073744970534,27.952844721047853,27.62974710732397,27.864727020263672,410900,0.0,0.0
2008-03-05,27.81577311008739,27.992008508728976,27.629746648470796,27.7276554107666,173100,0.0,0.0
2008-03-06,27.698284290027186,27.845146500808056,27.512257827062445,27.551420211791992,96900,0.0,0.0
2008-03-07,27.4143498668431,27.88430970208564,27.355605354301375,27.42414093017578,146200,0.0,0.0
2008-03-10,27.296858710470833,27.88430943257327,27.296858710470833,27.62974739074707,136000,0.0,0.0
2008-03-11,27.75702974075933,27.874518766380714,27.56121220811783,27.854938507080078,172200,0.0,0.0
2008-03-12,27.903891051075497,28.070335388183594,27.903891051075497,28.070335388183594,113700,0.0,0.0
2008-03-13,27.64932845918252,28.334687919984844,27.64932845918252,28.021381378173828,226200,0.0,0.0
2008-03-14,28.02138192016116,28.295524215821096,27.698284309237433,28.099708557128906,525800,0.0,0.0
2008-03-17,27.463302135767787,28.040961775389523,27.228322228245197,27.8745174407959,1505600,0.0,0.0
2008-03-18,27.99200879332648,28.00179985640104,26.42547418302945,27.49267578125,236200,0.0,0.0
2008-03-19,27.473093837124598,27.776611192083873,27.179369412759094,27.345813751220703,151700,0.0,0.0
2008-03-20,27.316439493561308,27.41434825367242,26.78773517688813,27.159786224365234,238600,0.0,0.0
2008-03-24,27.140205180542267,27.51225811030205,26.817107566516324,27.31644058227539,185100,0.0,0.0
2008-03-25,27.473093837124598,27.571002601064546,27.306649498662985,27.345813751220703,96100,0.0,0.0
2008-03-26,27.316440460923094,27.854937726876976,27.316440460923094,27.433931350708008,164700,0.0,0.0
2008-03-27,27.473094042014598,27.659120508142422,27.08146085078841,27.169578552246094,47600,0.0,0.0
2008-03-28,27.169577750763846,27.52204854619697,27.140204561992984,27.296857833862305,95200,0.0,0.0
2008-03-31,27.48288556762368,27.786401062498797,27.04229892037678,27.306650161743164,131700,0.0,0.0
2008-04-01,27.512257907399114,27.512257907399114,26.787736046970785,27.49267578125,233500,0.0,0.0
2008-04-02,27.512257166237465,27.776610259766052,27.365394958984123,27.59058380126953,105900,0.0,0.0
2008-04-03,27.41434864981715,28.138870497182086,27.257695378357397,27.933263778686523,174500,0.0,0.0
2008-04-04,28.060543487249916,28.569667546431827,28.060543487249916,28.25636100769043,54200,0.0,0.0
2008-04-07,28.16824422973491,28.63820405318793,27.92347325492134,28.53050422668457,50000,0.0,0.0
2008-04-08,28.491341522677462,28.931928151934564,27.87451762728148,28.824230194091797,51800,0.0,0.0
2008-04-09,28.75569421573669,29.0592096939444,28.432596611849952,28.59903907775879,82000,0.0,0.0
2008-04-10,28.510923847386675,28.794857205893354,28.432597210475762,28.647994995117188,184400,0.0,0.0
2008-04-11,28.491342519393633,28.550087031858784,27.90389179237899,27.972427368164062,43300,0.0,0.0
2008-04-14,28.207406997680664,28.46196903903821,28.03117159462895,28.207406997680664,69500,0.0,0.0
2008-04-15,28.207406396713594,28.902556930890036,28.207406396713594,28.736112594604492,365600,0.0,0.0
2008-04-16,28.785067040995784,29.020046959060334,28.47176048357639,28.95151138305664,147800,0.0,0.0
2008-04-17,28.559877572566524,29.088581909986967,28.54029544628501,28.931928634643555,50500,0.0,0.0
2008-04-18,29.078793030963972,29.744568524696508,29.06900196771659,29.215864181518555,65400,0.0,0.0
2008-04-21,29.00046575467638,29.45084344942519,29.00046575467638,29.22565460205078,190700,0.0,0.0
2008-04-22,28.971093182095277,29.245237350463867,28.86339335390505,29.245237350463867,60500,0.0,0.0
2008-04-23,29.0885816071328,29.37251683289553,28.785066122746755,29.19628143310547,72800,0.0,0.0
2008-04-24,29.734778535601727,30.155783039280777,29.196281276088733,29.89143180847168,88300,0.0,0.0
2008-04-25,29.764150395904018,30.429927751380546,28.73611304065337,29.969758987426758,78200,0.0,0.0
2008-04-28,28.785066870838648,29.24523750835077,28.285733847607794,28.57946014404297,124300,0.0,0.0
2008-04-29,28.47175931799168,28.931928071931107,28.47175931799168,28.88297462463379,157500,0.0,0.0
2008-04-30,28.834020822914677,29.891431331646306,28.834020822914677,29.176698684692383,155600,0.0,0.0
2008-05-01,28.16824391752454,29.382307715048928,28.16824391752454,29.343143463134766,211000,0.0,0.0
2008-05-02,29.47042476938366,29.519378215750606,28.951509647604333,29.352933883666992,58500,0.0,0.0
2008-05-05,29.372516194868858,29.421469641545258,28.579458780494598,28.657785415649414,70700,0.0,0.0
2008-05-06,28.618622315947007,29.372517376807448,28.618622315947007,29.274608612060547,89100,0.0,0.0
2008-05-07,29.206071952404905,29.333352034631265,28.785065586845395,29.11795425415039,94300,0.0,0.0
2008-05-08,29.098372227437707,29.1179543532174,28.628412413450892,29.029836654663086,93700,0.0,0.0
2008-05-09,28.892765391360083,29.303980693786198,28.843810077110373,29.147327423095703,46600,0.0,0.0
2008-05-12,29.09837247123044,29.411680883967588,29.09837247123044,29.372516632080078,48600,0.0,0.0
2008-05-13,29.32356380569288,29.43126176575575,29.215863978175662,29.392099380493164,78700,0.0,0.0
2008-05-14,29.38230811525035,29.76415023934276,29.303981477809486,29.568334579467773,70500,0.0,0.0
2008-05-15,29.509588120441233,29.705405647237342,29.24523688695712,29.627079010009766,103800,0.0,0.0
2008-05-16,29.685822508778706,29.685822508778706,28.89276510046099,29.411680221557617,60300,0.0,0.0
2008-05-19,29.34314332967744,30.116620494375464,29.34314332967744,30.008920669555664,86100,0.0,0.0
2008-05-20,29.911012187488893,30.06766546098994,29.44105236698576,29.773941040039062,38600,0.0,0.0
2008-05-21,29.646661882516526,30.194948356912338,29.44105328745911,29.529170989990234,47600,0.0,0.0
2008-05-22,29.47042557600854,30.292856196172824,29.47042557600854,29.74456787109375,41700,0.0,0.0
2008-05-23,29.734778958553377,29.89143223365159,29.186490628255296,29.50958824157715,61200,0.0,0.0
2008-05-27,29.44105336937135,29.74456886368169,29.235446641196265,29.470426559448242,90800,0.0,0.0
2008-05-28,29.568334519242917,29.734778856897528,28.961301679721885,29.597705841064453,68600,0.0,0.0
2008-05-29,29.51937994772234,29.959968460692348,28.94172028291916,29.499797821044922,38500,0.0,0.0
2008-05-30,29.470425096610253,29.832685085638314,29.441051907991373,29.636869430541992,70600,0.0,0.0
2008-06-02,29.617287604014077,29.90122282783559,29.206072296466782,29.372516632080078,58800,0.0,0.0
2008-06-03,29.372517528446142,29.80331497508391,29.088582295959732,29.67603302001953,144300,0.0,0.0
2008-06-04,29.67603233694728,30.332018621348166,29.538961189221652,30.26348304748535,51300,0.0,0.0
2008-06-05,30.263483617989902,30.978214426681863,30.038294766065757,30.86072540283203,111900,0.0,0.0
2008-06-06,30.899886800204232,30.899886800204232,30.439718047840984,30.61595344543457,43300,0.0,0.0
2008-06-09,30.821559743990253,31.888761310460147,30.73344204639518,31.546083450317383,163000,0.0,0.0
2008-06-10,31.43838520251978,31.93771635730744,31.291521120865838,31.781063079833984,89400,0.0,0.0
2008-06-11,31.888762303688374,32.11395115235443,31.26214920567696,31.790855407714844,82600,0.0,0.0
2008-06-12,31.82022630599593,32.12374365532792,30.850933482615496,31.59503746032715,62000,0.0,0.0
2008-06-13,31.74189857396216,32.58391133426741,31.70273805608721,32.53495788574219,97800,0.0,0.0
2008-06-16,32.38809737912264,33.01471048091073,32.14332640280488,32.65244674682617,111800,0.0,0.0
2008-06-17,32.789522110200494,33.034293090096284,32.2999801504089,32.81889343261719,74600,0.0,0.0
2008-06-18,32.81889434170506,33.43571827390302,32.56433042401308,33.09303665161133,314700,0.0,0.0
2008-06-19,32.975545250674884,32.975545250674884,32.26081446920614,32.437049865722656,77900,0.0,0.0
2008-06-20,32.42725790243379,32.42725790243379,32.06499790319502,32.1335334777832,74800,0.0,0.0
2008-06-23,32.40767394977052,32.4566311302105,32.01604265061007,32.045413970947266,125200,0.0,0.0
2008-06-24,32.08458055713077,32.08458055713077,31.085914508968557,31.17403221130371,110400,0.0,0.0
2008-06-25,31.154448900114893,31.467755444303044,30.850933418864408,31.10549545288086,81400,0.0,0.0
2008-06-26,31.007586908694364,31.291520266063298,30.371182752911547,30.38097381591797,148300,0.0,0.0
2008-06-27,30.772606832651338,30.841142405871697,29.480216402055117,29.979549407958984,3041000,0.0,0.0
2008-06-30,29.871849105414412,30.263482280023457,29.264816284179684,29.264816284179688,229000,0.0,0.0
2008-07-01,29.137536624407247,30.008920683954877,28.89276565330247,29.460634231567383,133600,0.0,0.0
2008-07-02,29.382307509283894,29.84247626132687,28.922138757240916,29.000465393066406,119300,0.0,0.0
2008-07-03,28.951510619268767,29.558543458845126,28.9123482343517,29.078792572021484,59600,0.0,0.0
2008-07-07,28.951510581562143,29.255026067227856,28.47175969536333,28.559877395629883,85500,0.0,0.0
2008-07-08,28.71653030318158,30.518044802912012,28.71653030318158,30.498462677001953,157800,0.0,0.0
2008-07-09,30.527835861176165,30.99779567821946,29.901222771785104,29.979549407958984,97300,0.0,0.0
2008-07-10,29.911013090503,31.036961095533854,29.911013090503,30.62574577331543,130800,0.0,0.0
2008-07-11,30.361390964404837,31.046748551388486,30.361390964404837,30.99779510498047,98600,0.0,0.0
2008-07-14,30.880307817303443,31.036961095533854,30.537628070879027,30.62574577331543,52400,0.0,0.0
2008-07-15,30.351600182650568,30.81176893249108,29.62707833786891,30.214529037475586,78000,0.0,0.0
2008-07-16,30.008921696312864,30.939052164870912,30.008921696312864,30.743234634399414,118900,0.0,0.0
2008-07-17,30.988005371674724,32.143326551485615,30.988005371674724,31.986669540405273,122800,0.0,0.0
2008-07-18,31.88876238551851,32.58391105947696,30.84114290929699,31.673362731933594,109400,0.0,0.0
2008-07-21,31.614619689039763,32.41746817965502,30.870515708908613,32.02583312988281,60400,0.0,0.0
2008-07-22,31.927925417184596,32.789520263671875,31.497126126486688,32.789520263671875,109100,0.0,0.0
2008-07-23,32.60349435383408,32.79931188820813,32.19228089306651,32.348934173583984,54500,0.0,0.0
2008-07-24,32.270604831745246,32.652446959705,31.89855563445092,31.957298278808594,92400,0.0,0.0
2008-07-25,32.2412332993685,33.02449967660361,31.830016117002142,32.65244674682617,109900,0.0,0.0
2008-07-28,32.44684022568083,33.0636641356272,32.153115799247374,32.47621154785156,99500,0.0,0.0
2008-07-29,32.54475148059945,33.23990017460763,32.37830527032622,33.04408264160156,90700,0.0,0.0
2008-07-30,33.03429183674455,33.08324528388462,31.105495393175218,31.13486671447754,173300,0.0,0.0
2008-07-31,33.15177972595025,34.953294157573154,32.456631089512605,33.77839279174805,427000,0.0,0.0
2008-08-01,33.77839261034171,33.905674555807224,33.07345104765083,33.37696838378906,287800,0.0,0.0
2008-08-04,33.23010687296314,33.67069538358333,31.360056736694116,33.337806701660156,184000,0.0,0.0
2008-08-05,33.50425054656693,34.15044573825538,33.220315333651634,33.71964645385742,203100,0.0,0.0
2008-08-06,33.465089192443,35.19806820534127,33.465089192443,35.00225067138672,255100,0.0,0.0
2008-08-07,34.67914994716672,35.472209250777816,34.29730782373094,34.96308517456055,188700,0.0,0.0
2008-08-08,35.090367735069755,37.02895344256244,34.40500824618032,36.568782806396484,176800,0.0,0.0
2008-08-11,36.50024755885924,36.617740319090224,35.9323808240446,36.333805084228516,169500,0.0,0.0
2008-08-12,35.87363160233702,36.71564430941837,35.677814085705094,36.60794448852539,197100,0.0,0.0
2008-08-13,36.44150410111687,37.205188351046516,35.98133347107788,37.03874588012695,253900,0.0,0.0
2008-08-14,36.715647305368364,37.69473123351152,36.69606517861644,37.312889099121094,131400,0.0,0.0
2008-08-15,37.626196393694,37.675149844077445,34.78685145254821,35.6876106262207,354600,0.0,0.0
2008-08-18,35.78551388216474,36.226102360558635,35.62886061594786,36.08903121948242,177600,0.0,0.0
2008-08-19,36.02049896291014,36.07924160882813,35.15890405199438,35.46242141723633,97000,0.0,0.0
2008-08-20,35.32534817751473,35.73656161429294,34.53228889027429,35.031620025634766,127500,0.0,0.0
2008-08-21,34.56166256884499,35.22743995134201,34.07212059553299,34.6497802734375,85100,0.0,0.0
2008-08-22,34.86517719339238,35.16869080262125,34.2287711842008,34.80643081665039,80500,0.0,0.0
2008-08-25,34.52249558466686,35.70718990493056,33.895882505963606,34.28751754760742,100200,0.0,0.0
2008-08-26,34.209191750474936,35.07078666927852,34.12107404588242,34.6497802734375,92900,0.0,0.0
2008-08-27,34.718312693573296,35.677814425817225,34.679148442891865,35.217647552490234,263800,0.0,0.0
2008-08-28,35.2176474185526,36.00091375465974,35.2176474185526,35.85404968261719,125000,0.0,0.0
2008-08-29,35.88342753780755,36.069452139988826,34.79664377763914,35.1197395324707,109500,0.0,0.0
2008-09-02,35.70719041482811,36.216314482271926,34.365842805734204,34.972877502441406,138700,0.0,0.0
2008-09-03,34.98266638170199,35.687607966391944,34.953295060642766,35.207855224609375,223400,0.0,0.0
2008-09-04,34.95329470108895,35.364508131322346,33.88609313964844,33.88609313964844,143200,0.0,0.0
2008-09-05,33.9154664579591,34.57145462780261,33.54341352185246,34.316890716552734,143700,0.0,0.0
2008-09-08,35.10994761320667,35.48200052361954,34.52249505967449,35.276390075683594,119900,0.0,0.0
2008-09-09,35.374302476826216,36.2065223007812,34.90434265136719,34.90434265136719,124000,0.0,0.0
2008-09-10,35.521162494942566,36.10861507254895,35.188273821438216,35.658233642578125,110500,0.0,0.0
2008-09-11,35.32534993568076,35.82468109589328,34.76726866027791,35.6973991394043,147500,0.0,0.0
2008-09-12,35.65823408105094,36.22610453956242,35.423256035045895,35.883426666259766,153600,0.0,0.0
2008-09-15,34.728105113276825,36.07923812775103,34.49312334755044,34.53228759765625,106000,0.0,0.0
2008-09-16,34.277726108500914,36.226104736328125,34.277726108500914,36.226104736328125,182900,0.0,0.0
2008-09-17,35.49179021841207,36.03028559888213,34.34626388549805,34.34626388549805,224000,0.0,0.0
2008-09-18,34.95329425615104,36.23589171166428,34.287516938136086,35.97154235839844,252300,0.0,0.0
2008-09-19,36.47087571427629,37.02895324520541,35.94216950553017,36.226104736328125,476600,0.0,0.0
2008-09-22,35.93237979401246,36.284850594783975,35.599491119384766,35.599491119384766,109800,0.0,0.0
2008-09-23,35.491792783238374,36.07924165258361,35.109950644673084,35.4036750793457,123600,0.0,0.0
2008-09-24,35.491790676853505,35.86384359730941,34.356053524590536,34.45396041870117,168100,0.0,0.0
2008-09-25,34.51270783824951,34.845596517149545,34.46375438971601,34.66936111450195,189800,0.0,0.0
2008-09-26,34.365844287830804,34.5812439465912,33.79797755324716,34.258148193359375,335900,0.0,0.0
2008-09-29,33.93504925406826,34.32668432452879,32.4076769611628,32.75035858154297,358700,0.0,0.0
2008-09-30,32.89721652398422,34.93371276547042,32.41746751943794,34.80643081665039,433400,0.0,0.0
2008-10-01,34.228773471942404,34.336473302380085,32.8188939500799,32.92659378051758,306600,0.0,0.0
2008-10-02,32.799310626405656,33.56299487268552,32.104161954283796,32.30976867675781,203100,0.0,0.0
2008-10-03,32.52516764298249,33.68048691854874,32.24123242180414,32.319557189941406,180600,0.0,0.0
2008-10-06,31.947509396289178,33.004918089090836,30.899888031885826,32.241233825683594,253900,0.0,0.0
2008-10-07,32.46642178994996,33.24968815851338,30.811769485473633,30.811769485473633,168700,0.0,0.0
2008-10-08,30.635535706581603,31.68315516639926,29.63686969410981,29.950176239013672,240200,0.0,0.0
2008-10-09,30.214529166589365,30.733442428371696,27.8451460997658,27.90389060974121,237000,0.0,0.0
2008-10-10,27.365395861860808,29.49000800808984,26.356938768528032,28.961301803588867,274500,0.0,0.0
2008-10-13,26.503801004251084,30.008921308751162,26.503801004251084,28.413015365600586,349100,0.0,0.0
2008-10-14,27.257695828762728,28.941719458508988,26.28840299529357,28.070335388183594,528300,0.0,0.0
2008-10-15,26.65066310352929,28.29552435542138,25.260363889901864,25.27015495300293,226600,0.0,0.0
2008-10-16,25.240783470588347,26.10237647600341,24.418352849874083,25.96530532836914,379000,0.0,0.0
2008-10-17,25.651998281682793,30.997795344826407,24.692494664554665,24.761032104492188,336700,0.0,0.0
2008-10-20,24.849148438180258,26.024049859387056,24.70228622739299,25.935932159423828,205200,0.0,0.0
2008-10-21,25.426807899138257,25.661787808164313,24.398770563717484,24.46730613708496,188200,0.0,0.0
2008-10-22,24.154000742229584,24.575007132916838,22.704956967153684,22.97909927368164,200900,0.0,0.0
2008-10-23,23.116170784906316,23.635084041208685,22.20562248635893,23.204288482666016,264300,0.0,0.0
2008-10-24,21.882524760756162,22.861608625958187,21.432145211687008,22.195831298828125,300300,0.0,0.0
2008-10-27,21.95106092687882,22.518929509373546,21.559427743684928,21.667125701904297,141000,0.0,0.0
2008-10-28,21.921688579945496,23.096590042114258,21.36361103902437,23.096590042114258,162600,0.0,0.0
2008-10-29,23.311986261786103,24.12462579360951,22.80286407214626,23.351150512695312,133300,0.0,0.0
2008-10-30,23.860275368415518,24.614168549108637,22.98888943106218,24.29107093811035,110100,0.0,0.0
2008-10-31,24.163791538046148,25.123293335175912,23.517596297737988,24.770822525024414,130700,0.0,0.0
2008-11-03,25.113502355173893,25.456182103129983,23.605714078603246,24.712078094482422,138900,0.0,0.0
2008-11-04,25.14287510191509,26.004468120840617,24.48688880766505,25.612834930419922,162100,0.0,0.0
2008-11-05,25.240783871263083,26.014259189061676,23.811320391633284,24.02672004699707,83600,0.0,0.0
2008-11-06,23.772156952679655,25.651998051198277,23.282615019393077,23.29240608215332,95400,0.0,0.0
2008-11-07,23.478430495202737,24.18337206899073,23.272823781150745,23.9875545501709,115900,0.0,0.0
2008-11-10,23.713411677045848,24.242117885919313,23.03784512231335,23.449060440063477,107900,0.0,0.0
2008-11-11,23.047635791241913,23.63508463444575,22.567883039195472,23.22386932373047,134500,0.0,0.0
2008-11-12,22.930145761303876,23.87006543961157,22.489557244938148,22.518930435180664,208500,0.0,0.0
2008-11-13,22.56788344515545,24.69249561082706,21.872734763380944,24.486888885498047,151300,0.0,0.0
2008-11-14,24.2421184457434,24.457516239080284,22.76370148034476,22.97909927368164,108700,0.0,0.0
2008-11-17,22.793073774961673,23.977764392941005,22.616838374859615,22.675582885742188,75100,0.0,0.0
2008-11-18,22.76370038544132,23.860275161172588,22.10771410608742,22.851818084716797,125600,0.0,0.0
2008-11-19,22.881192076709457,23.458849872578146,21.941270540599874,22.176250457763672,164600,0.0,0.0
2008-11-20,22.078341135677963,22.636420525763818,20.971977153481795,21.03072166442871,136300,0.0,0.0
2008-11-21,21.1384207041297,23.556757168029183,20.0320548956481,23.380521774291992,302800,0.0,0.0
2008-11-24,23.478430569877382,24.937265300616858,22.930144129873952,24.477096557617188,264200,0.0,0.0
2008-11-25,24.5945891510092,25.514926700931266,24.007138419333703,24.65333366394043,814800,0.0,0.0
2008-11-26,24.14420939088594,25.38764642123876,24.0169293025806,24.800195693969727,230400,0.0,0.0
2008-11-28,24.496680072157055,24.5554245843393,23.938602537789812,24.36939811706543,50000,0.0,0.0
2008-12-01,23.830902273252523,23.850484399439804,21.42235490839294,21.520263671875,182400,0.0,0.0
2008-12-02,21.892316246835044,23.125962164939157,21.412565367703607,22.91056251525879,199800,0.0,0.0
2008-12-03,22.41123006668871,23.184707250737247,21.579010238475128,22.440603256225586,155300,0.0,0.0
2008-12-04,22.156667791566925,23.468640364372497,21.10904831942837,21.579010009765625,143600,0.0,0.0
2008-12-05,21.14821347223888,21.334239943679915,19.86561403404464,20.815324783325195,264300,0.0,0.0
2008-12-08,21.07967650487825,21.82378047410848,20.423690233810433,21.441936492919922,145200,0.0,0.0
2008-12-09,21.24612121572438,21.960852009110557,21.069885816269306,21.118839263916016,152300,0.0,0.0
2008-12-10,21.34402873944409,21.862943890067378,20.707624564027775,21.1384220123291,121800,0.0,0.0
2008-12-11,20.854487109290577,21.706290956085866,20.139756283532275,20.35515594482422,139300,0.0,0.0
2008-12-12,19.91456610413175,21.08946749741054,19.660004073339536,20.952394485473633,105700,0.0,0.0
2008-12-15,21.09925690572388,21.09925690572388,19.826448606370693,20.227872848510742,98700,0.0,0.0
2008-12-16,20.599926522994995,21.37340184683447,20.404108992490272,21.197166442871094,192300,0.0,0.0
2008-12-17,20.971976338254976,21.37340057112093,20.78594988212428,21.187374114990234,123700,0.0,0.0
2008-12-18,21.236331006760008,21.95106182889032,20.57055363424515,21.481101989746094,170200,0.0,0.0
2008-12-19,21.902107539991704,21.951060987731278,21.197165940834143,21.637754440307617,283200,0.0,0.0
2008-12-22,21.637755036335424,21.637755036335424,20.44327145706189,21.1384220123291,122400,0.0,0.0
2008-12-23,21.177582873911955,21.402773578890823,20.590134057318018,20.78594970703125,84800,0.0,0.0
2008-12-24,20.72720695680058,20.864278109970687,20.315991629835846,20.3845272064209,21000,0.0,0.0
2008-12-26,20.443270610248458,20.629297070495163,19.88519309696264,20.257246017456055,27200,0.0,0.0
2008-12-29,20.100593126040664,20.404108611953482,19.630631435084993,19.93414878845215,54300,0.0,0.0
2008-12-30,20.178920071992884,20.795742116342886,20.178920071992884,20.736997604370117,82700,0.0,0.0
2008-12-31,20.79574113728674,21.70628943354103,20.688041314195157,21.011138916015625,233100,0.0,0.0
2009-01-02,21.050304006583755,21.579010212894644,21.050304006583755,21.402774810791016,90200,0.0,0.0
2009-01-05,21.5790091137982,21.618171497018572,20.834905158068512,21.24612045288086,108600,0.0,0.0
2009-01-06,21.373401714206736,22.225205538925923,21.01113984525724,21.83357048034668,139700,0.0,0.0
2009-01-07,21.667125021398263,21.853151477868142,21.39298273549977,21.73566246032715,127800,0.0,0.0
2009-01-08,21.59858944992364,21.8139890945059,21.47130936967852,21.73566246032715,68400,0.0,0.0
2009-01-09,21.73566397431472,21.73566397431472,21.19716669280455,21.510473251342773,146100,0.0,0.0
2009-01-12,21.41256653866996,21.784617613307176,21.167795554250777,21.363611221313477,87400,0.0,0.0
2009-01-13,21.206956586971575,21.598589763552148,21.011139064954147,21.441936492919922,65500,0.0,0.0
2009-01-14,21.109048476277753,21.197166177154845,19.7187492559945,19.81665802001953,148000,0.0,0.0
2009-01-15,19.85582297840397,19.934149618917314,19.219416923346838,19.777496337890625,155100,0.0,0.0
2009-01-16,19.89498463719962,20.002684464261346,19.336907110524027,19.846031188964844,58100,0.0,0.0
2009-01-20,19.6502131032172,19.787284248346392,18.651547100964887,18.67112922668457,77000,0.0,0.0
2009-01-21,18.720085316246227,19.199836211520818,18.563430171455433,19.09213638305664,130100,0.0,0.0
2009-01-22,18.79841110488126,18.935482249488906,18.044516074630636,18.18158721923828,72700,0.0,0.0
2009-01-23,17.760580511454044,18.396986510427126,17.70183600310957,17.927024841308594,103700,0.0,0.0
2009-01-26,17.897654701848307,18.504685685522993,17.87807257528993,17.995561599731445,88900,0.0,0.0
2009-01-27,18.103260963566733,18.31865874781565,17.692045653670196,17.858489990234375,109000,0.0,0.0
2009-01-28,18.073887124914496,18.61238436736489,18.073887124914496,18.416566848754883,104000,0.0,0.0
2009-01-29,18.162004742140734,18.357822259894643,17.770371574087164,17.927024841308594,56500,0.0,0.0
2009-01-30,18.10326114803668,18.152216463674595,17.60392813325601,17.711627960205078,159800,0.0,0.0
2009-02-02,17.584345827818574,17.966189816085993,17.143759196292923,17.858489990234375,110400,0.0,0.0
2009-02-03,17.946607084058698,17.946607084058698,16.771705704752485,17.261247634887695,254300,0.0,0.0
2009-02-04,17.212294625788463,17.525601170235575,16.88919701839559,16.90877914428711,117200,0.0,0.0
2009-02-05,17.114385775393167,19.953728654098438,17.104594712497974,19.16067123413086,324200,0.0,0.0
2009-02-06,19.082344721983866,19.914566398920936,19.082344721983866,19.62084197998047,126100,0.0,0.0
2009-02-09,19.51314170754561,20.315990177201368,19.51314170754561,20.002683639526367,191500,0.0,0.0
2009-02-10,19.7089570301592,19.846030038689655,17.887862343524322,18.04451560974121,180500,0.0,0.0
2009-02-11,18.12284386960194,18.348032726570455,16.977315590406537,17.241668701171875,189100,0.0,0.0
2009-02-12,17.036059409853504,17.192712683752276,16.272375166460563,16.761917114257812,174400,0.0,0.0
2009-02-13,16.850032752332815,17.701836553349054,16.722752669054405,17.45706558227539,167200,0.0,0.0
2009-02-17,17.016477283752575,17.15355029900475,16.742334988156884,16.761917114257812,198400,0.0,0.0
2009-02-18,16.654216994974373,16.654216994974373,15.870948771814913,15.900321960449219,221900,0.0,0.0
2009-02-19,15.988440233338626,16.086348998183063,15.303081680609123,15.430362701416016,153500,0.0,0.0
2009-02-20,15.009355919999784,15.743668835591661,15.009355919999784,15.508688926696777,224400,0.0,0.0
2009-02-23,15.587015423656027,15.910113028929972,15.175800119902435,15.626178741455078,229800,0.0,0.0
2009-02-24,15.792622395356727,15.802413458395472,15.273709126483515,15.69471549987793,164000,0.0,0.0
2009-02-25,15.54785250091128,15.54785250091128,14.647095234918716,15.028938293457031,152900,0.0,0.0
2009-02-26,15.126845536115697,15.303080930708704,14.833120189703063,14.97998332977295,125400,0.0,0.0
2009-02-27,14.715630237883438,15.25412655068541,14.402323699697767,14.97998332977295,195000,0.0,0.0
2009-03-02,14.754794120788574,14.94082058526308,14.52960527126669,14.754794120788574,288600,0.0,0.0
2009-03-03,14.950611160406046,14.999564606981036,14.343578338623049,14.343578338623047,342800,0.0,0.0
2009-03-04,14.519813809376204,14.79395703326914,14.157552887228753,14.558977127075195,181900,0.0,0.0
2009-03-05,14.32399763932951,14.529605296687434,13.991108962299808,14.206507682800293,214500,0.0,0.0
2009-03-06,14.323997049161038,14.6275125242578,14.118389400274435,14.431695938110352,151200,0.0,0.0
2009-03-09,14.255462064785927,14.598140871231017,14.040063344285443,14.206507682800293,162300,0.0,0.0
2009-03-10,14.402324376546067,15.019147352882527,14.382742250125618,14.911447525024414,137100,0.0,0.0
2009-03-11,15.048519000407373,15.449943238526085,14.57855919004219,14.891865730285645,112200,0.0,0.0
2009-03-12,14.793956981581863,15.577224266552236,14.686258091717704,15.440153121948242,157000,0.0,0.0
2009-03-13,15.596806932407189,16.09613994891498,15.489107105085601,16.03739356994629,112800,0.0,0.0
2009-03-16,16.3213287576125,16.605262118752503,16.008022207063107,16.096139907836914,190100,0.0,0.0
2009-03-17,16.135302386924383,16.526935577392578,15.929695662223967,16.526935577392578,142600,0.0,0.0
2009-03-18,16.409445458890673,17.104594092148993,16.174465560291203,16.947940826416016,167100,0.0,0.0
2009-03-19,17.25145922303893,17.506019394909142,16.781497529502776,17.163341522216797,143200,0.0,0.0
2009-03-20,17.31020332669224,17.54518323419817,16.732543687111466,16.93815040588379,320500,0.0,0.0
2009-03-23,17.368948808355775,18.259915041120063,17.319995358515527,18.250123977661133,215100,0.0,0.0
2009-03-24,18.33824041585364,18.47531342736515,17.51580981660167,17.692045211791992,88200,0.0,0.0
2009-03-25,17.83890814839853,18.19137895319828,16.761917342540375,17.623510360717773,131800,0.0,0.0
2009-03-26,17.652884004974336,18.40677721500305,17.47664859803497,18.308870315551758,187100,0.0,0.0
2009-03-27,18.03472474100651,18.465522161460243,17.30041184742718,17.31999397277832,85400,0.0,0.0
2009-03-30,17.13396897466732,17.30041331940512,16.429029209136022,17.15355110168457,138900,0.0,0.0
2009-03-31,17.408111508146725,17.623509282651156,16.859823208119412,16.889196395874023,166900,0.0,0.0
2009-04-01,16.850033811846373,17.7018376664232,16.477982734100095,17.584346771240234,146600,0.0,0.0
2009-04-02,17.946608665580044,18.357823997829602,17.682255551822234,18.103261947631836,189700,0.0,0.0
2009-04-03,18.00535254028148,18.2109611328342,17.760581562333314,18.113052368164062,120400,0.0,0.0
2009-04-06,17.82911596175462,17.917233657402026,17.23187608481071,17.49622917175293,74600,0.0,0.0
2009-04-07,17.231876600503654,17.310203235928267,16.468190504522948,16.477981567382812,296300,0.0,0.0
2009-04-08,16.67379860283242,16.928360627393324,16.487772148835173,16.918569564819336,65100,0.0,0.0
2009-04-09,17.310202986298208,18.21096021441861,16.93815007280594,17.80953598022461,150700,0.0,0.0
2009-04-13,17.603927162948313,17.829116000107547,17.02626754244124,17.437482833862305,129300,0.0,0.0
2009-04-14,17.163341726989078,17.584346242384647,16.850033305075513,16.987106323242188,113400,0.0,0.0
2009-04-15,16.82066185418888,17.780163636750025,16.82066185418888,17.623510360717773,139100,0.0,0.0
2009-04-16,17.62351051196719,18.16200591951777,17.60392838543151,18.024934768676758,134100,0.0,0.0
2009-04-17,18.0836784390807,18.328449407020116,17.750789773286748,18.210960388183594,140600,0.0,0.0
2009-04-20,17.82911729309205,18.122843589667973,17.339575332919885,17.447275161743164,120500,0.0,0.0
2009-04-21,17.33957441599765,18.259913775340703,17.33957441599765,18.240331649780273,174300,0.0,0.0
2009-04-22,17.917235021573187,18.494894684819126,17.85849050915368,17.966190338134766,161700,0.0,0.0
2009-04-23,18.03472509036347,18.40677614197092,17.83890756796736,18.12284278869629,143800,0.0,0.0
2009-04-24,18.36761412380116,18.69071173497203,17.897654301635235,18.348031997680664,128700,0.0,0.0
2009-04-27,18.20117022054419,18.680921117206115,18.015143752873847,18.514476776123047,130500,0.0,0.0
2009-04-28,18.367613229476532,18.827781966176456,18.25991340851207,18.56342887878418,93600,0.0,0.0
2009-04-29,18.661338936654293,19.190045148255496,18.406776894119012,19.09213638305664,133200,0.0,0.0
2009-04-30,19.19004509780471,19.268371736267,18.543849863627226,18.60259437561035,173600,0.0,0.0
2009-05-01,18.612385337063717,18.974645337675316,18.445940997809792,18.690711975097656,168000,0.0,0.0
2009-05-04,18.79841195491444,19.09213638305664,18.455732210445625,19.09213638305664,220100,0.0,0.0
2009-05-05,19.03339086365065,19.209626258191143,18.494893617282003,18.876737594604492,244200,0.0,0.0
2009-05-06,18.974645801063158,18.974645801063158,18.396987998614577,18.827783584594727,166000,0.0,0.0
2009-05-07,18.99422777865109,19.082345481330574,18.122843682658846,18.426359176635742,162800,0.0,0.0
2009-05-08,17.359156527970065,17.819327141008525,16.32132815098537,17.721418380737305,413900,0.0,0.0
2009-05-11,17.60392888969527,18.201170693960854,17.44727560783125,18.13263511657715,145800,0.0,0.0
2009-05-12,18.08367948846521,18.19137931819368,17.486439561904486,17.84869956970215,149600,0.0,0.0
2009-05-13,17.594136992383564,17.946607793601682,16.99689708387483,17.2514591217041,283100,0.0,0.0
2009-05-14,17.28082983554636,17.985771413182068,16.947941172208225,17.750789642333984,190300,0.0,0.0
2009-05-15,17.652884216112046,17.652884216112046,16.95773364347622,17.584346771240234,165300,0.0,0.0
2009-05-18,17.721418999093256,18.348032098766737,17.701836872864874,18.25991439819336,185200,0.0,0.0
2009-05-19,18.103260486547207,18.51447578560825,17.90744483351364,18.269704818725586,106300,0.0,0.0
2009-05-20,18.31865841431415,18.915900175957365,17.96618948900139,18.700502395629883,237300,0.0,0.0
2009-05-21,18.524266843513516,19.00401771438304,18.289286939462382,18.817991256713867,313100,0.0,0.0
2009-05-22,18.87673835905309,19.15088065725863,18.602594193393205,18.74945640563965,105700,0.0,0.0
2009-05-26,18.534059249805217,19.33690778037491,18.35782384212808,19.287954330444336,85600,0.0,0.0
2009-05-27,19.111718272138273,19.41523375977484,18.70050295737562,18.74945640563965,168700,0.0,0.0
2009-05-28,18.700503659999193,19.150881376803994,18.357823906912607,18.710294723510742,148000,0.0,0.0
2009-05-29,18.759246440094365,19.121508286727863,18.5340576025014,19.111717224121094,127700,0.0,0.0
2009-06-01,18.99422645652233,19.640421652889327,18.602593287126314,19.542512893676758,105600,0.0,0.0
2009-06-02,19.30753306933743,19.865612438847084,19.150879800951856,19.483768463134766,96800,0.0,0.0
2009-06-03,19.346698554915815,19.777496004197847,19.346698554915815,19.522933959960938,102400,0.0,0.0
2009-06-04,19.57188773938409,19.777496337890625,19.434816585349342,19.777496337890625,147400,0.0,0.0
2009-06-05,19.718749895751316,20.051638583764078,19.630632192015323,19.806867599487305,77200,0.0,0.0
2009-06-08,19.846031393377604,19.983102543810283,19.552305098580536,19.669795989990234,82700,0.0,0.0
2009-06-09,19.83624033013893,20.012475733526298,19.64042280027422,19.669795989990234,51800,0.0,0.0
2009-06-10,19.777496233832245,19.885194196812435,19.415234356205044,19.86561393737793,131700,0.0,0.0
2009-06-11,19.8558225266588,20.188711208130474,19.8558225266588,20.12996482849121,158000,0.0,0.0
2009-06-12,19.914566034558074,20.619505747589994,19.914566034558074,20.462852478027344,151200,0.0,0.0
2009-06-15,20.28661716113317,20.51180787102033,19.963519557982522,20.40410804748535,133400,0.0,0.0
2009-06-16,20.541179412020703,20.560761537864845,20.100592785253326,20.19849967956543,250300,0.0,0.0
2009-06-17,20.257247116684997,20.776160406517217,20.10059383664647,20.3845272064209,125700,0.0,0.0
2009-06-18,20.267037621714394,20.688042133059263,20.032055840676506,20.335573196411133,54600,0.0,0.0
2009-06-19,20.619505747589994,20.619505747589994,19.434815163090676,20.462852478027344,223700,0.0,0.0
2009-06-22,20.257247220450562,20.472645014743286,20.169129516545716,20.296409606933594,125800,0.0,0.0
2009-06-23,20.41389922896197,20.580343562913384,20.208290643514086,20.286617279052734,119800,0.0,0.0
2009-06-24,20.492226829503558,20.844697639752884,20.315991424378893,20.560762405395508,121200,0.0,0.0
2009-06-25,20.355154786250342,20.864276985202174,20.355154786250342,20.776159286499023,85300,0.0,0.0
2009-06-26,20.717415036457574,20.76636848414941,20.541179636840038,20.570552825927734,269900,0.0,0.0
2009-06-29,19.689377538092675,20.541179472837474,19.238997979615473,20.16912841796875,197600,0.0,0.0
2009-06-30,20.16912895866985,20.58034427636682,19.992893555734813,20.247455596923828,142600,0.0,0.0
2009-07-01,20.453061773732244,20.717414871047932,20.12017310321345,20.16912841796875,112100,0.0,0.0
2009-07-02,19.846031667313376,20.129965035336554,19.41523421613731,19.9537296295166,176400,0.0,0.0
2009-07-06,19.924358324881258,19.924358324881258,19.268372017876864,19.434816360473633,124100,0.0,0.0
2009-07-07,19.385859785277365,19.6110504935537,18.876737594604496,18.876737594604492,106800,0.0,0.0
2009-07-08,19.01380961142159,19.01380961142159,18.553640845895686,18.661338806152344,233700,0.0,0.0
2009-07-09,18.827783206765886,19.013809673201806,18.622176481327,18.631967544555664,120500,0.0,0.0
2009-07-10,18.583011726935663,18.778829251315962,18.240331992997294,18.49489402770996,70700,0.0,0.0
2009-07-13,18.534059049870276,18.91590118408203,18.230543555175146,18.91590118408203,77600,0.0,0.0
2009-07-14,18.87673906829826,18.925692518401593,18.67113046946454,18.710294723510742,48400,0.0,0.0
2009-07-15,19.013809090840788,19.78728438767148,18.808200504244983,19.65021324157715,158100,0.0,0.0
2009-07-16,19.49355979337565,19.92435722107549,19.454397409468914,19.797075271606445,229500,0.0,0.0
2009-07-17,19.85582253906837,19.904775988010645,19.56209624305159,19.611051559448242,129700,0.0,0.0
2009-07-20,19.767703858806158,19.88519287743544,19.32711537031065,19.33690643310547,135800,0.0,0.0
2009-07-21,19.464187181938534,19.591469135181296,18.925691781938877,19.29774284362793,93100,0.0,0.0
2009-07-22,19.1606710184745,19.571886318172783,19.1606710184745,19.36627960205078,43300,0.0,0.0
2009-07-23,19.268371684006823,19.317325132617594,18.96485619422045,19.180253982543945,184400,0.0,0.0
2009-07-24,18.984435915812647,19.14108918787807,18.739664944778635,19.101926803588867,231800,0.0,0.0
2009-07-27,19.013809462544575,19.434815839440976,19.013809462544575,19.327116012573242,83700,0.0,0.0
2009-07-28,19.150880491599416,19.571886865863952,19.023600406741323,19.44460678100586,137500,0.0,0.0
2009-07-29,19.336907279938426,19.52293374627822,19.121509491382177,19.150880813598633,125500,0.0,0.0
2009-07-30,19.336906895108672,19.855822030906538,18.69071167484569,19.47397804260254,147200,0.0,0.0
2009-07-31,19.336907238212767,19.885193705371073,19.209627151489258,19.209627151489258,209200,0.0,0.0
2009-08-03,19.44460668087045,19.78728454889842,19.004018182756884,19.532724380493164,164500,0.0,0.0
2009-08-04,19.32711653071855,19.787285304978138,19.072554485132056,19.434816360473633,412000,0.0,0.0
2009-08-05,19.13129938723982,19.307532912148115,18.915899744372602,19.05297088623047,353400,0.0,0.0
2009-08-06,19.033391748753356,19.30753404860533,18.964856173790363,19.209627151489258,164000,0.0,0.0
2009-08-07,19.52293379696534,19.73833158608082,19.14108980007077,19.640422821044922,289100,0.0,0.0
2009-08-10,19.58167835229743,21.30486627139413,19.58167835229743,21.197166442871094,471900,0.0,0.0
2009-08-11,20.932812901214298,21.23633025392441,20.599926094212226,21.03072166442871,237800,0.0,0.0
2009-08-12,21.109048081261633,21.52026338850816,21.030721444998214,21.236330032348633,133300,0.0,0.0
2009-08-13,21.412566078867584,21.412566078867584,21.11883978339925,21.226539611816406,77300,0.0,0.0
2009-08-14,21.19716515858064,21.304864980578376,20.96218525668452,21.216747283935547,151700,0.0,0.0
2009-08-17,20.864276497364237,21.236329409290455,20.864276497364237,21.216747283935547,316300,0.0,0.0
2009-08-18,21.38319180723269,21.608380648480587,21.206956412358938,21.58879852294922,149600,0.0,0.0
2009-08-19,21.32444727900406,21.647544880165288,21.32444727900406,21.61817169189453,119900,0.0,0.0
2009-08-20,21.59859109867024,21.980435103462508,21.40277543200274,21.911897659301758,112700,0.0,0.0
2009-08-21,22.05876040104565,22.910562327487092,21.94126951423254,22.538511276245117,193400,0.0,0.0
2009-08-24,22.430812112216195,22.714747341019756,22.372067600808485,22.499347686767578,149800,0.0,0.0
2009-08-25,22.675583149377545,22.71474740205749,22.332903408245446,22.4699764251709,78900,0.0,0.0
2009-08-26,22.411230420896764,22.763701231092632,22.264368205799947,22.66579246520996,107700,0.0,0.0
2009-08-27,22.587465907929523,22.66579254742891,22.31332360340886,22.60704803466797,81100,0.0,0.0
2009-08-28,22.83223573195484,22.910562367482214,22.391649107408703,22.479764938354492,63500,0.0,0.0
2009-08-31,22.35248558350769,22.430812221584656,21.892316818237305,21.892316818237305,86500,0.0,0.0
2009-09-01,21.843361263534973,22.303531891230108,21.334239055326513,21.549636840820312,106200,0.0,0.0
2009-09-02,21.55942869128179,21.94127082824707,21.451728860874393,21.94127082824707,87400,0.0,0.0
2009-09-03,22.107713504559666,22.303531023722574,21.960851298914616,22.28394889831543,208400,0.0,0.0
2009-09-04,22.18603998378795,22.401437759399414,22.12729547543105,22.401437759399414,176300,0.0,0.0
2009-09-08,22.42102100835005,22.802865000442495,22.274158796370344,22.558094024658203,75700,0.0,0.0
2009-09-09,22.479764820385462,22.988888882368784,22.46997562501842,22.59725570678711,138100,0.0,0.0
2009-09-10,22.597256409707434,22.744118621687136,22.186041095691653,22.558094024658203,87400,0.0,0.0
2009-09-11,22.460184562197092,22.79307322830509,22.401438185269125,22.59725570678711,89200,0.0,0.0
2009-09-14,22.54830283897198,23.22386938389748,22.479765397463265,23.19449806213379,84800,0.0,0.0
2009-09-15,23.194498594056036,24.398771367797657,23.18470753075882,24.34002685546875,166100,0.0,0.0
2009-09-16,24.340026842222436,24.858940124511715,24.144209311293483,24.85894012451172,116500,0.0,0.0
2009-09-17,24.878522127964438,25.00580408267461,24.69249566124807,24.976430892944336,79900,0.0,0.0
2009-09-18,25.005804103508527,25.17224657642235,24.633751169765812,24.947057723999023,263000,0.0,0.0
2009-09-21,24.65333332852185,24.996013072958124,24.30086252082118,24.398771286010742,64100,0.0,0.0
2009-09-22,24.477097770254215,24.74145087436201,23.909229176682494,23.997346878051758,139400,0.0,0.0
2009-09-23,23.958182572203018,24.320444440080728,23.42947823261223,23.50780487060547,167200,0.0,0.0
2009-09-24,23.50780500386435,23.781949172121912,22.71474755625538,22.871400833129883,105200,0.0,0.0
2009-09-25,22.881190728410857,22.9986797463424,22.56788232320011,22.77349090576172,82300,0.0,0.0
2009-09-28,22.81265425142205,23.23366062958443,22.71474735483444,23.047636032104492,111200,0.0,0.0
2009-09-29,23.135752362796065,23.135752362796065,22.607048013533074,22.63642120361328,119600,0.0,0.0
2009-09-30,22.577673308387368,23.05742417611092,22.342693405877114,22.83223533630371,224700,0.0,0.0
2009-10-01,22.822445931202388,22.998681337748682,22.469976985564205,22.518930435180664,127300,0.0,0.0
2009-10-02,22.518930456505682,22.753910376305125,22.48955726623535,22.48955726623535,99700,0.0,0.0
2009-10-05,22.656001197431607,22.890981112956965,22.489556857169347,22.84202766418457,91100,0.0,0.0
2009-10-06,22.90077167325587,23.478431319864544,22.773491588770344,23.282615661621094,45400,0.0,0.0
2009-10-07,23.125961691405244,23.360941594691514,23.037843994241108,23.32177734375,42300,0.0,0.0
2009-10-08,23.4784322407548,23.98755633357483,23.370734278105697,23.556758880615234,57500,0.0,0.0
2009-10-09,23.556758343202755,24.54563331604004,23.556758343202755,24.54563331604004,144300,0.0,0.0
2009-10-12,24.545632554923213,25.113501130211286,24.428143535183224,24.672914505004883,86500,0.0,0.0
2009-10-13,24.555423309565512,24.62395888146256,24.095254564360857,24.35960578918457,54700,0.0,0.0
2009-10-14,24.51626219345448,25.534508496697672,24.251909087509414,25.436599731445312,109000,0.0,0.0
2009-10-15,25.191827997091757,25.58346117891035,24.702286052954936,25.563880920410156,70000,0.0,0.0
2009-10-16,25.5638808208995,25.867396302195647,25.456180996023253,25.65199851989746,86600,0.0,0.0
2009-10-19,25.80865221189783,26.43526531056282,25.691161322170974,26.366729736328125,85400,0.0,0.0
2009-10-20,26.327565344007986,26.405891980924817,25.867396585553394,25.935932159423828,50900,0.0,0.0
2009-10-21,25.789069356600372,26.425473500371574,25.250573973591113,25.33868980407715,71100,0.0,0.0
2009-10-22,25.26036463604146,25.377855529270338,24.89810462787334,25.1722469329834,105200,0.0,0.0
2009-10-23,25.17224564826672,25.60304307818013,24.69249477135478,25.19182777404785,92400,0.0,0.0
2009-10-26,25.084130690247722,25.79886149904753,24.917686350223374,25.524717330932617,127800,0.0,0.0
2009-10-27,25.475762866935327,26.05342250238318,25.377854105978113,25.85760498046875,113100,0.0,0.0
2009-10-28,25.740117404892853,26.024050773393185,25.133084546876702,25.1722469329834,120400,0.0,0.0
2009-10-29,25.573671627892544,25.85760498046875,25.33868985461351,25.85760498046875,102600,0.0,0.0
2009-10-30,25.603043779316526,25.838023692762107,24.5750064245603,24.60437774658203,123100,0.0,0.0
2009-11-02,24.819776853543953,24.927474811004643,23.928810667758906,24.526050567626953,134700,0.0,0.0
2009-11-03,24.30086279124838,24.692495988910462,24.046300745904432,24.68270492553711,118300,0.0,0.0
2009-11-04,24.809986054673608,24.809986054673608,24.310653044008788,24.320444107055664,94700,0.0,0.0
2009-11-05,24.232326159239047,25.63241641389888,24.232326159239047,25.62262535095215,137600,0.0,0.0
2009-11-06,26.44505699726272,28.19761624921388,26.259030528914483,26.38631248474121,263400,0.0,0.0
2009-11-09,26.464638419144404,26.464638419144404,25.84781451800474,26.425474166870117,143500,0.0,0.0
2009-11-10,26.14154097803832,26.14154097803832,25.064548310384072,25.211410522460938,111900,0.0,0.0
2009-11-11,25.495346275461053,25.495346275461053,24.702286952512285,25.319110870361328,107300,0.0,0.0
2009-11-12,25.456180690482338,25.700951658660053,25.15266521282917,25.33868980407715,95300,0.0,0.0
2009-11-13,25.49534489570091,25.965304705563916,25.074338532403278,25.945722579956055,123600,0.0,0.0
2009-11-16,26.190494510348817,26.817107613197937,25.83802370626901,26.738780975341797,103600,0.0,0.0
2009-11-17,26.49400880360682,26.79752614563188,26.34714659768252,26.699617385864258,71100,0.0,0.0
2009-11-18,26.621291065980866,26.75836221080201,26.307984524987237,26.40589141845703,57900,0.0,0.0
2009-11-19,26.07300422310101,26.2394485658282,25.328902079978207,25.720535278320312,110500,0.0,0.0
2009-11-20,25.368063952975195,25.9457236091411,25.328901567660306,25.612834930419922,96100,0.0,0.0
2009-11-23,25.945722579956055,26.053422403345017,25.661787361004894,25.945722579956055,173000,0.0,0.0
2009-11-24,25.88697795362275,26.121957857492557,25.436598403948256,26.063213348388672,96400,0.0,0.0
2009-11-25,25.896769674708068,26.180703032139974,25.759696660042092,26.024049758911133,59500,0.0,0.0
2009-11-27,25.103709898721057,25.66178740737356,25.06454751488885,25.33868980407715,40500,0.0,0.0
2009-11-30,25.113502146617883,25.113502146617883,24.43793371968095,24.88831329345703,124000,0.0,0.0
2009-12-01,25.16245596654536,25.740115593744914,25.03517401888213,25.632415771484375,124700,0.0,0.0
2009-12-02,25.57367218391325,25.95551430574865,25.485554483881334,25.906558990478516,80500,0.0,0.0
2009-12-03,26.04363208903331,26.170912174233873,25.299528101637577,25.328901290893555,62700,0.0,0.0
2009-12-04,25.81844365510794,26.18070365781163,25.358273019978437,26.04363250732422,79600,0.0,0.0
2009-12-07,25.935931762908805,26.405891577224928,25.935931762908805,26.288402557373047,53300,0.0,0.0
2009-12-08,25.955514205355517,26.39610083635661,25.70095216929842,25.99467658996582,82300,0.0,0.0
2009-12-09,25.97509695283166,26.063214654630922,25.45618180528648,26.014259338378906,65500,0.0,0.0
2009-12-10,26.033840576665714,26.298193673044395,25.57367182432284,25.68136978149414,48700,0.0,0.0
2009-12-11,25.87718720519202,26.014258350584164,25.50513428562148,25.769487380981445,56900,0.0,0.0
2009-12-14,25.80865199502182,25.994676589965817,25.534507832932412,25.99467658996582,99500,0.0,0.0
2009-12-15,25.798860991782092,26.513591786528636,25.48555444435645,26.48421859741211,102000,0.0,0.0
2009-12-16,26.68003656545783,26.699618691860056,26.13175009837601,26.650663375854492,109500,0.0,0.0
2009-12-17,26.376520855654533,26.89543412879729,26.131749880034942,26.856271743774414,164000,0.0,0.0
2009-12-18,26.993342968249447,27.32623164542216,26.797527307677136,27.31644058227539,329900,0.0,0.0
2009-12-21,27.228322063879997,27.502466221395288,27.061877730291123,27.473093032836914,198300,0.0,0.0
2009-12-22,27.56121220811783,27.903891956513256,27.424141055741416,27.854938507080078,183300,0.0,0.0
2009-12-23,27.815772610660694,28.7654832927332,27.698283591978672,28.716529846191406,137500,0.0,0.0
2009-12-24,28.677368004244762,29.010254808435842,28.647994815292176,28.794857025146484,51400,0.0,0.0
2009-12-28,28.912348290605177,29.597705901349137,28.285733323623937,29.568334579467773,180000,0.0,0.0
2009-12-29,29.538960302416797,29.538960302416797,28.843809786704174,29.411680221557617,103700,0.0,0.0
2009-12-30,29.147327265524112,29.284398409773708,28.843809921179606,29.264816284179688,98800,0.0,0.0
2009-12-31,29.33335268192477,29.411681186505504,29.020046133419168,29.108163833618164,169700,0.0,0.0
2010-01-04,29.36272631358732,29.51937959020061,29.108164272227132,29.274608612060547,306800,0.0,0.0
2010-01-05,29.12774583918451,29.48021663852137,29.117954776152448,29.22565460205078,205700,0.0,0.0
2010-01-06,29.039628259564353,29.284399234016146,28.902557111456737,29.108163833618164,148100,0.0,0.0
2010-01-07,29.06900075678391,29.25502534837177,28.550085631015516,28.59903907775879,307000,0.0,0.0
2010-01-08,28.43259815635131,28.481551605753804,28.080127344799294,28.373851776123047,206100,0.0,0.0
2010-01-11,28.373850064947376,28.39343219050917,27.747236986604268,28.197614669799805,106300,0.0,0.0
2010-01-12,27.96263484361741,28.33468776051477,27.96263484361741,28.138870239257812,120500,0.0,0.0
2010-01-13,28.30531574166151,28.364060253484197,28.1094982123134,28.236780166625977,68000,0.0,0.0
2010-01-14,28.080127040642157,28.961302192523128,28.070335977376832,28.63820457458496,125900,0.0,0.0
2010-01-15,28.82423004874927,28.82423004874927,28.129079520493615,28.3934326171875,240900,0.0,0.0
2010-01-19,28.530503466363914,29.039627528597336,27.66891047966098,28.657785415649414,60100,0.0,0.0
2010-01-20,28.403224302458025,28.70673979006004,27.84514677551245,28.413015365600586,79500,0.0,0.0
2010-01-21,28.510923056833146,28.657785263537107,27.776610155859075,28.226987838745117,141900,0.0,0.0
2010-01-22,28.226988517980168,28.226988517980168,27.081460290197235,27.120624542236328,79000,0.0,0.0
2010-01-25,27.247904583844655,27.247904583844655,26.523382729343354,26.601709365844727,204500,0.0,0.0
2010-01-26,26.56254477933362,26.582126905075924,25.632416216025774,25.798860549926758,172500,0.0,0.0
2010-01-27,25.759696482682422,26.249238425015555,25.544298700339393,26.17091178894043,177200,0.0,0.0
2010-01-28,26.190493914822788,26.200284977763967,25.31910985505518,26.17091178894043,325800,0.0,0.0
2010-01-29,27.326230909822204,29.313771856208714,26.68003569916537,29.0592098236084,1125200,0.0,0.0
2010-02-01,29.078793153962724,29.17670005194192,28.618622516661247,29.098373413085938,345900,0.0,0.0
2010-02-02,29.30398205451662,30.136203760863005,28.892766732995725,29.587915420532227,481300,0.0,0.0
2010-02-03,29.568334022705006,30.067665159829286,28.951510130450274,30.038293838500977,429400,0.0,0.0
2010-02-04,29.62707923352235,30.31243684757054,29.421470642089844,29.421470642089844,340700,0.0,0.0
2010-02-05,29.392098391981385,29.77394050585767,28.902556454210025,29.147327423095703,364900,0.0,0.0
2010-02-08,29.274607273400303,29.274607273400303,28.285732342838898,28.7752742767334,307000,0.0,0.0
2010-02-09,29.11795505827552,29.206072758963504,28.68715761796252,28.99067497253418,151500,0.0,0.0
2010-02-10,28.59903938174733,28.941719114955543,28.089917180861107,28.9123477935791,216600,0.0,0.0
2010-02-11,28.74590325109984,29.754358450108924,28.481550155892794,29.636869430541992,138600,0.0,0.0
2010-02-12,29.372516972156554,29.76415015829444,29.2158636977014,29.627079010009766,301700,0.0,0.0
2010-02-16,29.75435927279458,29.99913024902344,29.431261658870664,29.999130249023438,266900,0.0,0.0
2010-02-17,29.99913002583378,30.723651885986328,29.99913002583378,30.723651885986328,350500,0.0,0.0
2010-02-18,30.743234613557608,30.84114337872698,30.302647971476986,30.772607803344727,128900,0.0,0.0
2010-02-19,30.7726064592865,30.968422113618214,30.39076434600351,30.82155990600586,117600,0.0,0.0
2010-02-22,30.743234581633367,31.320894241333004,30.537627855700123,31.320894241333008,182400,0.0,0.0
2010-02-23,31.13486695438636,31.281731031846835,30.723651645896535,30.958633422851562,159400,0.0,0.0
2010-02-24,30.94884212138183,31.330684237946425,30.723651409156318,31.13486671447754,156300,0.0,0.0
2010-02-25,30.694280444334904,31.360055923461914,30.566998492365595,31.360055923461914,209800,0.0,0.0
2010-02-26,31.330684924734427,31.38943130353543,30.929260673532614,31.125078201293945,188600,0.0,0.0
2010-03-01,31.23277508211104,31.48733711242676,31.134866321612026,31.487337112426758,286800,0.0,0.0
2010-03-02,31.369848456879705,31.810436950497685,31.252357569430142,31.712526321411133,266400,0.0,0.0
2010-03-03,31.59503791826874,32.30976871746607,31.59503791826874,32.25102233886719,210300,0.0,0.0
2010-03-04,32.182486169891185,32.182486169891185,30.94884212138183,31.13486671447754,274500,0.0,0.0
2010-03-05,31.18382336207704,31.888763115281122,31.18382336207704,31.604827880859375,99300,0.0,0.0
2010-03-08,31.3894309603097,32.16290439740098,31.3894309603097,31.967090606689453,159900,0.0,0.0
2010-03-09,31.967092285970306,32.11395263671875,31.820228200313014,32.11395263671875,120600,0.0,0.0
2010-03-10,32.21186050035147,32.50558491148273,31.927925284464227,32.329349517822266,112700,0.0,0.0
2010-03-11,32.10416258470267,32.31955850703948,31.222985564069695,31.81043815612793,185600,0.0,0.0
2010-03-12,31.976879740446122,32.01604399247618,31.399220095183058,31.477548599243164,81200,0.0,0.0
2010-03-15,31.536291838275424,32.00625166679031,31.506920516152217,31.986669540405273,72400,0.0,0.0
2010-03-16,32.05520922521251,32.3293515279928,31.918134338913603,32.241233825683594,138700,0.0,0.0
2010-03-17,32.24123227353034,32.3391391669788,31.88876148126214,31.947507858276367,111200,0.0,0.0
2010-03-18,31.98667051291088,32.37830558270137,31.761481654999436,32.231441497802734,66900,0.0,0.0
2010-03-19,32.40767603377935,32.52516879250062,31.29152097028841,31.379638671875,147000,0.0,0.0
2010-03-22,31.25235883632272,31.849598758326895,31.154450070721495,31.69294548034668,41900,0.0,0.0
2010-03-23,31.80064404692509,32.319557309340865,31.751690599794873,32.26081466674805,79900,0.0,0.0
2010-03-24,32.04541465922501,32.074785980193056,31.37963732795321,31.428590774536133,67300,0.0,0.0
2010-03-25,31.67336160465425,32.1139500918022,31.389430121744283,31.575454711914062,75000,0.0,0.0
2010-03-26,31.585244790713453,31.937715590290978,31.330684621523385,31.38943099975586,60200,0.0,0.0
2010-03-29,31.55587445040742,31.927927387632902,31.448174621086192,31.63420295715332,67000,0.0,0.0
2010-03-30,31.761480331420895,32.22165095901197,31.614619987551112,31.7614803314209,63900,0.0,0.0
2010-03-31,31.546084982205645,32.016044813897935,31.271940813324623,31.291521072387695,72200,0.0,0.0
2010-04-01,31.53629138358065,31.673362531390925,30.83135165097224,31.330684661865234,71200,0.0,0.0
2010-04-05,31.47754822224261,31.741897583007816,31.085913176449882,31.741897583007812,54100,0.0,0.0
2010-04-06,31.56566588164118,31.908343745103256,31.526501630128774,31.800643920898438,36500,0.0,0.0
2010-04-07,31.595038225443002,31.869180525085696,31.350267247930965,31.467756271362305,61700,0.0,0.0
2010-04-08,31.281730434787352,31.575454849193484,31.027168404156704,31.428590774536133,54900,0.0,0.0
2010-04-09,31.506919515467548,31.506919515467548,30.880306430682758,31.252357482910156,54700,0.0,0.0
2010-04-12,31.36005610165049,31.81043753389128,31.14465831607265,31.790855407714844,61800,0.0,0.0
2010-04-13,31.839807843298175,31.90834341528217,31.457965732270612,31.516708374023438,47000,0.0,0.0
2010-04-14,31.653783744470815,32.290186027763646,31.55587311518134,32.20206832885742,157900,0.0,0.0
2010-04-15,31.92792635458369,32.094368823670216,31.839808654800045,31.967090606689453,81000,0.0,0.0
2010-04-16,32.02583433103005,32.68182250376541,31.457967595961676,32.12374496459961,120600,0.0,0.0
2010-04-19,32.094368864173,32.16290443799025,31.389430999922855,31.908344268798828,72200,0.0,0.0
2010-04-20,32.06499609614156,32.20206723759315,31.85938938396419,32.045413970947266,59200,0.0,0.0
2010-04-21,32.17269911347672,32.711194537637375,32.143327790221605,32.57412338256836,94300,0.0,0.0
2010-04-22,32.211861888632754,33.84693021317439,32.211861888632754,33.80776596069336,112700,0.0,0.0
2010-04-23,33.62174269740068,34.30710220336913,33.43571809310004,34.30710220336914,139900,0.0,0.0
2010-04-26,34.17002949039121,34.24835425997836,33.73923018548152,33.98400115966797,134500,0.0,0.0
2010-04-27,33.758813625920425,35.11973969779593,33.758813625920425,35.00225067138672,266400,0.0,0.0
2010-04-28,34.88475910132907,35.66802544512602,34.816223529678616,35.560325622558594,295600,0.0,0.0
2010-04-29,35.68760699145093,35.68760699145093,34.39521661143155,34.414798736572266,165100,0.0,0.0
2010-04-30,37.185607726353155,38.03740971143312,36.76460133185078,36.84292984008789,1095600,0.0,0.0
2010-05-03,36.98978944749543,37.684941871952326,36.78418271986719,37.43037796020508,237300,0.0,0.0
2010-05-04,36.72543364522926,37.312886197375455,36.55899118314502,37.068115234375,258600,0.0,0.0
2010-05-05,36.6275286310932,37.11707058218234,34.97287818097903,35.48200225830078,395300,0.0,0.0
2010-05-06,35.0120371225027,35.65823231945617,33.132197907695705,34.63998794555664,275300,0.0,0.0
2010-05-07,34.58124321630381,35.06099597298179,33.85672321835179,34.326683044433594,206300,0.0,0.0
2010-05-10,34.698730399641896,35.97154239624453,34.698730399641896,35.91279602050781,279100,0.0,0.0
2010-05-11,35.50158028879788,36.372968090203344,34.953295699492195,35.775726318359375,146500,0.0,0.0
2010-05-12,35.893216259976825,36.314222643222074,35.82468068455632,36.049869537353516,152000,0.0,0.0
2010-05-13,35.854052376072666,36.32401221304163,35.070785981124395,35.75614547729492,166000,0.0,0.0
2010-05-14,35.55053803627265,35.55053803627265,34.865178553840785,35.30576705932617,115500,0.0,0.0
2010-05-17,35.442838595463336,36.196733660871466,34.982667958613355,35.99112319946289,86100,0.0,0.0
2010-05-18,36.206523869657644,36.206523869657644,35.119740092169316,35.16869354248047,69900,0.0,0.0
2010-05-19,34.953297528092875,35.442839499817126,34.56166245674994,35.28618621826172,144700,0.0,0.0
2010-05-20,34.65957298827298,34.65957298827298,33.26927185058594,33.26927185058594,194800,0.0,0.0
2010-05-21,33.04408112294789,33.97421156079778,32.83847440344984,33.81755828857422,205500,0.0,0.0
2010-05-24,33.8665134401434,34.179820000357324,33.3476001500845,33.44550704956055,116800,0.0,0.0
2010-05-25,32.84826539199062,33.93504916138704,32.4468411265739,33.84693145751953,159500,0.0,0.0
2010-05-26,33.93504625275056,34.64977701845557,33.337804503829084,33.60215759277344,213000,0.0,0.0
2010-05-27,34.05253590514999,34.826013061138546,33.9154647605259,34.74768829345703,58300,0.0,0.0
2010-05-28,34.5714536971061,35.1295312187877,34.11128307101793,34.56166076660156,121100,0.0,0.0
2010-06-01,34.444172983898085,35.31555708471358,34.385426603483666,34.600826263427734,176800,0.0,0.0
2010-06-02,34.60082497841463,34.865178078098715,33.09303488462036,34.62040710449219,209800,0.0,0.0
2010-06-03,34.60082497841463,35.188273821106826,34.43437877420969,34.62040710449219,119700,0.0,0.0
2010-06-04,34.10149371350282,34.28751830821052,33.4748768859907,33.64132308959961,148200,0.0,0.0
2010-06-07,33.73922973324563,33.827347432167976,32.69161027656248,32.72098159790039,113800,0.0,0.0
2010-06-08,32.79930877685547,33.05386893295791,32.19227783929699,32.79930877685547,177000,0.0,0.0
2010-06-09,33.13219978189499,33.54341323280457,32.750357653219325,32.9951286315918,120900,0.0,0.0
2010-06-10,33.4650880887561,34.003583488189804,33.30843481374068,33.80776596069336,105600,0.0,0.0
2010-06-11,33.6021590375225,34.11128311201934,33.59236984191485,33.98400115966797,116600,0.0,0.0
2010-06-14,34.267937431539124,34.76726859075312,34.09170202595565,34.19940185546875,95400,0.0,0.0
2010-06-15,34.24835473427813,34.83580732140633,34.12107278016404,34.66936111450195,109400,0.0,0.0
2010-06-16,34.375634701279786,35.07078334103456,34.287517005049715,34.757476806640625,86000,0.0,0.0
2010-06-17,35.02183305097184,35.139322078228794,34.54208027606699,34.767269134521484,83300,0.0,0.0
2010-06-18,34.982667219618236,35.42325572060258,34.56166084477861,35.0805778503418,151900,0.0,0.0
2010-06-21,35.530955425101155,35.60928019450274,34.542078600181945,34.62040710449219,124600,0.0,0.0
2010-06-22,34.855385350817826,35.51137350606032,34.395218457492604,34.44417190551758,100300,0.0,0.0
2010-06-23,34.33647370931053,35.00225109180755,33.88609599024162,34.6497802734375,122200,0.0,0.0
2010-06-24,34.46375350335997,34.46375350335997,33.700065533225086,33.81755828857422,111500,0.0,0.0
2010-06-25,34.02316440617757,35.54074365429155,33.592368848911036,35.44283676147461,1128600,0.0,0.0
2010-06-28,35.58969730984976,36.18693907030518,34.89454865600204,35.78551483154297,159200,0.0,0.0
2010-06-29,35.276390612140645,35.482001063203356,33.98400020358803,34.28751754760742,150500,0.0,0.0
2010-06-30,34.307100475215464,34.737896043168,33.562994625678144,33.582576751708984,146100,0.0,0.0
2010-07-01,33.63153207531673,33.63153207531673,32.47621271941337,33.09303665161133,102300,0.0,0.0
2010-07-02,33.28885404618401,33.376971750408494,32.56433028534835,32.691612243652344,42800,0.0,0.0
2010-07-06,33.51404100663394,34.25814685236522,32.04541517601067,32.14332580566406,128100,0.0,0.0
2010-07-07,32.14332507802896,33.347597783689636,32.14332507802896,33.308433532714844,99400,0.0,0.0
2010-07-08,33.60215887773982,33.98400099806958,33.25948100947174,33.582576751708984,121200,0.0,0.0
2010-07-09,33.44550432542588,33.680486093901465,33.30843318336033,33.60215759277344,51700,0.0,0.0
2010-07-12,33.40634026840337,33.631529108088344,32.750355874743896,33.42592239379883,102900,0.0,0.0
2010-07-13,33.70006531355865,35.20785538320008,33.70006531355865,35.09036636352539,147800,0.0,0.0
2010-07-14,35.03161950048806,35.18827276951836,34.73789508791981,34.923919677734375,124000,0.0,0.0
2010-07-15,34.972877343850705,35.2861838862556,34.718313443828855,35.09036636352539,81700,0.0,0.0
2010-07-16,34.786849614393375,34.82601386659421,34.424589618807296,34.56166076660156,152200,0.0,0.0
2010-07-19,34.62040599362852,35.2274369429205,34.05253556032647,35.041412353515625,95200,0.0,0.0
2010-07-20,34.610612718801576,35.393882789336914,34.238563543696635,35.33513641357422,77500,0.0,0.0
2010-07-21,35.638656935961144,35.78551728612298,34.80643334540876,34.82601547241211,83900,0.0,0.0
2010-07-22,35.34492701543788,35.893215339652215,34.316889675581066,35.775726318359375,134900,0.0,0.0
2010-07-23,35.540745051977765,36.63731798126765,34.894549823211214,36.402339935302734,105900,0.0,0.0
2010-07-26,36.75480910426672,38.184270647513536,36.431709636800896,37.23455810546875,184000,0.0,0.0
2010-07-27,37.56744716568237,37.655564863659144,36.71564524184594,36.88208770751953,79200,0.0,0.0
2010-07-28,36.745018939432335,37.20518958473008,36.24568777520768,36.500247955322266,75000,0.0,0.0
2010-07-29,36.86250837944344,38.56611218379736,36.86250837944344,38.28217697143555,308000,0.0,0.0
2010-07-30,37.65556501580909,38.00803580914037,34.93371303271982,36.24568557739258,263500,0.0,0.0
2010-08-02,37.24435084018608,37.44016835869149,35.991120962696606,36.3142204284668,278300,0.0,0.0
2010-08-03,36.245684895349434,36.5100379853735,36.069449502000055,36.25547409057617,209800,0.0,0.0
2010-08-04,36.57857565396595,36.71564680445049,36.304433352996845,36.686275482177734,184500,0.0,0.0
2010-08-05,36.56878369844103,36.69606565653177,36.31422351716839,36.38275909423828,125400,0.0,0.0
2010-08-06,36.06944982922549,36.63731653024082,35.75614329040837,36.53940963745117,110900,0.0,0.0
2010-08-09,36.901670716301844,37.2149772644043,36.6177392248337,37.2149772644043,105300,0.0,0.0
2010-08-10,37.2051897293245,37.391214333403944,36.81355465926281,36.90167236328125,216800,0.0,0.0
2010-08-11,36.51004001876513,36.578575593894854,35.33513857597045,35.64844512939453,173100,0.0,0.0
2010-08-12,35.06099544455117,35.65823348011231,34.75747809409199,35.25680923461914,103700,0.0,0.0
2010-08-13,35.0707841084673,35.198066058008976,34.58124217090086,34.63019561767578,108900,0.0,0.0
2010-08-16,34.50291843574851,35.511373662148685,34.26793665532361,35.36450958251953,146600,0.0,0.0
2010-08-17,35.87363179189145,37.33246837685382,35.765931970429385,36.43170928955078,229900,0.0,0.0
2010-08-18,36.50024807817139,37.038747232953014,36.04008116623367,36.441505432128906,109700,0.0,0.0
2010-08-19,36.26527013556455,36.48066606322991,35.403675220176574,35.80509948730469,146100,0.0,0.0
2010-08-20,35.628860961567746,36.1477742106496,35.149111963147156,35.79530715942383,144800,0.0,0.0
2010-08-23,36.108616541941686,36.578576382206,35.49179261757217,35.52116394042969,141100,0.0,0.0
2010-08-24,35.01203675855664,36.03028485678012,34.68894103089271,35.51137161254883,143400,0.0,0.0
2010-08-25,35.26660319134669,36.07924090152121,34.894550256555036,35.99112319946289,280700,0.0,0.0
2010-08-26,36.177151125908004,36.578575378551164,35.91279802271733,36.34359359741211,142400,0.0,0.0
2010-08-27,36.71564539955119,36.813552293319894,35.726772326816395,36.76459884643555,201600,0.0,0.0
2010-08-30,36.54920478562052,37.0093716915468,36.26526955042831,36.27505874633789,129700,0.0,0.0
2010-08-31,36.26526694454694,36.6862733016742,35.42325423029243,36.37296676635742,282000,0.0,0.0
2010-09-01,36.92125280233518,37.29330572839365,36.38275740680055,37.27372360229492,133500,0.0,0.0
2010-09-02,37.38142471780828,37.557660123867166,36.81355424608326,37.25414276123047,97600,0.0,0.0
2010-09-03,37.616400387893236,37.69472889003123,37.17581563554699,37.635982513427734,171600,0.0,0.0
2010-09-07,37.401004949960466,37.606611668310826,37.10728053304445,37.28351593017578,86900,0.0,0.0
2010-09-08,37.244351402264165,37.6849398918234,37.17581582998924,37.459747314453125,99600,0.0,0.0
2010-09-09,37.694728638546096,37.694728638546096,37.00936918904537,37.35205078125,109200,0.0,0.0
2010-09-10,37.44995952504322,37.684941306599406,37.32267757107909,37.38142395019531,89700,0.0,0.0
2010-09-13,37.62619404008423,37.753475991046464,37.10728077564311,37.567447662353516,191700,0.0,0.0
2010-09-14,37.60661076699877,38.15489907103424,37.44995749940414,38.04719924926758,112900,0.0,0.0
2010-09-15,37.85138264623034,37.96887166603988,37.352051510858374,37.80242919921875,141100,0.0,0.0
2010-09-16,37.72410182443484,37.79263739928275,37.15623509927953,37.38142395019531,163400,0.0,0.0
2010-09-17,37.773059120991675,37.988455041912424,37.224770785656986,37.84159469604492,146100,0.0,0.0
2010-09-20,37.84159572650851,39.07523984596898,37.5282891649024,39.036075592041016,321300,0.0,0.0
2010-09-21,39.10460895343962,39.16335533100323,38.742348962402254,38.78151321411133,154700,0.0,0.0
2010-09-22,38.7717213735416,39.065449534707255,37.743684014187984,38.419254302978516,113500,0.0,0.0
2010-09-23,38.21364194650814,38.44862371679597,37.753475071011785,37.812217712402344,90200,0.0,0.0
2010-09-24,38.36050557530913,38.850047500736856,38.28217707448462,38.80109405517578,162800,0.0,0.0
2010-09-27,38.889213764105946,38.977331464640365,38.24301853848978,38.71297836303711,133600,0.0,0.0
2010-09-28,38.94795624461391,39.61373359365934,38.24301837820186,39.34938049316406,302600,0.0,0.0
2010-09-29,39.26126363710506,39.57457019222612,39.03607478404359,39.222103118896484,168600,0.0,0.0
2010-09-30,39.49624477475845,39.6528980497562,38.6836033429579,39.17314529418945,171400,0.0,0.0
2010-10-01,39.50603316246566,39.53540821867669,38.938166452803294,39.35917282104492,78000,0.0,0.0
2010-10-04,39.16335442733643,39.37875407185751,38.11573499519786,38.44862365722656,91300,0.0,0.0
2010-10-05,38.88921426555519,40.034740652364704,38.389879377785356,39.85850524902344,145700,0.0,0.0
2010-10-06,39.8682975000026,39.897668821755815,38.57590705413964,38.830467224121094,121600,0.0,0.0
2010-10-07,39.192728415230164,39.62352773359018,38.8108862811629,39.44729232788086,132200,0.0,0.0
2010-10-08,39.37875456436353,40.631980726541535,39.21230836381319,40.23055648803711,182500,0.0,0.0
2010-10-11,40.31867620062435,40.50470080120893,39.84871636632484,40.14244079589844,50400,0.0,0.0
2010-10-12,40.181604166922774,40.24034681060248,39.73122646913783,39.80955123901367,91900,0.0,0.0
2010-10-13,39.848714932500265,40.45574589643154,39.81933987616374,40.279510498046875,86600,0.0,0.0
2010-10-14,40.35783876337413,40.631981054838434,40.240346008539206,40.51449203491211,67300,0.0,0.0
2010-10-15,40.63198259154694,40.63198259154694,39.97599815933117,40.25992965698242,128700,0.0,0.0
2010-10-18,40.45574458960435,40.87675094604492,40.2305557511445,40.87675094604492,82300,0.0,0.0
2010-10-19,40.47532818313382,41.062777023477146,39.8291329647927,40.16202163696289,98600,0.0,0.0
2010-10-20,40.44595754240317,40.886542312622566,40.20118656565519,40.671146392822266,67800,0.0,0.0
2010-10-21,40.847383086329025,41.12152539378342,39.97599897914141,40.65156555175781,99000,0.0,0.0
2010-10-22,40.788634526960394,40.88654142156237,40.27951045823114,40.3382568359375,72700,0.0,0.0
2010-10-25,40.46554078365336,41.05298965007063,40.367630149311275,40.7690544128418,61300,0.0,0.0
2010-10-26,40.58302869179664,41.11173489795037,40.494910990771025,40.671146392822266,74800,0.0,0.0
2010-10-27,40.34804771384506,40.72010065168176,39.99557690272701,40.4851188659668,73500,0.0,0.0
2010-10-28,40.90612336081115,41.71876477495227,40.83758778792076,41.55231857299805,123300,0.0,0.0
2010-10-29,41.54252993951839,41.54252993951839,41.072570118380334,41.082359313964844,66600,0.0,0.0
2010-11-01,41.454410728252334,41.8558349609375,41.160686317613425,41.8558349609375,153800,0.0,0.0
2010-11-02,42.07123764919483,42.50203323364257,41.67960258339958,42.50203323364258,133000,0.0,0.0
2010-11-03,42.54119454332385,43.41257858276367,42.39433047008653,43.41257858276367,147700,0.0,0.0
2010-11-04,43.55944249933459,44.048984428486925,43.06010764005043,43.530067443847656,277200,0.0,0.0
2010-11-05,44.05877508833343,45.15534800031308,43.23634447062152,43.91191101074219,250200,0.0,0.0
2010-11-08,43.67693220105151,43.67693220105151,43.03073699383974,43.52027893066406,111100,0.0,0.0
2010-11-09,42.53140379046736,43.118856378581576,42.32579706533631,42.62931442260742,172900,0.0,0.0
2010-11-10,42.49224071241092,42.79575431648696,42.21809469384445,42.66847610473633,93200,0.0,0.0
2010-11-11,42.16914239204287,42.55098450746947,41.80688240239566,42.188724517822266,61900,0.0,0.0
2010-11-12,41.62085358136271,42.188724017504825,41.21942934491722,41.50336456298828,64000,0.0,0.0
2010-11-15,41.44462223717965,41.64043602432684,41.12152276555134,41.26838684082031,104000,0.0,0.0
2010-11-16,41.12152208593004,41.327128799981644,40.95507962262403,41.278175354003906,186800,0.0,0.0
2010-11-17,41.10194264208024,41.3369244269757,40.97466068630733,41.18027114868164,74100,0.0,0.0
2010-11-18,41.40545867372886,42.41391388694474,41.35650522612871,42.296424865722656,176800,0.0,0.0
2010-11-19,42.12018781823177,42.296423210622955,41.87541685490051,42.090816497802734,96000,0.0,0.0
2010-11-22,41.738345713020365,42.19851258434535,41.22922166110233,42.090816497802734,77800,0.0,0.0
2010-11-23,41.66981062789535,41.66981062789535,40.739680209410785,41.04319381713867,111600,0.0,0.0
2010-11-24,41.37608472702219,42.08102634307976,40.729889490605665,41.87541961669922,99300,0.0,0.0
2010-11-26,41.60127679758188,41.90479041801483,41.35650582115083,41.76771926879883,21400,0.0,0.0
2010-11-29,41.43482938581543,41.68939328544548,40.53407401151485,41.15089416503906,126700,0.0,0.0
2010-11-30,40.583028332016184,41.043195224484954,40.39700000099535,40.44595718383789,463900,0.0,0.0
2010-12-01,41.15089520342676,42.198514679711366,41.15089520342676,41.88520812988281,156500,0.0,0.0
2010-12-02,42.03207073786866,42.67826594113456,41.660017822379636,42.599937438964844,142500,0.0,0.0
2010-12-03,42.56077630514919,43.30487839042032,42.384540912733414,43.1873893737793,183200,0.0,0.0
2010-12-06,43.02094568777178,43.97065827623726,43.02094568777178,43.725887298583984,85400,0.0,0.0
2010-12-07,43.92170248113293,44.00982017777669,43.42236762184878,43.530067443847656,79400,0.0,0.0
2010-12-08,43.66714067597559,44.04898653630957,43.569233779423506,43.96086883544922,68700,0.0,0.0
2010-12-09,44.05877508833343,44.05877508833343,43.78463279406567,43.91191101074219,75400,0.0,0.0
2010-12-10,44.0587758143757,44.0587758143757,43.53986253884384,43.84337615966797,90800,0.0,0.0
2010-12-13,43.79442178633546,44.16647470890664,43.54965081475864,43.56923294067383,72000,0.0,0.0
2010-12-14,43.55944406647182,44.01961095669264,43.50069768829295,43.85316848754883,85600,0.0,0.0
2010-12-15,43.93149253403747,44.15668137765491,43.41257927417589,43.92170333862305,202500,0.0,0.0
2010-12-16,43.83358530024197,45.01827588635184,43.588814332785795,44.73434066772461,129700,0.0,0.0
2010-12-17,44.84204126349261,46.340042149868594,44.421034893422544,45.76238250732422,268400,0.0,0.0
2010-12-20,45.987573626540176,45.987573626540176,44.96932543766421,45.43928527832031,113000,0.0,0.0
2010-12-21,45.44907318876189,45.70363709623482,45.13576663718652,45.458866119384766,97800,0.0,0.0
2010-12-22,45.654684982252476,45.93861648516674,45.3217962946103,45.38053894042969,33600,0.0,0.0
2010-12-23,45.40011917887324,45.86028980483082,45.145559009457365,45.409912109375,60000,0.0,0.0
2010-12-27,45.20430349053785,45.49803165899313,44.95953250676433,45.43928527832031,45100,0.0,0.0
2010-12-28,45.47844772301371,46.01694311891288,45.2434659445786,45.870079040527344,75000,0.0,0.0
2010-12-29,46.01694295704925,46.01694295704925,45.282630037521876,45.46865463256836,78800,0.0,0.0
2010-12-30,45.37074846667297,45.57635519106804,44.88120651245117,44.88120651245117,78800,0.0,0.0
2010-12-31,44.93995241163733,45.17493045560572,44.19584655761718,44.19584655761719,105100,0.0,0.0
2011-01-03,44.65601706181182,45.723218657075456,44.44061740967702,45.409912109375,79100,0.0,0.0
2011-01-04,45.66447329710789,45.81133737864008,44.127311846014905,45.04764938354492,107800,0.0,0.0
2011-01-05,44.851833718888095,45.62530714265212,44.763716020622745,45.5959358215332,93400,0.0,0.0
2011-01-06,45.48823798985685,46.11485110056224,45.22388488348262,46.0267333984375,118300,0.0,0.0
2011-01-07,46.163806036418535,46.653347972181585,45.91903506853701,46.349830627441406,153100,0.0,0.0
2011-01-10,46.105061957491436,47.31912766205405,45.88966229984918,47.0645637512207,187200,0.0,0.0
2011-01-11,47.29954440555583,47.740129171250196,46.86874510056235,46.96665573120117,107300,0.0,0.0
2011-01-12,47.48556863764098,47.642221910554376,47.093933587903166,47.260379791259766,72700,0.0,0.0
2011-01-13,47.47578032500173,48.112182624024896,45.81133693502574,47.59326934814453,90100,0.0,0.0
2011-01-14,47.80866715984168,48.16113421568152,47.04497920158396,48.08280944824219,150400,0.0,0.0
2011-01-18,47.78908651214901,48.13176438324708,47.12330916123676,47.886993408203125,202700,0.0,0.0
2011-01-19,47.93594738548593,48.024065086871005,47.05477410654396,47.47578048706055,245500,0.0,0.0
2011-01-20,47.22121707116432,47.39745247577256,46.88832838856083,47.00581741333008,119600,0.0,0.0
2011-01-21,47.1918454110761,47.45619851609722,45.458866434765746,45.742801666259766,157500,0.0,0.0
2011-01-24,45.53718993086415,46.69250921605943,45.08681223932257,46.28129577636719,99000,0.0,0.0
2011-01-25,46.21275991794683,46.320459742413696,45.31200080551284,45.93861389160156,92500,0.0,0.0
2011-01-26,45.928826204452385,46.9079101173462,45.62530884688816,46.83937454223633,137900,0.0,0.0
2011-01-27,44.26438265964681,46.76104588231478,44.22521840688206,46.437950134277344,235100,0.0,0.0
2011-01-28,51.40190520719752,54.65246348531713,50.63822095357566,52.322242736816406,967200,0.0,0.0
2011-01-31,51.73479439901262,52.6257606153837,51.24525243979975,52.4299430847168,309000,0.0,0.0
2011-02-01,51.029851571171434,52.85094821379748,51.029851571171434,52.390777587890625,396000,0.0,0.0
2011-02-02,51.90123661917757,53.50693737488538,51.656465640765305,53.183837890625,292400,0.0,0.0
2011-02-03,52.67471360568723,53.83982584881089,52.5376424558865,53.36007308959961,168800,0.0,0.0
2011-02-04,53.154467250728004,53.70275185906821,52.82157856641769,53.174049377441406,88800,0.0,0.0
2011-02-07,53.174048044166085,54.43706343878744,53.174048044166085,54.29020309448242,271400,0.0,0.0
2011-02-08,54.14333758628783,55.07346801530582,54.14333758628783,54.94618606567383,141400,0.0,0.0
2011-02-09,54.828697204589844,55.15179667730159,54.446855089500396,54.828697204589844,152100,0.0,0.0
2011-02-10,56.78686473888863,56.78686473888863,55.8665272411358,56.101505279541016,314600,0.0,0.0
2011-02-11,55.88611176822529,57.80511534893057,55.88611176822529,57.79532241821289,282800,0.0,0.0
2011-02-14,57.76594949941166,60.321359049428644,57.76594949941166,59.724117279052734,260100,0.0,0.0
2011-02-15,60.00805123826153,60.00805123826153,58.666703648354314,59.166038513183594,137900,0.0,0.0
2011-02-16,58.90168717652024,60.18428842795157,58.90168717652024,59.831817626953125,169900,0.0,0.0
2011-02-17,59.704537106295994,60.6934139589146,59.69474791043734,60.213661193847656,160400,0.0,0.0
2011-02-18,60.48780261387555,60.65424882031325,59.47934738425971,59.88077163696289,143400,0.0,0.0
2011-02-22,58.60796129631174,59.175828001089805,57.521177598566226,57.77573776245117,134000,0.0,0.0
2011-02-23,57.42327141837681,57.57992469076914,55.92527053278468,57.188289642333984,179100,0.0,0.0
2011-02-24,57.276408420476464,58.1282103717245,57.0610087662885,57.86385726928711,167600,0.0,0.0
2011-02-25,57.95197284752449,59.802444496810054,57.765948257026565,59.74369812011719,201100,0.0,0.0
2011-02-28,60.1647068188431,61.05567302461996,59.92972503785517,60.458431243896484,238800,0.0,0.0
2011-03-01,60.53675800883394,60.91860012391669,59.440181375627176,59.73390579223633,265900,0.0,0.0
2011-03-02,59.3912282794669,59.9395165993087,58.23590899705966,58.921268463134766,86400,0.0,0.0
2011-03-03,59.19541221901926,61.026301817280114,59.07792319575884,60.918601989746094,89300,0.0,0.0
2011-03-04,61.12420798881563,61.2416970106818,60.52696621405718,60.98713684082031,116400,0.0,0.0
2011-03-07,61.15357919041702,61.52563211632244,59.92972432156505,60.008052825927734,215600,0.0,0.0
2011-03-08,59.94930740719132,60.70320246665985,59.21499447412689,60.22344970703125,84000,0.0,0.0
2011-03-09,59.704533959640784,59.724116085234805,58.402354354361066,58.529632568359375,124200,0.0,0.0
2011-03-10,57.834486750416694,58.030304281042284,55.563012358940796,56.17983627319336,371500,0.0,0.0
2011-03-11,56.13088118366239,57.28619673727729,55.99380630179479,57.012054443359375,132600,0.0,0.0
2011-03-14,55.915482331659206,57.0316373841674,54.97556268059007,55.78820037841797,161800,0.0,0.0
2011-03-15,53.908358694619224,54.162918854946604,50.4228188072591,50.74591827392578,531300,0.0,0.0
2011-03-16,50.736126914835516,52.96843699035314,50.432609564166036,52.10684585571289,267900,0.0,0.0
2011-03-17,52.753040786666496,52.753040786666496,51.75437477545389,51.764163970947266,150400,0.0,0.0
2011-03-18,52.26350082493646,53.9573155625464,51.68584116130808,53.350284576416016,264100,0.0,0.0
2011-03-21,53.82024140357487,55.97422292462545,53.565677506419654,55.935062408447266,164400,0.0,0.0
2011-03-22,56.1798339015264,56.66937583996969,55.60217426476697,56.042762756347656,125000,0.0,0.0
2011-03-23,55.8077810125452,55.8077810125452,54.4468550205264,55.46510314941406,199000,0.0,0.0
2011-03-24,55.660916291220595,55.660916291220595,55.04409614474057,55.41614532470703,162500,0.0,0.0
2011-03-25,55.66091618522257,57.5603412720921,55.61196273899479,57.20787048339844,134600,0.0,0.0
2011-03-28,57.22745441656712,57.95197440740481,56.551884138594886,56.777076721191406,126900,0.0,0.0
2011-03-29,56.49314261215134,57.03163801813048,56.49314261215134,56.87498474121094,111500,0.0,0.0
2011-03-30,56.963099751210876,57.090381699852486,56.41481144044658,56.9728889465332,142500,0.0,0.0
2011-03-31,56.659583804750625,57.08059017725553,56.44418788817063,56.89456558227539,136100,0.0,0.0
2011-04-01,57.57013343479255,57.6680440672034,56.26795377045258,56.35607147216797,85200,0.0,0.0
2011-04-04,56.248372392486594,56.87498550861961,55.91548370767733,56.747703552246094,82600,0.0,0.0
2011-04-05,56.483347168725764,57.05121760661466,56.14066930786769,56.85540008544922,69000,0.0,0.0
2011-04-06,56.786867470136,56.786867470136,54.0845974890549,54.38811111450195,189800,0.0,0.0
2011-04-07,54.22166803960151,55.083259192189296,53.95731493542956,54.39790344238281,92100,0.0,0.0
2011-04-08,54.82869841580313,54.848280541997816,53.5852614142557,53.77128601074219,62400,0.0,0.0
2011-04-11,53.546095970579294,54.3293660613059,53.546095970579294,54.309783935546875,131200,0.0,0.0
2011-04-12,53.800658870503696,54.16291885304056,51.81311609435553,51.842491149902344,103600,0.0,0.0
2011-04-13,51.84249236747864,52.97822952270508,51.57813927079982,52.97822952270508,162500,0.0,0.0
2011-04-14,52.39077846544086,52.7922027197935,52.01872926817364,52.72366714477539,88100,0.0,0.0
2011-04-15,52.43973637528555,54.15313324428773,52.43973637528555,53.751708984375,104500,0.0,0.0
2011-04-18,53.15446491434346,53.36007163343367,51.68583908957005,52.45931625366211,73000,0.0,0.0
2011-04-19,52.78241433815289,53.70275188466895,52.469107780406624,53.63421630859375,85200,0.0,0.0
2011-04-20,54.33915786042717,55.83715507113841,54.29999360703254,55.82736587524414,116500,0.0,0.0
2011-04-21,56.238577188555304,56.26795224493652,55.51405720290166,55.97422409057617,67200,0.0,0.0
2011-04-25,55.82736519265315,56.05255404455577,55.71966536458913,55.837154388427734,86300,0.0,0.0
2011-04-26,55.94485239394148,58.089048484868286,55.73924567519493,58.00093078613281,161000,0.0,0.0
2011-04-27,57.98135038993848,60.57592051248758,57.27640877902583,60.22344970703125,317100,0.0,0.0
2011-04-28,60.32135964394934,62.57325186574925,59.31290442266573,62.426387786865234,255000,0.0,0.0
2011-04-29,62.42638861244701,62.97467694796855,60.80110946722857,61.20253372192383,255000,0.0,0.0
2011-05-02,61.69207311547268,62.13266160474093,60.66403579711915,60.66403579711914,103000,0.0,0.0
2011-05-03,60.70320343951351,61.349398681570044,57.80511591361807,58.940853118896484,141000,0.0,0.0
2011-05-04,62.0934988329521,64.22790202301007,59.74369972571533,61.04587936401367,410400,0.0,0.0
2011-05-05,60.517176693298175,60.517176693298175,58.06946696393678,58.51005172729492,170500,0.0,0.0
2011-05-06,58.67649625700397,59.09750261723551,57.28619522823948,57.78553009033203,127000,0.0,0.0
2011-05-09,57.76594817524528,58.36318993193064,56.94351757725222,58.12820816040039,168000,0.0,0.0
2011-05-10,58.38277235907368,59.03875676084902,58.01071944177398,58.989803314208984,130600,0.0,0.0
2011-05-11,58.74503491141592,58.84294180897146,56.49314265346006,56.81623840332031,124700,0.0,0.0
2011-05-12,56.57146467150752,57.325359697705245,55.807780449994134,57.03163528442383,72500,0.0,0.0
2011-05-13,57.276406838061625,57.393895857596064,55.96443429271652,55.98401641845703,129200,0.0,0.0
2011-05-16,55.592381629322404,55.66091720227531,54.133548736572266,54.133548736572266,99900,0.0,0.0
2011-05-17,53.82024283173104,54.3489452957972,52.86074106409637,53.54609680175781,123000,0.0,0.0
2011-05-18,53.497144705544464,54.19229339125315,53.24258453011197,54.045433044433594,118400,0.0,0.0
2011-05-19,54.505599688275964,55.07347015103392,53.712544108442664,54.7993278503418,129100,0.0,0.0
2011-05-20,54.53497295297971,55.70987435790034,54.53497295297971,55.23012161254883,148100,0.0,0.0
2011-05-23,54.37832031241471,54.70141605494518,53.84961411382814,54.123756408691406,151600,0.0,0.0
2011-05-24,54.231457712881856,54.33915754163085,52.9292780418746,52.94886016845703,111700,0.0,0.0
2011-05-25,52.429940008317075,53.32090617240947,52.38098656224995,52.88031768798828,102700,0.0,0.0
2011-05-26,52.65513200462933,53.134884768626996,52.00893676704412,52.94886016845703,182400,0.0,0.0
2011-05-27,53.066348925236525,54.47622841787763,53.066348925236525,54.2216682434082,98100,0.0,0.0
2011-05-31,54.73079143279096,55.51405780479065,54.48602045810926,54.926605224609375,221700,0.0,0.0
2011-06-01,55.09305297203199,55.48468430154234,52.02851923744239,52.07747268676758,150000,0.0,0.0
2011-06-02,51.96977324961477,53.03697107495366,51.773955729999834,52.82157516479492,106500,0.0,0.0
2011-06-03,51.86207463568336,52.77262294844012,50.990690574743994,51.18650436401367,140000,0.0,0.0
2011-06-06,51.000478893155424,51.3235746278208,49.668924233532955,49.757041931152344,176900,0.0,0.0
2011-06-07,49.99202587618885,51.323576858783376,49.46331966749043,50.070350646972656,117900,0.0,0.0
2011-06-08,49.805996260204004,49.933278211222714,49.13042972308986,49.57101821899414,187900,0.0,0.0
2011-06-09,49.688508209255865,49.93327918565614,49.23813050905744,49.26750183105469,67000,0.0,0.0
2011-06-10,48.96398479892626,49.933279515228776,48.92482428097436,49.03252410888672,139700,0.0,0.0
2011-06-13,49.24792065115945,49.69829836001285,48.405907878576,48.50381851196289,137100,0.0,0.0
2011-06-14,49.03252299180641,50.5011488264425,48.95419448786968,50.491355895996094,156600,0.0,0.0
2011-06-15,49.8353704984559,50.40323720114835,49.05210041419125,49.120635986328125,154100,0.0,0.0
2011-06-16,49.05210069108196,49.19896476643775,47.99469204720949,48.94440460205078,140700,0.0,0.0
2011-06-17,49.06189531793987,49.433948249440405,48.21988255792173,48.57235336303711,191300,0.0,0.0
2011-06-20,48.33736959873629,49.835370459035204,48.33736959873629,49.17938232421875,72600,0.0,0.0
2011-06-21,49.62976238738137,51.56834809404057,49.042313531390846,51.45085906982422,199500,0.0,0.0
2011-06-22,51.07880357100414,52.16558726143547,50.971107482910156,50.971107482910156,109100,0.0,0.0
2011-06-23,50.12909666148091,50.57947436120965,49.208755400834086,50.36407470703125,78100,0.0,0.0
2011-06-24,50.30532978979327,51.01026762949677,49.825577054869306,50.74591827392578,171000,0.0,0.0
2011-06-27,50.78508171929586,51.225670228843285,50.22700418550537,50.93194580078125,99900,0.0,0.0
2011-06-28,51.206088853515276,52.46910802111024,51.08859982754864,52.4201545715332,84300,0.0,0.0
2011-06-29,52.65512931866648,53.193628434942354,52.12642686754522,52.52785110473633,58900,0.0,0.0
2011-06-30,52.762831060384734,54.231456918372395,52.762831060384734,54.11396789550781,114000,0.0,0.0
2011-07-01,54.299991689523985,54.97556196454406,53.42860762426312,54.81890869140625,104100,0.0,0.0
2011-07-05,54.86786155122639,56.00359870303676,54.632879776582456,55.86652755737305,99100,0.0,0.0
2011-07-06,56.03297016314632,57.85406678269716,55.895899017142895,57.364524841308594,313600,0.0,0.0
2011-07-07,58.33382218931066,58.49047546830384,57.668044819862416,58.36319351196289,232600,0.0,0.0
2011-07-08,57.5799237796987,58.2652795012531,57.37431332832382,57.95197296142578,116300,0.0,0.0
2011-07-11,57.08059183741587,57.73658000652461,56.09171872073727,56.581260681152344,111800,0.0,0.0
2011-07-12,56.395230618332945,56.60084107393959,54.81890869140626,54.81890869140625,226900,0.0,0.0
2011-07-13,55.32802902792266,55.32802902792266,53.88877824812797,54.81890869140625,350300,0.0,0.0
2011-07-14,55.03430362732343,55.553220619962204,52.22433395644558,52.35161590576172,229000,0.0,0.0
2011-07-15,52.61596884137673,53.761495177047856,50.80466144009792,52.4691047668457,267600,0.0,0.0
2011-07-18,52.322241451998494,52.73345862571081,52.03830996397583,52.34182357788086,223800,0.0,0.0
2011-07-19,53.05655461717341,53.83982471654878,52.753041001828656,53.78107833862305,127500,0.0,0.0
2011-07-20,53.77128601074219,53.839825319877924,52.576806192135805,53.77128601074219,132800,0.0,0.0
2011-07-21,53.84961376939892,56.2385771084197,53.115300854361664,56.09171676635742,181700,0.0,0.0
2011-07-22,55.93506330163378,56.96310063217092,55.5727995756596,56.786865234375,149900,0.0,0.0
2011-07-25,56.62042460820924,57.09038443931152,56.130882650614105,56.81623840332031,185100,0.0,0.0
2011-07-26,56.806449576891175,57.031638430660095,55.709876630522466,56.52251434326172,158800,0.0,0.0
2011-07-27,56.10150746138659,56.11130039206434,52.782413594288414,53.242584228515625,210100,0.0,0.0
2011-07-28,52.67471470357216,52.67471470357216,46.89812175570204,49.30666732788086,696500,0.0,0.0
2011-07-29,48.846494895623294,49.238129947359525,46.96665561107016,47.02539825439453,289400,0.0,0.0
2011-08-01,47.61285107997836,47.61285107997836,44.244800075249366,46.27150344848633,372200,0.0,0.0
2011-08-02,45.76238435365453,47.456199097780626,45.57635601733611,45.79175567626953,312400,0.0,0.0
2011-08-03,45.73300796899114,47.10372691984856,45.33158372029711,46.90790939331055,191300,0.0,0.0
2011-08-04,46.095271710056494,46.682720554886146,44.186057361997115,44.19584655761719,257300,0.0,0.0
2011-08-05,44.51894624464164,45.01827739158817,42.17893631510507,43.50069808959961,265400,0.0,0.0
2011-08-08,41.55231876259996,43.579022107111605,40.3382568359375,40.3382568359375,295600,0.0,0.0
2011-08-09,40.94528987227696,43.68672414392253,39.95641674106055,43.36362838745117,332800,0.0,0.0
2011-08-10,41.77750860326135,42.67826774167205,40.48511814220537,40.553653717041016,215900,0.0,0.0
2011-08-11,40.818005879722534,44.675598782505915,40.69072766362389,44.0881462097168,229900,0.0,0.0
2011-08-12,44.65601896338565,45.62530996945,43.96087026450574,44.34271240234375,213400,0.0,0.0
2011-08-15,44.67560023852064,46.16380824254958,44.67560023852064,46.085479736328125,152000,0.0,0.0
2011-08-16,45.6546837039726,45.919036807484694,44.088147209261194,44.3622932434082,145000,0.0,0.0
2011-08-17,44.50915405531559,44.86162486369311,42.99157472805349,43.43216323852539,101500,0.0,0.0
2011-08-18,42.198514053120086,42.71743105318172,38.810884699082635,39.18293762207031,202800,0.0,0.0
2011-08-19,38.31155267065997,39.75080341200015,38.16468859699472,38.33113479614258,382900,0.0,0.0
2011-08-22,39.32979658891832,40.534073015031865,37.57723933028181,38.10594177246094,341400,0.0,0.0
2011-08-23,38.34092397877159,40.65156249623634,38.18427070987103,40.5242805480957,182900,0.0,0.0
2011-08-24,40.30888158140528,42.10060687609766,39.53540815407263,40.51449203491211,165200,0.0,0.0
2011-08-25,40.837587666624835,40.92570536506626,37.94928947872107,38.95774841308594,294600,0.0,0.0
2011-08-26,38.64444128459201,40.84737997730035,37.96887102848666,40.58302688598633,401300,0.0,0.0
2011-08-29,41.101941007809174,42.21809603813799,41.08235888193744,42.012489318847656,253500,0.0,0.0
2011-08-30,41.83625519083339,42.815339104688356,41.32713110743977,42.51182174682617,267800,0.0,0.0
2011-08-31,42.89366608314773,43.71609669089622,42.599937931523655,43.28529739379883,249800,0.0,0.0
2011-09-01,43.47132685471291,44.08814702542712,42.57056772040072,42.86429214477539,184000,0.0,0.0
2011-09-02,41.77750655911936,42.061441775207825,39.701849819424424,40.064109802246094,148500,0.0,0.0
2011-09-06,38.497580088150556,39.6528994321262,37.87096696631472,39.153568267822266,142800,0.0,0.0
2011-09-07,39.86829757213957,40.93549917170527,39.789969067444375,40.906124114990234,134000,0.0,0.0
2011-09-08,40.69072987251904,41.27817874228918,40.02495249482818,40.07390594482422,178400,0.0,0.0
2011-09-09,39.545198954354795,40.348047470431894,38.69339698923081,39.104610443115234,169800,0.0,0.0
2011-09-12,38.39967202739372,40.75926409384789,38.39967202739372,40.671146392822266,173300,0.0,0.0
2011-09-13,40.83758841884294,41.787300993437455,40.72988859266311,41.60127639770508,160200,0.0,0.0
2011-09-14,42.051655376356415,43.01115717582248,41.25859605158452,42.100608825683594,144100,0.0,0.0
2011-09-15,42.619519880921224,42.619519880921224,41.620853880294476,42.364959716796875,93400,0.0,0.0
2011-09-16,42.580360052410676,43.07969119333728,42.35516747081681,42.87408447265625,296200,0.0,0.0
2011-09-19,42.40412585836107,44.293758120017365,42.40412585836107,43.95107650756836,286500,0.0,0.0
2011-09-20,44.24479923604447,45.037858524189694,43.7748394213724,43.80421447753906,265500,0.0,0.0
2011-09-21,43.6181884013598,44.99869659537897,43.42237086807797,43.481117248535156,245200,0.0,0.0
2011-09-22,41.9635365532844,43.03073815372395,41.268387880634336,42.00270080566406,346700,0.0,0.0
2011-09-23,41.934164352507395,42.33558859371338,41.49357585974262,42.188724517822266,197600,0.0,0.0
2011-09-26,42.55098377625751,43.383207300491634,41.689392666221856,43.35383224487305,124500,0.0,0.0
2011-09-27,44.32312806948506,46.05610699988514,43.34404418123023,44.60706329345703,174700,0.0,0.0
2011-09-28,44.56790039091953,45.20430269660818,41.855837490152204,41.87541961669922,132400,0.0,0.0
2011-09-29,42.82513030459066,43.07969046854502,41.571900405767884,42.94261932373047,129500,0.0,0.0
2011-09-30,42.149561029004964,43.50069785296433,42.03207200711113,42.06144332885742,166200,0.0,0.0
2011-10-03,41.38587578557781,42.443284426921444,39.652896881103516,39.652896881103516,178700,0.0,0.0
2011-10-04,39.222103715918294,42.5803619062171,39.222103715918294,42.384544372558594,241900,0.0,0.0
2011-10-05,42.36495912923601,44.23500915503727,41.699181804718535,43.990238189697266,104900,0.0,0.0
2011-10-06,43.94128699566232,44.381875502836785,43.46153423564818,43.66714096069336,222100,0.0,0.0
2011-10-07,43.882540143543004,44.2056396236256,41.68939429687607,41.94395446777344,266200,0.0,0.0
2011-10-10,42.89366633581785,44.753923475913,42.472659966579194,44.724552154541016,294000,0.0,0.0
2011-10-11,44.38187522413121,46.819792057005984,44.38187522413121,46.61418533325195,198900,0.0,0.0
2011-10-12,47.035191544694044,47.76950447113528,46.67292781184879,47.250587463378906,146000,0.0,0.0
2011-10-13,46.907908512948694,47.30933275410884,46.49669507635427,47.09393310546875,98300,0.0,0.0
2011-10-14,47.80866787778002,48.063228044416256,47.20163318019374,48.01427459716797,82200,0.0,0.0
2011-10-17,47.72054990876734,47.72054990876734,45.79175347184745,46.05610656738281,145500,0.0,0.0
2011-10-18,45.92882606721067,48.317789462965884,45.498030491391816,48.05344009399414,106200,0.0,0.0
2011-10-19,47.91636258350743,47.91636258350743,46.19317663975211,46.418365478515625,100300,0.0,0.0
2011-10-20,46.477115171586895,46.477115171586895,45.08681405423925,45.79175567626953,137800,0.0,0.0
2011-10-21,46.74146704059493,47.41703358719019,46.42815675640364,47.368080139160156,103500,0.0,0.0
2011-10-24,47.39745029483995,49.64934246299443,47.39745029483995,49.46331787109375,65600,0.0,0.0
2011-10-25,48.98356507542782,48.98356507542782,46.70230158862776,46.75125503540039,126500,0.0,0.0
2011-10-26,47.544314616316704,47.92615673240476,46.53585567892848,47.612850189208984,220700,0.0,0.0
2011-10-27,49.09126624755453,52.332035307666395,47.75971154328007,52.09705352783203,170100,0.0,0.0
2011-10-28,51.5977212586764,52.87052955657519,51.441067987164374,51.48023223876953,89500,0.0,0.0
2011-10-31,50.69696334767926,51.186505299618716,49.84516139707904,49.903907775878906,55000,0.0,0.0
2011-11-01,47.74012921084023,48.875866382831745,47.10372691824913,47.426822662353516,131200,0.0,0.0
2011-11-02,47.93594479278369,48.75837538292545,47.20163189926099,48.611515045166016,129100,0.0,0.0
2011-11-03,50.59905627101071,53.06634814818562,48.915030767167046,52.73345947265625,220400,0.0,0.0
2011-11-04,51.88165561238055,52.36140461433658,50.74591847919406,52.1851692199707,55900,0.0,0.0
2011-11-07,51.52918793125259,51.822912361273374,49.70809123625147,51.676048278808594,113200,0.0,0.0
2011-11-08,51.891445887312436,52.47889472414875,50.71654447873119,52.34182357788086,92000,0.0,0.0
2011-11-09,50.7165439039933,51.37253204143829,48.84649385486914,49.00314712524414,105300,0.0,0.0
2011-11-10,49.95286074186532,49.95286074186532,48.4156993264073,49.21854782104492,53300,0.0,0.0
2011-11-11,49.84516224329662,51.37253450384493,49.84516224329662,51.27462387084961,51400,0.0,0.0
2011-11-14,50.902573477887316,51.31378692210945,49.80599682347762,50.138885498046875,45100,0.0,0.0
2011-11-15,49.70808907017649,51.793538781793586,49.433946778757594,51.48023223876953,57500,0.0,0.0
2011-11-16,50.648008595613256,51.62709247428718,49.8059958623683,49.92348861694336,55000,0.0,0.0
2011-11-17,49.2577113829487,50.099720383033706,48.38632359179602,48.70942306518555,52700,0.0,0.0
2011-11-18,48.699635879492064,49.150013586825686,48.12197621663938,48.621307373046875,53200,0.0,0.0
2011-11-21,47.1135160747964,47.671593597257356,46.780627400441745,46.96665573120117,89900,0.0,0.0
2011-11-22,46.76104335455267,47.397449355397214,46.251923035767255,46.937278747558594,84600,0.0,0.0
2011-11-23,46.359619298990616,46.93727892606051,45.106393152767865,45.14555740356445,76400,0.0,0.0
2011-11-25,44.910575496745786,45.72321689120869,44.68538665771485,44.685386657714844,48000,0.0,0.0
2011-11-28,46.428158058067794,47.28975296020508,46.2910869057773,47.28975296020508,100500,0.0,0.0
2011-11-29,47.14289105163949,47.14289105163949,46.144225030266036,46.44773864746094,105400,0.0,0.0
2011-11-30,48.719212943502086,49.757043216165535,47.97511082709471,49.73746109008789,209200,0.0,0.0
2011-12-01,49.37520249203298,50.55989314143757,49.37520249203298,49.65913772583008,87600,0.0,0.0
2011-12-02,50.413030225524096,50.90257216164921,49.3947821020058,49.63955307006836,40300,0.0,0.0
2011-12-05,50.76549871411763,51.81311818818216,50.12909642014957,50.599056243896484,116000,0.0,0.0
2011-12-06,50.57947271484664,51.58792790856808,50.22700192308536,50.6773796081543,60200,0.0,0.0
2011-12-07,50.90257387057904,52.22433564852835,50.354285539144385,51.46065139770508,122100,0.0,0.0
2011-12-08,50.08993036970212,51.862073509413214,50.08993036970212,51.60750961303711,235100,0.0,0.0
2011-12-09,51.60751255021779,53.203420386315734,50.892781736482824,52.890113830566406,98000,0.0,0.0
2011-12-12,52.273288686284246,52.390777708201604,51.392115419541064,52.332035064697266,157600,0.0,0.0
2011-12-13,52.615968295917924,53.05655304512641,51.40190266578534,51.842491149902344,115800,0.0,0.0
2011-12-14,51.84249462232728,51.84249462232728,49.845162517153994,50.00181579589844,146900,0.0,0.0
2011-12-15,50.97110973720354,51.36274106055056,49.80599749309252,50.64801025390625,94100,0.0,0.0
2011-12-16,50.422821606179234,51.020063391721315,49.68850867016692,50.47177505493164,372700,0.0,0.0
2011-12-19,50.82424639447332,50.961317546380144,48.92482492464812,48.963985443115234,66200,0.0,0.0
2011-12-20,50.24658413849753,51.431274730216145,50.24658413849753,51.19629669189453,127800,0.0,0.0
2011-12-21,51.18650380078267,51.36273919711307,49.39478225130172,51.137550354003906,60500,0.0,0.0
2011-12-22,51.13755028681467,52.34182300355106,51.13755028681467,51.773956298828125,34600,0.0,0.0
2011-12-23,51.852282511779975,52.28308181865457,51.58792941026385,52.155799865722656,15400,0.0,0.0
2011-12-27,51.78374739707375,53.6733796419752,51.46065164895898,53.36007308959961,85900,0.0,0.0
2011-12-28,53.14467247006614,53.692960794230395,51.38232221119993,51.47043991088867,40800,0.0,0.0
2011-12-29,51.5096051539832,52.73346004270203,51.02006319849567,52.26350021362305,46900,0.0,0.0
2011-12-30,52.106846301896546,52.4593171031351,51.127762402859986,51.17671585083008,79000,0.0,0.0
2012-01-03,52.4397365761015,53.761498386144176,52.26350117010797,52.47889709472656,104600,0.0,0.0
2012-01-04,52.038308826269095,53.73212346152106,51.499809713548885,51.72500228881836,36400,0.0,0.0
2012-01-05,51.44106962870919,52.08726486118072,49.70809065641991,51.68584060668945,120700,0.0,0.0
2012-01-06,51.53897455399213,51.95019172341781,51.069014742440324,51.19629669189453,83200,0.0,0.0
2012-01-09,51.470438783975844,51.67604550044507,50.638218987843146,51.37253189086914,89500,0.0,0.0
2012-01-10,51.999147758695145,53.36007381435663,51.999147758695145,53.29153823852539,95800,0.0,0.0
2012-01-11,53.21320971020858,55.70008377049831,53.076138558602,55.425941467285156,153500,0.0,0.0
2012-01-12,55.45531186274807,56.11130002221032,55.06368054112031,55.670711517333984,49400,0.0,0.0
2012-01-13,54.83848856149725,55.465105405856995,54.83848856149725,55.142005920410156,42000,0.0,0.0
2012-01-17,55.51405735959943,55.98401717903043,55.23012213486758,55.33782196044922,50400,0.0,0.0
2012-01-18,55.4357284295758,56.786865234375,55.22033251497637,56.786865234375,42900,0.0,0.0
2012-01-19,57.10017238494649,58.549216099513515,56.5029306121711,58.45130920410156,86600,0.0,0.0
2012-01-20,58.12820920633169,58.607961953338645,57.59950674696537,58.34360885620117,73200,0.0,0.0
2012-01-23,58.12820910879186,58.35339795377362,56.74770098266288,56.786865234375,126400,0.0,0.0
2012-01-24,56.18962510244263,56.86519539194817,55.74903659513657,56.47356033325195,110600,0.0,0.0
2012-01-25,56.6791647037948,56.6791647037948,55.161585450480445,55.758827209472656,169800,0.0,0.0
2012-01-26,55.15179733053978,58.559008820420814,54.79932653246439,56.43439483642578,202800,0.0,0.0
2012-01-27,55.73924697623802,55.993807148021986,55.014723243622804,55.210540771484375,97100,0.0,0.0
2012-01-30,54.407690146085045,55.249702868604636,53.4579776006978,54.31957244873047,100200,0.0,0.0
2012-01-31,54.51539142065988,54.828697967395165,54.10417424375193,54.701416015625,97200,0.0,0.0
2012-02-01,55.0343051253645,56.258160000425484,54.887444781302385,55.96443557739258,124700,0.0,0.0
2012-02-02,56.29732299120529,56.29732299120529,55.25949273584381,55.40635681152344,107700,0.0,0.0
2012-02-03,56.55188239730617,56.6497930247483,55.58259146253468,56.05255126953125,143100,0.0,0.0
2012-02-06,54.95598137541933,56.64979610574953,53.673380097985,56.17983627319336,76800,0.0,0.0
2012-02-07,56.24837236762554,56.56167892555357,55.719666150531204,56.28753662109375,48100,0.0,0.0
2012-02-08,56.414814514305114,56.68896055207886,56.23857910963226,56.52251434326172,60700,0.0,0.0
2012-02-09,56.65958298033082,56.65958298033082,55.288867791924886,55.40635681152344,43300,0.0,0.0
2012-02-10,54.84827993027612,55.465103826348916,54.20208471269322,54.299991607666016,84800,0.0,0.0
2012-02-13,54.809116680913334,55.19095880716414,54.32936765789879,55.09305191040039,38100,0.0,0.0
2012-02-14,54.818909502512675,54.818909502512675,53.74191496570984,54.11396789550781,67000,0.0,0.0
2012-02-15,54.1825014875353,54.378319008417044,53.38944220867309,53.62442398071289,88600,0.0,0.0
2012-02-16,53.57547158162529,54.72099793857952,53.40902537840377,54.35873794555664,110400,0.0,0.0
2012-02-17,54.70141508664136,54.78953278484596,54.26082659561835,54.42727279663086,49800,0.0,0.0
2012-02-21,54.50559978197182,54.90702777283068,54.016057824232206,54.16292190551758,113900,0.0,0.0
2012-02-22,54.15313166754482,54.76016263768517,53.42860794067383,53.42860794067383,46100,0.0,0.0
2012-02-23,53.213209593363246,55.611965945937456,53.213209593363246,55.484683990478516,104900,0.0,0.0
2012-02-24,55.582592895315635,56.73791218455415,55.582592895315635,55.91548156738281,128500,0.0,0.0
2012-02-27,55.41614669182773,56.55188385507304,55.181168649726565,55.91548156738281,78400,0.0,0.0
2012-02-28,55.85673378803577,56.44418634836758,55.83715166253385,55.993804931640625,96800,0.0,0.0
2012-02-29,56.00359789376965,56.258158055622566,54.0943836076929,54.31957244873047,177700,0.0,0.0
2012-03-01,54.711210027735675,55.70987606578873,54.43706399274096,54.858070373535156,100300,0.0,0.0
2012-03-02,55.06367994791913,55.54342896535381,53.624425425797746,54.00626754760742,100500,0.0,0.0
2012-03-05,53.85940346926124,54.23145639547188,52.94885888220438,54.00626754760742,93800,0.0,0.0
2012-03-06,53.389444574503294,54.05522193405848,52.80199572073518,53.242584228515625,112000,0.0,0.0
2012-03-07,53.66359148839909,53.99648017362655,53.39923837940299,53.57547378540039,55100,0.0,0.0
2012-03-08,54.065013005173356,54.33915529618154,53.39923566851754,54.25103759765625,51800,0.0,0.0
2012-03-09,54.28041058625118,55.81757202503757,54.28041058625118,55.55322265625,52000,0.0,0.0
2012-03-12,55.553222697527325,55.70987597373314,54.681834880291966,55.494476318359375,56200,0.0,0.0
2012-03-13,56.179836248759884,57.24703786855104,55.729454808044274,57.2176628112793,64600,0.0,0.0
2012-03-14,57.10996527326416,57.10996527326416,55.84694615487588,56.3169059753418,52100,0.0,0.0
2012-03-15,56.47355850109368,57.482013702392585,56.101505580893566,57.48201370239258,70200,0.0,0.0
2012-03-16,57.63866802140801,57.95197456993141,57.0512191766538,57.17850112915039,136800,0.0,0.0
2012-03-19,57.237244641208136,58.57859229076823,57.00226659370432,58.030303955078125,63400,0.0,0.0
2012-03-20,57.45264492415634,57.530969695876124,56.53230738072346,56.98268508911133,49600,0.0,0.0
2012-03-21,57.198080008529175,57.286197709485194,56.66937753770179,56.70853805541992,27800,0.0,0.0
2012-03-22,56.003598386023604,56.55188296557483,55.66091678889551,56.101505279541016,67100,0.0,0.0
2012-03-23,56.17004024279025,57.40368800321809,55.749033882395985,57.20787048339844,60800,0.0,0.0
2012-03-26,57.89323240009046,58.58838107688275,57.87365027378394,58.382774353027344,82300,0.0,0.0
2012-03-27,58.33382095207289,58.45130997509869,57.80511474609374,57.80511474609375,52900,0.0,0.0
2012-03-28,57.9617677428754,58.010721190991546,57.109965793946664,57.462432861328125,34000,0.0,0.0
2012-03-29,57.05122064988541,57.64846244058965,56.63021426414008,57.5015983581543,40200,0.0,0.0
2012-03-30,57.76595070519251,57.76595070519251,56.845613174117595,57.10996627807617,57500,0.0,0.0
2012-04-02,56.708537765037526,58.23590999548445,56.453977594084044,58.04009246826172,95800,0.0,0.0
2012-04-03,57.88343850752014,58.15758453634669,56.904354617917726,57.012054443359375,88400,0.0,0.0
2012-04-04,56.473560426128536,56.51272467904431,55.445523063996156,55.837154388427734,53900,0.0,0.0
2012-04-05,55.30845032032314,56.28753420555882,55.30845032032314,55.57279968261719,40100,0.0,0.0
2012-04-09,54.231455093642644,54.64267226219546,53.43839954735487,53.506935119628906,127800,0.0,0.0
2012-04-10,53.36007187707778,53.59505365347425,51.55855737440028,52.224334716796875,181400,0.0,0.0
2012-04-11,52.948860401213274,53.271956153971786,52.62576091354599,53.232791900634766,116800,0.0,0.0
2012-04-12,53.418818147453514,54.231455830418255,53.17404717603266,53.957313537597656,64100,0.0,0.0
2012-04-13,53.634214377931556,53.751707134038625,52.4886880177025,52.567012786865234,97300,0.0,0.0
2012-04-16,52.76283191698305,53.301327326672535,52.40057191190595,52.83136749267578,49400,0.0,0.0
2012-04-17,53.45797791122971,54.67204355573306,53.42860659024375,54.0845947265625,67000,0.0,0.0
2012-04-18,53.71254223427808,53.71254223427808,52.37119836495462,53.15446472167969,96200,0.0,0.0
2012-04-19,53.31111697715946,53.77128385208068,52.136215597005794,52.88031768798828,84800,0.0,0.0
2012-04-20,53.62442578692943,54.55455624126562,52.85094860759343,53.71254348754883,96700,0.0,0.0
2012-04-23,52.63554996144995,52.9880207706747,52.2928720829863,52.83136749267578,104900,0.0,0.0
2012-04-24,52.753041957538564,53.291537359433406,52.44952460178645,52.958648681640625,47700,0.0,0.0
2012-04-25,53.89856884159631,54.388110799712365,53.369862630452864,54.10417556762695,66300,0.0,0.0
2012-04-26,53.878985043395,55.416146445393665,53.878985043395,54.995140075683594,48700,0.0,0.0
2012-04-27,51.81311718011563,52.62575859395044,49.59060005737906,51.9991455078125,290400,0.0,0.0
2012-04-30,51.8914481447009,52.08726567713436,50.80466438785856,51.499813079833984,233000,0.0,0.0
2012-05-01,51.42148550663043,52.00893433702086,51.11796816114718,51.773956298828125,231000,0.0,0.0
2012-05-02,51.13755151466002,52.48868833888996,50.80466284013695,52.332035064697266,120000,0.0,0.0
2012-05-03,52.08726538413338,52.44952538940679,51.43127721440768,51.793540954589844,195300,0.0,0.0
2012-05-04,51.40190647120644,51.57814187790042,50.168262359257355,50.22700500488281,160700,0.0,0.0
2012-05-07,49.884324893569364,51.137551076369796,49.717878690280074,51.06901550292969,145000,0.0,0.0
2012-05-08,50.530521382783846,51.147345294178805,50.11930419688429,51.049434661865234,95000,0.0,0.0
2012-05-09,50.148678471097064,50.461985019791605,49.40457261676601,49.56122589111328,130000,0.0,0.0
2012-05-10,50.031185716131155,50.031185716131155,48.807330843085786,49.04231262207031,99000,0.0,0.0
2012-05-11,48.56256059506918,49.257713011890395,48.34716467392834,48.454864501953125,97100,0.0,0.0
2012-05-14,47.83803923381499,48.2394634773956,47.436614990234375,47.436614990234375,86900,0.0,0.0
2012-05-15,47.60305733812601,48.25904548178431,47.36807929779214,47.495357513427734,106000,0.0,0.0
2012-05-16,47.86741062276594,47.916364070118796,45.71342532506274,45.76238250732422,183500,0.0,0.0
2012-05-17,45.92882599569313,46.11485059373028,44.8028780070195,44.88120651245117,287200,0.0,0.0
2012-05-18,44.724551103495784,45.37074630285391,44.28396261872694,44.509151458740234,137600,0.0,0.0
2012-05-21,44.76371688759607,46.124642904456685,44.127310861697424,45.92882537841797,122000,0.0,0.0
2012-05-22,46.03652370473814,46.15401272257042,45.11618621771958,45.60572814941406,74000,0.0,0.0
2012-05-23,44.87141532778834,45.62530661715381,44.52873373407731,45.48823547363281,134000,0.0,0.0
2012-05-24,45.449073037110765,45.684054817462574,44.26438240948758,44.53852844238281,89600,0.0,0.0
2012-05-25,44.460201098721015,44.998696513079594,43.882541430795946,44.57769012451172,96000,0.0,0.0
2012-05-29,44.86162505350726,45.65468437571219,44.86162505350726,45.39033126831055,70600,0.0,0.0
2012-05-30,44.86162293418208,44.979111953618435,44.31333461863145,44.49936294555664,101000,0.0,0.0
2012-05-31,44.44061741189968,44.56789936406831,43.10906271665182,43.21676254272461,177500,0.0,0.0
2012-06-01,42.257262522573676,42.795757940318126,41.68939578192406,41.748138427734375,75600,0.0,0.0
2012-06-04,41.82646524566806,42.35516771114657,40.87675267107354,41.60127639770508,90200,0.0,0.0
2012-06-05,41.26838796079397,42.1103969791403,41.26838796079397,41.88520812988281,78600,0.0,0.0
2012-06-06,42.10060821377724,42.893667527022515,41.95374413302151,42.62931442260742,152100,0.0,0.0
2012-06-07,43.4713258086161,44.38187411670219,43.39299730538312,43.80421447753906,119900,0.0,0.0
2012-06-08,43.667141112918166,44.18605812758093,43.26571685718399,44.068565368652344,52100,0.0,0.0
2012-06-11,44.79308692060499,44.79308692060499,43.158018655275626,43.17759704589844,192800,0.0,0.0
2012-06-12,43.56923165640032,43.76504917487146,42.59993699416785,43.58881378173828,54100,0.0,0.0
2012-06-13,43.34404590367538,43.84337706316842,41.82646656355517,42.04186248779297,53600,0.0,0.0
2012-06-14,42.11039853881824,42.3160090043719,41.52294966985903,42.208309173583984,53800,0.0,0.0
2012-06-15,42.03207153796409,43.79442178633546,42.03207153796409,43.56923294067383,202700,0.0,0.0
2012-06-18,43.09927311895942,43.22655506994056,42.599938245445735,43.05031967163086,72400,0.0,0.0
2012-06-19,43.21676210937929,44.18605679940639,42.96220194250322,44.14689254760742,124700,0.0,0.0
2012-06-20,44.16647487102869,44.30354601802948,43.148226729153365,43.451744079589844,62200,0.0,0.0
2012-06-21,43.314674444059726,43.314674444059726,40.89633595644478,41.121524810791016,120500,0.0,0.0
2012-06-22,41.5131600404473,41.5131600404473,40.896336120043486,41.00403594970703,513600,0.0,0.0
2012-06-25,40.52428094232884,40.6417699614201,40.162020954767456,40.171810150146484,69000,0.0,0.0
2012-06-26,40.15223015131808,40.34804768344823,38.889214725641615,38.928375244140625,117400,0.0,0.0
2012-06-27,38.95775062896453,41.004036200353994,38.74235096832076,40.7690544128418,286900,0.0,0.0
2012-06-28,40.56344552839736,41.0040340222611,40.436163577968145,40.97465896606445,127200,0.0,0.0
2012-06-29,42.08102653522135,42.40412602235925,41.1998532460347,42.21809768676758,128200,0.0,0.0
2012-07-02,42.541196762500576,42.5705680847168,41.503366470259095,42.5705680847168,98500,0.0,0.0
2012-07-03,42.54119615801016,43.10906287727069,42.39433207919849,43.099273681640625,42800,0.0,0.0
2012-07-05,42.83492093705862,43.539862545365,42.83492093705862,43.324462890625,82800,0.0,0.0
2012-07-06,43.0013640207483,43.16781022948317,42.53140418682254,42.79575729370117,133300,0.0,0.0
2012-07-09,42.550983953924195,42.87408342271803,42.45307706120951,42.65868377685547,101300,0.0,0.0
2012-07-10,43.10906259579465,43.10906259579465,42.590149327889975,42.756591796875,91900,0.0,0.0
2012-07-11,42.69784979419551,42.962202897350956,42.550985714139586,42.80554962158203,76900,0.0,0.0
2012-07-12,42.43349585631762,43.099273198966024,42.13977143689242,42.93282699584961,135200,0.0,0.0
2012-07-13,42.78596801421734,43.56923440256256,42.70763950792844,42.91324996948242,67800,0.0,0.0
2012-07-16,42.67826590238012,42.94261899460001,42.56077688414079,42.65868377685547,101000,0.0,0.0
2012-07-17,42.81533724351732,43.27550785819645,42.26704893102534,42.48244857788086,78500,0.0,0.0
2012-07-18,42.2572589505553,44.03919126441118,42.2572589505553,43.76504898071289,99300,0.0,0.0
2012-07-19,43.85316840615378,43.85316840615378,43.206973187020274,43.334251403808594,38200,0.0,0.0
2012-07-20,42.92303719805574,43.11885471989448,42.29642411609864,42.94261932373047,75200,0.0,0.0
2012-07-23,41.95374433459121,42.72722152512469,41.5425308823534,42.45307922363281,45300,0.0,0.0
2012-07-24,42.531404258066786,42.531404258066786,41.18027113385775,41.69918441772461,65800,0.0,0.0
2012-07-25,42.09081889853107,42.98178510647842,42.0810259678905,42.68805694580078,50400,0.0,0.0
2012-07-26,43.5692331429075,44.04898589278471,42.8349202247686,43.91191101074219,76200,0.0,0.0
2012-07-27,45.527400607020546,50.47177347434966,45.47844715980117,49.11084747314453,196600,0.0,0.0
2012-07-30,49.04231233969928,50.13888525385976,47.83803959974552,48.18071746826172,104200,0.0,0.0
2012-07-31,47.926159069646225,48.95419644807402,47.74013073280192,47.80867004394531,109900,0.0,0.0
2012-08-01,47.97511264364356,48.45486541343987,46.653350830078125,46.653350830078125,85400,0.0,0.0
2012-08-02,46.54565058106559,47.46598812382713,45.78196258162935,45.909244537353516,67500,0.0,0.0
2012-08-03,46.9470728968162,48.57235199181454,46.86874439348683,48.07301712036133,77800,0.0,0.0
2012-08-06,48.014275923901415,48.90524213411041,47.83804052101095,47.93594741821289,39700,0.0,0.0
2012-08-07,48.474442893495144,48.85628875692176,48.36674680037909,48.454864501953125,50500,0.0,0.0
2012-08-08,48.033858171884305,48.22967196678373,47.77929426266109,47.87720489501953,60900,0.0,0.0
2012-08-09,47.66180419816581,47.89678224087846,46.790420131198154,47.14289093017578,44600,0.0,0.0
2012-08-10,47.03519094204816,47.15267996299898,46.5260668713831,46.7414665222168,45600,0.0,0.0
2012-08-13,46.45753265860836,46.82958559324304,45.62530908731785,46.604393005371094,39800,0.0,0.0
2012-08-14,46.829583435082604,46.86874395146936,45.53718928669678,45.71342468261719,70300,0.0,0.0
2012-08-15,45.449071497661805,47.09393269968375,45.449071497661805,46.927490234375,77600,0.0,0.0
2012-08-16,46.927493055600166,47.83804140913585,46.44774028662303,47.74992370605469,47100,0.0,0.0
2012-08-17,47.82824523865358,48.474440439175915,47.36807836254021,48.317787170410156,50600,0.0,0.0
2012-08-20,47.99469283315679,48.3079993797984,47.877203811893345,48.239463806152344,29300,0.0,0.0
2012-08-21,48.494023810848745,48.94440523816932,47.622639747514334,47.83803939819336,45200,0.0,0.0
2012-08-22,47.41703342625297,47.789086352854056,46.78062739929655,47.48556900024414,21600,0.0,0.0
2012-08-23,47.37786897288843,47.485568798676994,46.66313817936542,47.14289093017578,23800,0.0,0.0
2012-08-24,46.83937373778753,47.603057981557924,46.83937373778753,47.544315338134766,97700,0.0,0.0
2012-08-27,47.681385801756434,47.8869925206043,47.14289041362263,47.55410385131836,41900,0.0,0.0
2012-08-28,47.38766286839808,47.573687467242976,47.05477418868546,47.3582878112793,47000,0.0,0.0
2012-08-29,47.30933462154024,47.35828807046115,46.447739727878925,46.604393005371094,43200,0.0,0.0
2012-08-30,46.114851848968065,46.114851848968065,45.155350040764915,45.43928527832031,34200,0.0,0.0
2012-08-31,45.94840730422619,46.50648482331325,45.29241915509222,46.10506057739258,56000,0.0,0.0
2012-09-04,46.183387256236976,46.89812181295385,45.1455606791855,46.653350830078125,33000,0.0,0.0
2012-09-05,46.849161758559944,46.966654512277245,46.34004143208592,46.349830627441406,54200,0.0,0.0
2012-09-06,46.545650938878296,47.71075947126896,46.31066915226643,47.23101043701172,85500,0.0,0.0
2012-09-07,47.56389782376664,48.38632471717667,47.426822939956274,47.76950454711914,43000,0.0,0.0
2012-09-10,48.073016556904335,48.21988063147123,47.808667198537634,48.02406311035156,29000,0.0,0.0
2012-09-11,47.95552898242274,48.464653058703206,47.45619783669289,47.886993408203125,34800,0.0,0.0
2012-09-12,47.86741036209577,48.46465212731063,47.86741036209577,48.13176345825195,44900,0.0,0.0
2012-09-13,48.35695174974452,48.83670448948395,47.867409814663226,48.601722717285156,66900,0.0,0.0
2012-09-14,48.954193846196176,49.54164267838709,48.386323404824175,49.404571533203125,187500,0.0,0.0
2012-09-17,49.0031476879949,49.13042963879522,48.74858752130286,49.052101135253906,51500,0.0,0.0
2012-09-18,48.817121816291355,49.150010477808834,48.74858624494145,49.07168197631836,61800,0.0,0.0
2012-09-19,49.0716846683217,49.19896662277197,48.69963547055741,48.973777770996094,49500,0.0,0.0
2012-09-20,48.415701139805314,48.94440735897665,46.193180168022536,47.172264099121094,128900,0.0,0.0
2012-09-21,48.092600449788456,48.61151746006074,47.55410504810245,48.170928955078125,168400,0.0,0.0
2012-09-24,47.82824806627482,48.52340048899727,47.77929461718672,48.102394104003906,65800,0.0,0.0
2012-09-25,48.34716519987231,48.46465422494621,46.878539314267876,46.94707489013672,180200,0.0,0.0
2012-09-26,47.015608148756165,47.015608148756165,45.3903290648551,45.65468215942383,59900,0.0,0.0
2012-09-27,46.046313309524066,46.193177384301954,45.48823580122179,45.77217102050781,62800,0.0,0.0
2012-09-28,45.46865406200509,45.63510026382848,44.90078735351562,44.900787353515625,38700,0.0,0.0
2012-10-01,45.14555812502526,45.282629270095306,44.57768768412524,45.077022552490234,70800,0.0,0.0
2012-10-02,45.4784466058606,46.154013133040046,44.77350502278043,45.77217102050781,112600,0.0,0.0
2012-10-03,45.94840667558158,45.94840667558158,44.088145814136816,44.440616607666016,86600,0.0,0.0
2012-10-04,44.724552154541016,44.87141623121817,43.92170366783209,44.724552154541016,63200,0.0,0.0
2012-10-05,45.09660504220993,45.74280025626222,44.665805742902656,45.30221176147461,74700,0.0,0.0
2012-10-08,44.95953063939845,47.19184445843321,44.95953063939845,46.50648498535156,121100,0.0,0.0
2012-10-09,46.594604214111236,46.594604214111236,45.19451390034601,45.27284240722656,98000,0.0,0.0
2012-10-10,45.45886469658881,45.45886469658881,44.34270967467198,44.49936294555664,54600,0.0,0.0
2012-10-11,45.02807039444945,45.02807039444945,44.15668258244753,44.53852844238281,55600,0.0,0.0
2012-10-12,44.52873523232963,44.69518143714019,43.902122135202355,44.19584655761719,65100,0.0,0.0
2012-10-15,44.26438051435604,44.26438051435604,43.64756037029482,43.93149185180664,60600,0.0,0.0
2012-10-16,44.38187448716988,44.55810615109794,44.03919288502804,44.548316955566406,85900,0.0,0.0
2012-10-17,44.71475814979943,46.281294568718906,44.695179759294255,46.18338394165039,48500,0.0,0.0
2012-10-18,46.261712406907655,46.261712406907655,44.94973988449002,45.14555740356445,88900,0.0,0.0
2012-10-19,45.0084870804926,45.0084870804926,43.598603905403145,43.86295700073242,76000,0.0,0.0
2012-10-22,43.86295647574104,43.91190992208827,43.569232062749165,43.75525665283203,64600,0.0,0.0
2012-10-23,45.41970170523799,46.72188509020703,45.34137693507695,45.57635498046875,588800,0.0,0.0
2012-10-24,46.163805675166756,46.163805675166756,45.02806854248047,45.02806854248047,277200,0.0,0.0
2012-10-25,45.233675625839076,45.644889059254396,44.93995121126977,45.253257751464844,346300,0.0,0.0
2012-10-26,45.44907098995116,45.96798797550617,44.62664413303607,45.72321701049805,2812900,0.0,0.0
2012-10-31,45.35116723919592,45.76238443104527,44.00982330381657,44.69518280029297,289500,0.0,0.0
2012-11-01,39.31022031433742,42.570567778706575,38.26260083385739,41.24880599975586,764500,0.0,0.0
2012-11-02,41.121523207053855,41.66001859730736,40.847380914177585,41.37608337402344,208000,0.0,0.0
2012-11-05,40.994240232209236,43.04052565198976,40.994240232209236,42.8936653137207,192600,0.0,0.0
2012-11-06,42.93282908651223,43.931495149116,42.599940398977644,43.823795318603516,183400,0.0,0.0
2012-11-07,43.050321065158926,43.549652219927204,41.865626685971336,41.87541961669922,179700,0.0,0.0
2012-11-08,41.66981165153463,42.149560665493645,41.66001872109788,41.83625411987305,104100,0.0,0.0
2012-11-09,41.503367033129194,42.29642635790109,41.02361800085055,42.100608825683594,108400,0.0,0.0
2012-11-12,41.777509482394,42.68805783569548,38.42904423598889,42.50203323364258,100500,0.0,0.0
2012-11-13,41.9831200497923,42.47266201579064,41.64043843264818,41.86562728881836,156000,0.0,0.0
2012-11-14,41.87541694763937,42.22788773320234,41.170475376513444,41.39566421508789,99500,0.0,0.0
2012-11-15,41.37608365428266,41.405458710795955,40.857170386421,41.199851989746094,149000,0.0,0.0
2012-11-16,41.062777107470865,41.63064755788515,40.162021719114115,41.199851989746094,113600,0.0,0.0
2012-11-19,41.63064927579207,42.903457641601555,41.19985368987604,42.90345764160156,149800,0.0,0.0
2012-11-20,42.66847719157904,42.834919658065694,42.453077543270595,42.825130462646484,74900,0.0,0.0
2012-11-21,41.95374346141684,42.688056383623035,41.82646524403534,42.639102935791016,112700,0.0,0.0
2012-11-23,42.63910122527481,43.089478903115776,42.55098352874866,43.06990051269531,28600,0.0,0.0
2012-11-26,42.93282798642025,43.75525862073159,42.83492108932243,43.725887298583984,94400,0.0,0.0
2012-11-27,43.60839592661915,44.48956915777142,43.304878586107435,44.10772705078125,170700,0.0,0.0
2012-11-28,43.77484088988408,44.74413560791177,43.44195220979372,44.64622497558594,134900,0.0,0.0
2012-11-29,45.02807142558801,45.684055863623115,44.59727210756254,45.27284240722656,90100,0.0,0.0
2012-11-30,45.30221304683506,45.65468385266581,44.88120666597152,45.282630920410156,178000,0.0,0.0
2012-12-03,45.09660409226278,45.67426372105861,45.09660409226278,45.60572814941406,100000,0.0,0.0
2012-12-04,45.56656645479159,46.154015311817524,45.56656645479159,46.085479736328125,81300,0.0,0.0
2012-12-05,46.34004147109515,46.614183760182485,45.860288730283735,46.29108428955078,59100,0.0,0.0
2012-12-06,46.23234400984794,46.67292878699092,45.9484087759803,46.428157806396484,36600,0.0,0.0
2012-12-07,46.79041878370056,46.79041878370056,45.95819525787943,46.065895080566406,28800,0.0,0.0
2012-12-10,46.3204617765309,46.9666570168005,46.05610866893305,46.94707489013672,91900,0.0,0.0
2012-12-11,47.18205121478615,48.464652452541735,47.01560874659417,48.41569900512695,120400,0.0,0.0
2012-12-12,48.503816779032384,48.503816779032384,47.2016334133265,47.260379791259766,63000,0.0,0.0
2012-12-13,47.182051730350025,47.436615635542346,46.42815668021689,46.84916305541992,55100,0.0,0.0
2012-12-14,46.67292649357037,47.319125436099085,46.47711270664376,46.810001373291016,62800,0.0,0.0
2012-12-17,47.060001373291016,48.34000015258789,46.90999984741211,48.34000015258789,79300,1.0,0.0
2012-12-18,48.27000045776367,49.20000076293945,47.9900016784668,48.9900016784668,98700,0.0,0.0
2012-12-19,48.97999954223633,49.38999938964844,48.84000015258789,49.209999084472656,234800,0.0,0.0
2012-12-20,49.18000030517578,49.849998474121094,48.900001525878906,49.15999984741211,111000,0.0,0.0
2012-12-21,49.93000030517578,49.93000030517578,48.65999984741211,49.47999954223633,371700,0.0,0.0
2012-12-24,49.38999938964844,49.689998626708984,48.880001068115234,49.689998626708984,34400,0.0,0.0
2012-12-26,49.709999084472656,49.93000030517578,48.790000915527344,49.119998931884766,49400,0.0,0.0
2012-12-27,49.31999969482422,49.79999923706055,48.709999084472656,49.7400016784668,97000,0.0,0.0
2012-12-28,49.31999969482422,49.790000915527344,49.0099983215332,49.20000076293945,56700,0.0,0.0
2012-12-31,49.040000915527344,50.75,48.88999938964844,50.630001068115234,99000,0.0,0.0
2013-01-02,51.91999816894531,52.63999938964844,51.40999984741211,52.4900016784668,160900,0.0,0.0
2013-01-03,52.43000030517578,52.779998779296875,52.040000915527344,52.22999954223633,94000,0.0,0.0
2013-01-04,52.4900016784668,52.4900016784668,51.150001525878906,51.72999954223633,142900,0.0,0.0
2013-01-07,51.709999084472656,52.369998931884766,51.0,52.34000015258789,94000,0.0,0.0
2013-01-08,52.130001068115234,52.33000183105469,51.34000015258789,52.04999923706055,123100,0.0,0.0
2013-01-09,52.09000015258789,52.38999938964844,51.560001373291016,51.869998931884766,107000,0.0,0.0
2013-01-10,52.25,52.95000076293945,51.83000183105469,52.90999984741211,99300,0.0,0.0
2013-01-11,52.9900016784668,52.9900016784668,51.90999984741211,52.15999984741211,140800,0.0,0.0
2013-01-14,52.119998931884766,52.939998626708984,51.40999984741211,52.83000183105469,79600,0.0,0.0
2013-01-15,52.470001220703125,53.560001373291016,52.34000015258789,53.47999954223633,129800,0.0,0.0
2013-01-16,53.220001220703125,53.45000076293945,52.310001373291016,53.18000030517578,176600,0.0,0.0
2013-01-17,53.529998779296875,54.52000045776367,53.150001525878906,54.380001068115234,129700,0.0,0.0
2013-01-18,54.2400016784668,54.59000015258789,53.630001068115234,54.47999954223633,187500,0.0,0.0
2013-01-22,54.310001373291016,55.13999938964844,54.310001373291016,55.04999923706055,85800,0.0,0.0
2013-01-23,54.5,54.540000915527344,52.56999969482422,52.970001220703125,180400,0.0,0.0
2013-01-24,52.849998474121094,52.900001525878906,51.18000030517578,51.31999969482422,389100,0.0,0.0
2013-01-25,54.869998931884766,58.66999816894531,52.880001068115234,56.779998779296875,426700,0.0,0.0
2013-01-28,56.900001525878906,57.11000061035156,56.06999969482422,56.2400016784668,102800,0.0,0.0
2013-01-29,56.16999816894531,56.54999923706055,55.5099983215332,55.849998474121094,117500,0.0,0.0
2013-01-30,55.849998474121094,56.310001373291016,55.189998626708984,55.52000045776367,135300,0.0,0.0
2013-01-31,55.22999954223633,55.959999084472656,55.20000076293945,55.40999984741211,276200,0.0,0.0
2013-02-01,55.86000061035156,57.0,55.65999984741211,56.810001373291016,111300,0.0,0.0
2013-02-04,56.18000030517578,56.81999969482422,56.18000030517578,56.45000076293945,141200,0.0,0.0
2013-02-05,56.959999084472656,57.65999984741211,56.849998474121094,57.189998626708984,72100,0.0,0.0
2013-02-06,56.630001068115234,57.77000045776367,56.54999923706055,57.720001220703125,91600,0.0,0.0
2013-02-07,57.59000015258789,58.279998779296875,57.41999816894531,58.2599983215332,181600,0.0,0.0
2013-02-08,58.54999923706055,58.88999938964844,58.0099983215332,58.380001068115234,118600,0.0,0.0
2013-02-11,58.18000030517578,58.61000061035156,57.939998626708984,58.61000061035156,77900,0.0,0.0
2013-02-12,58.54999923706055,58.61000061035156,57.880001068115234,58.470001220703125,83800,0.0,0.0
2013-02-13,58.45000076293945,59.0,58.130001068115234,58.97999954223633,69300,0.0,0.0
2013-02-14,58.65999984741211,59.189998626708984,58.65999984741211,59.130001068115234,59300,0.0,0.0
2013-02-15,59.349998474121094,59.9900016784668,59.150001525878906,59.9900016784668,139700,0.0,0.0
2013-02-19,59.91999816894531,60.0,58.29999923706055,58.869998931884766,143900,0.0,0.0
2013-02-20,58.810001373291016,59.34000015258789,58.09000015258789,58.2599983215332,108600,0.0,0.0
2013-02-21,58.369998931884766,58.52000045776367,57.43000030517578,57.869998931884766,39600,0.0,0.0
2013-02-22,58.15999984741211,58.380001068115234,57.58000183105469,58.290000915527344,64700,0.0,0.0
2013-02-25,58.439998626708984,58.540000915527344,57.040000915527344,57.13999938964844,50900,0.0,0.0
2013-02-26,57.2599983215332,57.84000015258789,56.310001373291016,57.310001373291016,49000,0.0,0.0
2013-02-27,57.099998474121094,58.22999954223633,57.099998474121094,57.560001373291016,60600,0.0,0.0
2013-02-28,57.63999938964844,58.470001220703125,57.27000045776367,57.7599983215332,54100,0.0,0.0
2013-03-01,57.09000015258789,58.11000061035156,56.810001373291016,57.720001220703125,64200,0.0,0.0
2013-03-04,57.400001525878906,57.56999969482422,55.970001220703125,57.11000061035156,54100,0.0,0.0
2013-03-05,57.560001373291016,58.720001220703125,57.560001373291016,57.79999923706055,55500,0.0,0.0
2013-03-06,57.810001373291016,59.119998931884766,57.810001373291016,57.9900016784668,71400,0.0,0.0
2013-03-07,57.83000183105469,58.59000015258789,57.470001220703125,58.130001068115234,55800,0.0,0.0
2013-03-08,58.72999954223633,58.81999969482422,57.81999969482422,58.5,55200,0.0,0.0
2013-03-11,58.220001220703125,58.86000061035156,57.970001220703125,58.45000076293945,48900,0.0,0.0
2013-03-12,58.15999984741211,58.84000015258789,57.209999084472656,58.16999816894531,53300,0.0,0.0
2013-03-13,58.36000061035156,58.68000030517578,57.59000015258789,57.81999969482422,59700,0.0,0.0
2013-03-14,57.849998474121094,58.86000061035156,57.849998474121094,58.720001220703125,51800,0.0,0.0
2013-03-15,58.81999969482422,58.81999969482422,57.720001220703125,58.060001373291016,142200,0.0,0.0
2013-03-18,57.400001525878906,57.95000076293945,56.970001220703125,57.13999938964844,66700,0.0,0.0
2013-03-19,57.43000030517578,57.66999816894531,56.099998474121094,56.220001220703125,99000,0.0,0.0
2013-03-20,56.5,56.7400016784668,56.099998474121094,56.5,143400,0.0,0.0
2013-03-21,55.91999816894531,56.75,55.81999969482422,56.189998626708984,153800,0.0,0.0
2013-03-22,56.290000915527344,56.5,55.650001525878906,55.88999938964844,71900,0.0,0.0
2013-03-25,55.91999816894531,56.70000076293945,55.02000045776367,55.599998474121094,76900,0.0,0.0
2013-03-26,55.97999954223633,56.31999969482422,55.709999084472656,56.16999816894531,79000,0.0,0.0
2013-03-27,55.81999969482422,57.54999923706055,55.81999969482422,57.34000015258789,113800,0.0,0.0
2013-03-28,57.29999923706055,57.36000061035156,56.31999969482422,56.7400016784668,70600,0.0,0.0
2013-04-01,56.58000183105469,56.880001068115234,55.13999938964844,56.349998474121094,109600,0.0,0.0
2013-04-02,56.5,56.68000030517578,55.38999938964844,55.59000015258789,84500,0.0,0.0
2013-04-03,55.75,56.0099983215332,54.099998474121094,54.209999084472656,67300,0.0,0.0
2013-04-04,54.0,54.470001220703125,53.779998779296875,54.38999938964844,55800,0.0,0.0
2013-04-05,53.40999984741211,54.18000030517578,52.90999984741211,53.33000183105469,49100,0.0,0.0
2013-04-08,53.349998474121094,53.4900016784668,52.61000061035156,53.43000030517578,69900,0.0,0.0
2013-04-09,53.47999954223633,53.849998474121094,53.150001525878906,53.18000030517578,47200,0.0,0.0
2013-04-10,53.31999969482422,54.75,53.31999969482422,54.45000076293945,41200,0.0,0.0
2013-04-11,54.369998931884766,55.11000061035156,54.060001373291016,54.130001068115234,40400,0.0,0.0
2013-04-12,53.709999084472656,54.04999923706055,52.720001220703125,53.720001220703125,31700,0.0,0.0
2013-04-15,53.209999084472656,53.709999084472656,50.810001373291016,50.9900016784668,77400,0.0,0.0
2013-04-16,51.56999969482422,51.97999954223633,50.970001220703125,51.63999938964844,73600,0.0,0.0
2013-04-17,51.029998779296875,51.63999938964844,50.099998474121094,51.09000015258789,68500,0.0,0.0
2013-04-18,51.29999923706055,51.790000915527344,50.470001220703125,50.650001525878906,52500,0.0,0.0
2013-04-19,50.599998474121094,51.04999923706055,50.04999923706055,50.93000030517578,81100,0.0,0.0
2013-04-22,50.93000030517578,51.119998931884766,49.72999954223633,50.90999984741211,50800,0.0,0.0
2013-04-23,51.310001373291016,52.470001220703125,51.310001373291016,52.150001525878906,52300,0.0,0.0
2013-04-24,52.09000015258789,52.16999816894531,51.02000045776367,51.77000045776367,116700,0.0,0.0
2013-04-25,56.540000915527344,60.13999938964844,54.470001220703125,54.59000015258789,319100,0.0,0.0
2013-04-26,54.5,54.720001220703125,53.68000030517578,54.349998474121094,166400,0.0,0.0
2013-04-29,54.40999984741211,55.36000061035156,54.380001068115234,55.040000915527344,136600,0.0,0.0
2013-04-30,55.0,56.130001068115234,54.91999816894531,55.93000030517578,90700,0.0,0.0
2013-05-01,55.619998931884766,56.0,54.36000061035156,54.849998474121094,173000,0.0,0.0
2013-05-02,54.619998931884766,55.20000076293945,53.95000076293945,54.83000183105469,72600,0.0,0.0
2013-05-03,55.40999984741211,56.380001068115234,55.150001525878906,55.72999954223633,60200,0.0,0.0
2013-05-06,55.61000061035156,56.029998779296875,54.88999938964844,55.849998474121094,29400,0.0,0.0
2013-05-07,55.86000061035156,56.470001220703125,55.689998626708984,56.33000183105469,66200,0.0,0.0
2013-05-08,56.09000015258789,56.720001220703125,55.41999816894531,56.630001068115234,87800,0.0,0.0
2013-05-09,56.560001373291016,56.709999084472656,55.869998931884766,56.2599983215332,59600,0.0,0.0
2013-05-10,56.5,57.29999923706055,56.290000915527344,56.7599983215332,57100,0.0,0.0
2013-05-13,56.56999969482422,56.70000076293945,55.720001220703125,55.93000030517578,41000,0.0,0.0
2013-05-14,55.849998474121094,57.540000915527344,55.849998474121094,57.18000030517578,108800,0.0,0.0
2013-05-15,56.83000183105469,57.66999816894531,56.68000030517578,57.47999954223633,60800,0.0,0.0
2013-05-16,57.439998626708984,57.93000030517578,57.130001068115234,57.58000183105469,82000,0.0,0.0
2013-05-17,57.84000015258789,58.54999923706055,57.36000061035156,58.31999969482422,102600,0.0,0.0
2013-05-20,57.959999084472656,59.0,57.959999084472656,58.5,157300,0.0,0.0
2013-05-21,58.380001068115234,58.72999954223633,57.84000015258789,58.16999816894531,81100,0.0,0.0
2013-05-22,58.119998931884766,58.650001525878906,56.47999954223633,56.869998931884766,55600,0.0,0.0
2013-05-23,56.52000045776367,57.5,56.52000045776367,57.34000015258789,70400,0.0,0.0
2013-05-24,57.13999938964844,57.56999969482422,56.66999816894531,57.209999084472656,89100,0.0,0.0
2013-05-28,57.849998474121094,59.4900016784668,57.849998474121094,58.79999923706055,88000,0.0,0.0
2013-05-29,58.22999954223633,58.810001373291016,57.349998474121094,57.68000030517578,46000,0.0,0.0
2013-05-30,57.720001220703125,58.5099983215332,57.52000045776367,58.189998626708984,26600,0.0,0.0
2013-05-31,57.66999816894531,58.84000015258789,57.29999923706055,57.400001525878906,60100,0.0,0.0
2013-06-03,57.72999954223633,58.459999084472656,57.22999954223633,58.33000183105469,125600,0.0,0.0
2013-06-04,58.31999969482422,58.689998626708984,57.16999816894531,57.75,40800,0.0,0.0
2013-06-05,57.54999923706055,58.04999923706055,56.43000030517578,56.540000915527344,24600,0.0,0.0
2013-06-06,56.63999938964844,57.20000076293945,56.08000183105469,56.939998626708984,48200,0.0,0.0
2013-06-07,57.4900016784668,58.38999938964844,57.33000183105469,57.63999938964844,20500,0.0,0.0
2013-06-10,57.7599983215332,58.529998779296875,57.189998626708984,58.459999084472656,32800,0.0,0.0
2013-06-11,57.66999816894531,58.33000183105469,56.7400016784668,57.459999084472656,28400,0.0,0.0
2013-06-12,58.25,58.25,56.11000061035156,56.40999984741211,34400,0.0,0.0
2013-06-13,56.36000061035156,59.0,56.13999938964844,58.70000076293945,41500,0.0,0.0
2013-06-14,58.65999984741211,58.70000076293945,56.5,56.65999984741211,30700,0.0,0.0
2013-06-17,57.11000061035156,57.72999954223633,56.25,57.119998931884766,41600,0.0,0.0
2013-06-18,57.119998931884766,58.61000061035156,57.099998474121094,57.59000015258789,69300,0.0,0.0
2013-06-19,57.56999969482422,57.63999938964844,56.02000045776367,56.29999923706055,45500,0.0,0.0
2013-06-20,55.33000183105469,56.439998626708984,54.5,55.099998474121094,52000,0.0,0.0
2013-06-21,55.29999923706055,56.220001220703125,54.459999084472656,56.04999923706055,109200,0.0,0.0
2013-06-24,55.369998931884766,55.7599983215332,54.33000183105469,54.45000076293945,66400,0.0,0.0
2013-06-25,54.97999954223633,55.58000183105469,54.5099983215332,55.040000915527344,51400,0.0,0.0
2013-06-26,55.52000045776367,56.20000076293945,54.459999084472656,54.869998931884766,46200,0.0,0.0
2013-06-27,55.099998474121094,56.13999938964844,54.970001220703125,55.939998626708984,50600,0.0,0.0
2013-06-28,55.619998931884766,56.150001525878906,55.02000045776367,55.06999969482422,534200,0.0,0.0
2013-07-01,55.2599983215332,56.900001525878906,54.959999084472656,56.459999084472656,105500,0.0,0.0
2013-07-02,56.56999969482422,57.5099983215332,56.29999923706055,56.91999816894531,71500,0.0,0.0
2013-07-03,56.470001220703125,57.400001525878906,56.470001220703125,56.90999984741211,20000,0.0,0.0
2013-07-05,57.86000061035156,58.599998474121094,57.75,58.58000183105469,37500,0.0,0.0
2013-07-08,58.630001068115234,59.869998931884766,58.630001068115234,59.380001068115234,80900,0.0,0.0
2013-07-09,59.68000030517578,60.29999923706055,59.2599983215332,59.95000076293945,90500,0.0,0.0
2013-07-10,59.72999954223633,60.91999816894531,59.72999954223633,60.790000915527344,38800,0.0,0.0
2013-07-11,61.36000061035156,61.81999969482422,60.900001525878906,61.689998626708984,41700,0.0,0.0
2013-07-12,61.41999816894531,62.209999084472656,61.2599983215332,61.7400016784668,38900,0.0,0.0
2013-07-15,61.689998626708984,62.08000183105469,60.880001068115234,62.0099983215332,47500,0.0,0.0
2013-07-16,61.97999954223633,62.29999923706055,61.40999984741211,61.970001220703125,52600,0.0,0.0
2013-07-17,62.40999984741211,62.599998474121094,61.47999954223633,61.619998931884766,60900,0.0,0.0
2013-07-18,61.619998931884766,61.70000076293945,60.939998626708984,61.529998779296875,71700,0.0,0.0
2013-07-19,61.38999938964844,61.880001068115234,61.36000061035156,61.79999923706055,41400,0.0,0.0
2013-07-22,61.45000076293945,62.75,61.38999938964844,62.68000030517578,44400,0.0,0.0
2013-07-23,62.959999084472656,63.09000015258789,62.040000915527344,62.18000030517578,34400,0.0,0.0
2013-07-24,62.369998931884766,62.86000061035156,61.2400016784668,61.59000015258789,44600,0.0,0.0
2013-07-25,61.349998474121094,62.459999084472656,61.099998474121094,61.84000015258789,68300,0.0,0.0
2013-07-26,61.349998474121094,61.349998474121094,58.959999084472656,59.099998474121094,103600,0.0,0.0
2013-07-29,58.81999969482422,59.08000183105469,57.83000183105469,58.029998779296875,90500,0.0,0.0
2013-07-30,58.04999923706055,58.9900016784668,57.20000076293945,57.630001068115234,200700,0.0,0.0
2013-07-31,59.5,59.5,55.13999938964844,56.68000030517578,197100,0.0,0.0
2013-08-01,56.9900016784668,57.880001068115234,56.41999816894531,57.83000183105469,160500,0.0,0.0
2013-08-02,57.27000045776367,58.709999084472656,57.25,58.630001068115234,95000,0.0,0.0
2013-08-05,58.43000030517578,58.849998474121094,57.79999923706055,58.619998931884766,57200,0.0,0.0
2013-08-06,58.43000030517578,58.43000030517578,57.25,57.779998779296875,56000,0.0,0.0
2013-08-07,57.459999084472656,57.849998474121094,56.97999954223633,57.15999984741211,56800,0.0,0.0
2013-08-08,57.540000915527344,58.400001525878906,57.25,58.16999816894531,41800,0.0,0.0
2013-08-09,57.970001220703125,57.970001220703125,57.25,57.66999816894531,35200,0.0,0.0
2013-08-12,57.15999984741211,58.7400016784668,57.15999984741211,58.630001068115234,35400,0.0,0.0
2013-08-13,59.0099983215332,59.25,58.31999969482422,58.880001068115234,20800,0.0,0.0
2013-08-14,58.959999084472656,58.959999084472656,57.91999816894531,58.040000915527344,41200,0.0,0.0
2013-08-15,57.189998626708984,57.40999984741211,56.84000015258789,56.849998474121094,46900,0.0,0.0
2013-08-16,56.619998931884766,56.810001373291016,56.040000915527344,56.33000183105469,50900,0.0,0.0
2013-08-19,56.15999984741211,57.25,55.72999954223633,55.7400016784668,30300,0.0,0.0
2013-08-20,55.86000061035156,56.36000061035156,55.33000183105469,55.84000015258789,40400,0.0,0.0
2013-08-21,55.68000030517578,55.90999984741211,55.09000015258789,55.189998626708984,26600,0.0,0.0
2013-08-22,55.470001220703125,56.540000915527344,55.209999084472656,56.119998931884766,37100,0.0,0.0
2013-08-23,56.15999984741211,56.630001068115234,55.34000015258789,56.27000045776367,40800,0.0,0.0
2013-08-26,56.29999923706055,56.86000061035156,56.040000915527344,56.29999923706055,35800,0.0,0.0
2013-08-27,55.45000076293945,55.9900016784668,55.099998474121094,55.400001525878906,50800,0.0,0.0
2013-08-28,55.290000915527344,56.20000076293945,55.290000915527344,55.7599983215332,28200,0.0,0.0
2013-08-29,55.790000915527344,56.5,55.470001220703125,56.380001068115234,27200,0.0,0.0
2013-08-30,56.45000076293945,56.599998474121094,55.68000030517578,56.130001068115234,80800,0.0,0.0
2013-09-03,56.83000183105469,57.15999984741211,55.650001525878906,55.83000183105469,31400,0.0,0.0
2013-09-04,55.939998626708984,57.029998779296875,55.86000061035156,56.86000061035156,28600,0.0,0.0
2013-09-05,56.060001373291016,57.369998931884766,55.81999969482422,56.15999984741211,36100,0.0,0.0
2013-09-06,56.56999969482422,57.060001373291016,55.220001220703125,56.459999084472656,27900,0.0,0.0
2013-09-09,56.880001068115234,57.68000030517578,56.540000915527344,57.599998474121094,28900,0.0,0.0
2013-09-10,57.83000183105469,59.4900016784668,57.5,59.459999084472656,49200,0.0,0.0
2013-09-11,59.31999969482422,59.66999816894531,58.959999084472656,59.310001373291016,59700,0.0,0.0
2013-09-12,59.04999923706055,59.20000076293945,58.13999938964844,58.31999969482422,42700,0.0,0.0
2013-09-13,58.47999954223633,58.97999954223633,57.84000015258789,58.400001525878906,33800,0.0,0.0
2013-09-16,58.9900016784668,59.20000076293945,57.869998931884766,58.5,24100,0.0,0.0
2013-09-17,58.45000076293945,58.70000076293945,57.77000045776367,58.619998931884766,40100,0.0,0.0
2013-09-18,58.45000076293945,59.560001373291016,57.650001525878906,58.900001525878906,37200,0.0,0.0
2013-09-19,59.0,59.279998779296875,58.58000183105469,58.91999816894531,26100,0.0,0.0
2013-09-20,59.349998474121094,60.939998626708984,59.08000183105469,60.66999816894531,133000,0.0,0.0
2013-09-23,60.310001373291016,61.4900016784668,59.72999954223633,60.790000915527344,54400,0.0,0.0
2013-09-24,60.83000183105469,61.810001373291016,60.2599983215332,61.33000183105469,59600,0.0,0.0
2013-09-25,61.33000183105469,61.939998626708984,60.65999984741211,61.29999923706055,51000,0.0,0.0
2013-09-26,61.290000915527344,62.45000076293945,61.06999969482422,61.720001220703125,39800,0.0,0.0
2013-09-27,61.130001068115234,61.59000015258789,61.029998779296875,61.31999969482422,36100,0.0,0.0
2013-09-30,60.470001220703125,61.540000915527344,60.470001220703125,61.36000061035156,92000,0.0,0.0
2013-10-01,61.5,62.75,61.5,62.61000061035156,45300,0.0,0.0
2013-10-02,62.220001220703125,62.939998626708984,61.95000076293945,62.66999816894531,63700,0.0,0.0
2013-10-03,62.349998474121094,62.65999984741211,62.0,62.09000015258789,58100,0.0,0.0
2013-10-04,61.939998626708984,62.70000076293945,61.880001068115234,62.36000061035156,19800,0.0,0.0
2013-10-07,61.619998931884766,62.459999084472656,61.349998474121094,61.52000045776367,66200,0.0,0.0
2013-10-08,61.31999969482422,62.61000061035156,60.939998626708984,61.220001220703125,118300,0.0,0.0
2013-10-09,61.34000015258789,61.5,60.52000045776367,61.0,67600,0.0,0.0
2013-10-10,61.849998474121094,63.29999923706055,61.349998474121094,62.9900016784668,35800,0.0,0.0
2013-10-11,62.61000061035156,64.23999786376953,62.61000061035156,64.05000305175781,69400,0.0,0.0
2013-10-14,63.470001220703125,64.5199966430664,63.18000030517578,64.41000366210938,38000,0.0,0.0
2013-10-15,64.27999877929688,64.45999908447266,63.9900016784668,64.26000213623047,79200,0.0,0.0
2013-10-16,64.58999633789062,64.9000015258789,64.30000305175781,64.62000274658203,63200,0.0,0.0
2013-10-17,64.44000244140625,66.0999984741211,64.30000305175781,65.9000015258789,81100,0.0,0.0
2013-10-18,66.5999984741211,66.68000030517578,65.33000183105469,65.87000274658203,78700,0.0,0.0
2013-10-21,65.88999938964844,66.33000183105469,65.4800033569336,65.55999755859375,62600,0.0,0.0
2013-10-22,65.69000244140625,66.19999694824219,65.31999969482422,65.77999877929688,55800,0.0,0.0
2013-10-23,65.13999938964844,65.37000274658203,64.66000366210938,64.98999786376953,49800,0.0,0.0
2013-10-24,64.98999786376953,65.37999725341797,64.19999694824219,65.19999694824219,37400,0.0,0.0
2013-10-25,65.47000122070312,65.58000183105469,64.7300033569336,65.58000183105469,79400,0.0,0.0
2013-10-28,65.41000366210938,65.9800033569336,65.2300033569336,65.9000015258789,43300,0.0,0.0
2013-10-29,65.93000030517578,66.5,65.69000244140625,66.1500015258789,44100,0.0,0.0
2013-10-30,65.98999786376953,66.27999877929688,65.05000305175781,65.33000183105469,71100,0.0,0.0
2013-10-31,68.0,68.0,65.5199966430664,66.19000244140625,215500,0.0,0.0
2013-11-01,65.87999725341797,65.87999725341797,64.69999694824219,64.81999969482422,175900,0.0,0.0
2013-11-04,64.80000305175781,66.2300033569336,64.04000091552734,66.05999755859375,186500,0.0,0.0
2013-11-05,65.5,66.25,65.1500015258789,65.93000030517578,69600,0.0,0.0
2013-11-06,65.80000305175781,66.37000274658203,65.0999984741211,66.12000274658203,66800,0.0,0.0
2013-11-07,66.2699966430664,66.2699966430664,64.02999877929688,64.08999633789062,78400,0.0,0.0
2013-11-08,64.05000305175781,65.97000122070312,64.05000305175781,65.47000122070312,73900,0.0,0.0
2013-11-11,65.13999938964844,66.25,64.58999633789062,65.87999725341797,94600,0.0,0.0
2013-11-12,65.38999938964844,66.47000122070312,65.26000213623047,66.06999969482422,84700,0.0,0.0
2013-11-13,65.37000274658203,66.12000274658203,65.12000274658203,66.12000274658203,87000,0.0,0.0
2013-11-14,65.87000274658203,66.16000366210938,65.01000213623047,65.73999786376953,64100,0.0,0.0
2013-11-15,65.55000305175781,65.94000244140625,64.69000244140625,65.83999633789062,170600,0.0,0.0
2013-11-18,65.69000244140625,66.83000183105469,65.19000244140625,65.41000366210938,75900,0.0,0.0
2013-11-19,65.25,65.73999786376953,64.20999908447266,64.75,61600,0.0,0.0
2013-11-20,64.86000061035156,65.05999755859375,63.56999969482422,64.16999816894531,87600,0.0,0.0
2013-11-21,64.52999877929688,67.31999969482422,64.52999877929688,67.19999694824219,96600,0.0,0.0
2013-11-22,67.1500015258789,67.69000244140625,66.19000244140625,67.51000213623047,41500,0.0,0.0
2013-11-25,67.63999938964844,67.94999694824219,66.69000244140625,67.30999755859375,93600,0.0,0.0
2013-11-26,67.30999755859375,68.7699966430664,67.0,68.52999877929688,78700,0.0,0.0
2013-11-27,68.38999938964844,69.19000244140625,67.4000015258789,69.0,77000,0.0,0.0
2013-11-29,69.47000122070312,69.86000061035156,68.95999908447266,69.04000091552734,43900,0.0,0.0
2013-12-02,68.86000061035156,69.83999633789062,67.80000305175781,68.98999786376953,122800,0.0,0.0
2013-12-03,68.68000030517578,69.52999877929688,68.31999969482422,68.81999969482422,124400,0.0,0.0
2013-12-04,68.30999755859375,69.30999755859375,68.30999755859375,69.01000213623047,88300,0.0,0.0
2013-12-05,69.11000061035156,69.83999633789062,68.83000183105469,69.1500015258789,131100,0.0,0.0
2013-12-06,69.97000122070312,71.31999969482422,68.6500015258789,70.7300033569336,105600,0.0,0.0
2013-12-09,70.70999908447266,71.66999816894531,70.70999908447266,71.58000183105469,87500,0.0,0.0
2013-12-10,71.2300033569336,72.29000091552734,70.2300033569336,70.80999755859375,92000,0.0,0.0
2013-12-11,70.9000015258789,71.29000091552734,70.61000061035156,70.7699966430664,82700,0.0,0.0
2013-12-12,70.80000305175781,72.48999786376953,70.5999984741211,70.83000183105469,139500,0.0,0.0
2013-12-13,71.16000366210938,71.69999694824219,70.06999969482422,70.6500015258789,185400,0.0,0.0
2013-12-16,71.16000366210938,72.44999694824219,70.66000366210938,71.72000122070312,156200,0.0,0.0
2013-12-17,71.52999877929688,71.7300033569336,71.18000030517578,71.45999908447266,163100,0.0,0.0
2013-12-18,71.47000122070312,72.05999755859375,71.08999633789062,71.62000274658203,175800,0.0,0.0
2013-12-19,71.5999984741211,71.80000305175781,70.97000122070312,71.2300033569336,93900,0.0,0.0
2013-12-20,71.30000305175781,72.1500015258789,71.25,71.68000030517578,370300,0.0,0.0
2013-12-23,71.8499984741211,73.5999984741211,71.5,73.3499984741211,113400,0.0,0.0
2013-12-24,73.2300033569336,74.45999908447266,72.76000213623047,74.33000183105469,288500,0.0,0.0
2013-12-26,74.51000213623047,74.62999725341797,73.87999725341797,74.05999755859375,49800,0.0,0.0
2013-12-27,74.37999725341797,74.5999984741211,73.37000274658203,74.05000305175781,77700,0.0,0.0
2013-12-30,73.80999755859375,74.16000366210938,73.29000091552734,73.33999633789062,48500,0.0,0.0
2013-12-31,73.45999908447266,74.72000122070312,73.25,74.38999938964844,79700,0.0,0.0
2014-01-02,73.91999816894531,74.05000305175781,71.72000122070312,72.01000213623047,94000,0.0,0.0
2014-01-03,72.13999938964844,73.37000274658203,71.98999786376953,72.91999816894531,94600,0.0,0.0
2014-01-06,73.55000305175781,74.45999908447266,72.62000274658203,73.29000091552734,132600,0.0,0.0
2014-01-07,73.69999694824219,75.83999633789062,73.55000305175781,74.45999908447266,127600,0.0,0.0
2014-01-08,74.31999969482422,74.51000213623047,73.30000305175781,73.5199966430664,90900,0.0,0.0
2014-01-09,73.94000244140625,74.23999786376953,72.16999816894531,73.30999755859375,107700,0.0,0.0
2014-01-10,73.37999725341797,73.7300033569336,72.01000213623047,72.55999755859375,135300,0.0,0.0
2014-01-13,72.4800033569336,72.8499984741211,70.8499984741211,71.45999908447266,104600,0.0,0.0
2014-01-14,71.51000213623047,73.0999984741211,71.06999969482422,72.97000122070312,130400,0.0,0.0
2014-01-15,72.94999694824219,74.62999725341797,72.80999755859375,74.29000091552734,80200,0.0,0.0
2014-01-16,74.0,74.81999969482422,73.37999725341797,74.2699966430664,95200,0.0,0.0
2014-01-17,73.97000122070312,74.51000213623047,73.5199966430664,74.20999908447266,97300,0.0,0.0
2014-01-21,74.75,76.77999877929688,74.25,75.88999938964844,173500,0.0,0.0
2014-01-22,76.18000030517578,76.9800033569336,75.5,75.75,145300,0.0,0.0
2014-01-23,75.5,76.81999969482422,74.56999969482422,75.52999877929688,139700,0.0,0.0
2014-01-24,74.93000030517578,75.44000244140625,72.22000122070312,73.44999694824219,105700,0.0,0.0
2014-01-27,73.4800033569336,74.6500015258789,71.86000061035156,72.87999725341797,96800,0.0,0.0
2014-01-28,73.16000366210938,73.56999969482422,72.45999908447266,72.69999694824219,126200,0.0,0.0
2014-01-29,71.5999984741211,73.37000274658203,70.68000030517578,71.44000244140625,122800,0.0,0.0
2014-01-30,67.01000213623047,70.30999755859375,67.01000213623047,69.01000213623047,287600,0.0,0.0
2014-01-31,67.69999694824219,68.70999908447266,66.7300033569336,66.83999633789062,143200,0.0,0.0
2014-02-03,66.80000305175781,66.80000305175781,63.369998931884766,63.900001525878906,169100,0.0,0.0
2014-02-04,64.06999969482422,65.31999969482422,63.209999084472656,64.69999694824219,164600,0.0,0.0
2014-02-05,64.44000244140625,65.37000274658203,63.27000045776367,64.80000305175781,107500,0.0,0.0
2014-02-06,64.8499984741211,65.52999877929688,64.36000061035156,64.69999694824219,96600,0.0,0.0
2014-02-07,64.66000366210938,65.41000366210938,63.97999954223633,65.12999725341797,114000,0.0,0.0
2014-02-10,64.87000274658203,64.87000274658203,63.869998931884766,64.56999969482422,63900,0.0,0.0
2014-02-11,64.58999633789062,65.19000244140625,63.61000061035156,64.73999786376953,45500,0.0,0.0
2014-02-12,64.5999984741211,65.26000213623047,63.810001373291016,65.12000274658203,67300,0.0,0.0
2014-02-13,64.51000213623047,65.56999969482422,64.44000244140625,65.44000244140625,38600,0.0,0.0
2014-02-14,65.45999908447266,65.79000091552734,64.6500015258789,65.51000213623047,45700,0.0,0.0
2014-02-18,66.08999633789062,66.58999633789062,65.02999877929688,66.0,80600,0.0,0.0
2014-02-19,65.63999938964844,66.72000122070312,65.63999938964844,65.94000244140625,111500,0.0,0.0
2014-02-20,66.0199966430664,66.69999694824219,65.69999694824219,66.54000091552734,146600,0.0,0.0
2014-02-21,66.93000030517578,67.16999816894531,66.36000061035156,66.94000244140625,130000,0.0,0.0
2014-02-24,66.93000030517578,67.91999816894531,66.51000213623047,67.13999938964844,139800,0.0,0.0
2014-02-25,67.3499984741211,67.52999877929688,66.55999755859375,67.33999633789062,154100,0.0,0.0
2014-02-26,67.62999725341797,68.6500015258789,67.22000122070312,67.95999908447266,140800,0.0,0.0
2014-02-27,67.8499984741211,68.5999984741211,67.4000015258789,67.55999755859375,125400,0.0,0.0
2014-02-28,67.7300033569336,69.4800033569336,67.7300033569336,68.1500015258789,175800,0.0,0.0
2014-03-03,67.54000091552734,67.73999786376953,66.44999694824219,67.41000366210938,112900,0.0,0.0
2014-03-04,68.41000366210938,70.72000122070312,67.0199966430664,70.0199966430664,160000,0.0,0.0
2014-03-05,69.86000061035156,70.36000061035156,68.47000122070312,70.0999984741211,100100,0.0,0.0
2014-03-06,70.58000183105469,70.69999694824219,69.18000030517578,69.33999633789062,84700,0.0,0.0
2014-03-07,69.91000366210938,70.30999755859375,69.58000183105469,70.0199966430664,114000,0.0,0.0
2014-03-10,69.79000091552734,70.37999725341797,68.98999786376953,70.2699966430664,107100,0.0,0.0
2014-03-11,70.47000122070312,70.47000122070312,68.01000213623047,68.45999908447266,109200,0.0,0.0
2014-03-12,67.97000122070312,68.72000122070312,67.55000305175781,67.97000122070312,88500,0.0,0.0
2014-03-13,68.06999969482422,69.08999633789062,66.29000091552734,66.66999816894531,93100,0.0,0.0
2014-03-14,66.5999984741211,67.55999755859375,66.41000366210938,66.80000305175781,91300,0.0,0.0
2014-03-17,67.2699966430664,67.91999816894531,66.69000244140625,67.41000366210938,133500,0.0,0.0
2014-03-18,67.33999633789062,67.91999816894531,67.18000030517578,67.80999755859375,128400,0.0,0.0
2014-03-19,67.86000061035156,68.20999908447266,67.29000091552734,67.7699966430664,71900,0.0,0.0
2014-03-20,67.5199966430664,68.97000122070312,67.5199966430664,68.69999694824219,99100,0.0,0.0
2014-03-21,69.16000366210938,70.41999816894531,68.69999694824219,69.16000366210938,139200,0.0,0.0
2014-03-24,69.12000274658203,69.12000274658203,67.51000213623047,68.44999694824219,166200,0.0,0.0
2014-03-25,68.80000305175781,69.75,68.01000213623047,68.19999694824219,131800,0.0,0.0
2014-03-26,68.81999969482422,68.81999969482422,65.9000015258789,65.9000015258789,85700,0.0,0.0
2014-03-27,66.05000305175781,66.0999984741211,64.97000122070312,65.06999969482422,91000,0.0,0.0
2014-03-28,65.02999877929688,66.8499984741211,63.95000076293945,64.19999694824219,149800,0.0,0.0
2014-03-31,64.70999908447266,65.83000183105469,64.2699966430664,65.3499984741211,146300,0.0,0.0
2014-04-01,65.62000274658203,67.5,65.62000274658203,67.2699966430664,131800,0.0,0.0
2014-04-02,67.33999633789062,68.93000030517578,67.19999694824219,68.7699966430664,158700,0.0,0.0
2014-04-03,68.91999816894531,69.0999984741211,67.37000274658203,67.79000091552734,129100,0.0,0.0
2014-04-04,68.33999633789062,68.37000274658203,64.91999816894531,65.62999725341797,109700,0.0,0.0
2014-04-07,65.36000061035156,65.62999725341797,64.29000091552734,64.87000274658203,106800,0.0,0.0
2014-04-08,64.75,66.05999755859375,64.72000122070312,65.44000244140625,126600,0.0,0.0
2014-04-09,65.72000122070312,66.1500015258789,64.83999633789062,65.72000122070312,94100,0.0,0.0
2014-04-10,65.72000122070312,66.04000091552734,62.88999938964844,63.09000015258789,136100,0.0,0.0
2014-04-11,62.5099983215332,64.18000030517578,61.83000183105469,62.5099983215332,90700,0.0,0.0
2014-04-14,63.22999954223633,63.5099983215332,61.33000183105469,62.08000183105469,115900,0.0,0.0
2014-04-15,62.20000076293945,62.56999969482422,60.36000061035156,62.220001220703125,82700,0.0,0.0
2014-04-16,62.79999923706055,62.95000076293945,61.66999816894531,62.599998474121094,78600,0.0,0.0
2014-04-17,62.59000015258789,64.62000274658203,62.209999084472656,64.02999877929688,111300,0.0,0.0
2014-04-21,63.9900016784668,64.38999938964844,63.20000076293945,63.310001373291016,55700,0.0,0.0
2014-04-22,63.22999954223633,64.0,63.18000030517578,63.81999969482422,90500,0.0,0.0
2014-04-23,63.59000015258789,64.38999938964844,62.790000915527344,63.08000183105469,95200,0.0,0.0
2014-04-24,63.5099983215332,63.88999938964844,62.2400016784668,63.209999084472656,96200,0.0,0.0
2014-04-25,62.77000045776367,63.290000915527344,60.63999938964844,61.189998626708984,106100,0.0,0.0
2014-04-28,61.529998779296875,62.38999938964844,59.29999923706055,60.2599983215332,114300,0.0,0.0
2014-04-29,60.38999938964844,60.689998626708984,59.560001373291016,59.7599983215332,119500,0.0,0.0
2014-04-30,59.59000015258789,60.5,58.689998626708984,59.709999084472656,170700,0.0,0.0
2014-05-01,59.779998779296875,63.7400016784668,58.869998931884766,60.81999969482422,217700,0.0,0.0
2014-05-02,60.75,60.75,59.310001373291016,60.25,172600,0.0,0.0
2014-05-05,59.650001525878906,60.400001525878906,59.349998474121094,60.119998931884766,102800,0.0,0.0
2014-05-06,59.900001525878906,60.040000915527344,58.11000061035156,58.15999984741211,117300,0.0,0.0
2014-05-07,58.099998474121094,58.650001525878906,57.0,57.880001068115234,117700,0.0,0.0
2014-05-08,57.72999954223633,59.20000076293945,56.7400016784668,56.90999984741211,106900,0.0,0.0
2014-05-09,56.650001525878906,57.97999954223633,55.52000045776367,57.41999816894531,104900,0.0,0.0
2014-05-12,57.560001373291016,59.79999923706055,56.29999923706055,59.56999969482422,130100,0.0,0.0
2014-05-13,59.54999923706055,59.54999923706055,57.810001373291016,58.209999084472656,107700,0.0,0.0
2014-05-14,58.130001068115234,58.40999984741211,56.529998779296875,56.84000015258789,147600,0.0,0.0
2014-05-15,56.34000015258789,57.470001220703125,55.40999984741211,56.68000030517578,91000,0.0,0.0
2014-05-16,56.540000915527344,57.720001220703125,55.68000030517578,57.599998474121094,148600,0.0,0.0
2014-05-19,57.52000045776367,58.540000915527344,57.13999938964844,58.47999954223633,75000,0.0,0.0
2014-05-20,58.29999923706055,58.36000061035156,56.81999969482422,57.540000915527344,155400,0.0,0.0
2014-05-21,57.7400016784668,58.310001373291016,57.189998626708984,58.02000045776367,142300,0.0,0.0
2014-05-22,57.880001068115234,58.33000183105469,57.72999954223633,58.040000915527344,104900,0.0,0.0
2014-05-23,58.0,59.0099983215332,57.630001068115234,58.790000915527344,142100,0.0,0.0
2014-05-27,59.36000061035156,60.25,58.810001373291016,60.119998931884766,89300,0.0,0.0
2014-05-28,59.79999923706055,60.25,59.04999923706055,59.7599983215332,81000,0.0,0.0
2014-05-29,59.869998931884766,59.869998931884766,59.369998931884766,59.83000183105469,92000,0.0,0.0
2014-05-30,59.959999084472656,60.2400016784668,59.560001373291016,59.97999954223633,119200,0.0,0.0
2014-06-02,59.939998626708984,59.939998626708984,57.83000183105469,58.5099983215332,110800,0.0,0.0
2014-06-03,58.13999938964844,59.27000045776367,57.84000015258789,58.72999954223633,121500,0.0,0.0
2014-06-04,58.52000045776367,58.91999816894531,58.209999084472656,58.68000030517578,65300,0.0,0.0
2014-06-05,58.79999923706055,60.900001525878906,58.33000183105469,60.790000915527344,79200,0.0,0.0
2014-06-06,61.290000915527344,62.290000915527344,60.540000915527344,61.66999816894531,92300,0.0,0.0
2014-06-09,61.52000045776367,62.709999084472656,61.369998931884766,62.22999954223633,45800,0.0,0.0
2014-06-10,61.81999969482422,62.13999938964844,60.849998474121094,62.0099983215332,70500,0.0,0.0
2014-06-11,61.86000061035156,62.65999984741211,61.5099983215332,62.20000076293945,112000,0.0,0.0
2014-06-12,62.0,62.22999954223633,61.5,62.09000015258789,137600,0.0,0.0
2014-06-13,62.400001525878906,62.84000015258789,61.75,62.59000015258789,88100,0.0,0.0
2014-06-16,62.33000183105469,62.810001373291016,62.20000076293945,62.65999984741211,108500,0.0,0.0
2014-06-17,62.47999954223633,64.62000274658203,62.27000045776367,64.56999969482422,141600,0.0,0.0
2014-06-18,64.29000091552734,64.93000030517578,63.88999938964844,64.55000305175781,92900,0.0,0.0
2014-06-19,64.88999938964844,65.43000030517578,64.5,64.76000213623047,76100,0.0,0.0
2014-06-20,65.58999633789062,66.43000030517578,64.58000183105469,66.08000183105469,319000,0.0,0.0
2014-06-23,66.12000274658203,67.0,66.0999984741211,66.8499984741211,122100,0.0,0.0
2014-06-24,66.62000274658203,67.87999725341797,65.94000244140625,66.0,133500,0.0,0.0
2014-06-25,65.5,66.26000213623047,64.93000030517578,65.79000091552734,113100,0.0,0.0
2014-06-26,65.7699966430664,65.7699966430664,64.41000366210938,65.12000274658203,131500,0.0,0.0
2014-06-27,64.58999633789062,65.91999816894531,64.54000091552734,65.72000122070312,639900,0.0,0.0
2014-06-30,65.4800033569336,66.37999725341797,65.1500015258789,66.16999816894531,108600,0.0,0.0
2014-07-01,66.37999725341797,68.31999969482422,66.37999725341797,67.44000244140625,144300,0.0,0.0
2014-07-02,67.27999877929688,68.1500015258789,66.26000213623047,67.08999633789062,104600,0.0,0.0
2014-07-03,67.22000122070312,67.93000030517578,67.19000244140625,67.58000183105469,36500,0.0,0.0
2014-07-07,67.19999694824219,67.19999694824219,65.9000015258789,66.12000274658203,90100,0.0,0.0
2014-07-08,66.04000091552734,66.04000091552734,64.55000305175781,65.30999755859375,102500,0.0,0.0
2014-07-09,65.41000366210938,65.87000274658203,64.62000274658203,65.55999755859375,91800,0.0,0.0
2014-07-10,64.02999877929688,64.8499984741211,63.47999954223633,64.0,102500,0.0,0.0
2014-07-11,63.900001525878906,64.31999969482422,63.40999984741211,64.08000183105469,56500,0.0,0.0
2014-07-14,64.75,64.97000122070312,64.08000183105469,64.72000122070312,84500,0.0,0.0
2014-07-15,64.5999984741211,64.5999984741211,62.720001220703125,63.02000045776367,99800,0.0,0.0
2014-07-16,63.33000183105469,63.33000183105469,61.619998931884766,61.7400016784668,149700,0.0,0.0
2014-07-17,61.25,61.439998626708984,60.0,60.25,104800,0.0,0.0
2014-07-18,60.13999938964844,61.540000915527344,59.880001068115234,61.25,138000,0.0,0.0
2014-07-21,60.880001068115234,61.189998626708984,60.369998931884766,60.7400016784668,83300,0.0,0.0
2014-07-22,61.31999969482422,61.869998931884766,60.7599983215332,61.20000076293945,99400,0.0,0.0
2014-07-23,61.279998779296875,61.279998779296875,60.209999084472656,60.56999969482422,91600,0.0,0.0
2014-07-24,60.56999969482422,61.0099983215332,59.75,59.97999954223633,68600,0.0,0.0
2014-07-25,59.31999969482422,59.810001373291016,58.88999938964844,59.22999954223633,74600,0.0,0.0
2014-07-28,59.13999938964844,59.75,58.150001525878906,59.52000045776367,97500,0.0,0.0
2014-07-29,59.900001525878906,60.529998779296875,59.56999969482422,59.83000183105469,113800,0.0,0.0
2014-07-30,60.52000045776367,60.54999923706055,59.81999969482422,59.97999954223633,87200,0.0,0.0
2014-07-31,58.220001220703125,60.29999923706055,58.220001220703125,58.90999984741211,183800,0.0,0.0
2014-08-01,59.02000045776367,59.470001220703125,57.81999969482422,58.459999084472656,105800,0.0,0.0
2014-08-04,58.70000076293945,59.47999954223633,57.79999923706055,59.290000915527344,179400,0.0,0.0
2014-08-05,58.97999954223633,61.2599983215332,58.7599983215332,59.79999923706055,113300,0.0,0.0
2014-08-06,59.33000183105469,61.11000061035156,59.33000183105469,60.43000030517578,69000,0.0,0.0
2014-08-07,60.40999984741211,61.09000015258789,60.040000915527344,60.59000015258789,125300,0.0,0.0
2014-08-08,60.66999816894531,61.529998779296875,60.59000015258789,61.20000076293945,105100,0.0,0.0
2014-08-11,61.209999084472656,61.63999938964844,60.79999923706055,60.88999938964844,179600,0.0,0.0
2014-08-12,60.540000915527344,61.279998779296875,59.88999938964844,60.2599983215332,70500,0.0,0.0
2014-08-13,60.52000045776367,61.08000183105469,60.25,60.90999984741211,55400,0.0,0.0
2014-08-14,60.83000183105469,61.27000045776367,60.66999816894531,61.099998474121094,76900,0.0,0.0
2014-08-15,61.68000030517578,62.220001220703125,59.70000076293945,60.599998474121094,96300,0.0,0.0
2014-08-18,61.189998626708984,61.880001068115234,60.900001525878906,61.720001220703125,67700,0.0,0.0
2014-08-19,61.560001373291016,62.209999084472656,61.0099983215332,61.91999816894531,68200,0.0,0.0
2014-08-20,61.709999084472656,62.400001525878906,61.0099983215332,62.09000015258789,111600,0.0,0.0
2014-08-21,62.02000045776367,63.65999984741211,61.369998931884766,63.59000015258789,113400,0.0,0.0
2014-08-22,63.34000015258789,64.58999633789062,63.0099983215332,64.12999725341797,104300,0.0,0.0
2014-08-25,64.62999725341797,64.62999725341797,63.7599983215332,64.05000305175781,141000,0.0,0.0
2014-08-26,64.13999938964844,65.4000015258789,63.36000061035156,65.19999694824219,257100,0.0,0.0
2014-08-27,65.19999694824219,65.66000366210938,64.33000183105469,64.52999877929688,76300,0.0,0.0
2014-08-28,64.16000366210938,64.94999694824219,63.88999938964844,64.27999877929688,78800,0.0,0.0
2014-08-29,64.30000305175781,64.5199966430664,63.900001525878906,64.47000122070312,52700,0.0,0.0
2014-09-02,64.91999816894531,65.37000274658203,64.37000274658203,64.76000213623047,53100,0.0,0.0
2014-09-03,65.0199966430664,65.33000183105469,64.19999694824219,64.44999694824219,88000,0.0,0.0
2014-09-04,64.55000305175781,65.62000274658203,64.33999633789062,64.55999755859375,47000,0.0,0.0
2014-09-05,64.2699966430664,64.5999984741211,64.05000305175781,64.54000091552734,76100,0.0,0.0
2014-09-08,64.55000305175781,65.36000061035156,64.06999969482422,65.05999755859375,94400,0.0,0.0
2014-09-09,64.80000305175781,65.77999877929688,64.16000366210938,64.70999908447266,138900,0.0,0.0
2014-09-10,64.66000366210938,65.52999877929688,64.16000366210938,65.27999877929688,77600,0.0,0.0
2014-09-11,64.72000122070312,66.27999877929688,64.3499984741211,65.88999938964844,64500,0.0,0.0
2014-09-12,65.7300033569336,66.58000183105469,65.30999755859375,66.5,136900,0.0,0.0
2014-09-15,66.5,66.76000213623047,66.01000213623047,66.5,133200,0.0,0.0
2014-09-16,66.5,66.8499984741211,66.19999694824219,66.51000213623047,138100,0.0,0.0
2014-09-17,66.5,67.16999816894531,66.4000015258789,66.58000183105469,144100,0.0,0.0
2014-09-18,66.69999694824219,67.36000061035156,66.69999694824219,67.23999786376953,57800,0.0,0.0
2014-09-19,67.38999938964844,67.4800033569336,65.63999938964844,65.93000030517578,253100,0.0,0.0
2014-09-22,65.38999938964844,65.5999984741211,64.0999984741211,64.33999633789062,61200,0.0,0.0
2014-09-23,64.04000091552734,64.23999786376953,63.599998474121094,63.84000015258789,99400,0.0,0.0
2014-09-24,64.0199966430664,64.5,63.41999816894531,64.16000366210938,60800,0.0,0.0
2014-09-25,64.16000366210938,64.16000366210938,62.61000061035156,62.66999816894531,107500,0.0,0.0
2014-09-26,62.810001373291016,63.18000030517578,62.22999954223633,62.939998626708984,60500,0.0,0.0
2014-09-29,62.15999984741211,62.66999816894531,61.709999084472656,61.959999084472656,74800,0.0,0.0
2014-09-30,61.90999984741211,62.61000061035156,61.220001220703125,61.369998931884766,126300,0.0,0.0
2014-10-01,61.41999816894531,61.88999938964844,59.7400016784668,59.95000076293945,116600,0.0,0.0
2014-10-02,59.91999816894531,61.45000076293945,59.47999954223633,60.779998779296875,114300,0.0,0.0
2014-10-03,61.130001068115234,61.5,60.29999923706055,60.380001068115234,107800,0.0,0.0
2014-10-06,60.4900016784668,60.84000015258789,59.2599983215332,59.41999816894531,210300,0.0,0.0
2014-10-07,59.16999816894531,59.66999816894531,58.029998779296875,58.34000015258789,130500,0.0,0.0
2014-10-08,58.369998931884766,60.209999084472656,57.86000061035156,59.900001525878906,123500,0.0,0.0
2014-10-09,59.790000915527344,59.869998931884766,58.0,58.150001525878906,120200,0.0,0.0
2014-10-10,57.83000183105469,58.119998931884766,55.68000030517578,55.7400016784668,157800,0.0,0.0
2014-10-13,55.93000030517578,56.93000030517578,54.97999954223633,56.09000015258789,124600,0.0,0.0
2014-10-14,56.66999816894531,57.560001373291016,55.66999816894531,55.900001525878906,118600,0.0,0.0
2014-10-15,55.08000183105469,57.7599983215332,55.0,57.439998626708984,206100,0.0,0.0
2014-10-16,56.91999816894531,59.209999084472656,56.91999816894531,58.779998779296875,95200,0.0,0.0
2014-10-17,59.689998626708984,59.689998626708984,57.66999816894531,57.849998474121094,82300,0.0,0.0
2014-10-20,57.54999923706055,58.65999984741211,57.5099983215332,58.65999984741211,89400,0.0,0.0
2014-10-21,59.08000183105469,59.97999954223633,58.91999816894531,59.68000030517578,70900,0.0,0.0
2014-10-22,59.68000030517578,60.77000045776367,58.34000015258789,58.5,57100,0.0,0.0
2014-10-23,59.25,60.56999969482422,58.70000076293945,60.220001220703125,50400,0.0,0.0
2014-10-24,60.27000045776367,61.380001068115234,59.40999984741211,59.619998931884766,64700,0.0,0.0
2014-10-27,59.810001373291016,59.95000076293945,58.709999084472656,59.7400016784668,79800,0.0,0.0
2014-10-28,60.31999969482422,62.75,59.470001220703125,62.5099983215332,124700,0.0,0.0
2014-10-29,62.5099983215332,62.959999084472656,61.790000915527344,62.66999816894531,60800,0.0,0.0
2014-10-30,62.47999954223633,63.0099983215332,60.939998626708984,62.810001373291016,120700,0.0,0.0
2014-10-31,64.4000015258789,65.19999694824219,62.66999816894531,65.1500015258789,122100,0.0,0.0
2014-11-03,64.95999908447266,65.7300033569336,64.51000213623047,64.83999633789062,118900,0.0,0.0
2014-11-04,64.37999725341797,65.13999938964844,64.11000061035156,64.87999725341797,90900,0.0,0.0
2014-11-05,61.22999954223633,63.5,58.43000030517578,59.22999954223633,279700,0.0,0.0
2014-11-06,59.150001525878906,59.150001525878906,57.119998931884766,57.5,192600,0.0,0.0
2014-11-07,57.5,58.5099983215332,56.939998626708984,58.45000076293945,185000,0.0,0.0
2014-11-10,58.45000076293945,58.5099983215332,57.7400016784668,58.40999984741211,104400,0.0,0.0
2014-11-11,58.22999954223633,58.439998626708984,57.63999938964844,58.119998931884766,161300,0.0,0.0
2014-11-12,57.66999816894531,58.90999984741211,57.66999816894531,58.880001068115234,148500,0.0,0.0
2014-11-13,58.779998779296875,58.959999084472656,57.959999084472656,58.13999938964844,153700,0.0,0.0
2014-11-14,58.0099983215332,58.59000015258789,57.560001373291016,58.380001068115234,83300,0.0,0.0
2014-11-17,58.06999969482422,58.38999938964844,57.25,57.310001373291016,85800,0.0,0.0
2014-11-18,57.310001373291016,57.86000061035156,56.900001525878906,57.22999954223633,88700,0.0,0.0
2014-11-19,57.060001373291016,57.279998779296875,55.720001220703125,55.81999969482422,171500,0.0,0.0
2014-11-20,55.68000030517578,56.369998931884766,55.220001220703125,55.779998779296875,284100,0.0,0.0
2014-11-21,56.349998474121094,56.61000061035156,55.54999923706055,56.060001373291016,194600,0.0,0.0
2014-11-24,56.060001373291016,56.86000061035156,55.720001220703125,56.70000076293945,269200,0.0,0.0
2014-11-25,56.70000076293945,57.119998931884766,56.279998779296875,56.84000015258789,151500,0.0,0.0
2014-11-26,56.900001525878906,57.41999816894531,56.7599983215332,56.959999084472656,140700,0.0,0.0
2014-11-28,57.27000045776367,57.27000045776367,55.16999816894531,55.36000061035156,90200,0.0,0.0
2014-12-01,55.34000015258789,55.459999084472656,54.34000015258789,54.529998779296875,207900,0.0,0.0
2014-12-02,54.63999938964844,55.59000015258789,54.25,55.20000076293945,126600,0.0,0.0
2014-12-03,55.38999938964844,56.970001220703125,54.95000076293945,56.72999954223633,508200,0.0,0.0
2014-12-04,56.5099983215332,57.88999938964844,56.400001525878906,57.58000183105469,444300,0.0,0.0
2014-12-05,57.7599983215332,59.939998626708984,57.709999084472656,59.650001525878906,238400,0.0,0.0
2014-12-08,59.31999969482422,59.970001220703125,58.86000061035156,59.400001525878906,165200,0.0,0.0
2014-12-09,58.63999938964844,60.0,58.11000061035156,60.0,173300,0.0,0.0
2014-12-10,59.810001373291016,60.099998474121094,58.33000183105469,58.40999984741211,167100,0.0,0.0
2014-12-11,58.849998474121094,59.47999954223633,58.65999984741211,59.13999938964844,215100,0.0,0.0
2014-12-12,58.27000045776367,59.36000061035156,57.83000183105469,58.290000915527344,159700,0.0,0.0
2014-12-15,58.75,59.27000045776367,57.7599983215332,58.650001525878906,212000,0.0,0.0
2014-12-16,58.459999084472656,59.900001525878906,58.349998474121094,58.599998474121094,173800,0.0,0.0
2014-12-17,58.599998474121094,61.189998626708984,58.33000183105469,60.88999938964844,161800,0.0,0.0
2014-12-18,61.400001525878906,61.75,60.7599983215332,61.38999938964844,164300,0.0,0.0
2014-12-19,61.2400016784668,62.52000045776367,61.02000045776367,62.18000030517578,439400,0.0,0.0
2014-12-22,62.61000061035156,62.790000915527344,62.060001373291016,62.189998626708984,131300,0.0,0.0
2014-12-23,62.400001525878906,63.2400016784668,61.599998474121094,62.209999084472656,127200,0.0,0.0
2014-12-24,62.290000915527344,62.880001068115234,62.04999923706055,62.43000030517578,65000,0.0,0.0
2014-12-26,62.7400016784668,62.849998474121094,61.970001220703125,62.61000061035156,51900,0.0,0.0
2014-12-29,62.56999969482422,62.91999816894531,61.91999816894531,62.25,95100,0.0,0.0
2014-12-30,61.70000076293945,62.380001068115234,61.29999923706055,61.939998626708984,121300,0.0,0.0
2014-12-31,62.310001373291016,62.310001373291016,60.59000015258789,60.720001220703125,180700,0.0,0.0
2015-01-02,61.06999969482422,61.61000061035156,59.0,60.0,120200,0.0,0.0
2015-01-05,59.40999984741211,59.40999984741211,57.849998474121094,58.0,196800,0.0,0.0
2015-01-06,58.2400016784668,58.630001068115234,56.529998779296875,56.810001373291016,234400,0.0,0.0
2015-01-07,57.380001068115234,57.540000915527344,56.29999923706055,56.779998779296875,239300,0.0,0.0
2015-01-08,57.45000076293945,58.650001525878906,56.54999923706055,57.9900016784668,166200,0.0,0.0
2015-01-09,57.88999938964844,59.02000045776367,57.22999954223633,58.0,99300,0.0,0.0
2015-01-12,57.900001525878906,58.38999938964844,56.38999938964844,57.349998474121094,86900,0.0,0.0
2015-01-13,58.0,59.18000030517578,56.7599983215332,57.5099983215332,128000,0.0,0.0
2015-01-14,56.349998474121094,57.06999969482422,56.209999084472656,56.849998474121094,62200,0.0,0.0
2015-01-15,57.0099983215332,57.0099983215332,54.619998931884766,54.63999938964844,88000,0.0,0.0
2015-01-16,54.5,55.290000915527344,53.81999969482422,54.4900016784668,223300,0.0,0.0
2015-01-20,54.4900016784668,55.18000030517578,53.7599983215332,54.70000076293945,153300,0.0,0.0
2015-01-21,54.45000076293945,55.20000076293945,54.0099983215332,54.43000030517578,58600,0.0,0.0
2015-01-22,54.75,54.91999816894531,53.900001525878906,54.779998779296875,223800,0.0,0.0
2015-01-23,54.650001525878906,55.959999084472656,54.630001068115234,55.810001373291016,65700,0.0,0.0
2015-01-26,55.68000030517578,56.47999954223633,54.779998779296875,56.279998779296875,80100,0.0,0.0
2015-01-27,55.720001220703125,56.689998626708984,55.4900016784668,55.90999984741211,78100,0.0,0.0
2015-01-28,56.36000061035156,56.470001220703125,54.93000030517578,55.099998474121094,87700,0.0,0.0
2015-01-29,55.58000183105469,55.58000183105469,53.95000076293945,54.29999923706055,262500,0.0,0.0
2015-01-30,57.880001068115234,65.08000183105469,56.72999954223633,61.880001068115234,504000,0.0,0.0
2015-02-02,61.90999984741211,63.95000076293945,61.810001373291016,63.470001220703125,177100,0.0,0.0
2015-02-03,63.5,64.91000366210938,63.5,64.4800033569336,114200,0.0,0.0
2015-02-04,64.0,65.52999877929688,63.9900016784668,64.5999984741211,157600,0.0,0.0
2015-02-05,64.7699966430664,65.79000091552734,64.55000305175781,65.22000122070312,87100,0.0,0.0
2015-02-06,65.4000015258789,66.44999694824219,64.31999969482422,64.5,144500,0.0,0.0
2015-02-09,64.55000305175781,65.30999755859375,63.790000915527344,63.90999984741211,90500,0.0,0.0
2015-02-10,64.5199966430664,64.5199966430664,63.130001068115234,63.790000915527344,134200,0.0,0.0
2015-02-11,63.58000183105469,64.94999694824219,63.560001373291016,64.36000061035156,113200,0.0,0.0
2015-02-12,64.7699966430664,65.5199966430664,63.38999938964844,64.69999694824219,144700,0.0,0.0
2015-02-13,64.70999908447266,65.25,64.26000213623047,64.94999694824219,72500,0.0,0.0
2015-02-17,65.0,65.44999694824219,64.16000366210938,64.52999877929688,81700,0.0,0.0
2015-02-18,64.23999786376953,64.7699966430664,63.86000061035156,64.54000091552734,72800,0.0,0.0
2015-02-19,64.22000122070312,64.95999908447266,64.19999694824219,64.68000030517578,66000,0.0,0.0
2015-02-20,64.80000305175781,65.29000091552734,64.05000305175781,64.56999969482422,86800,0.0,0.0
2015-02-23,64.37999725341797,64.83000183105469,63.38999938964844,64.58000183105469,102000,0.0,0.0
2015-02-24,64.44000244140625,65.62000274658203,64.33000183105469,64.69000244140625,107300,0.0,0.0
2015-02-25,64.56999969482422,64.9800033569336,63.790000915527344,64.62000274658203,53600,0.0,0.0
2015-02-26,64.6500015258789,64.97000122070312,64.16999816894531,64.61000061035156,80900,0.0,0.0
2015-02-27,64.69999694824219,64.83000183105469,63.880001068115234,64.23999786376953,147400,0.0,0.0
2015-03-02,64.08999633789062,65.5,63.900001525878906,65.47000122070312,126700,0.0,0.0
2015-03-03,65.13999938964844,66.95999908447266,64.9000015258789,66.48999786376953,180700,0.0,0.0
2015-03-04,66.16999816894531,66.95999908447266,65.1500015258789,65.5,222800,0.0,0.0
2015-03-05,65.51000213623047,66.70999908447266,64.63999938964844,66.18000030517578,153400,0.0,0.0
2015-03-06,65.6500015258789,66.62000274658203,63.880001068115234,64.36000061035156,152300,0.0,0.0
2015-03-09,64.48999786376953,65.44999694824219,64.0,64.80999755859375,101800,0.0,0.0
2015-03-10,64.1500015258789,64.95999908447266,63.45000076293945,63.68000030517578,91900,0.0,0.0
2015-03-11,63.939998626708984,65.75,63.2599983215332,65.41000366210938,112700,0.0,0.0
2015-03-12,65.75,66.4800033569336,65.05999755859375,66.41000366210938,84500,0.0,0.0
2015-03-13,66.37999725341797,66.37999725341797,64.83000183105469,66.12999725341797,81200,0.0,0.0
2015-03-16,66.4000015258789,66.63999938964844,65.19000244140625,65.27999877929688,110000,0.0,0.0
2015-03-17,65.05999755859375,65.38999938964844,64.41999816894531,65.0,127400,0.0,0.0
2015-03-18,64.76000213623047,66.12999725341797,64.2300033569336,65.73999786376953,80200,0.0,0.0
2015-03-19,65.54000091552734,66.19999694824219,64.8499984741211,65.93000030517578,66400,0.0,0.0
2015-03-20,66.22000122070312,67.7300033569336,65.9000015258789,67.33000183105469,222700,0.0,0.0
2015-03-23,67.04000091552734,68.5,66.93000030517578,67.97000122070312,110200,0.0,0.0
2015-03-24,67.75,68.44000244140625,67.23999786376953,67.62000274658203,144000,0.0,0.0
2015-03-25,67.62000274658203,67.81999969482422,64.91000366210938,65.0199966430664,119000,0.0,0.0
2015-03-26,64.91000366210938,65.45999908447266,64.25,64.61000061035156,88200,0.0,0.0
2015-03-27,64.44999694824219,64.94000244140625,63.849998474121094,64.19000244140625,84700,0.0,0.0
2015-03-30,64.44999694824219,66.31999969482422,64.25,66.1500015258789,87800,0.0,0.0
2015-03-31,65.72000122070312,65.72000122070312,64.33999633789062,64.95999908447266,78000,0.0,0.0
2015-04-01,64.58999633789062,65.13999938964844,63.45000076293945,64.30000305175781,177900,0.0,0.0
2015-04-02,64.13999938964844,65.48999786376953,64.13999938964844,64.61000061035156,54900,0.0,0.0
2015-04-06,64.37000274658203,65.37999725341797,64.08000183105469,65.02999877929688,52500,0.0,0.0
2015-04-07,65.0199966430664,65.47000122070312,64.41999816894531,65.16000366210938,76100,0.0,0.0
2015-04-08,65.01000213623047,66.88999938964844,64.7300033569336,66.80999755859375,86100,0.0,0.0
2015-04-09,66.88999938964844,67.2699966430664,65.33000183105469,66.86000061035156,71600,0.0,0.0
2015-04-10,67.18000030517578,67.19999694824219,66.29000091552734,66.81999969482422,55200,0.0,0.0
2015-04-13,66.72000122070312,67.02999877929688,66.08999633789062,66.58000183105469,59300,0.0,0.0
2015-04-14,66.48999786376953,66.75,65.25,65.80000305175781,103200,0.0,0.0
2015-04-15,66.29000091552734,67.97000122070312,65.94000244140625,67.73999786376953,82600,0.0,0.0
2015-04-16,67.37999725341797,68.41000366210938,66.93000030517578,68.13999938964844,85000,0.0,0.0
2015-04-17,67.18000030517578,67.75,66.44999694824219,67.37999725341797,110300,0.0,0.0
2015-04-20,67.61000061035156,67.69000244140625,66.70999908447266,67.1500015258789,85500,0.0,0.0
2015-04-21,67.19999694824219,67.2699966430664,66.25,66.9800033569336,114500,0.0,0.0
2015-04-22,66.79000091552734,67.0,65.73999786376953,66.80000305175781,57700,0.0,0.0
2015-04-23,66.41000366210938,67.04000091552734,66.37000274658203,66.70999908447266,38100,0.0,0.0
2015-04-24,66.94000244140625,66.94000244140625,64.9000015258789,65.13999938964844,64100,0.0,0.0
2015-04-27,65.0,65.58999633789062,64.05000305175781,64.75,75300,0.0,0.0
2015-04-28,63.7599983215332,65.33999633789062,62.75,65.0,112400,0.0,0.0
2015-04-29,64.37000274658203,64.4800033569336,63.52000045776367,63.66999816894531,109900,0.0,0.0
2015-04-30,62.970001220703125,63.290000915527344,58.2599983215332,60.0,406300,0.0,0.0
2015-05-01,60.06999969482422,60.459999084472656,59.41999816894531,60.13999938964844,225500,0.0,0.0
2015-05-04,60.0,60.900001525878906,59.959999084472656,60.09000015258789,147900,0.0,0.0
2015-05-05,59.66999816894531,61.0,59.400001525878906,60.09000015258789,158000,0.0,0.0
2015-05-06,60.099998474121094,60.41999816894531,59.75,60.20000076293945,119800,0.0,0.0
2015-05-07,60.0099983215332,60.95000076293945,59.540000915527344,60.599998474121094,208900,0.0,0.0
2015-05-08,60.58000183105469,61.25,60.33000183105469,61.15999984741211,189700,0.0,0.0
2015-05-11,61.380001068115234,62.93000030517578,61.380001068115234,62.02000045776367,96600,0.0,0.0
2015-05-12,61.959999084472656,62.27000045776367,61.20000076293945,61.54999923706055,54300,0.0,0.0
2015-05-13,61.88999938964844,62.33000183105469,61.689998626708984,61.70000076293945,54100,0.0,0.0
2015-05-14,62.0,62.97999954223633,61.65999984741211,62.7599983215332,60500,0.0,0.0
2015-05-15,62.5,62.9900016784668,62.18000030517578,62.59000015258789,81400,0.0,0.0
2015-05-18,63.0099983215332,64.69999694824219,62.54999923706055,64.05999755859375,119200,0.0,0.0
2015-05-19,63.83000183105469,63.959999084472656,63.040000915527344,63.40999984741211,71900,0.0,0.0
2015-05-20,63.34000015258789,63.380001068115234,62.59000015258789,62.779998779296875,69100,0.0,0.0
2015-05-21,62.84000015258789,66.37000274658203,62.84000015258789,64.7699966430664,186600,0.0,0.0
2015-05-22,64.72000122070312,64.83999633789062,62.97999954223633,63.5099983215332,78100,0.0,0.0
2015-05-26,63.130001068115234,63.130001068115234,61.7400016784668,62.25,79400,0.0,0.0
2015-05-27,62.310001373291016,62.61000061035156,61.15999984741211,62.02000045776367,112500,0.0,0.0
2015-05-28,61.83000183105469,62.54999923706055,61.45000076293945,62.36000061035156,71600,0.0,0.0
2015-05-29,62.27000045776367,62.91999816894531,61.400001525878906,62.2400016784668,126300,0.0,0.0
2015-06-01,62.7400016784668,63.2400016784668,61.15999984741211,62.790000915527344,78600,0.0,0.0
2015-06-02,63.09000015258789,63.849998474121094,62.66999816894531,62.689998626708984,142700,0.0,0.0
2015-06-03,62.689998626708984,64.06999969482422,62.630001068115234,64.0,137700,0.0,0.0
2015-06-04,63.689998626708984,63.70000076293945,62.369998931884766,62.619998931884766,68300,0.0,0.0
2015-06-05,62.66999816894531,64.0,62.25,63.869998931884766,100200,0.0,0.0
2015-06-08,63.70000076293945,64.79000091552734,63.43000030517578,64.16999816894531,125900,0.0,0.0
2015-06-09,64.30000305175781,64.7300033569336,63.22999954223633,64.20999908447266,126600,0.0,0.0
2015-06-10,64.45999908447266,66.22000122070312,64.2300033569336,65.4000015258789,143000,0.0,0.0
2015-06-11,65.3499984741211,65.61000061035156,63.720001220703125,64.88999938964844,99600,0.0,0.0
2015-06-12,64.88999938964844,65.41999816894531,64.0999984741211,65.23999786376953,103300,0.0,0.0
2015-06-15,65.19000244140625,65.43000030517578,63.63999938964844,65.1500015258789,184500,0.0,0.0
2015-06-16,65.12000274658203,65.91000366210938,64.69999694824219,64.88999938964844,128800,0.0,0.0
2015-06-17,65.0,65.36000061035156,64.2300033569336,64.44999694824219,119200,0.0,0.0
2015-06-18,64.5199966430664,65.70999908447266,64.08999633789062,65.0,137100,0.0,0.0
2015-06-19,65.1500015258789,65.16999816894531,64.18000030517578,64.9000015258789,258800,0.0,0.0
2015-06-22,65.16000366210938,65.80999755859375,64.51000213623047,65.66000366210938,94200,0.0,0.0
2015-06-23,65.58999633789062,67.06999969482422,65.12000274658203,66.7300033569336,155800,0.0,0.0
2015-06-24,66.54000091552734,66.63999938964844,65.25,66.29000091552734,137800,0.0,0.0
2015-06-25,66.36000061035156,66.44000244140625,64.61000061035156,65.04000091552734,101500,0.0,0.0
2015-06-26,65.31999969482422,65.76000213623047,63.88999938964844,65.11000061035156,456100,0.0,0.0
2015-06-29,64.62000274658203,64.9000015258789,62.900001525878906,63.029998779296875,86300,0.0,0.0
2015-06-30,63.709999084472656,64.33000183105469,62.91999816894531,63.47999954223633,145200,0.0,0.0
2015-07-01,63.95000076293945,64.06999969482422,62.459999084472656,63.47999954223633,91900,0.0,0.0
2015-07-02,63.400001525878906,63.400001525878906,62.380001068115234,62.529998779296875,69500,0.0,0.0
2015-07-06,62.150001525878906,62.900001525878906,61.93000030517578,62.720001220703125,89000,0.0,0.0
2015-07-07,62.68000030517578,62.84000015258789,61.38999938964844,62.5099983215332,114700,0.0,0.0
2015-07-08,61.900001525878906,62.38999938964844,61.099998474121094,61.540000915527344,140600,0.0,0.0
2015-07-09,62.349998474121094,62.36000061035156,61.130001068115234,61.349998474121094,103400,0.0,0.0
2015-07-10,62.09000015258789,62.70000076293945,61.720001220703125,62.47999954223633,101200,0.0,0.0
2015-07-13,62.58000183105469,63.02000045776367,62.43000030517578,63.02000045776367,60400,0.0,0.0
2015-07-14,63.06999969482422,63.970001220703125,62.810001373291016,63.470001220703125,111400,0.0,0.0
2015-07-15,63.310001373291016,64.16000366210938,62.61000061035156,62.81999969482422,112700,0.0,0.0
2015-07-16,63.369998931884766,64.33999633789062,62.97999954223633,63.65999984741211,65800,0.0,0.0
2015-07-17,63.790000915527344,63.790000915527344,62.45000076293945,62.709999084472656,84300,0.0,0.0
2015-07-20,62.349998474121094,62.709999084472656,61.2400016784668,61.56999969482422,103400,0.0,0.0
2015-07-21,61.38999938964844,62.529998779296875,60.83000183105469,61.18000030517578,88300,0.0,0.0
2015-07-22,60.97999954223633,61.34000015258789,60.7400016784668,61.119998931884766,66300,0.0,0.0
2015-07-23,61.22999954223633,61.310001373291016,59.02000045776367,59.779998779296875,157800,0.0,0.0
2015-07-24,59.59000015258789,59.81999969482422,58.619998931884766,58.72999954223633,77100,0.0,0.0
2015-07-27,58.52000045776367,59.31999969482422,57.93000030517578,58.36000061035156,70300,0.0,0.0
2015-07-28,58.84000015258789,59.130001068115234,57.119998931884766,58.31999969482422,193800,0.0,0.0
2015-07-29,58.33000183105469,60.70000076293945,58.33000183105469,60.279998779296875,125000,0.0,0.0
2015-07-30,59.56999969482422,61.27000045776367,59.56999969482422,60.58000183105469,115400,0.0,0.0
2015-07-31,58.0,59.61000061035156,56.27000045776367,57.95000076293945,325100,0.0,0.0
2015-08-03,57.900001525878906,57.900001525878906,56.91999816894531,57.25,110100,0.0,0.0
2015-08-04,57.2400016784668,57.83000183105469,57.2400016784668,57.310001373291016,146700,0.0,0.0
2015-08-05,57.689998626708984,58.83000183105469,57.689998626708984,58.790000915527344,118800,0.0,0.0
2015-08-06,58.75,59.20000076293945,58.279998779296875,58.47999954223633,131900,0.0,0.0
2015-08-07,58.27000045776367,59.029998779296875,58.18000030517578,58.40999984741211,140900,0.0,0.0
2015-08-10,58.599998474121094,59.29999923706055,58.59000015258789,59.09000015258789,144200,0.0,0.0
2015-08-11,58.59000015258789,59.31999969482422,58.45000076293945,58.72999954223633,129800,0.0,0.0
2015-08-12,58.279998779296875,59.06999969482422,57.18000030517578,58.77000045776367,111200,0.0,0.0
2015-08-13,58.709999084472656,58.790000915527344,57.58000183105469,57.849998474121094,130500,0.0,0.0
2015-08-14,57.619998931884766,59.099998474121094,57.380001068115234,58.790000915527344,99800,0.0,0.0
2015-08-17,58.66999816894531,59.41999816894531,58.529998779296875,59.2400016784668,141400,0.0,0.0
2015-08-18,59.189998626708984,59.20000076293945,57.869998931884766,58.02000045776367,128800,0.0,0.0
2015-08-19,57.650001525878906,58.119998931884766,56.380001068115234,57.58000183105469,154300,0.0,0.0
2015-08-20,57.029998779296875,58.119998931884766,56.61000061035156,57.20000076293945,142200,0.0,0.0
2015-08-21,56.119998931884766,58.560001373291016,56.119998931884766,57.20000076293945,184700,0.0,0.0
2015-08-24,54.779998779296875,57.27000045776367,54.779998779296875,55.7400016784668,194200,0.0,0.0
2015-08-25,57.709999084472656,57.709999084472656,54.5099983215332,54.63999938964844,241000,0.0,0.0
2015-08-26,56.02000045776367,56.56999969482422,55.189998626708984,55.93000030517578,202100,0.0,0.0
2015-08-27,56.43000030517578,57.560001373291016,55.439998626708984,57.02000045776367,191900,0.0,0.0
2015-08-28,56.7400016784668,57.86000061035156,56.7400016784668,57.83000183105469,141700,0.0,0.0
2015-08-31,57.40999984741211,58.400001525878906,57.099998474121094,58.29999923706055,129200,0.0,0.0
2015-09-01,57.040000915527344,57.900001525878906,55.349998474121094,55.540000915527344,130200,0.0,0.0
2015-09-02,56.369998931884766,56.369998931884766,55.029998779296875,56.06999969482422,137700,0.0,0.0
2015-09-03,56.16999816894531,57.02000045776367,55.63999938964844,55.939998626708984,102900,0.0,0.0
2015-09-04,55.290000915527344,55.869998931884766,54.52000045776367,54.720001220703125,121200,0.0,0.0
2015-09-08,55.619998931884766,56.529998779296875,54.81999969482422,56.220001220703125,102800,0.0,0.0
2015-09-09,56.75,56.75,55.599998474121094,55.689998626708984,151100,0.0,0.0
2015-09-10,55.45000076293945,56.5099983215332,55.29999923706055,55.84000015258789,132300,0.0,0.0
2015-09-11,55.470001220703125,55.93000030517578,54.72999954223633,55.25,189800,0.0,0.0
2015-09-14,55.34000015258789,55.86000061035156,55.06999969482422,55.34000015258789,142600,0.0,0.0
2015-09-15,55.58000183105469,58.06999969482422,55.58000183105469,57.4900016784668,171500,0.0,0.0
2015-09-16,57.68000030517578,58.52000045776367,57.380001068115234,58.27000045776367,130300,0.0,0.0
2015-09-17,58.34000015258789,59.5099983215332,57.900001525878906,58.470001220703125,122300,0.0,0.0
2015-09-18,57.66999816894531,58.7400016784668,57.630001068115234,57.779998779296875,243600,0.0,0.0
2015-09-21,58.290000915527344,58.83000183105469,57.40999984741211,57.529998779296875,139100,0.0,0.0
2015-09-22,56.79999923706055,57.189998626708984,56.16999816894531,56.779998779296875,107300,0.0,0.0
2015-09-23,56.95000076293945,56.95000076293945,55.13999938964844,55.470001220703125,133900,0.0,0.0
2015-09-24,55.150001525878906,55.36000061035156,54.31999969482422,55.16999816894531,108200,0.0,0.0
2015-09-25,55.27000045776367,55.939998626708984,54.47999954223633,54.93000030517578,155400,0.0,0.0
2015-09-28,54.630001068115234,55.150001525878906,54.369998931884766,54.470001220703125,110600,0.0,0.0
2015-09-29,54.599998474121094,54.88999938964844,54.099998474121094,54.150001525878906,89500,0.0,0.0
2015-09-30,54.599998474121094,55.150001525878906,54.38999938964844,54.70000076293945,117500,0.0,0.0
2015-10-01,54.63999938964844,54.849998474121094,52.68000030517578,53.09000015258789,208300,0.0,0.0
2015-10-02,52.650001525878906,54.81999969482422,52.150001525878906,54.68000030517578,123400,0.0,0.0
2015-10-05,55.0099983215332,56.70000076293945,54.689998626708984,56.70000076293945,150000,0.0,0.0
2015-10-06,56.70000076293945,57.060001373291016,56.220001220703125,56.529998779296875,103500,0.0,0.0
2015-10-07,56.810001373291016,58.15999984741211,56.66999816894531,57.540000915527344,124000,0.0,0.0
2015-10-08,57.459999084472656,58.290000915527344,57.150001525878906,58.130001068115234,105900,0.0,0.0
2015-10-09,58.34000015258789,59.369998931884766,57.36000061035156,57.810001373291016,64400,0.0,0.0
2015-10-12,57.97999954223633,58.689998626708984,57.33000183105469,57.880001068115234,119700,0.0,0.0
2015-10-13,57.45000076293945,58.279998779296875,56.79999923706055,57.029998779296875,85800,0.0,0.0
2015-10-14,57.02000045776367,57.459999084472656,56.369998931884766,56.599998474121094,99800,0.0,0.0
2015-10-15,56.810001373291016,57.869998931884766,56.02000045776367,57.40999984741211,96900,0.0,0.0
2015-10-16,57.619998931884766,57.619998931884766,55.540000915527344,56.0,104000,0.0,0.0
2015-10-19,55.54999923706055,55.90999984741211,54.970001220703125,55.0099983215332,115600,0.0,0.0
2015-10-20,54.90999984741211,55.689998626708984,54.56999969482422,55.380001068115234,168800,0.0,0.0
2015-10-21,55.66999816894531,55.66999816894531,53.66999816894531,53.720001220703125,137800,0.0,0.0
2015-10-22,54.02000045776367,55.290000915527344,53.560001373291016,54.0099983215332,127000,0.0,0.0
2015-10-23,54.58000183105469,55.04999923706055,54.0,54.4900016784668,109100,0.0,0.0
2015-10-26,54.2400016784668,57.45000076293945,52.369998931884766,52.689998626708984,159200,0.0,0.0
2015-10-27,52.380001068115234,53.470001220703125,52.16999816894531,52.459999084472656,122100,0.0,0.0
2015-10-28,52.720001220703125,55.2599983215332,52.720001220703125,55.25,137700,0.0,0.0
2015-10-29,54.880001068115234,55.22999954223633,54.459999084472656,54.72999954223633,107800,0.0,0.0
2015-10-30,54.68000030517578,54.939998626708984,54.13999938964844,54.20000076293945,158300,0.0,0.0
2015-11-02,54.040000915527344,56.02000045776367,54.040000915527344,55.880001068115234,108500,0.0,0.0
2015-11-03,55.5,56.75,55.31999969482422,56.34000015258789,98200,0.0,0.0
2015-11-04,56.29999923706055,56.29999923706055,55.0,55.88999938964844,110000,0.0,0.0
2015-11-05,66.0,69.66999816894531,62.5099983215332,62.75,509600,0.0,0.0
2015-11-06,61.91999816894531,64.11000061035156,60.119998931884766,63.77000045776367,161300,0.0,0.0
2015-11-09,62.970001220703125,63.709999084472656,61.939998626708984,63.290000915527344,147000,0.0,0.0
2015-11-10,62.790000915527344,63.70000076293945,62.63999938964844,63.209999084472656,115200,0.0,0.0
2015-11-11,62.97999954223633,63.529998779296875,62.09000015258789,62.11000061035156,112800,0.0,0.0
2015-11-12,61.79999923706055,62.790000915527344,61.400001525878906,61.560001373291016,101900,0.0,0.0
2015-11-13,61.09000015258789,62.0099983215332,60.72999954223633,61.060001373291016,88500,0.0,0.0
2015-11-16,61.22999954223633,62.720001220703125,61.22999954223633,62.689998626708984,97700,0.0,0.0
2015-11-17,62.75,64.08999633789062,62.65999984741211,63.2400016784668,202300,0.0,0.0
2015-11-18,63.18000030517578,64.75,63.099998474121094,64.48999786376953,114700,0.0,0.0
2015-11-19,64.22000122070312,66.18000030517578,63.900001525878906,66.01000213623047,277000,0.0,0.0
2015-11-20,66.38999938964844,67.08000183105469,64.58000183105469,66.81999969482422,248400,0.0,0.0
2015-11-23,66.72000122070312,67.37999725341797,65.13999938964844,65.80999755859375,144300,0.0,0.0
2015-11-24,65.5199966430664,67.87000274658203,65.30000305175781,67.41000366210938,143800,0.0,0.0
2015-11-25,67.47000122070312,67.69000244140625,67.0,67.23999786376953,74900,0.0,0.0
2015-11-27,67.13999938964844,68.62000274658203,66.80000305175781,67.8499984741211,49000,0.0,0.0
2015-11-30,68.0,68.5,67.66999816894531,67.91999816894531,150500,0.0,0.0
2015-12-01,68.2300033569336,68.63999938964844,67.55000305175781,68.0999984741211,110500,0.0,0.0
2015-12-02,68.0,68.68000030517578,67.58000183105469,67.7699966430664,91300,0.0,0.0
2015-12-03,68.26000213623047,68.47000122070312,67.05999755859375,67.69000244140625,95500,0.0,0.0
2015-12-04,67.66000366210938,69.38999938964844,67.52999877929688,68.33000183105469,204500,0.0,0.0
2015-12-07,67.8499984741211,68.36000061035156,66.56999969482422,66.86000061035156,158700,0.0,0.0
2015-12-08,66.01000213623047,67.01000213623047,65.79000091552734,66.26000213623047,106800,0.0,0.0
2015-12-09,66.33999633789062,66.93000030517578,64.62999725341797,64.68000030517578,166300,0.0,0.0
2015-12-10,64.77999877929688,65.98999786376953,64.45999908447266,65.4800033569336,155700,0.0,0.0
2015-12-11,64.4800033569336,65.7300033569336,64.38999938964844,65.0,143600,0.0,0.0
2015-12-14,64.93000030517578,66.58999633789062,64.41999816894531,65.11000061035156,116900,0.0,0.0
2015-12-15,65.5999984741211,66.8499984741211,65.22000122070312,66.1500015258789,112700,0.0,0.0
2015-12-16,66.4800033569336,66.56999969482422,65.33000183105469,66.23999786376953,98400,0.0,0.0
2015-12-17,66.33999633789062,66.69000244140625,65.55999755859375,65.7300033569336,102700,0.0,0.0
2015-12-18,65.36000061035156,66.01000213623047,63.439998626708984,63.810001373291016,701300,0.0,0.0
2015-12-21,64.27999877929688,65.69999694824219,63.709999084472656,65.4800033569336,100900,0.0,0.0
2015-12-22,65.7300033569336,67.47000122070312,65.31999969482422,67.11000061035156,156100,0.0,0.0
2015-12-23,67.4000015258789,67.91999816894531,66.45999908447266,66.9000015258789,78100,0.0,0.0
2015-12-24,66.9000015258789,67.56999969482422,66.30000305175781,66.9800033569336,66500,0.0,0.0
2015-12-28,66.77999877929688,67.05000305175781,65.63999938964844,66.58000183105469,76000,0.0,0.0
2015-12-29,67.02999877929688,67.54000091552734,65.93000030517578,66.69000244140625,75600,0.0,0.0
2015-12-30,66.56999969482422,66.76000213623047,65.98999786376953,66.30000305175781,85500,0.0,0.0
2015-12-31,65.95999908447266,65.97000122070312,65.05000305175781,65.11000061035156,121200,0.0,0.0
2016-01-04,63.95000076293945,64.0,62.150001525878906,62.2400016784668,160800,0.0,0.0
2016-01-05,62.599998474121094,63.310001373291016,62.0,62.83000183105469,148800,0.0,0.0
2016-01-06,61.84000015258789,62.22999954223633,61.33000183105469,62.0,163500,0.0,0.0
2016-01-07,60.97999954223633,61.75,60.630001068115234,60.810001373291016,165000,0.0,0.0
2016-01-08,61.15999984741211,61.970001220703125,60.09000015258789,60.16999816894531,153400,0.0,0.0
2016-01-11,60.810001373291016,62.040000915527344,59.7599983215332,60.2400016784668,82900,0.0,0.0
2016-01-12,60.58000183105469,62.33000183105469,59.75,61.290000915527344,174800,0.0,0.0
2016-01-13,61.43000030517578,62.0,59.369998931884766,60.2599983215332,212600,0.0,0.0
2016-01-14,61.040000915527344,62.33000183105469,60.540000915527344,61.119998931884766,195600,0.0,0.0
2016-01-15,59.81999969482422,60.86000061035156,57.650001525878906,58.630001068115234,246900,0.0,0.0
2016-01-19,59.25,59.65999984741211,57.31999969482422,57.959999084472656,205500,0.0,0.0
2016-01-20,57.290000915527344,60.54999923706055,56.720001220703125,59.79999923706055,150900,0.0,0.0
2016-01-21,60.0,60.189998626708984,58.61000061035156,59.13999938964844,202400,0.0,0.0
2016-01-22,60.20000076293945,61.310001373291016,59.970001220703125,61.279998779296875,140700,0.0,0.0
2016-01-25,61.029998779296875,61.91999816894531,60.400001525878906,60.560001373291016,114100,0.0,0.0
2016-01-26,60.79999923706055,62.91999816894531,60.79999923706055,62.650001525878906,202700,0.0,0.0
2016-01-27,62.150001525878906,63.59000015258789,62.150001525878906,62.869998931884766,176300,0.0,0.0
2016-01-28,63.459999084472656,65.91000366210938,62.2599983215332,62.540000915527344,179500,0.0,0.0
2016-01-29,69.73999786376953,82.76000213623047,68.5,77.2699966430664,1247800,0.0,0.0
2016-02-01,76.5199966430664,79.30000305175781,76.04000091552734,77.80999755859375,658600,0.0,0.0
2016-02-02,76.98999786376953,79.63999938964844,76.63999938964844,78.5199966430664,206700,0.0,0.0
2016-02-03,78.9000015258789,79.54000091552734,77.76000213623047,78.08999633789062,204400,0.0,0.0
2016-02-04,78.2699966430664,79.5,77.37000274658203,79.43000030517578,187800,0.0,0.0
2016-02-05,78.87999725341797,78.87999725341797,76.30999755859375,76.41999816894531,159000,0.0,0.0
2016-02-08,75.47000122070312,78.29000091552734,75.0199966430664,78.16000366210938,205700,0.0,0.0
2016-02-09,77.12000274658203,79.12000274658203,75.83000183105469,78.04000091552734,165100,0.0,0.0
2016-02-10,78.72000122070312,79.7300033569336,77.91999816894531,77.9800033569336,143000,0.0,0.0
2016-02-11,76.55000305175781,77.58000183105469,73.05000305175781,74.41000366210938,289600,0.0,0.0
2016-02-12,74.88999938964844,77.06999969482422,74.22000122070312,76.80000305175781,185200,0.0,0.0
2016-02-16,77.5999984741211,77.66999816894531,76.47000122070312,77.55000305175781,243600,0.0,0.0
2016-02-17,77.73999786376953,81.16999816894531,77.55000305175781,80.55000305175781,344000,0.0,0.0
2016-02-18,80.48999786376953,82.69999694824219,78.73999786376953,78.9800033569336,249400,0.0,0.0
2016-02-19,78.91000366210938,82.31999969482422,77.7699966430664,82.1500015258789,266500,0.0,0.0
2016-02-22,82.80000305175781,84.61000061035156,82.80000305175781,83.62999725341797,404300,0.0,0.0
2016-02-23,84.06999969482422,85.66999816894531,83.08000183105469,83.0999984741211,227400,0.0,0.0
2016-02-24,82.12000274658203,84.7300033569336,81.26000213623047,84.41000366210938,186600,0.0,0.0
2016-02-25,84.37000274658203,84.75,83.23999786376953,84.0,183400,0.0,0.0
2016-02-26,84.37000274658203,84.37000274658203,83.44999694824219,84.0,176500,0.0,0.0
2016-02-29,84.0,85.61000061035156,83.98999786376953,84.5999984741211,270400,0.0,0.0
2016-03-01,85.66999816894531,86.41000366210938,84.5999984741211,85.16000366210938,233800,0.0,0.0
2016-03-02,84.91000366210938,86.08999633789062,84.31999969482422,86.01000213623047,154700,0.0,0.0
2016-03-03,85.72000122070312,86.0,83.44999694824219,84.73999786376953,194400,0.0,0.0
2016-03-04,84.23999786376953,85.44999694824219,84.0,84.79000091552734,203300,0.0,0.0
2016-03-07,85.77999877929688,88.66000366210938,85.19999694824219,87.05999755859375,275600,0.0,0.0
2016-03-08,86.80000305175781,87.16000366210938,85.44999694824219,86.0199966430664,223300,0.0,0.0
2016-03-09,86.69999694824219,86.69999694824219,85.62999725341797,86.08999633789062,145700,0.0,0.0
2016-03-10,86.36000061035156,86.5999984741211,84.11000061035156,85.04000091552734,122200,0.0,0.0
2016-03-11,85.69000244140625,86.9800033569336,84.05999755859375,86.91000366210938,115200,0.0,0.0
2016-03-14,86.83999633789062,87.9800033569336,85.94000244140625,85.9800033569336,215200,0.0,0.0
2016-03-15,85.43000030517578,85.58999633789062,84.63999938964844,84.87000274658203,195500,0.0,0.0
2016-03-16,84.61000061035156,85.58999633789062,84.12000274658203,85.06999969482422,141800,0.0,0.0
2016-03-17,85.22000122070312,88.56999969482422,84.2300033569336,88.12000274658203,750600,0.0,0.0
2016-03-18,88.62000274658203,90.81999969482422,88.01000213623047,89.43000030517578,333100,0.0,0.0
2016-03-21,89.45999908447266,91.87999725341797,89.08000183105469,89.9000015258789,176600,0.0,0.0
2016-03-22,89.0999984741211,89.76000213623047,88.55999755859375,89.06999969482422,96700,0.0,0.0
2016-03-23,89.0,89.5999984741211,87.69000244140625,88.55999755859375,180700,0.0,0.0
2016-03-24,88.12999725341797,89.58999633789062,87.44999694824219,88.73999786376953,167400,0.0,0.0
2016-03-28,88.79000091552734,89.61000061035156,87.1500015258789,89.16000366210938,191200,0.0,0.0
2016-03-29,88.7699966430664,92.30000305175781,87.37999725341797,92.1500015258789,203500,0.0,0.0
2016-03-30,92.33999633789062,93.05000305175781,90.76000213623047,90.9800033569336,168000,0.0,0.0
2016-03-31,91.0199966430664,93.11000061035156,90.13999938964844,91.9000015258789,244100,0.0,0.0
2016-04-01,91.12000274658203,94.0,91.12000274658203,92.58000183105469,126600,0.0,0.0
2016-04-04,92.72000122070312,92.72000122070312,90.6500015258789,90.95999908447266,207900,0.0,0.0
2016-04-05,90.61000061035156,92.05000305175781,90.44000244140625,90.63999938964844,159700,0.0,0.0
2016-04-06,90.7699966430664,91.37000274658203,89.3499984741211,91.20999908447266,248800,0.0,0.0
2016-04-07,90.76000213623047,91.4000015258789,89.7699966430664,89.9800033569336,215900,0.0,0.0
2016-04-08,90.2300033569336,91.62999725341797,89.61000061035156,91.19000244140625,222800,0.0,0.0
2016-04-11,91.91999816894531,92.81999969482422,90.81999969482422,91.0999984741211,112500,0.0,0.0
2016-04-12,91.3499984741211,92.8499984741211,91.0999984741211,92.12000274658203,167000,0.0,0.0
2016-04-13,92.70999908447266,95.66000366210938,92.0,95.33000183105469,299700,0.0,0.0
2016-04-14,95.01000213623047,97.70999908447266,94.62999725341797,96.81999969482422,382900,0.0,0.0
2016-04-15,96.25,96.8499984741211,95.56999969482422,95.80999755859375,148600,0.0,0.0
2016-04-18,95.66999816894531,96.69999694824219,94.80000305175781,96.0,147400,0.0,0.0
2016-04-19,96.43000030517578,96.83000183105469,95.19000244140625,95.56999969482422,165300,0.0,0.0
2016-04-20,95.5,95.5,93.88999938964844,94.0999984741211,174700,0.0,0.0
2016-04-21,94.29000091552734,94.7699966430664,93.5199966430664,93.75,142700,0.0,0.0
2016-04-22,94.08000183105469,95.12999725341797,93.9000015258789,94.83000183105469,199500,0.0,0.0
2016-04-25,94.63999938964844,95.12000274658203,94.33000183105469,94.88999938964844,130700,0.0,0.0
2016-04-26,95.37000274658203,96.93000030517578,95.22000122070312,96.9000015258789,162100,0.0,0.0
2016-04-27,96.86000061035156,98.08000183105469,95.80000305175781,98.0199966430664,289200,0.0,0.0
2016-04-28,97.29000091552734,97.29000091552734,94.29000091552734,95.41999816894531,288500,0.0,0.0
2016-04-29,95.04000091552734,99.81999969482422,89.7699966430664,93.4000015258789,504300,0.0,0.0
2016-05-02,93.4000015258789,93.4000015258789,90.11000061035156,90.69999694824219,425100,0.0,0.0
2016-05-03,90.37999725341797,90.37999725341797,88.54000091552734,89.0199966430664,247100,0.0,0.0
2016-05-04,87.87999725341797,90.31999969482422,86.69000244140625,89.5199966430664,262100,0.0,0.0
2016-05-05,89.61000061035156,90.33000183105469,88.33999633789062,89.20999908447266,251300,0.0,0.0
2016-05-06,88.79000091552734,90.47000122070312,86.97000122070312,90.16999816894531,306300,0.0,0.0
2016-05-09,90.5,90.54000091552734,87.41000366210938,88.01000213623047,238400,0.0,0.0
2016-05-10,88.20999908447266,88.31999969482422,86.41000366210938,87.38999938964844,356200,0.0,0.0
2016-05-11,87.11000061035156,87.7699966430664,86.3499984741211,86.80999755859375,233000,0.0,0.0
2016-05-12,87.3499984741211,87.69000244140625,86.26000213623047,86.94000244140625,190500,0.0,0.0
2016-05-13,86.54000091552734,87.54000091552734,85.3499984741211,85.48999786376953,149000,0.0,0.0
2016-05-16,85.69999694824219,86.7300033569336,85.33000183105469,85.63999938964844,202600,0.0,0.0
2016-05-17,81.0,85.62999725341797,81.0,84.11000061035156,201500,0.0,0.0
2016-05-18,83.63999938964844,86.44999694824219,83.22000122070312,85.55999755859375,224900,0.0,0.0
2016-05-19,85.19999694824219,86.06999969482422,85.0,85.37999725341797,167900,0.0,0.0
2016-05-20,85.63999938964844,87.69000244140625,83.55999755859375,87.47000122070312,236900,0.0,0.0
2016-05-23,87.77999877929688,89.94999694824219,87.30999755859375,89.61000061035156,249800,0.0,0.0
2016-05-24,90.43000030517578,93.19000244140625,90.2300033569336,92.68000030517578,386200,0.0,0.0
2016-05-25,93.08999633789062,93.80000305175781,91.31999969482422,92.06999969482422,153800,0.0,0.0
2016-05-26,92.04000091552734,93.2300033569336,89.69000244140625,92.62999725341797,117100,0.0,0.0
2016-05-27,92.8499984741211,96.19999694824219,92.38999938964844,96.0999984741211,298600,0.0,0.0
2016-05-31,96.04000091552734,96.0999984741211,94.0999984741211,94.62000274658203,147600,0.0,0.0
2016-06-01,94.19999694824219,95.9800033569336,94.19999694824219,95.62999725341797,136000,0.0,0.0
2016-06-02,95.51000213623047,97.26000213623047,94.93000030517578,97.19999694824219,145000,0.0,0.0
2016-06-03,96.91999816894531,97.70999908447266,95.97000122070312,97.52999877929688,126900,0.0,0.0
2016-06-06,97.58000183105469,98.37000274658203,95.83999633789062,98.02999877929688,104400,0.0,0.0
2016-06-07,98.20999908447266,98.4800033569336,97.05999755859375,98.26000213623047,100200,0.0,0.0
2016-06-08,98.23999786376953,98.48999786376953,96.12999725341797,97.33999633789062,141600,0.0,0.0
2016-06-09,96.91999816894531,96.91999816894531,95.04000091552734,96.30999755859375,143100,0.0,0.0
2016-06-10,95.30999755859375,96.38999938964844,91.5,94.5,174200,0.0,0.0
2016-06-13,94.3499984741211,95.04000091552734,92.55000305175781,93.23999786376953,140900,0.0,0.0
2016-06-14,92.97000122070312,94.44000244140625,92.75,94.29000091552734,116100,0.0,0.0
2016-06-15,94.5999984741211,95.44999694824219,93.66000366210938,94.19000244140625,77000,0.0,0.0
2016-06-16,93.56999969482422,94.91999816894531,92.86000061035156,94.81999969482422,78200,0.0,0.0
2016-06-17,95.05000305175781,95.05000305175781,92.83999633789062,93.37000274658203,195200,0.0,0.0
2016-06-20,94.56999969482422,94.88999938964844,93.70999908447266,93.73999786376953,129500,0.0,0.0
2016-06-21,93.9000015258789,93.9000015258789,93.05999755859375,93.5,170800,0.0,0.0
2016-06-22,94.04000091552734,94.33999633789062,91.51000213623047,92.02999877929688,136600,0.0,0.0
2016-06-23,92.95999908447266,94.30000305175781,92.30999755859375,93.72000122070312,158800,0.0,0.0
2016-06-24,89.47000122070312,91.33000183105469,88.0,89.37999725341797,908700,0.0,0.0
2016-06-27,88.48999786376953,88.9800033569336,86.45999908447266,86.62000274658203,287700,0.0,0.0
2016-06-28,87.20999908447266,87.94000244140625,86.31999969482422,86.5199966430664,274500,0.0,0.0
2016-06-29,87.33000183105469,88.5,86.73999786376953,87.56999969482422,250000,0.0,0.0
2016-06-30,87.94999694824219,91.87999725341797,87.22000122070312,91.77999877929688,318800,0.0,0.0
2016-07-01,91.77999877929688,93.0,90.0199966430664,90.5,94800,0.0,0.0
2016-07-05,89.80000305175781,90.91000366210938,89.04000091552734,89.43000030517578,136800,0.0,0.0
2016-07-06,88.61000061035156,90.52999877929688,88.55999755859375,89.98999786376953,114000,0.0,0.0
2016-07-07,90.30000305175781,91.08999633789062,90.18000030517578,90.41000366210938,116000,0.0,0.0
2016-07-08,91.33999633789062,93.31999969482422,91.33999633789062,93.01000213623047,137700,0.0,0.0
2016-07-11,93.79000091552734,94.31999969482422,92.93000030517578,93.02999877929688,89500,0.0,0.0
2016-07-12,93.75,95.02999877929688,93.23999786376953,94.76000213623047,96200,0.0,0.0
2016-07-13,95.55000305175781,95.72000122070312,94.70999908447266,95.19999694824219,137600,0.0,0.0
2016-07-14,96.05000305175781,96.05000305175781,94.31999969482422,94.38999938964844,58800,0.0,0.0
2016-07-15,95.11000061035156,95.11000061035156,93.61000061035156,94.55999755859375,117900,0.0,0.0
2016-07-18,94.0999984741211,96.2300033569336,94.0999984741211,94.76000213623047,85400,0.0,0.0
2016-07-19,94.73999786376953,95.19999694824219,93.0999984741211,93.58999633789062,119500,0.0,0.0
2016-07-20,94.18000030517578,94.43000030517578,93.0199966430664,94.25,226700,0.0,0.0
2016-07-21,94.30999755859375,97.58999633789062,93.16999816894531,93.45999908447266,366500,0.0,0.0
2016-07-22,93.69000244140625,96.75,92.93000030517578,96.44000244140625,257100,0.0,0.0
2016-07-25,96.33999633789062,96.8499984741211,95.75,95.8499984741211,140500,0.0,0.0
2016-07-26,96.2699966430664,96.97000122070312,94.08999633789062,95.73999786376953,134600,0.0,0.0
2016-07-27,96.0,99.8499984741211,95.83000183105469,98.70999908447266,586300,0.0,0.0
2016-07-28,102.0,105.0,100.1500015258789,103.75,495600,0.0,0.0
2016-07-29,103.75,107.1500015258789,103.73999786376953,106.05000305175781,414300,0.0,0.0
2016-08-01,105.37999725341797,107.72000122070312,105.37999725341797,107.0999984741211,407900,0.0,0.0
2016-08-02,107.2300033569336,107.5,105.61000061035156,105.66000366210938,201000,0.0,0.0
2016-08-03,105.81999969482422,106.37999725341797,105.12000274658203,105.48999786376953,246100,0.0,0.0
2016-08-04,105.62999725341797,106.19999694824219,105.16000366210938,106.06999969482422,193800,0.0,0.0
2016-08-05,106.5,107.12000274658203,105.47000122070312,105.87000274658203,150300,0.0,0.0
2016-08-08,106.6500015258789,106.6500015258789,104.51000213623047,105.47000122070312,114800,0.0,0.0
2016-08-09,105.70999908447266,108.69999694824219,105.62999725341797,108.36000061035156,380200,0.0,0.0
2016-08-10,108.98999786376953,109.4000015258789,106.23999786376953,108.48999786376953,327800,0.0,0.0
2016-08-11,108.48999786376953,110.4800033569336,108.48999786376953,109.19000244140625,296300,0.0,0.0
2016-08-12,109.30000305175781,109.30000305175781,108.05999755859375,108.5999984741211,135800,0.0,0.0
2016-08-15,108.5999984741211,109.69999694824219,107.75,109.38999938964844,245200,0.0,0.0
2016-08-16,109.16000366210938,109.95999908447266,107.7300033569336,109.3499984741211,136900,0.0,0.0
2016-08-17,109.30999755859375,109.91999816894531,108.33000183105469,108.95999908447266,97500,0.0,0.0
2016-08-18,108.4000015258789,109.58000183105469,108.4000015258789,109.55000305175781,140900,0.0,0.0
2016-08-19,109.27999877929688,112.08999633789062,108.30000305175781,111.44999694824219,239100,0.0,0.0
2016-08-22,111.48999786376953,111.48999786376953,109.36000061035156,110.7699966430664,101400,0.0,0.0
2016-08-23,110.63999938964844,111.80000305175781,110.63999938964844,110.9800033569336,134600,0.0,0.0
2016-08-24,111.04000091552734,111.19000244140625,109.22000122070312,109.37999725341797,181800,0.0,0.0
2016-08-25,108.5199966430664,109.29000091552734,107.5,108.37999725341797,192400,0.0,0.0
2016-08-26,108.43000030517578,109.29000091552734,106.6500015258789,107.69999694824219,171100,0.0,0.0
2016-08-29,107.5,108.16999816894531,106.69999694824219,107.26000213623047,146600,0.0,0.0
2016-08-30,106.93000030517578,107.66999816894531,106.83000183105469,107.45999908447266,103200,0.0,0.0
2016-08-31,107.26000213623047,107.26000213623047,105.13999938964844,105.18000030517578,133300,0.0,0.0
2016-09-01,105.41000366210938,106.7699966430664,104.9000015258789,106.11000061035156,140700,0.0,0.0
2016-09-02,106.73999786376953,107.25,105.13999938964844,105.72000122070312,139300,0.0,0.0
2016-09-06,105.26000213623047,105.8499984741211,105.05000305175781,105.83999633789062,89800,0.0,0.0
2016-09-07,106.0,106.47000122070312,104.63999938964844,105.87999725341797,122200,0.0,0.0
2016-09-08,106.22000122070312,106.22000122070312,105.08999633789062,105.91000366210938,65800,0.0,0.0
2016-09-09,105.26000213623047,105.26000213623047,102.33999633789062,102.58000183105469,126900,0.0,0.0
2016-09-12,101.80000305175781,103.7300033569336,101.41999816894531,103.44000244140625,120100,0.0,0.0
2016-09-13,102.98999786376953,103.19000244140625,101.5199966430664,101.80000305175781,124900,0.0,0.0
2016-09-14,101.95999908447266,102.73999786376953,101.23999786376953,101.54000091552734,112700,0.0,0.0
2016-09-15,101.70999908447266,105.16000366210938,101.33000183105469,104.80000305175781,110100,0.0,0.0
2016-09-16,105.19999694824219,105.20999908447266,103.83999633789062,104.69999694824219,320800,0.0,0.0
2016-09-19,104.9000015258789,107.47000122070312,104.9000015258789,106.36000061035156,202400,0.0,0.0
2016-09-20,107.18000030517578,107.18000030517578,105.83999633789062,106.94999694824219,115200,0.0,0.0
2016-09-21,107.61000061035156,110.5199966430664,106.11000061035156,110.51000213623047,197500,0.0,0.0
2016-09-22,111.0,111.97000122070312,110.12999725341797,111.62999725341797,239800,0.0,0.0
2016-09-23,110.91000366210938,111.38999938964844,109.98999786376953,110.97000122070312,252200,0.0,0.0
2016-09-26,110.5999984741211,112.4000015258789,110.12000274658203,110.79000091552734,131300,0.0,0.0
2016-09-27,111.02999877929688,111.54000091552734,110.36000061035156,110.69000244140625,62500,0.0,0.0
2016-09-28,111.12000274658203,111.30999755859375,110.0,110.69000244140625,76600,0.0,0.0
2016-09-29,110.41000366210938,110.41000366210938,108.83000183105469,109.26000213623047,68900,0.0,0.0
2016-09-30,109.37999725341797,112.23999786376953,108.93000030517578,110.54000091552734,175000,0.0,0.0
2016-10-03,110.5999984741211,111.29000091552734,109.08999633789062,109.7300033569336,117000,0.0,0.0
2016-10-04,109.58999633789062,110.69999694824219,108.30000305175781,108.88999938964844,111300,0.0,0.0
2016-10-05,109.41000366210938,109.93000030517578,108.76000213623047,108.95999908447266,161700,0.0,0.0
2016-10-06,108.66999816894531,113.69999694824219,108.41999816894531,113.37000274658203,348800,0.0,0.0
2016-10-07,113.83000183105469,113.83000183105469,110.25,111.11000061035156,172800,0.0,0.0
2016-10-10,111.70999908447266,113.08999633789062,111.54000091552734,112.05000305175781,68100,0.0,0.0
2016-10-11,111.9800033569336,111.9800033569336,109.37000274658203,110.55999755859375,132500,0.0,0.0
2016-10-12,110.38999938964844,110.5,108.80000305175781,108.97000122070312,123900,0.0,0.0
2016-10-13,108.56999969482422,108.56999969482422,105.45999908447266,105.81999969482422,141300,0.0,0.0
2016-10-14,105.66999816894531,106.8499984741211,104.77999877929688,104.8499984741211,151500,0.0,0.0
2016-10-17,104.51000213623047,105.88999938964844,103.69999694824219,103.69999694824219,93600,0.0,0.0
2016-10-18,104.5199966430664,106.98999786376953,103.05000305175781,103.08000183105469,178300,0.0,0.0
2016-10-19,103.45999908447266,103.54000091552734,102.48999786376953,103.2699966430664,188500,0.0,0.0
2016-10-20,102.70999908447266,104.08000183105469,102.02999877929688,103.13999938964844,163000,0.0,0.0
2016-10-21,102.30999755859375,104.75,101.79000091552734,104.55999755859375,126600,0.0,0.0
2016-10-24,105.06999969482422,106.87999725341797,104.5,106.83000183105469,125100,0.0,0.0
2016-10-25,108.37000274658203,108.83000183105469,105.4800033569336,105.97000122070312,112700,0.0,0.0
2016-10-26,105.7300033569336,106.6500015258789,104.16999816894531,105.51000213623047,91400,0.0,0.0
2016-10-27,106.12000274658203,106.75,105.0,105.62000274658203,118000,0.0,0.0
2016-10-28,105.68000030517578,106.75,103.6500015258789,105.68000030517578,123700,0.0,0.0
2016-10-31,105.66000366210938,106.56999969482422,103.62999725341797,104.12000274658203,235500,0.0,0.0
2016-11-01,104.02999877929688,104.94999694824219,101.56999969482422,102.08000183105469,209800,0.0,0.0
2016-11-02,101.69000244140625,102.2300033569336,100.01000213623047,101.43000030517578,240000,0.0,0.0
2016-11-03,107.0,117.97000122070312,107.0,114.56999969482422,715000,0.0,0.0
2016-11-04,115.19999694824219,118.37000274658203,114.56999969482422,115.5999984741211,302100,0.0,0.0
2016-11-07,117.47000122070312,117.80000305175781,116.16000366210938,117.16999816894531,219500,0.0,0.0
2016-11-08,116.69000244140625,117.56999969482422,116.20999908447266,116.56999969482422,182300,0.0,0.0
2016-11-09,115.51000213623047,120.5,115.0,120.3499984741211,285100,0.0,0.0
2016-11-10,118.83000183105469,121.81999969482422,117.3499984741211,120.69999694824219,443200,0.0,0.0
2016-11-11,120.69999694824219,126.22000122070312,120.69999694824219,125.88999938964844,246200,0.0,0.0
2016-11-14,127.9000015258789,127.9800033569336,124.69999694824219,126.31999969482422,194200,0.0,0.0
2016-11-15,125.25,127.33999633789062,125.16000366210938,126.98999786376953,238900,0.0,0.0
2016-11-16,126.94000244140625,128.89999389648438,126.7300033569336,128.8800048828125,232100,0.0,0.0
2016-11-17,128.3800048828125,130.32000732421875,127.87000274658203,129.10000610351562,218500,0.0,0.0
2016-11-18,129.25999450683594,130.94000244140625,128.61000061035156,130.86000061035156,132100,0.0,0.0
2016-11-21,130.91000366210938,131.55999755859375,129.22000122070312,129.97999572753906,143800,0.0,0.0
2016-11-22,129.9499969482422,131.69000244140625,129.0,131.6199951171875,152500,0.0,0.0
2016-11-23,131.99000549316406,133.77000427246094,131.1699981689453,132.1199951171875,154400,0.0,0.0
2016-11-25,131.13999938964844,134.1999969482422,131.13999938964844,133.39999389648438,60200,0.0,0.0
2016-11-28,132.72000122070312,133.6300048828125,131.33999633789062,131.8800048828125,172300,0.0,0.0
2016-11-29,130.86000061035156,133.85000610351562,130.52000427246094,132.99000549316406,177700,0.0,0.0
2016-11-30,134.02999877929688,134.3699951171875,130.30999755859375,130.5,149100,0.0,0.0
2016-12-01,130.5800018310547,134.97000122070312,124.94000244140625,126.95999908447266,334800,0.0,0.0
2016-12-02,127.27999877929688,129.17999267578125,125.44999694824219,128.77000427246094,123100,0.0,0.0
2016-12-05,129.27000427246094,130.8000030517578,129.07000732421875,130.30999755859375,193200,0.0,0.0
2016-12-06,130.75,130.75,128.60000610351562,128.97999572753906,156700,0.0,0.0
2016-12-07,128.3699951171875,132.3300018310547,128.2100067138672,132.00999450683594,130700,0.0,0.0
2016-12-08,132.0,136.3800048828125,131.08999633789062,135.97999572753906,179700,0.0,0.0
2016-12-09,136.99000549316406,136.99000549316406,130.52000427246094,132.13999938964844,230500,0.0,0.0
2016-12-12,132.0,132.99000549316406,131.13999938964844,131.97999572753906,190300,0.0,0.0
2016-12-13,133.14999389648438,135.2899932861328,131.85000610351562,133.05999755859375,217000,0.0,0.0
2016-12-14,132.0800018310547,134.8000030517578,129.6199951171875,131.1199951171875,421200,0.0,0.0
2016-12-15,131.02000427246094,136.0,131.02000427246094,135.8699951171875,170800,0.0,0.0
2016-12-16,136.77000427246094,139.85000610351562,136.0399932861328,137.88999938964844,821800,0.0,0.0
2016-12-19,138.22999572753906,138.97000122070312,134.75,134.9600067138672,333500,0.0,0.0
2016-12-20,134.99000549316406,136.4199981689453,132.1199951171875,136.2100067138672,303500,0.0,0.0
2016-12-21,136.6199951171875,138.0,135.2100067138672,136.82000732421875,256900,0.0,0.0
2016-12-22,137.47000122070312,138.1999969482422,135.00999450683594,137.24000549316406,291100,0.0,0.0
2016-12-23,136.99000549316406,137.97999572753906,136.05999755859375,137.38999938964844,144700,0.0,0.0
2016-12-27,137.99000549316406,138.82000732421875,136.9600067138672,138.3300018310547,103400,0.0,0.0
2016-12-28,139.00999450683594,139.6300048828125,135.9199981689453,136.0500030517578,132100,0.0,0.0
2016-12-29,135.33999633789062,138.6699981689453,135.05999755859375,137.85000610351562,115900,0.0,0.0
2016-12-30,138.5800018310547,138.5800018310547,136.11000061035156,137.38999938964844,118900,0.0,0.0
2017-01-03,139.57000732421875,140.38999938964844,135.74000549316406,136.4199981689453,185100,0.0,0.0
2017-01-04,137.16000366210938,141.75,137.16000366210938,141.64999389648438,221400,0.0,0.0
2017-01-05,141.75,141.75,137.0,137.13999938964844,188700,0.0,0.0
2017-01-06,137.69000244140625,139.75,136.52000427246094,138.69000244140625,196200,0.0,0.0
2017-01-09,139.25,144.63999938964844,138.75999450683594,144.27000427246094,317500,0.0,0.0
2017-01-10,144.19000244140625,144.42999267578125,140.86000061035156,142.1300048828125,240200,0.0,0.0
2017-01-11,142.7899932861328,144.0500030517578,141.66000366210938,144.0399932861328,266400,0.0,0.0
2017-01-12,144.4600067138672,144.89999389648438,140.9600067138672,144.10000610351562,186200,0.0,0.0
2017-01-13,144.00999450683594,145.8800048828125,143.77999877929688,145.86000061035156,144200,0.0,0.0
2017-01-17,146.11000061035156,146.61000061035156,143.74000549316406,145.2100067138672,263400,0.0,0.0
2017-01-18,148.10000610351562,148.42999267578125,145.00999450683594,147.5,253400,0.0,0.0
2017-01-19,148.11000061035156,149.17999267578125,145.17999267578125,146.14999389648438,149400,0.0,0.0
2017-01-20,146.97999572753906,148.89999389648438,146.57000732421875,148.1699981689453,174200,0.0,0.0
2017-01-23,147.7899932861328,148.47999572753906,146.39999389648438,146.92999267578125,189400,0.0,0.0
2017-01-24,147.75,155.10000610351562,147.50999450683594,154.39999389648438,297000,0.0,0.0
2017-01-25,156.44000244140625,158.82000732421875,153.44000244140625,157.5399932861328,385500,0.0,0.0
2017-01-26,157.00999450683594,157.44000244140625,154.50999450683594,156.94000244140625,215400,0.0,0.0
2017-01-27,156.5,157.39999389648438,155.30999755859375,156.69000244140625,90200,0.0,0.0
2017-01-30,155.85000610351562,157.00999450683594,150.5,155.92999267578125,278000,0.0,0.0
2017-01-31,155.3800048828125,158.32000732421875,153.99000549316406,157.72999572753906,239600,0.0,0.0
2017-02-01,158.63999938964844,162.35000610351562,155.61000061035156,158.02000427246094,249200,0.0,0.0
2017-02-02,158.44000244140625,159.3699951171875,155.9600067138672,157.00999450683594,174700,0.0,0.0
2017-02-03,158.7100067138672,161.39999389648438,157.88999938964844,158.4499969482422,225400,0.0,0.0
2017-02-06,157.74000549316406,158.0800018310547,156.8300018310547,157.4600067138672,166100,0.0,0.0
2017-02-07,158.0,161.83999633789062,157.57000732421875,161.33999633789062,415800,0.0,0.0
2017-02-08,182.0,194.36000061035156,180.07000732421875,190.64999389648438,1406700,0.0,0.0
2017-02-09,191.63999938964844,196.0,189.5,193.27000427246094,431300,0.0,0.0
2017-02-10,194.64999389648438,200.52999877929688,192.5,197.19000244140625,456600,0.0,0.0
2017-02-13,198.50999450683594,200.0,193.85000610351562,194.38999938964844,396000,0.0,0.0
2017-02-14,194.25,195.2899932861328,189.10000610351562,193.97999572753906,325500,0.0,0.0
2017-02-15,192.9199981689453,194.3800048828125,189.5,193.2100067138672,522100,0.0,0.0
2017-02-16,193.32000732421875,193.97999572753906,189.00999450683594,191.74000549316406,212900,0.0,0.0
2017-02-17,191.75,195.19000244140625,189.02999877929688,193.60000610351562,251100,0.0,0.0
2017-02-21,194.8300018310547,195.39999389648438,189.82000732421875,191.41000366210938,273900,0.0,0.0
2017-02-22,190.4199981689453,191.88999938964844,186.5,189.83999633789062,489200,0.0,0.0
2017-02-23,190.1999969482422,190.1999969482422,181.6999969482422,186.22000122070312,309500,0.0,0.0
2017-02-24,184.50999450683594,189.8000030517578,182.0,187.1199951171875,165500,0.0,0.0
2017-02-27,186.8699951171875,187.77999877929688,184.63999938964844,187.0,193900,0.0,0.0
2017-02-28,186.10000610351562,186.32000732421875,182.33999633789062,182.5800018310547,192800,0.0,0.0
2017-03-01,184.9600067138672,190.3699951171875,184.07000732421875,188.02000427246094,325700,0.0,0.0
2017-03-02,188.50999450683594,188.50999450683594,182.4600067138672,184.6699981689453,220700,0.0,0.0
2017-03-03,185.0,185.0399932861328,181.5,183.05999755859375,276900,0.0,0.0
2017-03-06,182.38999938964844,184.42999267578125,181.52000427246094,183.52000427246094,128400,0.0,0.0
2017-03-07,182.6199951171875,186.55999755859375,182.25999450683594,183.66000366210938,233500,0.0,0.0
2017-03-08,182.97000122070312,184.42999267578125,181.6300048828125,181.85000610351562,166400,0.0,0.0
2017-03-09,181.27999877929688,183.92999267578125,179.60000610351562,181.47000122070312,219100,0.0,0.0
2017-03-10,182.25999450683594,185.0800018310547,180.3000030517578,184.14999389648438,215800,0.0,0.0
2017-03-13,186.7899932861328,190.41000366210938,186.75999450683594,187.75,323500,0.0,0.0
2017-03-14,186.3800048828125,188.50999450683594,183.02000427246094,188.38999938964844,236000,0.0,0.0
2017-03-15,189.5800018310547,195.24000549316406,188.75,194.5399932861328,371700,0.0,0.0
2017-03-16,195.3300018310547,196.66000366210938,193.3000030517578,194.10000610351562,209500,0.0,0.0
2017-03-17,193.4199981689453,197.0800018310547,192.8000030517578,192.94000244140625,4228500,0.0,0.0
2017-03-20,193.0,193.74000549316406,191.50999450683594,193.3000030517578,353100,0.0,0.0
2017-03-21,193.77000427246094,194.0399932861328,188.14999389648438,190.2899932861328,380100,0.0,0.0
2017-03-22,190.25999450683594,192.89999389648438,184.3699951171875,192.63999938964844,288100,0.0,0.0
2017-03-23,192.74000549316406,197.3800048828125,188.0,196.1199951171875,246800,0.0,0.0
2017-03-24,196.38999938964844,201.80999755859375,196.24000549316406,197.9600067138672,364500,0.0,0.0
2017-03-27,197.4499969482422,207.00999450683594,195.25,204.91000366210938,737000,0.0,0.0
2017-03-28,205.6999969482422,207.83999633789062,203.1999969482422,206.00999450683594,335500,0.0,0.0
2017-03-29,206.1300048828125,207.83999633789062,204.2100067138672,205.0399932861328,258200,0.0,0.0
2017-03-30,204.9600067138672,207.47000122070312,204.5,205.61000061035156,287600,0.0,0.0
2017-03-31,205.35000610351562,206.8800048828125,204.10000610351562,205.63999938964844,341400,0.0,0.0
2017-04-03,207.66000366210938,208.6199951171875,202.08999633789062,203.49000549316406,295300,0.0,0.0
2017-04-04,202.5,204.99000549316406,199.8699951171875,200.5399932861328,238000,0.0,0.0
2017-04-05,201.52000427246094,202.27999877929688,195.1999969482422,197.44000244140625,362100,0.0,0.0
2017-04-06,197.1999969482422,200.66000366210938,195.02999877929688,199.25,207100,0.0,0.0
2017-04-07,198.22000122070312,201.66000366210938,195.14999389648438,199.64999389648438,159700,0.0,0.0
2017-04-10,199.8000030517578,201.5,197.64999389648438,198.9600067138672,183600,0.0,0.0
2017-04-11,198.8800048828125,199.99000549316406,195.1999969482422,199.25,200800,0.0,0.0
2017-04-12,198.57000732421875,200.25,195.02000427246094,195.61000061035156,233900,0.0,0.0
2017-04-13,194.85000610351562,196.25999450683594,191.00999450683594,192.7899932861328,335400,0.0,0.0
2017-04-17,192.75999450683594,196.02000427246094,191.50999450683594,195.63999938964844,150200,0.0,0.0
2017-04-18,195.3000030517578,195.77999877929688,193.50999450683594,194.7899932861328,158200,0.0,0.0
2017-04-19,195.5399932861328,201.49000549316406,194.6999969482422,200.5800018310547,439900,0.0,0.0
2017-04-20,201.41000366210938,206.3000030517578,201.35000610351562,205.3800048828125,289800,0.0,0.0
2017-04-21,205.64999389648438,206.08999633789062,203.07000732421875,205.47000122070312,246200,0.0,0.0
2017-04-24,208.41000366210938,211.89999389648438,206.85000610351562,211.36000061035156,265400,0.0,0.0
2017-04-25,214.14999389648438,214.61000061035156,210.82000732421875,212.3800048828125,200900,0.0,0.0
2017-04-26,211.97000122070312,213.0,208.47000122070312,211.4600067138672,186800,0.0,0.0
2017-04-27,211.99000549316406,215.85000610351562,211.8000030517578,215.5399932861328,147600,0.0,0.0
2017-04-28,215.92999267578125,217.86000061035156,213.47000122070312,215.60000610351562,241200,0.0,0.0
2017-05-01,216.3699951171875,218.52000427246094,213.60000610351562,218.22000122070312,122100,0.0,0.0
2017-05-02,217.22000122070312,219.72000122070312,214.49000549316406,217.27000427246094,210500,0.0,0.0
2017-05-03,216.1199951171875,216.91000366210938,210.86000061035156,212.10000610351562,238700,0.0,0.0
2017-05-04,212.22999572753906,215.5399932861328,211.3800048828125,215.22000122070312,199600,0.0,0.0
2017-05-05,216.22000122070312,225.25999450683594,216.22000122070312,225.16000366210938,420200,0.0,0.0
2017-05-08,224.17999267578125,226.72000122070312,215.99000549316406,217.5800018310547,489900,0.0,0.0
2017-05-09,218.8699951171875,222.69000244140625,217.75,220.0500030517578,427900,0.0,0.0
2017-05-10,248.0800018310547,255.0399932861328,240.0,251.02000427246094,1270400,0.0,0.0
2017-05-11,250.33999633789062,254.86000061035156,245.0,250.42999267578125,531100,0.0,0.0
2017-05-12,249.89999389648438,250.99000549316406,241.64999389648438,248.88999938964844,404400,0.0,0.0
2017-05-15,249.47999572753906,256.70001220703125,249.10000610351562,253.5500030517578,311700,0.0,0.0
2017-05-16,252.97999572753906,260.25,251.3800048828125,259.8900146484375,449500,0.0,0.0
2017-05-17,256.9800109863281,257.44000244140625,241.1300048828125,245.10000610351562,579000,0.0,0.0
2017-05-18,246.4499969482422,253.85000610351562,242.89999389648438,249.4499969482422,472300,0.0,0.0
2017-05-19,251.25999450683594,254.60000610351562,245.16000366210938,245.74000549316406,347200,0.0,0.0
2017-05-22,248.9499969482422,252.14999389648438,245.5,249.85000610351562,289400,0.0,0.0
2017-05-23,251.33999633789062,253.97000122070312,245.22000122070312,247.6199951171875,340000,0.0,0.0
2017-05-24,248.13999938964844,249.60000610351562,239.50999450683594,244.74000549316406,370800,0.0,0.0
2017-05-25,246.33999633789062,248.75999450683594,243.00999450683594,247.22000122070312,317400,0.0,0.0
2017-05-26,246.72000122070312,250.77000427246094,243.3800048828125,248.4600067138672,194200,0.0,0.0
2017-05-30,248.5,252.0,247.5,249.5,251100,0.0,0.0
2017-05-31,250.3699951171875,251.52000427246094,242.52000427246094,248.14999389648438,263300,0.0,0.0
2017-06-01,248.72999572753906,251.77999877929688,245.86000061035156,251.39999389648438,238700,0.0,0.0
2017-06-02,252.39999389648438,260.989990234375,251.39999389648438,255.8300018310547,349300,0.0,0.0
2017-06-05,254.8300018310547,257.989990234375,252.2899932861328,252.6199951171875,206300,0.0,0.0
2017-06-06,252.6199951171875,257.1199951171875,250.60000610351562,254.75999450683594,208700,0.0,0.0
2017-06-07,255.19000244140625,258.7699890136719,253.05999755859375,257.8500061035156,281600,0.0,0.0
2017-06-08,258.8500061035156,262.5299987792969,255.52999877929688,261.8500061035156,294200,0.0,0.0
2017-06-09,263.1000061035156,269.17999267578125,242.4199981689453,249.2899932861328,581400,0.0,0.0
2017-06-12,251.57000732421875,253.61000061035156,234.10000610351562,246.0,498400,0.0,0.0
2017-06-13,248.1699981689453,252.1999969482422,241.6300048828125,245.0500030517578,297300,0.0,0.0
2017-06-14,246.0500030517578,248.2899932861328,238.11000061035156,239.86000061035156,311300,0.0,0.0
2017-06-15,234.0500030517578,236.55999755859375,230.07000732421875,234.4499969482422,472500,0.0,0.0
2017-06-16,232.8800048828125,241.89999389648438,232.8800048828125,241.0,450400,0.0,0.0
2017-06-19,244.19000244140625,250.52999877929688,241.5800018310547,249.6699981689453,319800,0.0,0.0
2017-06-20,250.0,251.25,241.77999877929688,242.47999572753906,340900,0.0,0.0
2017-06-21,243.74000549316406,249.44000244140625,241.39999389648438,246.5,294200,0.0,0.0
2017-06-22,245.60000610351562,246.92999267578125,238.8800048828125,242.2899932861328,382800,0.0,0.0
2017-06-23,242.4199981689453,248.08999633789062,238.8000030517578,239.02000427246094,2903800,0.0,0.0
2017-06-26,241.0800018310547,244.91000366210938,234.77999877929688,237.2100067138672,380100,0.0,0.0
2017-06-27,236.1999969482422,236.82000732421875,225.17999267578125,225.67999267578125,527000,0.0,0.0
2017-06-28,227.00999450683594,233.89999389648438,221.33999633789062,232.67999267578125,533000,0.0,0.0
2017-06-29,233.07000732421875,233.1999969482422,219.02000427246094,221.6300048828125,480000,0.0,0.0
2017-06-30,224.14999389648438,230.27000427246094,221.72000122070312,224.99000549316406,438600,0.0,0.0
2017-07-03,228.07000732421875,228.17999267578125,221.83999633789062,222.19000244140625,198400,0.0,0.0
2017-07-05,222.66000366210938,228.0,222.42999267578125,226.88999938964844,404200,0.0,0.0
2017-07-06,224.74000549316406,230.0,223.0500030517578,226.92999267578125,505400,0.0,0.0
2017-07-07,228.0,238.8800048828125,228.0,236.11000061035156,394200,0.0,0.0
2017-07-10,236.8699951171875,241.10000610351562,234.39999389648438,239.67999267578125,399000,0.0,0.0
2017-07-11,239.67999267578125,244.60000610351562,239.27000427246094,243.4499969482422,585800,0.0,0.0
2017-07-12,246.42999267578125,255.08999633789062,245.94000244140625,254.85000610351562,587500,0.0,0.0
2017-07-13,255.6300048828125,268.4700012207031,255.6300048828125,267.04998779296875,1071600,0.0,0.0
2017-07-14,267.75,277.8999938964844,265.5,271.9599914550781,802800,0.0,0.0
2017-07-17,272.8699951171875,276.20001220703125,270.5199890136719,274.8500061035156,621600,0.0,0.0
2017-07-18,272.7300109863281,275.6400146484375,262.67999267578125,265.4800109863281,930800,0.0,0.0
2017-07-19,265.989990234375,268.9100036621094,265.3500061035156,266.739990234375,398700,0.0,0.0
2017-07-20,268.9700012207031,271.7099914550781,264.95001220703125,270.67999267578125,284300,0.0,0.0
2017-07-21,269.2900085449219,272.9700012207031,267.3999938964844,268.8999938964844,342400,0.0,0.0
2017-07-24,269.8299865722656,277.2699890136719,269.44000244140625,276.3599853515625,406300,0.0,0.0
2017-07-25,276.0,277.20001220703125,271.55999755859375,274.1000061035156,386500,0.0,0.0
2017-07-26,275.760009765625,275.79998779296875,270.55999755859375,272.30999755859375,268700,0.0,0.0
2017-07-27,274.6499938964844,278.3900146484375,261.30999755859375,269.6700134277344,414800,0.0,0.0
2017-07-28,268.010009765625,269.4599914550781,264.2699890136719,265.75,279300,0.0,0.0
2017-07-31,268.4200134277344,268.95001220703125,264.79998779296875,265.0,314400,0.0,0.0
2017-08-01,269.3999938964844,273.2799987792969,268.010009765625,271.0,803500,0.0,0.0
2017-08-02,235.75,239.77999877929688,208.55999755859375,212.4199981689453,4061100,0.0,0.0
2017-08-03,217.00999450683594,221.97999572753906,210.74000549316406,216.5500030517578,1542900,0.0,0.0
2017-08-04,218.36000061035156,218.36000061035156,209.35000610351562,210.99000549316406,768200,0.0,0.0
2017-08-07,212.82000732421875,219.8300018310547,211.3300018310547,219.5800018310547,666800,0.0,0.0
2017-08-08,219.44000244140625,228.9499969482422,217.1199951171875,224.27000427246094,804400,0.0,0.0
2017-08-09,221.6699981689453,223.0,217.83999633789062,219.44000244140625,506700,0.0,0.0
2017-08-10,216.9499969482422,219.3800048828125,210.02999877929688,210.25,606800,0.0,0.0
2017-08-11,212.07000732421875,216.74000549316406,210.30999755859375,214.52999877929688,620800,0.0,0.0
2017-08-14,217.5800018310547,223.22000122070312,216.94000244140625,217.8699951171875,440700,0.0,0.0
2017-08-15,219.75,237.67999267578125,219.0,225.47999572753906,1485800,0.0,0.0
2017-08-16,224.72000122070312,225.89999389648438,219.47000122070312,223.72000122070312,639000,0.0,0.0
2017-08-17,221.61000061035156,224.69000244140625,215.0,215.08999633789062,474200,0.0,0.0
2017-08-18,216.50999450683594,219.82000732421875,215.6300048828125,218.36000061035156,488700,0.0,0.0
2017-08-21,218.44000244140625,218.44000244140625,213.4199981689453,217.3800048828125,675400,0.0,0.0
2017-08-22,218.6999969482422,220.77999877929688,216.3000030517578,219.69000244140625,368800,0.0,0.0
2017-08-23,217.5500030517578,223.39999389648438,217.05999755859375,222.10000610351562,338400,0.0,0.0
2017-08-24,222.0,226.5500030517578,220.0,223.75,355900,0.0,0.0
2017-08-25,224.58999633789062,225.08999633789062,219.10000610351562,220.0500030517578,324400,0.0,0.0
2017-08-28,221.1199951171875,224.52000427246094,219.9499969482422,223.72999572753906,287900,0.0,0.0
2017-08-29,220.61000061035156,223.50999450683594,218.39999389648438,221.63999938964844,354000,0.0,0.0
2017-08-30,222.72000122070312,228.33999633789062,221.6300048828125,227.8000030517578,543400,0.0,0.0
2017-08-31,229.4199981689453,234.0,226.97000122070312,233.32000732421875,354700,0.0,0.0
2017-09-01,234.8800048828125,236.27000427246094,232.5500030517578,232.92999267578125,418900,0.0,0.0
2017-09-05,231.05999755859375,235.52000427246094,225.35000610351562,228.22000122070312,403300,0.0,0.0
2017-09-06,229.97999572753906,234.14999389648438,226.22999572753906,232.99000549316406,321600,0.0,0.0
2017-09-07,232.8300018310547,237.36000061035156,229.47999572753906,236.88999938964844,368800,0.0,0.0
2017-09-08,236.8300018310547,238.49000549316406,233.6699981689453,235.42999267578125,276700,0.0,0.0
2017-09-11,238.5500030517578,247.57000732421875,237.49000549316406,245.99000549316406,410300,0.0,0.0
2017-09-12,248.75999450683594,255.6300048828125,248.25999450683594,255.52999877929688,735900,0.0,0.0
2017-09-13,255.9600067138672,256.5799865722656,250.41000366210938,253.19000244140625,922700,0.0,0.0
2017-09-14,250.69000244140625,256.8500061035156,248.75,249.77000427246094,575300,0.0,0.0
2017-09-15,251.14999389648438,253.99000549316406,248.75,253.77000427246094,452000,0.0,0.0
2017-09-18,255.4600067138672,262.989990234375,255.1300048828125,261.04998779296875,580100,0.0,0.0
2017-09-19,262.6199951171875,281.0,260.2900085449219,265.8699951171875,1464900,0.0,0.0
2017-09-20,265.4800109863281,265.8900146484375,255.41000366210938,258.69000244140625,496200,0.0,0.0
2017-09-21,257.5,259.17999267578125,253.60000610351562,255.8800048828125,411200,0.0,0.0
2017-09-22,254.00999450683594,257.7799987792969,251.52999877929688,254.41000366210938,362300,0.0,0.0
2017-09-25,253.50999450683594,254.1699981689453,247.58999633789062,248.1300048828125,437600,0.0,0.0
2017-09-26,250.1199951171875,251.0,241.77000427246094,242.0399932861328,526600,0.0,0.0
2017-09-27,244.77999877929688,248.1199951171875,243.74000549316406,246.85000610351562,396800,0.0,0.0
2017-09-28,245.33999633789062,246.13999938964844,236.35000610351562,239.0,561600,0.0,0.0
2017-09-29,240.41000366210938,244.00999450683594,235.0,235.1699981689453,734500,0.0,0.0
2017-10-02,235.41000366210938,236.74000549316406,232.22999572753906,234.64999389648438,807600,0.0,0.0
2017-10-03,235.4600067138672,243.1999969482422,230.9199981689453,240.8000030517578,535000,0.0,0.0
2017-10-04,239.5,244.24000549316406,237.42999267578125,244.1300048828125,459400,0.0,0.0
2017-10-05,245.74000549316406,246.0,240.25999450683594,241.63999938964844,532500,0.0,0.0
2017-10-06,240.36000061035156,248.5,240.0,245.08999633789062,403400,0.0,0.0
2017-10-09,245.57000732421875,247.85000610351562,244.6300048828125,245.4600067138672,241300,0.0,0.0
2017-10-10,245.5399932861328,248.02000427246094,244.82000732421875,246.57000732421875,258500,0.0,0.0
2017-10-11,245.35000610351562,249.1199951171875,245.35000610351562,247.99000549316406,285400,0.0,0.0
2017-10-12,248.6300048828125,258.739990234375,248.16000366210938,253.67999267578125,360500,0.0,0.0
2017-10-13,254.89999389648438,256.25,249.47999572753906,253.72999572753906,228100,0.0,0.0
2017-10-16,254.00999450683594,256.3999938964844,253.17999267578125,253.8800048828125,233000,0.0,0.0
2017-10-17,253.9199981689453,258.8599853515625,253.1199951171875,254.88999938964844,271200,0.0,0.0
2017-10-18,254.25,262.7699890136719,253.6999969482422,259.8800048828125,344200,0.0,0.0
2017-10-19,256.010009765625,259.489990234375,249.5,258.4700012207031,415600,0.0,0.0
2017-10-20,260.0,264.2799987792969,256.45001220703125,261.79998779296875,260500,0.0,0.0
2017-10-23,262.95001220703125,265.989990234375,260.80999755859375,262.4100036621094,236600,0.0,0.0
2017-10-24,264.5899963378906,265.8999938964844,262.07000732421875,262.6000061035156,358400,0.0,0.0
2017-10-25,262.0,268.0,259.54998779296875,263.55999755859375,313900,0.0,0.0
2017-10-26,263.5799865722656,264.739990234375,260.0,262.4200134277344,154200,0.0,0.0
2017-10-27,264.9100036621094,265.2699890136719,259.5199890136719,261.010009765625,380500,0.0,0.0
2017-10-30,259.510009765625,260.8500061035156,256.75,257.9200134277344,345500,0.0,0.0
2017-10-31,259.8900146484375,272.8699951171875,259.3399963378906,262.7099914550781,731200,0.0,0.0
2017-11-01,264.010009765625,265.010009765625,254.0,256.7699890136719,359100,0.0,0.0
2017-11-02,255.8000030517578,257.29998779296875,253.8699951171875,254.47000122070312,265600,0.0,0.0
2017-11-03,256.1499938964844,260.239990234375,254.6199951171875,259.8699951171875,384000,0.0,0.0
2017-11-06,258.2099914550781,267.0,257.6000061035156,266.1400146484375,426000,0.0,0.0
2017-11-07,266.70001220703125,269.6400146484375,259.3999938964844,265.4700012207031,600100,0.0,0.0
2017-11-08,297.0,309.29998779296875,287.0,297.239990234375,1697700,0.0,0.0
2017-11-09,295.3599853515625,297.4599914550781,290.1600036621094,296.79998779296875,775500,0.0,0.0
2017-11-10,292.7900085449219,310.1000061035156,292.7900085449219,308.9700012207031,902100,0.0,0.0
2017-11-13,308.9700012207031,314.760009765625,300.239990234375,301.32000732421875,671700,0.0,0.0
2017-11-14,298.489990234375,304.989990234375,297.04998779296875,300.07000732421875,447400,0.0,0.0
2017-11-15,296.8299865722656,303.8800048828125,295.80999755859375,302.739990234375,351400,0.0,0.0
2017-11-16,303.3900146484375,307.0,303.3299865722656,304.3299865722656,338300,0.0,0.0
2017-11-17,305.010009765625,309.510009765625,302.6499938964844,307.32000732421875,313700,0.0,0.0
2017-11-20,309.0,315.17999267578125,307.8699951171875,310.44000244140625,399500,0.0,0.0
2017-11-21,312.7099914550781,319.5400085449219,312.7099914550781,319.44000244140625,262700,0.0,0.0
2017-11-22,320.0,320.7300109863281,311.6499938964844,314.8299865722656,298100,0.0,0.0
2017-11-24,316.0,319.05999755859375,315.25,318.4200134277344,92700,0.0,0.0
2017-11-27,319.010009765625,319.30999755859375,310.30999755859375,311.20001220703125,273700,0.0,0.0
2017-11-28,312.4599914550781,315.989990234375,310.1300048828125,313.010009765625,248500,0.0,0.0
2017-11-29,312.80999755859375,314.94000244140625,285.0899963378906,292.0400085449219,644200,0.0,0.0
2017-11-30,294.0400085449219,295.6099853515625,281.25,291.9599914550781,445700,0.0,0.0
2017-12-01,289.989990234375,291.3900146484375,278.010009765625,289.57000732421875,500600,0.0,0.0
2017-12-04,292.8599853515625,293.32000732421875,270.8900146484375,274.1499938964844,513600,0.0,0.0
2017-12-05,273.7799987792969,286.2699890136719,271.0,282.0,495200,0.0,0.0
2017-12-06,280.739990234375,285.0,277.04998779296875,284.20001220703125,657100,0.0,0.0
2017-12-07,286.05999755859375,291.17999267578125,286.0,289.0299987792969,489000,0.0,0.0
2017-12-08,292.2300109863281,295.0899963378906,289.8800048828125,292.95001220703125,497600,0.0,0.0
2017-12-11,292.9700012207031,297.05999755859375,290.30999755859375,290.80999755859375,251900,0.0,0.0
2017-12-12,289.3900146484375,294.3800048828125,286.2900085449219,286.79998779296875,309700,0.0,0.0
2017-12-13,287.70001220703125,293.82000732421875,286.7300109863281,290.79998779296875,285100,0.0,0.0
2017-12-14,290.8500061035156,292.94000244140625,284.69000244140625,285.6000061035156,206600,0.0,0.0
2017-12-15,287.55999755859375,290.3399963378906,283.95001220703125,288.0299987792969,450300,0.0,0.0
2017-12-18,290.9100036621094,299.239990234375,289.20001220703125,298.7799987792969,272700,0.0,0.0
2017-12-19,299.7799987792969,299.7799987792969,292.54998779296875,296.5899963378906,320700,0.0,0.0
2017-12-20,299.2699890136719,299.2699890136719,293.0299987792969,296.05999755859375,186300,0.0,0.0
2017-12-21,297.5,298.1499938964844,292.0199890136719,294.0400085449219,178300,0.0,0.0
2017-12-22,295.2200012207031,295.3299865722656,291.5899963378906,295.2099914550781,105100,0.0,0.0
2017-12-26,293.0,296.3800048828125,283.57000732421875,284.20001220703125,299400,0.0,0.0
2017-12-27,283.4100036621094,287.82000732421875,281.4599914550781,285.7699890136719,231100,0.0,0.0
2017-12-28,286.5199890136719,286.8900146484375,284.20001220703125,286.20001220703125,133200,0.0,0.0
2017-12-29,286.57000732421875,286.6300048828125,280.9100036621094,282.2200012207031,239600,0.0,0.0
2018-01-02,283.55999755859375,291.739990234375,283.1499938964844,291.2900085449219,234000,0.0,0.0
2018-01-03,292.57000732421875,297.4599914550781,287.57000732421875,296.6499938964844,323300,0.0,0.0
2018-01-04,300.0,302.1099853515625,286.2200012207031,288.7300109863281,357400,0.0,0.0
2018-01-05,291.7200012207031,296.07000732421875,290.010009765625,295.75,407900,0.0,0.0
2018-01-08,296.0,302.75,293.5799865722656,299.9800109863281,558900,0.0,0.0
2018-01-09,301.75,307.9100036621094,300.0,300.7900085449219,496000,0.0,0.0
2018-01-10,299.0,303.0,291.25,293.0899963378906,333300,0.0,0.0
2018-01-11,294.0199890136719,298.6199951171875,291.8500061035156,297.1600036621094,205100,0.0,0.0
2018-01-12,297.2799987792969,301.95001220703125,295.5899963378906,301.57000732421875,200500,0.0,0.0
2018-01-16,304.44000244140625,309.6700134277344,302.82000732421875,306.2699890136719,410700,0.0,0.0
2018-01-17,307.989990234375,329.0,307.989990234375,321.9100036621094,1062900,0.0,0.0
2018-01-18,321.0400085449219,325.9700012207031,319.3500061035156,320.010009765625,519600,0.0,0.0
2018-01-19,323.2200012207031,325.0400085449219,316.0400085449219,318.3500061035156,245300,0.0,0.0
2018-01-22,318.3999938964844,318.44000244140625,297.07000732421875,298.8299865722656,580700,0.0,0.0
2018-01-23,299.7300109863281,300.1099853515625,281.45001220703125,282.5899963378906,1013100,0.0,0.0
2018-01-24,284.0,286.3699951171875,275.25,284.1600036621094,687300,0.0,0.0
2018-01-25,286.4100036621094,288.9200134277344,267.6499938964844,272.8900146484375,809500,0.0,0.0
2018-01-26,273.3500061035156,273.3500061035156,264.0899963378906,268.9100036621094,770500,0.0,0.0
2018-01-29,266.2200012207031,271.5,264.0400085449219,266.6099853515625,483600,0.0,0.0
2018-01-30,260.42999267578125,269.5199890136719,256.8500061035156,264.4200134277344,346100,0.0,0.0
2018-01-31,266.989990234375,270.55999755859375,257.54998779296875,259.5199890136719,445800,0.0,0.0
2018-02-01,256.760009765625,257.79998779296875,251.02000427246094,254.92999267578125,641700,0.0,0.0
2018-02-02,254.0,260.55999755859375,251.77999877929688,252.82000732421875,649600,0.0,0.0
2018-02-05,250.00999450683594,253.4499969482422,239.25999450683594,242.50999450683594,1015200,0.0,0.0
2018-02-06,238.97999572753906,255.3000030517578,235.50999450683594,253.02999877929688,992200,0.0,0.0
2018-02-07,253.2100067138672,255.0399932861328,245.3000030517578,249.13999938964844,774000,0.0,0.0
2018-02-08,226.5,230.0,194.02000427246094,205.88999938964844,3476800,0.0,0.0
2018-02-09,210.35000610351562,216.49000549316406,200.89999389648438,209.61000061035156,1205200,0.0,0.0
2018-02-12,212.27000427246094,216.4600067138672,202.8800048828125,208.9499969482422,870800,0.0,0.0
2018-02-13,206.61000061035156,208.25,202.02000427246094,206.17999267578125,567100,0.0,0.0
2018-02-14,205.22000122070312,215.9600067138672,205.22000122070312,213.99000549316406,605800,0.0,0.0
2018-02-15,214.7100067138672,220.0,210.47000122070312,219.3300018310547,978200,0.0,0.0
2018-02-16,217.17999267578125,217.69000244140625,210.1300048828125,210.41000366210938,479100,0.0,0.0
2018-02-20,209.07000732421875,220.0,206.5500030517578,213.74000549316406,748600,0.0,0.0
2018-02-21,214.14999389648438,217.50999450683594,213.3699951171875,213.57000732421875,712400,0.0,0.0
2018-02-22,215.22999572753906,215.22999572753906,210.24000549316406,210.88999938964844,463500,0.0,0.0
2018-02-23,205.0,210.57000732421875,196.8699951171875,210.1999969482422,1016900,0.0,0.0
2018-02-26,212.33999633789062,215.0399932861328,210.8000030517578,212.9499969482422,556500,0.0,0.0
2018-02-27,214.0,214.8000030517578,206.22999572753906,206.69000244140625,701100,0.0,0.0
2018-02-28,208.30999755859375,213.9600067138672,205.27000427246094,209.16000366210938,446300,0.0,0.0
2018-03-01,209.0800018310547,213.05999755859375,206.17999267578125,209.3800048828125,538000,0.0,0.0
2018-03-02,206.83999633789062,211.50999450683594,205.60000610351562,208.80999755859375,332800,0.0,0.0
2018-03-05,207.16000366210938,208.50999450683594,205.02000427246094,206.24000549316406,428000,0.0,0.0
2018-03-06,207.92999267578125,209.5,205.1300048828125,206.41000366210938,420400,0.0,0.0
2018-03-07,205.0,212.4199981689453,203.30999755859375,211.6999969482422,459800,0.0,0.0
2018-03-08,211.92999267578125,215.7899932861328,211.92999267578125,214.6699981689453,434100,0.0,0.0
2018-03-09,215.33999633789062,222.8699951171875,214.9499969482422,222.57000732421875,508700,0.0,0.0
2018-03-12,223.5,229.32000732421875,223.5,229.14999389648438,644200,0.0,0.0
2018-03-13,230.41000366210938,233.92999267578125,222.42999267578125,223.05999755859375,687300,0.0,0.0
2018-03-14,223.5500030517578,226.0500030517578,219.1699981689453,220.5500030517578,337700,0.0,0.0
2018-03-15,221.9499969482422,223.6699981689453,217.1999969482422,219.02000427246094,338900,0.0,0.0
2018-03-16,219.92999267578125,223.47999572753906,216.61000061035156,221.66000366210938,564200,0.0,0.0
2018-03-19,216.33999633789062,216.33999633789062,204.30999755859375,210.97000122070312,702700,0.0,0.0
2018-03-20,211.6199951171875,217.08999633789062,210.8000030517578,213.58999633789062,394700,0.0,0.0
2018-03-21,212.7100067138672,218.6999969482422,212.7100067138672,214.14999389648438,295200,0.0,0.0
2018-03-22,211.16000366210938,212.27999877929688,201.86000061035156,202.0,626600,0.0,0.0
2018-03-23,202.0800018310547,204.52000427246094,191.61000061035156,192.0399932861328,716900,0.0,0.0
2018-03-26,198.0800018310547,201.44000244140625,191.02000427246094,193.77999877929688,986900,0.0,0.0
2018-03-27,195.52000427246094,198.72999572753906,189.02000427246094,189.63999938964844,539900,0.0,0.0
2018-03-28,189.61000061035156,189.61000061035156,178.4199981689453,180.05999755859375,1159800,0.0,0.0
2018-03-29,181.1999969482422,190.8300018310547,179.8300018310547,187.39999389648438,872500,0.0,0.0
2018-04-02,186.30999755859375,187.75,182.22000122070312,185.97999572753906,609400,0.0,0.0
2018-04-03,187.52000427246094,187.66000366210938,179.36000061035156,180.38999938964844,601300,0.0,0.0
2018-04-04,177.5,182.1199951171875,174.82000732421875,181.75999450683594,972200,0.0,0.0
2018-04-05,184.08999633789062,185.4499969482422,177.24000549316406,177.66000366210938,475500,0.0,0.0
2018-04-06,175.25,180.2899932861328,172.80999755859375,175.0399932861328,448000,0.0,0.0
2018-04-09,177.16000366210938,177.16000366210938,172.75999450683594,172.99000549316406,534100,0.0,0.0
2018-04-10,176.3000030517578,180.24000549316406,175.14999389648438,177.0500030517578,559700,0.0,0.0
2018-04-11,176.3000030517578,178.0,175.14999389648438,177.2100067138672,488900,0.0,0.0
2018-04-12,178.97999572753906,181.47999572753906,177.2899932861328,179.8800048828125,428800,0.0,0.0
2018-04-13,181.47999572753906,181.47999572753906,175.0,176.55999755859375,289400,0.0,0.0
2018-04-16,176.75,177.39999389648438,174.4199981689453,175.9499969482422,461100,0.0,0.0
2018-04-17,178.00999450683594,183.57000732421875,176.02000427246094,181.6199951171875,569400,0.0,0.0
2018-04-18,180.92999267578125,182.52000427246094,178.30999755859375,178.6999969482422,397400,0.0,0.0
2018-04-19,177.00999450683594,178.0,171.5,175.36000061035156,409500,0.0,0.0
2018-04-20,173.4499969482422,175.5800018310547,172.6300048828125,173.66000366210938,245500,0.0,0.0
2018-04-23,174.64999389648438,176.0,168.58999633789062,168.8300018310547,409000,0.0,0.0
2018-04-24,170.08999633789062,172.3800048828125,164.6999969482422,167.4499969482422,474700,0.0,0.0
2018-04-25,168.14999389648438,168.63999938964844,159.64999389648438,160.74000549316406,629000,0.0,0.0
2018-04-26,159.74000549316406,165.17999267578125,157.47000122070312,164.8000030517578,484500,0.0,0.0
2018-04-27,166.5500030517578,167.3300018310547,163.92999267578125,167.25,484700,0.0,0.0
2018-04-30,167.05999755859375,169.64999389648438,166.3300018310547,168.22000122070312,899800,0.0,0.0
2018-05-01,168.0,176.8699951171875,166.5,176.1199951171875,963200,0.0,0.0
2018-05-02,172.42999267578125,182.1199951171875,167.74000549316406,172.8800048828125,1227500,0.0,0.0
2018-05-03,171.0500030517578,174.5800018310547,167.0800018310547,167.30999755859375,598200,0.0,0.0
2018-05-04,167.1699981689453,170.83999633789062,166.30999755859375,168.0800018310547,902900,0.0,0.0
2018-05-07,169.32000732421875,170.6999969482422,166.49000549316406,166.5399932861328,576200,0.0,0.0
2018-05-08,165.9499969482422,170.75999450683594,164.86000061035156,170.52999877929688,367900,0.0,0.0
2018-05-09,170.99000549316406,176.00999450683594,169.6300048828125,175.4499969482422,348500,0.0,0.0
2018-05-10,176.55999755859375,179.1199951171875,174.6999969482422,178.50999450683594,387200,0.0,0.0
2018-05-11,178.52000427246094,178.52000427246094,173.82000732421875,174.32000732421875,379300,0.0,0.0
2018-05-14,174.02999877929688,178.83999633789062,172.86000061035156,174.89999389648438,335700,0.0,0.0
2018-05-15,173.64999389648438,175.74000549316406,172.35000610351562,174.39999389648438,270500,0.0,0.0
2018-05-16,174.8000030517578,181.08999633789062,174.16000366210938,179.02000427246094,420500,0.0,0.0
2018-05-17,178.50999450683594,179.75999450683594,176.94000244140625,178.11000061035156,329600,0.0,0.0
2018-05-18,175.0399932861328,175.0399932861328,164.97000122070312,165.91000366210938,1325700,0.0,0.0
2018-05-21,167.1199951171875,170.1300048828125,166.6300048828125,168.58999633789062,349500,0.0,0.0
2018-05-22,169.10000610351562,172.4600067138672,169.10000610351562,170.5,257200,0.0,0.0
2018-05-23,169.0500030517578,173.25,168.5500030517578,172.75999450683594,529200,0.0,0.0
2018-05-24,172.99000549316406,173.69000244140625,171.25,173.3800048828125,376200,0.0,0.0
2018-05-25,173.4600067138672,175.99000549316406,171.30999755859375,174.0800018310547,337200,0.0,0.0
2018-05-29,183.52999877929688,190.4199981689453,180.00999450683594,185.3000030517578,1138400,0.0,0.0
2018-05-30,185.3000030517578,187.3699951171875,171.0399932861328,171.1699981689453,1004000,0.0,0.0
2018-05-31,170.44000244140625,172.27999877929688,166.77999877929688,167.0500030517578,441500,0.0,0.0
2018-06-01,169.36000061035156,171.0,164.77000427246094,166.5800018310547,491000,0.0,0.0
2018-06-04,167.32000732421875,167.94000244140625,164.72000122070312,166.42999267578125,391500,0.0,0.0
2018-06-05,167.02999877929688,169.1199951171875,163.9199981689453,167.97999572753906,514100,0.0,0.0
2018-06-06,167.49000549316406,170.5800018310547,166.6999969482422,168.38999938964844,633200,0.0,0.0
2018-06-07,168.83999633789062,169.69000244140625,165.6699981689453,169.24000549316406,328700,0.0,0.0
2018-06-08,168.99000549316406,170.74000549316406,166.5,170.52000427246094,334300,0.0,0.0
2018-06-11,170.38999938964844,171.55999755859375,164.27000427246094,165.88999938964844,1236900,0.0,0.0
2018-06-12,165.52000427246094,170.5500030517578,165.52000427246094,167.08999633789062,842300,0.0,0.0
2018-06-13,167.25,167.66000366210938,161.6699981689453,161.8300018310547,526400,0.0,0.0
2018-06-14,163.25999450683594,163.97000122070312,160.9199981689453,163.6999969482422,444100,0.0,0.0
2018-06-15,161.00999450683594,161.4499969482422,152.33999633789062,158.42999267578125,1102800,0.0,0.0
2018-06-18,155.85000610351562,161.74000549316406,155.8000030517578,158.75999450683594,601300,0.0,0.0
2018-06-19,157.0,158.11000061035156,152.8800048828125,156.77999877929688,490100,0.0,0.0
2018-06-20,158.22000122070312,158.22000122070312,155.5,156.6999969482422,484500,0.0,0.0
2018-06-21,157.02999877929688,159.4600067138672,154.4600067138672,155.36000061035156,349900,0.0,0.0
2018-06-22,155.4199981689453,155.91000366210938,152.33999633789062,154.9199981689453,483000,0.0,0.0
2018-06-25,154.0399932861328,154.16000366210938,150.0500030517578,151.07000732421875,476800,0.0,0.0
2018-06-26,151.1699981689453,155.1300048828125,150.50999450683594,152.80999755859375,359900,0.0,0.0
2018-06-27,153.22999572753906,154.85000610351562,149.5399932861328,149.61000061035156,400500,0.0,0.0
2018-06-28,149.47999572753906,150.60000610351562,145.66000366210938,150.1300048828125,426700,0.0,0.0
2018-06-29,150.8699951171875,157.86000061035156,150.75999450683594,156.4199981689453,546600,0.0,0.0
2018-07-02,155.6199951171875,158.44000244140625,149.00999450683594,152.3000030517578,455900,0.0,0.0
2018-07-03,152.6300048828125,155.0800018310547,148.24000549316406,152.44000244140625,279400,0.0,0.0
2018-07-05,152.92999267578125,157.2899932861328,152.72000122070312,156.0500030517578,491600,0.0,0.0
2018-07-06,156.57000732421875,158.13999938964844,154.2100067138672,157.8300018310547,230700,0.0,0.0
2018-07-09,159.00999450683594,162.86000061035156,157.47000122070312,161.52000427246094,296700,0.0,0.0
2018-07-10,162.6999969482422,168.13999938964844,160.77000427246094,165.77000427246094,616300,0.0,0.0
2018-07-11,163.50999450683594,165.22999572753906,158.75999450683594,159.17999267578125,345800,0.0,0.0
2018-07-12,159.89999389648438,166.4199981689453,159.27999877929688,165.64999389648438,384500,0.0,0.0
2018-07-13,165.39999389648438,166.7100067138672,161.8800048828125,163.24000549316406,407200,0.0,0.0
2018-07-16,163.0500030517578,164.1699981689453,159.66000366210938,160.17999267578125,302600,0.0,0.0
2018-07-17,159.9600067138672,165.41000366210938,159.1300048828125,165.10000610351562,259100,0.0,0.0
2018-07-18,165.27000427246094,172.22000122070312,164.97999572753906,172.0800018310547,554900,0.0,0.0
2018-07-19,171.66000366210938,173.3000030517578,166.9199981689453,171.32000732421875,631000,0.0,0.0
2018-07-20,171.5500030517578,171.5500030517578,166.07000732421875,169.10000610351562,377500,0.0,0.0
2018-07-23,169.08999633789062,171.72999572753906,166.30999755859375,171.4499969482422,450200,0.0,0.0
2018-07-24,172.36000061035156,173.88999938964844,169.61000061035156,170.30999755859375,510000,0.0,0.0
2018-07-25,170.3000030517578,173.5500030517578,167.8699951171875,173.4199981689453,350100,0.0,0.0
2018-07-26,172.8699951171875,177.6999969482422,171.3800048828125,176.4199981689453,304800,0.0,0.0
2018-07-27,176.2899932861328,176.2899932861328,169.17999267578125,170.89999389648438,424500,0.0,0.0
2018-07-30,171.69000244140625,171.69000244140625,161.14999389648438,162.6999969482422,550200,0.0,0.0
2018-07-31,159.02999877929688,164.6999969482422,155.52999877929688,158.05999755859375,1020000,0.0,0.0
2018-08-01,164.00999450683594,183.4499969482422,164.00999450683594,179.25,1786400,0.0,0.0
2018-08-02,177.02999877929688,184.92999267578125,175.05999755859375,183.5800018310547,738800,0.0,0.0
2018-08-03,184.14999389648438,184.58999633789062,178.39999389648438,182.10000610351562,421100,0.0,0.0
2018-08-06,182.3699951171875,187.88999938964844,181.88999938964844,187.22999572753906,409400,0.0,0.0
2018-08-07,187.6999969482422,188.75,182.2100067138672,187.86000061035156,308000,0.0,0.0
2018-08-08,187.8300018310547,188.3000030517578,176.9600067138672,177.0800018310547,479600,0.0,0.0
2018-08-09,177.0,180.94000244140625,174.2899932861328,175.33999633789062,435200,0.0,0.0
2018-08-10,174.75,183.94000244140625,174.75,180.1999969482422,439200,0.0,0.0
2018-08-13,180.1999969482422,181.9199981689453,177.0500030517578,179.30999755859375,236500,0.0,0.0
2018-08-14,180.14999389648438,184.6199951171875,179.07000732421875,181.77000427246094,422700,0.0,0.0
2018-08-15,179.9499969482422,180.85000610351562,177.3000030517578,180.4499969482422,314700,0.0,0.0
2018-08-16,181.5800018310547,182.5800018310547,179.5,181.02000427246094,234200,0.0,0.0
2018-08-17,179.58999633789062,182.82000732421875,175.3300018310547,181.17999267578125,364900,0.0,0.0
2018-08-20,181.72999572753906,182.1699981689453,178.7100067138672,179.13999938964844,388700,0.0,0.0
2018-08-21,178.58999633789062,182.13999938964844,178.58999633789062,179.6999969482422,372800,0.0,0.0
2018-08-22,179.5399932861328,182.07000732421875,177.3000030517578,181.35000610351562,214900,0.0,0.0
2018-08-23,181.33999633789062,185.97000122070312,181.33999633789062,183.83999633789062,256900,0.0,0.0
2018-08-24,182.75,184.50999450683594,181.5800018310547,183.39999389648438,215000,0.0,0.0
2018-08-27,183.9499969482422,187.08999633789062,182.94000244140625,183.5500030517578,317300,0.0,0.0
2018-08-28,184.14999389648438,188.83999633789062,183.4600067138672,187.74000549316406,229400,0.0,0.0
2018-08-29,186.99000549316406,190.8300018310547,185.57000732421875,189.97000122070312,300000,0.0,0.0
2018-08-30,189.13999938964844,191.80999755859375,186.36000061035156,188.97999572753906,380200,0.0,0.0
2018-08-31,188.55999755859375,190.75999450683594,186.25,190.60000610351562,272300,0.0,0.0
2018-09-04,189.69000244140625,192.3699951171875,188.24000549316406,191.02999877929688,295700,0.0,0.0
2018-09-05,191.10000610351562,191.10000610351562,181.0,183.27000427246094,317100,0.0,0.0
2018-09-06,183.85000610351562,184.9600067138672,173.25999450683594,173.72999572753906,332900,0.0,0.0
2018-09-07,172.69000244140625,177.5,172.13999938964844,173.24000549316406,243500,0.0,0.0
2018-09-10,174.24000549316406,178.11000061035156,172.6300048828125,178.0800018310547,217000,0.0,0.0
2018-09-11,177.05999755859375,179.10000610351562,175.55999755859375,177.89999389648438,242500,0.0,0.0
2018-09-12,177.11000061035156,178.75,172.8000030517578,177.8800048828125,362100,0.0,0.0
2018-09-13,178.86000061035156,180.7899932861328,176.97999572753906,179.36000061035156,284800,0.0,0.0
2018-09-14,179.58999633789062,184.33999633789062,179.58999633789062,183.1999969482422,327600,0.0,0.0
2018-09-17,182.24000549316406,182.88999938964844,178.60000610351562,180.00999450683594,196900,0.0,0.0
2018-09-18,180.2100067138672,182.0399932861328,178.77000427246094,180.27000427246094,256300,0.0,0.0
2018-09-19,180.19000244140625,181.75999450683594,179.3000030517578,181.36000061035156,288000,0.0,0.0
2018-09-20,182.1300048828125,185.99000549316406,180.47999572753906,185.8000030517578,345400,0.0,0.0
2018-09-21,185.67999267578125,189.22000122070312,184.5800018310547,186.60000610351562,555900,0.0,0.0
2018-09-24,185.75,189.38999938964844,183.27999877929688,189.02999877929688,232500,0.0,0.0
2018-09-25,188.4499969482422,189.35000610351562,185.41000366210938,189.0,398300,0.0,0.0
2018-09-26,188.14999389648438,189.19000244140625,173.74000549316406,174.22999572753906,676600,0.0,0.0
2018-09-27,174.80999755859375,175.4600067138672,168.82000732421875,172.13999938964844,677600,0.0,0.0
2018-09-28,171.00999450683594,174.94000244140625,170.33999633789062,172.19000244140625,363000,0.0,0.0
2018-10-01,173.35000610351562,174.97999572753906,171.3699951171875,172.58999633789062,286500,0.0,0.0
2018-10-02,173.6999969482422,174.72999572753906,172.3300018310547,173.10000610351562,243000,0.0,0.0
2018-10-03,173.9199981689453,179.82000732421875,173.64999389648438,179.02999877929688,396700,0.0,0.0
2018-10-04,178.64999389648438,178.64999389648438,172.0,172.8300018310547,346300,0.0,0.0
2018-10-05,171.0800018310547,173.4199981689453,157.2100067138672,157.6999969482422,718100,0.0,0.0
2018-10-08,153.2899932861328,155.80999755859375,148.24000549316406,153.52000427246094,682900,0.0,0.0
2018-10-09,152.0,152.60000610351562,145.00999450683594,145.5399932861328,669900,0.0,0.0
2018-10-10,143.5,145.66000366210938,134.8300018310547,135.80999755859375,1010600,0.0,0.0
2018-10-11,135.3000030517578,139.3800048828125,130.67999267578125,131.75,912600,0.0,0.0
2018-10-12,135.91000366210938,137.4499969482422,130.57000732421875,132.57000732421875,720800,0.0,0.0
2018-10-15,131.5,134.77999877929688,129.6300048828125,133.16000366210938,526100,0.0,0.0
2018-10-16,136.0,144.57000732421875,135.32000732421875,143.30999755859375,619400,0.0,0.0
2018-10-17,143.82000732421875,144.7899932861328,140.9600067138672,142.6300048828125,433800,0.0,0.0
2018-10-18,142.11000061035156,142.11000061035156,138.5500030517578,139.63999938964844,402900,0.0,0.0
2018-10-19,140.50999450683594,140.50999450683594,132.0800018310547,132.25,448900,0.0,0.0
2018-10-22,127.0,131.9600067138672,120.7699966430664,123.56999969482422,773400,0.0,0.0
2018-10-23,120.0,125.41000366210938,115.52999877929688,124.20999908447266,828500,0.0,0.0
2018-10-24,123.58000183105469,126.1500015258789,120.45999908447266,120.63999938964844,652500,0.0,0.0
2018-10-25,122.52999877929688,124.04000091552734,120.0,121.58000183105469,495900,0.0,0.0
2018-10-26,118.83000183105469,126.30999755859375,117.45999908447266,123.58000183105469,386000,0.0,0.0
2018-10-29,127.9000015258789,127.9000015258789,118.11000061035156,120.13999938964844,348900,0.0,0.0
2018-10-30,119.58999633789062,125.06999969482422,117.48999786376953,123.62999725341797,538800,0.0,0.0
2018-10-31,126.0,128.67999267578125,123.01000213623047,123.13999938964844,476900,0.0,0.0
2018-11-01,123.72000122070312,134.97999572753906,123.72000122070312,134.1699981689453,670100,0.0,0.0
2018-11-02,131.94000244140625,136.17999267578125,129.0,135.07000732421875,559800,0.0,0.0
2018-11-05,135.49000549316406,136.58999633789062,128.07000732421875,132.1300048828125,376200,0.0,0.0
2018-11-06,132.1300048828125,133.8000030517578,129.91000366210938,133.1699981689453,358500,0.0,0.0
2018-11-07,132.60000610351562,139.69000244140625,128.19000244140625,135.89999389648438,770000,0.0,0.0
2018-11-08,135.58999633789062,138.74000549316406,133.7899932861328,135.6199951171875,330600,0.0,0.0
2018-11-09,134.19000244140625,134.9499969482422,130.22000122070312,131.3000030517578,293600,0.0,0.0
2018-11-12,129.35000610351562,129.80999755859375,118.02999877929688,122.08999633789062,553700,0.0,0.0
2018-11-13,122.88999938964844,128.25,121.61000061035156,123.26000213623047,648300,0.0,0.0
2018-11-14,125.86000061035156,130.52000427246094,123.5199966430664,128.63999938964844,485500,0.0,0.0
2018-11-15,128.2100067138672,135.50999450683594,126.2300033569336,135.4199981689453,398700,0.0,0.0
2018-11-16,133.3800048828125,136.25,129.30999755859375,131.02000427246094,498300,0.0,0.0
2018-11-19,130.39999389648438,130.39999389648438,124.62000274658203,126.37999725341797,340900,0.0,0.0
2018-11-20,122.55999755859375,128.11000061035156,121.05000305175781,125.7300033569336,315000,0.0,0.0
2018-11-21,128.32000732421875,130.5,126.37999725341797,127.26000213623047,212100,0.0,0.0
2018-11-23,125.19000244140625,131.02000427246094,125.19000244140625,127.93000030517578,77700,0.0,0.0
2018-11-26,129.39999389648438,134.07000732421875,129.07000732421875,131.6999969482422,406100,0.0,0.0
2018-11-27,130.30999755859375,132.75999450683594,127.98999786376953,129.24000549316406,241300,0.0,0.0
2018-11-28,130.2899932861328,133.58999633789062,127.62000274658203,133.58999633789062,321800,0.0,0.0
2018-11-29,133.67999267578125,136.69000244140625,132.30999755859375,134.3699951171875,313500,0.0,0.0
2018-11-30,133.97999572753906,138.74000549316406,133.91000366210938,138.16000366210938,367100,0.0,0.0
2018-12-03,142.85000610351562,143.0,134.83999633789062,137.5,261000,0.0,0.0
2018-12-04,136.72999572753906,136.72999572753906,128.80999755859375,129.24000549316406,262800,0.0,0.0
2018-12-06,126.29000091552734,126.87000274658203,122.13999938964844,124.7699966430664,421800,0.0,0.0
2018-12-07,125.81999969482422,125.8499984741211,118.94999694824219,119.70999908447266,372300,0.0,0.0
2018-12-10,119.62999725341797,122.0,114.04000091552734,119.25,383500,0.0,0.0
2018-12-11,120.94999694824219,121.94999694824219,114.26000213623047,116.33000183105469,318200,0.0,0.0
2018-12-12,118.0999984741211,120.0,115.69000244140625,117.63999938964844,281600,0.0,0.0
2018-12-13,118.37999725341797,119.2300033569336,112.81999969482422,113.5199966430664,300800,0.0,0.0
2018-12-14,112.41999816894531,114.5,110.44999694824219,111.02999877929688,288400,0.0,0.0
2018-12-17,110.19000244140625,112.44000244140625,105.22000122070312,109.06999969482422,377600,0.0,0.0
2018-12-18,109.86000061035156,111.83999633789062,106.02999877929688,106.69000244140625,463300,0.0,0.0
2018-12-19,106.36000061035156,109.80999755859375,102.51000213623047,103.86000061035156,379600,0.0,0.0
2018-12-20,103.45999908447266,105.87999725341797,100.08999633789062,101.36000061035156,338900,0.0,0.0
2018-12-21,101.88999938964844,102.04000091552734,94.37000274658203,94.66000366210938,1034300,0.0,0.0
2018-12-24,93.61000061035156,96.55999755859375,90.0999984741211,94.2300033569336,264000,0.0,0.0
2018-12-26,96.83999633789062,102.87999725341797,94.31999969482422,102.76000213623047,345000,0.0,0.0
2018-12-27,100.44000244140625,104.02999877929688,99.45999908447266,103.9000015258789,337000,0.0,0.0
2018-12-28,105.0,107.72000122070312,99.01000213623047,102.52999877929688,448100,0.0,0.0
2018-12-31,103.20999908447266,106.52999877929688,101.9000015258789,105.70999908447266,405600,0.0,0.0
2019-01-02,103.43000030517578,108.12999725341797,102.86000061035156,106.77999877929688,332900,0.0,0.0
2019-01-03,103.94999694824219,104.27999877929688,97.06999969482422,97.9000015258789,528000,0.0,0.0
2019-01-04,100.30000305175781,107.86000061035156,100.0999984741211,106.56999969482422,609900,0.0,0.0
2019-01-07,107.27999877929688,107.61000061035156,103.19999694824219,106.01000213623047,518700,0.0,0.0
2019-01-08,107.66999816894531,107.98999786376953,105.5,107.30000305175781,307100,0.0,0.0
2019-01-09,107.83000183105469,112.2300033569336,107.25,110.37000274658203,484000,0.0,0.0
2019-01-10,109.5999984741211,115.80999755859375,108.95999908447266,115.0999984741211,392800,0.0,0.0
2019-01-11,113.87000274658203,116.93000030517578,112.9800033569336,115.31999969482422,238400,0.0,0.0
2019-01-14,114.19999694824219,114.7699966430664,110.11000061035156,113.72000122070312,185800,0.0,0.0
2019-01-15,114.02999877929688,115.45999908447266,112.16999816894531,114.4800033569336,306400,0.0,0.0
2019-01-16,114.7699966430664,117.98999786376953,114.7699966430664,116.76000213623047,250400,0.0,0.0
2019-01-17,112.16999816894531,116.37000274658203,110.75,115.5199966430664,362100,0.0,0.0
2019-01-18,116.58999633789062,121.12999725341797,116.0,120.33000183105469,402200,0.0,0.0
2019-01-22,119.45999908447266,119.69000244140625,111.70999908447266,113.23999786376953,314900,0.0,0.0
2019-01-23,114.16000366210938,116.12999725341797,111.37999725341797,113.12000274658203,337600,0.0,0.0
2019-01-24,113.68000030517578,122.27999877929688,113.68000030517578,120.97000122070312,348500,0.0,0.0
2019-01-25,122.08999633789062,126.79000091552734,122.08999633789062,124.98999786376953,358100,0.0,0.0
2019-01-28,122.66000366210938,129.33999633789062,121.16000366210938,124.4800033569336,466400,0.0,0.0
2019-01-29,124.31999969482422,125.5999984741211,121.33000183105469,122.80999755859375,471100,0.0,0.0
2019-01-30,113.0999984741211,119.69999694824219,107.18000030517578,118.2300033569336,1405200,0.0,0.0
2019-01-31,119.20999908447266,119.6500015258789,115.9000015258789,118.19999694824219,485500,0.0,0.0
2019-02-01,118.30000305175781,123.08999633789062,115.62000274658203,121.88999938964844,429800,0.0,0.0
2019-02-04,121.98999786376953,123.54000091552734,119.69999694824219,122.9000015258789,368800,0.0,0.0
2019-02-05,122.5,125.30000305175781,120.66999816894531,124.79000091552734,358300,0.0,0.0
2019-02-06,124.80999755859375,129.7899932861328,124.80999755859375,126.98999786376953,357000,0.0,0.0
2019-02-07,125.44000244140625,129.64999389648438,118.3499984741211,119.83999633789062,341600,0.0,0.0
2019-02-08,118.5199966430664,121.33999633789062,117.66999816894531,121.01000213623047,366400,0.0,0.0
2019-02-11,122.33000183105469,124.9800033569336,119.22000122070312,124.6500015258789,379000,0.0,0.0
2019-02-12,125.4000015258789,134.97000122070312,125.19999694824219,130.25999450683594,499500,0.0,0.0
2019-02-13,130.74000549316406,133.44000244140625,130.3300018310547,131.2899932861328,354400,0.0,0.0
2019-02-14,130.0399932861328,131.52000427246094,128.24000549316406,128.86000061035156,326900,0.0,0.0
2019-02-15,129.89999389648438,130.63999938964844,127.75,128.05999755859375,345300,0.0,0.0
2019-02-19,127.26000213623047,129.13999938964844,126.01000213623047,128.3000030517578,361600,0.0,0.0
2019-02-20,128.52000427246094,129.92999267578125,127.7300033569336,128.69000244140625,358000,0.0,0.0
2019-02-21,128.63999938964844,130.58999633789062,127.56999969482422,129.88999938964844,258700,0.0,0.0
2019-02-22,131.2100067138672,137.88999938964844,131.08999633789062,136.58999633789062,513700,0.0,0.0
2019-02-25,138.27999877929688,142.36000061035156,138.1199951171875,140.52999877929688,504200,0.0,0.0
2019-02-26,139.39999389648438,139.39999389648438,134.6699981689453,135.8300018310547,358000,0.0,0.0
2019-02-27,135.5399932861328,136.4600067138672,133.0,134.7899932861328,263800,0.0,0.0
2019-02-28,133.7100067138672,135.22000122070312,131.89999389648438,133.0800018310547,294300,0.0,0.0
2019-03-01,134.67999267578125,137.85000610351562,134.10000610351562,135.58999633789062,275100,0.0,0.0
2019-03-04,136.30999755859375,138.35000610351562,132.6699981689453,136.02999877929688,286100,0.0,0.0
2019-03-05,136.5,137.91000366210938,135.17999267578125,135.4600067138672,226400,0.0,0.0
2019-03-06,135.4199981689453,136.6699981689453,131.47999572753906,134.3800048828125,646600,0.0,0.0
2019-03-07,134.13999938964844,134.94000244140625,130.13999938964844,130.7100067138672,420100,0.0,0.0
2019-03-08,129.8000030517578,134.05999755859375,127.19999694824219,133.86000061035156,336500,0.0,0.0
2019-03-11,134.6199951171875,139.36000061035156,133.39999389648438,138.0399932861328,330100,0.0,0.0
2019-03-12,138.1300048828125,138.5399932861328,134.6999969482422,136.9499969482422,328000,0.0,0.0
2019-03-13,137.6699981689453,140.10000610351562,135.66000366210938,138.0800018310547,341800,0.0,0.0
2019-03-14,138.0800018310547,138.74000549316406,134.5,135.35000610351562,206500,0.0,0.0
2019-03-15,135.60000610351562,140.91000366210938,133.58999633789062,140.25,282800,0.0,0.0
2019-03-18,140.3000030517578,142.0,137.80999755859375,139.14999389648438,282700,0.0,0.0
2019-03-19,140.1199951171875,141.02999877929688,138.0,138.7100067138672,216100,0.0,0.0
2019-03-20,138.6999969482422,140.02999877929688,133.1300048828125,136.00999450683594,286200,0.0,0.0
2019-03-21,136.05999755859375,144.4499969482422,135.75,143.25999450683594,381800,0.0,0.0
2019-03-22,141.97999572753906,141.97999572753906,134.9199981689453,135.17999267578125,317000,0.0,0.0
2019-03-25,134.77000427246094,135.30999755859375,130.47000122070312,134.82000732421875,352700,0.0,0.0
2019-03-26,136.22999572753906,137.6999969482422,135.3699951171875,136.55999755859375,213900,0.0,0.0
2019-03-27,136.38999938964844,137.10000610351562,133.11000061035156,135.52000427246094,417300,0.0,0.0
2019-03-28,135.7899932861328,138.22000122070312,134.8000030517578,136.58999633789062,208100,0.0,0.0
2019-03-29,137.8800048828125,141.91000366210938,135.22000122070312,141.72000122070312,400500,0.0,0.0
2019-04-01,143.82000732421875,150.1699981689453,143.60000610351562,149.6300048828125,608400,0.0,0.0
2019-04-02,149.4199981689453,150.72000122070312,146.50999450683594,150.1699981689453,437300,0.0,0.0
2019-04-03,152.35000610351562,157.9600067138672,150.27000427246094,154.5800018310547,716200,0.0,0.0
2019-04-04,154.88999938964844,155.75999450683594,151.3699951171875,154.4499969482422,367300,0.0,0.0
2019-04-05,154.74000549316406,156.2100067138672,151.4600067138672,152.63999938964844,295000,0.0,0.0
2019-04-08,152.13999938964844,157.0,151.08999633789062,156.8000030517578,451500,0.0,0.0
2019-04-09,155.88999938964844,157.0,149.86000061035156,150.22999572753906,305900,0.0,0.0
2019-04-10,149.91000366210938,151.3800048828125,146.66000366210938,149.4600067138672,596400,0.0,0.0
2019-04-11,150.49000549316406,151.72999572753906,147.4499969482422,151.60000610351562,299100,0.0,0.0
2019-04-12,153.19000244140625,156.22999572753906,151.69000244140625,156.19000244140625,195300,0.0,0.0
2019-04-15,155.94000244140625,157.49000549316406,153.55999755859375,155.44000244140625,206600,0.0,0.0
2019-04-16,157.24000549316406,157.6999969482422,155.9199981689453,157.08999633789062,319500,0.0,0.0
2019-04-17,158.89999389648438,159.3000030517578,154.27000427246094,156.47000122070312,203000,0.0,0.0
2019-04-18,156.38999938964844,157.27000427246094,152.75,156.47000122070312,299000,0.0,0.0
2019-04-22,156.27000427246094,156.77999877929688,151.3300018310547,153.55999755859375,292700,0.0,0.0
2019-04-23,153.72999572753906,157.14999389648438,152.57000732421875,155.92999267578125,330800,0.0,0.0
2019-04-24,155.92999267578125,158.80999755859375,155.1999969482422,155.39999389648438,376700,0.0,0.0
2019-04-25,155.27000427246094,155.57000732421875,149.49000549316406,152.7100067138672,205000,0.0,0.0
2019-04-26,151.47000122070312,154.69000244140625,150.22000122070312,154.17999267578125,183800,0.0,0.0
2019-04-29,152.55999755859375,155.82000732421875,147.25999450683594,147.5,384900,0.0,0.0
2019-04-30,147.4199981689453,150.55999755859375,142.00999450683594,148.00999450683594,446900,0.0,0.0
2019-05-01,149.99000549316406,154.33999633789062,142.19000244140625,143.5399932861328,544800,0.0,0.0
2019-05-02,142.97000122070312,147.99000549316406,141.44000244140625,142.0500030517578,452600,0.0,0.0
2019-05-03,144.60000610351562,155.91000366210938,144.52000427246094,155.49000549316406,771100,0.0,0.0
2019-05-06,151.2100067138672,152.36000061035156,146.86000061035156,148.16000366210938,447300,0.0,0.0
2019-05-07,145.0,145.60000610351562,137.4199981689453,141.0399932861328,417300,0.0,0.0
2019-05-08,139.92999267578125,139.92999267578125,135.8300018310547,136.57000732421875,432200,0.0,0.0
2019-05-09,134.02000427246094,137.82000732421875,131.0,136.27000427246094,329300,0.0,0.0
2019-05-10,135.3300018310547,138.16000366210938,132.85000610351562,137.25,296400,0.0,0.0
2019-05-13,131.7100067138672,132.60000610351562,126.47000122070312,127.80000305175781,439100,0.0,0.0
2019-05-14,129.0500030517578,132.69000244140625,128.13999938964844,130.9199981689453,268300,0.0,0.0
2019-05-15,128.86000061035156,132.69000244140625,128.19000244140625,132.1199951171875,213900,0.0,0.0
2019-05-16,131.72999572753906,131.72999572753906,126.41000366210938,127.04000091552734,347100,0.0,0.0
2019-05-17,124.9000015258789,127.05000305175781,121.1500015258789,121.36000061035156,322200,0.0,0.0
2019-05-20,119.11000061035156,119.5999984741211,116.5199966430664,118.52999877929688,386900,0.0,0.0
2019-05-21,120.5999984741211,123.44999694824219,120.44999694824219,121.5199966430664,371300,0.0,0.0
2019-05-22,120.23999786376953,121.5199966430664,116.33999633789062,116.66000366210938,453400,0.0,0.0
2019-05-23,114.7699966430664,115.72000122070312,109.61000061035156,110.55000305175781,871000,0.0,0.0
2019-05-24,111.61000061035156,115.31999969482422,111.01000213623047,113.37000274658203,453700,0.0,0.0
2019-05-28,113.79000091552734,115.70999908447266,112.63999938964844,113.72000122070312,281300,0.0,0.0
2019-05-29,112.29000091552734,113.91000366210938,111.37999725341797,113.12999725341797,308300,0.0,0.0
2019-05-30,113.2699966430664,115.54000091552734,111.91999816894531,112.37000274658203,171900,0.0,0.0
2019-05-31,110.12999725341797,111.51000213623047,109.05999755859375,110.02999877929688,235300,0.0,0.0
2019-06-03,110.9000015258789,114.33999633789062,110.83000183105469,112.62000274658203,292700,0.0,0.0
2019-06-04,115.06999969482422,117.37000274658203,114.69000244140625,116.52999877929688,270700,0.0,0.0
2019-06-05,118.1500015258789,118.51000213623047,114.88999938964844,117.95999908447266,360600,0.0,0.0
2019-06-06,118.01000213623047,119.31999969482422,116.25,118.75,355900,0.0,0.0
2019-06-07,119.70999908447266,121.05999755859375,118.27999877929688,119.66000366210938,265400,0.0,0.0
2019-06-10,120.77999877929688,124.16999816894531,120.55999755859375,122.06999969482422,159200,0.0,0.0
2019-06-11,124.08000183105469,125.62999725341797,121.38999938964844,121.77999877929688,176100,0.0,0.0
2019-06-12,121.1500015258789,121.5,118.51000213623047,119.70999908447266,251000,0.0,0.0
2019-06-13,120.79000091552734,122.98999786376953,120.0199966430664,122.58000183105469,177900,0.0,0.0
2019-06-14,121.4000015258789,121.4000015258789,117.08999633789062,119.0,168200,0.0,0.0
2019-06-17,119.5,122.70999908447266,119.5,120.31999969482422,240400,0.0,0.0
2019-06-18,121.87000274658203,127.44000244140625,120.48999786376953,125.05999755859375,326500,0.0,0.0
2019-06-19,125.80999755859375,127.08000183105469,124.5199966430664,125.36000061035156,208000,0.0,0.0
2019-06-20,127.66999816894531,130.44000244140625,127.41000366210938,129.5,315700,0.0,0.0
2019-06-21,129.13999938964844,130.08999633789062,126.86000061035156,128.69000244140625,254800,0.0,0.0
2019-06-24,128.69000244140625,130.2100067138672,127.5199966430664,127.75,242900,0.0,0.0
2019-06-25,127.76000213623047,131.1199951171875,127.0,128.05999755859375,360200,0.0,0.0
2019-06-26,129.86000061035156,135.58999633789062,129.86000061035156,134.75,381300,0.0,0.0
2019-06-27,135.6199951171875,137.91000366210938,135.44000244140625,135.74000549316406,436900,0.0,0.0
2019-06-28,136.4600067138672,138.4199981689453,134.5800018310547,136.3699951171875,671000,0.0,0.0
2019-07-01,141.60000610351562,146.74000549316406,136.25,137.5800018310547,373200,0.0,0.0
2019-07-02,137.49000549316406,137.49000549316406,135.5800018310547,136.77999877929688,179800,0.0,0.0
2019-07-03,137.75,137.75,135.24000549316406,136.86000061035156,191500,0.0,0.0
2019-07-05,135.5399932861328,135.8800048828125,131.64999389648438,134.38999938964844,167500,0.0,0.0
2019-07-08,132.47999572753906,133.27999877929688,126.48999786376953,128.0800018310547,310500,0.0,0.0
2019-07-09,127.30999755859375,131.8300018310547,126.7699966430664,131.67999267578125,210800,0.0,0.0
2019-07-10,133.07000732421875,135.10000610351562,132.60000610351562,134.0399932861328,441700,0.0,0.0
2019-07-11,134.49000549316406,135.33999633789062,131.58999633789062,132.19000244140625,203700,0.0,0.0
2019-07-12,132.8000030517578,135.27000427246094,131.5399932861328,132.49000549316406,453100,0.0,0.0
2019-07-15,133.0800018310547,134.7899932861328,130.5500030517578,133.02999877929688,162300,0.0,0.0
2019-07-16,132.14999389648438,134.2100067138672,130.3800048828125,133.17999267578125,209400,0.0,0.0
2019-07-17,133.38999938964844,135.94000244140625,132.50999450683594,134.44000244140625,246200,0.0,0.0
2019-07-18,134.22000122070312,137.0,133.72000122070312,137.0,259400,0.0,0.0
2019-07-19,137.63999938964844,138.6699981689453,134.52000427246094,136.0399932861328,286700,0.0,0.0
2019-07-22,136.67999267578125,139.5,136.24000549316406,138.66000366210938,334300,0.0,0.0
2019-07-23,139.97999572753906,143.4199981689453,139.55999755859375,143.27000427246094,373500,0.0,0.0
2019-07-24,143.3000030517578,150.33999633789062,143.3000030517578,149.6199951171875,449800,0.0,0.0
2019-07-25,148.64999389648438,149.5399932861328,146.61000061035156,147.02000427246094,272000,0.0,0.0
2019-07-26,147.75999450683594,149.0800018310547,146.5,147.27999877929688,339400,0.0,0.0
2019-07-29,146.5,147.08999633789062,142.66000366210938,144.47000122070312,360200,0.0,0.0
2019-07-30,142.6300048828125,149.02999877929688,142.0,148.91000366210938,381500,0.0,0.0
2019-07-31,136.3800048828125,151.49000549316406,133.8800048828125,138.85000610351562,925100,0.0,0.0
2019-08-01,138.64999389648438,145.35000610351562,134.6999969482422,138.33999633789062,509400,0.0,0.0
2019-08-02,137.33999633789062,139.8800048828125,132.2100067138672,133.1199951171875,445100,0.0,0.0
2019-08-05,128.4600067138672,128.4600067138672,124.37999725341797,125.12999725341797,544600,0.0,0.0
2019-08-06,127.1500015258789,128.85000610351562,124.79000091552734,127.77999877929688,355300,0.0,0.0
2019-08-07,125.08000183105469,128.8000030517578,124.01000213623047,127.68000030517578,253000,0.0,0.0
2019-08-08,129.27000427246094,136.63999938964844,129.27000427246094,136.55999755859375,358400,0.0,0.0
2019-08-09,135.1300048828125,138.4199981689453,133.25,137.1199951171875,328600,0.0,0.0
2019-08-12,135.36000061035156,138.1300048828125,134.0,135.82000732421875,301200,0.0,0.0
2019-08-13,136.0399932861328,143.8800048828125,135.00999450683594,143.17999267578125,315600,0.0,0.0
2019-08-14,138.8000030517578,139.89999389648438,135.8800048828125,136.86000061035156,439100,0.0,0.0
2019-08-15,137.99000549316406,138.83999633789062,135.60000610351562,137.0800018310547,324700,0.0,0.0
2019-08-16,138.4600067138672,147.0,138.4600067138672,146.50999450683594,361900,0.0,0.0
2019-08-19,148.39999389648438,156.5399932861328,148.24000549316406,154.02999877929688,564200,0.0,0.0
2019-08-20,153.08999633789062,155.77000427246094,151.2100067138672,151.72999572753906,355700,0.0,0.0
2019-08-21,154.80999755859375,154.80999755859375,150.2100067138672,150.8300018310547,193600,0.0,0.0
2019-08-22,151.9499969482422,152.57000732421875,147.97000122070312,148.2100067138672,203200,0.0,0.0
2019-08-23,146.19000244140625,147.75,139.9600067138672,141.1999969482422,291000,0.0,0.0
2019-08-26,144.52999877929688,144.9499969482422,139.22999572753906,141.86000061035156,217600,0.0,0.0
2019-08-27,143.97999572753906,143.97999572753906,138.8300018310547,139.1699981689453,199000,0.0,0.0
2019-08-28,138.3800048828125,139.41000366210938,136.1699981689453,138.3699951171875,221200,0.0,0.0
2019-08-29,141.0500030517578,144.1999969482422,141.0500030517578,143.19000244140625,158300,0.0,0.0
2019-08-30,144.5500030517578,146.47000122070312,143.64999389648438,144.9600067138672,198900,0.0,0.0
2019-09-03,142.75999450683594,143.25,138.8000030517578,140.3000030517578,246700,0.0,0.0
2019-09-04,142.85000610351562,146.89999389648438,142.7899932861328,146.5,116300,0.0,0.0
2019-09-05,148.72000122070312,159.67999267578125,148.72000122070312,155.88999938964844,508700,0.0,0.0
2019-09-06,157.3000030517578,163.97999572753906,155.72000122070312,163.0,443700,0.0,0.0
2019-09-09,163.89999389648438,167.89999389648438,163.0399932861328,167.08999633789062,589800,0.0,0.0
2019-09-10,166.02000427246094,166.9600067138672,160.22999572753906,164.86000061035156,327800,0.0,0.0
2019-09-11,166.14999389648438,173.9199981689453,162.99000549316406,169.74000549316406,521300,0.0,0.0
2019-09-12,170.61000061035156,171.38999938964844,162.67999267578125,165.85000610351562,540100,0.0,0.0
2019-09-13,166.80999755859375,166.99000549316406,163.08999633789062,165.83999633789062,237000,0.0,0.0
2019-09-16,163.02000427246094,163.8699951171875,159.64999389648438,160.47999572753906,289000,0.0,0.0
2019-09-17,161.50999450683594,161.50999450683594,156.33999633789062,160.25999450683594,299800,0.0,0.0
2019-09-18,160.25999450683594,163.97000122070312,155.77999877929688,158.9600067138672,260700,0.0,0.0
2019-09-19,159.32000732421875,160.61000061035156,154.75,155.24000549316406,306300,0.0,0.0
2019-09-20,155.27999877929688,156.47999572753906,150.1999969482422,151.41000366210938,466700,0.0,0.0
2019-09-23,150.22000122070312,155.4499969482422,149.86000061035156,153.5500030517578,299700,0.0,0.0
2019-09-24,155.22999572753906,155.22999572753906,147.02000427246094,147.6699981689453,288100,0.0,0.0
2019-09-25,147.63999938964844,152.5,145.97999572753906,151.55999755859375,307400,0.0,0.0
2019-09-26,151.44000244140625,152.22000122070312,149.50999450683594,151.2100067138672,181300,0.0,0.0
2019-09-27,151.3000030517578,154.36000061035156,150.58999633789062,151.5399932861328,285000,0.0,0.0
2019-09-30,151.5399932861328,153.9199981689453,150.77000427246094,153.72000122070312,236900,0.0,0.0
2019-10-01,155.07000732421875,158.17999267578125,148.57000732421875,148.75,200000,0.0,0.0
2019-10-02,146.3699951171875,148.1999969482422,144.44000244140625,146.57000732421875,315300,0.0,0.0
2019-10-03,146.24000549316406,151.6699981689453,145.64999389648438,151.41000366210938,406700,0.0,0.0
2019-10-04,151.58999633789062,153.86000061035156,150.5,152.4499969482422,243000,0.0,0.0
2019-10-07,150.92999267578125,154.97999572753906,149.67999267578125,153.30999755859375,213100,0.0,0.0
2019-10-08,151.7899932861328,154.10000610351562,150.47000122070312,150.86000061035156,262000,0.0,0.0
2019-10-09,153.19000244140625,155.88999938964844,151.91000366210938,154.86000061035156,187000,0.0,0.0
2019-10-10,155.10000610351562,159.97999572753906,153.35000610351562,153.60000610351562,380100,0.0,0.0
2019-10-11,156.3800048828125,159.50999450683594,155.3699951171875,157.0800018310547,352900,0.0,0.0
2019-10-14,155.85000610351562,156.5,151.0800018310547,151.8699951171875,278500,0.0,0.0
2019-10-15,153.0500030517578,154.9499969482422,151.30999755859375,152.8699951171875,337700,0.0,0.0
2019-10-16,152.82000732421875,153.63999938964844,149.61000061035156,150.75,325300,0.0,0.0
2019-10-17,152.2100067138672,157.63999938964844,150.50999450683594,157.3800048828125,241800,0.0,0.0
2019-10-18,157.38999938964844,161.5500030517578,157.30999755859375,158.74000549316406,262100,0.0,0.0
2019-10-21,160.35000610351562,161.36000061035156,156.14999389648438,156.32000732421875,178800,0.0,0.0
2019-10-22,156.2100067138672,156.2100067138672,151.30999755859375,152.33999633789062,184300,0.0,0.0
2019-10-23,151.5399932861328,151.6999969482422,147.3699951171875,147.52999877929688,358500,0.0,0.0
2019-10-24,149.0800018310547,151.5,147.92999267578125,149.1199951171875,320200,0.0,0.0
2019-10-25,148.9600067138672,152.1999969482422,148.80999755859375,151.25,181900,0.0,0.0
2019-10-28,153.07000732421875,155.61000061035156,152.02999877929688,154.8699951171875,379600,0.0,0.0
2019-10-29,153.39999389648438,153.5,145.6699981689453,147.25999450683594,290800,0.0,0.0
2019-10-30,146.9600067138672,148.80999755859375,145.5399932861328,146.97999572753906,251300,0.0,0.0
2019-10-31,148.4499969482422,151.00999450683594,146.39999389648438,148.9199981689453,403400,0.0,0.0
2019-11-01,150.02000427246094,157.6999969482422,149.94000244140625,157.47000122070312,350700,0.0,0.0
2019-11-04,158.63999938964844,163.85000610351562,157.02000427246094,159.3300018310547,465200,0.0,0.0
2019-11-05,160.5,166.38999938964844,159.0500030517578,164.52000427246094,411800,0.0,0.0
2019-11-06,162.60000610351562,169.27999877929688,158.36000061035156,163.50999450683594,448000,0.0,0.0
2019-11-07,162.89999389648438,169.35000610351562,162.89999389648438,167.00999450683594,387500,0.0,0.0
2019-11-08,165.72000122070312,166.0,156.75999450683594,160.22000122070312,368600,0.0,0.0
2019-11-11,157.5800018310547,158.89999389648438,156.2100067138672,156.3300018310547,370200,0.0,0.0
2019-11-12,156.66000366210938,158.8300018310547,154.85000610351562,156.11000061035156,281000,0.0,0.0
2019-11-13,154.7100067138672,155.99000549316406,151.75999450683594,153.80999755859375,179000,0.0,0.0
2019-11-14,152.86000061035156,154.08999633789062,152.50999450683594,153.22999572753906,143000,0.0,0.0
2019-11-15,154.38999938964844,156.89999389648438,153.97000122070312,155.83999633789062,153400,0.0,0.0
2019-11-18,154.80999755859375,155.85000610351562,151.8000030517578,154.19000244140625,233400,0.0,0.0
2019-11-19,155.72999572753906,155.7899932861328,148.75999450683594,151.77999877929688,265700,0.0,0.0
2019-11-20,151.0399932861328,155.72000122070312,151.0,154.19000244140625,283600,0.0,0.0
2019-11-21,153.61000061035156,153.61000061035156,148.61000061035156,149.75,308100,0.0,0.0
2019-11-22,150.41000366210938,151.35000610351562,148.6300048828125,150.86000061035156,152300,0.0,0.0
2019-11-25,151.24000549316406,155.8699951171875,150.10000610351562,154.91000366210938,145900,0.0,0.0
2019-11-26,154.6999969482422,154.72999572753906,152.52999877929688,153.14999389648438,159400,0.0,0.0
2019-11-27,152.85000610351562,155.82000732421875,151.9499969482422,155.69000244140625,217000,0.0,0.0
2019-11-29,154.74000549316406,154.74000549316406,150.47000122070312,150.86000061035156,93000,0.0,0.0
2019-12-02,150.8699951171875,151.22999572753906,145.66000366210938,145.88999938964844,221700,0.0,0.0
2019-12-03,142.57000732421875,145.8000030517578,141.02000427246094,144.80999755859375,190600,0.0,0.0
2019-12-04,146.4600067138672,149.42999267578125,145.8800048828125,146.83999633789062,208300,0.0,0.0
2019-12-05,147.17999267578125,148.0,143.85000610351562,144.11000061035156,284100,0.0,0.0
2019-12-06,146.27000427246094,149.1699981689453,144.5399932861328,145.97000122070312,203800,0.0,0.0
2019-12-09,145.39999389648438,145.8699951171875,143.3699951171875,144.0,158300,0.0,0.0
2019-12-10,144.2899932861328,146.10000610351562,143.52999877929688,145.74000549316406,167500,0.0,0.0
2019-12-11,145.74000549316406,147.92999267578125,145.3000030517578,147.7899932861328,135000,0.0,0.0
2019-12-12,147.85000610351562,153.6999969482422,147.85000610351562,152.47000122070312,208000,0.0,0.0
2019-12-13,152.35000610351562,157.1699981689453,151.22999572753906,156.8699951171875,249000,0.0,0.0
2019-12-16,159.83999633789062,163.91000366210938,159.61000061035156,162.82000732421875,320900,0.0,0.0
2019-12-17,162.85000610351562,165.99000549316406,162.80999755859375,164.83999633789062,211900,0.0,0.0
2019-12-18,164.5,165.0,162.4199981689453,164.22000122070312,164600,0.0,0.0
2019-12-19,164.1199951171875,166.47000122070312,161.9499969482422,166.1999969482422,196500,0.0,0.0
2019-12-20,168.02999877929688,168.66000366210938,162.7100067138672,163.82000732421875,583600,0.0,0.0
2019-12-23,163.0,166.8000030517578,162.6999969482422,166.47000122070312,186600,0.0,0.0
2019-12-24,166.9199981689453,166.9199981689453,165.1699981689453,165.74000549316406,90700,0.0,0.0
2019-12-26,166.58999633789062,167.6300048828125,166.02000427246094,167.25,71800,0.0,0.0
2019-12-27,168.33999633789062,168.5800018310547,165.42999267578125,165.77999877929688,153500,0.0,0.0
2019-12-30,166.16000366210938,166.9199981689453,163.3699951171875,165.58999633789062,113100,0.0,0.0
2019-12-31,164.80999755859375,167.4199981689453,164.32000732421875,166.35000610351562,140100,0.0,0.0
2020-01-02,168.22000122070312,169.22999572753906,163.19000244140625,168.97999572753906,208000,0.0,0.0
2020-01-03,165.55999755859375,167.22999572753906,163.7899932861328,166.58999633789062,183500,0.0,0.0
2020-01-06,163.66000366210938,166.75999450683594,162.16000366210938,166.36000061035156,272200,0.0,0.0
2020-01-07,166.8800048828125,171.27000427246094,165.47999572753906,169.83999633789062,216200,0.0,0.0
2020-01-08,170.0,173.91000366210938,169.14999389648438,172.9199981689453,174300,0.0,0.0
2020-01-09,174.02999877929688,175.9499969482422,172.0399932861328,172.4499969482422,243200,0.0,0.0
2020-01-10,172.2100067138672,173.61000061035156,165.08999633789062,167.6199951171875,257600,0.0,0.0
2020-01-13,168.99000549316406,176.66000366210938,168.11000061035156,176.5,263000,0.0,0.0
2020-01-14,176.0,178.0800018310547,174.55999755859375,176.49000549316406,262000,0.0,0.0
2020-01-15,176.00999450683594,177.49000549316406,167.8300018310547,169.32000732421875,354900,0.0,0.0
2020-01-16,171.2899932861328,173.52999877929688,168.3800048828125,171.97999572753906,351400,0.0,0.0
2020-01-17,172.7100067138672,175.10000610351562,171.89999389648438,173.6999969482422,165200,0.0,0.0
2020-01-21,171.89999389648438,173.6999969482422,168.4199981689453,169.4499969482422,284200,0.0,0.0
2020-01-22,170.8300018310547,172.1699981689453,169.83999633789062,170.0500030517578,144900,0.0,0.0
2020-01-23,169.1999969482422,170.38999938964844,165.57000732421875,169.3000030517578,178200,0.0,0.0
2020-01-24,170.6199951171875,171.0399932861328,164.22000122070312,165.05999755859375,203900,0.0,0.0
2020-01-27,159.5,161.27999877929688,153.19000244140625,153.55999755859375,247200,0.0,0.0
2020-01-28,155.44000244140625,157.4499969482422,153.35000610351562,155.2899932861328,176600,0.0,0.0
2020-01-29,155.9600067138672,155.9600067138672,150.0,150.0500030517578,265200,0.0,0.0
2020-01-30,149.25999450683594,151.6300048828125,145.52999877929688,148.0399932861328,274900,0.0,0.0
2020-01-31,146.8300018310547,147.6699981689453,140.2100067138672,141.42999267578125,477700,0.0,0.0
2020-02-03,142.88999938964844,145.63999938964844,141.6699981689453,142.17999267578125,265100,0.0,0.0
2020-02-04,145.64999389648438,153.99000549316406,145.64999389648438,151.9199981689453,386000,0.0,0.0
2020-02-05,155.0,155.5399932861328,148.13999938964844,149.5399932861328,589100,0.0,0.0
2020-02-06,158.24000549316406,158.85000610351562,153.8699951171875,155.02999877929688,452200,0.0,0.0
2020-02-07,152.50999450683594,152.85000610351562,149.19000244140625,150.74000549316406,205400,0.0,0.0
2020-02-10,149.25999450683594,154.1300048828125,149.25999450683594,153.80999755859375,203900,0.0,0.0
2020-02-11,155.0,158.77999877929688,153.35000610351562,155.8000030517578,237200,0.0,0.0
2020-02-12,157.86000061035156,159.8000030517578,157.0399932861328,159.44000244140625,249800,0.0,0.0
2020-02-13,156.74000549316406,159.77000427246094,154.89999389648438,159.61000061035156,220900,0.0,0.0
2020-02-14,159.75999450683594,159.75999450683594,152.6699981689453,153.80999755859375,206700,0.0,0.0
2020-02-18,151.22999572753906,151.60000610351562,144.19000244140625,144.85000610351562,407900,0.0,0.0
2020-02-19,145.97000122070312,150.5800018310547,144.50999450683594,150.25999450683594,301200,0.0,0.0
2020-02-20,149.57000732421875,151.02000427246094,147.36000061035156,150.3300018310547,216200,0.0,0.0
2020-02-21,149.3000030517578,149.3000030517578,142.02000427246094,142.5399932861328,326700,0.0,0.0
2020-02-24,135.1699981689453,138.1999969482422,132.60000610351562,136.6699981689453,430900,0.0,0.0
2020-02-25,138.8800048828125,138.8800048828125,130.0500030517578,130.25,310500,0.0,0.0
2020-02-26,131.72000122070312,134.36000061035156,126.72000122070312,126.9000015258789,240700,0.0,0.0
2020-02-27,122.11000061035156,127.7300033569336,119.94999694824219,122.79000091552734,283300,0.0,0.0
2020-02-28,118.97000122070312,131.14999389648438,118.97000122070312,128.7100067138672,396100,0.0,0.0
2020-03-02,129.27999877929688,130.72000122070312,123.63999938964844,129.2100067138672,197400,0.0,0.0
2020-03-03,129.22999572753906,134.1699981689453,125.75,126.37000274658203,182100,0.0,0.0
2020-03-04,129.22000122070312,134.67999267578125,126.7300033569336,134.27000427246094,230100,0.0,0.0
2020-03-05,129.00999450683594,133.99000549316406,128.5399932861328,130.75999450683594,347600,0.0,0.0
2020-03-06,126.0999984741211,134.14999389648438,125.87999725341797,133.91000366210938,381300,0.0,0.0
2020-03-09,121.95999908447266,125.72000122070312,120.43000030517578,124.68000030517578,245900,0.0,0.0
2020-03-10,128.9199981689453,130.1699981689453,122.54000091552734,126.62999725341797,368900,0.0,0.0
2020-03-11,122.51000213623047,123.38999938964844,115.25,116.87000274658203,273000,0.0,0.0
2020-03-12,108.0,114.06999969482422,100.76000213623047,105.93000030517578,286100,0.0,0.0
2020-03-13,112.0999984741211,112.91999816894531,104.58000183105469,111.54000091552734,441200,0.0,0.0
2020-03-16,100.0,103.75,95.0,95.29000091552734,382700,0.0,0.0
2020-03-17,96.95999908447266,102.66999816894531,87.41000366210938,101.44999694824219,436500,0.0,0.0
2020-03-18,94.31999969482422,96.87000274658203,78.20999908447266,82.08999633789062,422300,0.0,0.0
2020-03-19,82.02999877929688,96.62000274658203,78.7699966430664,88.87000274658203,329900,0.0,0.0
2020-03-20,90.66999816894531,99.66000366210938,88.66999816894531,89.77999877929688,272400,0.0,0.0
2020-03-23,91.52999877929688,94.88999938964844,87.0199966430664,93.68000030517578,240400,0.0,0.0
2020-03-24,98.48999786376953,105.95999908447266,98.48999786376953,105.87000274658203,205500,0.0,0.0
2020-03-25,102.19000244140625,111.02999877929688,101.55999755859375,106.3499984741211,225200,0.0,0.0
2020-03-26,107.04000091552734,113.94000244140625,105.94000244140625,113.27999877929688,217100,0.0,0.0
2020-03-27,108.0999984741211,109.18000030517578,100.63999938964844,103.06999969482422,231900,0.0,0.0
2020-03-30,103.70999908447266,106.9800033569336,103.04000091552734,104.51000213623047,222100,0.0,0.0
2020-03-31,104.05000305175781,107.77999877929688,104.05000305175781,106.41000366210938,227400,0.0,0.0
2020-04-01,102.01000213623047,103.9000015258789,99.04000091552734,99.75,124400,0.0,0.0
2020-04-02,98.38999938964844,102.29000091552734,92.4000015258789,96.66000366210938,170600,0.0,0.0
2020-04-03,95.80999755859375,98.44999694824219,92.75,93.19999694824219,182400,0.0,0.0
2020-04-06,96.0,107.38999938964844,95.0199966430664,106.08000183105469,314700,0.0,0.0
2020-04-07,110.87999725341797,112.33000183105469,104.80999755859375,106.47000122070312,282600,0.0,0.0
2020-04-08,108.22000122070312,111.79000091552734,106.58999633789062,110.61000061035156,149700,0.0,0.0
2020-04-09,111.54000091552734,116.58999633789062,110.0199966430664,112.98999786376953,220000,0.0,0.0
2020-04-13,113.0,113.01000213623047,107.19999694824219,109.38999938964844,159200,0.0,0.0
2020-04-14,112.25,116.83999633789062,110.36000061035156,116.69999694824219,227700,0.0,0.0
2020-04-15,112.63999938964844,114.79000091552734,111.98999786376953,112.4800033569336,214900,0.0,0.0
2020-04-16,113.5199966430664,114.37000274658203,108.23999786376953,111.5199966430664,216900,0.0,0.0
2020-04-17,115.11000061035156,115.58000183105469,111.7699966430664,112.69000244140625,159600,0.0,0.0
2020-04-20,110.20999908447266,111.38999938964844,108.08000183105469,108.45999908447266,168500,0.0,0.0
2020-04-21,105.80000305175781,108.16999816894531,104.29000091552734,105.41999816894531,165200,0.0,0.0
2020-04-22,108.11000061035156,109.61000061035156,105.88999938964844,108.12999725341797,122700,0.0,0.0
2020-04-23,109.18000030517578,111.6500015258789,107.26000213623047,110.9000015258789,148400,0.0,0.0
2020-04-24,117.0199966430664,119.05999755859375,113.27999877929688,118.44999694824219,200000,0.0,0.0
2020-04-27,119.6500015258789,127.58999633789062,119.6500015258789,125.56999969482422,223600,0.0,0.0
2020-04-28,127.98999786376953,133.00999450683594,124.83000183105469,125.02999877929688,211200,0.0,0.0
2020-04-29,128.99000549316406,133.25,126.69000244140625,131.7100067138672,145600,0.0,0.0
2020-04-30,130.00999450683594,131.91000366210938,126.41000366210938,127.87000274658203,128800,0.0,0.0
2020-05-01,124.54000091552734,125.5,119.36000061035156,123.25,140300,0.0,0.0
2020-05-04,121.5,124.77999877929688,118.6500015258789,119.66999816894531,130200,0.0,0.0
2020-05-05,122.93000030517578,128.72000122070312,122.72000122070312,127.83999633789062,211600,0.0,0.0
2020-05-06,127.79000091552734,130.9199981689453,125.8499984741211,128.9499969482422,172300,0.0,0.0
2020-05-07,132.4199981689453,136.0800018310547,130.47999572753906,135.82000732421875,187600,0.0,0.0
2020-05-08,137.92999267578125,142.74000549316406,137.92999267578125,140.1999969482422,167300,0.0,0.0
2020-05-11,137.52999877929688,138.0,133.2899932861328,135.27999877929688,323000,0.0,0.0
2020-05-12,135.8300018310547,138.72000122070312,131.2100067138672,131.67999267578125,288400,0.0,0.0
2020-05-13,131.7899932861328,134.61000061035156,127.9000015258789,129.74000549316406,147600,0.0,0.0
2020-05-14,127.05000305175781,131.3699951171875,126.08999633789062,131.14999389648438,219400,0.0,0.0
2020-05-15,129.0800018310547,134.3000030517578,129.0800018310547,134.1300048828125,170800,0.0,0.0
2020-05-18,137.66000366210938,141.5500030517578,137.64999389648438,139.75,177800,0.0,0.0
2020-05-19,139.9199981689453,147.4499969482422,139.9199981689453,144.13999938964844,221400,0.0,0.0
2020-05-20,146.41000366210938,149.83999633789062,146.41000366210938,148.52000427246094,184000,0.0,0.0
2020-05-21,147.25999450683594,149.27999877929688,143.72999572753906,144.36000061035156,148000,0.0,0.0
2020-05-22,143.32000732421875,144.35000610351562,139.8000030517578,142.9499969482422,134500,0.0,0.0
2020-05-26,147.22999572753906,148.82000732421875,144.8300018310547,145.22000122070312,101500,0.0,0.0
2020-05-27,148.0399932861328,150.07000732421875,143.14999389648438,149.16000366210938,143400,0.0,0.0
2020-05-28,144.10000610351562,156.47999572753906,136.94000244140625,144.8800048828125,393600,0.0,0.0
2020-05-29,144.00999450683594,147.72000122070312,141.72999572753906,145.2100067138672,283200,0.0,0.0
2020-06-01,144.75,147.50999450683594,142.6199951171875,146.22999572753906,124800,0.0,0.0
2020-06-02,147.14999389648438,147.5399932861328,143.11000061035156,147.02000427246094,159200,0.0,0.0
2020-06-03,148.92999267578125,153.39999389648438,147.64999389648438,152.58999633789062,132700,0.0,0.0
2020-06-04,151.88999938964844,154.2899932861328,150.32000732421875,152.88999938964844,169700,0.0,0.0
2020-06-05,156.0,158.32000732421875,153.75,156.22000122070312,142400,0.0,0.0
2020-06-08,159.11000061035156,159.99000549316406,153.86000061035156,154.4600067138672,199900,0.0,0.0
2020-06-09,152.8699951171875,153.72999572753906,150.13999938964844,151.4600067138672,146800,0.0,0.0
2020-06-10,152.5399932861328,154.10000610351562,149.33999633789062,150.42999267578125,140500,0.0,0.0
2020-06-11,146.25999450683594,146.50999450683594,139.11000061035156,139.5399932861328,158400,0.0,0.0
2020-06-12,144.9600067138672,147.24000549316406,137.50999450683594,141.27000427246094,109800,0.0,0.0
2020-06-15,137.1199951171875,145.52999877929688,135.61000061035156,144.1300048828125,165800,0.0,0.0
2020-06-16,149.5500030517578,151.25999450683594,145.42999267578125,146.6699981689453,125000,0.0,0.0
2020-06-17,148.27000427246094,150.9600067138672,144.49000549316406,145.5399932861328,97100,0.0,0.0
2020-06-18,144.33999633789062,146.47000122070312,140.7100067138672,141.17999267578125,168500,0.0,0.0
2020-06-19,143.75999450683594,147.89999389648438,141.14999389648438,142.1699981689453,298200,0.0,0.0
2020-06-22,141.72000122070312,142.86000061035156,138.25,142.10000610351562,93000,0.0,0.0
2020-06-23,144.0,144.22999572753906,140.85000610351562,141.07000732421875,159700,0.0,0.0
2020-06-24,139.30999755859375,139.72000122070312,131.74000549316406,132.52000427246094,203800,0.0,0.0
2020-06-25,132.0,134.0,131.05999755859375,133.67999267578125,173400,0.0,0.0
2020-06-26,133.3800048828125,135.33999633789062,129.0399932861328,129.97000122070312,653200,0.0,0.0
2020-06-29,129.97000122070312,135.49000549316406,129.77999877929688,132.27999877929688,170700,0.0,0.0
2020-06-30,132.1699981689453,134.57000732421875,128.77000427246094,130.97999572753906,248400,0.0,0.0
2020-07-01,130.58999633789062,132.4499969482422,126.02999877929688,126.75,204400,0.0,0.0
2020-07-02,130.0399932861328,131.75999450683594,128.0,128.61000061035156,182000,0.0,0.0
2020-07-06,130.89999389648438,132.30999755859375,128.89999389648438,129.44000244140625,198500,0.0,0.0
2020-07-07,128.3699951171875,133.30999755859375,128.3699951171875,130.92999267578125,282700,0.0,0.0
2020-07-08,131.5,132.89999389648438,127.9000015258789,128.5800018310547,153700,0.0,0.0
2020-07-09,128.6999969482422,131.2100067138672,126.16999816894531,129.97000122070312,103300,0.0,0.0
2020-07-10,129.1300048828125,130.6199951171875,126.55000305175781,127.05000305175781,140800,0.0,0.0
2020-07-13,128.32000732421875,131.9600067138672,126.66999816894531,127.0199966430664,134000,0.0,0.0
2020-07-14,126.91000366210938,128.07000732421875,123.93000030517578,127.37000274658203,98800,0.0,0.0
2020-07-15,128.41000366210938,134.0,128.41000366210938,132.91000366210938,124000,0.0,0.0
2020-07-16,132.00999450683594,132.00999450683594,128.85000610351562,129.33999633789062,62000,0.0,0.0
2020-07-17,129.33999633789062,132.69000244140625,128.27999877929688,130.97999572753906,187400,0.0,0.0
2020-07-20,131.22999572753906,138.1300048828125,131.22999572753906,137.74000549316406,124300,0.0,0.0
2020-07-21,139.24000549316406,139.24000549316406,131.25,132.19000244140625,144400,0.0,0.0
2020-07-22,131.27000427246094,133.3699951171875,129.66000366210938,131.0500030517578,136700,0.0,0.0
2020-07-23,131.08999633789062,136.2899932861328,131.08999633789062,133.14999389648438,115500,0.0,0.0
2020-07-24,131.35000610351562,132.9600067138672,128.27999877929688,128.41000366210938,74100,0.0,0.0
2020-07-27,132.22999572753906,140.69000244140625,131.5399932861328,140.36000061035156,163900,0.0,0.0
2020-07-28,139.66000366210938,140.1699981689453,134.4199981689453,134.89999389648438,97800,0.0,0.0
2020-07-29,135.57000732421875,139.97999572753906,134.9499969482422,138.0500030517578,76700,0.0,0.0
2020-07-30,135.92999267578125,140.05999755859375,134.47999572753906,139.77999877929688,124600,0.0,0.0
2020-07-31,140.35000610351562,141.08999633789062,136.97999572753906,138.8300018310547,211200,0.0,0.0
2020-08-03,139.6199951171875,146.27999877929688,139.6199951171875,145.3300018310547,177300,0.0,0.0
2020-08-04,144.17999267578125,146.02999877929688,139.91000366210938,144.47000122070312,134600,0.0,0.0
2020-08-05,148.5800018310547,149.02999877929688,128.5,129.17999267578125,595800,0.0,0.0
2020-08-06,128.6999969482422,129.5500030517578,125.1500015258789,127.19000244140625,222400,0.0,0.0
2020-08-07,126.7300033569336,129.88999938964844,126.16000366210938,127.97000122070312,176300,0.0,0.0
2020-08-10,128.00999450683594,128.0500030517578,124.70999908447266,124.91999816894531,117900,0.0,0.0
2020-08-11,125.48999786376953,128.55999755859375,124.5999984741211,124.9800033569336,150100,0.0,0.0
2020-08-12,126.0,126.79000091552734,124.76000213623047,125.87999725341797,105400,0.0,0.0
2020-08-13,125.68000030517578,126.69999694824219,123.48999786376953,123.9000015258789,167800,0.0,0.0
2020-08-14,123.51000213623047,123.55000305175781,121.1500015258789,122.0199966430664,123000,0.0,0.0
2020-08-17,122.43000030517578,123.6500015258789,120.48999786376953,122.3499984741211,241400,0.0,0.0
2020-08-18,122.5999984741211,123.69000244140625,118.63999938964844,119.01000213623047,160200,0.0,0.0
2020-08-19,119.22000122070312,120.08000183105469,116.58999633789062,117.4000015258789,118200,0.0,0.0
2020-08-20,116.30999755859375,116.58000183105469,113.91999816894531,114.27999877929688,126800,0.0,0.0
2020-08-21,113.1500015258789,114.80999755859375,110.9000015258789,111.37999725341797,135200,0.0,0.0
2020-08-24,112.55999755859375,113.26000213623047,110.43000030517578,110.88999938964844,172200,0.0,0.0
2020-08-25,111.16999816894531,112.06999969482422,109.29000091552734,110.27999877929688,236300,0.0,0.0
2020-08-26,110.56999969482422,114.08000183105469,110.29000091552734,113.06999969482422,305600,0.0,0.0
2020-08-27,113.9000015258789,114.0199966430664,110.12999725341797,111.08999633789062,123500,0.0,0.0
2020-08-28,111.12000274658203,114.16000366210938,110.63999938964844,112.19999694824219,182200,0.0,0.0
2020-08-31,112.5,114.83999633789062,112.08999633789062,112.66000366210938,169500,0.0,0.0
2020-09-01,112.58999633789062,112.58999633789062,109.2699966430664,110.55000305175781,189900,0.0,0.0
2020-09-02,111.87999725341797,118.63999938964844,111.0,117.47000122070312,246500,0.0,0.0
2020-09-03,116.45999908447266,116.45999908447266,110.06999969482422,112.0199966430664,175800,0.0,0.0
2020-09-04,112.58999633789062,112.9800033569336,108.80999755859375,111.48999786376953,153000,0.0,0.0
2020-09-08,108.43000030517578,110.87999725341797,107.30000305175781,107.69000244140625,180000,0.0,0.0
2020-09-09,109.66000366210938,111.0999984741211,107.0999984741211,109.5,225700,0.0,0.0
2020-09-10,110.4800033569336,112.37999725341797,106.7300033569336,107.19999694824219,157100,0.0,0.0
2020-09-11,108.63999938964844,109.25,106.19999694824219,107.95999908447266,96500,0.0,0.0
2020-09-14,109.22000122070312,111.87000274658203,108.44000244140625,109.19000244140625,141700,0.0,0.0
2020-09-15,110.41000366210938,111.56999969482422,109.91000366210938,110.48999786376953,89100,0.0,0.0
2020-09-16,110.98999786376953,112.30000305175781,108.11000061035156,108.2699966430664,158200,0.0,0.0
2020-09-17,106.51000213623047,110.04000091552734,106.0,109.73999786376953,220800,0.0,0.0
2020-09-18,110.36000061035156,113.0999984741211,107.04000091552734,108.69999694824219,279400,0.0,0.0
2020-09-21,106.1500015258789,107.02999877929688,103.87000274658203,105.72000122070312,214200,0.0,0.0
2020-09-22,105.95999908447266,106.62999725341797,103.0999984741211,106.31999969482422,110800,0.0,0.0
2020-09-23,105.6500015258789,108.12999725341797,104.45999908447266,104.80999755859375,121600,0.0,0.0
2020-09-24,104.08000183105469,107.0,103.0,106.2699966430664,80400,0.0,0.0
2020-09-25,105.37000274658203,107.81999969482422,105.01000213623047,107.6500015258789,147000,0.0,0.0
2020-09-28,109.88999938964844,110.9800033569336,108.87000274658203,109.81999969482422,179500,0.0,0.0
2020-09-29,109.68000030517578,111.48999786376953,109.4000015258789,110.68000030517578,136900,0.0,0.0
2020-09-30,111.1500015258789,112.4800033569336,110.41000366210938,110.93000030517578,182000,0.0,0.0
2020-10-01,111.18000030517578,113.80999755859375,111.18000030517578,112.97000122070312,164300,0.0,0.0
2020-10-02,111.0199966430664,112.80999755859375,107.9000015258789,110.0,132100,0.0,0.0
2020-10-05,111.30000305175781,111.86000061035156,110.12999725341797,111.25,105400,0.0,0.0
2020-10-06,111.73999786376953,114.37999725341797,111.26000213623047,111.56999969482422,172600,0.0,0.0
2020-10-07,113.05000305175781,114.41999816894531,111.73999786376953,111.77999877929688,119500,0.0,0.0
2020-10-08,112.33000183105469,113.76000213623047,111.61000061035156,113.7300033569336,89300,0.0,0.0
2020-10-09,114.98999786376953,118.3499984741211,113.73999786376953,117.2300033569336,146900,0.0,0.0
2020-10-12,117.86000061035156,118.80999755859375,115.08999633789062,116.73999786376953,78800,0.0,0.0
2020-10-13,116.5999984741211,119.56999969482422,115.05999755859375,117.8499984741211,140800,0.0,0.0
2020-10-14,117.48999786376953,118.30000305175781,115.41999816894531,117.31999969482422,98900,0.0,0.0
2020-10-15,115.41999816894531,118.70999908447266,115.12999725341797,117.56999969482422,78300,0.0,0.0
2020-10-16,117.80999755859375,118.63999938964844,117.2699966430664,117.91999816894531,125200,0.0,0.0
2020-10-19,119.0,119.19999694824219,117.23999786376953,117.7300033569336,95200,0.0,0.0
2020-10-20,118.44999694824219,122.06999969482422,115.3499984741211,120.31999969482422,133400,0.0,0.0
2020-10-21,120.27999877929688,123.51000213623047,117.62000274658203,118.30000305175781,166100,0.0,0.0
2020-10-22,118.4000015258789,125.98999786376953,118.26000213623047,123.4000015258789,158100,0.0,0.0
2020-10-23,123.91000366210938,126.95999908447266,123.79000091552734,125.94999694824219,161700,0.0,0.0
2020-10-26,124.33999633789062,124.33999633789062,120.2300033569336,123.30999755859375,145800,0.0,0.0
2020-10-27,123.05000305175781,127.25,123.05000305175781,126.37999725341797,147000,0.0,0.0
2020-10-28,124.31999969482422,125.0999984741211,122.25,122.51000213623047,194500,0.0,0.0
2020-10-29,122.12000274658203,127.62000274658203,122.02999877929688,126.62000274658203,132900,0.0,0.0
2020-10-30,126.30000305175781,126.30000305175781,122.37999725341797,125.13999938964844,159300,0.0,0.0
2020-11-02,124.93000030517578,127.80999755859375,120.77999877929688,121.56999969482422,185500,0.0,0.0
2020-11-03,122.77999877929688,126.98999786376953,122.44000244140625,123.87000274658203,193900,0.0,0.0
2020-11-04,124.98999786376953,128.17999267578125,122.30000305175781,127.2699966430664,88600,0.0,0.0
2020-11-05,128.8699951171875,133.6300048828125,127.58999633789062,132.25999450683594,148100,0.0,0.0
2020-11-06,131.77000427246094,136.97999572753906,131.77000427246094,135.91000366210938,137800,0.0,0.0
2020-11-09,140.0,146.72999572753906,139.05999755859375,140.4499969482422,268300,0.0,0.0
2020-11-10,138.97000122070312,141.39999389648438,136.02000427246094,137.07000732421875,256500,0.0,0.0
2020-11-11,125.7699966430664,129.02999877929688,116.7300033569336,126.22000122070312,639900,0.0,0.0
2020-11-12,123.16000366210938,124.29000091552734,118.05999755859375,118.70999908447266,289700,0.0,0.0
2020-11-13,119.47000122070312,122.51000213623047,119.38999938964844,119.54000091552734,271200,0.0,0.0
2020-11-16,119.12999725341797,120.3499984741211,117.01000213623047,118.56999969482422,424600,0.0,0.0
2020-11-17,118.0,119.58999633789062,115.31999969482422,118.56999969482422,242000,0.0,0.0
2020-11-18,118.81999969482422,123.41999816894531,117.38999938964844,121.8499984741211,243600,0.0,0.0
2020-11-19,120.37999725341797,122.98999786376953,119.79000091552734,122.16999816894531,95900,0.0,0.0
2020-11-20,122.5,122.7300033569336,120.05000305175781,120.37000274658203,87900,0.0,0.0
2020-11-23,121.54000091552734,122.11000061035156,120.6500015258789,121.51000213623047,124300,0.0,0.0
2020-11-24,122.52999877929688,123.5199966430664,121.0999984741211,123.06999969482422,159800,0.0,0.0
2020-11-25,122.30999755859375,122.51000213623047,119.55000305175781,120.08999633789062,151300,0.0,0.0
2020-11-27,120.7699966430664,121.02999877929688,118.56999969482422,120.58999633789062,63900,0.0,0.0
2020-11-30,120.19000244140625,122.0999984741211,119.33000183105469,121.77999877929688,203900,0.0,0.0
2020-12-01,122.5,123.87000274658203,120.94999694824219,121.7699966430664,184200,0.0,0.0
2020-12-02,120.56999969482422,125.0,119.70999908447266,124.43000030517578,156700,0.0,0.0
2020-12-03,124.68000030517578,127.44000244140625,122.62000274658203,125.4000015258789,263500,0.0,0.0
2020-12-04,126.87000274658203,137.72999572753906,126.87000274658203,137.52999877929688,307300,0.0,0.0
2020-12-07,137.52999877929688,137.9199981689453,134.08999633789062,137.19000244140625,160100,0.0,0.0
2020-12-08,137.0,140.41000366210938,136.17999267578125,136.75,128300,0.0,0.0
2020-12-09,136.60000610351562,139.41000366210938,134.66000366210938,135.61000061035156,112900,0.0,0.0
2020-12-10,134.02000427246094,136.99000549316406,132.5500030517578,136.33999633789062,127900,0.0,0.0
2020-12-11,135.38999938964844,138.36000061035156,135.38999938964844,135.86000061035156,123400,0.0,0.0
2020-12-14,137.27999877929688,138.97999572753906,136.64999389648438,137.35000610351562,105600,0.0,0.0
2020-12-15,138.8300018310547,142.86000061035156,134.97999572753906,142.6999969482422,150800,0.0,0.0
2020-12-16,141.83999633789062,144.0,139.1999969482422,140.6199951171875,222500,0.0,0.0
2020-12-17,141.14999389648438,143.5800018310547,139.27000427246094,140.07000732421875,96800,0.0,0.0
2020-12-18,139.1699981689453,147.3800048828125,139.1699981689453,146.42999267578125,583200,0.0,0.0
2020-12-21,144.36000061035156,144.47999572753906,141.66000366210938,143.77000427246094,140700,0.0,0.0
2020-12-22,144.82000732421875,147.4499969482422,144.82000732421875,145.77000427246094,98500,0.0,0.0
2020-12-23,146.0,150.25,146.0,149.8800048828125,165000,0.0,0.0
2020-12-24,150.39999389648438,152.5500030517578,149.16000366210938,149.47000122070312,72000,0.0,0.0
2020-12-28,150.13999938964844,156.19000244140625,148.75999450683594,155.67999267578125,190000,0.0,0.0
2020-12-29,155.9600067138672,157.74000549316406,148.0500030517578,150.44000244140625,230900,0.0,0.0
2020-12-30,150.41000366210938,155.75,150.41000366210938,152.6199951171875,129200,0.0,0.0
2020-12-31,151.22000122070312,152.8800048828125,149.94000244140625,150.02000427246094,122100,0.0,0.0
2021-01-04,150.07000732421875,154.6300048828125,147.60000610351562,148.2100067138672,196400,0.0,0.0
2021-01-05,147.14999389648438,152.66000366210938,147.14999389648438,152.4199981689453,119600,0.0,0.0
2021-01-06,150.97000122070312,156.41000366210938,149.8000030517578,153.0399932861328,122600,0.0,0.0
2021-01-07,155.42999267578125,171.52000427246094,154.75999450683594,171.10000610351562,362300,0.0,0.0
2021-01-08,172.0,179.0500030517578,170.5800018310547,173.80999755859375,276000,0.0,0.0
2021-01-11,171.3300018310547,177.39999389648438,169.91000366210938,175.6999969482422,213300,0.0,0.0
2021-01-12,171.00999450683594,174.36000061035156,160.00999450683594,164.52000427246094,303300,0.0,0.0
2021-01-13,164.32000732421875,165.8699951171875,151.63999938964844,152.94000244140625,337300,0.0,0.0
2021-01-14,153.0,159.35000610351562,153.0,155.39999389648438,166400,0.0,0.0
2021-01-15,153.27000427246094,153.89999389648438,144.85000610351562,151.9499969482422,213100,0.0,0.0
2021-01-19,198.64999389648438,213.0500030517578,194.07000732421875,197.00999450683594,5019800,0.0,0.0
2021-01-20,200.1699981689453,202.9199981689453,198.42999267578125,199.47999572753906,2033700,0.0,0.0
2021-01-21,199.58999633789062,204.05999755859375,198.5,203.35000610351562,1145500,0.0,0.0
2021-01-22,202.44000244140625,207.16000366210938,202.44000244140625,205.30999755859375,431400,0.0,0.0
2021-01-25,207.77000427246094,209.6199951171875,203.6999969482422,204.66000366210938,348000,0.0,0.0
2021-01-26,204.17999267578125,206.39999389648438,203.17999267578125,203.9600067138672,307800,0.0,0.0
2021-01-27,202.5500030517578,207.97999572753906,200.5500030517578,206.00999450683594,419000,0.0,0.0
2021-01-28,204.77999877929688,206.0,198.32000732421875,201.00999450683594,771100,0.0,0.0
2021-01-29,203.39999389648438,204.14999389648438,197.3699951171875,200.83999633789062,417300,0.0,0.0
2021-02-01,201.97000122070312,203.57000732421875,200.08999633789062,201.5,399300,0.0,0.0
2021-02-02,200.58999633789062,200.58999633789062,189.42999267578125,191.94000244140625,383800,0.0,0.0
2021-02-03,193.7100067138672,196.6199951171875,193.35000610351562,194.67999267578125,603600,0.0,0.0
2021-02-04,195.02999877929688,195.83999633789062,192.64999389648438,194.52000427246094,168400,0.0,0.0
2021-02-05,196.77999877929688,197.0500030517578,193.13999938964844,193.17999267578125,269900,0.0,0.0
2021-02-08,215.0,227.17999267578125,210.49000549316406,219.5,1617400,0.0,0.0
2021-02-09,218.4600067138672,221.14999389648438,216.19000244140625,220.89999389648438,351900,0.0,0.0
2021-02-10,222.42999267578125,223.2899932861328,219.16000366210938,222.16000366210938,304800,0.0,0.0
2021-02-11,222.16000366210938,227.44000244140625,220.39999389648438,226.8000030517578,281000,0.0,0.0
2021-02-12,254.2899932861328,264.6400146484375,253.7100067138672,257.989990234375,1180000,0.0,0.0
2021-02-16,256.5,264.3299865722656,255.02000427246094,260.6499938964844,616900,0.0,0.0
2021-02-17,259.57000732421875,263.9800109863281,256.1099853515625,256.95001220703125,604700,0.0,0.0
2021-02-18,254.30999755859375,257.2200012207031,251.39999389648438,252.5,338900,0.0,0.0
2021-02-19,256.70001220703125,260.260009765625,250.5800018310547,254.0,472200,0.0,0.0
2021-02-22,253.5500030517578,257.010009765625,249.66000366210938,250.14999389648438,286800,0.0,0.0
2021-02-23,243.91000366210938,249.99000549316406,239.4600067138672,244.3300018310547,531000,0.0,0.0
2021-02-24,245.25999450683594,249.4600067138672,244.41000366210938,247.5,281300,0.0,0.0
2021-02-25,247.99000549316406,250.0,239.42999267578125,241.3699951171875,289700,0.0,0.0
2021-02-26,242.0,247.47000122070312,238.52000427246094,241.94000244140625,390600,0.0,0.0
2021-03-01,245.64999389648438,248.8800048828125,242.36000061035156,247.57000732421875,327900,0.0,0.0
2021-03-02,248.38999938964844,248.38999938964844,244.02000427246094,244.02999877929688,189400,0.0,0.0
2021-03-03,245.6199951171875,246.94000244140625,237.05999755859375,238.41000366210938,314600,0.0,0.0
2021-03-04,238.5800018310547,241.5,228.88999938964844,234.0500030517578,577800,0.0,0.0
2021-03-05,236.44000244140625,237.10000610351562,221.82000732421875,235.17999267578125,532000,0.0,0.0
2021-03-08,241.13999938964844,244.8800048828125,237.52000427246094,238.7899932861328,570900,0.0,0.0
2021-03-09,240.0,245.5,240.0,244.61000061035156,377500,0.0,0.0
2021-03-10,249.6199951171875,250.55999755859375,244.36000061035156,247.0500030517578,633900,0.0,0.0
2021-03-11,248.10000610351562,252.41000366210938,247.39999389648438,248.1699981689453,497700,0.0,0.0
2021-03-12,253.0,253.5,245.02999877929688,247.89999389648438,624100,0.0,0.0
2021-03-15,249.8699951171875,250.6999969482422,244.5500030517578,247.3800048828125,201400,0.0,0.0
2021-03-16,247.17999267578125,249.85000610351562,245.36000061035156,248.7100067138672,275500,0.0,0.0
2021-03-17,255.72000122070312,259.5400085449219,253.39999389648438,256.82000732421875,603100,0.0,0.0
2021-03-18,261.010009765625,270.0,260.3999938964844,260.7200012207031,1003800,0.0,0.0
2021-03-19,259.29998779296875,262.45001220703125,257.0,260.29998779296875,796300,0.0,0.0
2021-03-22,260.04998779296875,262.32000732421875,256.8999938964844,258.5299987792969,416400,0.0,0.0
2021-03-23,260.79998779296875,260.989990234375,256.0400085449219,258.1099853515625,637700,0.0,0.0
2021-03-24,259.1099853515625,262.0,255.8300018310547,257.6400146484375,668900,0.0,0.0
2021-03-25,255.5,259.5199890136719,252.69000244140625,257.5,1240300,0.0,0.0
2021-03-26,259.739990234375,261.2099914550781,257.6000061035156,260.55999755859375,904100,0.0,0.0
2021-03-29,259.80999755859375,262.2300109863281,252.64999389648438,253.02000427246094,1007300,0.0,0.0
2021-03-30,253.3699951171875,254.85000610351562,250.89999389648438,253.25,626800,0.0,0.0
2021-03-31,253.57000732421875,256.05999755859375,252.75999450683594,252.88999938964844,468900,0.0,0.0
2021-04-01,253.47999572753906,261.75,253.19000244140625,258.5299987792969,423200,0.0,0.0
2021-04-05,260.4800109863281,260.8800048828125,258.2200012207031,259.8900146484375,701100,0.0,0.0
2021-04-06,258.79998779296875,262.0899963378906,258.79998779296875,261.6700134277344,736800,0.0,0.0
2021-04-07,260.67999267578125,263.3500061035156,260.67999267578125,262.05999755859375,476500,0.0,0.0
2021-04-08,263.0,264.2900085449219,262.2900085449219,263.94000244140625,289800,0.0,0.0
2021-04-09,264.04998779296875,266.75,263.5199890136719,265.55999755859375,249000,0.0,0.0
2021-04-12,265.05999755859375,269.2699890136719,265.05999755859375,267.32000732421875,374500,0.0,0.0
2021-04-13,267.07000732421875,268.5199890136719,266.30999755859375,266.7300109863281,201700,0.0,0.0
2021-04-14,266.2900085449219,270.2200012207031,266.2900085449219,268.6600036621094,336000,0.0,0.0
2021-04-15,269.42999267578125,269.8999938964844,267.6000061035156,267.6000061035156,278800,0.0,0.0
2021-04-16,267.1000061035156,270.5299987792969,267.1000061035156,268.0400085449219,304400,0.0,0.0
2021-04-19,266.8500061035156,267.8999938964844,264.3500061035156,265.57000732421875,230900,0.0,0.0
2021-04-20,266.29998779296875,266.8599853515625,263.0799865722656,264.4599914550781,265000,0.0,0.0
2021-04-21,263.32000732421875,267.010009765625,263.32000732421875,267.0,167500,0.0,0.0
2021-04-22,267.5,268.3900146484375,264.8399963378906,265.29998779296875,113200,0.0,0.0
2021-04-23,266.5799865722656,270.8399963378906,266.25,269.8399963378906,348500,0.0,0.0
2021-04-26,270.989990234375,270.989990234375,269.260009765625,270.1000061035156,226700,0.0,0.0
2021-04-27,269.6700134277344,270.20001220703125,267.79998779296875,267.92999267578125,231700,0.0,0.0
2021-04-28,267.6000061035156,268.239990234375,265.510009765625,267.5400085449219,251100,0.0,0.0
2021-04-29,267.7699890136719,269.29998779296875,265.1199951171875,266.0,243000,0.0,0.0
2021-04-30,264.1099853515625,265.8800048828125,259.70001220703125,259.989990234375,345000,0.0,0.0
2021-05-03,258.1099853515625,262.1499938964844,258.1099853515625,259.5400085449219,273600,0.0,0.0
2021-05-04,257.82000732421875,258.94000244140625,256.05999755859375,256.5199890136719,268000,0.0,0.0
2021-05-05,261.04998779296875,261.04998779296875,256.239990234375,257.1700134277344,488400,0.0,0.0
2021-05-06,256.17999267578125,256.17999267578125,251.9199981689453,253.5399932861328,309800,0.0,0.0
2021-05-07,253.7899932861328,259.989990234375,253.7899932861328,259.29998779296875,179500,0.0,0.0
2021-05-10,258.3699951171875,258.3699951171875,255.33999633789062,256.4100036621094,192400,0.0,0.0
2021-05-11,252.8000030517578,261.489990234375,252.8000030517578,259.79998779296875,273100,0.0,0.0
2021-05-12,259.7200012207031,259.7200012207031,254.5,254.5,405600,0.0,0.0
2021-05-13,255.30999755859375,257.69000244140625,254.41000366210938,255.8300018310547,363000,0.0,0.0
2021-05-14,257.2099914550781,259.2900085449219,256.7699890136719,258.4700012207031,210800,0.0,0.0
2021-05-17,257.2300109863281,260.8900146484375,257.1300048828125,259.7099914550781,357700,0.0,0.0
2021-05-18,259.489990234375,261.2799987792969,258.239990234375,258.54998779296875,385900,0.0,0.0
2021-05-19,256.010009765625,262.0299987792969,256.010009765625,260.8999938964844,273200,0.0,0.0
2021-05-20,261.2900085449219,264.489990234375,260.07000732421875,260.5799865722656,460900,0.0,0.0
2021-05-21,261.4599914550781,262.94000244140625,260.5299987792969,260.8299865722656,358500,0.0,0.0
2021-05-24,261.79998779296875,263.0799865722656,261.0,261.3699951171875,257400,0.0,0.0
2021-05-25,262.4599914550781,262.69000244140625,259.8999938964844,259.95001220703125,238200,0.0,0.0
2021-05-26,261.05999755859375,262.3399963378906,260.9100036621094,261.75,154300,0.0,0.0
2021-05-27,262.3299865722656,263.79998779296875,261.9599914550781,262.42999267578125,241900,0.0,0.0
2021-05-28,262.75,263.9800109863281,261.7099914550781,262.6099853515625,150400,0.0,0.0
2021-06-01,263.010009765625,265.9599914550781,262.6600036621094,263.32000732421875,228900,0.0,0.0
2021-06-02,263.1099853515625,263.3999938964844,262.1000061035156,262.94000244140625,211700,0.0,0.0
2021-06-03,262.4700012207031,263.67999267578125,261.20001220703125,262.2300109863281,337000,0.0,0.0
2021-06-04,262.8699951171875,264.1700134277344,262.8699951171875,263.7300109863281,454500,0.0,0.0
2021-06-07,263.75,264.54998779296875,263.4700012207031,263.8500061035156,247700,0.0,0.0
2021-06-08,264.6499938964844,265.2200012207031,263.6099853515625,264.5899963378906,313000,0.0,0.0
2021-06-09,264.6400146484375,265.57000732421875,263.9800109863281,264.04998779296875,347400,0.0,0.0
2021-06-10,264.239990234375,265.3599853515625,263.3399963378906,265.010009765625,329400,0.0,0.0
2021-06-11,263.8900146484375,266.4200134277344,263.8900146484375,265.54998779296875,362400,0.0,0.0
2021-06-14,265.8399963378906,269.29998779296875,265.2200012207031,269.29998779296875,169700,0.0,0.0
2021-06-15,269.17999267578125,270.1099853515625,266.2900085449219,266.2900085449219,295000,0.0,0.0
2021-06-16,265.55999755859375,266.9100036621094,262.82000732421875,263.55999755859375,304900,0.0,0.0
2021-06-17,263.1499938964844,265.7099914550781,262.760009765625,263.6000061035156,157000,0.0,0.0
2021-06-18,261.8599853515625,263.0,260.0199890136719,262.1300048828125,379000,0.0,0.0
2021-06-21,263.4599914550781,264.3800048828125,262.0299987792969,262.4800109863281,295500,0.0,0.0
2021-06-22,261.9200134277344,263.7300109863281,260.5899963378906,262.2200012207031,157400,0.0,0.0
2021-06-23,261.8900146484375,264.92999267578125,261.5199890136719,264.010009765625,203600,0.0,0.0
2021-06-24,265.2799987792969,266.1700134277344,262.7099914550781,263.94000244140625,508300,0.0,0.0
2021-06-25,263.9200134277344,265.3699951171875,262.989990234375,263.8900146484375,265800,0.0,0.0
2021-06-28,264.44000244140625,266.95001220703125,263.79998779296875,265.1700134277344,106500,0.0,0.0
2021-06-29,265.6199951171875,267.2099914550781,264.2300109863281,266.0,153400,0.0,0.0
2021-06-30,265.54998779296875,265.7900085449219,263.2099914550781,264.3399963378906,289500,0.0,0.0
2021-07-01,264.4200134277344,265.4700012207031,262.3800048828125,262.5400085449219,207600,0.0,0.0
2021-07-02,263.6199951171875,264.989990234375,261.25,261.7799987792969,187600,0.0,0.0
2021-07-06,261.9200134277344,263.260009765625,261.07000732421875,262.57000732421875,203900,0.0,0.0
2021-07-07,263.55999755859375,263.55999755859375,258.20001220703125,259.2099914550781,310800,0.0,0.0
2021-07-08,256.42999267578125,257.7699890136719,254.39999389648438,255.16000366210938,353000,0.0,0.0
2021-07-09,255.1699981689453,259.8900146484375,253.9499969482422,258.8699951171875,232700,0.0,0.0
2021-07-12,258.4599914550781,259.0,256.6499938964844,257.5400085449219,276500,0.0,0.0
2021-07-13,257.489990234375,258.3500061035156,256.1300048828125,256.5299987792969,215900,0.0,0.0
2021-07-14,256.260009765625,261.79998779296875,256.260009765625,257.07000732421875,186500,0.0,0.0
2021-07-15,257.2099914550781,257.79998779296875,255.2100067138672,256.2200012207031,184100,0.0,0.0
2021-07-16,256.17999267578125,257.760009765625,255.6999969482422,256.6000061035156,106000,0.0,0.0
2021-07-19,254.4499969482422,256.25,253.82000732421875,255.19000244140625,236200,0.0,0.0
2021-07-20,255.3300018310547,259.45001220703125,255.3300018310547,257.7799987792969,201200,0.0,0.0
2021-07-21,258.5400085449219,260.6300048828125,257.260009765625,260.1400146484375,156100,0.0,0.0
2021-07-22,260.3699951171875,260.6199951171875,256.3599853515625,256.55999755859375,149500,0.0,0.0
2021-07-23,257.55999755859375,259.82000732421875,256.5400085449219,259.7900085449219,103300,0.0,0.0
2021-07-26,259.6499938964844,259.6499938964844,253.82000732421875,254.22000122070312,103700,0.0,0.0
2021-07-27,253.02999877929688,253.50999450683594,241.52000427246094,244.2899932861328,349100,0.0,0.0
2021-07-28,244.41000366210938,249.47999572753906,244.41000366210938,247.4199981689453,430900,0.0,0.0
2021-07-29,247.61000061035156,247.61000061035156,245.3699951171875,245.9600067138672,174000,0.0,0.0
2021-07-30,245.0,246.60000610351562,245.0,245.94000244140625,176500,0.0,0.0
2021-08-02,246.38999938964844,248.22000122070312,245.3699951171875,245.3699951171875,208400,0.0,0.0
2021-08-03,244.8300018310547,244.8300018310547,230.99000549316406,239.25999450683594,458500,0.0,0.0
2021-08-04,239.0,239.0,222.0399932861328,231.1699981689453,586400,0.0,0.0
2021-08-05,231.92999267578125,241.8699951171875,231.92999267578125,241.33999633789062,260100,0.0,0.0
2021-08-06,242.0,244.08999633789062,236.9499969482422,242.0399932861328,252000,0.0,0.0
2021-08-09,242.88999938964844,243.1300048828125,239.13999938964844,240.4199981689453,245400,0.0,0.0
2021-08-10,241.5800018310547,243.02999877929688,237.60000610351562,238.4499969482422,144900,0.0,0.0
2021-08-11,239.75999450683594,239.7899932861328,236.0,238.6199951171875,157000,0.0,0.0
2021-08-12,236.0,242.2899932861328,236.0,240.85000610351562,129300,0.0,0.0
2021-08-13,241.60000610351562,241.99000549316406,238.86000061035156,239.39999389648438,66900,0.0,0.0
2021-08-16,239.6300048828125,241.2899932861328,239.6199951171875,239.97999572753906,161200,0.0,0.0
2021-08-17,238.66000366210938,243.08999633789062,238.22999572753906,240.8800048828125,135000,0.0,0.0
2021-08-18,240.77999877929688,247.77999877929688,240.3000030517578,245.8300018310547,254600,0.0,0.0
2021-08-19,243.0800018310547,247.6300048828125,243.0800018310547,246.36000061035156,92400,0.0,0.0
2021-08-20,245.9499969482422,249.67999267578125,245.35000610351562,249.47000122070312,99300,0.0,0.0
2021-08-23,251.24000549316406,253.67999267578125,249.58999633789062,250.0,418000,0.0,0.0
2021-08-24,249.8000030517578,252.82000732421875,249.8000030517578,251.6300048828125,123100,0.0,0.0
2021-08-25,251.99000549316406,254.13999938964844,250.44000244140625,250.82000732421875,147100,0.0,0.0
2021-08-26,250.55999755859375,252.47000122070312,250.30999755859375,250.49000549316406,89000,0.0,0.0
2021-08-27,250.33999633789062,254.85000610351562,250.33999633789062,253.3300018310547,109700,0.0,0.0
2021-08-30,253.6699981689453,254.91000366210938,250.57000732421875,250.88999938964844,86900,0.0,0.0
2021-08-31,250.27999877929688,254.0,249.75999450683594,252.6699981689453,82400,0.0,0.0
2021-09-01,253.92999267578125,256.8500061035156,253.19000244140625,253.47000122070312,158500,0.0,0.0
2021-09-02,253.44000244140625,255.5500030517578,252.11000061035156,254.25999450683594,121400,0.0,0.0
2021-09-03,254.39999389648438,254.5399932861328,251.6999969482422,252.30999755859375,134500,0.0,0.0
2021-09-07,252.1300048828125,254.22000122070312,249.72000122070312,250.05999755859375,130900,0.0,0.0
2021-09-08,250.52999877929688,252.77000427246094,249.3300018310547,250.52999877929688,133300,0.0,0.0
2021-09-09,250.64999389648438,252.86000061035156,249.6199951171875,252.27999877929688,95900,0.0,0.0
2021-09-10,253.39999389648438,254.8699951171875,251.60000610351562,251.97000122070312,77800,0.0,0.0
2021-09-13,252.92999267578125,254.4199981689453,250.3699951171875,253.75999450683594,187900,0.0,0.0
2021-09-14,254.3800048828125,254.39999389648438,251.9499969482422,252.11000061035156,103000,0.0,0.0
2021-09-15,252.27999877929688,253.44000244140625,250.3800048828125,253.16000366210938,136300,0.0,0.0
2021-09-16,252.25999450683594,254.2100067138672,252.0800018310547,253.27000427246094,155500,0.0,0.0
2021-09-17,252.88999938964844,253.8699951171875,250.77000427246094,250.8300018310547,341300,0.0,0.0
2021-09-20,248.10000610351562,251.35000610351562,248.10000610351562,250.75999450683594,254800,0.0,0.0
2021-09-21,250.7899932861328,254.3000030517578,250.7899932861328,252.3800048828125,145900,0.0,0.0
2021-09-22,253.77999877929688,254.0399932861328,251.0,252.52999877929688,164000,0.0,0.0
2021-09-23,252.58999633789062,254.4499969482422,252.58999633789062,253.72000122070312,129000,0.0,0.0
2021-09-24,253.52999877929688,256.260009765625,252.5800018310547,255.97999572753906,148900,0.0,0.0
2021-09-27,256.2900085449219,256.2900085449219,253.0800018310547,253.52999877929688,167100,0.0,0.0
2021-09-28,252.13999938964844,253.7899932861328,251.88999938964844,252.83999633789062,95300,0.0,0.0
2021-09-29,253.57000732421875,254.32000732421875,251.36000061035156,251.60000610351562,93200,0.0,0.0
2021-09-30,252.35000610351562,253.97000122070312,249.94000244140625,250.08999633789062,162000,0.0,0.0
2021-10-01,250.60000610351562,254.69000244140625,250.5,253.1199951171875,156800,0.0,0.0
2021-10-04,252.8300018310547,252.8300018310547,248.47999572753906,249.05999755859375,226700,0.0,0.0
2021-10-05,248.67999267578125,252.47000122070312,248.50999450683594,248.92999267578125,213000,0.0,0.0
2021-10-06,248.38999938964844,250.88999938964844,246.0500030517578,249.50999450683594,77900,0.0,0.0
2021-10-07,249.30999755859375,253.58999633789062,249.30999755859375,252.6199951171875,137600,0.0,0.0
2021-10-08,253.11000061035156,253.11000061035156,251.4600067138672,252.0399932861328,94400,0.0,0.0
2021-10-11,251.36000061035156,252.8000030517578,249.27000427246094,249.42999267578125,71700,0.0,0.0
2021-10-12,249.52000427246094,250.25999450683594,248.35000610351562,249.13999938964844,73000,0.0,0.0
2021-10-13,250.02000427246094,250.77000427246094,248.88999938964844,250.00999450683594,66200,0.0,0.0
2021-10-14,251.58999633789062,252.66000366210938,250.2100067138672,251.77000427246094,176000,0.0,0.0
2021-10-15,252.05999755859375,253.75,251.8000030517578,252.47000122070312,163300,0.0,0.0
2021-10-18,252.3000030517578,254.05999755859375,251.47000122070312,253.24000549316406,220000,0.0,0.0
2021-10-19,253.32000732421875,255.30999755859375,253.2100067138672,253.74000549316406,67900,0.0,0.0
2021-10-20,254.0,255.0399932861328,252.3300018310547,252.5500030517578,75800,0.0,0.0
2021-10-21,252.75,253.6699981689453,252.0800018310547,253.00999450683594,114400,0.0,0.0
2021-10-22,253.35000610351562,255.1999969482422,250.1199951171875,251.8699951171875,102100,0.0,0.0
2021-10-25,251.82000732421875,253.8000030517578,251.0800018310547,252.27000427246094,157600,0.0,0.0
2021-10-26,253.0,253.39999389648438,250.32000732421875,250.3300018310547,116100,0.0,0.0
2021-10-27,249.7100067138672,252.2100067138672,248.30999755859375,248.30999755859375,128500,0.0,0.0
2021-10-28,247.66000366210938,253.64999389648438,247.66000366210938,253.6199951171875,125200,0.0,0.0
2021-10-29,253.60000610351562,255.3699951171875,251.72000122070312,254.39999389648438,161200,0.0,0.0
2021-11-01,254.3000030517578,259.95001220703125,253.1999969482422,256.7099914550781,222100,0.0,0.0
2021-11-02,257.5299987792969,259.3999938964844,255.94000244140625,256.0799865722656,91100,0.0,0.0
2021-11-03,255.50999450683594,259.17999267578125,255.50999450683594,257.9100036621094,73100,0.0,0.0
2021-11-04,258.260009765625,259.8299865722656,257.20001220703125,258.510009765625,62900,0.0,0.0
2021-11-05,259.55999755859375,260.1600036621094,258.7300109863281,258.7300109863281,64400,0.0,0.0
2021-11-08,259.2200012207031,260.0,257.1000061035156,257.8299865722656,213200,0.0,0.0
2021-11-09,258.2300109863281,261.2099914550781,258.2300109863281,259.7699890136719,275000,0.0,0.0
2021-11-10,255.0,260.4200134277344,255.0,259.0899963378906,180800,0.0,0.0
2021-11-11,258.80999755859375,261.239990234375,258.739990234375,260.42999267578125,57400,0.0,0.0
2021-11-12,260.30999755859375,261.0,258.7900085449219,259.0,55300,0.0,0.0
2021-11-15,258.8500061035156,259.8999938964844,258.17999267578125,258.45001220703125,87900,0.0,0.0
2021-11-16,258.1300048828125,259.9599914550781,256.8900146484375,258.79998779296875,219400,0.0,0.0
2021-11-17,256.3999938964844,259.9100036621094,255.82000732421875,258.70001220703125,144700,0.0,0.0
2021-11-18,257.3500061035156,258.4599914550781,256.010009765625,257.239990234375,63200,0.0,0.0
2021-11-19,256.45001220703125,258.17999267578125,256.45001220703125,256.9200134277344,60500,0.0,0.0
2021-11-22,257.0299987792969,259.5799865722656,256.7300109863281,258.2900085449219,91600,0.0,0.0
2021-11-23,259.20001220703125,259.6099853515625,257.44000244140625,259.2200012207031,132000,0.0,0.0
2021-11-24,257.7699890136719,261.8999938964844,257.6199951171875,261.239990234375,179100,0.0,0.0
2021-11-26,258.55999755859375,259.8999938964844,256.92999267578125,258.29998779296875,54700,0.0,0.0
2021-11-29,258.6000061035156,259.29998779296875,257.3500061035156,258.510009765625,132200,0.0,0.0
2021-11-30,257.79998779296875,260.3399963378906,257.79998779296875,258.92999267578125,186300,0.0,0.0
2021-12-01,260.75,263.4599914550781,257.29998779296875,257.29998779296875,169400,0.0,0.0
2021-12-02,257.29998779296875,259.1400146484375,255.30999755859375,257.989990234375,120400,0.0,0.0
2021-12-03,257.5799865722656,259.32000732421875,257.2099914550781,258.7900085449219,182400,0.0,0.0
2021-12-06,260.2099914550781,261.30999755859375,256.6400146484375,260.5899963378906,244600,0.0,0.0
2021-12-07,262.5400085449219,265.3299865722656,262.19000244140625,264.6700134277344,197400,0.0,0.0
2021-12-08,266.510009765625,266.8299865722656,264.70001220703125,265.6199951171875,137500,0.0,0.0
2021-12-09,264.55999755859375,266.9800109863281,264.55999755859375,265.7900085449219,122700,0.0,0.0
2021-12-10,266.80999755859375,267.6400146484375,264.9700012207031,265.8299865722656,220300,0.0,0.0
2021-12-13,266.1199951171875,267.0199890136719,263.8800048828125,263.9200134277344,183800,0.0,0.0
2021-12-14,262.8800048828125,264.92999267578125,262.1199951171875,263.44000244140625,75900,0.0,0.0
2021-12-15,263.9100036621094,266.7799987792969,263.1300048828125,265.8299865722656,124000,0.0,0.0
2021-12-16,264.489990234375,267.2300109863281,262.29998779296875,263.20001220703125,104100,0.0,0.0
2021-12-17,263.05999755859375,264.8399963378906,261.94000244140625,262.5199890136719,395600,0.0,0.0
2021-12-20,259.9100036621094,261.3399963378906,258.3399963378906,260.8500061035156,158600,0.0,0.0
2021-12-21,261.8699951171875,264.0400085449219,260.6700134277344,263.4800109863281,78600,0.0,0.0
2021-12-22,263.8800048828125,264.9700012207031,258.8599853515625,264.6199951171875,100500,0.0,0.0
2021-12-23,266.20001220703125,266.760009765625,264.29998779296875,265.5,109400,0.0,0.0
2021-12-27,265.04998779296875,268.29998779296875,264.6000061035156,268.2099914550781,150100,0.0,0.0
2021-12-28,269.0299987792969,269.0299987792969,266.29998779296875,266.7200012207031,87900,0.0,0.0
2021-12-29,266.5,268.5299987792969,265.67999267578125,267.2699890136719,126700,0.0,0.0
2021-12-30,268.0,268.0,265.4800109863281,265.9200134277344,52300,0.0,0.0
2021-12-31,265.4700012207031,266.9599914550781,265.4700012207031,266.5400085449219,57700,0.0,0.0
2022-01-03,266.94000244140625,269.17999267578125,266.0199890136719,267.44000244140625,224600,0.0,0.0
2022-01-04,267.3599853515625,269.0,265.4800109863281,268.57000732421875,122800,0.0,0.0
2022-01-05,269.0,269.9800109863281,265.6300048828125,265.6300048828125,157500,0.0,0.0
2022-01-06,265.1700134277344,267.75,264.5299987792969,265.2200012207031,83500,0.0,0.0
2022-01-07,265.1000061035156,267.30999755859375,262.67999267578125,264.7699890136719,208500,0.0,0.0
2022-01-10,263.7799987792969,265.8699951171875,260.5799865722656,263.3800048828125,209200,0.0,0.0
2022-01-11,262.3800048828125,264.3800048828125,261.42999267578125,263.739990234375,130800,0.0,0.0
2022-01-12,263.260009765625,265.94000244140625,262.55999755859375,263.3399963378906,104700,0.0,0.0
2022-01-13,263.5400085449219,265.2300109863281,260.739990234375,260.94000244140625,141200,0.0,0.0
2022-01-14,259.25,261.9800109863281,256.8500061035156,259.6499938964844,296100,0.0,0.0
2022-01-18,259.6300048828125,259.6300048828125,254.49000549316406,255.63999938964844,169600,0.0,0.0
2022-01-19,255.36000061035156,256.3599853515625,252.58999633789062,253.02000427246094,386700,0.0,0.0
2022-01-20,253.32000732421875,256.82000732421875,252.22999572753906,253.32000732421875,196200,0.0,0.0
2022-01-21,254.25,257.70001220703125,254.25,255.16000366210938,272200,0.0,0.0
2022-01-24,254.3699951171875,255.63999938964844,246.97999572753906,255.07000732421875,273800,0.0,0.0
2022-01-25,255.1199951171875,255.1199951171875,249.64999389648438,250.5500030517578,106600,0.0,0.0
2022-01-26,252.35000610351562,253.17999267578125,248.99000549316406,249.32000732421875,160000,0.0,0.0
2022-01-27,255.6300048828125,257.42999267578125,251.58999633789062,252.47000122070312,433500,0.0,0.0
2022-01-28,252.5399932861328,254.82000732421875,251.30999755859375,254.67999267578125,240300,0.0,0.0
2022-01-31,254.7899932861328,258.4800109863281,254.7899932861328,258.4800109863281,251600,0.0,0.0
2022-02-01,257.5799865722656,258.9200134277344,256.0,258.07000732421875,202600,0.0,0.0
2022-02-02,257.3999938964844,258.739990234375,256.5799865722656,258.1700134277344,209700,0.0,0.0
2022-02-03,257.5799865722656,257.5799865722656,252.8699951171875,253.75,305100,0.0,0.0
2022-02-04,252.4499969482422,255.7100067138672,252.0399932861328,254.97999572753906,235400,0.0,0.0
2022-02-07,254.8300018310547,256.94000244140625,254.82000732421875,255.77000427246094,225300,0.0,0.0
2022-02-08,254.63999938964844,257.1199951171875,254.63999938964844,255.47000122070312,229900,0.0,0.0
2022-02-09,256.25,262.1400146484375,255.0399932861328,261.8900146484375,284500,0.0,0.0
2022-02-10,259.07000732421875,265.8299865722656,259.07000732421875,263.17999267578125,331300,0.0,0.0
2022-02-11,263.9200134277344,264.30999755859375,260.29998779296875,260.29998779296875,149500,0.0,0.0
2022-02-14,260.4100036621094,262.1099853515625,260.04998779296875,261.4200134277344,200300,0.0,0.0
2022-02-15,262.1199951171875,265.0,261.8599853515625,264.6300048828125,125800,0.0,0.0
2022-02-16,264.2900085449219,266.32000732421875,263.3599853515625,265.4700012207031,135500,0.0,0.0
2022-02-17,264.3800048828125,267.5799865722656,264.3800048828125,265.5899963378906,192500,0.0,0.0
2022-02-18,265.0799865722656,266.3999938964844,264.6600036621094,266.010009765625,198700,0.0,0.0
2022-02-22,264.6600036621094,266.5,264.1199951171875,264.5899963378906,307900,0.0,0.0
2022-02-23,264.7699890136719,265.4700012207031,261.6499938964844,261.9800109863281,263900,0.0,0.0
2022-02-24,259.0799865722656,263.1700134277344,258.2200012207031,263.0,408600,0.0,0.0
2022-02-25,263.8900146484375,265.9100036621094,261.9599914550781,264.8599853515625,192500,0.0,0.0
