Date,Open,High,Low,Close,Volume,Dividends,Stock Splits
1972-06-01,0.0,1.0041531760967086,0.9987106422323737,1.001431941986084,74617,0.0,0.0
1972-06-02,1.0041535821329763,1.0177600864034093,1.0041535821329763,1.012317419052124,227645,0.0,0.0
1972-06-05,1.01231763717231,1.0136782878925275,1.0095964670181274,1.0095964670181274,96117,0.0,0.0
1972-06-06,1.009595448811642,1.010956098159605,1.0041527857767305,1.0068740844726562,77146,0.0,0.0
1972-06-07,1.0027934582493778,1.0027934582493778,0.9891868829727173,0.9891868829727173,121411,0.0,0.0
1972-06-08,0.9891861753194621,0.9946288409223841,0.9796618223190308,0.9796618223190308,328820,0.0,0.0
1972-06-09,0.9796620486696833,0.9796620486696833,0.9728587971480052,0.9742193818092346,232704,0.0,0.0
1972-06-12,0.9742191567161088,0.9823829910127644,0.9701372723893266,0.9796618223190308,182116,0.0,0.0
1972-06-13,0.9823835813994852,0.9959900894762166,0.9823835813994852,0.9932687878608704,203616,0.0,0.0
1972-06-14,0.9959890209750732,1.0068740844726562,0.9959890209750732,1.0068740844726562,168204,0.0,0.0
1972-06-15,1.0068750999345664,1.0245634936542674,1.0068750999345664,1.0095964670181274,699376,0.0,0.0
1972-06-16,1.00959593178271,1.0109565817815813,1.0055139161430042,1.008235216140747,54382,0.0,0.0
1972-06-19,1.008235783846541,1.0109571510196913,1.002793312072754,1.002793312072754,159351,0.0,0.0
1972-06-20,1.0041532661441328,1.00959593178271,1.0041532661441328,1.008235216140747,56911,0.0,0.0
1972-06-21,1.0082353677423224,1.017759919166565,1.0082353677423224,1.017759919166565,112558,0.0,0.0
1972-06-22,1.0177597661328468,1.0191202848455354,1.008235216140747,1.008235216140747,73352,0.0,0.0
1972-06-23,1.0082347283228104,1.0095954433064134,0.9987102485820663,1.0055134296417236,106234,0.0,0.0
1972-06-26,1.0077015210496236,1.0077015210496236,0.9953956604003906,0.9953956604003906,74617,0.03558,0.0
1972-06-27,0.9953961100988802,0.9981307983398438,0.9953961100988802,0.9981307983398438,118881,0.0,0.0
1972-06-28,0.9967632498872705,0.9967632498872705,0.987192074198229,0.9899266958236694,241556,0.0,0.0
1972-06-29,0.9871919687079815,0.9871919687079815,0.9830901026725769,0.9830901026725769,51852,0.0,0.0
1972-06-30,0.9830899309837489,0.9899264171584374,0.9817226205559278,0.9871917963027954,322497,0.0,0.0
1972-07-03,0.9871916973538816,0.991293694190607,0.9844572087011579,0.9885590076446533,27823,0.0,0.0
1972-07-05,0.9885591737621384,0.9967630368853464,0.9858246846499112,0.9953956604003906,58176,0.0,0.0
1972-07-06,1.0022321351480319,1.013170552498174,1.0022321351480319,1.0063340663909912,189704,0.0,0.0
1972-07-07,1.0063339268552862,1.0090684813403434,1.0049666166305542,1.0049666166305542,190969,0.0,0.0
1972-07-10,1.0049667559766715,1.0063340663909912,1.0008648906981281,1.0063340663909912,69558,0.0,0.0
1972-07-11,1.0063340981897946,1.0063340981897946,0.9967629909515381,0.9967629909515381,69558,0.0,0.0
1972-07-12,0.9953956598844237,0.9953956598844237,0.9830899971348326,0.9844573736190796,400908,0.0,0.0
1972-07-13,0.9830900158806993,0.9830900158806993,0.97078435289646,0.9735189080238342,93587,0.0,0.0
1972-07-14,0.9721519236243309,0.9721519236243309,0.9666827451992046,0.9680501222610474,75882,0.0,0.0
1972-07-17,0.9680500527837635,0.969417363783025,0.9557443857192993,0.9557443857192993,145440,0.0,0.0
1972-07-18,0.9557438319516813,0.9653148055076599,0.9557438319516813,0.9653148055076599,108764,0.0,0.0
1972-07-19,0.9680496532714075,0.9789880048223722,0.9680496532714075,0.9762534499168396,87264,0.0,0.0
1972-07-20,0.9762539228809611,0.9789884791112997,0.9680501222610474,0.9680501222610474,598200,0.0,0.0
1972-07-21,0.9680494918861221,0.9680494918861221,0.9639474953006318,0.9653148055076599,78411,0.0,0.0
1972-07-24,0.9653148599489149,0.9721513454052093,0.9653148599489149,0.9694168567657471,108764,0.0,0.0
1972-07-25,0.9694170423505618,0.9748862185697323,0.9694170423505618,0.9735189080238342,402173,0.0,0.0
1972-07-26,0.9735193446483562,0.9762539669666339,0.9707847882945305,0.9748866558074951,183381,0.0,0.0
1972-07-27,0.9748864712859923,0.9789883380225765,0.970784604549408,0.970784604549408,97381,0.0,0.0
1972-07-28,0.9721512198448181,0.978987770382532,0.9721512198448181,0.9721512198448181,77146,0.0,0.0
1972-07-31,0.9735188361009981,0.9803553223609924,0.9735188361009981,0.9803553223609924,131528,0.0,0.0
1972-08-01,0.9803552067454054,0.9953954879365409,0.9776206521425506,0.9926609992980957,390790,0.0,0.0
1972-08-02,0.9926609565367799,1.0118031017898073,0.9926609565367799,1.0049666166305542,190969,0.0,0.0
1972-08-03,1.00633412040872,1.021374469809153,1.00633412040872,1.0172724723815918,153028,0.0,0.0
1972-08-04,1.015905047796436,1.015905047796436,1.0118030513622738,1.0131703615188599,98646,0.0,0.0
1972-08-07,1.0131708659906917,1.0131708659906917,1.0077017545700073,1.0077017545700073,147969,0.0,0.0
1972-08-08,1.0077016876893041,1.013170798747006,1.0035996894849477,1.0104361772537231,134058,0.0,0.0
1972-08-09,1.010436251185554,1.0131708728789244,1.0022324520698798,1.003599762916565,70823,0.0,0.0
1972-08-10,1.0035996894849477,1.0104361772537231,1.0035996894849477,1.0104361772537231,508407,0.0,0.0
1972-08-11,1.0131702507063691,1.0487200470318438,1.0131702507063691,1.0446182489395142,442643,0.0,0.0
1972-08-14,1.0555572509765625,1.0651283609906799,1.0555572509765625,1.0555572509765625,227645,0.0,0.0
1972-08-15,1.0555573897032213,1.0610266998027797,1.0500882115325547,1.0569247007369995,207410,0.0,0.0
1972-08-16,1.0569246561063126,1.0582919670823532,1.047353479274027,1.0500881671905518,118881,0.0,0.0
1972-08-17,1.0500882383574799,1.0610267269071327,1.0500882383574799,1.0541900396347046,110028,0.0,0.0
1972-08-18,1.054189874158046,1.0637610501366006,1.054189874158046,1.0555572509765625,112558,0.0,0.0
1972-08-21,1.0555575473346883,1.059659481048584,1.0528229908232134,1.059659481048584,96117,0.0,0.0
1972-08-22,1.059658634150592,1.0637604986217493,1.0582913240054055,1.0623931884765625,115087,0.0,0.0
1972-08-23,1.055557145344335,1.055557145344335,1.0500879684397695,1.0528225898742676,128999,0.0,0.0
1972-08-24,1.0528227891426334,1.0582919670823532,1.048720790250068,1.0500881671905518,106234,0.0,0.0
1972-08-25,1.0500880735246827,1.0582918726847208,1.0487206967061664,1.0555572509765625,178322,0.0,0.0
1972-08-28,1.0555573451302718,1.0555573451302718,1.0500881671905518,1.0500881671905518,156822,0.0,0.0
1972-08-29,1.0500880735246827,1.0610265603573166,1.0500880735246827,1.0555572509765625,139116,0.0,0.0
1972-08-30,1.0610264996038032,1.0692301663652317,1.0610264996038032,1.0678629875183105,121411,0.0,0.0
1972-08-31,1.067862186573665,1.074698669360503,1.067862186573665,1.0692293643951416,122675,0.0,0.0
1972-09-01,1.0746988596461384,1.080168033651101,1.0746988596461384,1.0774333477020264,70823,0.0,0.0
1972-09-05,1.0774331569322237,1.0774331569322237,1.0692293643951416,1.0692293643951416,101175,0.0,0.0
1972-09-06,1.0678624950217124,1.0678624950217124,1.0610260102601818,1.0623931884765625,164410,0.0,0.0
1972-09-07,1.062393089800231,1.0678623958373852,1.062393089800231,1.0637603998184204,116352,0.0,0.0
1972-09-08,1.0637603998184204,1.066495019854799,1.062393089800231,1.0637603998184204,41735,0.0,0.0
1972-09-11,1.0637610501366006,1.0678630486632754,1.0555572509765625,1.0555572509765625,183381,0.0,0.0
1972-09-12,1.0541898682964892,1.0541898682964892,1.0514553785324097,1.0514553785324097,40470,0.0,0.0
1972-09-13,1.052822833600111,1.0569247007369995,1.052822833600111,1.0569247007369995,44264,0.0,0.0
1972-09-14,1.0569248585726536,1.061026858251005,1.0555575473346883,1.059659481048584,43000,0.0,0.0
1972-09-15,1.0569251416109973,1.0569251416109973,1.0391501567218682,1.0418847799301147,412290,0.0,0.0
1972-09-18,1.0364147152604775,1.0364147152604775,1.0309455394744873,1.0309455394744873,98646,0.0,0.0
1972-09-19,1.029578240691021,1.029578240691021,1.0200071334838867,1.0200071334838867,96117,0.0,0.0
1972-09-20,1.0186397828693057,1.0186397828693057,1.0118032963951558,1.0172724723815918,125205,0.0,0.0
1972-09-21,1.0172734951680922,1.0172734951680922,1.011804313682835,1.0145390033721924,70823,0.0,0.0
1972-09-22,1.0159052938227169,1.021374469809153,1.0159052938227169,1.0172724723815918,368026,0.0,0.0
1972-09-25,1.022218326378205,1.022218326378205,1.016722559928894,1.016722559928894,125205,0.03558,0.0
1972-09-26,1.016723404054397,1.019471388988238,1.0057318620301456,1.0084797143936157,154293,0.0,0.0
1972-09-27,1.0084788771123623,1.016722559928894,1.0084788771123623,1.016722559928894,146704,0.0,0.0
1972-09-28,1.0208448014320606,1.0387060642242432,1.0208448014320606,1.0387060642242432,214998,0.0,0.0
1972-09-29,1.044201656530255,1.0538192987442017,1.044201656530255,1.0538192987442017,713287,0.0,0.0
1972-10-02,1.0524460919866427,1.0524460919866427,1.0469503209189535,1.0483243465423584,88529,0.0,0.0
1972-10-03,1.0483243465423584,1.0538200513248615,1.0483243465423584,1.0483243465423584,69558,0.0,0.0
1972-10-04,1.0483237743421991,1.0483237743421991,1.037332105635964,1.0387060642242432,97381,0.0,0.0
1972-10-05,1.0373323045164482,1.0373323045164482,1.0222188234329224,1.0222188234329224,74617,0.0,0.0
1972-10-06,1.022218305448994,1.0332099706928302,1.0112267727754158,1.0263402462005615,151763,0.0,0.0
1972-10-09,1.0263406514018714,1.0277146100997925,1.020844882895342,1.0277146100997925,50588,0.0,0.0
1972-10-10,1.0290888547897339,1.0373326103302516,1.0290888547897339,1.0290888547897339,55647,0.0,0.0
1972-10-11,1.029087742254547,1.0318357240824227,1.0249660015106201,1.0249660015106201,110028,0.0,0.0
1972-10-12,1.0249668074214828,1.0249668074214828,1.018097013162988,1.0222188234329224,61970,0.0,0.0
1972-10-13,1.0194705657398775,1.0194705657398775,1.012600840950901,1.013974666595459,92323,0.0,0.0
1972-10-16,1.0112274970697679,1.0112274970697679,1.0016098493778747,1.002983808517456,60705,0.0,0.0
1972-10-17,1.0029836174923379,1.0084793867187798,1.0029836174923379,1.0043575763702393,192233,0.0,0.0
1972-10-18,1.0084788564644567,1.0263402462005615,1.0084788564644567,1.0263402462005615,245351,0.0,0.0
1972-10-19,1.0277146281635363,1.0373322066477182,1.0277146281635363,1.0332103967666626,297203,0.0,0.0
1972-10-20,1.0332102961562755,1.0442018322922109,1.0290883541062874,1.0387060642242432,244086,0.0,0.0
1972-10-23,1.0469504594802856,1.0524462312753267,1.0469504594802856,1.0469504594802856,145440,0.0,0.0
1972-10-24,1.0469504594802856,1.0524462312753267,1.0442025404401676,1.0469504594802856,93587,0.0,0.0
1972-10-25,1.049697389556139,1.0551931558263457,1.049697389556139,1.0524451732635498,360438,0.0,0.0
1972-10-26,1.0524462312753267,1.0524462312753267,1.0414546876852444,1.0469504594802856,383202,0.0,0.0
1972-10-27,1.0469494165515207,1.0496973991394043,1.0414536502311402,1.0496973991394043,149234,0.0,0.0
1972-10-30,1.049697447196487,1.0524452310547825,1.0442015480542364,1.0510714054107666,183381,0.0,0.0
1972-10-31,1.0510714963014265,1.055193305015564,1.04420163835083,1.055193305015564,237762,0.0,0.0
1972-11-01,1.0579416923607263,1.0661854460269284,1.0579416923607263,1.0634374618530273,94852,0.0,0.0
1972-11-02,1.0661849362550062,1.0758024454116821,1.0661849362550062,1.0758024454116821,115087,0.0,0.0
1972-11-03,1.0771762614869391,1.0991594586134228,1.0771762614869391,1.0936636924743652,304791,0.0,0.0
1972-11-06,1.0950380563735962,1.1032818080647968,1.0950380563735962,1.0950380563735962,275703,0.0,0.0
1972-11-08,1.0950380563735962,1.1019078494495966,1.093664097758396,1.0950380563735962,337673,0.0,0.0
1972-11-09,1.0950383120004583,1.1005340814590454,1.0895424099715376,1.1005340814590454,182116,0.0,0.0
1972-11-10,1.1005335862903662,1.1074033778790984,1.0977856696548733,1.1019076108932495,202351,0.0,0.0
1972-11-13,1.1019079577151882,1.1046557426452637,1.0964121889995644,1.1046557426452637,169469,0.0,0.0
1972-11-14,1.1032816693628729,1.1032816693628729,1.096411943435669,1.096411943435669,126469,0.0,0.0
1972-11-15,1.099160120794611,1.1101517922648336,1.099160120794611,1.1074038743972778,247880,0.0,0.0
1972-11-16,1.1074031566870823,1.154117465019226,1.1060291323586458,1.154117465019226,534965,0.0,0.0
1972-11-17,1.155491153460232,1.173352338715385,1.155491153460232,1.1596128940582275,1148342,0.0,0.0
1972-11-20,1.1596128495139517,1.1596128495139517,1.1431254900446495,1.1486213207244873,187175,0.0,0.0
1972-11-21,1.148622557133416,1.1568663120269775,1.1431267205377085,1.1568663120269775,343997,0.0,0.0
1972-11-22,1.1541176054301368,1.1541176054301368,1.1376301069044992,1.1444998979568481,127734,0.0,0.0
1972-11-24,1.1458734053845685,1.1513691034941949,1.1458734053845685,1.1486213207244873,79676,0.0,0.0
1972-11-27,1.1486225013474822,1.1527443785940727,1.1486225013474822,1.1513702869415283,240292,0.0,0.0
1972-11-28,1.151370490369085,1.1554925009143122,1.1458747856396476,1.1472487449645996,314909,0.0,0.0
1972-11-29,1.1472481731272728,1.1472481731272728,1.1376304626464844,1.1376304626464844,151763,0.0,0.0
1972-11-30,1.1321343599620315,1.1321343599620315,1.1074032457633485,1.1128989458084106,194763,0.0,0.0
1972-12-01,1.1128990054139245,1.1211427547784298,1.111525179756772,1.1183949708938599,139116,0.0,0.0
1972-12-04,1.1183949708938599,1.1197687965510124,1.111525179756772,1.1183949708938599,117616,0.0,0.0
1972-12-05,1.1183952464719475,1.1197690724676175,1.112899279637779,1.1156471967697144,252939,0.0,0.0
1972-12-06,1.1156471967697144,1.1183952464719475,1.112899279637779,1.1156471967697144,251674,0.0,0.0
1972-12-07,1.1156471967697144,1.1197690724676175,1.1115254536421089,1.1156471967697144,193498,0.0,0.0
1972-12-08,1.1156469218687595,1.1197687965510124,1.1156469218687595,1.1183949708938599,41735,0.0,0.0
1972-12-11,1.1183951519744806,1.1266387701034546,1.114273144054564,1.1266387701034546,73352,0.0,0.0
1972-12-12,1.1348823794684655,1.1472480054218646,1.1348823794684655,1.143126130104065,208674,0.0,0.0
1972-12-13,1.1362557233006538,1.1362557233006538,1.129386067390442,1.129386067390442,117616,0.0,0.0
1972-12-14,1.132133961255185,1.1486213207244873,1.132133961255185,1.1486213207244873,280762,0.0,0.0
1972-12-15,1.1486219402595697,1.1499957661003217,1.1431261066154303,1.1458740234375,331350,0.0,0.0
1972-12-18,1.1348823882324284,1.1348823882324284,1.1211429363039476,1.1266387701034546,149234,0.0,0.0
1972-12-19,1.1170215869337228,1.1170215869337228,1.1019081049473332,1.1074038743972778,284556,0.0,0.0
1972-12-20,1.112899279637779,1.1211430310335853,1.112899279637779,1.1156471967697144,304791,0.0,0.0
1972-12-21,1.1156468621160707,1.121142694731391,1.1128989458084106,1.1128989458084106,292144,0.0,0.0
1972-12-22,1.1151078939437866,1.1151078939437866,1.1095874563154775,1.1151078939437866,278233,0.03558,0.0
1972-12-26,1.115107509048965,1.115107509048965,1.1068270219173426,1.1095870733261108,118881,0.0,0.0
1972-12-27,1.1095869942610959,1.1123472452163696,1.098546389926354,1.1123472452163696,321232,0.0,0.0
1972-12-29,1.115107287585239,1.2282741667060215,1.115107287585239,1.120627522468567,323762,0.0,0.0
1973-01-02,1.1206274923230544,1.1275279521942139,1.1164873495624559,1.1275279521942139,247880,0.0,0.0
1973-01-03,1.1399489563949188,1.1703108549118042,1.1399489563949188,1.1703108549118042,350320,0.0,0.0
1973-01-04,1.1703108795568355,1.1703108795568355,1.1592702736940994,1.1620304584503174,259262,0.0,0.0
1973-01-05,1.1606499371285848,1.1606499371285848,1.1482291103159925,1.150989294052124,188439,0.0,0.0
1973-01-08,1.1523692320944001,1.1661700157707524,1.1523692320944001,1.1592696905136108,190969,0.0,0.0
1973-01-09,1.159270552461211,1.163410697428973,1.1565102338790894,1.1565102338790894,120146,0.0,0.0
1973-01-10,1.1537497543913902,1.1537497543913902,1.1427090167999268,1.1427090167999268,154293,0.0,0.0
1973-01-11,1.1399489963805876,1.1399489963805876,1.1233881539353985,1.1330485343933105,208674,0.0,0.0
1973-01-12,1.1330480494650275,1.1358083662407004,1.1275278153999246,1.1316680908203125,255468,0.0,0.0
1973-01-15,1.1316687193107573,1.1371890896037677,1.1206279787247366,1.122008204460144,287085,0.0,0.0
1973-01-16,1.1220074834631244,1.1275277170467022,1.1178670752418196,1.1233875751495361,116352,0.0,0.0
1973-01-17,1.12614835028456,1.1523699760437012,1.12614835028456,1.1523699760437012,144175,0.0,0.0
1973-01-18,1.1523692699714791,1.157889636888296,1.1454689444875317,1.1468490362167358,515995,0.0,0.0
1973-01-19,1.1468494265588443,1.1482293855956585,1.1427090167999268,1.1427090167999268,158087,0.0,0.0
1973-01-22,1.1413287448848126,1.1413287448848126,1.1261478662490845,1.1261478662490845,278233,0.0,0.0
1973-01-23,1.1192480390670305,1.1192480390670305,1.1151078939437866,1.1151078939437866,465407,0.0,0.0
1973-01-24,1.1151067834859696,1.1289075641986088,1.0930254544485227,1.0944054126739502,332614,0.0,0.0
1973-01-26,1.0944052900874284,1.0999257215999658,1.0861249424331796,1.0916452407836914,299732,0.0,0.0
1973-01-29,1.091645443204983,1.091645443204983,1.0819848027834644,1.0875051021575928,149234,0.0,0.0
1973-01-30,1.0875051021575928,1.0971657425791113,1.0819848027834644,1.0875051021575928,437584,0.0,0.0
1973-01-31,1.087504414993741,1.0888845721914715,1.0750837326049805,1.0750837326049805,203616,0.0,0.0
1973-02-01,1.0750842147326665,1.0778444637849938,1.0723240322613519,1.0737041234970093,263056,0.0,0.0
1973-02-02,1.0737053727330348,1.0861262083053589,1.0737053727330348,1.0861262083053589,147969,0.0,0.0
1973-02-05,1.0861262083053589,1.0888863274070073,1.0833660226226203,1.0861262083053589,214998,0.0,0.0
1973-02-06,1.0875052510646237,1.0930256843566895,1.0875052510646237,1.0930256843566895,127734,0.0,0.0
1973-02-07,1.0944054126739502,1.10820639312965,1.0944054126739502,1.0944054126739502,241556,0.0,0.0
1973-02-08,1.0944055788595932,1.098545920231729,1.093025620424619,1.0957857370376587,111293,0.0,0.0
1973-02-09,1.098546087200331,1.1413286003058032,1.098546087200331,1.1316680908203125,454025,0.0,0.0
1973-02-12,1.148229810781397,1.159270552461211,1.148229810781397,1.1565102338790894,226380,0.0,0.0
1973-02-13,1.1647898722644985,1.2034321713687146,1.1647898722644985,1.1785906553268433,680405,0.0,0.0
1973-02-14,1.1758310032852348,1.1758310032852348,1.1537496630132906,1.166170358657837,278233,0.0,0.0
1973-02-15,1.1661699355938473,1.1703102103607201,1.1482288780994578,1.1496089696884155,217527,0.0,0.0
1973-02-16,1.1482294785679936,1.1482294785679936,1.1302884116912932,1.1454694271087646,231439,0.0,0.0
1973-02-20,1.1454688280836025,1.1565092944711437,1.1454688280836025,1.1496089696884155,122675,0.0,0.0
1973-02-21,1.1537491083145142,1.1592694740189493,1.1537491083145142,1.1537491083145142,85999,0.0,0.0
1973-02-22,1.1537499041816632,1.1620304584503174,1.1537499041816632,1.1620304584503174,87264,0.0,0.0
1973-02-23,1.162029873881295,1.1647899240869104,1.1578895988297686,1.1592696905136108,131528,0.0,0.0
1973-02-26,1.1592699775758353,1.1592699775758353,1.1427088732688144,1.1482292413711548,161881,0.0,0.0
1973-02-27,1.1482292295336092,1.1537495975790377,1.120627522468567,1.120627522468567,190969,0.0,0.0
1973-02-28,1.120627258614643,1.1233875751495361,1.1151070250310653,1.1233875751495361,412290,0.0,0.0
1973-03-01,1.1233874924517664,1.131667908798608,1.1178669929504395,1.1178669929504395,464143,0.0,0.0
1973-03-02,1.1178671727523528,1.1316680908203125,1.1054464796532704,1.1316680908203125,233968,0.0,0.0
1973-03-05,1.1316673656100587,1.137187729299609,1.1247669109981209,1.134427547454834,221321,0.0,0.0
1973-03-06,1.1371882785498568,1.1551292028821862,1.1371882785498568,1.1496089696884155,293409,0.0,0.0
1973-03-07,1.155129075050354,1.1772104048679959,1.155129075050354,1.155129075050354,376879,0.0,0.0
1973-03-08,1.1551292823000152,1.162029873881295,1.1537493237782421,1.1592696905136108,524848,0.0,0.0
1973-03-09,1.159269610811119,1.159269610811119,1.1496089696884155,1.1496089696884155,168204,0.0,0.0
1973-03-12,1.1496094715106124,1.1551297071140507,1.1440891027450562,1.1440891027450562,298468,0.0,0.0
1973-03-13,1.1440891027450562,1.1468494202899524,1.142709010553667,1.1440891027450562,479319,0.0,0.0
1973-03-14,1.1440889652943995,1.1482292413711548,1.1427088732688144,1.1482292413711548,314909,0.0,0.0
1973-03-15,1.1482294785679936,1.1509896631893521,1.1454694271087646,1.1454694271087646,309850,0.0,0.0
1973-03-16,1.1454693406364018,1.1468494328428969,1.1385688796039268,1.1413289308547974,223851,0.0,0.0
1973-03-19,1.1413287862610564,1.1427088782927088,1.1137272119522095,1.1137272119522095,184645,0.0,0.0
1973-03-20,1.1137275574742045,1.1192477941513062,1.1054470027153358,1.1192477941513062,294674,0.0,0.0
1973-03-21,1.1371885538101196,1.1399486044940543,1.1371885538101196,1.1371885538101196,102440,0.0,0.0
1973-03-22,1.1316682752015907,1.1316682752015907,1.1040665677306414,1.1137272119522095,471731,0.0,0.0
1973-03-23,1.1137277689238585,1.123388417976686,1.104067119871031,1.1109675168991089,464143,0.0,0.0
1973-03-26,1.1159571744544357,1.1284338611800744,1.1076394947708736,1.120116114616394,347791,0.03558,0.0
1973-03-27,1.1256615573704178,1.1367518901824951,1.1256615573704178,1.1367518901824951,108764,0.0,0.0
1973-03-28,1.1395245652779256,1.147842181797439,1.1395245652779256,1.1422971487045288,150499,0.0,0.0
1973-03-29,1.1422959156603456,1.1603174209594727,1.1422959156603456,1.1603174209594727,84734,0.0,0.0
1973-03-30,1.160318606247551,1.1644776149068494,1.1547735734758267,1.1617048978805542,413555,0.0,0.0
1973-04-02,1.1533867406033373,1.1533867406033373,1.1409102555213253,1.143682837486267,121411,0.0,0.0
1973-04-03,1.132593196880118,1.132593196880118,1.1159577618762564,1.1242754459381104,178322,0.0,0.0
1973-04-04,1.1242756610109053,1.1256619530997696,1.1117992328516266,1.1131855249404907,111293,0.0,0.0
1973-04-05,1.1131850223131283,1.1131850223131283,1.099322040803759,1.1076397895812988,175792,0.0,0.0
1973-04-06,1.1076395071935596,1.117343544960022,1.103480700745195,1.117343544960022,241556,0.0,0.0
1973-04-09,1.1215029067653008,1.1436834404178304,1.1215029067653008,1.1422971487045288,156822,0.0,0.0
1973-04-10,1.142296814681253,1.1672499244637538,1.136751649449529,1.1658636331558228,247880,0.0,0.0
1973-04-11,1.1644771099090576,1.1644771099090576,1.156159363718188,1.1644771099090576,204880,0.0,0.0
1973-04-12,1.1644771099090576,1.1658634009408693,1.156159363718188,1.1644771099090576,484378,0.0,0.0
1973-04-13,1.1644764253702626,1.1644764253702626,1.1589312645027454,1.1603174209594727,121411,0.0,0.0
1973-04-16,1.1603184926302381,1.1644775008822905,1.157546043395996,1.157546043395996,79676,0.0,0.0
1973-04-17,1.1575449742858661,1.1672490058040212,1.1575449742858661,1.1603174209594727,174528,0.0,0.0
1973-04-18,1.1617043838946068,1.1700221300125122,1.1617043838946068,1.1700221300125122,180851,0.0,0.0
1973-04-19,1.1714090469105858,1.1894308397950082,1.1714090469105858,1.188044548034668,182116,0.0,0.0
1973-04-23,1.1866579055786133,1.1866579055786133,1.1797264488253818,1.1866579055786133,146704,0.0,0.0
1973-04-24,1.1866578690145306,1.1963617744097903,1.1658636331558228,1.1658636331558228,345261,0.0,0.0
1973-04-25,1.165862826292443,1.1672491166409587,1.1561587938528348,1.1589313745498657,134058,0.0,0.0
1973-04-26,1.153386749060982,1.153386749060982,1.128433778713981,1.1450690031051636,423672,0.0,0.0
1973-04-27,1.145069539419005,1.1464558310609358,1.1270480155944824,1.1270480155944824,179586,0.0,0.0
1973-04-30,1.1270473328113881,1.1284336236134822,1.1104118431862597,1.1228883266448975,168204,0.0,0.0
1973-05-01,1.1228879035975414,1.1395233869552612,1.1173428762384596,1.1395233869552612,156822,0.0,0.0
1973-05-02,1.1478424259165887,1.1714092562945317,1.1478424259165887,1.1672505140304565,298468,0.0,0.0
1973-05-03,1.1672498811089367,1.18665782493885,1.1533869685445326,1.1783400774002075,472995,0.0,0.0
1973-05-04,1.1769540309906006,1.1894306548941302,1.175567739445764,1.1769540309906006,265586,0.0,0.0
1973-05-07,1.179726375380348,1.2088382244110107,1.179726375380348,1.2088382244110107,346526,0.0,0.0
1973-05-08,1.2088382244110107,1.2171559719970593,1.2005206105852155,1.2088382244110107,271909,0.0,0.0
1973-05-09,1.2046795411476063,1.2046795411476063,1.1894304702815062,1.193589210510254,198557,0.0,0.0
1973-05-10,1.1755675965075112,1.1755675965075112,1.1450693199896969,1.150614619255066,225748,0.0,2.0
1973-05-11,1.1506145274717547,1.1506145274717547,1.133979032283435,1.1478418111801147,139116,0.0,0.0
1973-05-14,1.1256611578567512,1.1256611578567512,1.1090257983030543,1.117343544960022,254203,0.0,0.0
1973-05-15,1.1173440633439937,1.1173440633439937,1.0979361125671245,1.109026312828064,314909,0.0,0.0
1973-05-16,1.1090256377402992,1.1173433831930384,1.097935444230199,1.1117982864379883,214998,0.0,0.0
1973-05-17,1.111798401001684,1.1256611108777177,1.095162975262141,1.0979355573654175,148601,0.0,0.0
1973-05-18,1.097934970089174,1.097934970089174,1.0591191089260477,1.0618915557861328,302262,0.0,0.0
1973-05-21,1.0618915557861328,1.0618915557861328,1.0286209227435794,1.0618915557861328,257365,0.0,0.0
1973-05-22,1.0951631443645296,1.1506145274717547,1.0951631443645296,1.1478418111801147,325659,0.0,0.0
1973-05-23,1.1478420892342867,1.167250171655422,1.1256615573704178,1.1367518901824951,281394,0.0,0.0
1973-05-24,1.1367517871383666,1.1977480770344648,1.1284341720435682,1.1922030448913574,262424,0.0,0.0
1973-05-25,1.1922032826070752,1.2005210331206393,1.1672502985869833,1.189430832862854,387629,0.0,0.0
1973-05-29,1.189430799436191,1.189430799436191,1.1422971487045288,1.1422971487045288,125205,0.0,0.0
1973-05-30,1.1422966276918571,1.1700221817914,1.1201161041560814,1.1256611347198486,120146,0.0,0.0
1973-05-31,1.1256610075918694,1.1256610075918694,1.0785274505615234,1.0785274505615234,241556,0.0,0.0
1973-06-01,1.078528094910105,1.109026312828064,1.0674378946491654,1.109026312828064,211836,0.0,0.0
1973-06-04,1.0868456085982492,1.0868456085982492,1.0674377277362972,1.0757554769515991,163145,0.0,0.0
1973-06-05,1.0757549752855222,1.1339787244796753,1.070209744847803,1.1339787244796753,141646,0.0,0.0
1973-06-06,1.1339788917956244,1.161704446154085,1.1173435324285006,1.120116114616394,144175,0.0,0.0
1973-06-07,1.1256615829430472,1.1617048978805542,1.1256615829430472,1.1617048978805542,165675,0.0,0.0
1973-06-08,1.1617045823229226,1.1783400774002075,1.1617045823229226,1.1783400774002075,252939,0.0,0.0
1973-06-11,1.192202637868498,1.203292965888977,1.192202637868498,1.203292965888977,354114,0.0,0.0
1973-06-12,1.203292965888977,1.203292965888977,1.192202637868498,1.203292965888977,286453,0.0,0.0
1973-06-13,1.203293037085236,1.2171558141708374,1.203293037085236,1.2171558141708374,387629,0.0,0.0
1973-06-14,1.2171558141708374,1.2171558141708374,1.1672497364065306,1.2171558141708374,298468,0.0,0.0
1973-06-15,1.1977482128180612,1.1977482128180612,1.1533872818428235,1.1617048978805542,337673,0.0,0.0
1973-06-18,1.150614384922985,1.150614384922985,1.1117984349328323,1.120116114616394,163778,0.0,0.0
1973-06-19,1.120116114616394,1.1367514739835178,1.1090257858648205,1.120116114616394,192233,0.0,0.0
1973-06-20,1.1201165506213073,1.1284343004226685,1.1173439673541872,1.1284343004226685,233968,0.0,0.0
1973-06-21,1.1284338506420857,1.1284338506420857,1.1201161041560814,1.1256611347198486,173263,0.0,0.0
1973-06-22,1.1478420228262134,1.1977481163124013,1.1478420228262134,1.153387188911438,399011,0.0,0.0
1973-06-25,1.1589600840277812,1.1589600840277812,1.1088127888542925,1.1478163003921509,285188,0.03954,0.0
1973-06-26,1.1478163003921509,1.153388125006678,1.1227426192037624,1.1478163003921509,287718,0.0,0.0
1973-06-27,1.147816478447366,1.1533883039262234,1.1311005987910028,1.1450304985046387,148601,0.0,0.0
1973-06-28,1.147815889722653,1.1589596693712236,1.147815889722653,1.156173825263977,299732,0.0,0.0
1973-06-29,1.1561737163516879,1.1589595601965064,1.142243825095019,1.1506016254425049,393320,0.0,0.0
1973-07-02,1.1478156990447326,1.1478156990447326,1.131099830738965,1.14224374294281,108131,0.0,0.0
1973-07-03,1.1422432507013243,1.1422432507013243,1.1171696606577142,1.1310993432998657,207410,0.0,0.0
1973-07-05,1.1171708173315213,1.1171708173315213,1.1060268983920964,1.1143847703933716,180219,0.0,0.0
1973-07-06,1.11438470090948,1.11438470090948,1.0920969988268956,1.1088128089904785,339570,0.0,0.0
1973-07-09,1.1032401197165018,1.1032401197165018,1.0809525009453445,1.092096209526062,171998,0.0,0.0
1973-07-10,1.0948817053869264,1.1171693801879883,1.0948817053869264,1.1171693801879883,133425,0.0,0.0
1973-07-11,1.1310999736039435,1.1896051168441772,1.1310999736039435,1.1896051168441772,374982,0.0,0.0
1973-07-12,1.1896048302119588,1.1951769200815963,1.1589593439776302,1.172889232635498,672817,0.0,0.0
1973-07-13,1.1728892721073374,1.181247071176837,1.1450296282605175,1.153387427330017,56279,0.0,0.0
1973-07-16,1.1533881665082375,1.175675868988037,1.1450303620824258,1.175675868988037,152396,0.0,0.0
1973-07-17,1.1896051168441772,1.2091069656641111,1.1896051168441772,1.1896051168441772,182748,0.0,0.0
1973-07-18,1.1812470314237284,1.1812470314237284,1.1589593439776302,1.172889232635498,175792,0.0,0.0
1973-07-19,1.1728898498939835,1.1896054562673912,1.1589599539052087,1.1840336322784424,325026,0.0,0.0
1973-07-20,1.1840332423490478,1.2063209341846768,1.1812472640687797,1.197962999343872,199822,0.0,0.0
1973-07-23,1.1979629264210112,1.2313945293426514,1.189604992088974,1.2313945293426514,311747,0.0,0.0
1973-07-24,1.2313944405828838,1.2313944405828838,1.2091067517104719,1.2174646854400635,208674,0.0,0.0
1973-07-25,1.217465202324396,1.2508965482168035,1.217465202324396,1.2341808080673218,264321,0.0,0.0
1973-07-26,1.245324517791982,1.2982577085494995,1.245324517791982,1.2982577085494995,297835,0.0,0.0
1973-07-27,1.298257680565516,1.3038296377061616,1.2815419435501099,1.2815419435501099,377511,0.0,0.0
1973-07-30,1.264826149817167,1.264826149817167,1.2230367419493138,1.2481104135513306,259895,0.0,0.0
1973-07-31,1.2481103164951828,1.2508961603174173,1.2230366468429565,1.2230366468429565,113190,0.0,0.0
1973-08-01,1.223036339299966,1.2592537783534874,1.1951768328310173,1.214678406715393,310482,0.0,0.0
1973-08-02,1.2146788641069384,1.223036799838721,1.1951772828791745,1.2091070413589478,277600,0.0,0.0
1973-08-03,1.2091067517104719,1.2174646854400635,1.189604906341425,1.2174646854400635,169469,0.0,0.0
1973-08-06,1.217465202324396,1.2481107035306866,1.214679088825167,1.2341808080673218,170101,0.0,0.0
1973-08-07,1.234180373046822,1.2508961073043878,1.2230365950106141,1.2313945293426514,127734,0.0,0.0
1973-08-08,1.2313956459235063,1.2313956459235063,1.1951781664571182,1.2007499933242798,116352,0.0,0.0
1973-08-09,1.2007489554194792,1.2397525162154501,1.1896050425044835,1.2230366468429565,273806,0.0,0.0
1973-08-10,1.223036799838721,1.223036799838721,1.1951772828791745,1.2091070413589478,73352,0.0,0.0
1973-08-13,1.2091067517104719,1.2230365068532922,1.2091067517104719,1.2174646854400635,128366,0.0,0.0
1973-08-14,1.217465202324396,1.2397529006592236,1.214679088825167,1.2341808080673218,94852,0.0,0.0
1973-08-15,1.2341808479182477,1.2341808479182477,1.2174652416355853,1.2258230447769165,169469,0.0,0.0
1973-08-16,1.2313945293426514,1.245324285489538,1.2313945293426514,1.2313945293426514,196660,0.0,0.0
1973-08-17,1.223036799838721,1.223036799838721,1.206321062781687,1.2091070413589478,108764,0.0,0.0
1973-08-20,1.2091064725458505,1.2174644043457203,1.1951767206192017,1.1951767206192017,67029,0.0,0.0
1973-08-21,1.1951771753705442,1.206320954270651,1.1896050843107124,1.2035348415374756,317438,0.0,0.0
1973-08-22,1.1951772080563954,1.1951772080563954,1.1812473160421568,1.1896051168441772,108764,0.0,0.0
1973-08-23,1.189604631679487,1.2035343836061358,1.189604631679487,1.1951767206192017,165043,0.0,0.0
1973-08-24,1.19517772626362,1.2063215103002294,1.1673179301556444,1.175675868988037,128366,0.0,0.0
1973-08-27,1.1756750759605814,1.1756750759605814,1.1589593439776302,1.172889232635498,92955,0.0,0.0
1973-08-28,1.1812476530806875,1.203535217849605,1.1812476530806875,1.1840336322784424,127734,0.0,0.0
1973-08-29,1.200749105627165,1.2146788641069384,1.200749105627165,1.2091070413589478,393320,0.0,0.0
1973-08-30,1.2091072712943212,1.245324730873108,1.2091072712943212,1.245324730873108,153660,0.0,0.0
1973-08-31,1.245324285489538,1.245324285489538,1.2230365950106141,1.2313945293426514,49323,0.0,0.0
1973-09-04,1.2508955786288807,1.2676114402282035,1.2508955786288807,1.264825463294983,203616,0.0,0.0
1973-09-05,1.2648251696867034,1.2676111459732056,1.2592532171136994,1.2676111459732056,166940,0.0,0.0
1973-09-06,1.2731836956018006,1.309401273727417,1.2731836956018006,1.309401273727417,209307,0.0,0.0
1973-09-07,1.309401540831044,1.3149734977418337,1.28154189068362,1.2898998260498047,185910,0.0,0.0
1973-09-10,1.2898998214191837,1.2898998214191837,1.2481104135513306,1.2481104135513306,76514,0.0,0.0
1973-09-11,1.248109736102112,1.264825463294983,1.2258220550428,1.264825463294983,287085,0.0,0.0
1973-09-12,1.2592544920018973,1.2592544920018973,1.239752907065526,1.245324730873108,197292,0.0,0.0
1973-09-13,1.2453239939341414,1.2453239939341414,1.2174644881628387,1.239752173423767,286453,0.0,0.0
1973-09-14,1.239752907065526,1.245324730873108,1.2230370324231106,1.245324730873108,162513,0.0,0.0
1973-09-17,1.2453234700876095,1.2759690748327117,1.2453234700876095,1.2676111459732056,280762,0.0,0.0
1973-09-18,1.2676124754586224,1.281542237094394,1.2592545378332225,1.2731842994689941,116984,0.0,0.0
1973-09-19,1.2731839553174353,1.2982576270094643,1.2731839553174353,1.2898998260498047,233336,0.0,0.0
1973-09-20,1.2898988218588014,1.3149724740308995,1.2676111459732056,1.2676111459732056,257997,0.0,0.0
1973-09-21,1.2676116920592517,1.2759696245193481,1.231394253545124,1.2759696245193481,201719,0.0,0.0
1973-09-24,1.278769148474719,1.3039528131484985,1.278769148474719,1.3039528131484985,240292,0.03954,0.0
1973-09-25,1.3039528131484985,1.3067511481079614,1.289961948328016,1.3039528131484985,183381,0.0,0.0
1973-09-26,1.3039526937255106,1.3235400916748612,1.3039526937255106,1.315145492553711,239659,0.0,0.0
1973-09-27,1.3151459786516628,1.3375314495859478,1.3151459786516628,1.3319350481033325,156190,0.0,0.0
1973-09-28,1.331934316611708,1.3375307150208093,1.3207416547896071,1.3291362524032593,104337,0.0,0.0
1973-10-01,1.32913615096864,1.3375306129455566,1.3095487580316203,1.3375306129455566,109396,0.0,0.0
1973-10-02,1.3375310887841294,1.359916553679888,1.3375310887841294,1.3459256887435913,267483,0.0,0.0
1973-10-03,1.3459265329844956,1.3962937593460083,1.3403299945049172,1.3962937593460083,307321,0.0,0.0
1973-10-04,1.3962926699140301,1.3962926699140301,1.373907208442688,1.373907208442688,283291,0.0,0.0
1973-10-05,1.387897370472853,1.4886319637298584,1.387897370472853,1.4886319637298584,317438,0.0,0.0
1973-10-08,1.4886319637298584,1.5166136751936479,1.4578519191244286,1.4886319637298584,540656,0.0,0.0
1973-10-09,1.480237704862688,1.480237704862688,1.4382651281518288,1.4746414422988892,202983,0.0,0.0
1973-10-10,1.4634489657708218,1.4634489657708218,1.4158799811443514,1.4214762449264526,313012,0.0,0.0
1973-10-11,1.4214760042932442,1.4410632617050654,1.3962923490505914,1.413081407546997,394584,0.0,0.0
1973-10-12,1.4298705318120082,1.4746414422988892,1.4298705318120082,1.4746414422988892,383202,0.0,0.0
1973-10-15,1.4634488640207974,1.4634488640207974,1.4382653412620134,1.4494580030441284,157454,0.0,0.0
1973-10-16,1.4410628080368042,1.4410628080368042,1.4214755567913444,1.4410628080368042,263056,0.0,0.0
1973-10-17,1.4410632862550417,1.457852345037466,1.429870625398789,1.4466596841812134,180219,0.0,0.0
1973-10-18,1.4466596841812134,1.4466596841812134,1.429870625398789,1.4466596841812134,90426,0.0,0.0
1973-10-19,1.4466588268831648,1.45505328380173,1.432667840358872,1.4382643699645996,225115,0.0,0.0
1973-10-22,1.4382648425135423,1.4382648425135423,1.4158793917158348,1.4298702478408813,140381,0.0,0.0
1973-10-23,1.4298702478408813,1.4326683110690468,1.407484797043174,1.4298702478408813,235865,0.0,0.0
1973-10-24,1.4382643699645996,1.4466588268831648,1.4382643699645996,1.4382643699645996,205513,0.0,0.0
1973-10-25,1.438264721476797,1.5222101211547852,1.4298701275105807,1.5222101211547852,313644,0.0,0.0
1973-10-26,1.5222102360027714,1.5222102360027714,1.4914301908003904,1.5138156414031982,357276,0.0,0.0
1973-10-29,1.5110172875922108,1.5110172875922108,1.4802372455596924,1.4802372455596924,212469,0.0,0.0
1973-10-30,1.4494593224454224,1.4494593224454224,1.3878991541209773,1.3962937593460083,437584,0.0,0.0
1973-10-31,1.3906964054046937,1.3906964054046937,1.362714409828186,1.362714409828186,195395,0.0,0.0
1973-11-01,1.3627147376136317,1.3627147376136317,1.3403292707639765,1.3543204069137573,414819,0.0,0.0
1973-11-02,1.3291361310804917,1.3291361310804917,1.301154141589164,1.3207415342330933,646258,0.0,0.0
1973-11-05,1.289961555798967,1.289961555798967,1.261979834672704,1.2647778987884521,819521,0.0,0.0
1973-11-06,1.2647779170817992,1.3123470326790074,1.2591816537732625,1.27876877784729,733522,0.0,0.0
1973-11-07,1.278769476289122,1.31514595014136,1.2731732099240012,1.2815678119659424,587450,0.0,0.0
1973-11-08,1.2871637483646918,1.3319346777856023,1.2871637483646918,1.3039528131484985,373085,0.0,0.0
1973-11-09,1.3039526456329114,1.3095490448406042,1.245190993936622,1.2507872581481934,823948,0.0,0.0
1973-11-12,1.2451902576816094,1.2451902576816094,1.1612448591858642,1.2367956638336182,578597,0.0,0.0
1973-11-13,1.2367955623449784,1.2591810091066808,1.2228047087424259,1.2395936250686646,416717,0.0,0.0
1973-11-14,1.2395944092249378,1.2451909432007184,1.16963996196359,1.1892272233963013,434422,0.0,0.0
1973-11-15,1.1892264711018568,1.2395936250686646,1.1640428266204377,1.2395936250686646,607685,0.0,0.0
1973-11-16,1.239594259707036,1.3207416301359616,1.2228053347853267,1.27876877784729,600097,0.0,0.0
1973-11-19,1.2647783495168594,1.2647783495168594,1.2228057528697125,1.2312002182006836,426834,0.0,0.0
1973-11-20,1.2200075153731929,1.2200075153731929,1.1864293813705444,1.1864293813705444,1152768,0.0,0.0
1973-11-21,1.1864287838642287,1.2228052348761294,1.1584469296234023,1.1808323860168457,904888,0.0,0.0
1973-11-23,1.172437528654612,1.172437528654612,1.113675836804035,1.1220704317092896,339570,0.0,0.0
1973-11-26,1.1024826231618303,1.1024826231618303,1.04651915095485,1.0772991180419922,392055,0.0,0.0
1973-11-27,1.077300020081081,1.1136763445979494,1.0717035534277732,1.0800981521606445,643729,0.0,0.0
1973-11-28,1.088491930704865,1.1360609531402588,1.088491930704865,1.1360609531402588,314909,0.0,0.0
1973-11-29,1.1360613555974228,1.2228051082617828,1.1276668946916344,1.1724376678466797,510304,0.0,0.0
1973-11-30,1.1724372925166164,1.18642828120748,1.15285017834147,1.169639229774475,344629,0.0,0.0
1973-12-03,1.164043164455715,1.164043164455715,1.138859647661422,1.144455909729004,309850,0.0,0.0
1973-12-04,1.1444559514992858,1.178034200110663,1.1444559514992858,1.1724376678466797,197925,0.0,0.0
1973-12-05,1.164043768685375,1.164043768685375,1.1472547037756533,1.1612457036972046,220689,0.0,0.0
1973-12-06,1.1640437085693,1.220007300376892,1.1640437085693,1.220007300376892,276336,0.0,0.0
1973-12-07,1.2200069276309746,1.2395941855289887,1.2144106646573218,1.2228052616119385,430628,0.0,0.0
1973-12-10,1.2228054996584545,1.2284017637215459,1.1864290407697138,1.2144109010696411,174528,0.0,0.0
1973-12-11,1.2144109010696411,1.2367963623103593,1.2144109010696411,1.2144109010696411,338938,0.0,0.0
1973-12-12,1.2060159023840726,1.2060159023840726,1.1724376541645476,1.1780341863632202,496392,0.0,0.0
1973-12-13,1.178034200110663,1.2004196541862229,1.1584468096729827,1.1724376678466797,470466,0.0,0.0
1973-12-14,1.1724376541645476,1.1892268457723467,1.127666881531969,1.1780341863632202,288350,0.0,0.0
1973-12-17,1.178034200110663,1.1808322637485427,1.1556486110390285,1.1724376678466797,254203,0.0,0.0
1973-12-18,1.1780339118858048,1.239593726786907,1.1780339118858048,1.2367956638336182,127734,0.0,0.0
1973-12-19,1.2367956638336182,1.2787682280854493,1.2311992679349575,1.2367956638336182,261159,0.0,0.0
1973-12-20,1.2367966184187615,1.2535856840768493,1.2144111525425956,1.2312002182006836,247248,0.0,0.0
1973-12-21,1.2311992628104254,1.2367956586857927,1.2144102101803644,1.2284010648727417,176425,0.0,0.0
1973-12-24,1.2255911827087402,1.2255911827087402,1.2143471547424949,1.2255911827087402,128366,0.03954,0.0
1973-12-26,1.2424571084163045,1.28462180250288,1.2424571084163045,1.278999924659729,419878,0.0,0.0
1973-12-27,1.287433355662762,1.309921145439148,1.287433355662762,1.309921145439148,425569,0.0,0.0
1973-12-28,1.3014881681815942,1.3014881681815942,1.2846221235945072,1.2874332666397095,136587,0.0,0.0
1973-12-31,1.2874340094984535,1.2958669010438155,1.2677570817404766,1.2930558919906616,115087,0.0,0.0
1974-01-02,1.2930554551116236,1.3014884794218553,1.26213450158816,1.2846224308013916,121411,0.0,0.0
1974-01-03,1.29305476754597,1.3183536914102267,1.29305476754597,1.295865774154663,190969,0.0,0.0
1974-01-04,1.295865774154663,1.295865774154663,1.2846217477198907,1.295865774154663,119514,0.0,0.0
1974-01-07,1.2958669010438155,1.3014889191501229,1.2790009823389923,1.2930558919906616,192866,0.0,0.0
1974-01-08,1.2930549482080849,1.3014879692124028,1.256512128417374,1.264945149421692,214366,0.0,0.0
1974-01-09,1.250891578011115,1.250891578011115,1.19186063953994,1.2059156894683838,395217,0.0,0.0
1974-01-10,1.2002927817867945,1.2002927817867945,1.1693719625473022,1.1693719625473022,454657,0.0,0.0
1974-01-11,1.169371026230386,1.1778039085370915,1.1272062756619814,1.1749930381774902,280130,0.0,0.0
1974-01-14,1.1749927345743598,1.2171575420548917,1.1693707240799114,1.1862366199493408,286453,0.0,0.0
1974-01-15,1.1862376540916164,1.2059147079763148,1.1778046309981745,1.1946706771850586,80308,0.0,0.0
1974-01-16,1.1946702914823526,1.2368351221084595,1.1918592846920801,1.2368351221084595,178954,0.0,0.0
1974-01-17,1.262133884288314,1.28462180250288,1.262133884288314,1.278999924659729,319967,0.0,0.0
1974-01-18,1.2789998101508122,1.2846216874906364,1.2424569971790678,1.2452678680419922,235865,0.0,0.0
1974-01-21,1.2452676642105458,1.2508898118580598,1.219968881287427,1.2284018993377686,106234,0.0,0.0
1974-01-22,1.2452679795308863,1.278999924659729,1.2452679795308863,1.278999924659729,202983,0.0,0.0
1974-01-23,1.2790002754180423,1.2790002754180423,1.2593233585357666,1.2593233585357666,335144,0.0,0.0
1974-01-24,1.2593232984090803,1.2705671922560993,1.242457389831543,1.242457389831543,213101,0.0,0.0
1974-01-25,1.2368346927903668,1.2368346927903668,1.194669876800103,1.2002917528152466,268115,0.0,0.0
1974-01-28,1.2002917696201774,1.2002917696201774,1.1918588876724243,1.1918588876724243,149866,0.0,0.0
1974-01-29,1.2002918719250502,1.2340238094329834,1.2002918719250502,1.2340238094329834,270012,0.0,0.0
1974-01-30,1.2340242080198593,1.2705670278105703,1.2340242080198593,1.264945149421692,158087,0.0,0.0
1974-01-31,1.270566463470459,1.2846213566209752,1.270566463470459,1.270566463470459,140381,0.0,0.0
1974-02-01,1.2705662438225016,1.2846211345432916,1.2649443689025355,1.2761882543563843,147969,0.0,0.0
1974-02-04,1.2424574372435804,1.2424574372435804,1.2143473625183105,1.2143473625183105,262424,0.0,0.0
1974-02-05,1.214346733639913,1.2424567938077182,1.2002918391699633,1.2284018993377686,401540,0.0,0.0
1974-02-06,1.2284019328599582,1.2424568277134558,1.2284019328599582,1.2340238094329834,400908,0.0,0.0
1974-02-07,1.2199692413905827,1.2199692413905827,1.1918593085394102,1.2087252140045166,627288,0.0,0.0
1974-02-08,1.2087247702588766,1.21996879351705,1.2002917528152466,1.2002917528152466,92323,0.0,0.0
1974-02-11,1.2002917696201774,1.211535793035775,1.1918588876724243,1.1918588876724243,139116,0.0,0.0
1974-02-12,1.1918588709855598,1.2059139000582764,1.1918588709855598,1.2002917528152466,157454,0.0,0.0
1974-02-13,1.200293533882862,1.2199706037826832,1.19186063953994,1.2059156894683838,325659,0.0,0.0
1974-02-14,1.2059139169419213,1.211535793035775,1.1918588876724243,1.1918588876724243,130896,0.0,0.0
1974-02-15,1.191859106117874,1.228402053302259,1.191859106117874,1.2199690341949463,187807,0.0,0.0
1974-02-19,1.2340238094329834,1.2930545305544205,1.2340238094329834,1.2340238094329834,313012,0.0,0.0
1974-02-20,1.234024426654548,1.2621342304212135,1.234024426654548,1.2593233585357666,102440,0.0,0.0
1974-02-21,1.2677560333594395,1.278999924659729,1.2677560333594395,1.278999924659729,97381,0.0,0.0
1974-02-22,1.284621645934084,1.3127317097937405,1.284621645934084,1.301487684249878,202351,0.0,0.0
1974-02-25,1.3014871235626166,1.315542013823556,1.295865113212676,1.307108998298645,217527,0.0,0.0
1974-02-26,1.3014884794218553,1.3014884794218553,1.279000550208624,1.2846224308013916,163778,0.0,0.0
1974-02-27,1.301488416469015,1.3267873525619507,1.301488416469015,1.3267873525619507,328820,0.0,0.0
1974-02-28,1.32678676781743,1.32678676781743,1.2761889179311598,1.278999924659729,244086,0.0,0.0
1974-03-01,1.278999924659729,1.278999924659729,1.250890128602012,1.278999924659729,361070,0.0,0.0
1974-03-04,1.278999924659729,1.28462180250288,1.259323013173732,1.278999924659729,120778,0.0,0.0
1974-03-05,1.2930554021959926,1.3211653464657036,1.2930554021959926,1.312732458114624,310482,0.0,0.0
1974-03-06,1.3127322783931128,1.3295981884002686,1.3099211351755526,1.3295981884002686,325659,0.0,0.0
1974-03-07,1.3295979889559677,1.3717628254560004,1.3155429530466176,1.3605189323425293,455922,0.0,0.0
1974-03-08,1.3605193004922271,1.3942509889602661,1.3352203646236407,1.3942509889602661,979505,0.0,0.0
1974-03-11,1.3942506608176755,1.4139277117842042,1.3801957600270263,1.4054946899414062,454657,0.0,0.0
1974-03-12,1.4026840127878102,1.4026840127878102,1.3858181007467678,1.3942509889602661,530539,0.0,0.0
1974-03-13,1.3942509889602661,1.4307938209848654,1.3942509889602661,1.3942509889602661,411025,0.0,0.0
1974-03-14,1.402683370828404,1.4307931661605835,1.402683370828404,1.4307931661605835,555200,0.0,0.0
1974-03-15,1.430793049019361,1.4364151974850803,1.4139272816920667,1.4167381525039673,383202,0.0,0.0
1974-03-18,1.4167385399622658,1.4364155903247786,1.405494646797697,1.4279825687408447,415452,0.0,0.0
1974-03-19,1.4223603009696866,1.4223603009696866,1.4026832559885736,1.4167381525039673,515995,0.0,0.0
1974-03-20,1.4167385399622658,1.4279825687408447,1.413927668381631,1.4279825687408447,291512,0.0,0.0
1974-03-21,1.427982213528692,1.4364152330149031,1.4139273166656494,1.4139273166656494,192866,0.0,0.0
1974-03-22,1.4139272816920667,1.430793049019361,1.4111162752661934,1.4167381525039673,277600,0.0,0.0
1974-03-25,1.4082724841123553,1.4195613135335932,1.4082724841123553,1.4167391061782837,193498,0.03954,0.0
1974-03-26,1.4223830801958504,1.4364939777968406,1.4223830801958504,1.428027629852295,374982,0.0,0.0
1974-03-27,1.4280283377021579,1.4336726178477375,1.4223837852478027,1.4223837852478027,112558,0.0,0.0
1974-03-28,1.399805808015127,1.399805808015127,1.377228422352818,1.3828727006912231,285188,0.0,0.0
1974-03-29,1.3828716215814876,1.3828716215814876,1.3518275022506714,1.3518275022506714,273174,0.0,0.0
1974-04-01,1.3518281093798554,1.3574726581573486,1.3405395564420652,1.3574726581573486,233336,0.0,0.0
1974-04-02,1.357472848781913,1.3687615394592285,1.3490062286581876,1.3687615394592285,87264,0.0,0.0
1974-04-03,1.3856944123574015,1.4082719260994254,1.3856944123574015,1.3998053073883057,293409,0.0,0.0
1974-04-04,1.4167398757792125,1.4421396196202878,1.4167398757792125,1.436495065689087,526112,0.0,0.0
1974-04-05,1.4280273697587051,1.4280273697587051,1.3913388248314813,1.3998053073883057,103705,0.0,0.0
1974-04-08,1.3687618488897884,1.3687618488897884,1.3490065336227417,1.3490065336227417,206145,0.0,0.0
1974-04-09,1.3490072611887427,1.3828734952962332,1.3405407707390813,1.3772292137145996,442643,0.0,0.0
1974-04-10,1.3828726343399613,1.4026280841167027,1.3828726343399613,1.3941614627838135,234601,0.0,0.0
1974-04-11,1.394161324453468,1.4082722224538458,1.3856947039606469,1.402627944946289,201719,0.0,0.0
1974-04-15,1.402627944946289,1.419561049777607,1.3913391176225276,1.402627944946289,247248,0.0,0.0
1974-04-16,1.40827218259486,1.428027629852295,1.40827218259486,1.428027629852295,331350,0.0,0.0
1974-04-17,1.4280288041480895,1.4590728316292385,1.425206458921838,1.4449617862701416,679773,0.0,0.0
1974-04-18,1.4449604843457513,1.4590715169906616,1.442138413971079,1.4590715169906616,196660,0.0,0.0
1974-04-19,1.4534271052053296,1.4534271052053296,1.4421384152338266,1.450605034828186,329453,0.0,0.0
1974-04-22,1.4506058667476396,1.459072355043203,1.4223837852478027,1.4223837852478027,488172,0.0,0.0
1974-04-23,1.4223826702466928,1.4252048761843585,1.3856942653656006,1.3856942653656006,177689,0.0,0.0
1974-04-24,1.3856949079375978,1.3856949079375978,1.368761800613694,1.3828727006912231,310482,0.0,0.0
1974-04-25,1.3828724368444525,1.385694643552361,1.3490062286581876,1.3687615394592285,474892,0.0,0.0
1974-04-26,1.3687615394592285,1.3941612636760863,1.3659394689056383,1.3687615394592285,245983,0.0,0.0
1974-04-29,1.3687607325152462,1.3687607325152462,1.3490054333608135,1.3518275022506714,133425,0.0,0.0
1974-04-30,1.3518281093798554,1.3715835535610348,1.3518281093798554,1.3574726581573486,152396,0.0,0.0
1974-05-01,1.357472622295593,1.3998053073883057,1.357472622295593,1.3998053073883057,476157,0.0,0.0
1974-05-02,1.4082723430048274,1.4534273838565883,1.4082723430048274,1.4336720705032349,299732,0.0,0.0
1974-05-03,1.4280282266326862,1.4280282266326862,1.391339659690857,1.391339659690857,252939,0.0,0.0
1974-05-06,1.3913395143560976,1.408272624015808,1.3856950990847399,1.408272624015808,134690,0.0,0.0
1974-05-07,1.4082721605475848,1.4788269197566035,1.4082721605475848,1.4534271955490112,604523,0.0,0.0
1974-05-08,1.4534265860507871,1.4760040940835635,1.4506045166816686,1.4703596830368042,452760,0.0,0.0
1974-05-09,1.4760042279099665,1.5014039437690652,1.4760042279099665,1.4929373264312744,446437,0.0,0.0
1974-05-10,1.4929383602437167,1.4929383602437167,1.4336724063022102,1.4421390295028687,322497,0.0,0.0
1974-05-13,1.4421396196202878,1.4534283190194195,1.4223841574015665,1.436495065689087,180219,0.0,0.0
1974-05-14,1.436495065689087,1.450606246285454,1.4280287113327674,1.436495065689087,261792,0.0,0.0
1974-05-15,1.4364951590546833,1.4506063405682126,1.4364951590546833,1.4449617862701416,244718,0.0,0.0
1974-05-16,1.4449616923542532,1.459072736796197,1.436495065689087,1.436495065689087,108764,0.0,0.0
1974-05-17,1.4110941323364654,1.4110941323364654,1.3998053073883057,1.3998053073883057,261792,0.0,0.0
1974-05-20,1.3998060011087714,1.4110948316514869,1.3998060011087714,1.408272624015808,149234,0.0,0.0
1974-05-21,1.4280287113327674,1.459072736796197,1.4280287113327674,1.436495065689087,204880,0.0,0.0
1974-05-22,1.4364946898433333,1.4364946898433333,1.4167395051022231,1.4223837852478027,207410,0.0,0.0
1974-05-23,1.4223830801958504,1.4534272183032133,1.40827218259486,1.428027629852295,381305,0.0,0.0
1974-05-24,1.4280281269894721,1.4534277242827125,1.4280281269894721,1.4421390295028687,440113,0.0,0.0
1974-05-28,1.4421379001115295,1.4703596830368042,1.4421379001115295,1.4703596830368042,426834,0.0,0.0
1974-05-29,1.467538626796109,1.467538626796109,1.4421390295028687,1.4421390295028687,358541,0.0,0.0
1974-05-30,1.4421384152338266,1.459071518268236,1.433671795639467,1.450605034828186,373085,0.0,0.0
1974-05-31,1.4506063405682126,1.4590728316292385,1.4364951590546833,1.4449617862701416,387629,0.0,0.0
1974-06-03,1.4449617742234293,1.4703615195036128,1.4364951470785576,1.4675393104553223,731625,0.0,0.0
1974-06-04,1.4788264336892303,1.5042261495483287,1.4788264336892303,1.4929373264312744,345261,0.0,0.0
1974-06-05,1.492938740234312,1.5042275740418165,1.4760056256774574,1.4788278341293335,295938,0.0,0.0
1974-06-06,1.4788267702132996,1.5014042854309082,1.4731823573703213,1.5014042854309082,328188,0.0,0.0
1974-06-07,1.5014039437690652,1.5126927668861192,1.4872930510270208,1.4929373264312744,460981,0.0,0.0
1974-06-10,1.4929380740133584,1.5183378025912577,1.4929380740133584,1.5126935243606567,373717,0.0,0.0
1974-06-11,1.5126940474647923,1.5239827439840752,1.4957607984542847,1.4957607984542847,207410,0.0,0.0
1974-06-12,1.49575987258793,1.509870768541071,1.4844710469019733,1.5014042854309082,285188,0.0,0.0
1974-06-13,1.5211593929464684,1.5296260118484497,1.5211593929464684,1.5296260118484497,332614,0.0,0.0
1974-06-14,1.5296271729721749,1.546560287475586,1.5211605476432684,1.546560287475586,435687,0.0,0.0
1974-06-17,1.555026650428772,1.5804263859754564,1.555026650428772,1.555026650428772,331982,0.0,0.0
1974-06-18,1.5550256229154056,1.5691365172709033,1.5437369346618652,1.5437369346618652,403437,0.0,0.0
1974-06-19,1.5437370433517519,1.5437370433517519,1.5296260118484497,1.5296260118484497,203616,0.0,0.0
1974-06-20,1.5296267355382733,1.5380933584459435,1.5239824564208564,1.5352712869644165,184645,0.0,0.0
1974-06-21,1.5296261784523235,1.5296261784523235,1.5126932111126525,1.5183374881744385,271909,0.0,0.0
1974-06-24,1.516636610031128,1.5279758850073049,1.516636610031128,1.516636610031128,249777,0.04744,0.0
1974-06-25,1.525141724556051,1.567664260548489,1.525141724556051,1.5619945526123047,333247,0.0,0.0
1974-06-26,1.5619948810085666,1.5619948810085666,1.5421511725888928,1.5449858903884888,508407,0.0,0.0
1974-06-27,1.5449853430363467,1.5449853430363467,1.5109673738479614,1.5109673738479614,435687,0.0,0.0
1974-06-28,1.5081325936800245,1.5081325936800245,1.4797841934671874,1.482619047164917,318703,0.0,0.0
1974-07-01,1.4826173133461524,1.510965680407528,1.479782462963585,1.4996262788772583,197925,0.0,0.0
1974-07-02,1.493958513811977,1.493958513811977,1.4684449664112802,1.4741145372390747,369923,0.0,0.0
1974-07-03,1.4741145372390747,1.4854539524235904,1.4656101126151513,1.4741145372390747,472363,0.0,0.0
1974-07-05,1.4741137961498039,1.476948648520752,1.465609375801354,1.4684442281723022,149866,0.0,0.0
1974-07-08,1.4514353114997802,1.4514353114997802,1.3833993923943138,1.3890689611434937,414819,0.0,0.0
1974-07-09,1.3975734885505928,1.4429307213644538,1.3975734885505928,1.428756594657898,376879,0.0,0.0
1974-07-10,1.4287569423939694,1.4429310725502769,1.3919041219289043,1.3975738286972046,565318,0.0,0.0
1974-07-11,1.3890685300112813,1.3890685300112813,1.3720596922784467,1.3805639743804932,498922,0.0,0.0
1974-07-12,1.3975741087767068,1.459940485433154,1.3975741087767068,1.451435923576355,417981,0.0,0.0
1974-07-15,1.468445160845249,1.5081328457170964,1.468445160845249,1.4939587116241455,294041,0.0,0.0
1974-07-16,1.4939587116241455,1.4939587116241455,1.4826192949381998,1.4939587116241455,135955,0.0,0.0
1974-07-17,1.493957917536296,1.493957917536296,1.465609527654016,1.4797836542129517,314276,0.0,0.0
1974-07-18,1.4797842448313325,1.4911235232513849,1.4656101126151513,1.4741145372390747,374349,0.0,0.0
1974-07-19,1.4741137961498039,1.4911227736110981,1.465609375801354,1.4684442281723022,216895,0.0,0.0
1974-07-22,1.4684448592988073,1.4939584048384749,1.4656100057094603,1.4854538440704346,181484,0.0,0.0
1974-07-23,1.4996276291846518,1.5449850026182028,1.4996276291846518,1.516636610031128,357908,0.0,0.0
1974-07-24,1.5166374815120256,1.5676645901367594,1.4996284908919477,1.5449858903884888,393952,0.0,0.0
1974-07-25,1.5449853430363467,1.553489766951217,1.5109673738479614,1.5109673738479614,222586,0.0,0.0
1974-07-26,1.5109673896101024,1.5251415207923829,1.4854538440704346,1.4854538440704346,269380,0.0,0.0
1974-07-29,1.4599402967472352,1.4599402967472352,1.4429311752319336,1.4429311752319336,259895,0.0,0.0
1974-07-30,1.4429315197992556,1.4599406453762807,1.4429315197992556,1.4486013650894165,202983,0.0,0.0
1974-07-31,1.4486015712009972,1.4514362891026815,1.4259228706359863,1.4259228706359863,593141,0.0,0.0
1974-08-01,1.425921120264583,1.4287558346865494,1.3833986259986997,1.391903042793274,380040,0.0,0.0
1974-08-02,1.3919041219289043,1.4004086820813548,1.3833996985408974,1.3975738286972046,462878,0.0,0.0
1974-08-05,1.397572611340632,1.4287556978753482,1.397572611340632,1.4060770273208618,218792,0.0,0.0
1974-08-06,1.4486006888134293,1.5081321902474112,1.4486006888134293,1.4656096696853638,502716,0.0,0.0
1974-08-07,1.465609855803202,1.530811071395874,1.4571054326694688,1.530811071395874,315541,0.0,0.0
1974-08-08,1.5308106644985737,1.536480232825916,1.4996274232583784,1.508131980895996,415452,0.0,0.0
1974-08-09,1.5081321879901006,1.5194715997306993,1.493958060078774,1.516636610031128,317438,0.0,0.0
1974-08-12,1.5166364428795363,1.536480274474133,1.5166364428795363,1.5251410007476807,185278,0.0,0.0
1974-08-13,1.516637070652082,1.516637070652082,1.4656101126151513,1.4741145372390747,222586,0.0,0.0
1974-08-14,1.465610253606258,1.465610253606258,1.4230877161026,1.4230877161026,262424,0.0,0.0
1974-08-15,1.423087830886556,1.4344272480765379,1.4145832679940695,1.417418122291565,340835,0.0,0.0
1974-08-16,1.4174171047648707,1.4344262183394454,1.4145822525024414,1.4145822525024414,292777,0.0,0.0
1974-08-19,1.4145817155193676,1.4174165667056715,1.3833986259986997,1.391903042793274,263689,0.0,0.0
1974-08-20,1.3919041219289043,1.4230873723901127,1.377729991772597,1.3975738286972046,436952,0.0,0.0
1974-08-21,1.397573494095248,1.4145824735634775,1.3833993673324585,1.3833993673324585,286453,0.0,0.0
1974-08-22,1.3833994158210237,1.3833994158210237,1.3493813189278092,1.3748948574066162,837227,0.0,0.0
1974-08-23,1.3748947527995343,1.3919037315698277,1.3550509214401245,1.3550509214401245,315541,0.0,0.0
1974-08-26,1.3550511108285588,1.4004084850649752,1.346546688636996,1.363555669784546,398378,0.0,0.0
1974-08-27,1.3635554861405568,1.3663902019796812,1.3267025390590672,1.3295373916625977,407231,0.0,0.0
1974-08-28,1.3295382695298024,1.3380428329557845,1.2700067358414149,1.272841453552246,767037,0.0,0.0
1974-08-29,1.2615017696088464,1.2615017696088464,1.2359880902436418,1.2444926500320435,441378,0.0,0.0
1974-08-30,1.252996858442024,1.3408767378868989,1.252996858442024,1.3267024755477905,524215,0.0,0.0
1974-09-03,1.3267020329286527,1.340876290538894,1.2983537912368774,1.2983537912368774,380040,0.0,0.0
1974-09-04,1.2615013122558594,1.2615013122558594,1.2303180744348676,1.2615013122558594,518524,0.0,0.0
1974-09-05,1.2756756024887375,1.332372244266128,1.2756756024887375,1.3295373916625977,471098,0.0,0.0
1974-09-06,1.3295376994369987,1.355051242010491,1.3210331396576886,1.3380422592163086,278233,0.0,0.0
1974-09-09,1.3238680333838573,1.3238680333838573,1.2813453743448393,1.2870150804519653,256733,0.0,0.0
1974-09-10,1.2870150804519653,1.295519502848227,1.2785106580557037,1.2870150804519653,220057,0.0,0.0
1974-09-11,1.287015404061876,1.2955198285965082,1.2615019936935172,1.2700064182281494,234601,0.0,0.0
1974-09-12,1.270006342332913,1.270006342332913,1.2274838119075009,1.2303186655044556,429363,0.0,0.0
1974-09-13,1.2303175274808063,1.2444916455902977,1.2246476887669515,1.2274826765060425,255468,0.0,0.0
1974-09-16,1.2274833475197506,1.2700058618578287,1.2189787899463742,1.2558315992355347,504613,0.0,0.0
1974-09-17,1.2615019936935172,1.2898502578282407,1.2615019936935172,1.2700064182281494,295938,0.0,0.0
1974-09-18,1.2671705484390259,1.2671705484390259,1.2388223070340434,1.2671705484390259,273806,0.0,0.0
1974-09-19,1.3040237925696163,1.3408767378868989,1.3040237925696163,1.3267024755477905,567847,0.0,0.0
1974-09-20,1.3267024755477905,1.3295373280156122,1.289849666994907,1.3267024755477905,632979,0.0,0.0
1974-09-23,1.3267022279865694,1.3380416357419347,1.3210325241088867,1.3210325241088867,388261,0.0,0.0
1974-09-24,1.3250221010825156,1.3250221010825156,1.302226012759279,1.319323182106018,189704,0.04744,0.0
1974-09-25,1.3193228726413349,1.339269428061386,1.2965267896652222,1.2965267896652222,373717,0.0,0.0
1974-09-26,1.287977652985346,1.287977652985346,1.262332053484389,1.2737301588058472,188439,0.0,0.0
1974-09-27,1.2737302766239298,1.2851283829996953,1.1996431350708008,1.1996431350708008,777154,0.0,0.0
1974-09-30,1.1910946544627048,1.1910946544627048,1.1398034464457902,1.148352026939392,519789,0.0,0.0
1974-10-01,1.148352255593303,1.2110414459450163,1.1341046873365725,1.1853958368301392,428731,0.0,0.0
1974-10-02,1.1853951687087458,1.2024921859915219,1.1569000482559204,1.1569000482559204,409128,0.0,0.0
1974-10-03,1.1569000482559204,1.1825457803885315,1.1483516083506813,1.1569000482559204,270012,0.0,0.0
1974-10-04,1.1569007144282715,1.1825464613283447,1.148352269600624,1.1739978790283203,314276,0.0,0.0
1974-10-07,1.1910952448457899,1.236687421798706,1.1910952448457899,1.236687421798706,279497,0.0,0.0
1974-10-08,1.2366870597118345,1.2509345592859706,1.2110414505004883,1.2110414505004883,422408,0.0,0.0
1974-10-09,1.211041836942613,1.2594835434136984,1.1682991871086954,1.2509349584579468,462878,0.0,0.0
1974-10-10,1.2851283815286199,1.3620650495876214,1.2851283815286199,1.30507493019104,792963,0.0,0.0
1974-10-11,1.305075675664152,1.36491521836006,1.2879785063539897,1.3449687957763672,640567,0.0,0.0
1974-10-14,1.3649140449983082,1.481743914155065,1.3649140449983082,1.4133557081222534,645626,0.0,0.0
1974-10-15,1.413357075918603,1.4304542470770583,1.3706145604397542,1.379163146018982,522318,0.0,0.0
1974-10-16,1.379163146018982,1.416206741917442,1.3478184697009103,1.379163146018982,276336,0.0,0.0
1974-10-17,1.37916318242723,1.4845949158530627,1.37916318242723,1.450400710105896,493863,0.0,0.0
1974-10-18,1.4646477565083351,1.5016913348185434,1.4646477565083351,1.4760457277297974,739213,0.0,0.0
1974-10-21,1.4760462880253435,1.5159394086521232,1.467497703259998,1.4931433200836182,692420,0.0,0.0
1974-10-22,1.4931437184912901,1.5073912260960367,1.4304544925689697,1.4304544925689697,382570,0.0,0.0
1974-10-23,1.4304542470770583,1.4390026951838562,1.3734639514937335,1.379163146018982,446437,0.0,0.0
1974-10-24,1.3791631584559532,1.4048086404800415,1.3392698961989058,1.4048086404800415,431260,0.0,0.0
1974-10-25,1.404808132294853,1.4418518525993385,1.404808132294853,1.4219051599502563,399011,0.0,0.0
1974-10-28,1.4219042854284663,1.4219042854284663,1.3991082167508624,1.4133557081222534,199822,0.0,0.0
1974-10-29,1.4333039045997171,1.4931435966225475,1.4333039045997171,1.4817454814910889,982667,0.0,0.0
1974-10-30,1.4817449214794103,1.5501333114765223,1.4646480301887177,1.5159391164779663,737316,0.0,0.0
1974-10-31,1.5187889337539673,1.5586820542979218,1.5187889337539673,1.5187889337539673,399643,0.0,0.0
1974-11-01,1.5159396894130222,1.5159396894130222,1.4731970326149373,1.4817454814910889,355379,0.0,0.0
1974-11-04,1.46464876161778,1.46464876161778,1.43045454954302,1.4589495658874512,253571,0.0,0.0
1974-11-05,1.4589491184946524,1.4931433200836182,1.4504005337293067,1.4931433200836182,249145,0.0,0.0
1974-11-06,1.4931438266183803,1.5444349401932236,1.4874447681747986,1.5016924142837524,647523,0.0,0.0
1974-11-07,1.5016919017311892,1.5444344130519263,1.4902937887343928,1.5187889337539673,541289,0.0,0.0
1974-11-08,1.518788577732274,1.5415846609097836,1.5159390501510375,1.5244874954223633,275071,0.0,0.0
1974-11-11,1.524486442437261,1.524486442437261,1.5016905124776183,1.5073894262313843,173895,0.0,0.0
1974-11-12,1.5016910270379273,1.5016910270379273,1.4475502967834473,1.4475502967834473,180851,0.0,0.0
1974-11-13,1.4475513703036929,1.4475513703036929,1.4076582434111702,1.4418524503707886,532436,0.0,0.0
1974-11-14,1.4418521286341321,1.464648215696318,1.4304540163668356,1.4361529350280762,395217,0.0,0.0
1974-11-15,1.4333035095854243,1.4333035095854243,1.399109311087313,1.4162064790725708,232071,0.0,0.0
1974-11-18,1.404808665462283,1.404808665462283,1.3734639883041382,1.3734639883041382,360438,0.0,0.0
1974-11-19,1.3734642680417957,1.3877117764850948,1.3535178387046536,1.3563672304153442,934608,0.0,0.0
1974-11-20,1.3563665650336525,1.3734635942729536,1.347818119150199,1.3535171747207642,390790,0.0,0.0
1974-11-21,1.3535175630295464,1.3962600796539433,1.3449689772212068,1.3734639883041382,356011,0.0,0.0
1974-11-22,1.3820123998808997,1.4133569356149764,1.3820123998808997,1.3905609846115112,287718,0.0,0.0
1974-11-25,1.373463803015141,1.373463803015141,1.3392697393396464,1.3449687957763672,472995,0.0,0.0
1974-11-26,1.3449691320686437,1.3478186609994922,1.2965274151891175,1.3107749223709106,571009,0.0,0.0
1974-11-27,1.313624125657105,1.330721295003844,1.313624125657105,1.319323182106018,858727,0.0,0.0
1974-11-29,1.3193227212213434,1.3193227212213434,1.3050752225486164,1.3136236667633057,207410,0.0,0.0
1974-12-02,1.2822793881538943,1.2822793881538943,1.225289107586454,1.2309880256652832,385732,0.0,0.0
1974-12-03,1.2309880256652832,1.2509347200945629,1.2224397172832364,1.2309880256652832,562789,0.0,0.0
1974-12-04,1.2309873543950058,1.2509340379471505,1.2224390506744385,1.2224390506744385,350320,0.0,0.0
1974-12-05,1.2224400144946967,1.2309883249550915,1.1682992485396402,1.1711487770080566,566583,0.0,0.0
1974-12-06,1.1711491488399637,1.1796975994868606,1.1426540613174438,1.1426540613174438,451496,0.0,0.0
1974-12-09,1.142654304117262,1.1768483201793591,1.142654304117262,1.1597514152526855,369291,0.0,0.0
1974-12-10,1.19394466703111,1.2509349584579468,1.19394466703111,1.2509349584579468,337673,0.0,0.0
1974-12-11,1.2509348064096917,1.268031974243073,1.216740608215332,1.216740608215332,348423,0.0,0.0
1974-12-12,1.216740608215332,1.2452358879376344,1.2081921617710445,1.216740608215332,437584,0.0,0.0
1974-12-13,1.2167407962455548,1.236687495133649,1.2081923484802246,1.2081923484802246,270012,0.0,0.0
1974-12-16,1.2081922471123974,1.2167406941605095,1.1996438000642853,1.2024931907653809,330717,0.0,0.0
1974-12-17,1.2024920092110811,1.2537831909913015,1.1996426213097602,1.2338366508483887,392055,0.0,0.0
1974-12-18,1.245236039293199,1.2737310475341976,1.245236039293199,1.2509349584579468,291512,0.0,0.0
1974-12-19,1.2509349255443363,1.2509349255443363,1.2281388370678783,1.236687421798706,590612,0.0,0.0
1974-12-20,1.2366870597118345,1.2366870597118345,1.2081919230911857,1.2110414505004883,194763,0.0,0.0
1974-12-23,1.2110418768928095,1.2281389098958944,1.1939447064173,1.2081923484802246,349055,0.0,0.0
1974-12-24,1.2363037456383619,1.2363037456383619,1.2076192977321751,1.2334352731704712,170734,0.05535,0.0
1974-12-26,1.2391716093083323,1.2592509089611081,1.2391716093083323,1.2449086904525757,147969,0.0,0.0
1974-12-27,1.244908735731598,1.2535141501814924,1.2248294353485107,1.2248294353485107,174528,0.0,0.0
1974-12-30,1.2248287794526662,1.2305658577333694,1.201881158261045,1.207618236541748,218160,0.0,0.0
1974-12-31,1.2248292459868175,1.2621192311182556,1.2248292459868175,1.2592507600784302,274438,0.0,0.0
1975-01-02,1.2592514543400524,1.2707252064388728,1.2449092296199349,1.2535146474838257,460348,0.0,0.0
1975-01-03,1.2535130797791971,1.2678552865622508,1.2420392036437988,1.2420392036437988,257365,0.0,0.0
1975-01-06,1.253513786979381,1.2678560018539429,1.253513786979381,1.2678560018539429,214998,0.0,0.0
1975-01-07,1.2678560018539429,1.2678560018539429,1.253513786979381,1.2678560018539429,171366,0.0,0.0
1975-01-08,1.267856105200239,1.267856105200239,1.2506452798843384,1.2506452798843384,261792,0.0,0.0
1975-01-09,1.2506452798843384,1.2592506925422888,1.2420400056126717,1.2506452798843384,1226120,0.0,0.0
1975-01-10,1.2821986138890231,1.305146247828106,1.2821986138890231,1.2908040285110474,469201,0.0,0.0
1975-01-13,1.2908038190875886,1.3137514493035867,1.285066876937016,1.3022775650024414,420511,0.0,0.0
1975-01-14,1.3022775600716612,1.3137514443293632,1.2850668720714,1.29654061794281,279497,0.0,0.0
1975-01-15,1.296540353573944,1.3481725454330444,1.2821981395625333,1.3481725454330444,221321,0.0,0.0
1975-01-16,1.3481719878076144,1.3481719878076144,1.3194874332629185,1.333829641342163,428731,0.0,0.0
1975-01-17,1.3338299243347869,1.3338299243347869,1.2965400923854127,1.305145502090454,177689,0.0,0.0
1975-01-20,1.2965408949364332,1.2965408949364332,1.27072478822753,1.2936725616455078,364864,0.0,0.0
1975-01-21,1.2936729874092483,1.3051467395080687,1.2535146474838257,1.2535146474838257,287085,0.0,0.0
1975-01-22,1.2535146474838257,1.2592514543400524,1.2334353391347472,1.2535146474838257,502716,0.0,0.0
1975-01-23,1.2535146474838257,1.2621199269613492,1.2506460364761616,1.2535146474838257,236498,0.0,0.0
1975-01-24,1.2535134590189136,1.305145502090454,1.250644850730997,1.305145502090454,502716,0.0,0.0
1975-01-27,1.3280934634275081,1.3711202462118788,1.3280934634275081,1.3625149726867676,594406,0.0,0.0
1975-01-28,1.3625151264864384,1.3998049722058032,1.3625151264864384,1.3797258138656616,972549,0.0,0.0
1975-01-29,1.3797250591344283,1.4141464150638536,1.3739879819645755,1.4084094762802124,459716,0.0,0.0
1975-01-30,1.4084104640031754,1.442831982458738,1.3940682453720374,1.3998051881790161,421143,0.0,0.0
1975-01-31,1.3998043093590784,1.4055411101780912,1.3739880829355222,1.3969357013702393,457819,0.0,0.0
1975-02-03,1.3998042064909617,1.4227516848531043,1.3998042064909617,1.4084094762802124,259262,0.0,0.0
1975-02-04,1.4084096513126356,1.4141465908092445,1.3797252306020482,1.405541181564331,406599,0.0,0.0
1975-02-05,1.4141469378197635,1.4399630335031592,1.4141469378197635,1.4313576221466064,501451,0.0,0.0
1975-02-06,1.4514368772506714,1.485858245001721,1.4514368772506714,1.4514368772506714,750596,0.0,0.0
1975-02-07,1.442832350730896,1.442832350730896,1.408410823489496,1.442832350730896,449599,0.0,0.0
1975-02-10,1.4428322896105685,1.4600428449226903,1.4313584015540366,1.4399638175964355,266218,0.0,0.0
1975-02-11,1.4313576221466064,1.4313576221466064,1.408409996915395,1.4313576221466064,368026,0.0,0.0
1975-02-12,1.4313579514354837,1.4457001686096191,1.40841032092509,1.4457001686096191,579230,0.0,0.0
1975-02-13,1.4600427796092785,1.494464303852727,1.4600427796092785,1.4686481952667236,694949,0.0,0.0
1975-02-14,1.4829904222801515,1.526017219952867,1.4829904222801515,1.5116750001907349,448334,0.0,0.0
1975-02-18,1.5116744159890152,1.554701058647334,1.5116744159890152,1.5432273149490356,522318,0.0,0.0
1975-02-19,1.5432271260557626,1.5432271260557626,1.5202795030817227,1.5346217155456543,418614,0.0,0.0
1975-02-20,1.5460959863270018,1.569043755531311,1.5460959863270018,1.569043755531311,399011,0.0,0.0
1975-02-21,1.5805167598618388,1.63788587917129,1.5805167598618388,1.6149382591247559,874536,0.0,0.0
1975-02-24,1.6120701082547495,1.6120701082547495,1.5862540132966292,1.59772789478302,408496,0.0,0.0
1975-02-25,1.5604382219053314,1.5604382219053314,1.52027977083824,1.5260167121887207,540656,0.0,0.0
1975-02-26,1.5260168418414728,1.548964470806788,1.5174114290846226,1.537490725517273,412290,0.0,0.0
1975-02-27,1.5460959863270018,1.5776490305966309,1.5460959863270018,1.569043755531311,297203,0.0,0.0
1975-02-28,1.5690439239887,1.5719122570608954,1.5518332336239715,1.554701566696167,243453,0.0,0.0
1975-03-03,1.5604377480056317,1.629280469759003,1.5604377480056317,1.6149382591247559,369923,0.0,0.0
1975-03-04,1.6378861665725708,1.6923866872549478,1.6378861665725708,1.6378861665725708,1018078,0.0,0.0
1975-03-05,1.6378870655860105,1.666571507632277,1.6206762342946528,1.6464924812316895,638038,0.0,0.0
1975-03-06,1.6464921707134474,1.663702860372644,1.6378867566906965,1.6579657793045044,333247,0.0,0.0
1975-03-07,1.6579657556679048,1.666571169567974,1.6493604801541395,1.6522289514541626,239027,0.0,0.0
1975-03-10,1.6522282595509679,1.6981235043591887,1.6522282595509679,1.6895180940628052,460981,0.0,0.0
1975-03-11,1.6895180940628052,1.735413338871026,1.683781292251462,1.6895180940628052,522951,0.0,0.0
1975-03-12,1.6895193418226357,1.698124758474373,1.655097951988382,1.6809139251708984,435687,0.0,0.0
1975-03-13,1.6809139251708984,1.6809139251708984,1.65796628581928,1.6809139251708984,273806,0.0,0.0
1975-03-14,1.6809128960148276,1.7038605213165283,1.6751760934790998,1.7038605213165283,242189,0.0,0.0
1975-03-17,1.7067285368329022,1.7698345933807607,1.7067285368329022,1.7669659852981567,390158,0.0,0.0
1975-03-18,1.7669668523305546,1.7927829538794229,1.7268086720347398,1.7325456142425537,505245,0.0,0.0
1975-03-19,1.7182028736215056,1.7182028736215056,1.689518307397814,1.7038605213165283,341467,0.0,0.0
1975-03-20,1.7038615645225168,1.7325462866949746,1.6723086469055088,1.6809139251708984,431260,0.0,0.0
1975-03-21,1.6809126837664217,1.7067287762693266,1.6637021399461458,1.6895180940628052,207410,0.0,0.0
1975-03-24,1.648591562569652,1.6745309675284277,1.648591562569652,1.6601202487945557,533701,0.05535,0.0
1975-03-25,1.6601210609435153,1.6889425125110213,1.637063816261115,1.6831783056259155,352849,0.0,0.0
1975-03-26,1.7062360268512904,1.7494683553244428,1.7062360268512904,1.7264111042022705,515995,0.0,0.0
1975-03-27,1.7264099066357848,1.7437027982199353,1.7235277348638816,1.7408207654953003,339570,0.0,0.0
1975-03-31,1.7408209125610656,1.7437029455291768,1.7177636754852175,1.7321743965148926,271909,0.0,0.0
1975-04-01,1.7177639796768007,1.7177639796768007,1.6831780484147116,1.7062352895736694,307953,0.0,0.0
1975-04-02,1.706235319111004,1.706235319111004,1.6918245952799245,1.6975888013839722,433158,0.0,0.0
1975-04-03,1.6975890625414614,1.7062355815986756,1.6745318174362183,1.6745318174362183,236498,0.0,0.0
1975-04-04,1.6745318174362183,1.6802961634743612,1.665885298379004,1.6745318174362183,228910,0.0,0.0
1975-04-07,1.6745318174362183,1.6802961634743612,1.6601210913881894,1.6745318174362183,343364,0.0,0.0
1975-04-08,1.6802957469691453,1.7004708140543994,1.6802957469691453,1.6918244361877441,272541,0.0,0.0
1975-04-09,1.7091172408513298,1.749467372894287,1.7091172408513298,1.749467372894287,462878,0.0,0.0
1975-04-10,1.7552325832556734,1.7927005616331686,1.7552325832556734,1.7840540409088135,633611,0.0,0.0
1975-04-11,1.7840540409088135,1.7840540409088135,1.7840540409088135,1.7840540409088135,0,0.0,0.0
1975-04-14,1.830168242765992,1.8734005612715299,1.830168242765992,1.8589898347854614,491333,0.0,0.0
1975-04-15,1.858989853709649,1.8791649266144566,1.8474611611655682,1.8647541999816895,933344,0.0,0.0
1975-04-16,1.8647545974725575,1.89069402217865,1.8359329990160809,1.89069402217865,624126,0.0,0.0
1975-04-17,1.9223951101303098,2.0002131421719023,1.9223951101303098,1.92239511013031,801816,0.0,0.0
1975-04-18,1.9051043457913044,1.9051043457913044,1.858989853709649,1.8647541999816895,770198,0.0,0.0
1975-04-21,1.8647528125212744,1.8964564153339147,1.8589884705381652,1.8705170154571533,321232,0.0,0.0
1975-04-22,1.873400419277824,1.9051041820009984,1.873400419277824,1.8820469379425049,450231,0.0,0.0
1975-04-23,1.8734004015209518,1.8734004015209518,1.8359324324237825,1.8532254695892334,470466,0.0,0.0
1975-04-24,1.8532254695892334,1.8734004015209518,1.8272860528883776,1.8532254695892334,493863,0.0,0.0
1975-04-25,1.8532242143281108,1.9079850444517619,1.8532242143281108,1.8964563608169556,404702,0.0,0.0
1975-04-28,1.896456811064891,1.9252782489001055,1.896456811064891,1.905103325843811,240292,0.0,0.0
1975-04-29,1.9051038724637903,1.9310432851959305,1.8964573552039772,1.907986044883728,232704,0.0,0.0
1975-04-30,1.9108688327110896,1.9829227545161712,1.9108688327110896,1.977158546447754,314909,0.0,0.0
1975-05-01,1.991570299484138,2.05209555818672,1.991570299484138,2.0088632106781006,395849,0.0,0.0
1975-05-02,2.0088632106781006,2.0290382969122946,2.0002166855574064,2.0088632106781006,299100,0.0,0.0
1975-05-05,2.0088615614555083,2.0376830101013184,1.9771579401356554,2.0376830101013184,322497,0.0,0.0
1975-05-06,2.0376827775313213,2.069386534279992,2.0002148151397705,2.0002148151397705,563421,0.0,0.0
1975-05-07,2.0002148035578355,2.0030971149335293,1.9742753916495386,1.9858040809631348,773992,0.0,0.0
1975-05-08,1.9858049280740568,1.9858049280740568,1.9569833315425536,1.977158546447754,524848,0.0,0.0
1975-05-09,1.9829221367792127,2.0290366212446957,1.9829221367792127,2.0232722759246826,574803,0.0,0.0
1975-05-12,2.037682645070721,2.0895616048625887,2.037682645070721,2.052093505859375,491333,0.0,0.0
1975-05-13,2.0520933659535965,2.10397218316123,2.0434468500698983,2.0895614624023438,361070,0.0,0.0
1975-05-14,2.089561238942611,2.1327933965959796,2.0809147239835797,2.1039719581604004,319335,0.0,0.0
1975-05-15,2.103974139627252,2.1414421318698604,2.0636239727433034,2.0665061473846436,399643,0.0,0.0
1975-05-16,2.0607404142074617,2.0607404142074617,2.0146260649448844,2.0261547565460205,373085,0.0,0.0
1975-05-19,2.02615473538042,2.0549761859875413,2.008861698159362,2.043447494506836,228910,0.0,0.0
1975-05-20,2.0434470307394297,2.0866793358857105,2.037682686307315,2.063622236251831,469834,0.0,0.0
1975-05-21,2.0636225144953206,2.080915411076021,2.046329478867313,2.0693867206573486,474892,0.0,0.0
1975-05-22,2.069386299276516,2.1327936665258997,2.0607397832231675,2.0953257083892822,428099,0.0,0.0
1975-05-23,2.103972614230352,2.1212655104934988,2.103972614230352,2.1155011653900146,181484,0.0,0.0
1975-05-27,2.1155007734664824,2.124147150472551,2.0866791923359336,2.0953257083892822,256100,0.0,0.0
1975-05-28,2.0866800107028025,2.0866800107028025,1.9915689920511488,1.9944511651992798,566583,0.0,0.0
1975-05-29,1.9944518123355635,2.008862543704709,1.9858052900856482,1.9915696382522583,436952,0.0,0.0
1975-05-30,1.994450827419239,2.0290366212446957,1.994450827419239,2.0232722759246826,351585,0.0,0.0
1975-06-02,2.0376829610533087,2.0895619288900247,2.0376829610533087,2.0693867206573486,490701,0.0,0.0
1975-06-03,2.0693862715680678,2.0809149594848337,2.0376825188442393,2.060739755630493,248512,0.0,0.0
1975-06-04,2.0549739791420323,2.0549739791420323,2.008859540836349,2.0146238803863525,190336,0.0,0.0
1975-06-05,2.0146258969919737,2.0232722759246826,1.9771579305065106,2.0232722759246826,369291,0.0,0.0
1975-06-06,2.023273275073855,2.0290376232404648,1.9915696382522583,1.9915696382522583,130263,0.0,0.0
1975-06-09,1.959864731300709,1.959864731300709,1.907986044883728,1.907986044883728,414187,0.0,0.0
1975-06-10,1.9079852026508755,1.9339244648854708,1.8705171167783436,1.9310424327850342,677876,0.0,0.0
1975-06-11,1.9483357594295756,1.9771573383503025,1.9483357594295756,1.956982135772705,665861,0.0,0.0
1975-06-12,1.9569832345630942,1.9598654079781523,1.933925986289978,1.933925986289978,461613,0.0,0.0
1975-06-13,1.933925986289978,1.9425725065351518,1.9166332238943249,1.933925986289978,417981,0.0,0.0
1975-06-16,1.9339245693546365,1.977156999857901,1.9339245693546365,1.9627461433410645,262424,0.0,0.0
1975-06-17,1.9627464793663043,2.0030967454742297,1.9483357594295756,1.956982135772705,384467,0.0,0.0
1975-06-18,1.9569829813363395,1.9569829813363395,1.939690221178309,1.9483366012573242,273806,0.0,0.0
1975-06-19,1.9483369499162504,1.977158546447754,1.9425726028004788,1.977158546447754,373085,0.0,0.0
1975-06-20,1.9858052900856482,2.0290376232404648,1.9858052900856482,1.9915696382522583,445804,0.0,0.0
1975-06-23,1.991566919148656,2.0347991932780736,1.9858025788521496,2.0290348529815674,267483,0.0,0.0
1975-06-24,2.0458197593688965,2.0689690724623415,2.0458197593688965,2.0458197593688965,254203,0.05535,0.0
1975-06-25,2.0458197593688965,2.06318184889089,2.037138854210446,2.0458197593688965,186542,0.0,0.0
1975-06-26,2.0458202482542336,2.06318234192521,2.031351976464333,2.0545012950897217,395217,0.0,0.0
1975-06-27,2.054500506650653,2.0689687728881836,2.0342450176796256,2.0689687728881836,315541,0.0,0.0
1975-06-30,2.068970308174162,2.0834385851479236,2.068970308174162,2.0747578144073486,290880,0.0,0.0
1975-07-01,2.074756274826733,2.0834370391257147,2.0631815501546873,2.0689687728881836,252306,0.0,0.0
1975-07-02,2.06896910078691,2.06896910078691,2.0516071506297746,2.0631818771362305,297203,0.0,0.0
1975-07-03,2.0631824220854056,2.0892254240011314,2.0602887396944825,2.083437919616699,378143,0.0,0.0
1975-07-07,2.0834365993958746,2.09790514178473,2.071862156371782,2.089224100112915,282659,0.0,0.0
1975-07-08,2.0892247408020994,2.1036930084228516,2.063181747402713,2.1036930084228516,267483,0.0,0.0
1975-07-09,2.1036941281769654,2.132630678820815,2.1036941281769654,2.1268434524536133,534333,0.0,0.0
1975-07-10,2.132630370572951,2.1731417869035727,2.132630370572951,2.1499924659729004,555833,0.0,0.0
1975-07-11,2.149991632332307,2.149991632332307,2.1036930084228516,2.1036930084228516,306688,0.0,0.0
1975-07-14,2.1036935102180037,2.1326300523617574,2.1036935102180037,2.1210556030273438,252939,0.0,0.0
1975-07-15,2.121056226086412,2.1384181843932444,2.112375177131689,2.1268434524536133,442010,0.0,0.0
1975-07-16,2.1268424541140933,2.1268424541140933,2.0602881955096164,2.0631818771362305,218160,0.0,0.0
1975-07-17,2.06318234192521,2.0892253428290952,2.0458202482542336,2.0545012950897217,239027,0.0,0.0
1975-07-18,2.0371404511571423,2.0371404511571423,1.9937354725313998,2.0168848037719727,461613,0.0,0.0
1975-07-21,2.0168841962277564,2.0255652451789827,1.9561172723770142,1.9561172723770142,370555,0.0,0.0
1975-07-22,1.9561171566497335,1.9705854311098618,1.932967694149359,1.9590108394622803,481848,0.0,0.0
1975-07-23,1.9590097256766477,1.9734779919109122,1.9387540971076667,1.9474351406097412,322497,0.0,0.0
1975-07-24,1.9474350933712516,1.9676905818463732,1.941647591574395,1.9647969007492065,399011,0.0,0.0
1975-07-25,1.9647969007492065,1.9850526684293743,1.956115997060229,1.9647969007492065,305423,0.0,0.0
1975-07-28,1.9647969007492065,1.9792653062350407,1.9590096781573958,1.9647969007492065,202351,0.0,0.0
1975-07-29,1.9705845261893826,1.9937338384566574,1.9705845261893826,1.979265570640564,171366,0.0,0.0
1975-07-30,1.9850531393132171,2.008202314376831,1.9850531393132171,2.008202314376831,288350,0.0,0.0
1975-07-31,2.008202643538078,2.0371393265143944,2.002415418624878,2.002415418624878,297203,0.0,0.0
1975-08-01,2.002413583667042,2.002413583667042,1.9734769272074975,1.982157826423645,300365,0.0,0.0
1975-08-04,1.9821601400254651,1.985053962611821,1.9561172723770142,1.9561172723770142,397746,0.0,0.0
1975-08-05,1.9561170901554839,1.990841003520465,1.9561170901554839,1.9850537776947021,297835,0.0,0.0
1975-08-06,1.985054560567845,2.0197784876273763,1.9821607371097851,2.0168848037719727,314909,0.0,0.0
1975-08-07,2.0168832503155034,2.0631818771362305,2.0168832503155034,2.0631818771362305,543186,0.0,0.0
1975-08-08,2.0631818771362305,2.089224872173208,2.0545008322563882,2.0631818771362305,462245,0.0,0.0
1975-08-11,2.063181747402713,2.1036930084228516,2.063181747402713,2.1036930084228516,233336,0.0,0.0
1975-08-12,2.1065857533158456,2.1326285955344937,2.1065857533158456,2.112373113632202,545715,0.0,0.0
1975-08-13,2.103693078719673,2.103693078719673,2.083437307930199,2.0863311290740967,266218,0.0,0.0
1975-08-14,2.0863314447317185,2.0863314447317185,2.063182128500992,2.0718631744384766,270012,0.0,0.0
1975-08-15,2.0718628797466616,2.0979058742523193,2.0718628797466616,2.0979058742523193,306056,0.0,0.0
1975-08-18,2.0979058742523193,2.106586779352508,2.095012053082195,2.0979058742523193,227645,0.0,0.0
1975-08-19,2.0950120958238876,2.0950120958238876,2.0602881955096164,2.0631818771362305,323762,0.0,0.0
1975-08-20,2.0255646122342283,2.0255646122342283,1.9821595206438551,1.9995216131210327,457819,0.0,0.0
1975-08-21,1.999521186779695,2.0168831359523574,1.9647971488318294,1.970584511756897,555200,0.0,0.0
1975-08-22,1.9792649388574677,2.0168825069332756,1.9792649388574677,2.0110952854156494,238395,0.0,0.0
1975-08-25,2.0168811821237718,2.042924150455234,2.0168811821237718,2.0371367931365967,427466,0.0,0.0
1975-08-26,2.0371383397042977,2.0371383397042977,1.9908397252107328,1.9937334060668945,685464,0.0,0.0
1975-08-27,1.993731717216369,2.025562040068803,1.9821570035964322,2.0226683616638184,270012,0.0,0.0
1975-08-28,2.034245877381342,2.083437919616699,2.034245877381342,2.083437919616699,500186,0.0,0.0
1975-08-29,2.0892238119692546,2.1210541541067367,2.0892238119692546,2.112373113632202,366761,0.0,0.0
1975-09-02,2.112373850805829,2.1210548943098635,2.0689687728881836,2.0689687728881836,241556,0.0,0.0
1975-09-03,2.068969464201897,2.1210556030273438,2.0458201467253505,2.1210556030273438,187175,0.0,0.0
1975-09-04,2.1210551999437492,2.155778960155835,2.1210551999437492,2.141310691833496,396481,0.0,0.0
1975-09-05,2.1413114182729256,2.164460739203598,2.1413114182729256,2.1499924659729004,185278,0.0,0.0
1975-09-08,2.1499924659729004,2.164460739203598,2.132630370572951,2.1499924659729004,294674,0.0,0.0
1975-09-09,2.149991632332307,2.170247402444916,2.086331059357441,2.1036930084228516,383834,0.0,0.0
1975-09-10,2.0892248435713343,2.0892248435713343,2.0197769042909988,2.0458197593688965,331350,0.0,0.0
1975-09-11,2.0458198536106647,2.0602882622121546,2.022670679053387,2.04292631149292,311747,0.0,0.0
1975-09-12,2.042926464169485,2.0631820981228075,2.042926464169485,2.051607370376587,239659,0.0,0.0
1975-09-15,2.0516071225428942,2.0516071225428942,2.0458197593688965,2.0458197593688965,147969,0.0,0.0
1975-09-16,2.04582065851348,2.0689699817811253,2.03135238382218,2.0342462062835693,485010,0.0,0.0
1975-09-17,2.034245405934579,2.0458198536106647,2.031351584611728,2.04292631149292,219424,0.0,0.0
1975-09-18,2.0516068254826414,2.0834370391257147,2.0516068254826414,2.0689687728881836,359173,0.0,0.0
1975-09-19,2.0892238119692546,2.1210541541067367,2.0892238119692546,2.112373113632202,448966,0.0,0.0
1975-09-22,2.1123734049685914,2.129735348709724,2.089224100112915,2.089224100112915,276968,0.0,0.0
1975-09-23,2.0892242507726477,2.0979052930704767,2.068968485411047,2.0950114727020264,357908,0.0,0.0
1975-09-24,2.0985005860103323,2.1130330905742243,2.0985005860103323,2.10722017288208,524215,0.06326,0.0
1975-09-25,2.1043130821149068,2.1043130821149068,2.0461829352830394,2.060715436935425,560259,0.0,0.0
1975-09-26,2.0607146517240778,2.0607146517240778,2.0432757685639595,2.046182155609131,369923,0.0,0.0
1975-09-29,2.043275940767362,2.043275940767362,2.00258469581604,2.00258469581604,371820,0.0,0.0
1975-09-30,1.993866763668641,1.993866763668641,1.9502689581836599,1.9589885473251343,626023,0.0,0.0
1975-10-01,1.9589879977004185,1.9880531464615938,1.9415488243103027,1.9415488243103027,842286,0.0,0.0
1975-10-02,1.9502680193829725,1.9822396906224482,1.9502680193829725,1.9793331623077393,632979,0.0,0.0
1975-10-03,1.993867531625846,2.02583909034729,1.993867531625846,2.02583909034729,565318,0.0,0.0
1975-10-06,2.051995992032924,2.0694350220602518,2.051995992032924,2.060715436935425,371188,0.0,0.0
1975-10-07,2.0607152966789726,2.078154325519365,2.025837238998189,2.069434881210327,378776,0.0,0.0
1975-10-08,2.0723419189453125,2.0868744231819116,2.0723419189453125,2.0723419189453125,377511,0.0,0.0
1975-10-09,2.078154754790509,2.1130329598981774,2.078154754790509,2.104313373565674,255468,0.0,0.0
1975-10-10,2.104313518660976,2.113033105594707,2.086874485015869,2.086874485015869,182116,0.0,0.0
1975-10-13,2.0868731894020125,2.098499298095703,2.072340693757167,2.098499298095703,93587,0.0,0.0
1975-10-14,2.104314181833193,2.1362858704436922,2.104314181833193,2.1130337715148926,380040,0.0,0.0
1975-10-15,2.113033105594707,2.121752692528438,2.086874485015869,2.086874485015869,335144,0.0,0.0
1975-10-16,2.0926861035265896,2.1130317937405483,2.0926861035265896,2.098499298095703,357908,0.0,0.0
1975-10-17,2.098500696820077,2.121752789483526,2.0926874983762627,2.0955941677093506,502716,0.0,0.0
1975-10-20,2.0955927709222806,2.098499298095703,2.081060275277435,2.098499298095703,369291,0.0,0.0
1975-10-21,2.0985005860103323,2.1217526774459725,2.0985005860103323,2.10722017288208,264321,0.0,0.0
1975-10-22,2.1072199811469607,2.1682566630284295,2.1072199811469607,2.1595370769500732,488172,0.0,0.0
1975-10-23,2.159536024677557,2.191507544274819,2.150816442847973,2.188601016998291,526112,0.0,0.0
1975-10-24,2.1886034238897554,2.1886034238897554,2.1246601741521043,2.1304733753204346,520421,0.0,0.0
1975-10-27,2.1304733753204346,2.1362862960439104,2.12175378390158,2.1304733753204346,259895,0.0,0.0
1975-10-28,2.1304738136153203,2.1508192506667214,2.1304738136153203,2.136286735534668,223851,0.0,0.0
1975-10-29,2.133377343732239,2.133377343732239,2.098499298095703,2.098499298095703,380040,0.0,0.0
1975-10-30,2.0985005860103323,2.1217526774459725,2.086874470181335,2.10722017288208,288350,0.0,0.0
1975-10-31,2.1072200425655208,2.1159394886756786,2.092687258455669,2.104313373565674,306056,0.0,0.0
1975-11-03,2.0985001655873483,2.0985001655873483,2.060715436935425,2.060715436935425,166307,0.0,0.0
1975-11-04,2.060714587391523,2.0926861058907553,2.060714587391523,2.078153610229492,165675,0.0,0.0
1975-11-05,2.098500456233017,2.1159394886756786,2.098500456233017,2.104313373565674,263689,0.0,0.0
1975-11-06,2.104313373565674,2.1072200425655208,2.0868743411230124,2.104313373565674,307953,0.0,0.0
1975-11-07,2.1072185764684037,2.121751070022583,2.1072185764684037,2.121751070022583,202351,0.0,0.0
1975-11-10,2.1246581077575684,2.1420971334120473,2.1246581077575684,2.1246581077575684,201086,0.0,0.0
1975-11-11,2.1246583455934003,2.1333779295078616,2.10721945820909,2.115938901901245,111925,0.0,0.0
1975-11-12,2.130472355266399,2.1508177783909703,2.130472355266399,2.133378744125366,297203,0.0,0.0
1975-11-13,2.136285664236956,2.165350679925632,2.136285664236956,2.1566312313079834,310482,0.0,0.0
1975-11-14,2.1566299392565487,2.1653493826503203,2.139190912246704,2.139190912246704,199189,0.0,0.0
1975-11-17,2.1479119631245687,2.1827900409698486,2.1479119631245687,2.1827900409698486,346526,0.0,0.0
1975-11-18,2.1827900409698486,2.2176682590375263,2.1827900409698486,2.1827900409698486,597568,0.0,0.0
1975-11-19,2.182787793102119,2.188600706608508,2.1682552990027664,2.1740682125091553,248512,0.0,0.0
1975-11-20,2.1740689662663937,2.1740689662663937,2.1333778565026553,2.139190912246704,486907,0.0,0.0
1975-11-21,2.1304709567810844,2.1304709567810844,2.0868731894020125,2.098499298095703,548245,0.0,0.0
1975-11-24,2.0984989962025473,2.1246574565556204,2.0868728891814055,2.121751070022583,381305,0.0,0.0
1975-11-25,2.12175378390158,2.1333797655709588,2.12175378390158,2.1304733753204346,275071,0.0,0.0
1975-11-26,2.1304722643177203,2.139191710967114,2.10722017288208,2.10722017288208,195395,0.0,0.0
1975-11-28,2.10721945820909,2.1246583455934003,2.10721945820909,2.115938901901245,248512,0.0,0.0
1975-12-01,2.115938901901245,2.136284457479349,2.113032373929758,2.115938901901245,340835,0.0,0.0
1975-12-02,2.1072203933405516,2.1072203933405516,2.0926876068115234,2.0926876068115234,481216,0.0,0.0
1975-12-03,2.0636216605583253,2.0636216605583253,2.0403695772149404,2.0549020767211914,488172,0.0,0.0
1975-12-04,2.05490238018554,2.063621965310367,2.020024460353211,2.060715436935425,693684,0.0,0.0
1975-12-05,2.0607146517240778,2.0694342335264095,2.046182155609131,2.046182155609131,297203,0.0,0.0
1975-12-08,2.046182633106363,2.081060828232593,2.0403695772149404,2.0549020767211914,550142,0.0,0.0
1975-12-09,2.05490153303811,2.078153610229492,2.0287430688922905,2.078153610229492,452128,0.0,0.0
1975-12-10,2.0781536078817444,2.098499298095703,2.063621112236899,2.098499298095703,293409,0.0,0.0
1975-12-11,2.098499300466436,2.1130317961276988,2.078153610229492,2.078153610229492,323762,0.0,0.0
1975-12-12,2.0781548365065414,2.0781548365065414,2.060715803378152,2.0723419189453125,200454,0.0,0.0
1975-12-15,2.0723419803486727,2.0985006009275105,2.0694354513707625,2.086874485015869,287085,0.0,0.0
1975-12-16,2.107219386099039,2.1595364671285733,2.107219386099039,2.139190912246704,438216,0.0,0.0
1975-12-17,2.1566305146071842,2.1682566291969225,2.1566305146071842,2.1653499603271484,393320,0.0,0.0
1975-12-18,2.1653492143587827,2.1740687972971675,2.121751720333731,2.1246581077575684,300365,0.0,0.0
1975-12-19,2.124657762211971,2.1304709567810844,2.0926861035265896,2.098499298095703,927653,0.0,0.0
1975-12-22,2.098501262267792,2.1130337715148926,2.0955947323738924,2.1130337715148926,230807,0.0,0.0
1975-12-23,2.113032373929758,2.1246583455934003,2.1043127900152965,2.115938901901245,354747,0.0,0.0
1975-12-24,2.1165230658553775,2.131119728088379,2.1165230658553775,2.131119728088379,90426,0.06326,0.0
1975-12-26,2.1311199435208996,2.1340391635894775,2.1165232798123377,2.1340391635894775,120146,0.0,0.0
1975-12-29,2.1398799419403076,2.1573959822397883,2.1398799419403076,2.1398799419403076,142910,0.0,0.0
1975-12-30,2.139877899188003,2.1457164798198907,2.116523154136225,2.1252810955047607,286453,0.0,0.0
1975-12-31,2.125283124322787,2.142799164622268,2.1223637607992827,2.1398799419403076,152396,0.0,0.0
1976-01-02,2.1427970782634653,2.1778292655944824,2.1427970782634653,2.1778292655944824,221321,0.0,0.0
1976-01-05,2.177831198095305,2.19242787361145,2.1749116939822377,2.19242787361145,309850,0.0,0.0
1976-01-06,2.2070231251283796,2.2800067373022204,2.2070231251283796,2.274168014526367,586818,0.0,0.0
1976-01-07,2.2741683679622477,2.280007091645516,2.244975031228833,2.2654104232788086,1278605,0.0,0.0
1976-01-08,2.2654104696647948,2.3208779232671906,2.259571745861974,2.3033618927001953,780316,0.0,0.0
1976-01-09,2.3033618927001953,2.3121198375629604,2.2946038069959647,2.3033618927001953,307953,0.0,0.0
1976-01-12,2.3033608615600785,2.350070208547981,2.2975221403710644,2.3413124084472656,491966,0.0,0.0
1976-01-13,2.3413126531182726,2.3763445613890393,2.3179579067630107,2.3267157077789307,716449,0.0,0.0
1976-01-14,2.326717134460668,2.385104106570887,2.3237979126125103,2.3821847438812256,366761,0.0,0.0
1976-01-15,2.3821844812168322,2.425974635050355,2.373426675796509,2.373426675796509,858095,0.0,0.0
1976-01-16,2.3763464725153853,2.408459186553955,2.3763464725153853,2.408459186553955,424305,0.0,0.0
1976-01-19,2.408456726105739,2.4697630099888124,2.3996989269933913,2.461005210876465,479951,0.0,0.0
1976-01-20,2.4610057471030564,2.4989571571350098,2.4464086609145332,2.4989571571350098,386364,0.0,0.0
1976-01-21,2.487279503857078,2.487279503857078,2.4551665366516326,2.481440782546997,478686,0.0,0.0
1976-01-22,2.481441827406284,2.4872805511748735,2.469764379869106,2.4756031036376953,398378,0.0,0.0
1976-01-23,2.4756033052399844,2.4902001158501577,2.4376518793364874,2.455167770385742,376879,0.0,0.0
1976-01-26,2.455166009251387,2.4960367679595947,2.4288920506828076,2.4960367679595947,486275,0.0,0.0
1976-01-27,2.4960369706914016,2.4960369706914016,2.4551662086636106,2.461005210876465,598200,0.0,0.0
1976-01-28,2.4610060474384268,2.4697638495277863,2.4201349898346933,2.4376511573791504,726566,0.0,0.0
1976-01-29,2.4376516808247963,2.4756031036376953,2.4376516808247963,2.4756031036376953,600097,0.0,0.0
1976-01-30,2.490199220640019,2.539828077190409,2.490199220640019,2.5310699939727783,869477,0.0,0.0
1976-02-02,2.5310688129261045,2.5398268920570426,2.513552654664228,2.522310733795166,288350,0.0,0.0
1976-02-03,2.5223123122343947,2.5515056459237146,2.5135542276227296,2.528151035308838,378776,0.0,0.0
1976-02-04,2.5281494532157915,2.5427459700846353,2.513552654664228,2.522310733795166,354114,0.0,0.0
1976-02-05,2.522311460058624,2.533988902262227,2.4872794151306152,2.4872794151306152,339570,0.0,0.0
1976-02-06,2.4814419190223926,2.4814419190223926,2.455167661093683,2.469764471054077,491333,0.0,0.0
1976-02-09,2.4697645809959154,2.4902001158501577,2.455167770385742,2.455167770385742,285188,0.0,0.0
1976-02-10,2.4610071752915457,2.4989586073477335,2.4610071752915457,2.4902005195617676,345894,0.0,0.0
1976-02-11,2.536910205214901,2.5661035513931827,2.536910205214901,2.560264825820923,575436,0.0,0.0
1976-02-12,2.5602633208784566,2.5836179277564613,2.5573439598083496,2.5573439598083496,285188,0.0,0.0
1976-02-13,2.5573440495698816,2.566102133087607,2.548586247735017,2.5515053272247314,230174,0.0,0.0
1976-02-17,2.536909949834234,2.536909949834234,2.504796962419493,2.5135550498962402,316173,0.0,0.0
1976-02-18,2.513552654664228,2.5369075323467296,2.4756012601128825,2.522310733795166,435055,0.0,0.0
1976-02-19,2.522313033235783,2.60113525390625,2.513554946120625,2.60113525390625,362967,0.0,0.0
1976-02-20,2.601134833057375,2.636167175849972,2.589457667142774,2.6128122806549072,251042,0.0,0.0
1976-02-23,2.612812500771487,2.627409311498112,2.560264263838593,2.5836188793182373,276336,0.0,0.0
1976-02-24,2.5836187890912283,2.6420057482757406,2.569022260557309,2.6274092197418213,531171,0.0,0.0
1976-02-25,2.627409072499162,2.627409072499162,2.604054177461011,2.621570348739624,367393,0.0,0.0
1976-02-26,2.62156949996264,2.6478434666909947,2.5573438410847857,2.5806987285614014,231439,0.0,0.0
1976-02-27,2.5806994267287635,2.6040540388407614,2.5573445329338513,2.5894575119018555,341467,0.0,0.0
1976-03-01,2.5894571525109065,2.601134316104774,2.551505455361493,2.592376232147217,191601,0.0,0.0
1976-03-02,2.595294713973999,2.612810875953243,2.595294713973999,2.595294713973999,238395,0.0,0.0
1976-03-03,2.595296327899537,2.604054414335512,2.560264263838593,2.5836188793182373,412290,0.0,0.0
1976-03-04,2.5836179277564613,2.5894569315795266,2.542747154457815,2.5573439598083496,477422,0.0,0.0
1976-03-05,2.5573438410847857,2.595295251551448,2.551505119215632,2.5806987285614014,419878,0.0,0.0
1976-03-08,2.580699744417905,2.6098930835723877,2.580699744417905,2.6098930835723877,224483,0.0,0.0
1976-03-09,2.609892918755524,2.6420056179658067,2.604054194956758,2.6128122806549072,331982,0.0,0.0
1976-03-10,2.6128120351293447,2.6449247313220017,2.595295865379038,2.6390860080718994,208674,0.0,0.0
1976-03-11,2.6390868536832537,2.6711995601654053,2.6390868536832537,2.6711995601654053,455922,0.0,0.0
1976-03-12,2.66535979652345,2.66535979652345,2.6303274631500244,2.6303274631500244,711390,0.0,0.0
1976-03-15,2.6128126259766393,2.6128126259766393,2.542748212814331,2.542748212814331,853036,0.0,0.0
1976-03-16,2.5427484669068634,2.5748614552532785,2.5077163976664982,2.516474485397339,883388,0.0,0.0
1976-03-17,2.5164732368711062,2.54858620928495,2.4785218238830566,2.4785218238830566,533701,0.0,0.0
1976-03-18,2.4697640160649006,2.4697640160649006,2.399699904528361,2.434731960296631,686096,0.0,0.0
1976-03-19,2.4347309684911016,2.461005210876465,2.4172148069008594,2.461005210876465,467304,0.0,0.0
1976-03-22,2.461005210876465,2.4872791715790545,2.4551662086636106,2.461005210876465,327556,0.0,0.0
1976-03-23,2.461007088401731,2.5135550498962402,2.4551680817342443,2.5135550498962402,493230,0.0,0.0
1976-03-24,2.5310699639149643,2.548586130142212,2.5310699639149643,2.548586130142212,545715,0.0,0.0
1976-03-25,2.5140129950061216,2.5579645528734627,2.5140129950061216,2.52280330657959,400908,0.06326,0.0
1976-03-26,2.5228021042134445,2.540382718981469,2.4700608253479004,2.4700608253479004,303526,0.0,0.0
1976-03-29,2.47006103837015,2.4876413719350676,2.4554102420806885,2.4554102420806885,308585,0.0,0.0
1976-03-30,2.455410901426775,2.484711936435262,2.446620873643594,2.4642012119293213,410393,0.0,0.0
1976-03-31,2.464201512142535,2.543314033584349,2.464201512142535,2.52280330657959,500186,0.0,0.0
1976-04-01,2.5228017108941594,2.557962934948372,2.5140114048806064,2.537452220916748,303526,0.0,0.0
1976-04-02,2.537453997136887,2.5521042346954346,2.516943268747734,2.5521042346954346,279497,0.0,0.0
1976-04-05,2.560894011333536,2.604845280257021,2.560894011333536,2.5931248664855957,343364,0.0,0.0
1976-04-06,2.598984479904175,2.62242501682524,2.598984479904175,2.598984479904175,332614,0.0,0.0
1976-04-07,2.5989831795410656,2.5989831795410656,2.5521015637169358,2.56089186668396,326923,0.0,0.0
1976-04-08,2.5521040624384175,2.5521040624384175,2.5081530700098758,2.52280330657959,381937,0.0,0.0
1976-04-09,2.52280330657959,2.543314033584349,2.5140129950061216,2.52280330657959,277600,0.0,0.0
1976-04-12,2.5228033669887635,2.543314094484657,2.5169431591327935,2.525733470916748,364864,0.0,0.0
1976-04-13,2.5257314007846277,2.5491722129960204,2.5169410962053553,2.540381908416748,365496,0.0,0.0
1976-04-14,2.5403836381624303,2.5696843906583613,2.525733120554781,2.54331374168396,375614,0.0,0.0
1976-04-15,2.54331374168396,2.5491739487270197,2.531593327597841,2.54331374168396,157454,0.0,0.0
1976-04-19,2.543311673489946,2.566752199881231,2.543311673489946,2.55796217918396,230174,0.0,0.0
1976-04-20,2.5667539280400473,2.6048449857715115,2.5667539280400473,2.601914882659912,439481,0.0,0.0
1976-04-21,2.601914882659912,2.6194955013295083,2.5755442373748454,2.601914882659912,350952,0.0,0.0
1976-04-22,2.60191446820547,2.6136348787849433,2.5696836218312,2.584334135055542,362335,0.0,0.0
1976-04-23,2.5755423716290005,2.5755423716290005,2.5491717454470506,2.56089186668396,333247,0.0,0.0
1976-04-26,2.5608934816963287,2.569683790206909,2.546243250231329,2.569683790206909,235865,0.0,0.0
1976-04-27,2.5696848590289942,2.593125408754321,2.5521042346954346,2.5521042346954346,293409,0.0,0.0
1976-04-28,2.5521044763101672,2.584335623973104,2.5081534767541442,2.575545310974121,365496,0.0,0.0
1976-04-29,2.5755434534060466,2.5843337600651664,2.5403825094888095,2.5462427139282227,374982,0.0,0.0
1976-04-30,2.546243773881225,2.5521036980407716,2.5169427394866943,2.5169427394866943,249777,0.0,0.0
1976-05-03,2.5169430988639445,2.52280330657959,2.4993627584364075,2.52280330657959,312379,0.0,0.0
1976-05-04,2.5228012992582034,2.5433120099431723,2.5081510743452573,2.540381908416748,305423,0.0,0.0
1976-05-05,2.5374522691018466,2.5374522691018466,2.5081515312194824,2.5081515312194824,389526,0.0,0.0
1976-05-06,2.508151832501837,2.53159236907959,2.50522144737045,2.53159236907959,208674,0.0,0.0
1976-05-07,2.5315920169077124,2.537452220916748,2.5228017108941594,2.537452220916748,287718,0.0,0.0
1976-05-10,2.5579639014245767,2.601914882659912,2.5579639014245767,2.601914882659912,547612,0.0,0.0
1976-05-11,2.601912915666702,2.619493521045718,2.5901927947998047,2.5901927947998047,473628,0.0,0.0
1976-05-12,2.5901958326390924,2.601915967251624,2.575545310974121,2.575545310974121,340203,0.0,0.0
1976-05-13,2.5755423716290005,2.584332674596025,2.557962048414075,2.56089186668396,203616,0.0,0.0
1976-05-14,2.55796472552604,2.55796472552604,2.525733580914514,2.5521042346954346,338938,0.0,0.0
1976-05-17,2.5433120099431723,2.5433120099431723,2.5228012992582034,2.540381908416748,306056,0.0,0.0
1976-05-18,2.5403836381624303,2.5521037695291824,2.5374535346409,2.54331374168396,207410,0.0,0.0
1976-05-19,2.5433142052480737,2.5608945468622144,2.5433142052480737,2.5521042346954346,328820,0.0,0.0
1976-05-20,2.5521044763101672,2.5784754153071154,2.5521044763101672,2.575545310974121,222586,0.0,0.0
1976-05-21,2.5755423716290005,2.5755423716290005,2.5521015637169358,2.56089186668396,252306,0.0,0.0
1976-05-24,2.5608931104815964,2.5608931104815964,2.53159236907959,2.53159236907959,368026,0.0,0.0
1976-05-25,2.531593618153058,2.543314033584349,2.5140129950061216,2.52280330657959,438216,0.0,0.0
1976-05-26,2.5228010640757046,2.5315913678355204,2.402667760848999,2.402667760848999,1424045,0.0,0.0
1976-05-27,2.3118371316702007,2.3118371316702007,2.223934585585084,2.2971866130828857,1788909,0.0,0.0
1976-05-28,2.2971864404452162,2.332347541052659,2.2971864404452162,2.3118369579315186,1621337,0.0,0.0
1976-06-01,2.3206264792247966,2.3499275060175653,2.3206264792247966,2.326486825942993,737316,0.0,0.0
1976-06-02,2.326486825942993,2.3294167872626272,2.303046004508778,2.326486825942993,842286,0.0,0.0
1976-06-03,2.326486825942993,2.3411371979797346,2.326486825942993,2.326486825942993,512833,0.0,0.0
1976-06-04,2.326487352671435,2.335277379980086,2.267885568537444,2.2737457752227783,703802,0.0,0.0
1976-06-07,2.273745385815615,2.2854656558193662,2.2532348072893122,2.2825355529785156,475525,0.0,0.0
1976-06-08,2.2796062248980253,2.3323478112390985,2.2737461585843386,2.285466432571411,511885,0.0,2.0
1976-06-09,2.285465726859831,2.285465726859831,2.2034234102044508,2.2151436805725098,573855,0.0,0.0
1976-06-10,2.215143476725635,2.238584156664298,2.1917027967869718,2.2327239513397217,813830,0.0,0.0
1976-06-11,2.232724196750946,2.2444446086883545,2.1975633850176925,2.2444446086883545,632663,0.0,0.0
1976-06-14,2.256164715668423,2.2971858717555365,2.256164715668423,2.291325807571411,537811,0.0,0.0
1976-06-15,2.291327335053977,2.3030476125950403,2.250306151620643,2.2561662197113037,417349,0.0,0.0
1976-06-16,2.256165155166776,2.3030465259300987,2.256165155166776,2.2737457752227783,374982,0.0,0.0
1976-06-17,2.2796041711385717,2.338205912357075,2.2796041711385717,2.3206253051757812,453076,0.0,0.0
1976-06-18,2.344066018502708,2.408527963355543,2.344066018502708,2.402667760848999,611479,0.0,0.0
1976-06-21,2.402669485091769,2.4436906493567037,2.3909490716676873,2.426110029220581,476789,0.0,0.0
1976-06-22,2.42611045135696,2.4378308668203603,2.3909494876861572,2.3909494876861572,683567,0.0,0.0
1976-06-23,2.3909494876861572,2.3968096954178577,2.355788524015355,2.3909494876861572,439797,0.0,0.0
1976-06-24,2.4086160069481806,2.4086160069481806,2.361503839492798,2.361503839492798,365496,0.07907,0.0
1976-06-25,2.361501385953924,2.361501385953924,2.3084999152507373,2.3320560455322266,597884,0.0,0.0
1976-06-28,2.314391640356308,2.314391640356308,2.2790574753968658,2.296724557876587,388261,0.0,0.0
1976-06-29,2.290833643918225,2.290833643918225,2.231943368911743,2.231943368911743,642780,0.0,0.0
1976-06-30,2.2437237004465835,2.2849470920828128,2.2437237004465835,2.267279863357544,451812,0.0,0.0
1976-07-01,2.267278512834669,2.2849457310363164,2.1082746854676917,2.1318306922912598,1177430,0.0,0.0
1976-07-02,2.1318304921638433,2.1966100020433554,2.120052347801762,2.1848318576812744,1362391,0.0,0.0
1976-07-06,2.1848309157474044,2.208387194315881,2.149496782006502,2.167163848876953,681986,0.0,0.0
1976-07-07,2.1671649157509387,2.1848319913187173,2.1436087676419078,2.178942918777466,603891,0.0,0.0
1976-07-08,2.178942918777466,2.208388281483724,2.1671649157509387,2.178942918777466,900146,0.0,0.0
1976-07-09,2.1789427020009846,2.2496111392974854,2.16127562819085,2.2496111392974854,537811,0.0,0.0
1976-07-12,2.249611823287565,2.2672789024693407,2.243722749541638,2.261389970779419,474576,0.0,0.0
1976-07-13,2.261391021228916,2.261391021228916,2.196611606100741,2.2083897590637207,578913,0.0,0.0
1976-07-14,2.208388890037279,2.2496119830177332,2.2024996738171922,2.2378339767456055,539392,0.0,0.0
1976-07-15,2.2319442875367788,2.2319442875367788,2.161275843209687,2.178942918777466,558362,0.0,0.0
1976-07-16,2.1789427855002335,2.21427707653051,2.1494977087069653,2.1848318576812744,585869,0.0,0.0
1976-07-19,2.1848334531377613,2.2142786934891396,2.1789443766562715,2.2083897590637207,324394,0.0,0.0
1976-07-20,2.208387739252518,2.2319437395218062,2.1612753125461177,2.2260546684265137,529590,0.0,0.0
1976-07-21,2.2319440654873506,2.2613892832082163,2.2319440654873506,2.2496111392974854,455922,0.0,0.0
1976-07-22,2.249612195573685,2.2672792776791693,2.196610949257234,2.2555012702941895,548561,0.0,0.0
1976-07-23,2.255500897033492,2.2672789024693407,2.243722749541638,2.261389970779419,330717,0.0,0.0
1976-07-26,2.261389970779419,2.2790570499611946,2.249611823287565,2.261389970779419,350004,0.0,0.0
1976-07-27,2.261388696419722,2.2672776247910575,2.231943486339343,2.2437214851379395,323129,0.0,0.0
1976-07-28,2.2378324390291664,2.2378324390291664,2.2083873725538843,2.231943368911743,473628,0.0,0.0
1976-07-29,2.2319442875367788,2.2319442875367788,2.161275843209687,2.178942918777466,238395,0.0,0.0
1976-07-30,2.1789443766562715,2.2142786934891396,2.1494992783609645,2.2083897590637207,439165,0.0,0.0
1976-08-02,2.2083880779709744,2.231944081853239,2.143608570098877,2.143608570098877,514098,0.0,0.0
1976-08-03,2.149499283225373,2.1789443815873155,2.149499283225373,2.1612772941589355,608001,0.0,0.0
1976-08-04,2.161275913904691,2.1848320627842392,2.120052546823495,2.1318306922912598,954211,0.0,0.0
1976-08-05,2.1318296688022698,2.1318296688022698,2.0670503259979944,2.072939395904541,834698,0.0,0.0
1976-08-06,2.072940904158875,2.096497058868408,2.049384749449341,2.096497058868408,1048115,0.0,0.0
1976-08-09,2.0906064635682684,2.0906064635682684,2.0434941884277205,2.072939395904541,419878,0.0,0.0
1976-08-10,2.0729401692730516,2.1259415340937924,2.0552730950181264,2.108274459838867,791382,0.0,0.0
1976-08-11,2.1082750715846448,2.131831082722344,2.078829844578511,2.102385997772217,863469,0.0,0.0
1976-08-12,2.1023856127338094,2.1318306922912598,2.0788294638542606,2.1318306922912598,550774,0.0,0.0
1976-08-13,2.131830464141457,2.131830464141457,2.0906072435279768,2.108274459838867,564053,0.0,0.0
1976-08-16,2.108274459838867,2.131830464141457,2.0964963156316068,2.108274459838867,543502,0.0,0.0
1976-08-17,2.1082744222195173,2.143608570098877,2.1082744222195173,2.143608570098877,557414,0.0,0.0
1976-08-18,2.1436084373687834,2.1553864385806336,2.131830294100979,2.1494975090026855,508723,0.0,0.0
1976-08-19,2.1494976420974243,2.1612756440385565,2.1318304261017818,2.143608570098877,358541,0.0,0.0
1976-08-20,2.1318300024658763,2.1318300024658763,2.096495861608095,2.120051860809326,348107,0.0,0.0
1976-08-23,2.1200523199341967,2.1259415340937924,2.0788292413766816,2.108274459838867,251042,0.0,0.0
1976-08-24,2.108275207251183,2.125942287769329,2.078829978350262,2.096497058868408,263689,0.0,0.0
1976-08-25,2.0964961484094746,2.1494975090026855,2.078829075563722,2.1494975090026855,320916,0.0,0.0
1976-08-26,2.1436089027706453,2.1436089027706453,2.078829526901245,2.078829526901245,564053,0.0,0.0
1976-08-27,2.078829978350262,2.1436093682874753,2.078829978350262,2.096497058868408,474892,0.0,0.0
1976-08-30,2.0964966035827204,2.1023856764952074,2.072940453988758,2.078829526901245,486907,0.0,0.0
1976-08-31,2.078828791179204,2.1318300024658763,2.072939720350929,2.120051860809326,418930,0.0,0.0
1976-09-01,2.120052347801762,2.1848318576812744,2.120052347801762,2.1848318576812744,571641,0.0,0.0
1976-09-02,2.1848309157474044,2.208387194315881,2.167163848876953,2.167163848876953,374982,0.0,0.0
1976-09-03,2.1671645202127774,2.2083878784217172,2.1612754487463643,2.1966097354888916,252623,0.0,0.0
1976-09-07,2.1966113740270927,2.21427845954895,2.184833222308484,2.21427845954895,442327,0.0,0.0
1976-09-08,2.214277822145335,2.2496119830177332,2.214277822145335,2.2378339767456055,782529,0.0,0.0
1976-09-09,2.21427680783218,2.21427680783218,2.184831592556066,2.1966097354888916,385415,0.0,0.0
1976-09-10,2.1966116110717664,2.202500545510512,2.149499283225373,2.1612772941589355,841337,0.0,0.0
1976-09-13,2.161276309728478,2.161276309728478,2.096496923959789,2.102385997772217,918484,0.0,0.0
1976-09-14,2.1023861330597957,2.108275207251183,2.078829978350262,2.096497058868408,362335,0.0,0.0
1976-09-15,2.0964963156316068,2.131830464141457,2.0788292413766816,2.108274459838867,379724,0.0,0.0
1976-09-16,2.1082742916772785,2.1494975090026855,2.1023852200433764,2.1494975090026855,357908,0.0,0.0
1976-09-17,2.149499283225373,2.1612772941589355,2.102386955378979,2.1612772941589355,626972,0.0,0.0
1976-09-20,2.1612772941589355,2.1789443815873155,2.149499283225373,2.1612772941589355,221638,0.0,0.0
1976-09-21,2.1612770609273215,2.2319455450708077,2.1612770609273215,2.21427845954895,577965,0.0,0.0
1976-09-22,2.2260558284174627,2.261390131345876,2.2260558284174627,2.2378339767456055,525480,0.0,0.0
1976-09-23,2.2378348573590277,2.2496128682659364,2.20250054052616,2.2083897590637207,401224,0.0,0.0
1976-09-24,2.1787853268391664,2.1787853268391664,2.155102869872562,2.1669440269470215,424305,0.07907,0.0
1976-09-27,2.166944976655247,2.19062744400118,2.161024466932074,2.172865629196167,400592,0.0,0.0
1976-09-28,2.172865504510152,2.190627318295935,2.119580063152804,2.1432623863220215,454025,0.0,0.0
1976-09-29,2.1432612474150226,2.1610231945800282,2.084055185317993,2.084055185317993,885602,0.0,0.0
1976-09-30,2.0840553246318523,2.1077377796173096,2.0840553246318523,2.1077377796173096,287718,0.0,0.0
1976-10-01,2.107738470182225,2.1136591215728093,2.048532384729545,2.060373544692993,635825,0.0,0.0
1976-10-04,2.0603724939374475,2.0781342962332574,1.9834046363830566,1.9834046363830566,648472,0.0,0.0
1976-10-05,1.9834048538664508,1.9834048538664508,1.9064368450547524,1.9478811025619507,915006,0.0,0.0
1976-10-06,1.9419594944850804,1.9419594944850804,1.9064357633368616,1.930118203163147,1430052,0.0,0.0
1976-10-07,1.9301201222286968,1.9538025856018066,1.906437658855587,1.9538025856018066,958638,0.0,0.0
1976-10-08,1.9538011242038673,1.9597217713230688,1.906436232885488,1.924198031425476,539392,0.0,0.0
1976-10-11,1.924198962901868,1.924198962901868,1.8886752058077474,1.918278455734253,537495,0.0,0.0
1976-10-12,1.9182775271238912,1.941959972783081,1.8945950814647017,1.924198031425476,698743,0.0,0.0
1976-10-13,1.9419605963592528,1.97156355582573,1.9419605963592528,1.9478811025619507,972233,0.0,0.0
1976-10-14,1.9241989657490943,1.9241989657490943,1.8945960014141572,1.9064371585845947,497657,0.0,0.0
1976-10-15,1.9064371557636508,1.918278455734253,1.8886752058077474,1.918278455734253,1034835,0.0,0.0
1976-10-18,1.9182789619510034,1.9597232371495148,1.906437658855587,1.9538025856018066,606421,0.0,0.0
1976-10-19,1.9538012485335483,1.9597218960295089,1.924198153871371,1.941960096359253,588399,0.0,0.0
1976-10-20,1.9419612258792462,1.9774847030639648,1.9301199239999645,1.9774847030639648,738265,0.0,0.0
1976-10-21,1.9774840620284277,1.9834048538664508,1.9478811025619507,1.9478811025619507,498922,0.0,0.0
1976-10-22,1.9478811025619507,1.9478811025619507,1.9182781430954734,1.9478811025619507,656692,0.0,0.0
1976-10-25,1.9478811025619507,1.9597224006026717,1.9301192983185318,1.9478811025619507,167256,0.0,0.0
1976-10-26,1.947882421004252,2.0011680126190186,1.947882421004252,2.0011680126190186,276968,0.0,0.0
1976-10-27,2.0011680126190186,2.0011680126190186,1.9774854005077807,2.0011680126190186,437268,0.0,0.0
1976-10-28,2.0011664386788666,2.0070870870500186,1.9774838451942576,1.9834046363830566,322181,0.0,0.0
1976-10-29,1.983405647886281,2.060373544692993,1.9538025337510811,2.060373544692993,487539,0.0,0.0
1976-11-01,2.060372886131309,2.066293535629462,2.007087469100952,2.007087469100952,722456,0.0,0.0
1976-11-03,2.0011673068225284,2.0011673068225284,1.9715641949420328,1.9774847030639648,238395,0.0,0.0
1976-11-04,1.9774844219984662,2.001167022390954,1.9597227573394775,1.9597227573394775,624442,0.0,0.0
1976-11-05,1.959722454797666,1.9952460642668886,1.894595742225647,1.894595742225647,619384,0.0,0.0
1976-11-08,1.8945953586315274,1.9005158637992432,1.8709129095077515,1.8709129095077515,414503,0.0,0.0
1976-11-09,1.8709131248703,1.8768337735371847,1.8176275725036453,1.8353893756866455,1006696,0.0,0.0
1976-11-10,1.8353913956365033,1.8649945287331602,1.823550085270716,1.841312050819397,481848,0.0,0.0
1976-11-11,1.841310280788769,1.8768340349197388,1.841310280788769,1.8768340349197388,337041,0.0,0.0
1976-11-12,1.8768358390989475,1.8768358390989475,1.823550085270716,1.841312050819397,383834,0.0,0.0
1976-11-15,1.8413105179897535,1.8649929761886594,1.835389867735604,1.8649929761886597,454657,0.0,0.0
1976-11-16,1.8649922615223982,1.8886745678285364,1.8531511083693288,1.8709129095077515,548561,0.0,0.0
1976-11-17,1.8709136264428092,1.8886752915698732,1.8472310254262108,1.8649929761886597,391423,0.0,0.0
1976-11-18,1.8649926391228504,1.894595742225647,1.8413101852041465,1.894595742225647,464143,0.0,0.0
1976-11-19,1.894596484017194,1.894596484017194,1.8472314148172695,1.8886756896972656,632347,0.0,0.0
1976-11-22,1.8886750915462516,1.9064370404275883,1.870913428300269,1.900516390800476,431260,0.0,0.0
1976-11-23,1.9005163472501532,1.9005163472501532,1.8649927359368574,1.8768340349197388,669655,0.0,0.0
1976-11-24,1.8768339374910357,1.894595742225647,1.870913288306943,1.894595742225647,434422,0.0,0.0
1976-11-26,1.894595883991041,1.9064370404275883,1.8768340779273815,1.900516390800476,430944,0.0,0.0
1976-11-29,1.9005163472501532,1.906436996741594,1.8768340349197388,1.8768340349197388,341783,0.0,0.0
1976-11-30,1.8768358390989475,1.8768358390989475,1.841312050819397,1.841312050819397,437900,0.0,0.0
1976-12-01,1.841312050819397,1.8649945287331602,1.823550085270716,1.841312050819397,402805,0.0,0.0
1976-12-02,1.8413117097254053,1.8649941832521062,1.8176292361987043,1.823549747467041,634560,0.0,0.0
1976-12-03,1.8235475130719945,1.8531507472297217,1.8235475130719945,1.8472299575805664,454657,0.0,0.0
1976-12-06,1.8472303175663378,1.876833557493105,1.841309812398622,1.8709129095077515,263056,0.0,0.0
1976-12-07,1.8709136264428092,1.8886752915698732,1.8472310254262108,1.8649929761886597,373717,0.0,0.0
1976-12-08,1.864991898075203,1.8709125449067483,1.8413094535666308,1.8472299575805664,430944,0.0,0.0
1976-12-09,1.8531514835723317,1.9182781961443507,1.8531514835723317,1.894595742225647,962116,0.0,0.0
1976-12-10,1.894595742225647,1.9182781961443507,1.8886749502238878,1.894595742225647,458451,0.0,0.0
1976-12-13,1.894596484017194,1.918278947208295,1.876834672328299,1.8886756896972656,429680,0.0,0.0
1976-12-14,1.8886750915462516,1.900516390800476,1.8768340779273815,1.900516390800476,566583,0.0,0.0
1976-12-15,1.9005155857662865,1.9478804770846658,1.9005155857662865,1.924198031425476,877065,0.0,0.0
1976-12-16,1.924198999568434,1.9774844219984662,1.924198999568434,1.9597227573394775,742059,0.0,0.0
1976-12-17,1.9715633396407524,2.0011664386788666,1.9715633396407524,1.9834046363830566,753125,0.0,0.0
1976-12-20,1.9834054968213146,1.9834054968213146,1.953802384940819,1.9774847030639648,575119,0.0,0.0
1976-12-21,1.9774838451942576,2.0011664386788666,1.9715633396407524,1.9834046363830566,396798,0.0,0.0
1976-12-22,1.983406437783543,2.00116825621127,1.983406437783543,1.9952476024627686,600729,0.0,0.0
1976-12-23,1.9952476024627686,2.007088909959771,1.9715651302865407,1.9952476024627686,470150,0.0,0.0
1976-12-27,2.0607612133026123,2.0607612133026123,1.9952456987635125,2.0607612133026123,354430,0.07907,0.0
1976-12-28,2.0607615339393326,2.0905412264822094,2.0607615339393326,2.0667173862457275,474892,0.0,0.0
1976-12-29,2.0667178902655925,2.0667178902655925,2.036938190460205,2.036938190460205,359173,0.0,0.0
1976-12-30,2.0369390786328334,2.0488509350148836,2.025027078580385,2.0428950786590576,277600,0.0,0.0
1976-12-31,2.042893689679546,2.0667173862457275,2.042893689679546,2.0667173862457275,239976,0.0,0.0
1977-01-03,2.0309821930309933,2.0726738876948043,2.0309821930309933,2.036938190460205,442010,0.0,0.0
1977-01-04,2.036939505886576,2.084587228749816,2.001203641903932,2.013115644454956,522635,0.0,0.0
1977-01-05,2.013114706499119,2.025026559829712,1.9654670058360244,2.025026559829712,619067,0.0,0.0
1977-01-06,2.001201609568378,2.001201609568378,1.9773777723312376,1.9773777723312378,370239,0.0,0.0
1977-01-07,1.9773777723312376,1.9952457580118048,1.9654659255478086,1.9773777723312378,269380,0.0,0.0
1977-01-10,1.9773787424272786,1.9952467368738298,1.9654668897999308,1.9892905950546265,596619,0.0,0.0
1977-01-11,1.9892888429318354,1.9952449795050018,1.935685337816054,1.9416413307189941,603891,0.0,0.0
1977-01-12,1.9356868155272537,1.9356868155272537,1.905907115619062,1.9118629693984985,474576,0.0,0.0
1977-01-13,1.9118631455872035,1.9535549879074094,1.9118631455872035,1.9535549879074097,437584,0.0,0.0
1977-01-14,1.9535546988487493,1.9535546988487493,1.9297308540496023,1.935686707496643,288350,0.0,0.0
1977-01-17,1.9356869385171724,1.9595107861596501,1.9297310843593118,1.947598934173584,343364,0.0,0.0
1977-01-18,1.9475994318952181,1.953555431245518,1.9059077237838826,1.9237754344940186,568164,0.0,0.0
1977-01-19,1.9237747132619056,1.941642704614012,1.9237747132619056,1.935686707496643,669971,0.0,0.0
1977-01-20,1.9356866124485876,1.9475986060984103,1.8939949220148502,1.9059069156646729,429363,0.0,0.0
1977-01-21,1.905906458223639,1.9356861478600613,1.8999503191579534,1.9297302961349487,374033,0.0,0.0
1977-01-24,1.9297307592939972,1.9356866124485876,1.8999507751694404,1.9059069156646729,485642,0.0,0.0
1977-01-25,1.8939950796379856,1.8939950796379856,1.8403915347637216,1.852303385734558,728463,0.0,0.0
1977-01-26,1.8523025908618826,1.8523025908618826,1.7748752336017661,1.8106107711791992,893506,0.0,0.0
1977-01-27,1.8106116804837913,1.8165678219099952,1.762964129447937,1.762964129447937,497973,0.0,0.0
1977-01-28,1.7748758923641434,1.8106114432051723,1.7748758923641434,1.7986997365951538,501767,0.0,0.0
1977-01-31,1.7986994206889084,1.8225231170654297,1.7986994206889084,1.8225231170654297,367710,0.0,0.0
1977-02-01,1.8225235428019673,1.85825923938481,1.8225235428019673,1.852303385734558,569112,0.0,0.0
1977-02-02,1.8523015678263175,1.8582574156313092,1.8403897285461426,1.8403897285461426,312695,0.0,0.0
1977-02-03,1.840391428081841,1.852303278362184,1.79274373961982,1.7986997365951538,703486,0.0,0.0
1977-02-04,1.7986997365951538,1.8463472813868502,1.7986997365951538,1.7986997365951538,411342,0.0,0.0
1977-02-07,1.7987000857714517,1.8046559402326532,1.7748762369155884,1.7748762369155884,777154,0.0,0.0
1977-02-08,1.7748761249596583,1.7927439745568965,1.7510522776065593,1.762964129447937,625075,0.0,0.0
1977-02-09,1.7570093259758754,1.7570093259758754,1.7331854624290923,1.7391414642333984,476473,0.0,0.0
1977-02-10,1.7391410526650957,1.7629649105739549,1.7391410526650957,1.7570089101791382,369923,0.0,0.0
1977-02-11,1.7570083536553656,1.7570083536553656,1.7331845032925939,1.7510524988174438,337041,0.0,0.0
1977-02-14,1.7510524988174438,1.7748763491802153,1.7391405018008772,1.7510524988174438,443591,0.0,0.0
1977-02-15,1.7570082425209264,1.7748762369155884,1.7570082425209264,1.7748762369155884,470466,0.0,0.0
1977-02-16,1.7748752336017661,1.8284787554733226,1.7510513982132063,1.8106107711791992,529274,0.0,0.0
1977-02-17,1.8106107241809488,1.8165668624613236,1.7689190492507327,1.7867870330810547,769250,0.0,0.0
1977-02-18,1.786788089508344,1.786788089508344,1.7570082425209264,1.7748762369155884,503348,0.0,0.0
1977-02-22,1.7748762369155884,1.7808320913767899,1.7629642406524804,1.7748762369155884,358224,0.0,0.0
1977-02-23,1.774876911363588,1.774876911363588,1.745096909389505,1.7570089101791382,444224,0.0,0.0
1977-02-24,1.7570089101791382,1.7689207672983644,1.7510530534547288,1.7570089101791382,247880,0.0,0.0
1977-02-25,1.7570089101791382,1.7629649105739549,1.7391410526650957,1.7570089101791382,399011,0.0,0.0
1977-02-28,1.7570089101791382,1.7629649105739549,1.7510530534547288,1.7570089101791382,396481,0.0,0.0
1977-03-01,1.7570082425209264,1.7748762369155884,1.7510523880597249,1.7748762369155884,730993,0.0,0.0
1977-03-02,1.7748770453522957,1.7867889033707698,1.745097041130066,1.745097041130066,605156,0.0,0.0
1977-03-03,1.745097041130066,1.762965043663404,1.745097041130066,1.745097041130066,456238,0.0,0.0
1977-03-04,1.7510530534547288,1.7689207672983644,1.7510530534547288,1.7570089101791382,508091,0.0,0.0
1977-03-07,1.7570089101791382,1.7629649105739549,1.745096909389505,1.7570089101791382,501451,0.0,0.0
1977-03-08,1.7570081316920765,1.7808319790451754,1.7570081316920765,1.762964129447937,426518,0.0,0.0
1977-03-09,1.7629642406524804,1.7748762369155884,1.7450962462578186,1.7748762369155884,524215,0.0,0.0
1977-03-10,1.7748751875311077,1.7867870330810547,1.762963198310893,1.7867870330810547,309534,0.0,0.0
1977-03-11,1.7867870794609106,1.8106107711791992,1.7748752336017661,1.8106107711791992,464775,0.0,0.0
1977-03-14,1.8106120724124317,1.882083773612976,1.8106120724124317,1.882083773612976,530855,0.0,0.0
1977-03-15,1.882083599162908,1.8939954524786409,1.8761276006698608,1.8761276006698608,593457,0.0,0.0
1977-03-16,1.8761270668973975,1.8820830636959183,1.8582590765018359,1.870171070098877,575436,0.0,0.0
1977-03-17,1.8701721843439247,1.8701721843439247,1.8463483266259535,1.8642163276672363,417033,0.0,0.0
1977-03-18,1.8642163276672363,1.8701721843439247,1.858260183649736,1.8642163276672363,294357,0.0,0.0
1977-03-21,1.8642153803757275,1.8642153803757275,1.8463473884139734,1.852303385734558,233020,0.0,0.0
1977-03-22,1.8523044607492969,1.8582603178561263,1.8165687434266549,1.82848060131073,374033,0.0,0.0
1977-03-23,1.8284798467213121,1.8403918433598803,1.8165679937531007,1.8344357013702393,330401,0.0,0.0
1977-03-24,1.8225227607086147,1.8225227607086147,1.7986990689903262,1.8106107711791992,349372,0.0,0.0
1977-03-25,1.8226015974054044,1.8226015974054044,1.77463852306624,1.8106110095977783,262740,0.07907,0.0
1977-03-28,1.810611533897206,1.816606829537079,1.7806343325889717,1.804616093635559,310482,0.0,0.0
1977-03-29,1.804615931355512,1.8345928407245253,1.804615931355512,1.8285975456237793,268115,0.0,0.0
1977-03-30,1.8285971805526815,1.8465832068858525,1.8106110095977783,1.8106110095977783,358857,0.0,0.0
1977-03-31,1.810611533897206,1.8226021251769517,1.7986206533739122,1.804616093635559,237762,0.0,0.0
1977-04-01,1.8046154324701573,1.8226014574219258,1.8046154324701573,1.8166061639785767,226696,0.0,0.0
1977-04-04,1.816606558333354,1.822601853078181,1.768643332644224,1.7746387720108032,319335,0.0,0.0
1977-04-05,1.7746392715475772,1.7866301536560059,1.750657651952513,1.7866301536560059,272541,0.0,0.0
1977-04-06,1.7866301536560059,1.7866301536560059,1.7626485340609415,1.7866301536560059,237762,0.0,0.0
1977-04-07,1.7866305652055858,1.7866305652055858,1.7626489400863647,1.7626489400863647,478370,0.0,0.0
1977-04-11,1.762648037899397,1.7806340667556302,1.762648037899397,1.7746387720108032,380989,0.0,0.0
1977-04-12,1.780633816970053,1.8106110095977783,1.780633816970053,1.8106110095977783,608318,0.0,0.0
1977-04-13,1.8106110095977783,1.8106110095977783,1.7866294001173302,1.8106110095977783,426202,0.0,0.0
1977-04-14,1.8345929882345462,1.8585746044310496,1.8345929882345462,1.8465837240219116,837543,0.0,0.0
1977-04-15,1.8465829384989767,1.8585738138072836,1.8345922078123806,1.8525785207748413,378776,0.0,0.0
1977-04-18,1.840589165687561,1.840589165687561,1.822602837869426,1.840589165687561,282343,0.0,0.0
1977-04-19,1.8405895744535912,1.8405895744535912,1.8226032426409742,1.8345941305160522,282343,0.0,0.0
1977-04-20,1.8345941305160522,1.8525804623286692,1.816607943325298,1.8345941305160522,421143,0.0,0.0
1977-04-21,1.834593723081516,1.8885524172922605,1.8285984250973015,1.840589165687561,436319,0.0,0.0
1977-04-22,1.8285977100603725,1.8285977100603725,1.804616093635559,1.804616093635559,376879,0.0,0.0
1977-04-25,1.7926253040697533,1.7926253040697533,1.7326711876547716,1.7386667728424072,566583,0.0,0.0
1977-04-26,1.7386667715062345,1.7566528039464129,1.7146850092612467,1.720680594444275,439165,0.0,0.0
1977-04-27,1.720679633154444,1.7566518225600463,1.7146840513209598,1.7446610927581787,462245,0.0,0.0
1977-04-28,1.74466342451859,1.7626497601928621,1.7266772334662113,1.7506588697433472,343997,0.0,0.0
1977-04-29,1.7506576071772608,1.7806345224380493,1.7506576071772608,1.7806345224380493,270328,0.0,0.0
1977-05-02,1.7806355538483427,1.7866311428438735,1.7506586212238007,1.7686448097229004,297203,0.0,0.0
1977-05-03,1.7746392261589652,1.7926254042397962,1.7746392261589652,1.7806345224380493,189388,0.0,0.0
1977-05-04,1.7806349781484976,1.7806349781484976,1.7566533530292763,1.7626489400863647,296254,0.0,0.0
1977-05-05,1.762648037899397,1.7926249454887888,1.750657159166238,1.7746387720108032,265902,0.0,0.0
1977-05-06,1.768644793552541,1.768644793552541,1.756653904914856,1.756653904914856,254836,0.0,0.0
1977-05-09,1.7566541703462109,1.7626497601928621,1.732672534069075,1.7506588697433472,265269,0.0,0.0
1977-05-10,1.7506586212238007,1.7746402540965582,1.744663176850143,1.7686448097229004,257365,0.0,0.0
1977-05-11,1.768644793552541,1.768644793552541,1.7446631608990428,1.756653904914856,270644,0.0,0.0
1977-05-12,1.7506575093523349,1.7506575093523349,1.7266758917106984,1.7386667728424072,370239,0.0,0.0
1977-05-13,1.7386667728424072,1.7446620687864804,1.7326711876547716,1.7386667728424072,241240,0.0,0.0
1977-05-16,1.7386667715062345,1.750657508006947,1.7146850092612467,1.720680594444275,387945,0.0,0.0
1977-05-17,1.7206805721724978,1.76264836631445,1.714684987067074,1.7266758680343628,373717,0.0,0.0
1977-05-18,1.73267132878987,1.7986208911426413,1.73267132878987,1.7866301536560059,571009,0.0,0.0
1977-05-19,1.7866305652055858,1.7866305652055858,1.7566533530292763,1.7626489400863647,305423,0.0,0.0
1977-05-20,1.7566528052964079,1.7566528052964079,1.7266758917106984,1.7386667728424072,277916,0.0,0.0
1977-05-23,1.7266752641282588,1.7266752641282588,1.7026936552030478,1.7086890935897827,246299,0.0,0.0
1977-05-24,1.708689617853833,1.708689617853833,1.6787125613442586,1.7026941776275635,383202,0.0,0.0
1977-05-25,1.702693618796042,1.7086890570545823,1.678712010383606,1.678712010383606,489436,0.0,0.0
1977-05-26,1.6787125613442586,1.7026941776275635,1.6727172657397622,1.7026941776275635,546348,0.0,0.0
1977-05-27,1.702693618796042,1.702693618796042,1.6727167167467913,1.678712010383606,240608,0.0,0.0
1977-05-31,1.678712321441384,1.6966986395497883,1.6667214427024477,1.684707760810852,290880,0.0,0.0
1977-06-01,1.6847071948616463,1.7086887996615472,1.6787117575062451,1.6966980695724487,250725,0.0,0.0
1977-06-02,1.6966984177127853,1.7086891502622252,1.666721224784851,1.666721224784851,1361443,0.0,0.0
1977-06-03,1.666721819991274,1.666721819991274,1.6247540241484282,1.6487356424331665,854300,0.0,0.0
1977-06-06,1.6487352330607827,1.666721406153017,1.6247536207305542,1.636744499206543,269064,0.0,0.0
1977-06-07,1.63674490560169,1.6487356424331665,1.6187587280435827,1.6487356424331665,634244,0.0,0.0
1977-06-08,1.648737204150695,1.672718989773255,1.648737204150695,1.660728096961975,432209,0.0,0.0
1977-06-09,1.660728096961975,1.660728096961975,1.636746455961337,1.660728096961975,253255,0.0,0.0
1977-06-10,1.6607258402297105,1.678712010383606,1.6427395254540895,1.678712010383606,243770,0.0,0.0
1977-06-13,1.678714291556973,1.678714291556973,1.660728096961975,1.660728096961975,227012,0.0,0.0
1977-06-14,1.6607255900617455,1.6966980695724487,1.6547301527063443,1.6966980695724487,410393,0.0,0.0
1977-06-15,1.69669858733013,1.69669858733013,1.6607260968422068,1.6727169752120972,288982,0.0,0.0
1977-06-16,1.666721224784851,1.666721224784851,1.6427396150642375,1.666721224784851,322813,0.0,0.0
1977-06-17,1.6667211338665253,1.678712010383606,1.6487349637126298,1.678712010383606,341783,0.0,0.0
1977-06-20,1.6787117575062451,1.702693362306146,1.6652220234565924,1.6966980695724487,388577,0.0,0.0
1977-06-21,1.6966980695724487,1.7086887996615472,1.6847071948616463,1.6966980695724487,371504,0.0,0.0
1977-06-22,1.69669869535131,1.7146847248077393,1.6787123766513665,1.7146847248077393,244402,0.0,0.0
1977-06-23,1.7146850105789895,1.7386667728424072,1.7146850105789895,1.7386667728424072,399959,0.0,0.0
1977-06-24,1.7531751752012643,1.7652659690842218,1.741084235489721,1.7471295595169067,299416,0.09488,0.0
1977-06-27,1.7471289382522275,1.7592198736643336,1.71690189137903,1.722947359085083,285188,0.0,0.0
1977-06-28,1.71690299550461,1.71690299550461,1.6443579196929932,1.6443579196929932,433790,0.0,0.0
1977-06-29,1.6443579196929932,1.6504032454582094,1.6262215049114612,1.6443579196929932,531171,0.0,0.0
1977-06-30,1.644357460271338,1.6564481084237301,1.6383118445379679,1.6504027843475342,313328,0.0,0.0
1977-07-01,1.650403629087488,1.6564489562579146,1.6201765557493693,1.6322673559188843,331982,0.0,0.0
1977-07-05,1.6322667533860833,1.644357694921026,1.6080850161448061,1.6201759576797485,357276,0.0,0.0
1977-07-06,1.6201766985977242,1.6322674998332656,1.5899493309371842,1.6080857515335083,542870,0.0,0.0
1977-07-07,1.6080844642058558,1.6141297870697977,1.5778572665719155,1.589948058128357,506194,0.0,0.0
1977-07-08,1.5899481646521887,1.5959936337497245,1.541584849357605,1.541584849357605,2472160,0.0,0.0
1977-07-11,1.5415854729957268,1.5415854729957268,1.4992673180220164,1.5113582611083984,800235,0.0,0.0
1977-07-12,1.5113580294777862,1.5415852367324951,1.5053125588611234,1.5234488248825073,879911,0.0,0.0
1977-07-13,1.5234491600191962,1.5355401039123535,1.5174038339012537,1.5355401039123535,561524,0.0,0.0
1977-07-15,1.5415847251300732,1.565766453742981,1.5415847251300732,1.565766453742981,780316,0.0,0.0
1977-07-18,1.5657675387251109,1.5718128656959665,1.5476311203265727,1.5597220659255981,718030,0.0,0.0
1977-07-19,1.559720985132615,1.5718117765247912,1.5355392565197072,1.565766453742981,949469,0.0,0.0
1977-07-20,1.565767321993155,1.577858120089927,1.5476309061050415,1.5476309061050415,777154,0.0,0.0
1977-07-21,1.5476306431334041,1.5899486480244347,1.5476306431334041,1.5778578519821167,519473,0.0,0.0
1977-07-22,1.5778581015915358,1.5959943714383877,1.5597218317446842,1.571812629699707,360754,0.0,0.0
1977-07-25,1.5718126481272225,1.577858120089927,1.541585579970974,1.5476309061050415,367077,0.0,0.0
1977-07-26,1.5476309061050415,1.5536765238963828,1.5294947818742015,1.5476309061050415,498605,0.0,0.0
1977-07-27,1.5476305245523483,1.5476305245523483,1.4992670524315124,1.5294944047927856,730360,0.0,0.0
1977-07-28,1.529494441327774,1.5355397661158325,1.5174035000944488,1.5234488248825073,728463,0.0,0.0
1977-07-29,1.5234488248825073,1.529494441327774,1.5113580294777862,1.5234488248825073,341151,0.0,0.0
1977-08-01,1.5234491600191962,1.5476309019768746,1.5234491600191962,1.5355401039123535,522635,0.0,0.0
1977-08-02,1.5355400014525358,1.5355400014525358,1.4992673180220164,1.5113582611083984,578281,0.0,0.0
1977-08-03,1.5113582611083984,1.5174037326515895,1.4871765207642609,1.5113582611083984,490701,0.0,0.0
1977-08-04,1.5113579933760217,1.5415851999086942,1.4992670524315124,1.5294944047927856,317754,0.0,0.0
1977-08-05,1.5294944047927856,1.5476305245523483,1.5234487884919303,1.5294944047927856,455606,0.0,0.0
1977-08-08,1.5294937035360137,1.5294937035360137,1.5053118327341282,1.5174027681350708,796757,0.0,0.0
1977-08-09,1.5174027681350708,1.5234480900070084,1.5053118327341282,1.5174027681350708,316173,0.0,0.0
1977-08-10,1.5174034638482763,1.5294944047927856,1.5113579933760217,1.5294944047927856,390158,0.0,0.0
1977-08-11,1.5294948078786572,1.5355401341155075,1.5053129196166992,1.5053129196166992,377195,0.0,0.0
1977-08-12,1.5053123148221432,1.5053123148221432,1.4871760517409833,1.4932215213775635,204880,0.0,0.0
1977-08-15,1.4932215213775635,1.499266845185563,1.4690397886598234,1.4932215213775635,288666,0.0,0.0
1977-08-16,1.493222245617202,1.5113585174947797,1.469040501170881,1.475085973739624,696214,0.0,0.0
1977-08-17,1.475085385399462,1.493221650043362,1.4690399152419644,1.4871761798858643,481848,0.0,0.0
1977-08-18,1.4871763090768326,1.499267104613562,1.469040042857436,1.481130838394165,481848,0.0,0.0
1977-08-19,1.4811305821044032,1.4932215213775635,1.4509035255786635,1.4932215213775635,278865,0.0,0.0
1977-08-22,1.4932210431617194,1.5234480900070084,1.4871755754612481,1.5174027681350708,410077,0.0,0.0
1977-08-23,1.5174035000944488,1.5415852367324951,1.5113580294777862,1.5234488248825073,498922,0.0,0.0
1977-08-24,1.523449058366154,1.5294946757379715,1.4992673180220164,1.5113582611083984,416717,0.0,0.0
1977-08-25,1.511358045978897,1.511358045978897,1.481130838394165,1.481130838394165,215630,0.0,0.0
1977-08-26,1.481130838394165,1.481130838394165,1.4569491014921008,1.481130838394165,412290,0.0,0.0
1977-08-29,1.4871753597944948,1.5113570812610686,1.4871753597944948,1.4992661476135254,275703,0.0,0.0
1977-08-30,1.4992675723572937,1.5113585174947797,1.475085973739624,1.475085973739624,262740,0.0,0.0
1977-08-31,1.4750852582964036,1.4932215213775635,1.4690397886598234,1.4932215213775635,285505,0.0,0.0
1977-09-01,1.4932217797595002,1.5053125752962293,1.4750855135401033,1.481130838394165,273174,0.0,0.0
1977-09-02,1.4811298929707233,1.4992661476135254,1.4811298929707233,1.4992661476135254,197292,0.0,0.0
1977-09-06,1.4992663650336568,1.5294937035360137,1.4992663650336568,1.5174027681350708,301313,0.0,0.0
1977-09-07,1.5234491640828605,1.5536765238963828,1.5234491640828605,1.5476309061050415,322181,0.0,0.0
1977-09-08,1.5476298149803598,1.553675428509365,1.5174027681350708,1.5174027681350708,518841,0.0,0.0
1977-09-09,1.5174038637476783,1.5174038637476783,1.4992674475512098,1.5053129196166992,329453,0.0,0.0
1977-09-12,1.505311614437297,1.5113570812610686,1.4871753597944948,1.4992661476135254,506510,0.0,0.0
1977-09-13,1.4992674475512098,1.5174038637476783,1.4932221213143595,1.5053129196166992,436003,0.0,0.0
1977-09-14,1.5053125588611234,1.529494441327774,1.4992670882444608,1.5234488248825073,538759,0.0,0.0
1977-09-15,1.5234491640828605,1.5536765238963828,1.5234491640828605,1.5476309061050415,676927,0.0,0.0
1977-09-16,1.5415851999086942,1.5415851999086942,1.5234487884919303,1.5294944047927856,590928,0.0,0.0
1977-09-19,1.5234491899845286,1.5234491899845286,1.5053129196166992,1.5053129196166992,328820,0.0,0.0
1977-09-20,1.5053129196166992,1.5113583916821887,1.4992674475512098,1.5053129196166992,551723,0.0,0.0
1977-09-21,1.505312695520737,1.517403637851737,1.4509038925170898,1.4509038925170898,724986,0.0,0.0
1977-09-22,1.4509033988647053,1.4750851294705454,1.4509033988647053,1.4629943370819092,564369,0.0,0.0
1977-09-23,1.4629947113748056,1.4871763023387017,1.456949094890924,1.469040036201477,467937,0.0,0.0
1977-09-26,1.4836928134463643,1.5020099777628175,1.471481272379958,1.4959042072296143,522635,0.09488,0.0
1977-09-27,1.4959042072296143,1.5203271420792706,1.4836928134463643,1.4959042072296143,675979,0.0,0.0
1977-09-28,1.4897996128694986,1.4897996128694986,1.471482288619523,1.4836938381195068,335144,0.0,0.0
1977-09-29,1.4836928134463643,1.5142213715460675,1.4836928134463643,1.4959042072296143,483745,0.0,0.0
1977-09-30,1.4959043917730093,1.5203273296356201,1.4959043917730093,1.5203273296356201,553936,0.0,0.0
1977-10-03,1.5203273296356201,1.5264331009220666,1.508115934345902,1.5203273296356201,517576,0.0,0.0
1977-10-04,1.5203271420792706,1.5264329126124738,1.4897985839795675,1.4959042072296143,446437,0.0,0.0
1977-10-05,1.4959042072296143,1.5081157482960206,1.4897985839795675,1.4959042072296143,399959,0.0,0.0
1977-10-06,1.495904264803392,1.5203272005930288,1.4897986413183546,1.514221429824829,443275,0.0,0.0
1977-10-07,1.5142215583491738,1.5264331009220666,1.5142215583491738,1.5203273296356201,322181,0.0,0.0
1977-10-10,1.5203273296356201,1.5203273296356201,1.5020101630594558,1.5203273296356201,341783,0.0,0.0
1977-10-11,1.5203275263152276,1.5203275263152276,1.4653760194778442,1.4653760194778442,385732,0.0,0.0
1977-10-12,1.4653759935785853,1.4653759935785853,1.4348472810197008,1.4470586776733398,856197,0.0,0.0
1977-10-13,1.4470582712759021,1.4470582712759021,1.4226353375444638,1.4348468780517578,435055,0.0,0.0
1977-10-14,1.4348466747027546,1.4531638355846055,1.4043179750442505,1.4043179750442505,573539,0.0,0.0
1977-10-17,1.4043177208701456,1.4104236364364624,1.3860005633036037,1.4104236364364624,340835,0.0,0.0
1977-10-18,1.4104236364364624,1.4226348784366873,1.3921063315868183,1.4104236364364624,374033,0.0,0.0
1977-10-19,1.3982124484232947,1.3982124484232947,1.3432608147419538,1.355472207069397,637722,0.0,0.0
1977-10-20,1.3554731736283403,1.3676847219467163,1.3371559984340202,1.3676847219467163,744272,0.0,0.0
1977-10-21,1.3432614972290005,1.3432614972290005,1.3005213814427563,1.3066271543502808,857778,0.0,0.0
1977-10-24,1.3066264055148535,1.3127320276399956,1.282203475164897,1.288309097290039,413555,0.0,0.0
1977-10-25,1.2883098356277072,1.3066271543502808,1.2699926641883474,1.3066271543502808,475841,0.0,0.0
1977-10-26,1.306627722605354,1.367685036384909,1.300521947042415,1.3493678569793701,554568,0.0,0.0
1977-10-27,1.3493666163600784,1.3982124813877244,1.3493666163600784,1.3737895488739014,847345,0.0,0.0
1977-10-28,1.379894795020389,1.4165292574365749,1.379894795020389,1.4104236364364624,578913,0.0,0.0
1977-10-31,1.4104236364364624,1.4165292574365749,1.398212099870033,1.4104236364364624,524532,0.0,0.0
1977-11-01,1.3982119166692846,1.3982119166692846,1.373788994019542,1.3798946142196655,472679,0.0,0.0
1977-11-02,1.379895139007422,1.379895139007422,1.349366584547245,1.355472207069397,608950,0.0,0.0
1977-11-03,1.355471691569923,1.3860003817028719,1.3493660713697995,1.3798946142196655,543502,0.0,0.0
1977-11-04,1.3798952310440458,1.404318164611038,1.3676838379021239,1.3921067714691162,515995,0.0,0.0
1977-11-07,1.398212099870033,1.4226348784366873,1.398212099870033,1.4104236364364624,363283,0.0,0.0
1977-11-08,1.4104240925864222,1.4165297155611747,1.3860010115548134,1.3982125520706177,361702,0.0,0.0
1977-11-09,1.3982125416816515,1.3982125416816515,1.3798952310440458,1.3921067714691162,390790,0.0,0.0
1977-11-10,1.3921071913601963,1.428741529118857,1.373790022480866,1.4165301322937012,611795,0.0,0.0
1977-11-11,1.4165301322937012,1.4348473011730314,1.4104245075227198,1.4165301322937012,972865,0.0,0.0
1977-11-14,1.4104239880338765,1.4104239880338765,1.355472207069397,1.355472207069397,737000,0.0,0.0
1977-11-15,1.355471691569923,1.3798946142196655,1.3432603038865931,1.3798946142196655,751860,0.0,0.0
1977-11-16,1.3798947206052796,1.3798947206052796,1.3188373356320462,1.343260407447815,546980,0.0,0.0
1977-11-17,1.343260407447815,1.3615775640265473,1.3371546394938727,1.343260407447815,583340,0.0,0.0
1977-11-18,1.3432620814164313,1.3615792608219701,1.3371563058534925,1.3493678569793701,819838,0.0,0.0
1977-11-21,1.349365801744797,1.349365801744797,1.3310485029552688,1.3371542692184448,560892,0.0,0.0
1977-11-22,1.3371559984340202,1.3798961229818483,1.3371559984340202,1.3676847219467163,735735,0.0,0.0
1977-11-23,1.3676832265363357,1.3798946142196655,1.3310487689201804,1.3798946142196655,461297,0.0,0.0
1977-11-25,1.3798943899119,1.386000156402588,1.3676830042135835,1.386000156402588,754390,0.0,0.0
1977-11-28,1.3860006771074305,1.3921064458919867,1.3615777492523193,1.3615777492523193,342732,0.0,0.0
1977-11-29,1.3615771869880955,1.3676829532512715,1.3249428839751463,1.3371542692184448,798970,0.0,0.0
1977-11-30,1.3371539838760647,1.3798940440316616,1.3188366889953613,1.3188366889953613,713919,0.0,0.0
1977-12-01,1.3188366889953613,1.3371539838760647,1.3127310713181488,1.3188366889953613,534965,0.0,0.0
1977-12-02,1.3188381005392453,1.324944019317627,1.3066268521152002,1.324944019317627,814779,0.0,0.0
1977-12-05,1.3249438806173874,1.3249438806173874,1.3127323389053345,1.3127323389053345,372136,0.0,0.0
1977-12-06,1.3127322315331917,1.3127322315331917,1.2699921336031703,1.2822036743164062,629185,0.0,0.0
1977-12-07,1.282203475164897,1.2944148666983106,1.269991936348354,1.288309097290039,612428,0.0,0.0
1977-12-08,1.2883100641858674,1.318838639573115,1.2883100641858674,1.3005216121673584,533068,0.0,0.0
1977-12-09,1.300519688680702,1.3310482189158301,1.2944139237204675,1.3188366889953613,299416,0.0,0.0
1977-12-12,1.3188366889953613,1.3310482189158301,1.3127310713181488,1.3188366889953613,332931,0.0,0.0
1977-12-13,1.3188379624781967,1.3188379624781967,1.3005209444764458,1.3127323389053345,562789,0.0,0.0
1977-12-14,1.3127310713181488,1.3188366889953613,1.2944139237204675,1.3188366889953613,442327,0.0,0.0
1977-12-15,1.3188376497651377,1.3188376497651377,1.2760977057566254,1.288309097290039,482481,0.0,0.0
1977-12-16,1.288309297389872,1.29441506774649,1.2699921336031703,1.2822036743164062,646891,0.0,0.0
1977-12-19,1.2822034012623802,1.2822034012623802,1.2516747032637385,1.2638860940933228,526112,0.0,0.0
1977-12-20,1.2638871123999313,1.2638871123999313,1.2333585370877123,1.2394641637802124,954527,0.0,0.0
1977-12-21,1.2455691994598506,1.3493667063897474,1.2455691994598506,1.2822036743164062,689258,0.0,0.0
1977-12-22,1.2822028146990212,1.3371542692184448,1.2760970484358451,1.3371542692184448,839440,0.0,0.0
1977-12-23,1.3519702675922418,1.35814368724823,1.3272767378832746,1.35814368724823,405334,0.09488,0.0
1977-12-27,1.35814368724823,1.3704903776452204,1.3457968479362534,1.35814368724823,336725,0.0,0.0
1977-12-28,1.3457961970489916,1.3457961970489916,1.3272760959531624,1.333449363708496,328188,0.0,0.0
1977-12-29,1.333449363708496,1.3457961970489916,1.3211028281978285,1.333449363708496,497973,0.0,0.0
1977-12-30,1.333450596608827,1.3457974413651403,1.308757204926304,1.3211040496826172,605788,0.0,0.0
1978-01-03,1.3149294398700124,1.3149294398700124,1.265542403273354,1.2840625047683716,399959,0.0,0.0
1978-01-04,1.284063006917165,1.3025831156547014,1.2346759510070846,1.2964098453521729,855565,0.0,0.0
1978-01-05,1.296410109176892,1.3457970262224352,1.2717165761966178,1.2778898477554321,794860,0.0,0.0
1978-01-06,1.2778903965999766,1.2840638197252365,1.2593702761392664,1.2655436992645264,631082,0.0,0.0
1978-01-09,1.2593700189638926,1.2593700189638926,1.2408498278276472,1.2531965970993042,566583,0.0,0.0
1978-01-10,1.253196666371438,1.265543510783103,1.247023393080653,1.2593700885772705,438849,0.0,0.0
1978-01-11,1.2593700189638926,1.2655434408284807,1.2346764804205785,1.2531965970993042,279497,0.0,0.0
1978-01-12,1.253195778491962,1.26554261415599,1.2470225095748901,1.2470225095748901,515363,0.0,0.0
1978-01-13,1.247023324149755,1.2655434408284807,1.247023324149755,1.2531965970993042,319967,0.0,0.0
1978-01-16,1.253196140497912,1.253196140497912,1.2285026854091656,1.2408493757247925,661751,0.0,0.0
1978-01-17,1.2408500812210215,1.2655436992645264,1.2346767325532964,1.2655436992645264,249145,0.0,0.0
1978-01-18,1.2655428981796288,1.2964098453521729,1.2655428981796288,1.2964098453521729,387312,0.0,0.0
1978-01-19,1.2964093383749948,1.3025826062633892,1.27788908796506,1.2840625047683716,362019,0.0,0.0
1978-01-20,1.284063628485553,1.284063628485553,1.2593700885772705,1.2593700885772705,178954,0.0,0.0
1978-01-23,1.2593695601132178,1.2593695601132178,1.234676030566979,1.2408493757247925,388261,0.0,0.0
1978-01-24,1.2408498278276472,1.2531965970993042,1.2408498278276472,1.2531965970993042,282659,0.0,0.0
1978-01-25,1.2531965970993042,1.2655434408284807,1.2408498278276472,1.2531965970993042,274438,0.0,0.0
1978-01-26,1.2470231557661593,1.2470231557661593,1.2099827784951733,1.2161561250686646,478054,0.0,0.0
1978-01-27,1.216156264546567,1.2408498025875911,1.20998291726507,1.2285031080245972,323762,0.0,0.0
1978-01-30,1.234676548668988,1.2778902062797206,1.234676548668988,1.2593700885772705,420511,0.0,0.0
1978-01-31,1.2593700885772705,1.2778902062797206,1.247023393080653,1.2593700885772705,245983,0.0,0.0
1978-02-01,1.2593700189638926,1.2593700189638926,1.247023324149755,1.2531965970993042,281078,0.0,0.0
1978-02-02,1.2531970809597939,1.2593705052079467,1.2223302575492232,1.2346769571304321,439165,0.0,0.0
1978-02-03,1.2346761658424472,1.2346761658424472,1.2099826335906982,1.2099826335906982,374982,0.0,0.0
1978-02-06,1.2038094997406006,1.2038094997406006,1.1729425417616661,1.2038094997406006,336725,0.0,0.0
1978-02-07,1.203809431921682,1.222329620557175,1.19146266431719,1.2161561250686646,324078,0.0,0.0
1978-02-08,1.2161565955072215,1.2285034423452799,1.2099832465457308,1.222330093383789,554568,0.0,0.0
1978-02-09,1.222329709223931,1.222329709223931,1.191462750744883,1.1976362466812134,365180,0.0,0.0
1978-02-10,1.1976362272768357,1.2099828466618792,1.185289384519251,1.2038094997406006,270328,0.0,0.0
1978-02-13,1.2038092877565114,1.2099826335906982,1.1914625216306367,1.2099826335906982,301946,0.0,0.0
1978-02-14,1.2038099824188857,1.2038099824188857,1.1852898597717285,1.1852898597717285,227012,0.0,0.0
1978-02-15,1.1852891177793305,1.1914624633113469,1.1729422778003042,1.1791157722473145,525796,0.0,0.0
1978-02-16,1.1791159631602557,1.1791159631602557,1.1544224281190192,1.1605957746505737,380357,0.0,0.0
1978-02-17,1.1605955090822833,1.1667688542012487,1.1482486699293684,1.1544221639633179,328188,0.0,0.0
1978-02-21,1.1544221639633179,1.1544221639633179,1.142075324810403,1.1544221639633179,393004,0.0,0.0
1978-02-22,1.1544221665330432,1.1667688567984573,1.1482486724853516,1.1482486724853516,402489,0.0,0.0
1978-02-23,1.1420758962631226,1.1420758962631226,1.1297291998473595,1.1420758962631226,522951,0.0,0.0
1978-02-24,1.1420758962631226,1.148249244471004,1.1235557027244196,1.1420758962631226,413871,0.0,0.0
1978-02-27,1.1420753926429132,1.154422232529157,1.1235552072710437,1.1359020471572876,405650,0.0,0.0
1978-02-28,1.1235550536994656,1.1235550536994656,1.0865149113909969,1.111208438873291,478686,0.0,0.0
1978-03-01,1.111208438873291,1.1173817090576352,1.105034945316488,1.111208438873291,424305,0.0,0.0
1978-03-02,1.111208896045691,1.1173821687698364,1.1050353999489948,1.1173821687698364,450547,0.0,0.0
1978-03-03,1.1173821687698364,1.129729012048195,1.111208896045691,1.1173821687698364,343048,0.0,0.0
1978-03-06,1.1173820727834114,1.123555419434765,1.0988619583718398,1.1050353050231934,300681,0.0,0.0
1978-03-07,1.1112090807661859,1.1420758962631226,1.1112090807661859,1.1420758962631226,451179,0.0,0.0
1978-03-08,1.1420758962631226,1.148249244471004,1.1235557027244196,1.1420758962631226,1344369,0.0,0.0
1978-03-09,1.1420753273526445,1.1544221665330432,1.1359019822199372,1.1482486724853516,479635,0.0,0.0
1978-03-10,1.1482486699293684,1.1605955090822833,1.142075324810403,1.1544221639633179,476789,0.0,0.0
1978-03-13,1.1544221639633179,1.1605955090822833,1.1482486699293684,1.1544221639633179,333247,0.0,0.0
1978-03-14,1.1482486724853516,1.1482486724853516,1.1420753273526445,1.1482486724853516,338938,0.0,0.0
1978-03-15,1.1482486699293684,1.1544221639633179,1.142075324810403,1.1544221639633179,368658,0.0,0.0
1978-03-16,1.1544228705317339,1.1914631128311157,1.1482493727192744,1.1914631128311157,395217,0.0,0.0
1978-03-17,1.1914624633113469,1.1914624633113469,1.1729422778003042,1.1791157722473145,339886,0.0,0.0
1978-03-20,1.191462750744883,1.2038095192449991,1.191462750744883,1.1976362466812134,446753,0.0,0.0
1978-03-21,1.1976365451768995,1.1976365451768995,1.1667695045471191,1.1667695045471191,520421,0.0,0.0
1978-03-22,1.1667695045471191,1.1791163505820448,1.1482493099522642,1.1667695045471191,632979,0.0,0.0
1978-03-23,1.1667692137446504,1.1976362466812134,1.1667692137446504,1.1976362466812134,341151,0.0,0.0
1978-03-27,1.1876349449157715,1.1876349449157715,1.1751335950716655,1.1876349449157715,264321,0.09488,0.0
1978-03-28,1.1876336729129406,1.2001351601478103,1.1876336729129406,1.1938844919204712,558362,0.0,0.0
1978-03-29,1.1938857706181774,1.2001364455402304,1.1876349449157715,1.1876349449157715,241873,0.0,0.0
1978-03-30,1.1876349449157715,1.1938857706181774,1.1688829201496125,1.1876349449157715,280762,0.0,0.0
1978-03-31,1.1813840211165414,1.1813840211165414,1.1688826739060416,1.1751333475112915,318070,0.0,0.0
1978-04-03,1.1626308217979626,1.1626308217979626,1.1376279986982094,1.1438788175582886,492914,0.0,0.0
1978-04-04,1.1438794809971122,1.1501301527023315,1.1376286585116175,1.1501301527023315,324078,0.0,0.0
1978-04-05,1.150130521892746,1.162631869316101,1.1438798481810686,1.162631869316101,280446,0.0,0.0
1978-04-06,1.1626314961127702,1.1688823185982649,1.100124552890164,1.1501301527023315,382254,0.0,0.0
1978-04-07,1.1501295083409144,1.1626308447474645,1.1438788401376394,1.1563801765441895,225115,0.0,0.0
1978-04-10,1.1563801765441895,1.1563801765441895,1.1438788401376394,1.1563801765441895,358224,0.0,0.0
1978-04-11,1.1563801765441895,1.1626308447474645,1.1501295083409144,1.1563801765441895,337041,0.0,0.0
1978-04-12,1.156380719492455,1.156380719492455,1.1313778841597377,1.1376285552978516,370239,0.0,0.0
1978-04-13,1.1376280211541734,1.1563801765441895,1.1188759411542528,1.1563801765441895,478054,0.0,0.0
1978-04-14,1.1751329470641192,1.2313892165115399,1.1751329470641192,1.225138545036316,1213790,0.0,0.0
1978-04-17,1.2501418416568357,1.3251503792967043,1.2501418416568357,1.300147533416748,1808512,0.0,0.0
1978-04-18,1.3001476422362879,1.312649141612777,1.281395543951892,1.2876462936401367,1136643,0.0,0.0
1978-04-19,1.2876460491768695,1.318899490123862,1.2876460491768695,1.312648892402649,651317,0.0,0.0
1978-04-20,1.3126480839543997,1.362653588827705,1.3126480839543997,1.3188986778259277,1276708,0.0,0.0
1978-04-21,1.3251499964468347,1.3376514911651611,1.3251499964468347,1.3376514911651611,350320,0.0,0.0
1978-04-24,1.3376524197754018,1.381407380104065,1.3251509163784203,1.381407380104065,421143,0.0,0.0
1978-04-25,1.3814069137576241,1.4251618593151412,1.3314012186117943,1.3751561641693115,1122732,0.0,0.0
1978-04-26,1.3751548346382947,1.3814055781832462,1.3564027547836304,1.3564027547836304,1306745,0.0,0.0
1978-04-27,1.34390247601159,1.34390247601159,1.2876461858669326,1.300147533416748,501135,0.0,0.0
1978-04-28,1.3001468343568,1.3501523484495377,1.2876454935286765,1.3439017534255981,587450,0.0,0.0
1978-05-01,1.343902220391977,1.343902220391977,1.3001472861196297,1.3063980340957642,1183121,0.0,0.0
1978-05-02,1.306397680838439,1.306397680838439,1.2563919367216454,1.275144100189209,922910,0.0,0.0
1978-05-03,1.2751442183986474,1.2751442183986474,1.225138545036316,1.225138545036316,1112298,0.0,0.0
1978-05-04,1.225138529657714,1.2501413660250307,1.2001357686805314,1.2376400232315063,899829,0.0,0.0
1978-05-05,1.2376396734830402,1.2938959263266714,1.2376396734830402,1.262642502784729,491333,0.0,0.0
1978-05-08,1.2688933539033118,1.2876455927610033,1.2688933539033118,1.275144100189209,440746,0.0,0.0
1978-05-09,1.2751447942636476,1.2938968925480434,1.268894044575403,1.2876462936401367,552987,0.0,0.0
1978-05-10,1.2876446272112205,1.3063967012272757,1.2813938856124878,1.2813938856124878,363916,0.0,0.0
1978-05-11,1.2813948519245446,1.3314005208638715,1.2751441056120647,1.3251497745513916,694317,0.0,0.0
1978-05-12,1.3251495300711438,1.3939072744823608,1.3251495300711438,1.3314002752304077,515046,0.0,0.0
1978-05-15,1.3313999313840148,1.3564027547836304,1.3313999313840148,1.3564027547836304,429047,0.0,0.0
1978-05-16,1.3564032564326272,1.3876566841556988,1.3564032564326272,1.3626538515090942,819205,0.0,0.0
1978-05-17,1.3689037561416626,1.3876558314079552,1.3689037561416626,1.3689037561416626,447385,0.0,0.0
1978-05-18,1.3689046971782384,1.3751554434907185,1.3251497745513916,1.3251497745513916,593774,0.0,0.0
1978-05-19,1.325149666793291,1.3564032450339658,1.325149666793291,1.3439017534255981,375298,0.0,0.0
1978-05-22,1.3439012676937276,1.3876561709480077,1.3313999313840148,1.3564027547836304,428099,0.0,0.0
1978-05-23,1.356403355333535,1.3626539508657585,1.312648432706688,1.3251497745513916,412606,0.0,0.0
1978-05-24,1.318899630131634,1.318899630131634,1.2876461858669326,1.300147533416748,384783,0.0,0.0
1978-05-25,1.300145959628543,1.3063967012272757,1.275143144013755,1.2813938856124878,373717,0.0,0.0
1978-05-26,1.2813952148855479,1.2813952148855479,1.2563922979435667,1.2688937187194824,418297,0.0,0.0
1978-05-30,1.2688924024150225,1.2813938856124878,1.2688924024150225,1.2813938856124878,263056,0.0,0.0
1978-05-31,1.2813938856124878,1.2938952180298104,1.2688924024150225,1.2813938856124878,307321,0.0,0.0
1978-06-01,1.2813952148855479,1.2876459629685806,1.2688937187194824,1.2688937187194824,475841,0.0,0.0
1978-06-02,1.2688933539033118,1.2876455927610033,1.2626427583976705,1.275144100189209,264637,0.0,0.0
1978-06-05,1.2876455043495256,1.3626538515090942,1.2876455043495256,1.3626538515090942,532120,0.0,0.0
1978-06-06,1.368905414580999,1.4064097613305389,1.368905414580999,1.3751561641693115,1161937,0.0,0.0
1978-06-07,1.3751544981571444,1.3814052401726262,1.350151530095217,1.3689037561416626,525796,0.0,0.0
1978-06-08,1.3689045973658067,1.400158175869124,1.3564032564326272,1.3626538515090942,482481,0.0,0.0
1978-06-09,1.3564041083418572,1.3564041083418572,1.3376520097744382,1.3501532077789307,369923,0.0,0.0
1978-06-12,1.3439016147687068,1.3439016147687068,1.3251495300711438,1.3314002752304077,225115,0.0,0.0
1978-06-13,1.3251494224776719,1.3251494224776719,1.3001465946509112,1.3188986778259277,446753,0.0,0.0
1978-06-14,1.3188986778259277,1.356402994956177,1.3063973393026556,1.3188986778259277,308901,0.0,0.0
1978-06-15,1.3188989113165404,1.3188989113165404,1.268893246810291,1.2938960790634155,269380,0.0,0.0
1978-06-16,1.2938952180298104,1.3063967012272757,1.275143144013755,1.2813938856124878,278549,0.0,0.0
1978-06-19,1.2813951929715233,1.3063980340957642,1.2626430998234168,1.3063980340957642,363283,0.0,0.0
1978-06-20,1.2938959263266714,1.2938959263266714,1.262642502784729,1.262642502784729,309534,0.0,0.0
1978-06-21,1.2626422250951301,1.2688928179607069,1.2501407378035923,1.2563914060592651,404702,0.0,0.0
1978-06-22,1.2563919367216454,1.275144100189209,1.2563919367216454,1.275144100189209,398062,0.0,0.0
1978-06-23,1.275144100189209,1.2938961882666447,1.2376399240343376,1.275144100189209,233020,0.0,0.0
1978-06-26,1.2776735148062672,1.2776735148062672,1.233397648574803,1.239722728729248,1020924,0.09488,0.0
1978-06-27,1.2397222433654602,1.2586976289749146,1.2333971656873473,1.2586976289749146,257997,0.0,0.0
1978-06-28,1.2586974395245039,1.2650225162506104,1.246047133497199,1.2650225162506104,220689,0.0,0.0
1978-06-29,1.2650231552146858,1.2650231552146858,1.2333976030349731,1.2333976030349731,254203,0.0,0.0
1978-06-30,1.233397811651352,1.2460479736328125,1.2270728069482193,1.2460479736328125,276336,0.0,0.0
1978-07-03,1.2460471389016827,1.2460471389016827,1.2144216788464353,1.2207467555999756,197608,0.0,0.0
1978-07-05,1.2207467555999756,1.2270719849286085,1.2144216788464353,1.2207467555999756,424305,0.0,0.0
1978-07-06,1.2207467555999756,1.2270719849286085,1.2144216788464353,1.2207467555999756,246615,0.0,0.0
1978-07-07,1.2207480245361875,1.2207480245361875,1.2017726219760307,1.2144229412078857,256733,0.0,0.0
1978-07-10,1.2144224021427201,1.2270727157592773,1.201772088526163,1.2270727157592773,265586,0.0,0.0
1978-07-11,1.2270726447079454,1.239722728729248,1.214422331823881,1.239722728729248,304159,0.0,0.0
1978-07-12,1.239722728729248,1.2586981217677575,1.233397648574803,1.239722728729248,244086,0.0,0.0
1978-07-13,1.2397228005130592,1.2397228005130592,1.2144224021427201,1.2270727157592773,227645,0.0,0.0
1978-07-14,1.2270728069482193,1.2460479736328125,1.214422492391564,1.2460479736328125,468885,0.0,0.0
1978-07-17,1.246047881033746,1.2586981946503033,1.220747482663407,1.2270727157592773,302578,0.0,0.0
1978-07-18,1.2270722487548036,1.233397250580702,1.2080968618392944,1.2080968618392944,159351,0.0,0.0
1978-07-19,1.208097207063754,1.2397226829558818,1.201771974567676,1.2333976030349731,592193,0.0,0.0
1978-07-20,1.2333969853946023,1.2586974449838557,1.2144216788464353,1.2207467555999756,475209,0.0,0.0
1978-07-21,1.2207470180662168,1.2207470180662168,1.2017716311507078,1.2080968618392944,207410,0.0,0.0
1978-07-24,1.2080969198603466,1.2080969198603466,1.18912153203351,1.1954466104507446,684199,0.0,0.0
1978-07-25,1.1954470968441786,1.2460479736328125,1.1891220158534483,1.2460479736328125,490069,0.0,0.0
1978-07-26,1.2460477628767905,1.2460477628767905,1.201771974567676,1.2333976030349731,424621,0.0,0.0
1978-07-27,1.233397648574803,1.2523730416133125,1.2270726447079454,1.239722728729248,492914,0.0,0.0
1978-07-28,1.2397222999992257,1.296648383140564,1.220746989810487,1.296648383140564,850506,0.0,0.0
1978-07-31,1.2966486289437966,1.334599256515503,1.2839983180364607,1.334599256515503,1034835,0.0,0.0
1978-08-01,1.334599256515503,1.334599256515503,1.3219490981833177,1.334599256515503,687993,0.0,0.0
1978-08-02,1.3345996421492086,1.3662251234054565,1.3092991655990929,1.3662251234054565,918484,0.0,0.0
1978-08-03,1.3662249994911269,1.3852004696140663,1.3219493602631451,1.3535749912261963,940300,0.0,0.0
1978-08-04,1.353574722876507,1.353574722876507,1.3156239427296499,1.334599256515503,371504,0.0,0.0
1978-08-07,1.3345997319996323,1.340924889706794,1.3029742486142342,1.3282747268676758,312063,0.0,0.0
1978-08-08,1.3282747268676758,1.3472500474139557,1.3029742486142342,1.3282747268676758,268431,0.0,0.0
1978-08-09,1.3409243822097778,1.3725500062010934,1.3409243822097778,1.3409243822097778,717714,0.0,0.0
1978-08-10,1.340924889706794,1.359900210253074,1.321949569160514,1.3282747268676758,419562,0.0,0.0
1978-08-11,1.3282747268676758,1.3535752051211174,1.3029742486142342,1.3282747268676758,271277,0.0,0.0
1978-08-14,1.3409247976765044,1.3662251216183303,1.3409247976765044,1.3599001169204712,483113,0.0,0.0
1978-08-15,1.3598998181238553,1.372550129890442,1.34724965893243,1.372550129890442,415136,0.0,0.0
1978-08-16,1.372550129890442,1.3788751331985738,1.340924503049137,1.372550129890442,493230,0.0,0.0
1978-08-17,1.3788748118125647,1.4168255856916552,1.3788748118125647,1.3978502750396729,808455,0.0,0.0
1978-08-18,1.3978498049805164,1.4231502615336742,1.3915246526984584,1.4041748046875,540340,0.0,0.0
1978-08-21,1.4041748517206467,1.4105000042145672,1.3662240893322035,1.3851995468139648,415768,0.0,0.0
1978-08-22,1.3851999330049194,1.4041752432018795,1.3598994685505985,1.3788747787475586,558046,0.0,0.0
1978-08-23,1.3851999662216008,1.4041752768735831,1.3851999662216008,1.3978502750396729,325026,0.0,0.0
1978-08-24,1.4041766198629733,1.4674279192981956,1.4041766198629733,1.4547775983810425,1760453,0.0,0.0
1978-08-25,1.4547751566813771,1.4800756034760543,1.4484501594139696,1.461100459098816,943778,0.0,0.0
1978-08-28,1.4611029480533388,1.4737529641371592,1.429477144967411,1.4421274662017822,569744,0.0,0.0
1978-08-29,1.442125565804774,1.442125565804774,1.4041748046875,1.4041748046875,781897,0.0,0.0
1978-08-30,1.404175371592522,1.4294758383601887,1.3978503693319573,1.4105005264282227,385415,0.0,0.0
1978-08-31,1.4105013062330207,1.4231516228982317,1.3725506613878287,1.3915259838104248,405967,0.0,0.0
1978-09-01,1.3915259838104248,1.4105013062330207,1.3788756671452138,1.3915259838104248,362651,0.0,0.0
1978-09-05,1.3915260899901036,1.4231517314910889,1.3915260899901036,1.4231517314910889,302262,0.0,0.0
1978-09-06,1.4421263632328791,1.4800769927599935,1.4421263632328791,1.4484515190124512,1031041,0.0,0.0
1978-09-07,1.4484515190124512,1.4800769927599935,1.4421263632328791,1.4484515190124512,538127,0.0,0.0
1978-09-08,1.4611017803694955,1.5306780338287354,1.4611017803694955,1.5306780338287354,959902,0.0,0.0
1978-09-11,1.5306780338287354,1.5623035064896558,1.5180277227042445,1.5306780338287354,997527,0.0,0.0
1978-09-12,1.530678217028908,1.5433283770922877,1.5117027480710807,1.5243529081344604,477422,0.0,0.0
1978-09-13,1.5243523638214636,1.5370026719428658,1.5053770542144775,1.5053770542144775,720875,0.0,0.0
1978-09-14,1.5053783481541432,1.5117035076516,1.4674276963198971,1.480077862739563,658273,0.0,0.0
1978-09-15,1.4800780876400772,1.4927284085572303,1.4547775983810425,1.4547775983810425,466988,0.0,0.0
1978-09-18,1.4547775983810425,1.4927284085572303,1.4421274300391609,1.4547775983810425,477738,0.0,0.0
1978-09-19,1.4547772206661518,1.4547772206661518,1.4231517317349787,1.4294767379760742,411025,0.0,0.0
1978-09-20,1.4294765306004857,1.4421268463979466,1.4105012094795044,1.4168263673782349,667442,0.0,0.0
1978-09-21,1.4168251092516162,1.4231502615336742,1.3788743481343422,1.4041748046875,685780,0.0,0.0
1978-09-22,1.404176051580774,1.4294765306004857,1.3788755725610622,1.4168263673782349,491017,0.0,0.0
1978-09-25,1.4347615242004395,1.441166750272272,1.4091407744197202,1.4347615242004395,339570,0.1107,0.0
1978-09-26,1.4347611566667646,1.4539766754533334,1.4283559322357178,1.4283559322357178,572906,0.0,0.0
1978-09-27,1.4283553954757013,1.4475709070412954,1.4027346618860712,1.415545105934143,340835,0.0,0.0
1978-09-28,1.4155456378801958,1.4283559322357178,1.4027351890181021,1.4283559322357178,330401,0.0,0.0
1978-09-29,1.428355525879921,1.460381484417453,1.428355525879921,1.447571039199829,509671,0.0,0.0
1978-10-02,1.4475705134258299,1.5116224072365203,1.4475705134258299,1.4795966148376465,270012,0.0,0.0
1978-10-03,1.4795965864831724,1.492406717789467,1.4667861461639404,1.4667861461639404,587766,0.0,0.0
1978-10-04,1.466786857095743,1.4988126644033624,1.4539764105674604,1.4924074411392212,392055,0.0,0.0
1978-10-05,1.4924074411392212,1.511623110931645,1.4924074411392212,1.4924074411392212,459716,0.0,0.0
1978-10-06,1.4924071208533665,1.5308382976839463,1.4860020534703617,1.5116227865219116,535598,0.0,0.0
1978-10-09,1.530838174042418,1.5820796360068878,1.530838174042418,1.5756744146347046,605788,0.0,0.0
1978-10-10,1.5756746291112647,1.5820798513553094,1.5372436046600342,1.5372436046600342,724669,0.0,0.0
1978-10-11,1.5372439665967896,1.5692697763442993,1.5372439665967896,1.5692697763442993,517260,0.0,0.0
1978-10-12,1.56926940686722,1.56926940686722,1.5308383824159897,1.5372436046600342,364548,0.0,0.0
1978-10-13,1.5372435802711757,1.543648647907083,1.5180279138439043,1.5244331359863281,255152,0.0,0.0
1978-10-16,1.5244326640810784,1.5244326640810784,1.4603809260043243,1.4667861461639404,409128,0.0,0.0
1978-10-17,1.4603814618729851,1.4603814618729851,1.3899244777833089,1.4091399908065796,869161,0.0,0.0
1978-10-18,1.409138589619329,1.4219488673946745,1.3835177250558948,1.389923095703125,572590,0.0,0.0
1978-10-19,1.3899246697790035,1.4091401854565881,1.3771142229895827,1.3835192918777466,584921,0.0,0.0
1978-10-20,1.3835180652959054,1.3835180652959054,1.3258715693706482,1.3514922857284546,647839,0.0,0.0
1978-10-23,1.3514936278111698,1.377114369611312,1.3386833341643802,1.3707093000411987,558046,0.0,0.0
1978-10-24,1.370708196322042,1.38351832514732,1.3578977584838867,1.3578977584838867,583340,0.0,0.0
1978-10-25,1.3578987073119981,1.4155454088512986,1.3514934839172876,1.3835192918777466,483429,0.0,0.0
1978-10-26,1.3835180652959054,1.3963285007280133,1.3450872225188102,1.3514922857284546,395849,0.0,0.0
1978-10-27,1.3514927895456261,1.3771135154544725,1.3002513377279334,1.3258720636367798,601678,0.0,0.0
1978-10-30,1.3258724378408975,1.4091398591720263,1.300251704701051,1.402734637260437,888447,0.0,0.0
1978-10-31,1.4027347708436917,1.4091399933652542,1.3258725641045193,1.338683009147644,692736,0.0,0.0
1978-11-01,1.364303763311385,1.447571039199829,1.364303763311385,1.447571039199829,725618,0.0,0.0
1978-11-02,1.4283557011341728,1.4283557011341728,1.370709154101419,1.3835192918777466,570061,0.0,0.0
1978-11-03,1.3835192918777466,1.3963297386671674,1.3514934839172876,1.3835192918777466,654479,0.0,0.0
1978-11-06,1.3835197914415722,1.3899251716556955,1.3643044233322144,1.3643044233322144,461297,0.0,0.0
1978-11-07,1.3450882810764795,1.3450882810764795,1.3130623217988273,1.319467544555664,509355,0.0,0.0
1978-11-08,1.3194669980394187,1.3258720636367798,1.2874409747735103,1.3258720636367798,769882,0.0,0.0
1978-11-09,1.3258726128059695,1.3450882810764795,1.3066570990419908,1.319467544555664,459716,0.0,0.0
1978-11-10,1.3194669980394187,1.3258720636367798,1.3066565578317617,1.3258720636367798,316806,0.0,0.0
1978-11-13,1.3258725291684386,1.3258725291684386,1.2874414268114927,1.2938467264175415,328820,0.0,0.0
1978-11-14,1.2938467264175415,1.313062238969384,1.2810362817119654,1.2938467264175415,402489,0.0,0.0
1978-11-15,1.2938465616947632,1.332277581905701,1.2938465616947632,1.313062071800232,379092,0.0,0.0
1978-11-16,1.319468074703064,1.3450888215180068,1.319468074703064,1.3322783708572388,439481,0.0,0.0
1978-11-17,1.332277207959066,1.3578979324105744,1.332277207959066,1.3450876474380493,220057,0.0,0.0
1978-11-20,1.3514925395648092,1.377113260734681,1.3514925395648092,1.3578977584838867,289299,0.0,0.0
1978-11-21,1.3578991976246935,1.3707096490397352,1.345088900716254,1.3643044233322144,343048,0.0,0.0
1978-11-22,1.3643039307067084,1.3899246697790035,1.3450884150291238,1.3835192918777466,273174,0.0,0.0
1978-11-24,1.3835192918777466,1.3963297386671674,1.3771142229895827,1.3835192918777466,192866,0.0,0.0
1978-11-27,1.3835192454232836,1.3963296917825678,1.3643038848974403,1.377114176750183,242189,0.0,0.0
1978-11-28,1.377113002086261,1.3835180652959054,1.3514922857284546,1.3514922857284546,319651,0.0,0.0
1978-11-29,1.3258723603683773,1.3258723603683773,1.2874412629041887,1.313062071800232,234601,0.0,0.0
1978-11-30,1.3130617032470493,1.3450876474380493,1.3066564835075576,1.3450876474380493,286769,0.0,0.0
1978-12-01,1.3450874751521702,1.3643029774029645,1.3450874751521702,1.3578977584838867,254203,0.0,0.0
1978-12-04,1.3578980096494544,1.3643032297532829,1.3258720636367798,1.3258720636367798,344629,0.0,0.0
1978-12-05,1.3258718183949374,1.3578977584838867,1.3194667539822984,1.3578977584838867,361070,0.0,0.0
1978-12-06,1.3578991176721815,1.383519709980531,1.3258731455268549,1.3322783708572388,501451,0.0,0.0
1978-12-07,1.3322783708572388,1.3514938923417976,1.3258731455268549,1.3322783708572388,309850,0.0,0.0
1978-12-08,1.3322783708572388,1.3450888215180068,1.3322783708572388,1.3322783708572388,226696,0.0,0.0
1978-12-11,1.3322767870867023,1.3578975034445087,1.3322767870867023,1.3514922857284546,322497,0.0,0.0
1978-12-12,1.3514938923417976,1.3578991176721815,1.3258731455268549,1.3322783708572388,264005,0.0,0.0
1978-12-13,1.3322783708572388,1.3450888215180068,1.3258731455268549,1.3322783708572388,281394,0.0,0.0
1978-12-14,1.3322783708572388,1.338683596187623,1.319468074703064,1.3322783708572388,528010,0.0,0.0
1978-12-15,1.3322773257617453,1.3322773257617453,1.3002513787389456,1.3066565990447998,396165,0.0,0.0
1978-12-18,1.3002521329284347,1.3002521329284347,1.2746314686038875,1.281036615371704,541605,0.0,0.0
1978-12-19,1.2810358723278545,1.3322773257617453,1.2810358723278545,1.3066565990447998,366761,0.0,0.0
1978-12-20,1.3066570990419908,1.319467544555664,1.300251876285154,1.319467544555664,494811,0.0,0.0
1978-12-21,1.319467461322172,1.319467461322172,1.2874414268114927,1.2938467264175415,418930,0.0,0.0
1978-12-22,1.3120336314616932,1.3445096036350583,1.3055382960165176,1.3315192461013794,326291,0.1107,0.0
1978-12-26,1.3315196945778935,1.3510053157806396,1.3120340733751472,1.3510053157806396,255152,0.0,0.0
1978-12-27,1.338014503207387,1.338014503207387,1.2795574242708239,1.3315192461013794,433158,0.0,0.0
1978-12-28,1.331518396027537,1.3445087452678597,1.3250231430682575,1.3380136489868164,470150,0.0,0.0
1978-12-29,1.338014629430876,1.338014629430876,1.2925480604171753,1.2925480604171753,331034,0.0,0.0
1979-01-02,1.2925476076401443,1.331518905283525,1.2925476076401443,1.3120332956314087,267483,0.0,0.0
1979-01-03,1.3185287318893646,1.3510048607410656,1.3185287318893646,1.3315192461013794,284240,0.0,0.0
1979-01-04,1.331518906572807,1.3574997716935508,1.3250236511230469,1.3250236511230469,1282083,0.0,0.0
1979-01-05,1.3250239889953719,1.3445096036350583,1.3250239889953719,1.3315192461013794,330085,0.0,0.0
1979-01-08,1.3315189248504222,1.3315189248504222,1.3055379810338927,1.318528413772583,257997,0.0,0.0
1979-01-09,1.3185287318893646,1.3510048607410656,1.3185287318893646,1.3315192461013794,845764,0.0,0.0
1979-01-10,1.3315189248504222,1.338014180389342,1.318528413772583,1.318528413772583,376246,0.0,0.0
1979-01-11,1.318528442153051,1.36399507522583,1.318528442153051,1.36399507522583,469517,0.0,0.0
1979-01-12,1.3639945010542345,1.389975356154231,1.3574992481096764,1.3704895973205566,525796,0.0,0.0
1979-01-15,1.370489893889249,1.4224516153335571,1.370489893889249,1.4224516153335571,672501,0.0,0.0
1979-01-16,1.422452113607035,1.4484329834300778,1.3575000173885905,1.389976143836975,770831,0.0,0.0
1979-01-17,1.3899766098030946,1.422452590460177,1.3769860921975599,1.4159573316574097,412290,0.0,0.0
1979-01-18,1.4159566634520175,1.4744136517336792,1.4094615643927355,1.4679183959960938,839756,0.0,0.0
1979-01-19,1.461423555344715,1.461423555344715,1.4354426844787573,1.4484330415725708,463510,0.0,0.0
1979-01-22,1.448434327572296,1.4614248528781437,1.4354439589449182,1.4549295902252197,424937,0.0,0.0
1979-01-23,1.454927905421267,1.480908769268698,1.448432650289837,1.474413514137268,618751,0.0,0.0
1979-01-24,1.4744138730200143,1.500394899869699,1.4549282595610773,1.4614235162734985,826477,0.0,0.0
1979-01-25,1.4614248528781437,1.4809104841584453,1.448434327572296,1.4549295902252197,328820,0.0,0.0
1979-01-26,1.4549295902252197,1.4679199588525975,1.448434327572296,1.4549295902252197,530223,0.0,0.0
1979-01-29,1.454928077603741,1.4614233335038476,1.4419375658035278,1.4419375658035278,251990,0.0,0.0
1979-01-30,1.4419375467985465,1.4549280584275424,1.4224519360333576,1.4354424476623535,487539,0.0,0.0
1979-01-31,1.4289476363946283,1.4289476363946283,1.3510050124075543,1.3834811449050903,346842,0.0,0.0
1979-02-01,1.3834811449050903,1.3899764027402681,1.3704906292347343,1.3834811449050903,429363,0.0,0.0
1979-02-02,1.383481455570809,1.383481455570809,1.3510053157806396,1.3510053157806396,382886,0.0,0.0
1979-02-05,1.3445098400115967,1.3445098400115967,1.312033862128672,1.3445098400115967,509988,0.0,0.0
1979-02-06,1.3445098400115967,1.3575003565074575,1.3315194801940995,1.3445098400115967,356644,0.0,0.0
1979-02-07,1.3380141607269957,1.3380141607269957,1.299042784744467,1.3120332956314087,822051,0.0,0.0
1979-02-08,1.3120327938279348,1.3380136489868164,1.3120327938279348,1.3380136489868164,496708,0.0,0.0
1979-02-09,1.33801473844203,1.3510050982595272,1.3315194801940995,1.3445098400115967,262740,0.0,0.0
1979-02-12,1.3445093081896526,1.3704901742262543,1.3315189535105028,1.36399507522583,285188,0.0,0.0
1979-02-13,1.3834810233369155,1.4029664817735306,1.3834810233369155,1.396471381187439,321548,0.0,0.0
1979-02-14,1.3964715038970923,1.4094620195674483,1.3639955280779101,1.3834811449050903,310798,0.0,0.0
1979-02-15,1.3769859745728852,1.3769859745728852,1.33801473844203,1.3445098400115967,534333,0.0,0.0
1979-02-16,1.3445098400115967,1.3575003565074575,1.33801473844203,1.3445098400115967,236498,0.0,0.0
1979-02-20,1.34450874222056,1.3704895973205566,1.3380136459542378,1.3704895973205566,300681,0.0,0.0
1979-02-21,1.370489819093976,1.3964706783982095,1.370489819093976,1.3769850730895996,303843,0.0,0.0
1979-02-22,1.3704904753807519,1.3704904753807519,1.3315192461013794,1.3315192461013794,587766,0.0,0.0
1979-02-23,1.331518905283525,1.3445092594921706,1.299042784744467,1.3120332956314087,539076,0.0,0.0
1979-02-26,1.3120333149119616,1.3250236693115027,1.2990428038341222,1.318528413772583,236814,0.0,0.0
1979-02-27,1.3185283943965833,1.3185283943965833,1.2665667425445573,1.3120332956314087,444540,0.0,0.0
1979-02-28,1.3120332969018231,1.3250236511230469,1.299042786002303,1.3250236511230469,282027,0.0,0.0
1979-03-01,1.3250239889953719,1.3315192461013794,1.3120336314616932,1.3315192461013794,249145,0.0,0.0
1979-03-02,1.3315192461013794,1.338014503207387,1.3185287318893646,1.3315192461013794,233652,0.0,0.0
1979-03-05,1.33801473844203,1.363995614755388,1.33801473844203,1.3445098400115967,275703,0.0,0.0
1979-03-06,1.3445087452678597,1.3574992511864186,1.3380136489868164,1.3380136489868164,307321,0.0,0.0
1979-03-07,1.3380138624723799,1.389975581080847,1.3380138624723799,1.3769850730895996,513782,0.0,0.0
1979-03-08,1.3769860921975599,1.4159573316574097,1.3769860921975599,1.4159573316574097,663964,0.0,0.0
1979-03-09,1.4159571207242725,1.4419379953866305,1.3834811449050903,1.3834811449050903,572906,0.0,0.0
1979-03-12,1.3834813510003272,1.4159573316574097,1.3704908333947925,1.4159573316574097,375298,0.0,0.0
1979-03-13,1.4159573316574097,1.441938210190102,1.4094622295330195,1.4159573316574097,366129,0.0,0.0
1979-03-14,1.415956532767679,1.4354422981820152,1.3964709240316318,1.402966022491455,417349,0.0,0.0
1979-03-15,1.4029664817735306,1.4094618957163023,1.3899762806013471,1.396471381187439,213417,0.0,0.0
1979-03-16,1.3964709240316318,1.4094614343078558,1.3964709240316318,1.402966022491455,177057,0.0,0.0
1979-03-19,1.402966814051875,1.4354431080657117,1.3964717119274848,1.4159573316574097,436952,0.0,0.0
1979-03-20,1.4159563609834511,1.4289468696836631,1.409461263311615,1.4224516153335571,626972,0.0,0.0
1979-03-21,1.4224534336390704,1.4614248528781437,1.4029676456802986,1.4549295902252197,1176165,0.0,0.0
1979-03-22,1.4549280411992265,1.4809089074712645,1.3120333550421681,1.4679183959960938,770831,0.0,0.0
1979-03-23,1.4679183959960938,1.4809089074712645,1.4614232969368117,1.4679183959960938,767353,0.0,0.0
1979-03-26,1.4863348636207536,1.5060650987834951,1.4797582772104916,1.499488353729248,607685,0.1107,0.0
1979-03-27,1.4994865608795225,1.5586767196655273,1.4994865608795225,1.5586767196655273,750596,0.0,0.0
1979-03-28,1.558676478585879,1.558676478585879,1.4994863289547826,1.519216537475586,759448,0.0,0.0
1979-03-29,1.5192171352132875,1.5257937153306804,1.4994869189296083,1.5126402378082275,332298,0.0,0.0
1979-03-30,1.5060646861189873,1.5060646861189873,1.473181128501892,1.473181128501892,311115,0.0,0.0
1979-04-02,1.4731802705253694,1.4731802705253694,1.427143411859553,1.4337199926376343,578913,0.0,0.0
1979-04-03,1.4337203978481976,1.4797574281692505,1.4271438152113851,1.4797574281692505,505561,0.0,0.0
1979-04-04,1.4797571464518515,1.5126405293072307,1.4797571464518515,1.4863337278366089,563105,0.0,0.0
1979-04-05,1.4863334414071554,1.5192171352132875,1.4797568612897625,1.5126402378082275,445172,0.0,0.0
1979-04-06,1.5126416851937572,1.5257951753022516,1.499488353729248,1.499488353729248,445488,0.0,0.0
1979-04-09,1.499487207893852,1.499487207893852,1.4863337278366089,1.4863337278366089,400275,0.0,0.0
1979-04-10,1.4863337278366089,1.499487207893852,1.4731804064232301,1.4863337278366089,466356,0.0,0.0
1979-04-11,1.4863337278366089,1.5060639479224733,1.4863337278366089,1.4863337278366089,433158,0.0,0.0
1979-04-12,1.4797574281692505,1.4797574281692505,1.466603945607837,1.4797574281692505,538127,0.0,0.0
1979-04-16,1.4731802246622672,1.4731802246622672,1.446873426437378,1.446873426437378,305423,0.0,0.0
1979-04-17,1.4468734714814957,1.4666035311034387,1.427143411859553,1.4337199926376343,598516,0.0,0.0
1979-04-18,1.4337203990380891,1.4468738816104192,1.4205669164657593,1.4205669164657593,252623,0.0,0.0
1979-04-19,1.4205661641476128,1.4337196397539889,1.4074130058288574,1.4074130058288574,383202,0.0,0.0
1979-04-20,1.4074139250975202,1.4139905085524693,1.387683698800931,1.4008371829986572,268747,0.0,0.0
1979-04-23,1.400837009895053,1.4205669164657593,1.400837009895053,1.4205669164657593,279497,0.0,0.0
1979-04-24,1.4205670920074185,1.4205670920074185,1.394260440899794,1.4008371829986572,434106,0.0,0.0
1979-04-25,1.4008362680256694,1.4074130058288574,1.3942595302224814,1.4074130058288574,359489,0.0,0.0
1979-04-26,1.4008356694641944,1.4008356694641944,1.3876821994781494,1.3876821994781494,290880,0.0,0.0
1979-04-27,1.387683279349291,1.394260019460219,1.3613764775494455,1.3745299577713013,490385,0.0,0.0
1979-04-30,1.3745304003324015,1.38110714256086,1.3679536581039429,1.3679536581039429,515046,0.0,0.0
1979-05-01,1.3679533840919318,1.3811068659141013,1.3613766431808472,1.3613766431808472,399011,0.0,0.0
1979-05-02,1.3613754481294567,1.3613754481294567,1.341645401359645,1.3482221364974976,515046,0.0,0.0
1979-05-03,1.3482225335551514,1.367952586135553,1.3416457964804198,1.3547992706298828,811933,0.0,0.0
1979-05-04,1.354799312711946,1.361375891347163,1.328492522239685,1.328492522239685,437900,0.0,0.0
1979-05-07,1.321916585238176,1.321916585238176,1.3087632605717607,1.3153399229049683,455290,0.0,0.0
1979-05-08,1.3153399229049683,1.3153399229049683,1.3021865982385532,1.3153399229049683,292777,0.0,0.0
1979-05-09,1.3153386194519805,1.3547988716353503,1.3153386194519805,1.3482221364974976,418297,0.0,0.0
1979-05-10,1.3482227752516949,1.3547995135054414,1.3284927191342764,1.3350692987442017,258946,0.0,0.0
1979-05-11,1.335069100874902,1.335069100874902,1.3219157056387716,1.328492522239685,181484,0.0,0.0
1979-05-14,1.3284934062152867,1.3350699892265427,1.3153399229049683,1.3153399229049683,226380,0.0,0.0
1979-05-15,1.3153399229049683,1.3284934062152867,1.3153399229049683,1.3153399229049683,478686,0.0,0.0
1979-05-16,1.315339328926626,1.315339328926626,1.3021860101999607,1.3087626695632935,285505,0.0,0.0
1979-05-17,1.3087623490724514,1.3547992706298828,1.3021856913196164,1.3547992706298828,466040,0.0,0.0
1979-05-18,1.3547988716353503,1.3679521832673094,1.3482221364974976,1.3482221364974976,444224,0.0,0.0
1979-05-21,1.3482235900624842,1.3679536581039429,1.3416468478340258,1.3679536581039429,416400,0.0,0.0
1979-05-22,1.3679532176603735,1.3811066978822293,1.3547998960823837,1.3745299577713013,283291,0.0,0.0
1979-05-23,1.374528918405162,1.3942589651749737,1.3482221364974976,1.3482221364974976,405334,0.0,0.0
1979-05-24,1.3482221364974976,1.3547988716353503,1.3350686662217923,1.3482221364974976,299416,0.0,0.0
1979-05-25,1.348223532451885,1.348223532451885,1.3416467905044556,1.3416467905044556,151131,0.0,0.0
1979-05-29,1.3416467905044556,1.3548002743993144,1.3416467905044556,1.3416467905044556,276968,0.0,0.0
1979-05-30,1.3416460369979482,1.3416460369979482,1.3350692987442017,1.3350692987442017,311431,0.0,0.0
1979-05-31,1.335070048557026,1.3548002743993144,1.328493465253507,1.3416467905044556,333247,0.0,0.0
1979-06-01,1.341645401359645,1.3547988716353503,1.341645401359645,1.3482221364974976,295306,0.0,0.0
1979-06-04,1.348223320002563,1.3613766431808472,1.348223320002563,1.3613766431808472,239976,0.0,0.0
1979-06-05,1.3613764775494455,1.3811066978822293,1.3547998960823837,1.3745299577713013,342732,0.0,0.0
1979-06-06,1.3745288881358473,1.394258934471172,1.3679521531428247,1.3876821994781494,296571,0.0,0.0
1979-06-07,1.3876835554700648,1.3942602968896305,1.3613767484357002,1.381106972694397,456554,0.0,0.0
1979-06-08,1.3745301250030166,1.3745301250030166,1.3219164356801667,1.3613766431808472,284556,0.0,0.0
1979-06-11,1.3613754181498023,1.3876821994781494,1.3613754181498023,1.3876821994781494,320916,0.0,0.0
1979-06-12,1.3876835273227233,1.4271438163958186,1.3811069446804527,1.4205669164657593,800867,0.0,0.0
1979-06-13,1.4205665137937729,1.4337199926376343,1.4205665137937729,1.4337199926376343,706964,0.0,0.0
1979-06-14,1.4337203990380891,1.4337203990380891,1.4074137511812181,1.4205669164657593,881808,0.0,0.0
1979-06-15,1.4205661641476128,1.4271430605946112,1.4074130058288574,1.4074130058288574,433158,0.0,0.0
1979-06-18,1.4074136768754786,1.4205668414655859,1.4074136768754786,1.4139902591705322,614325,0.0,0.0
1979-06-19,1.4139903338234887,1.4271438163958186,1.394260268608888,1.4205669164657593,396798,0.0,0.0
1979-06-20,1.42056631896933,1.4337197960092498,1.42056631896933,1.4271432161331177,207094,0.0,0.0
1979-06-21,1.427143367429672,1.4534501656545613,1.4205664695686442,1.446873426437378,415768,0.0,0.0
1979-06-22,1.4468734212841567,1.460026741027832,1.4468734212841567,1.460026741027832,378460,0.0,0.0
1979-06-25,1.4586941518166598,1.4586941518166598,1.405408501625061,1.405408501625061,343364,0.1107,0.0
1979-06-26,1.4054092759537016,1.425391526287731,1.3920879364013672,1.3920879364013672,301313,0.0,0.0
1979-06-27,1.392087896762428,1.4187307357788086,1.392087896762428,1.4187307357788086,467937,0.0,0.0
1979-06-28,1.418730307005941,1.425391054914592,1.405408811188639,1.41206955909729,256417,0.0,0.0
1979-06-29,1.4120700069386254,1.4120700069386254,1.378766417503357,1.378766417503357,326923,0.0,0.0
1979-07-02,1.3787653936196773,1.3854261386944713,1.3454619895861684,1.3654440641403198,307004,0.0,0.0
1979-07-03,1.372105828152583,1.3920879175456042,1.372105828152583,1.378766417503357,317754,0.0,0.0
1979-07-05,1.3787664262613684,1.3854271763248016,1.3721058368682861,1.3721058368682861,302894,0.0,0.0
1979-07-06,1.3721053929859812,1.41206955909729,1.36544464507733,1.41206955909729,956424,0.0,0.0
1979-07-09,1.4120699858571266,1.432052074951825,1.4120699858571266,1.4187307357788086,522635,0.0,0.0
1979-07-10,1.4187299945080925,1.4253907409496083,1.3987479158538088,1.405408501625061,448018,0.0,0.0
1979-07-11,1.4054092759537016,1.4054092759537016,1.385427186290024,1.3920879364013672,410709,0.0,0.0
1979-07-12,1.3920879175456042,1.3987486675667278,1.372105828152583,1.378766417503357,375298,0.0,0.0
1979-07-13,1.3721048092151138,1.3721048092151138,1.3587833190655259,1.3654440641403198,292777,0.0,0.0
1979-07-16,1.3654450868048529,1.3721058368682861,1.3587843367414196,1.3721058368682861,203616,0.0,0.0
1979-07-17,1.3721056347306435,1.3787662231424926,1.332141300907913,1.3454627990722656,632347,0.0,0.0
1979-07-18,1.3454629972849041,1.3721058368682861,1.3321414971580379,1.3721058368682861,394584,0.0,0.0
1979-07-19,1.372105828152583,1.378766417503357,1.3587843281103358,1.378766417503357,677876,0.0,0.0
1979-07-20,1.3787670793848155,1.3920885858220937,1.3721064868366033,1.3854278326034546,380989,0.0,0.0
1979-07-23,1.3854278326034546,1.3920885858220937,1.3721064868366033,1.3854278326034546,291828,0.0,0.0
1979-07-24,1.3854278326034546,1.405409931588945,1.3787670793848155,1.3854278326034546,214998,0.0,0.0
1979-07-25,1.3920874985830742,1.4320516653415045,1.3920874985830742,1.4253910779953003,625391,0.0,0.0
1979-07-26,1.4253917733304275,1.4453738664573146,1.418731022064672,1.4387129545211792,1117041,0.0,0.0
1979-07-27,1.438712150107209,1.4453730583190918,1.4253909763646035,1.4453730583190918,371188,0.0,0.0
1979-07-30,1.445373022783021,1.478676438331604,1.438712114734904,1.478676438331604,537495,0.0,0.0
1979-07-31,1.4786777618524498,1.4986600218714743,1.4586956625038552,1.4919992685317993,598200,0.0,0.0
1979-08-01,1.4919992685317993,1.4919992685317993,1.4786777618524498,1.4919992685317993,400275,0.0,0.0
1979-08-02,1.4919981401931,1.5186409727324575,1.4919981401931,1.5053194761276245,650052,0.0,0.0
1979-08-03,1.4986594915390015,1.4986594915390015,1.4919987405563748,1.4986594915390015,250093,0.0,0.0
1979-08-06,1.4986588884955163,1.5053194761276245,1.4919981401931,1.5053194761276245,353166,0.0,0.0
1979-08-07,1.505318768782273,1.5452830791473389,1.505318768782273,1.5452830791473389,670288,0.0,0.0
1979-08-08,1.5452833224820017,1.5652654004759816,1.5386227369308472,1.5386227369308472,625391,0.0,0.0
1979-08-09,1.5386246895603308,1.5386246895603308,1.5186424255371094,1.5186424255371094,292777,0.0,0.0
1979-08-10,1.518642185788341,1.5719278934304342,1.5053206785425994,1.5586063861846924,396481,0.0,0.0
1979-08-13,1.5652661834805972,1.618551858566868,1.5652661834805972,1.611891269683838,1248885,0.0,0.0
1979-08-14,1.6118906430085116,1.6185512293020201,1.5919084021171575,1.6052297353744507,816676,0.0,0.0
1979-08-15,1.605230359460131,1.611891269683838,1.5852482714703642,1.611891269683838,664913,0.0,0.0
1979-08-16,1.6052290844996722,1.6052290844996722,1.5652649402618408,1.5652649402618408,555200,0.0,0.0
1979-08-17,1.5652657207083651,1.585247802790411,1.5652657207083651,1.5785870552062988,269380,0.0,0.0
1979-08-20,1.5785873637923562,1.598569610450871,1.5719267755765072,1.5852481126785278,394268,0.0,0.0
1979-08-21,1.5852476551533727,1.6052297353744507,1.5852476551533727,1.6052297353744507,480900,0.0,0.0
1979-08-22,1.6052297353744507,1.6118906430085116,1.5919084021171575,1.6052297353744507,535282,0.0,0.0
1979-08-23,1.605230509835073,1.605230509835073,1.5919091701507568,1.5919091701507568,284240,0.0,0.0
1979-08-24,1.5919088615646995,1.598569610450871,1.5785873637923562,1.5852481126785278,354430,0.0,0.0
1979-08-27,1.585248724707509,1.6118917305384626,1.585248724707509,1.5985702276229858,268747,0.0,0.0
1979-08-28,1.6052307059644673,1.6185522079467771,1.6052307059644673,1.6185522079467773,497657,0.0,0.0
1979-08-29,1.618551858566868,1.618551858566868,1.605230359460131,1.611891269683838,467304,0.0,0.0
1979-08-30,1.6118916176259954,1.645195051241024,1.6052307059644673,1.6185522079467773,299732,0.0,0.0
1979-08-31,1.6185526205554928,1.6318739652633667,1.611892028536763,1.6318739652633667,300997,0.0,0.0
1979-09-04,1.6318730335410843,1.6318730335410843,1.5852481126785278,1.5852481126785278,403121,0.0,0.0
1979-09-05,1.571925684524883,1.571925684524883,1.5586041959987986,1.5652649402618408,696214,0.0,0.0
1979-09-06,1.5652671398075633,1.5719278934304342,1.5519456325618217,1.5586063861846924,355063,0.0,0.0
1979-09-07,1.558605277804164,1.5919088615646995,1.545283940702143,1.5852481126785278,298468,0.0,0.0
1979-09-10,1.5852482714703642,1.611891269683838,1.5852482714703642,1.611891269683838,334828,0.0,0.0
1979-09-11,1.611892028536763,1.6451954706416547,1.6052311151772047,1.6318739652633667,1028196,0.0,0.0
1979-09-12,1.6318731509654347,1.6585159877569315,1.6185518129048533,1.64519464969635,862205,0.0,0.0
1979-09-13,1.6518547243708654,1.6918190474572654,1.6518547243708654,1.678497552871704,1111666,0.0,0.0
1979-09-14,1.6784981109365784,1.7184624473102692,1.6651767725922397,1.7051409482955933,975395,0.0,0.0
1979-09-17,1.705140948295593,1.8383551350906668,1.705140948295593,1.7051409482955933,679773,0.0,0.0
1979-09-18,1.7051417942670675,1.718463299890938,1.6784989436897435,1.6984812021255493,586185,0.0,0.0
1979-09-19,1.6984810237082957,1.731784462928772,1.6918202715960404,1.731784462928772,718030,0.0,0.0
1979-09-20,1.731784462928772,1.8583381103800225,1.731784462928772,1.731784462928772,1479059,0.0,0.0
1979-09-21,1.805051879920694,1.838355472906916,1.805051879920694,1.8316947221755981,925439,0.0,0.0
1979-09-24,1.8263029101977009,1.8263029101977009,1.772389888763428,1.7723898887634277,644994,0.12651,0.0
1979-09-25,1.7723886247997982,1.812823443320738,1.7386931323544914,1.7926061153411865,646575,0.0,0.0
1979-09-26,1.7926061153411865,1.8263016077864933,1.7926061153411865,1.7926061153411865,575436,0.0,0.0
1979-09-27,1.7926076949573064,1.7926076949573064,1.7656511797103254,1.785868525505066,541605,0.0,0.0
1979-09-28,1.7858675135757818,1.7926066792093969,1.7589110136032104,1.7589110136032104,402489,0.0,0.0
1979-10-01,1.7521723508834839,1.7521723508834839,1.731955173303619,1.7521723508834839,507458,0.0,0.0
1979-10-02,1.7521728408058448,1.7926076949573064,1.7386946644633443,1.785868525505066,528326,0.0,0.0
1979-10-03,1.7858679572094482,1.7993461292629493,1.7723896225940183,1.7791287899017334,882124,0.0,0.0
1979-10-04,1.7791287899017332,1.792607124517163,1.765650617848232,1.7791287899017334,476157,0.0,0.0
1979-10-05,1.7791293560528256,1.8195642102042873,1.7791293560528256,1.785868525505066,724669,0.0,0.0
1979-10-08,1.7858685723689758,1.7926077419980622,1.7589120564146148,1.7656512260437012,425253,0.0,0.0
1979-10-09,1.7386938136190426,1.7386938136190426,1.678041643353485,1.6915199756622314,824264,0.0,0.0
1979-10-10,1.6780433654785156,1.6780433654785156,1.5702172465974702,1.6780433654785156,1278921,0.0,0.0
1979-10-11,1.6780416037777208,1.6915199357685877,1.6241286009380476,1.6713024377822876,638354,0.0,0.0
1979-10-12,1.6713022227344372,1.7049980483759342,1.6308677196502686,1.6308677196502686,603575,0.0,0.0
1979-10-15,1.6308674600165651,1.6376064615101413,1.6039108037948608,1.6039108037948608,797389,0.0,0.0
1979-10-16,1.6039120116825374,1.6241293565124155,1.5836946668526595,1.5904338359832764,766088,0.0,0.0
1979-10-17,1.590432189650926,1.617388675707474,1.5499973792852015,1.583693027496338,682618,0.0,0.0
1979-10-18,1.583694122707514,1.597172293775779,1.5567377805709839,1.5567377805709839,460348,0.0,0.0
1979-10-19,1.5567390390450917,1.5971735849373367,1.4960866512395565,1.509564995765686,640251,0.0,0.0
1979-10-22,1.5095631830128606,1.5163023471832275,1.4623893589439982,1.5163023471832275,667758,0.0,0.0
1979-10-23,1.516304168028751,1.5230431777297677,1.4960866512395565,1.509564995765686,473312,0.0,0.0
1979-10-24,1.509564995765686,1.5297823499928325,1.4960866512395565,1.509564995765686,429047,0.0,0.0
1979-10-25,1.509564995765686,1.5365215222558974,1.509564995765686,1.509564995765686,276968,0.0,0.0
1979-10-26,1.523043800006633,1.5365221500396729,1.523043800006633,1.5365221500396729,336725,0.0,0.0
1979-10-29,1.5365202801257114,1.5904332895226048,1.5297811133106207,1.5567377805709839,339886,0.0,0.0
1979-10-30,1.5634777221735803,1.6241297721862793,1.5634777221735803,1.6241297721862793,818889,0.0,0.0
1979-10-31,1.624128133399289,1.624128133399289,1.5971716397394347,1.6039108037948608,486907,0.0,0.0
1979-11-01,1.60391170093307,1.6241290418459442,1.5769551921952571,1.6173900365829468,247248,0.0,0.0
1979-11-02,1.6173907832177359,1.6308691250896088,1.603912441345863,1.6106516122817993,303526,0.0,0.0
1979-11-05,1.6039103513982977,1.6039103513982977,1.5769538653417496,1.583693027496338,166623,0.0,0.0
1979-11-06,1.5836936560069066,1.5836936560069066,1.563476324081421,1.563476324081421,170101,0.0,0.0
1979-11-07,1.5634786875436382,1.5634786875436382,1.5365221500396729,1.5365221500396729,501451,0.0,0.0
1979-11-08,1.5365208080622867,1.6106511808131543,1.5365208080622867,1.5904338359832764,274122,0.0,0.0
1979-11-09,1.617390202516404,1.657824888490482,1.617390202516404,1.6443467140197754,572590,0.0,0.0
1979-11-12,1.6443467140197754,1.65108571997415,1.6241292084707786,1.6443467140197754,220689,0.0,0.0
1979-11-13,1.644345905199337,1.6645632382418796,1.630867737358268,1.6376067399978638,361386,0.0,0.0
1979-11-14,1.6376067399978638,1.6510849078389327,1.6106502417538477,1.6376067399978638,1147709,0.0,0.0
1979-11-15,1.6376081138971106,1.6376081138971106,1.6173907638928777,1.6241297721862793,305740,0.0,0.0
1979-11-16,1.6241297915916564,1.6308691250896088,1.603912441345863,1.6106516122817993,480584,0.0,0.0
1979-11-19,1.6106499678502868,1.6106499678502868,1.5904326382458587,1.6039108037948608,472679,0.0,0.0
1979-11-20,1.603912441345863,1.6173907832177359,1.5971732704099266,1.6106516122817993,501135,0.0,0.0
1979-11-21,1.6039120255196277,1.6039120255196277,1.5634773355110383,1.5971728563308716,563105,0.0,0.0
1979-11-23,1.5971718940087716,1.6376067222166921,1.5904328914423482,1.6308677196502686,363916,0.0,0.0
1979-11-26,1.6443460935926757,1.725215435028076,1.6443460935926757,1.7252154350280762,998476,0.0,0.0
1979-11-27,1.7252149639917556,1.7386932922589249,1.7049977967147052,1.711736798286438,760713,0.0,0.0
1979-11-28,1.7117364897815408,1.745432141814672,1.6780408377484095,1.7319539785385132,711390,0.0,0.0
1979-11-29,1.7319539785385132,1.7521711421718402,1.7252146530576997,1.7319539785385132,567215,0.0,0.0
1979-11-30,1.7319547635635546,1.7386937669752403,1.711737265642808,1.7252154350280762,559627,0.0,0.0
1979-12-03,1.7252162718443271,1.731955603648719,1.7049990892410278,1.7049990892410278,412290,0.0,0.0
1979-12-04,1.7049982622311224,1.7386937669752403,1.6982589336956437,1.7252154350280762,377195,0.0,0.0
1979-12-05,1.7319543546931981,1.7521715227173928,1.7319543546931981,1.738693356513977,449599,0.0,0.0
1979-12-06,1.738693356513977,1.738693356513977,1.7117368615452875,1.738693356513977,392055,0.0,0.0
1979-12-07,1.7386943331636033,1.745433501331728,1.67804214477438,1.6847813129425049,577016,0.0,0.0
1979-12-10,1.684782538549098,1.6915217116196801,1.6578260088288366,1.6780433654785156,479635,0.0,0.0
1979-12-11,1.684780304313951,1.7252149639917556,1.684780304313951,1.711736798286438,684832,0.0,0.0
1979-12-12,1.7117372487733145,1.7319547464948137,1.6982589169589817,1.718476414680481,543502,0.0,0.0
1979-12-13,1.718476414680481,1.7319547464948137,1.7117372487733145,1.718476414680481,461297,0.0,0.0
1979-12-14,1.7252163708311674,1.7656512260437012,1.7252163708311674,1.7656512260437012,392055,0.0,0.0
1979-12-17,1.7656511797103254,1.7993467018475664,1.7454338339155846,1.785868525505066,896984,0.0,0.0
1979-12-18,1.7858671820687195,1.7858671820687195,1.7319543546931981,1.738693356513977,797705,0.0,0.0
1979-12-19,1.7386947100893402,1.7723902331108032,1.7319557030222383,1.7656512260437012,487856,0.0,0.0
1979-12-20,1.7656508830056084,1.7858682254029725,1.758911714685836,1.7723898887634277,550142,0.0,0.0
1979-12-21,1.7723902331108032,1.7858685723689758,1.7589120564146148,1.7656512260437012,564369,0.0,0.0
1979-12-24,1.780660390853882,1.780660390853882,1.746548069864158,1.7806603908538818,247248,0.12651,0.0
1979-12-26,1.780660390853882,1.7874828879662281,1.7670155612011964,1.7806603908538818,344945,0.0,0.0
1979-12-27,1.780659648181585,1.7874821424484253,1.7738371539147448,1.7874821424484253,399643,0.0,0.0
1979-12-28,1.7874819574507606,1.7874819574507606,1.7601921477797302,1.7738369703292847,568164,0.0,0.0
1979-12-31,1.773837321414202,1.773837321414202,1.7533701658248901,1.7533701658248901,178322,0.0,0.0
1980-01-02,1.7533709659001606,1.760193299352358,1.6919686482541552,1.6987911462783813,610531,0.0,0.0
1980-01-03,1.691967707772794,1.691967707772794,1.6373882476331008,1.685145378112793,553303,0.0,0.0
1980-01-04,1.6851457842095026,1.7124356031417847,1.6851457842095026,1.7124356031417847,1195452,0.0,0.0
1980-01-07,1.7056116328267208,1.7056116328267208,1.6851443274637417,1.6919666528701782,577333,0.0,0.0
1980-01-08,1.6919658302306289,1.7601903676986692,1.6783210214800734,1.7601903676986694,474260,0.0,0.0
1980-01-09,1.7670149592892197,1.8420619082451843,1.7670149592892197,1.794304609298706,1425626,0.0,0.0
1980-01-10,1.794304133368597,1.876173555397458,1.794304133368597,1.8488837480545044,749647,0.0,0.0
1980-01-11,1.8488828226697607,1.9239297141581704,1.8488828226697607,1.8898175954818726,1442067,0.0,0.0
1980-01-14,1.8898182119516636,1.9171080145378905,1.8829957201621372,1.8966405391693115,655427,0.0,0.0
1980-01-15,1.8966399204740374,1.9034625746098515,1.8761726163538937,1.8898175954818726,733522,0.0,0.0
1980-01-16,1.8898193515722022,1.8966416829039305,1.869351863861084,1.869351863861084,603259,0.0,0.0
1980-01-17,1.869351863861084,1.882996855668496,1.8557072011976272,1.869351863861084,542237,0.0,0.0
1980-01-18,1.869351863861084,1.87617435976479,1.8557072011976272,1.869351863861084,352849,0.0,0.0
1980-01-21,1.8693518061753003,1.8898192932548181,1.8693518061753003,1.8829967975616455,529590,0.0,0.0
1980-01-22,1.8829963571028927,1.9102861689201482,1.8625290393829346,1.8625290393829346,1307377,0.0,0.0
1980-01-23,1.8625294750541002,1.8829967975616455,1.8557071439329,1.8829967975616455,651949,0.0,0.0
1980-01-24,1.88299479258215,1.8966396048677683,1.8693498157247344,1.8761723041534424,489753,0.0,0.0
1980-01-25,1.8761740857383349,1.8761740857383349,1.8557069301605225,1.8557069301605225,344629,0.0,0.0
1980-01-28,1.8557071439329,1.8829967975616455,1.7056130615429652,1.8829967975616455,478370,0.0,0.0
1980-01-29,1.882996855668496,1.882996855668496,1.8557072011976272,1.869351863861084,546664,0.0,0.0
1980-01-30,1.869351300007421,1.9443984031677246,1.869351300007421,1.9443984031677246,843234,0.0,0.0
1980-01-31,1.944398474834701,1.9921556043719146,1.8625290393829346,1.8625290393829346,971917,0.0,0.0
1980-02-01,1.8625278017977396,1.8966399204740374,1.8625278017977396,1.8898175954818726,438849,0.0,0.0
1980-02-04,1.88981885120019,1.88981885120019,1.8625290393829346,1.8625290393829346,382570,0.0,0.0
1980-02-05,1.855707376886423,1.855707376886423,1.8284175552599171,1.8352398872375488,417665,0.0,0.0
1980-02-06,1.835238926668981,1.8557064056051265,1.835238926668981,1.8488837480545044,592193,0.0,0.0
1980-02-07,1.848884715764805,1.8693520408416862,1.8215948941382991,1.8352398872375488,1130004,0.0,0.0
1980-02-08,2.101314728334322,2.128604540687491,2.101314728334322,2.114959716796875,2451925,0.0,0.0
1980-02-11,2.0808478005716786,2.0808478005716786,2.0262680053710938,2.0262680053710938,2931243,0.0,0.0
1980-02-12,2.0262666887941423,2.101313591003418,2.0126218722887503,2.101313591003418,1676035,0.0,0.0
1980-02-13,2.101314003377596,2.1422487900707505,2.074024200439453,2.074024200439453,2028252,0.0,0.0
1980-02-14,2.074025141028156,2.0808478005716786,2.0262680053710938,2.0262680053710938,1050012,0.0,0.0
1980-02-15,2.0262675307861713,2.033090188731716,1.937575775216671,1.971687912940979,870109,0.0,0.0
1980-02-19,1.9716885585304555,2.0058010365680365,1.9512212362798773,1.9989783763885498,737632,0.0,0.0
1980-02-20,2.005799939951917,2.080846856888839,2.005799939951917,2.074024200439453,676927,0.0,0.0
1980-02-21,2.067203003319771,2.067203003319771,1.9989783763885498,1.9989783763885498,1349428,0.0,0.0
1980-02-22,1.9989778239761145,2.005800482270177,1.9580433553590648,1.9648656845092773,618435,0.0,0.0
1980-02-25,1.9648657855787175,1.9648657855787175,1.9375759738583502,1.9580434560775757,895719,0.0,0.0
1980-02-26,1.9580434560775757,1.978510773724868,1.9307536443572084,1.9580434560775757,544134,0.0,0.0
1980-02-27,1.9580428007031698,1.9580428007031698,1.8966405391693115,1.8966405391693115,746802,0.0,0.0
1980-02-28,1.8966398978581516,1.9307523452713358,1.8898175729473374,1.9102848768234253,773676,0.0,0.0
1980-02-29,1.9102848768234253,1.917107366306062,1.8829950834647007,1.9102848768234253,1077203,0.0,0.0
1980-03-03,1.903463630619932,1.903463630619932,1.835239026273807,1.8420615196228027,744904,0.0,0.0
1980-03-04,1.842061940346043,1.8625292604958088,1.8147721252890374,1.8557069301605225,750596,0.0,0.0
1980-03-05,1.8557058369313122,1.8761729804515672,1.814771056175232,1.814771056175232,543186,0.0,0.0
1980-03-06,1.8147719549438484,1.828416943477529,1.7670148242198427,1.7874821424484253,653214,0.0,0.0
1980-03-07,1.7874819574507606,1.807949273561053,1.7601921477797302,1.7738369703292847,751544,0.0,0.0
1980-03-10,1.7738369097815911,1.8079492118489786,1.7601920876977855,1.8011267185211182,475841,0.0,0.0
1980-03-11,1.8011271040870531,1.828417083240441,1.78748227908231,1.794304609298706,736052,0.0,0.0
1980-03-12,1.7943046415754678,1.8079496313976138,1.7329026810916708,1.7533701658248901,820786,0.0,0.0
1980-03-13,1.7533715657970357,1.773838737728275,1.7260817289352417,1.7260817289352417,473944,0.0,0.0
1980-03-14,1.7260801325662216,1.7329024620429598,1.698790156371537,1.7192574739456177,1007645,0.0,0.0
1980-03-17,1.7192571225631526,1.732902107871727,1.705612301826477,1.705612301826477,437900,0.0,0.0
1980-03-18,1.7056142278598323,1.7397265650800962,1.6919692271428928,1.7260817289352417,583972,0.0,0.0
1980-03-19,1.7260795986293507,1.7670142211149993,1.7260795986293507,1.746546745300293,402805,0.0,0.0
1980-03-20,1.7465483033039058,1.7533709659001606,1.6919686482541552,1.6987911462783813,352217,0.0,0.0
1980-03-21,1.6987907563639022,1.6987907563639022,1.644211113841529,1.6578561067581177,480900,0.0,0.0
1980-03-24,1.6442095512619146,1.6442095512619146,1.6100974305329836,1.616919755935669,385415,0.0,0.0
1980-03-25,1.6390509843967074,1.64596685568081,1.6113876660846718,1.6183035373687744,616222,0.12651,0.0
1980-03-26,1.6252183211684688,1.6943764872604787,1.6252183211684688,1.6390498876571655,512517,0.0,0.0
1980-03-27,1.6321349143981936,1.6321349143981936,1.5629765506948718,1.6321349143981934,641516,0.0,0.0
1980-03-28,1.6459673458035426,1.722041452108274,1.6459673458035426,1.7082098722457886,507774,0.0,0.0
1980-03-31,1.708208075890545,1.7289555072784424,1.6874606445026474,1.7289555072784424,448018,0.0,0.0
1980-04-01,1.728957325451729,1.728957325451729,1.7012939989023335,1.7082098722457886,469834,0.0,0.0
1980-04-02,1.708210023323976,1.7151257304546481,1.6597992392870744,1.687462568283081,580494,0.0,0.0
1980-04-03,1.6874625682830808,1.6874625682830808,1.6736309871972974,1.687462568283081,316173,0.0,0.0
1980-04-07,1.6667145091318902,1.6667145091318902,1.6044721603393555,1.6044721603393555,659854,0.0,0.0
1980-04-08,1.6044711207638582,1.6528818607330322,1.6044711207638582,1.6528818607330322,504297,0.0,0.0
1980-04-09,1.6597973470440344,1.7289555072784424,1.6597973470440344,1.7289555072784424,421143,0.0,0.0
1980-04-10,1.7289563990389776,1.756619710765764,1.7151246597634167,1.7358722686767578,551090,0.0,0.0
1980-04-11,1.7358722686767578,1.756619710765764,1.7289563990389776,1.7358722686767578,247248,0.0,0.0
1980-04-14,1.7289572709905157,1.7289572709905157,1.7012939453124998,1.7012939453125,363283,0.0,0.0
1980-04-15,1.701292207324262,1.7289555047422966,1.701292207324262,1.7151237726211548,406915,0.0,0.0
1980-04-16,1.715125695240483,1.728957442866719,1.673630952835083,1.673630952835083,542237,0.0,0.0
1980-04-17,1.673629076730476,1.7220396386817256,1.6667130438456563,1.7151237726211548,330401,0.0,0.0
1980-04-18,1.715125695240483,1.728957442866719,1.666714912197529,1.673630952835083,736684,0.0,0.0
1980-04-21,1.6736297843229722,1.6736297843229722,1.611387130286565,1.6252188682556152,432841,0.0,0.0
1980-04-22,1.6459674913768514,1.7012941493688645,1.6459674913768514,1.687462568283081,722140,0.0,0.0
1980-04-23,1.7012922098198295,1.735871373349158,1.7012922098198295,1.7289555072784424,625391,0.0,0.0
1980-04-24,1.7289569761696701,1.7704518741987958,1.7220411042233523,1.742788553237915,398378,0.0,0.0
1980-04-25,1.742788951871735,1.7773683195127763,1.715125624583331,1.7635365724563599,384151,0.0,0.0
1980-04-28,1.770451435591275,1.7981147496989105,1.770451435591275,1.7773674726486206,572590,0.0,0.0
1980-04-29,1.7773680884195688,1.7981153726577759,1.7773680884195688,1.7981153726577759,310482,0.0,0.0
1980-04-30,1.7981153726577759,1.8119471179157904,1.7773680884195688,1.7981153726577759,654479,0.0,0.0
1980-05-01,1.7981143315294046,1.811946068778688,1.7497037516298446,1.7566194534301758,490385,0.0,0.0
1980-05-02,1.7497040079523187,1.7497040079523187,1.7220405294011971,1.7358722686767578,336092,0.0,0.0
1980-05-05,1.735874156365676,1.7566216210166627,1.728958279207175,1.7497059106826782,296254,0.0,0.0
1980-05-06,1.7497045920086238,1.7497045920086238,1.735872848115988,1.742788553237915,390158,0.0,0.0
1980-05-07,1.7427877161808922,1.7704510238551483,1.7358720143805613,1.7566194534301758,320600,0.0,0.0
1980-05-08,1.7566216210166627,1.7704532085091482,1.7427898666996606,1.7497059106826782,380040,0.0,0.0
1980-05-09,1.7497031054905892,1.7566188047370555,1.722039641207727,1.7289555072784424,511569,0.0,0.0
1980-05-12,1.7289563990389776,1.742787971490203,1.7151246597634167,1.7358722686767578,266850,0.0,0.0
1980-05-13,1.7358732451679557,1.770452279160139,1.7289573716397475,1.7635365724563599,522318,0.0,0.0
1980-05-14,1.7635353220548173,1.7773670593041009,1.7566194534301756,1.7566194534301758,629501,0.0,0.0
1980-05-15,1.7566194534301756,1.7635353220548173,1.7427877161808922,1.7566194534301758,341151,0.0,0.0
1980-05-16,1.7566194534301756,1.7635353220548173,1.7289561457559195,1.7566194534301758,235233,0.0,0.0
1980-05-19,1.7566197346574053,1.777367343852933,1.74278799519372,1.770451307296753,414503,0.0,0.0
1980-05-20,1.770451307296753,1.7911989164922806,1.7635356043892478,1.770451307296753,513782,0.0,0.0
1980-05-21,1.770452279160139,1.770452279160139,1.7566206989281514,1.7635365724563599,396165,0.0,0.0
1980-05-22,1.770451905781452,1.8257785486901719,1.770451905781452,1.8188626766204834,418614,0.0,0.0
1980-05-23,1.8326939182497475,1.9571789140737668,1.8326939182497475,1.9295156002044678,1448074,0.0,0.0
1980-05-27,1.929514645374988,1.943346212052847,1.901851178370739,1.9156829118728638,577333,0.0,0.0
1980-05-28,1.9156838598576442,1.9295156002044678,1.8880205459883455,1.9295156002044678,294990,0.0,0.0
1980-05-29,1.922599415419238,1.922599415419238,1.8672729587578538,1.8741886615753174,529907,0.0,0.0
1980-05-30,1.8741895860861493,1.8949370384216309,1.846526260697368,1.8949370384216309,472047,0.0,0.0
1980-06-02,1.89493647368141,1.9225997908258052,1.8672733233613827,1.8811050653457642,551406,0.0,0.0
1980-06-03,1.8811050653457642,1.9087682156657915,1.8672733233613827,1.8811050653457642,473312,0.0,0.0
1980-06-04,1.881104480818808,1.9364309310913084,1.874188445151311,1.9364309310913086,557730,0.0,0.0
1980-06-05,1.9364311547028354,1.9710103360874938,1.8603570891160552,1.8741886615753174,1245091,0.0,0.0
1980-06-06,1.8741887639968173,1.8880205040362978,1.8050305642724478,1.8257780075073242,961483,0.0,0.0
1980-06-09,1.8257772922877586,1.964093804377522,1.8257772922877586,1.8396090269088745,624126,0.0,0.0
1980-06-10,1.8396110190635275,1.8741900594141514,1.8396110190635275,1.860358476638794,669339,0.0,0.0
1980-06-11,1.8603570891160552,1.8811046980414514,1.8603570891160552,1.8741886615753174,588399,0.0,0.0
1980-06-12,1.8741886615753174,1.9018519733181771,1.8672729587578538,1.8741886615753174,705383,0.0,0.0
1980-06-13,1.8811059671253716,1.922600712497495,1.8811059671253716,1.908769130706787,413555,0.0,0.0
1980-06-16,1.9087676225429002,1.9433467999344896,1.9018517536997193,1.9364309310913086,894138,0.0,0.0
1980-06-17,1.9364313035535314,1.9571789140737668,1.9295156002044678,1.9295156002044678,451179,0.0,0.0
1980-06-18,1.9295156002044678,1.9364313035535314,1.9156838598576442,1.9295156002044678,647207,0.0,0.0
1980-06-19,1.9295148860895308,1.9295148860895308,1.9018514156341553,1.9018514156341553,310166,0.0,0.0
1980-06-20,1.901851178370739,1.9156829118728635,1.8811039117660833,1.9156829118728638,581443,0.0,0.0
1980-06-23,1.9156829118728635,1.929514645374988,1.901851178370739,1.9156829118728638,388893,0.0,0.0
1980-06-24,1.9240798606821978,1.9240798606821978,1.8960932340935128,1.9100866317749023,300049,0.12651,0.0
1980-06-25,1.9100860523455858,1.9520660638809202,1.9100860523455858,1.9520660638809204,664913,0.0,0.0
1980-06-26,1.9520661789540497,1.9520661789540497,1.9310760875620077,1.9450693130493164,503032,0.0,0.0
1980-06-27,1.9380722122642027,1.9380722122642027,1.9030890744915152,1.9240788221359253,494495,0.0,0.0
1980-06-30,1.9100862494351214,1.9100862494351214,1.8751030997823728,1.8820996284484863,714552,0.0,0.0
1980-07-01,1.882099427398867,1.882099427398867,1.8401194160162728,1.8471161127090454,452760,0.0,0.0
1980-07-02,1.8471164434622163,1.8820997644163122,1.8331232163450213,1.875103235244751,796441,0.0,0.0
1980-07-03,1.8751026336322245,1.8751026336322245,1.847115850829038,1.8681057691574097,846396,0.0,0.0
1980-07-07,1.8611095060945908,1.8611095060945908,1.8261261914047695,1.8471161127090454,595354,0.0,0.0
1980-07-08,1.8471164341388489,1.8611098299594842,1.8261265091819674,1.8331232070922852,494495,0.0,0.0
1980-07-09,1.8331233406881133,1.8541132671747154,1.8121334142015113,1.8191299438476562,746169,0.0,0.0
1980-07-10,1.8191285909397794,1.8191285909397794,1.7911419868469238,1.7911419868469238,679773,0.0,0.0
1980-07-11,1.7911420398610725,1.8401185562796851,1.7771488217874531,1.8121321201324463,571641,0.0,0.0
1980-07-14,1.812132982879921,1.9030895343712788,1.7981397581441974,1.8890961408615112,519473,0.0,0.0
1980-07-15,1.8960927724838257,1.9380727865337353,1.8960927724838257,1.8960927724838257,717397,0.0,0.0
1980-07-16,1.8960926688423514,1.917082590332959,1.86810605059686,1.8890961408615112,532120,0.0,0.0
1980-07-17,1.8890961416699437,1.9800526932002258,1.8681060513963097,1.938072681427002,835330,0.0,0.0
1980-07-18,1.9380719409347527,1.9590618544145846,1.8960919452011094,1.9030888080596924,932079,0.0,0.0
1980-07-21,1.9030888080596924,1.9240785527655453,1.8960919452011094,1.9030888080596924,1022505,0.0,0.0
1980-07-22,1.9310760875620077,1.9660594044413582,1.9310760875620077,1.9450693130493164,1299473,0.0,0.0
1980-07-23,1.952067501980164,2.00104390876684,1.952067501980164,1.9730572700500488,500186,0.0,0.0
1980-07-24,1.9730572700500488,1.9940473756682677,1.9590640350787367,1.9730572700500488,300997,0.0,0.0
1980-07-25,1.9660592885433366,1.9660592885433366,1.945069198388648,1.9520660638809204,809088,0.0,0.0
1980-07-28,1.952065098136829,1.9590616226196291,1.9450682361061102,1.959061622619629,343364,0.0,0.0
1980-07-29,1.9590626037236383,1.9940459187532174,1.9520660757369575,1.9870492219924927,448966,0.0,0.0
1980-07-30,1.9940464496612549,2.029029774005024,1.9940464496612549,1.9940464496612549,884021,0.0,0.0
1980-07-31,1.9940467867582203,2.0430233478546143,1.9660601563068356,2.0430233478546143,429680,0.0,0.0
1980-08-01,2.029029393695009,2.029029393695009,1.980052850058077,2.001042604446411,365180,0.0,0.0
1980-08-04,2.001041404791256,2.0290281772613525,1.9800516629865952,2.0290281772613525,562789,0.0,0.0
1980-08-05,2.029029774005024,2.029029774005024,1.9870497510376832,1.9940464496612549,548877,0.0,0.0
1980-08-06,1.994046075908319,2.0150359990707103,1.966059455433778,2.001042604446411,958321,0.0,0.0
1980-08-07,2.008039820507758,2.057016372680664,2.008039820507758,2.057016372680664,989623,0.0,0.0
1980-08-08,2.057016372680664,2.078006130727239,2.0500195053749946,2.057016372680664,648155,0.0,0.0
1980-08-11,2.05701567233732,2.091998815536499,2.05701567233732,2.091998815536499,414503,0.0,0.0
1980-08-12,2.0919983589253355,2.098995053547646,2.0640117492100876,2.0710084438323975,554252,0.0,0.0
1980-08-13,2.0640128642292996,2.0640128642292996,2.0360262393951416,2.0360262393951416,559943,0.0,0.0
1980-08-14,2.0360259439381405,2.0850026568712456,2.029029415325462,2.078005790710449,418297,0.0,0.0
1980-08-15,2.078005701803669,2.1129891872406006,2.071009173490334,2.1129891872406006,634560,0.0,0.0
1980-08-18,2.1059925802574,2.1059925802574,2.078005790710449,2.078005790710449,769250,0.0,0.0
1980-08-19,2.0780057532127283,2.0780057532127283,2.0500191329448567,2.0640125274658203,528642,0.0,0.0
1980-08-20,2.064012332533691,2.0989956467581052,2.05701580470804,2.0850024223327637,337673,0.0,0.0
1980-08-21,2.085002567665107,2.1199857155539354,2.078005701803669,2.1129891872406006,647839,0.0,0.0
1980-08-22,2.1129890525768995,2.1409755015947267,2.1129890525768995,2.119985580444336,514098,0.0,0.0
1980-08-25,2.1199854313602597,2.126981958735678,2.0850022881610806,2.091998815536499,403437,0.0,0.0
1980-08-26,2.0780045227621535,2.0780045227621535,2.0290281772613525,2.0290281772613525,541605,0.0,0.0
1980-08-27,2.015034890134878,2.015034890134878,1.9590616799895797,1.966058373451233,1017446,0.0,0.0
1980-08-28,1.96605929968447,1.96605929968447,1.938072681427002,1.938072681427002,619384,0.0,0.0
1980-08-29,1.9380726704444613,1.959062591825107,1.9310759737262317,1.9520660638809204,908682,0.0,0.0
1980-09-02,1.9520660757369575,2.001042446739898,1.9520660757369575,1.9870492219924927,444540,0.0,0.0
1980-09-03,1.9870499543628442,2.029029981625797,1.9870499543628442,2.0150365829467773,517576,0.0,0.0
1980-09-04,2.0150373125123195,2.0500204843276837,1.9660607369514762,1.9730572700500488,764823,0.0,0.0
1980-09-05,1.9660592885433366,1.9660592885433366,1.945069198388648,1.9520660638809204,506826,0.0,0.0
1980-09-08,1.95206560239248,1.959062128682616,1.9240788221359253,1.9240788221359253,351269,0.0,0.0
1980-09-09,1.9240806944892055,1.987050673795528,1.9240806944892055,1.9730572700500488,247564,0.0,0.0
1980-09-10,1.97305635379054,2.0220329066073637,1.97305635379054,1.9940464496612549,718662,0.0,0.0
1980-09-11,1.994046653702354,2.029029981625797,1.9870499543628442,2.0150365829467773,593774,0.0,0.0
1980-09-12,2.0150357637898852,2.0360256845014386,2.0080392360687256,2.0080392360687256,480267,0.0,0.0
1980-09-15,2.0080400523813737,2.0150365829467773,1.994046653702354,2.0150365829467773,392371,0.0,0.0
1980-09-16,2.0150373125123195,2.0360272493563714,1.9660607369514762,1.9730572700500488,759765,0.0,0.0
1980-09-17,1.97305635379054,2.001042979510738,1.9660598239410572,1.9940464496612549,1303899,0.0,0.0
1980-09-18,1.9940449740229083,2.0500180152678995,1.9800517559051514,1.9800517559051514,681354,0.0,0.0
1980-09-19,1.980052850058077,2.008039470532618,1.966059455433778,2.001042604446411,1089217,0.0,0.0
1980-09-22,2.0010428123883366,2.0220327377319336,1.9870495850839638,2.0220327377319336,655744,0.0,0.0
1980-09-23,2.022031414822567,2.022031414822567,1.9520651553018906,1.966058373451233,587766,0.0,0.0
1980-09-24,1.9887057286063234,2.0099374265189605,1.953319451606528,2.0028603076934814,723405,0.12651,0.0
1980-09-25,2.002860186611509,2.0311691723563188,1.9674737410328849,1.9745512008666992,391423,0.0,0.0
1980-09-26,1.9745512008666992,1.9887056083800594,1.9603966226352494,1.9745512008666992,453393,0.0,0.0
1980-09-29,1.9603970370020272,1.9603970370020272,1.917933464050293,1.917933464050293,593141,0.0,0.0
1980-09-30,1.917933650593173,1.946242645075022,1.9108565300113174,1.9391653537750244,451812,0.0,0.0
1980-10-01,1.9391661532180586,1.9603980358711344,1.9108573177837163,1.9533207416534424,429047,0.0,0.0
1980-10-02,1.9462425708770752,1.9462425708770752,1.9037791661322343,1.9462425708770752,330717,0.0,0.0
1980-10-03,1.946242570429616,1.9603971524867323,1.9179335770335186,1.9250110387802124,306372,0.0,0.0
1980-10-06,1.9250119062191,1.9674751593706137,1.9108573177837163,1.9533207416534424,620016,0.0,0.0
1980-10-07,1.960397220835353,1.9816289239431286,1.960397220835353,1.967474341392517,500502,0.0,0.0
1980-10-08,1.9674743413925173,1.9957833357755985,1.960397220835353,1.967474341392517,672185,0.0,0.0
1980-10-09,1.967474302289581,1.967474302289581,1.9108564853668213,1.9108564853668213,473628,0.0,0.0
1980-10-10,1.9108564625448243,1.9250110446450648,1.8896245893944632,1.8967020511627197,991204,0.0,0.0
1980-10-13,1.896702073815666,1.91793360578333,1.8825474915463725,1.9108564853668213,422724,0.0,0.0
1980-10-14,1.9108559614123852,1.9179330798883565,1.8683923969661018,1.9037786722183228,1132533,0.0,0.0
1980-10-15,1.9037786722183228,1.9108559614123852,1.8754696861601643,1.9037786722183228,590296,0.0,0.0
1980-10-16,1.9037800637294247,1.9462434884949873,1.8542393445968628,1.8542393445968628,573855,0.0,0.0
1980-10-17,1.8542393445968628,1.8613164682456458,1.8117757491130841,1.8542393445968628,1264694,0.0,0.0
1980-10-20,1.8400826127424923,1.8400826127424923,1.7834646651851211,1.8259282112121582,1053174,0.0,0.0
1980-10-21,1.8188531071079697,1.8188531071079697,1.7480805090413556,1.7622349262237549,1709233,0.0,0.0
1980-10-22,1.7622342852420292,1.7693115766180916,1.7339252904559237,1.7551569938659668,1715873,0.0,0.0
1980-10-23,1.7551575560399904,1.7834665598934223,1.7410031394723737,1.7693121433258057,1565691,0.0,0.0
1980-10-24,1.7693114413150792,1.8471611283440021,1.7622341504802324,1.8400838375091553,908682,0.0,0.0
1980-10-27,1.8400835747788034,1.8542381544274813,1.797620177268982,1.797620177268982,495444,0.0,0.0
1980-10-28,1.7976210547662745,1.8188529346034987,1.7905439322053895,1.8046983480453491,426518,0.0,0.0
1980-10-29,1.8046979672426742,1.840084084734974,1.790543554389385,1.8117750883102417,666810,0.0,0.0
1980-10-30,1.8259282112121582,1.8542371849908437,1.8259282112121582,1.8259282112121582,625707,0.0,0.0
1980-10-31,1.8259294265575925,1.854238419178849,1.8188523064408766,1.8400838375091553,436319,0.0,0.0
1980-11-03,1.840084084734974,1.840084084734974,1.7976206754569526,1.8117750883102417,763559,0.0,0.0
1980-11-05,1.8400847558628646,1.8967029400806417,1.8400847558628646,1.8542393445968628,1499610,0.0,0.0
1980-11-06,1.8542392354230708,1.8613163586551673,1.7551576322734521,1.7622349262237549,1105974,0.0,0.0
1980-11-07,1.7622347590890903,1.8259300571643837,1.7551574658100155,1.8046983480453491,489120,0.0,0.0
1980-11-10,1.8117738773053658,1.8896235227584839,1.8117738773053658,1.8896235227584839,664913,0.0,0.0
1980-11-11,1.8967019336516142,1.9391651651670974,1.8967019336516142,1.917933464050293,678824,0.0,0.0
1980-11-12,1.9320874311904426,1.9887053966522217,1.9320874311904426,1.9887053966522217,801183,0.0,0.0
1980-11-13,1.9887065118022758,2.073633336898859,1.9745520978589008,2.066556215286255,1328244,0.0,0.0
1980-11-14,2.052401261951993,2.052401261951993,1.854238323796711,2.017014980316162,769882,0.0,0.0
1980-11-17,2.0170148397402055,2.0311694196952828,1.9674739806155463,2.024091958999634,609582,0.0,0.0
1980-11-18,2.024091933856675,2.080710082255571,2.0099375247955322,2.0099375247955322,927337,0.0,0.0
1980-11-19,2.0099373050091445,2.0170145941248694,1.9745512008666992,1.9745512008666992,607685,0.0,0.0
1980-11-20,1.9745520855670486,2.0594789101349513,1.9674746225621689,2.0453243255615234,458451,0.0,0.0
1980-11-21,2.0382480015107247,2.0382480015107247,1.9957844018936157,1.9957844018936157,522951,0.0,0.0
1980-11-24,1.99578210582246,1.99578210582246,1.9674731288855292,1.9816277027130127,313644,0.0,0.0
1980-11-25,1.9816288553098664,2.009937848712472,1.9462425708770752,1.9462425708770752,540024,0.0,0.0
1980-11-26,1.9462426382847415,2.002860797769046,1.9462426382847415,1.967474341392517,704434,0.0,0.0
1980-11-28,1.9603980358711344,1.9603980358711344,1.9391661532180586,1.9533207416534424,385732,0.0,0.0
1980-12-01,1.9533199743045098,1.9533199743045098,1.8683929892098536,1.8754702806472778,531171,0.0,0.0
1980-12-02,1.8754700618166844,1.917933464050293,1.8754700618166844,1.917933464050293,596303,0.0,0.0
1980-12-03,1.9179325002612577,1.9179325002612577,1.8896235227584839,1.8896235227584839,442959,0.0,0.0
1980-12-04,1.889624259216846,1.9037788388438301,1.88254714012146,1.88254714012146,484061,0.0,0.0
1980-12-05,1.8683931964424783,1.8683931964424783,1.8188526630401611,1.8188526630401611,782213,0.0,0.0
1980-12-08,1.8188526630401611,1.8613159042200769,1.8046980785953584,1.8188526630401611,573222,0.0,0.0
1980-12-09,1.8188520467419993,1.8259291658482317,1.783465597620304,1.797620177268982,785058,0.0,0.0
1980-12-10,1.7976205714041973,1.8330068575663652,1.755156993865967,1.7551569938659668,716449,0.0,0.0
1980-12-11,1.755156993865967,1.776388867994154,1.7126937577640247,1.7551569938659668,1145812,0.0,0.0
1980-12-12,1.755156538138224,1.8046973941891953,1.755156538138224,1.77638840675354,453393,0.0,0.0
1980-12-15,1.77638840675354,1.8046973941891953,1.77638840675354,1.77638840675354,368658,0.0,0.0
1980-12-16,1.7763884785140713,1.797620177268982,1.7693111886897324,1.797620177268982,241873,0.0,0.0
1980-12-17,1.7976192374334725,1.8330054973363339,1.7976192374334725,1.8259282112121582,481532,0.0,0.0
1980-12-18,1.8259291658482317,1.8400835747788034,1.797620177268982,1.797620177268982,595987,0.0,0.0
1980-12-19,1.7976205714041973,1.8046978627802595,1.741002581831986,1.7551569938659668,749015,0.0,0.0
1980-12-22,1.7551572037567125,1.8188526630401611,1.7480800822524754,1.8188526630401611,844815,0.0,0.0
1980-12-23,1.8188518553381796,1.8683923667409208,1.8188518553381796,1.8330062627792358,784742,0.0,0.0
1980-12-24,1.8588437363194008,1.8588437363194008,1.8373125914300132,1.8444898128509521,319651,0.14233,0.0
1980-12-26,1.8516682347222888,1.873199224472046,1.8516682347222888,1.873199224472046,191601,0.0,0.0
1980-12-29,1.8731976597878495,1.8875515832562981,1.8373125914300132,1.8444898128509521,422408,0.0,0.0
1980-12-30,1.8444907579276768,1.8588446887507657,1.8301366539800228,1.8373135328292847,331666,0.0,0.0
1980-12-31,1.8373125914300132,1.8444898128509521,1.8086045713686394,1.8444898128509521,326607,0.0,0.0
1981-01-02,1.8444908279303722,1.8875526220339336,1.8444908279303722,1.8803757429122925,336725,0.0,0.0
1981-01-05,1.9162610741626858,1.9736771583557127,1.9162610741626858,1.973677158355713,837227,0.0,0.0
1981-01-06,1.9736760310435741,2.0095611064487517,1.9664989813376366,1.9808530807495117,824896,0.0,0.0
1981-01-07,1.9521452083511956,1.9521452083511956,1.8947289844112538,1.937791109085083,1528382,0.0,0.0
1981-01-08,1.9377914044879025,1.9449682820905152,1.9090833747038467,1.923437476158142,638354,0.0,0.0
1981-01-09,1.9234374761581423,1.9449682820905152,1.9090833747038467,1.923437476158142,660802,0.0,0.0
1981-01-12,1.9234371073096301,1.952145131588483,1.9162598848342896,1.9162598848342896,533701,0.0,0.0
1981-01-13,1.9162601707048081,1.9162601707048081,1.8875521421432493,1.8875521421432495,1053490,0.0,0.0
1981-01-14,1.8875519347781975,1.9449679855936306,1.8875519347781975,1.937791109085083,372452,0.0,0.0
1981-01-15,1.9377902937370177,2.0023833670072118,1.9377902937370177,1.9593212604522705,757551,0.0,0.0
1981-01-16,1.9593212604522705,1.9736751805542936,1.952144386963477,1.9593212604522705,259895,0.0,0.0
1981-01-19,1.9593232238697607,1.9880312659662742,1.9521463431890893,1.973677158355713,643097,0.0,0.0
1981-01-20,1.9736760110013472,1.9952069867760072,1.9306140594520267,1.937791109085083,569112,0.0,0.0
1981-01-21,1.9377914044879025,1.9377914044879025,1.9090833747038467,1.923437476158142,533068,0.0,0.0
1981-01-22,1.9234374761581423,1.9449682820905152,1.901906323976699,1.923437476158142,254520,0.0,0.0
1981-01-23,1.9234371073096301,1.930613983535967,1.9019059592571141,1.9162598848342896,274438,0.0,0.0
1981-01-26,1.916259960185914,1.937791109085083,1.916259960185914,1.937791109085083,298151,0.0,0.0
1981-01-27,1.9377902937370177,1.966498133941064,1.9234363736349946,1.9593212604522705,693368,0.0,0.0
1981-01-28,1.9593218166720352,1.9952067136764526,1.9521449411458427,1.9952067136764526,415768,0.0,0.0
1981-01-29,1.9952061498865221,2.0239141632526585,1.9593212630221786,1.9664981365203857,933028,0.0,0.0
1981-01-30,1.9664981365203857,1.9952061498865221,1.9593212630221786,1.9664981365203857,877065,0.0,0.0
1981-02-02,1.9665002309849504,1.9808543395183973,1.8947302076915766,1.9306153059005737,966858,0.0,0.0
1981-02-03,1.9306153059005737,1.9449692413094002,1.9090843162250235,1.9306153059005737,1052541,0.0,0.0
1981-02-04,1.9306147689919717,1.952145925804276,1.9306147689919717,1.9449687004089355,870425,0.0,0.0
1981-02-05,1.9521447216458714,2.01673763286566,1.9521447216458714,2.0095605850219727,830271,0.0,0.0
1981-02-06,2.0095615509498925,2.0598007368795064,2.0095615509498925,2.0454466342926025,619384,0.0,0.0
1981-02-09,2.0454458524578825,2.0526227278835543,2.0239147068074184,2.0310919284820557,349372,0.0,0.0
1981-02-10,2.0310929931063524,2.0454469246059825,2.0167388884821493,2.0239157676696777,362335,0.0,0.0
1981-02-11,2.0239150529991057,2.0310922759014107,2.0095611265680327,2.016738176345825,260211,0.0,0.0
1981-02-12,2.0095622564343683,2.0095622564343683,1.9736771604937016,1.988031268119812,459084,0.0,0.0
1981-02-13,1.9880301304554493,1.9952070070368764,1.9593221047562095,1.9808530807495117,160616,0.0,0.0
1981-02-17,1.9808542121609936,1.9880312659662742,1.966500104550432,1.973677158355713,326291,0.0,0.0
1981-02-18,1.973676021615119,1.9808530712867711,1.9449679960530204,1.9521452188491821,1459772,0.0,0.0
1981-02-19,1.9521464687007442,1.9593233498428473,1.9162611973671266,1.9306153059005737,530855,0.0,0.0
1981-02-20,1.930613983535967,1.9377910328868055,1.9162598848342896,1.9162598848342896,379092,0.0,0.0
1981-02-23,1.916259960185914,1.9664989613682908,1.8947289844112538,1.937791109085083,1501191,0.0,0.0
1981-02-24,1.9664996954220106,2.052623803793511,1.9664996954220106,2.0239157676696777,1750020,0.0,0.0
1981-02-25,2.023915618764003,2.1531018583789123,2.023915618764003,2.1459248065948486,1705123,0.0,0.0
1981-02-26,2.1531022820806864,2.203341308206382,2.1531022820806864,2.1674563884735107,1623234,0.0,0.0
1981-02-27,2.1674572364843527,2.1746341193641032,2.1100411346983745,2.117218017578125,803080,0.0,0.0
1981-03-02,2.117216828265368,2.1243938802381863,2.102862724319731,2.1100399494171143,368026,0.0,0.0
1981-03-03,2.110039278189019,2.13874730382337,2.081331252554668,2.088508129119873,567847,0.0,0.0
1981-03-04,2.088508129119873,2.0956851788095885,2.0598002766100323,2.088508129119873,544767,0.0,0.0
1981-03-05,2.0885087239521747,2.0956857756860003,2.052623638407606,2.059800863265991,567215,0.0,0.0
1981-03-06,2.0598027523680824,2.081333754191677,2.0454486357358737,2.0741565227508545,446753,0.0,0.0
1981-03-09,2.074153583972706,2.131569622901812,2.0526226126554095,2.1243927478790283,801816,0.0,0.0
1981-03-10,2.1243935118131367,2.1459244908729955,2.088508431297015,2.0956854820251465,1298840,0.0,0.0
1981-03-11,2.0956862565694543,2.1172172435869467,2.0598013359151666,2.0669782161712646,624126,0.0,0.0
1981-03-12,2.0669782196841426,2.1387484073638916,2.0669782196841426,2.1387484073638916,1075622,0.0,0.0
1981-03-13,2.138747927935345,2.1674559619470406,2.124393824367217,2.1459248065948486,979505,0.0,0.0
1981-03-16,2.145923746994884,2.1674548917155705,2.1315696505144266,2.160277843475342,786956,0.0,0.0
1981-03-17,2.1602793944179766,2.181810208347462,2.1387484073638916,2.1387484073638916,1794916,0.0,0.0
1981-03-18,2.1387489982146306,2.1746339288434755,2.1243948874633745,2.1315717697143555,1070247,0.0,0.0
1981-03-19,2.1315719564622886,2.138749185591364,2.1028639055692993,2.117218017578125,470466,0.0,0.0
1981-03-20,2.117215699731772,2.1531007673435814,2.1100388247089885,2.1243927478790283,814146,0.0,0.0
1981-03-23,2.124393415754485,2.1531014442443848,2.124393415754485,2.1531014442443848,436952,0.0,0.0
1981-03-24,2.1531018583789123,2.174632840606544,2.138747927935345,2.1459248065948486,880859,0.0,0.0
1981-03-25,2.172077751377687,2.244722604751587,2.150284365459307,2.244722604751587,1140437,0.14233,0.0
1981-03-26,2.2447226865297845,2.2665158980076447,2.2301936452319024,2.2374579906463623,1103761,0.0,0.0
1981-03-27,2.2374566833366423,2.2447213749754225,2.164812220230141,2.1793410778045654,480584,0.0,0.0
1981-03-30,2.1793405972724105,2.2301918504220533,2.172076082469793,2.201133966445923,560259,0.0,0.0
1981-03-31,2.222928524017334,2.2592509422143783,2.222928524017334,2.222928524017334,597568,0.0,0.0
1981-04-01,2.22292873087713,2.2374575943673047,2.208399692152505,2.2156643867492676,231755,0.0,0.0
1981-04-02,2.2156643083521677,2.237457515199093,2.1720773689549855,2.1866064071655273,770831,0.0,0.0
1981-04-03,2.1648141924771616,2.1648141924771616,2.0703759188853907,2.099433660507202,1949841,0.0,0.0
1981-04-06,2.07763801934682,2.07763801934682,2.0340512788262033,2.041315793991089,1231495,0.0,0.0
1981-04-07,2.041316463940571,2.077638701217072,2.041316463940571,2.0558454990386963,819205,0.0,0.0
1981-04-08,2.0558455779959504,2.070374438417668,2.0413165423398194,2.0485808849334717,617487,0.0,0.0
1981-04-09,2.0485808849334717,2.0631099205896026,2.034052024511754,2.0485808849334717,509355,0.0,0.0
1981-04-10,2.0631092523868064,2.1066961700037923,2.0631092523868064,2.0921671390533447,419246,0.0,0.0
1981-04-13,2.0921678166674513,2.0921678166674513,2.0485808849334717,2.0485808849334717,533068,0.0,0.0
1981-04-14,2.055846245030456,2.084904150536357,2.055846245030456,2.063110589981079,540656,0.0,0.0
1981-04-15,2.0631095300088886,2.0921674205855987,2.0631095300088886,2.0776383876800537,382254,0.0,0.0
1981-04-16,2.0776381081028976,2.0994314792942124,2.048580221436359,2.0921671390533447,666493,0.0,0.0
1981-04-20,2.0921673693601,2.1357542917751546,2.0921673693601,2.1139607429504395,493863,0.0,0.0
1981-04-21,2.099431761803991,2.099431761803991,2.0776383876800537,2.0776383876800537,1906525,0.0,0.0
1981-04-22,2.0776383876800537,2.0921674205855987,2.0631095300088886,2.0776383876800537,1097754,0.0,0.0
1981-04-23,2.0921671390533447,2.1284893659607507,2.0921671390533447,2.0921671390533447,1144864,0.0,0.0
1981-04-24,2.0921673693601,2.143018632815684,2.0921673693601,2.1139607429504395,469517,0.0,0.0
1981-04-27,2.1139606028436497,2.1284894591961563,2.099431571256779,2.121225118637085,466988,0.0,0.0
1981-04-28,2.1212257044659624,2.1284900470312613,2.092167808501529,2.106696844100952,878330,0.0,0.0
1981-04-29,2.0921667421785433,2.0921667421785433,2.019521951675415,2.019521951675415,746169,0.0,0.0
1981-04-30,2.019521951675415,2.0413154939669473,2.0122576128125607,2.019521951675415,604840,0.0,0.0
1981-05-01,2.019523760917617,2.034052802128186,1.990465853730958,1.9977303743362427,546980,0.0,0.0
1981-05-04,1.983200234538087,1.983200234538087,1.9468780053106216,1.968671202659607,699376,0.0,0.0
1981-05-05,1.968671526500667,1.9759362188692964,1.9541426674665967,1.96140718460083,521370,0.0,0.0
1981-05-06,1.9759359359741209,2.004993649882062,1.9759359359741209,1.975935935974121,448650,0.0,0.0
1981-05-07,1.9832015083601535,2.0122594155468123,1.9832015083601535,1.9977303743362427,463510,0.0,0.0
1981-05-08,1.9977290911821997,2.0195224637655524,1.954142346015494,1.968671202659607,406599,0.0,0.0
1981-05-11,1.9686717520100427,1.9686717520100427,1.9032916160159037,1.9105559587478638,1059813,0.0,0.0
1981-05-12,1.910557249370423,1.9468798637390134,1.910557249370423,1.9468798637390137,544451,0.0,0.0
1981-05-13,1.9468798637390134,1.9686730818910982,1.9396151656307608,1.9468798637390137,583972,0.0,0.0
1981-05-14,1.9468796799040895,1.9468796799040895,1.925086113340802,1.9323506355285645,604207,0.0,0.0
1981-05-15,1.932348051372296,1.9468770763179515,1.9178190264266406,1.9396123886108398,792963,0.0,0.0
1981-05-18,1.9396149824818087,1.9468796799040895,1.9178215911530394,1.9323506355285645,1050012,0.0,0.0
1981-05-19,1.9323496002184621,1.9396139432796322,1.8887626656793186,1.9032917022705078,577965,0.0,0.0
1981-05-20,1.9032924701875635,1.9032924701875635,1.8742345605156812,1.888763427734375,645310,0.0,0.0
1981-05-21,1.8887617663994303,1.9032907960730376,1.8379106882448273,1.84517502784729,755338,0.0,0.0
1981-05-22,1.8451744176714902,1.8742322921752932,1.8451744176714902,1.874232292175293,498289,0.0,0.0
1981-05-26,1.874233804322554,1.910556045331678,1.8669694612613836,1.9032917022705078,455290,0.0,0.0
1981-05-27,1.9032914864277557,1.9032914864277557,1.8742335917751118,1.8960269689559937,806874,0.0,0.0
1981-05-28,1.8960270781283877,1.8960270781283877,1.8742336996926527,1.8814982175827026,615590,0.0,0.0
1981-05-29,1.8814968046098146,1.888761141810053,1.8451744176714902,1.874232292175293,324710,0.0,0.0
1981-06-01,1.8742322921752932,1.903290166679096,1.8597032673062501,1.874232292175293,937454,0.0,0.0
1981-06-02,1.8742342497763973,1.888763114586273,1.8597052097320554,1.8597052097320557,666177,0.0,0.0
1981-06-03,1.8597046639125532,1.8814982175827026,1.8451758033668684,1.8814982175827026,502716,0.0,0.0
1981-06-04,1.8960271839749134,1.9250850819228673,1.8960271839749134,1.9032917022705078,797073,0.0,0.0
1981-06-05,1.9032913979957569,1.9832005607691332,1.9032913979957569,1.96140718460083,598516,0.0,0.0
1981-06-08,1.9614072069217992,1.9904649253206184,1.9468783477223894,1.954142689704895,415136,0.0,0.0
1981-06-09,1.9468786368096513,1.9468786368096513,1.8960271839749134,1.9032917022705078,655111,0.0,0.0
1981-06-10,1.9032914864277557,1.9250848636086375,1.8960269689559937,1.8960269689559937,879911,0.0,0.0
1981-06-11,1.8960269689559937,1.9178203461368755,1.8742335917751118,1.8960269689559937,1300105,0.0,0.0
1981-06-12,1.8960283788575216,1.9468798637390134,1.8960283788575216,1.9468798637390137,1179643,0.0,0.0
1981-06-15,1.9614068619547342,1.9977290911821997,1.9614068619547342,1.968671202659607,821102,0.0,0.0
1981-06-16,1.9686728959983408,1.9977308095148727,1.9323506355285645,1.9323506355285645,1301686,0.0,0.0
1981-06-17,1.9323493132885814,1.9614072069217992,1.9250847960716775,1.954142689704895,351585,0.0,0.0
1981-06-18,1.954143570526411,1.9614080910177654,1.9250856637954712,1.9250856637954712,345894,0.0,0.0
1981-06-19,1.925084498549296,1.9832002768339205,1.925084498549296,1.975935935974121,383834,0.0,0.0
1981-06-22,1.9759377799993512,1.9977309981514357,1.9468798637390134,1.9468798637390137,620332,0.0,0.0
1981-06-23,1.94687913425459,1.9832013845443723,1.9396144388683767,1.9832013845443726,478054,0.0,0.0
1981-06-24,2.0097026489419423,2.0097026489419423,1.9581718391089857,1.9655332565307617,507458,0.14233,0.0
1981-06-25,1.9655342037595194,2.00970361745679,1.9581727827901327,1.9728959798812866,384783,0.0,0.0
1981-06-26,1.9655345999362313,1.9949808224775825,1.9655345999362313,1.987619400024414,426518,0.0,0.0
1981-06-29,1.98761899939625,1.98761899939625,1.9728959798812866,1.9728959798812866,434106,0.0,0.0
1981-06-30,1.9728953401185336,1.9802567587007884,1.943448955484984,1.9508105516433716,620648,0.0,0.0
1981-07-01,1.9434501750710236,1.9434501750710236,1.8771963007972068,1.8845577239990234,777470,0.0,0.0
1981-07-02,1.8771957833956288,1.8771957833956288,1.8624727634737792,1.8698341846466064,538759,0.0,0.0
1981-07-06,1.862472320301379,1.862472320301379,1.82566433531467,1.8330259323120117,638670,0.0,0.0
1981-07-07,1.8330268472383644,1.847750048581901,1.781496175264711,1.8183038234710693,648155,0.0,0.0
1981-07-08,1.8183038234710693,1.8403884479101327,1.781496175264711,1.8183038234710693,751228,0.0,0.0
1981-07-09,1.818302280878587,1.8330252921553258,1.8035790920257568,1.8035790920257568,901410,0.0,0.0
1981-07-10,1.8035791980070526,1.8256638050079346,1.8035791980070526,1.8256638050079346,579230,0.0,0.0
1981-07-13,1.825663697728911,1.825663697728911,1.8035790920257568,1.8035790920257568,360438,0.0,0.0
1981-07-14,1.8035797691360245,1.8109413663261724,1.7741335579515898,1.7814953327178955,381937,0.0,0.0
1981-07-15,1.7814950233578273,1.8035794559409517,1.7814950233578273,1.7962180376052856,987093,0.0,0.0
1981-07-16,1.7962177807241595,1.8256638050079346,1.7962177807241595,1.8256638050079346,470150,0.0,0.0
1981-07-17,1.8256648613789246,1.840388059616089,1.8183034398365463,1.8403880596160889,295938,0.0,0.0
1981-07-20,1.833025932312012,1.833025932312012,1.8109413188961394,1.8330259323120117,483429,0.0,0.0
1981-07-21,1.833025399866929,1.833025399866929,1.8035791980070526,1.8256638050079346,469517,0.0,0.0
1981-07-22,1.8256638744034912,1.8403870646811253,1.8035792665631483,1.8109408617019653,437900,0.0,0.0
1981-07-23,1.810940686452172,1.818302280878587,1.7962176751754328,1.8035790920257568,420511,0.0,0.0
1981-07-24,1.8035797218987977,1.8551105457278843,1.8035797218987977,1.8330259323120117,385099,0.0,0.0
1981-07-27,1.8330256836208296,1.8551102940404276,1.8330256836208296,1.847748875617981,263689,0.0,0.0
1981-07-28,1.847750048581901,1.847750048581901,1.8183038234710693,1.8183038234710693,442010,0.0,0.0
1981-07-29,1.8183024568407822,1.8403870646811253,1.810940861701965,1.8109408617019653,332298,0.0,0.0
1981-07-30,1.8109413188961394,1.833025932312012,1.7962183024776088,1.8330259323120117,601678,0.0,0.0
1981-07-31,1.8330264604975068,1.8551110802770494,1.8330264604975068,1.8403880596160889,470150,0.0,0.0
1981-08-03,1.8403884479101327,1.8403884479101327,1.8035806221275328,1.8183038234710693,573539,0.0,0.0
1981-08-04,1.8183034398365463,1.840388059616089,1.810941840717964,1.8403880596160889,526429,0.0,0.0
1981-08-05,1.8403884479101327,1.847750048581901,1.8183038234710693,1.8183038234710693,394901,0.0,0.0
1981-08-06,1.8183029158934811,1.8403875293093537,1.8183029158934811,1.8330259323120117,561524,0.0,0.0
1981-08-07,1.8330268472383644,1.847750048581901,1.8183038234710693,1.8183038234710693,374349,0.0,0.0
1981-08-10,1.8183029158934811,1.8403875293093537,1.8183029158934811,1.8330259323120117,281078,0.0,0.0
1981-08-11,1.833025908159732,1.877195311985646,1.833025908159732,1.8624722957611084,1319391,0.0,0.0
1981-08-12,1.862472067615132,1.869833486037579,1.8403872796194052,1.847748875617981,374665,0.0,0.0
1981-08-13,1.8477496587346713,1.8624728569718358,1.840388059616089,1.8403880596160889,336092,0.0,0.0
1981-08-14,1.8403884479101327,1.8698346730209643,1.8183038234710693,1.8183038234710693,373717,0.0,0.0
1981-08-17,1.8183026477645368,1.8183026477645368,1.7962180376052859,1.7962180376052856,576068,0.0,0.0
1981-08-18,1.7962180376052859,1.8035794559409517,1.7814950233578273,1.7962180376052856,620332,0.0,0.0
1981-08-19,1.7962176751754328,1.810940686452172,1.788856080749018,1.8035790920257568,369923,0.0,0.0
1981-08-20,1.8035794559409517,1.8183026477645368,1.7888564416934931,1.7962180376052856,344629,0.0,0.0
1981-08-21,1.7962201650739755,1.8035815921286202,1.7741353511810303,1.7741353511810303,164726,0.0,0.0
1981-08-24,1.7741342675291814,1.7814960452398823,1.729965021874805,1.7373266220092773,648472,0.0,0.0
1981-08-25,1.7373257991149214,1.7373257991149214,1.7005181710291621,1.7226026058197021,789485,0.0,0.0
1981-08-26,1.7226030265911896,1.7226030265911896,1.648987574861854,1.663710594177246,1277340,0.0,0.0
1981-08-27,1.6637102760809441,1.6710718731192193,1.612179451965326,1.619541049003601,1118621,0.0,0.0
1981-08-28,1.6195410490036013,1.6269026460418763,1.6048178549270509,1.619541049003601,593774,0.0,0.0
1981-08-31,1.6195410490036013,1.6489872595805477,1.5900946608505007,1.619541049003601,577333,0.0,0.0
1981-09-01,1.6195413586548824,1.663710594177246,1.6121797602090924,1.663710594177246,388577,0.0,0.0
1981-09-02,1.663709933864395,1.6857947204364936,1.6563485159164795,1.6710715293884277,438532,0.0,0.0
1981-09-03,1.6710724208561025,1.6710724208561025,1.5606491393925261,1.575372338294983,729728,0.0,0.0
1981-09-04,1.5753722098591736,1.5974568288361475,1.5680106110081165,1.5827336311340332,493863,0.0,0.0
1981-09-08,1.575372338294983,1.575372338294983,1.553287539941298,1.575372338294983,503664,0.0,0.0
1981-09-09,1.5753718219262582,1.6342640655039975,1.5680102248879833,1.619541049003601,399643,0.0,0.0
1981-09-10,1.634264217011209,1.678433625759505,1.634264217011209,1.6489874124526978,1051593,0.0,0.0
1981-09-11,1.6489873462849762,1.663710363559515,1.6269027315850868,1.6563489437103271,644361,0.0,0.0
1981-09-14,1.6563481893498508,1.6563481893498508,1.6121788024902344,1.6121788024902344,1142018,0.0,0.0
1981-09-15,1.612179451965326,1.6416256625422727,1.612179451965326,1.619541049003601,832484,0.0,0.0
1981-09-16,1.619541542680764,1.619541542680764,1.5974569224101425,1.604818344116211,627604,0.0,0.0
1981-09-17,1.6048180308621516,1.6121796287074737,1.560648798942566,1.560648798942566,725302,0.0,0.0
1981-09-18,1.5606491393925261,1.626903179301157,1.5385645186150534,1.575372338294983,378143,0.0,0.0
1981-09-21,1.575371728296006,1.6416255649743063,1.575371728296006,1.5900945663452148,437900,0.0,0.0
1981-09-22,1.5900946116976524,1.5900946116976524,1.5312023699403845,1.5385639667510986,925439,0.0,0.0
1981-09-23,1.5385647513138332,1.5385647513138332,1.5017569260669388,1.5312031507492065,1011122,0.0,0.0
1981-09-24,1.550680465126184,1.550680465126184,1.483259685331725,1.4982420206069946,936189,0.14233,0.0
1981-09-25,1.4832600354506564,1.4832600354506564,1.4532952674751114,1.4757686853408813,664913,0.0,0.0
1981-09-28,1.4757685493605774,1.528207091777845,1.438312615430396,1.5207158327102661,1093960,0.0,0.0
1981-09-29,1.5207156138718143,1.588136574370104,1.4982420206069946,1.4982420206069946,1053174,0.0,0.0
1981-09-30,1.4832597547517754,1.4832597547517754,1.4158387910980261,1.4532949924468994,606104,0.0,0.0
1981-10-01,1.4532937069872165,1.5431880950927734,1.4308200421969477,1.5431880950927734,681670,0.0,0.0
1981-10-02,1.5431880950927734,1.5581704178171667,1.520714339950665,1.5431880950927734,843234,0.0,0.0
1981-10-05,1.543188235734168,1.5656618122207693,1.5282057309406367,1.5356969833374023,538127,0.0,0.0
1981-10-06,1.5356978434301352,1.5431891000225018,1.520715330245402,1.5282065868377686,298784,0.0,0.0
1981-10-07,1.5282057309406367,1.543188235734168,1.5132234068508008,1.5356969833374023,549193,0.0,0.0
1981-10-08,1.5356968433787372,1.5431880950927734,1.520714339950665,1.5431880950927734,461297,0.0,0.0
1981-10-09,1.5431896099130027,1.558171947344304,1.5132247543465436,1.5207158327102661,956108,0.0,0.0
1981-10-12,1.520715080356771,1.5282063357181512,1.4907503299669005,1.5132240056991577,287402,0.0,0.0
1981-10-13,1.5132245933108066,1.5207156708773366,1.483259740933175,1.4907509088516235,300997,0.0,0.0
1981-10-14,1.483258750806648,1.483258750806648,1.4158378327868126,1.4233289957046509,603259,0.0,0.0
1981-10-15,1.423329527719922,1.4607856273651123,1.4008560305662137,1.4607856273651123,497341,0.0,0.0
1981-10-16,1.4532944455129173,1.4532944455129173,1.4158382582603353,1.4383119344711304,792330,0.0,0.0
1981-10-19,1.4308210488418378,1.4308210488418378,1.4083473682403564,1.4083473682403564,912793,0.0,0.0
1981-10-20,1.4083469249404932,1.4532942719955548,1.4008557606658991,1.445802927017212,991204,0.0,0.0
1981-10-21,1.4458040336268403,1.4832601547241213,1.4383128636185503,1.483260154724121,426202,0.0,0.0
1981-10-22,1.483259685331725,1.5132245365860948,1.468277169352625,1.4982420206069946,640251,0.0,0.0
1981-10-23,1.4982420206069946,1.5057331882446297,1.4757683369902599,1.4982420206069946,1029777,0.0,0.0
1981-10-26,1.4982420767700722,1.5057332446885208,1.475768392310889,1.4907509088516235,563737,0.0,0.0
1981-10-27,1.4907513247324111,1.4982424947407011,1.4757688040119439,1.483260154724121,502716,0.0,0.0
1981-10-28,1.4832592507094315,1.4982415815946022,1.4532944985872014,1.4682767391204834,485326,0.0,0.0
1981-10-29,1.4682775159349792,1.4907512048565585,1.460786346529077,1.4757686853408813,219424,0.0,0.0
1981-10-30,1.4757674798497755,1.5506795644760132,1.4757674798497755,1.5506795644760132,600097,0.0,0.0
1981-11-02,1.5731542186834666,1.6031190695490483,1.5731542186834666,1.5881365537643433,922278,0.0,0.0
1981-11-03,1.5881366321773276,1.6330838203430178,1.5881366321773276,1.6330838203430176,557414,0.0,0.0
1981-11-04,1.6330838062862691,1.6630486583734196,1.595627876705208,1.603119134902954,734471,0.0,0.0
1981-11-05,1.6031181592421735,1.6106092321770034,1.5282059842640732,1.5506795644760132,620332,0.0,0.0
1981-11-06,1.5506806882767252,1.5506806882767252,1.5207158327102661,1.5207158327102661,535598,0.0,0.0
1981-11-09,1.5207158327102661,1.5356983508454238,1.4982422362113859,1.5207158327102661,666810,0.0,0.0
1981-11-10,1.5207160390153165,1.5431898192669156,1.505733609199524,1.505733609199524,595354,0.0,0.0
1981-11-11,1.5057334049270366,1.528207091777845,1.5057334049270366,1.5207158327102661,202983,0.0,0.0
1981-11-12,1.5207158327102661,1.5356983508454238,1.5132247543465436,1.5207158327102661,336725,0.0,0.0
1981-11-13,1.5207160390153165,1.5207160390153165,1.490751269735672,1.505733609199524,561840,0.0,0.0
1981-11-16,1.505733664748991,1.505733664748991,1.4383128636185503,1.483260154724121,798970,0.0,0.0
1981-11-17,1.4832593052226046,1.4907504709405075,1.4458032055774146,1.4607856273651123,1568852,0.0,0.0
1981-11-18,1.4607860616855337,1.4607860616855337,1.4233299509039055,1.4308212995529175,1553044,0.0,0.0
1981-11-19,1.4308207693021222,1.4458030996401385,1.4233294234293434,1.4383119344711304,740162,0.0,0.0
1981-11-20,1.4383117627426178,1.445802927017212,1.4233292534896809,1.445802927017212,835646,0.0,0.0
1981-11-23,1.4458036437548216,1.4682772380714584,1.4308213077783432,1.4532949924468994,621281,0.0,0.0
1981-11-24,1.4532944145675333,1.520715080356771,1.4458030688542696,1.5132240056991577,1392111,0.0,0.0
1981-11-25,1.5132245365860948,1.5207156138718143,1.483259685331725,1.4982420206069946,848926,0.0,0.0
1981-11-27,1.4982422362113859,1.5207158327102661,1.4832598987800845,1.5207158327102661,348107,0.0,0.0
1981-11-30,1.528206521788103,1.5806449542949805,1.528206521788103,1.5656626224517822,1230231,0.0,0.0
1981-12-01,1.5656627102758127,1.6255924024178705,1.5581714535821058,1.6106098890304565,1953003,0.0,0.0
1981-12-02,1.6106098788998018,1.618100954842591,1.5956275463104248,1.5956275463104248,697478,0.0,0.0
1981-12-03,1.595627876705208,1.6106102123968653,1.5881366185074615,1.603119134902954,477106,0.0,0.0
1981-12-04,1.6106093802375405,1.6405742168426514,1.6106093802375405,1.6405742168426514,933028,0.0,0.0
1981-12-07,1.6387019571488721,1.6387019571488721,1.6106099246303416,1.6181010007858276,651633,0.0,0.0
1981-12-08,1.6106103177302928,1.6106103177302928,1.5581718683242798,1.5581718683242798,461297,0.0,0.0
1981-12-09,1.558170671814234,1.5806442499160767,1.558170671814234,1.5806442499160767,417349,0.0,0.0
1981-12-10,1.5806449542949805,1.5806449542949805,1.5506801099047949,1.5656626224517822,431260,0.0,0.0
1981-12-11,1.5506801759110718,1.5506801759110718,1.5282065868377686,1.5282065868377686,762926,0.0,0.0
1981-12-14,1.520715080356771,1.520715080356771,1.4982414949763974,1.5132240056991577,811617,0.0,0.0
1981-12-15,1.5132234068508008,1.5356969833374023,1.5057320641021874,1.5356969833374023,635508,0.0,0.0
1981-12-16,1.5356978434301352,1.5431891000225018,1.5282065868377686,1.5282065868377686,581127,0.0,0.0
1981-12-17,1.528207014277437,1.5581718683242798,1.5207157555897646,1.5581718683242798,586185,0.0,0.0
1981-12-18,1.5581714535821058,1.6255924024178705,1.5581714535821058,1.6106098890304565,1103445,0.0,0.0
1981-12-21,1.6106099246303416,1.6330835145044054,1.6031188484748558,1.6181010007858276,561524,0.0,0.0
1981-12-22,1.6181012898907763,1.6405750644840156,1.6031191349029543,1.603119134902954,710125,0.0,0.0
1981-12-23,1.6031191349029543,1.6181012898907763,1.595627876705208,1.603119134902954,1012387,0.0,0.0
1981-12-24,1.6305487695099872,1.6305487695099872,1.592451778958274,1.622929334640503,386996,0.14233,0.0
1981-12-28,1.6229293231605326,1.6229293231605326,1.607690453529358,1.607690453529358,506194,0.0,0.0
1981-12-29,1.607689878239876,1.6153093103289555,1.5695930853857605,1.5772123336791992,303843,0.0,0.0
1981-12-30,1.5772123336791992,1.5924511978573581,1.561973653296681,1.5772123336791992,627288,0.0,0.0
1981-12-31,1.5772134750255713,1.6381686082569467,1.5772134750255713,1.6000717878341675,591877,0.0,0.0
1982-01-04,1.6000717878341675,1.607691041641259,1.5848329126284366,1.6000717878341675,652266,0.0,0.0
1982-01-05,1.561975630357692,1.5924532134951817,1.5238786054868616,1.5314979553222656,653530,0.0,0.0
1982-01-06,1.5162580385590458,1.5391162535129617,1.49339982360513,1.5238773822784424,569112,0.0,0.0
1982-01-07,1.5314979553222656,1.5467367468910105,1.5162592556514576,1.5314979553222656,472679,0.0,0.0
1982-01-08,1.5467356443405154,1.554355080642538,1.5314968636343411,1.5467356443405151,359173,0.0,0.0
1982-01-11,1.531496892437516,1.554355109875612,1.508638858795166,1.508638858795166,610215,0.0,0.0
1982-01-12,1.5010188036425463,1.5162576711848388,1.485780119895935,1.485780119895935,704118,0.0,0.0
1982-01-13,1.4629229436369646,1.5010197694132,1.4172064953913628,1.4248260259628296,525796,0.0,0.0
1982-01-14,1.43244469165802,1.4400640348109393,1.4172058215564691,1.43244469165802,936822,0.0,0.0
1982-01-15,1.4629232885168268,1.4857814261304665,1.4324457104333594,1.478162169456482,571958,0.0,0.0
1982-01-18,1.4705415964126587,1.4857803746701808,1.4476833830774476,1.4705415964126587,459400,0.0,0.0
1982-01-19,1.4629225653854434,1.4857806917001746,1.4400643471728363,1.4476836919784546,529907,0.0,0.0
1982-01-20,1.4476836919784546,1.455303220579825,1.432445002367218,1.4476836919784546,606104,0.0,0.0
1982-01-21,1.455302834510803,1.4705415200794554,1.4400639651464473,1.4553028345108032,545715,0.0,0.0
1982-01-22,1.4629221772951293,1.4705415200794554,1.455302834510803,1.4553028345108032,250725,0.0,0.0
1982-01-25,1.4476833079307736,1.455302834510803,1.4400639651464473,1.4553028345108032,455290,0.0,0.0
1982-01-26,1.4476836919784546,1.4629225653854434,1.432445002367218,1.4476836919784546,517892,0.0,0.0
1982-01-27,1.4553033468322671,1.4629226922988892,1.447683817569877,1.4629226922988892,535282,0.0,0.0
1982-01-28,1.4705413442514832,1.485780119895935,1.455302660504872,1.485780119895935,682618,0.0,0.0
1982-01-29,1.4934007747023725,1.5086396556420278,1.470542637088733,1.478162169456482,1084159,0.0,0.0
1982-02-01,1.4553035968612977,1.4781618209840985,1.4248260259628296,1.4248260259628296,522951,0.0,0.0
1982-02-02,1.4476833079307736,1.4629221772951293,1.424825279577795,1.4553028345108032,358541,0.0,0.0
1982-02-03,1.4705415200794554,1.4857802975459595,1.455302834510803,1.4553028345108032,375298,0.0,0.0
1982-02-04,1.4400638341903687,1.4553027021689369,1.4248251500074869,1.4400638341903687,967807,0.0,0.0
1982-02-05,1.4476836919784546,1.455303220579825,1.432445002367218,1.4476836919784546,836911,0.0,0.0
1982-02-08,1.4400640348109393,1.4476833779638585,1.4248253485051008,1.43244469165802,472363,0.0,0.0
1982-02-09,1.3943478861584788,1.4248254446218418,1.3638702357972534,1.3714897632598877,1360810,0.0,0.0
1982-02-10,1.3791091631776444,1.3867285076630504,1.36387038230896,1.36387038230896,562156,0.0,0.0
1982-02-11,1.3638705135302003,1.3791092958650444,1.3410124778747559,1.3410124778747559,534649,0.0,0.0
1982-02-12,1.3105351888160028,1.3410127598952495,1.2800574339409554,1.295296311378479,870741,0.0,0.0
1982-02-16,1.2724379649686248,1.2800573110580444,1.2648186188792052,1.2800573110580444,676295,0.0,0.0
1982-02-17,1.2876768409432473,1.295296187032667,1.2724379649686248,1.2800573110580444,849558,0.0,0.0
1982-02-18,1.2952961971862573,1.3105350732803345,1.2800573210921802,1.3105350732803345,1357965,0.0,0.0
1982-02-19,1.3105350732803345,1.3181544194294808,1.2952961971862573,1.3105350732803345,793595,0.0,0.0
1982-02-22,1.3029155331220865,1.3333931012755482,1.2724379649686248,1.2800573110580444,924491,0.0,0.0
1982-02-23,1.2876769645576176,1.3029156581993406,1.272438087120094,1.295296311378479,1064872,0.0,0.0
1982-02-24,1.3029151064102948,1.318153977394104,1.2876764192222085,1.318153977394104,612112,0.0,0.0
1982-02-25,1.3105350732803345,1.3333931117277735,1.2800573210921802,1.3105350732803345,1238451,0.0,0.0
1982-02-26,1.310534633800061,1.318153977394104,1.3029151064102948,1.318153977394104,378776,0.0,0.0
1982-03-01,1.3181543701088427,1.3333930618369578,1.30291549458495,1.3257737159729004,1030725,0.0,0.0
1982-03-02,1.3181545356368642,1.333393229278587,1.295296311378479,1.295296311378479,688626,0.0,0.0
1982-03-03,1.295296157131795,1.302915503045328,1.2800572815089495,1.2876768112182617,530223,0.0,0.0
1982-03-04,1.2876764437533688,1.302915131231763,1.272437572479248,1.272437572479248,525164,0.0,0.0
1982-03-05,1.264818228740051,1.2800569162184452,1.2419601056245964,1.272437572479248,829639,0.0,0.0
1982-03-08,1.2495799226961912,1.272438054470151,1.2191023523989795,1.2267218828201294,943145,0.0,0.0
1982-03-09,1.2648180723190308,1.295295627302363,1.2267212664366431,1.2648180723190308,514730,0.0,0.0
1982-03-10,1.2876769645576176,1.3105351888160028,1.2648187402992326,1.295296311378479,1058548,0.0,0.0
1982-03-11,1.3257737159729004,1.3333930618369578,1.3105350242447853,1.3257737159729004,950733,0.0,0.0
1982-03-12,1.3257737958858808,1.3410126723283196,1.3029155731201172,1.3029155731201172,726883,0.0,0.0
1982-03-15,1.2952961971862573,1.3181544194294808,1.2724379749430337,1.3105350732803345,1031674,0.0,0.0
1982-03-16,1.3410121919719564,1.363870222754086,1.318153977394104,1.318153977394104,1019027,0.0,0.0
1982-03-17,1.3486318230932373,1.3638705135302003,1.333392948860512,1.3410124778747559,1718718,0.0,0.0
1982-03-18,1.3791093884843897,1.4019676094707272,1.3486319136657516,1.3943482637405396,1339943,0.0,0.0
1982-03-19,1.394347824524197,1.4095865111844212,1.3867282973983683,1.401967167854309,989623,0.0,0.0
1982-03-22,1.440064472103255,1.4781615670279016,1.4019675609743762,1.4629226922988892,1439537,0.0,0.0
1982-03-23,1.4857796843698532,1.5086378870850345,1.4629215735524859,1.4933990240097046,1564426,0.0,0.0
1982-03-24,1.4781615670279016,1.4934001660632616,1.4553033468322671,1.4629226922988892,1022821,0.0,0.0
1982-03-25,1.4705420377655114,1.4781615670279016,1.4553033468322671,1.4629226922988892,1033571,0.0,0.0
1982-03-26,1.4400638341903687,1.4553027021689369,1.4248251500074869,1.4400638341903687,752176,0.0,0.0
1982-03-29,1.4553029100529933,1.4781611233882044,1.4248253535379494,1.4705415964126587,429680,0.0,0.0
1982-03-30,1.4596730005844298,1.4752013480972834,1.4441444657822236,1.451908826828003,680089,0.14233,0.0
1982-03-31,1.4519086088424624,1.4596727814331978,1.4441442489624026,1.4441442489624023,726250,0.0,0.0
1982-04-01,1.4441444657822236,1.4596730005844298,1.4208519445129433,1.451908826828003,487539,0.0,0.0
1982-04-02,1.4674367904663086,1.4829653212063243,1.4519084470155965,1.4674367904663086,797389,0.0,0.0
1982-04-05,1.4751999378204346,1.4984926241114853,1.4519074388185575,1.4751999378204346,568480,0.0,0.0
1982-04-06,1.4674357714864756,1.4751999378204346,1.4596716051525167,1.4751999378204346,332614,0.0,0.0
1982-04-07,1.4751999378204346,1.4829642914435672,1.4674357714864756,1.4751999378204346,418297,0.0,0.0
1982-04-08,1.4984937906265259,1.5140222290272738,1.482965445870438,1.4984937906265259,1032938,0.0,0.0
1982-04-12,1.4907292823611236,1.4984934529897642,1.475200753814565,1.482965111732483,306056,0.0,0.0
1982-04-13,1.4674369540239331,1.4829654864947286,1.4441442489624026,1.4441442489624023,432525,0.0,0.0
1982-04-14,1.4363800523806056,1.4596727570530912,1.41308734770812,1.420851707458496,408180,0.0,0.0
1982-04-15,1.41308734770812,1.420851707458496,1.3975590964306712,1.420851707458496,475841,0.0,0.0
1982-04-16,1.3975588481479562,1.4286156261194574,1.3587376181608086,1.3742661476135254,834698,0.0,0.0
1982-04-19,1.413086694801588,1.4363793887118521,1.382029925662265,1.3975584506988525,442010,0.0,0.0
1982-04-20,1.3975588481479562,1.4130870966667408,1.3742661476135254,1.3742661476135254,792963,0.0,0.0
1982-04-21,1.3975581207036414,1.4130863611398066,1.3742654322933099,1.4053221940994263,466672,0.0,0.0
1982-04-22,1.4286152635668916,1.444143601789554,1.4130867380549887,1.4363794326782227,692736,0.0,0.0
1982-04-23,1.4674367904663086,1.4752009621916646,1.4519084470155965,1.4674367904663086,635192,0.0,0.0
1982-04-26,1.4751999378204346,1.4907284577775262,1.4596716051525167,1.4751999378204346,333879,0.0,0.0
1982-04-27,1.4519083908418353,1.4752009051167254,1.428615689277649,1.428615689277649,820470,0.0,0.0
1982-04-28,1.436380076371667,1.4441442489624026,1.4208517311901963,1.4441442489624023,507774,0.0,0.0
1982-04-29,1.4208507154693775,1.4363790495501378,1.4053221940994263,1.4053221940994263,504929,0.0,0.0
1982-04-30,1.4286157799267305,1.4363799518443492,1.413087248802185,1.413087248802185,1136011,0.0,0.0
1982-05-03,1.4441432165905181,1.4752000720412297,1.4053221940994263,1.4053221940994263,515363,0.0,0.0
1982-05-04,1.4130863611398066,1.4286148825097575,1.3975581207036414,1.4053221940994263,575436,0.0,0.0
1982-05-05,1.4130863611398066,1.4286148825097575,1.3975581207036414,1.4053221940994263,661435,0.0,0.0
1982-05-06,1.4053225259279116,1.4208510509644994,1.3897940945359413,1.3975584506988525,806558,0.0,0.0
1982-05-07,1.428615689277649,1.4519083908418353,1.3975589099331474,1.428615689277649,1877121,0.0,0.0
1982-05-10,1.4519074388185575,1.4751999378204346,1.420850586193548,1.4751999378204346,1747490,0.0,0.0
1982-05-11,1.5062589645385742,1.5217872240441785,1.4829662475236816,1.5062589645385742,563421,0.0,0.0
1982-05-12,1.4984946006739963,1.514023047469021,1.4829662475236816,1.5062589645385742,541289,0.0,0.0
1982-05-13,1.514023047469021,1.5295514006193358,1.4984946006739963,1.5062589645385742,587450,0.0,0.0
1982-05-14,1.4752013480972834,1.4984940566559164,1.451908826828003,1.451908826828003,633611,0.0,0.0
1982-05-17,1.4441440321275756,1.4596725622667988,1.4208515178526855,1.428615689277649,743640,0.0,0.0
1982-05-18,1.420851707458496,1.4363800523806056,1.3975590964306712,1.420851707458496,927653,0.0,0.0
1982-05-19,1.3975589470092311,1.4130871966264613,1.382030416458049,1.3897945880889893,826161,0.0,0.0
1982-05-20,1.3897940945359413,1.3975584506988525,1.382029925662265,1.3975584506988525,508723,0.0,0.0
1982-05-21,1.3975589470092311,1.4130871966264613,1.382030416458049,1.3897945880889893,512833,0.0,0.0
1982-05-24,1.3975584506988525,1.4053225259279116,1.382029925662265,1.3975584506988525,276968,0.0,0.0
1982-05-25,1.397559259502477,1.4130875125918134,1.382030725479126,1.382030725479126,350952,0.0,0.0
1982-05-26,1.3742661476135254,1.3820303186952396,1.3587376181608086,1.3742661476135254,966858,0.0,0.0
1982-05-27,1.358737801226845,1.3742663327717581,1.3354452848434448,1.3354452848434448,2058289,0.0,0.0
1982-05-28,1.3354452848434448,1.343209456971245,1.3199167532985316,1.3354452848434448,407864,0.0,0.0
1982-06-01,1.3199170363415778,1.3354455712164304,1.304388501466725,1.3121528625488281,442327,0.0,0.0
1982-06-02,1.3276811838150024,1.3354455447431886,1.3121528365373298,1.3276811838150024,365180,0.0,0.0
1982-06-03,1.3276811838150024,1.3354455447431886,1.3199170101761661,1.3276811838150024,287085,0.0,0.0
1982-06-04,1.3199170582342215,1.3276812321557507,1.3043885231018066,1.3043885231018066,790750,0.0,0.0
1982-06-07,1.3432097183820249,1.3820307738655562,1.3043884756091437,1.3276811838150024,547296,0.0,0.0
1982-06-08,1.3354452848434448,1.343209456971245,1.3199167532985316,1.3354452848434448,539392,0.0,0.0
1982-06-09,1.3199170363415778,1.3354455712164304,1.304388501466725,1.3121528625488281,798022,0.0,0.0
1982-06-10,1.3043885231018066,1.3121528843126924,1.2888601752587483,1.3043885231018066,438216,0.0,0.0
1982-06-11,1.3199169635772705,1.3276811369419972,1.3121527902125438,1.3199169635772705,411342,0.0,0.0
1982-06-14,1.3199169635772705,1.3276811369419972,1.3043884295584738,1.3199169635772705,472047,0.0,0.0
1982-06-15,1.3121527902125438,1.3199169635772705,1.3043884295584738,1.3199169635772705,1132849,0.0,0.0
1982-06-16,1.3199170363415778,1.3276812101343274,1.3121528625488281,1.3121528625488281,932079,0.0,0.0
1982-06-17,1.2966237762801935,1.3121523045514856,1.2810955289428123,1.2888596057891846,1145812,0.0,0.0
1982-06-18,1.2733320299677666,1.2888604750676602,1.2578036785125732,1.2578036785125732,705383,0.0,0.0
1982-06-21,1.2655669450759888,1.2810954726651225,1.2500386047761205,1.2655669450759888,761029,0.0,0.0
1982-06-22,1.265566876375967,1.2733310461044312,1.2500385369190392,1.2733310461044312,1086056,0.0,0.0
1982-06-23,1.265566876375967,1.2733310461044312,1.257802706647503,1.2733310461044312,1384523,0.0,0.0
1982-06-24,1.2780945277056497,1.2860329572412588,1.262217477141637,1.270155906677246,988990,0.14233,0.0
1982-06-25,1.2780945277056497,1.2860329572412588,1.262217477141637,1.270155906677246,585237,0.0,0.0
1982-06-28,1.2939718958959472,1.3177872896194458,1.2701564064260138,1.3177872896194458,569744,0.0,0.0
1982-06-29,1.3336643468491367,1.34160297214338,1.3177874792464446,1.3257259130477905,1617543,0.0,0.0
1982-06-30,1.3574796444074217,1.3892335665363764,1.3177872896194458,1.3177872896194458,1303583,0.0,0.0
1982-07-01,1.3177872896194458,1.325725722278467,1.3019103285549685,1.3177872896194458,385732,0.0,0.0
1982-07-02,1.3177874792464446,1.3257259130477905,1.3019105158973037,1.3257259130477905,404702,0.0,0.0
1982-07-06,1.3177874792464446,1.3257259130477905,1.309849141191547,1.3257259130477905,266534,0.0,0.0
1982-07-07,1.3177870003419614,1.3336638621747527,1.2939716118463607,1.3019100427627563,886234,0.0,0.0
1982-07-08,1.2939716118463607,1.3098486651719796,1.2780947500135693,1.3019100427627563,466356,0.0,0.0
1982-07-09,1.3019103285549685,1.325725722278467,1.2780950305779046,1.3177872896194458,865683,0.0,0.0
1982-07-12,1.3416034658196236,1.3495419025421143,1.3257264008816747,1.3495419025421143,803713,0.0,0.0
1982-07-13,1.34160297214338,1.3495414059447262,1.3257259130477905,1.3257259130477905,1082894,0.0,0.0
1982-07-14,1.3336648376041653,1.3495419025421143,1.3257264008816747,1.3495419025421143,803713,0.0,0.0
1982-07-15,1.373357482244736,1.381295919418335,1.3574804164045597,1.381295919418335,1128423,0.0,0.0
1982-07-16,1.3892343565919338,1.4051114224321104,1.373357482244736,1.381295919418335,973182,0.0,0.0
1982-07-19,1.3812950126968384,1.3892334446594239,1.373356580734253,1.373356580734253,454973,0.0,0.0
1982-07-20,1.373357482244736,1.381295919418335,1.3654190450711372,1.381295919418335,653847,0.0,0.0
1982-07-21,1.3812950126968384,1.3892334446594239,1.373356580734253,1.373356580734253,753125,0.0,0.0
1982-07-22,1.381296104608774,1.3892345428466797,1.3733576663708682,1.3892345428466797,849558,0.0,0.0
1982-07-23,1.3812950126968384,1.3892334446594239,1.3654181487716675,1.373356580734253,658273,0.0,0.0
1982-07-26,1.3574791833930508,1.3733562348119477,1.3336637020111084,1.3336637020111084,405967,0.0,0.0
1982-07-27,1.3336637020111084,1.341602323466959,1.3257252720480623,1.3336637020111084,446437,0.0,0.0
1982-07-28,1.3177866828835318,1.3416021613883324,1.293971300125122,1.293971300125122,837227,0.0,0.0
1982-07-29,1.2939716118463607,1.3098486651719796,1.2780947500135693,1.3019100427627563,507774,0.0,0.0
1982-07-30,1.2939725438423821,1.309849608603608,1.278095670574122,1.286034107208252,664596,0.0,0.0
1982-08-02,1.3177868420850163,1.3336637020111084,1.301909886412522,1.3336637020111084,498922,0.0,0.0
1982-08-03,1.3336641549374884,1.3495412117484005,1.3177872896194458,1.3177872896194458,763559,0.0,0.0
1982-08-04,1.3019098187571374,1.3177867736045656,1.2780945301055908,1.2780945301055908,678824,0.0,0.0
1982-08-05,1.2860328711211158,1.293971300125122,1.2780944421171094,1.293971300125122,291828,0.0,0.0
1982-08-06,1.2860337313583747,1.3098492257935315,1.2542798026091353,1.2622182369232178,1085107,0.0,0.0
1982-08-09,1.262217477141637,1.2780945277056497,1.2463406180704188,1.270155906677246,567847,0.0,0.0
1982-08-10,1.2780945277056497,1.2860329572412588,1.270155906677246,1.270155906677246,755971,0.0,0.0
1982-08-11,1.2780945277056497,1.2860329572412588,1.270155906677246,1.270155906677246,495760,0.0,0.0
1982-08-12,1.2701566712373002,1.2780952970442923,1.2542798026091353,1.2622182369232178,619067,0.0,0.0
1982-08-13,1.2701566712373002,1.2780952970442923,1.2542798026091353,1.2622182369232178,429363,0.0,0.0
1982-08-16,1.3019100427627563,1.3098486651719796,1.286033180929965,1.3019100427627563,905521,0.0,0.0
1982-08-17,1.3574805984020524,1.3892345428466797,1.3177882157195193,1.3892345428466797,1240980,0.0,0.0
1982-08-18,1.3733567012183339,1.4289261128172221,1.3098489527068593,1.3177872896194458,1355751,0.0,0.0
1982-08-19,1.3495419025421143,1.3733574042025538,1.3257264008816747,1.3495419025421143,988042,0.0,0.0
1982-08-20,1.413048776533698,1.4606796503067017,1.357479375925319,1.4606796503067017,1973238,0.0,0.0
1982-08-23,1.4924346423068116,1.54006564617157,1.4368652016289167,1.5400656461715698,2112038,0.0,0.0
1982-08-24,1.4844950590574284,1.5162489732802364,1.4448025226593018,1.4448025226593018,2354543,0.0,0.0
1982-08-25,1.4924341141782769,1.5321264756909698,1.4527417526655841,1.5241880416870117,1133482,0.0,0.0
1982-08-26,1.5400648597035438,1.5876955520051856,1.4924338801625936,1.5480031967163086,1912533,0.0,0.0
1982-08-27,1.5321264756909698,1.5480034394453372,1.5162496076830534,1.5241880416870117,688309,0.0,0.0
1982-08-30,1.508310317993164,1.524187370502432,1.492433456976714,1.508310317993164,596935,0.0,0.0
1982-08-31,1.540064882127878,1.5797571422482637,1.49243390189339,1.5718187093734741,1032622,0.0,0.0
1982-09-01,1.555942424051358,1.5876963627968737,1.5241885810523272,1.5400656461715698,859675,0.0,0.0
1982-09-02,1.5559416521310199,1.5797571422482637,1.5321262577602133,1.5718187093734741,696846,0.0,0.0
1982-09-03,1.5797576248752956,1.603573122268341,1.5559421274822502,1.5638805627822876,2754502,0.0,0.0
1982-09-07,1.5638804935116442,1.5797575549013925,1.5400652844128717,1.5559420585632324,732890,0.0,0.0
1982-09-08,1.5638805627822874,1.5797576248752956,1.548003692182213,1.5638805627822876,744588,0.0,0.0
1982-09-09,1.5797576904296875,1.5956345616885965,1.5559421920483827,1.5797576904296875,1179327,0.0,0.0
1982-09-10,1.548003623614821,1.5718191199529807,1.5241882230231234,1.5559420585632324,723721,0.0,0.0
1982-09-13,1.5559416521310199,1.5718187093734741,1.540064882127878,1.5718187093734741,406599,0.0,0.0
1982-09-14,1.5956349746104312,1.6115119457244873,1.57181966155909,1.6115119457244873,1000056,0.0,0.0
1982-09-15,1.6115101372825613,1.6194486618041992,1.5956331839856739,1.6194486618041992,842918,0.0,0.0
1982-09-16,1.6035724878311155,1.6115108242439637,1.595633864178981,1.6035724878311157,1229914,0.0,0.0
1982-09-17,1.603572776480933,1.6115111143227152,1.5876957178115845,1.5876957178115845,755971,0.0,0.0
1982-09-20,1.5797576904296875,1.587696126059142,1.571819254800233,1.5797576904296875,575752,0.0,0.0
1982-09-21,1.6035718042536997,1.6194486618041992,1.5876947552104241,1.6194486618041992,1085423,0.0,0.0
1982-09-22,1.619450562262169,1.6353276299375046,1.5956350564956665,1.5956350564956665,1369347,0.0,0.0
1982-09-23,1.5559416294755097,1.5876955520051856,1.5241878026922697,1.5480031967163086,1220745,0.0,0.0
1982-09-24,1.5480039872382214,1.555942424051358,1.54006564617157,1.5400656461715698,361386,0.0,0.0
1982-09-27,1.5241882301299303,1.5321266651153564,1.5162497951445042,1.5321266651153564,407231,0.0,0.0
1982-09-28,1.5480036308326715,1.5638805008035235,1.5241882301299303,1.5321266651153564,353798,0.0,0.0
1982-09-29,1.500372751523686,1.5241882482561124,1.4765572547912598,1.4765572547912598,399643,0.0,0.0
1982-09-30,1.4765574249856348,1.4844960524734359,1.4606805529959326,1.4686189889907837,538759,0.0,0.0
1982-10-01,1.4606803846315943,1.4844958813640206,1.436864887899168,1.4765572547912598,718030,0.0,0.0
1982-10-04,1.4814147050327422,1.5137953639266373,1.4490339485026362,1.4895098209381104,712022,0.14233,0.0
1982-10-05,1.5137946934736835,1.53808003043392,1.489509161241111,1.5218898057937622,394268,0.0,0.0
1982-10-06,1.5461756173639851,1.5704611539840698,1.5137949669613293,1.5704611539840698,1091114,0.0,0.0
1982-10-07,1.6190322035623421,1.6433176465849344,1.5947466629035478,1.6028419733047485,1098386,0.0,0.0
1982-10-08,1.6352233188436447,1.6756990091968262,1.594747335581734,1.627128005027771,1383259,0.0,0.0
1982-10-11,1.6352233188436447,1.65141355593042,1.6109377679409955,1.627128005027771,1741799,0.0,0.0
1982-10-12,1.6595080502898059,1.6999839183100744,1.6271272972918704,1.6756982803344727,2059553,0.0,0.0
1982-10-13,1.6918893667513848,1.780936154972776,1.6676039145587287,1.7323652505874634,3169006,0.0,0.0
1982-10-14,1.724270681455782,1.756651361614567,1.6837947824391633,1.691890001296997,1064556,0.0,0.0
1982-10-15,1.6676034927368164,1.6837937250124264,1.6514130651887782,1.6676034927368164,570693,0.0,0.0
1982-10-18,1.708079218864441,1.7242696468655851,1.6837937721351581,1.708079218864441,731941,0.0,0.0
1982-10-19,1.7485542193046861,1.7728398518755393,1.7242689772785482,1.7404592037200928,1707969,0.0,0.0
1982-10-20,1.7647449245684375,1.7971255779266355,1.7242692543249816,1.7971255779266357,1671925,0.0,0.0
1982-10-21,1.7971263800919053,1.8456974794455911,1.7404602602396684,1.7647457122802734,2037737,0.0,0.0
1982-10-22,1.789030561041378,1.8133160022419292,1.7647449245684375,1.7971255779266357,1449971,0.0,0.0
1982-10-25,1.724270681455782,1.7485559474841825,1.691890001296997,1.691890001296997,1351325,0.0,0.0
1982-10-26,1.6756995635813294,1.699985220154831,1.6433188834225445,1.691890001296997,1357965,0.0,0.0
1982-10-27,1.6595088477856752,1.7161749730821625,1.602842722489188,1.6433184146881104,1727571,0.0,0.0
1982-10-28,1.6271272593802282,1.6433175866838652,1.6109370297127896,1.6190321445465088,1072144,0.0,0.0
1982-10-29,1.643317851414759,1.6756985112384075,1.6028421730895197,1.6676034927368164,924175,0.0,0.0
1982-11-01,1.667603668415933,1.683793902397156,1.6514132391622616,1.6837939023971558,1067085,0.0,0.0
1982-11-02,1.6918889387864455,1.7161743848360747,1.6595082789627973,1.6676034927368164,1497081,0.0,0.0
1982-11-03,1.7242700239700905,1.7728409280513002,1.6676039041178536,1.7647457122802734,2646371,0.0,0.0
1982-11-04,1.829506278038025,1.8699823398606281,1.7809353943956892,1.829506278038025,2677988,0.0,0.0
1982-11-05,1.8456970561202017,1.8699826978631764,1.8133163957353333,1.8214116096496582,2120259,0.0,0.0
1982-11-08,1.7971262872464735,1.8214119333048784,1.7728408364605346,1.7890312671661377,867580,0.0,0.0
1982-11-09,1.8052213191986084,1.8214117482593524,1.7890310854103109,1.8052213191986084,1812938,0.0,0.0
1982-11-10,1.7809352922269717,1.821411156455161,1.7404594279987824,1.7566498517990112,1717454,0.0,0.0
1982-11-11,1.7485548257827757,1.764745253112252,1.7242695753334119,1.7485548257827759,519473,0.0,0.0
1982-11-12,1.7323652505874634,1.7566507027801197,1.70807960312233,1.7323652505874634,722456,0.0,0.0
1982-11-15,1.7323652505874634,1.7404602711366972,1.7161748189440411,1.7323652505874634,828058,0.0,0.0
1982-11-16,1.6676034927368164,1.6837937250124264,1.643317851414759,1.6676034927368164,1460405,0.0,0.0
1982-11-17,1.6918891170239916,1.7080793510052144,1.667603668415933,1.6837939023971558,1002902,0.0,0.0
1982-11-18,1.6756980455397026,1.69998368011246,1.6514126062393188,1.6514126062393188,1940040,0.0,0.0
1982-11-19,1.6756986877703202,1.683793902397156,1.6595084537890974,1.6837939023971558,538759,0.0,0.0
1982-11-22,1.6676036814104975,1.6837939155178805,1.6514132520306644,1.659508466720581,561524,0.0,0.0
1982-11-23,1.6514126062393188,1.667603029287824,1.6352223784631876,1.6514126062393188,565950,0.0,0.0
1982-11-24,1.6514132520306644,1.6676036814104975,1.6352230179232814,1.659508466720581,717714,0.0,0.0
1982-11-26,1.6676034927368164,1.6756985112384075,1.6514130651887782,1.6676034927368164,349688,0.0,0.0
1982-11-29,1.6676034927368164,1.6837937250124264,1.643317851414759,1.6676034927368164,718662,0.0,0.0
1982-11-30,1.683793292620649,1.7080787324338687,1.65141264111223,1.6999837160110474,780000,0.0,0.0
1982-12-01,1.7161747217178347,1.7485551926252783,1.6837940555379245,1.7161747217178345,1166364,0.0,0.0
1982-12-02,1.7080802437401144,1.724270681455782,1.691890001296997,1.691890001296997,622862,0.0,0.0
1982-12-03,1.6756980455397026,1.7080786963643386,1.6352223784631876,1.6514126062393188,718662,0.0,0.0
1982-12-06,1.6271272593802282,1.6514127991537828,1.6028419148790702,1.6190321445465088,941880,0.0,0.0
1982-12-07,1.602842259133319,1.6271276088504207,1.5785567141437788,1.5947469472885132,1032306,0.0,0.0
1982-12-08,1.6109370884335452,1.6352226290923395,1.5785564326459542,1.6028419733047485,1106923,0.0,0.0
1982-12-09,1.6433174515293054,1.6595078751375603,1.619032011389304,1.6352224349975586,1568220,0.0,0.0
1982-12-10,1.6190328864843833,1.6352233188436447,1.6028426493976078,1.627128005027771,807191,0.0,0.0
1982-12-13,1.6271272593802282,1.635222569486344,1.6190321445465088,1.6190321445465088,404070,0.0,0.0
1982-12-14,1.6271279184126215,1.6676038995199178,1.578557014465332,1.578557014465332,863153,0.0,0.0
1982-12-15,1.578557014465332,1.59474725069027,1.5623666806041563,1.578557014465332,1027247,0.0,0.0
1982-12-16,1.578557014465332,1.59474725069027,1.5623666806041563,1.578557014465332,638038,0.0,0.0
1982-12-17,1.5866518307161461,1.602842259133319,1.570461695207631,1.5947469472885132,768934,0.0,0.0
1982-12-20,1.5542709061479465,1.5866514625602692,1.5137951374053955,1.5137951374053955,805610,0.0,0.0
1982-12-21,1.5380793776088078,1.5623648995335906,1.5137940509562782,1.554269790649414,715817,0.0,0.0
1982-12-22,1.53808003043392,1.570460870258907,1.5056993858812688,1.5218898057937622,1006380,0.0,0.0
1982-12-23,1.5461768412614023,1.5623670816421509,1.5218912854177538,1.5623670816421509,1597624,0.0,0.0
1982-12-27,1.6333087941085571,1.6828029155731201,1.5755655860718534,1.6828029155731201,1328877,0.14233,0.0
1982-12-28,1.6580561483895757,1.6828033144802228,1.6333091812831175,1.6415581703186035,2122788,0.0,0.0
1982-12-29,1.6663047795242574,1.707549810409546,1.6250594501627853,1.707549810409546,829007,0.0,0.0
1982-12-30,1.7157990628775426,1.7405461236098239,1.6828029155731201,1.6828029155731201,995630,0.0,0.0
1982-12-31,1.724047981950959,1.7405459545082502,1.6993009236229615,1.707549810409546,664913,0.0,0.0
1983-01-03,1.6910520067453394,1.7240481541395194,1.6498067727565788,1.6663049459457397,1041475,0.0,0.0
1983-01-04,1.6993015035606545,1.740546548522054,1.65805616012297,1.732297658920288,1060762,0.0,0.0
1983-01-05,1.740547338584264,1.7817924022674558,1.699302274901072,1.781792402267456,1182488,0.0,0.0
1983-01-06,1.8807787196233416,1.9385218945090366,1.814786462901397,1.913774847984314,3094389,0.0,0.0
1983-01-07,1.9302728126727866,1.9467709763452863,1.913774847984314,1.913774847984314,2393432,0.0,0.0
1983-01-10,1.9632711410522463,2.0045163974684166,1.9137769925402424,1.963271141052246,2250206,0.0,0.0
1983-01-11,1.9550220499721622,1.9797693232124145,1.922025884636076,1.963271141052246,2148082,0.0,0.0
1983-01-12,1.9632705222688194,1.9880175887250433,1.9302743673324585,1.9302743673324585,1488544,0.0,0.0
1983-01-13,1.922024650044084,1.9467719073882002,1.889028704886841,1.905526876449585,979189,0.0,0.0
1983-01-14,1.9220245312336293,1.9385227017765343,1.8972774744033816,1.8972774744033813,654163,0.0,0.0
1983-01-17,1.8890291123159235,1.922025064589791,1.847783873497341,1.8725309371948242,891609,0.0,0.0
1983-01-18,1.8725304175731339,1.9055267586589444,1.831285190199981,1.8972774744033813,685464,0.0,0.0
1983-01-19,1.8807800247553739,1.8972780008923076,1.8642818496342748,1.8725309371948242,991520,0.0,0.0
1983-01-20,1.8972775916840907,1.922024650044084,1.8642814475427252,1.905526876449585,935557,0.0,0.0
1983-01-21,1.8725310761926521,1.9137763180728653,1.8230369451237403,1.831285834312439,1127790,0.0,0.0
1983-01-24,1.7817909355714645,1.8230363632717015,1.740545905839461,1.7570440769195557,1529014,0.0,0.0
1983-01-25,1.7735416484026703,1.798288700448758,1.7487945963565825,1.765292763710022,707280,0.0,0.0
1983-01-26,1.7487955093383791,1.773542574303999,1.715799356389494,1.748795509338379,975079,0.0,0.0
1983-01-27,1.7652946155753158,1.7982905869281571,1.732298445238194,1.781792402267456,1186915,0.0,0.0
1983-01-28,1.831285698376242,1.8725309371948242,1.7817913719971101,1.8725309371948242,1089217,0.0,0.0
1983-01-31,1.8807795028445864,1.8972774744033816,1.8642813323016811,1.8972774744033813,778419,0.0,0.0
1983-02-01,1.8642819959649026,1.9055274370050743,1.8147878646850584,1.8147878646850586,614325,0.0,0.0
1983-02-02,1.8230360747805336,1.847783128500396,1.798288822076586,1.839534044265747,638986,0.0,0.0
1983-02-03,1.847783128500396,1.8642810979856095,1.8312849600310976,1.839534044265747,601046,0.0,0.0
1983-02-04,1.8972770046501604,1.955020189285278,1.8395338200150424,1.9550201892852783,1209047,0.0,0.0
1983-02-07,1.9632690765071892,1.9797672413181284,1.9385220282748212,1.9715181589126587,872006,0.0,0.0
1983-02-08,1.9550214337886824,1.9880175887250433,1.9137763893563717,1.9302743673324585,1077835,0.0,0.0
1983-02-09,1.9220245312336293,1.946771787047987,1.8890285881160391,1.8972774744033813,761978,0.0,0.0
1983-02-10,1.9385226964950562,1.9550206680089026,1.9137756397322314,1.9385226964950562,875484,0.0,0.0
1983-02-11,1.9962669660966568,2.0210138346832354,1.9632706106900282,1.9880176782608032,1635249,0.0,0.0
1983-02-14,1.9715183557433467,1.9880163232173542,1.9467713050403048,1.9550201892852783,699692,0.0,0.0
1983-02-15,1.9550214337886824,1.9797686992290937,1.9220252788523213,1.9302743673324585,627288,0.0,0.0
1983-02-16,1.9467725442927328,1.9632705222688194,1.9302743673324585,1.9302743673324585,551406,0.0,0.0
1983-02-17,1.9385234867665608,1.946772575378418,1.930274398154704,1.946772575378418,411658,0.0,0.0
1983-02-18,1.9632692725143124,1.9715183557433467,1.9467713050403048,1.9550201892852783,2033311,0.0,0.0
1983-02-22,1.9632705222688194,1.9880175887250433,1.9302743673324585,1.9302743673324585,1377567,0.0,0.0
1983-02-23,1.9715185180750263,2.012763738632202,1.9302732975178507,2.012763738632202,1012071,0.0,0.0
1983-02-24,2.0457603090599097,2.0705075684391003,2.012764361189267,2.06225848197937,1525220,0.0,0.0
1983-02-25,2.0870057413585603,2.111752602769473,2.05400939551964,2.06225848197937,2124053,0.0,0.0
1983-02-28,2.070508136144414,2.095255203324777,2.037511980242533,2.0457608699798584,1051909,0.0,0.0
1983-03-01,2.087005297095908,2.103503267519292,2.0622580429846873,2.0952541828155518,1515103,0.0,0.0
1983-03-02,2.0952556990161018,2.1117536813780045,2.0787575176699584,2.0870068073272705,1428787,0.0,0.0
1983-03-03,2.0952539052045314,2.128250040663567,2.062257769745495,2.1035029888153076,2112670,0.0,0.0
1983-03-04,2.0952541828155518,2.111752153238936,2.0787560134080714,2.0952541828155518,1163202,0.0,0.0
1983-03-07,2.136499717857087,2.1612467765808105,2.1117524601492383,2.1612467765808105,1611220,0.0,0.0
1983-03-08,2.1364991242743434,2.161246176122603,2.1035029888153076,2.1035029888153076,1102180,0.0,0.0
1983-03-09,2.1200024246005444,2.136500402710061,2.0952551589599855,2.128251314163208,1264694,0.0,0.0
1983-03-10,2.120001032797947,2.1612460504860525,2.0787556171417236,2.0787556171417236,931763,0.0,0.0
1983-03-11,2.0952537834042126,2.120001032797947,2.0705067329945375,2.0787556171417236,810985,0.0,0.0
1983-03-14,2.111752153238936,2.1447482930698,2.0705071276884275,2.0952541828155518,687045,0.0,0.0
1983-03-15,2.0952541828155518,2.103503267519292,2.0787560134080714,2.0952541828155518,598200,0.0,0.0
1983-03-16,2.0045163974684166,2.0787576202364226,1.9302749757161601,1.963271141052246,1582448,0.0,0.0
1983-03-17,1.9715196643473583,1.9880176427719645,1.955021486938559,1.9797687530517578,1716189,0.0,0.0
1983-03-18,1.988016124739557,2.0045142895504964,1.9715181589126587,1.9715181589126587,2019399,0.0,0.0
1983-03-21,1.9550214337886824,1.9797686992290937,1.9302743673324585,1.9302743673324585,1023137,0.0,0.0
1983-03-22,1.9385231952441342,1.9550211710026297,1.864281806870503,1.8807799816131592,1366818,0.0,0.0
1983-03-23,1.872531421146094,1.9467728304102239,1.872531421146094,1.9220255613327026,2101604,0.0,0.0
1983-03-24,1.922025020501478,1.922025020501478,1.864281806870503,1.8807799816131592,1867636,0.0,0.0
1983-03-25,1.8395346455627954,1.880779881233974,1.8147875837537486,1.8230366706848145,2722569,0.0,0.0
1983-03-28,1.8532251371761665,1.8783819964721182,1.836453762792721,1.8699963092803955,2684312,0.14233,0.0
1983-03-29,1.8867678940900912,1.9119247561917214,1.861610829709222,1.8783822059631348,1218848,0.0,0.0
1983-03-30,1.9119243965358619,1.9370814561843872,1.8783818526170293,1.9370814561843872,1084475,0.0,0.0
1983-03-31,1.9622392798633732,1.9622392798633732,1.8280690242845015,1.844840407371521,1922650,0.0,0.0
1983-04-04,1.84483939341499,1.8951531104640928,1.836453706480403,1.8867676258087158,927337,0.0,0.0
1983-04-05,1.886768629422101,1.903539809933022,1.8532260661209417,1.8951541185379028,2195508,0.0,0.0
1983-04-06,1.861611247062683,1.8699969370696221,1.8364543793211503,1.861611247062683,885918,0.0,0.0
1983-04-07,1.8783819964721182,1.8951531685763472,1.8616106220886728,1.8699963092803955,1359546,0.0,0.0
1983-04-08,1.9119256702653125,1.953853726387024,1.8699974118642655,1.953853726387024,974763,0.0,0.0
1983-04-11,1.9538520340916432,1.9873945713043213,1.9454665514978442,1.9873945713043213,1384207,0.0,0.0
1983-04-12,1.9957805881372397,2.004166274404998,1.9622380453454007,1.9706237316131592,787588,0.0,0.0
1983-04-13,1.987395837864626,2.029324288950277,1.979010349926785,2.0209383964538574,2629298,0.0,0.0
1983-04-14,2.0209389436537744,2.0209389436537744,1.9957820684700671,2.0125534534454346,1070247,0.0,0.0
1983-04-15,2.0125534534454346,2.0209389436537744,2.004167760957751,2.0125534534454346,1056968,0.0,0.0
1983-04-18,2.0041658878326416,2.0125515724829324,1.9957802031823513,2.0041658878326416,694633,0.0,0.0
1983-04-19,1.9538534085005188,1.9957816600799563,1.9370824315156283,1.995781660079956,1416773,0.0,0.0
1983-04-20,1.995780415887978,2.0628654956817627,1.9873947303439607,2.0628654956817627,2613489,0.0,0.0
1983-04-21,2.062865275826365,2.062865275826365,1.987394518532061,2.0041658878326416,1860364,0.0,0.0
1983-04-22,2.004167760957751,2.0209389436537744,1.9790108857740436,2.0125534534454346,2283404,0.0,0.0
1983-04-25,2.0125529085160165,2.0209383964538574,1.9957815280817561,2.0209383964538574,843867,0.0,0.0
1983-04-26,2.0209380966176216,2.0377094745635986,2.004166920950904,2.0377094745635986,1049063,0.0,0.0
1983-04-27,2.07125118122578,2.0880223500346378,2.0544798101377455,2.0628654956817627,1802504,0.0,0.0
1983-04-28,2.1131802419549666,2.1634941776439396,2.0628665085452695,2.155108690261841,2049752,0.0,0.0
1983-04-29,2.188650455361215,2.2221930027008057,2.1551081103008456,2.2221930027008057,1705123,0.0,0.0
1983-05-02,2.1802649325262267,2.2305788584729953,2.129951208858695,2.1383368968963623,1317178,0.0,0.0
1983-05-03,2.1299516212777165,2.1634941776439396,2.1215661338956173,2.155108690261841,1193238,0.0,0.0
1983-05-04,2.1802661418914795,2.197037527269684,2.1551094683828707,2.1802661418914795,1507515,0.0,0.0
1983-05-05,2.2054213633498807,2.2305784225463867,2.180264506432572,2.2305784225463867,1445545,0.0,0.0
1983-05-06,2.24735059437739,2.272507257959817,2.2305792156167468,2.2641217708587646,1921702,0.0,0.0
1983-05-09,2.280892740531567,2.2892782261286473,2.1718794049771986,2.1970362663269043,2049120,0.0,0.0
1983-05-10,2.2054217519239843,2.22219312767661,2.1802648905742785,2.1970362663269043,1526485,0.0,0.0
1983-05-11,2.2054221525469013,2.2641217760648575,2.1467227313082144,2.163494110107422,1151187,0.0,0.0
1983-05-12,2.1802661418914795,2.2473514811249475,2.163494958792624,2.1802661418914795,991520,0.0,0.0
1983-05-13,2.1467226042442955,2.2138077109118366,2.1467226042442955,2.1886508464813232,1647896,0.0,0.0
1983-05-16,2.163493932583567,2.1718796212950897,2.1299513800167307,2.1467225551605225,1664653,0.0,0.0
1983-05-17,2.1299513800167307,2.155108446151298,2.1047945161614168,2.1467225551605225,2046906,0.0,0.0
1983-05-18,2.1634937587301284,2.1802649325262267,2.1383368968963623,2.1383368968963623,884653,0.0,0.0
1983-05-19,2.1383373109390913,2.1634941776439396,2.1131802419549666,2.155108690261841,1808512,0.0,0.0
1983-05-20,2.1467227313082144,2.1718797995070256,2.1215660676679424,2.163494110107422,816360,0.0,0.0
1983-05-23,2.146722412662736,2.16349378897251,2.104794376446781,2.129951238632202,729412,0.0,0.0
1983-05-24,2.155107569201928,2.255734983676204,2.155107569201928,2.247349500656128,1455346,0.0,0.0
1983-05-25,2.2641221143911086,2.31443585374854,2.247350935365065,2.289278984069824,2670716,0.0,0.0
1983-05-26,2.2976638209599822,2.314435197509943,2.280892848968506,2.280892848968506,1268804,0.0,0.0
1983-05-27,2.2725061519955263,2.2808920395739434,2.230578130057635,2.247349500656128,624126,0.0,0.0
1983-05-31,2.2221930027008057,2.2641212374450994,2.1718792828310303,2.2221930027008057,1043688,0.0,0.0
1983-06-01,2.213807049748716,2.238963906666025,2.2054213633498807,2.2305784225463867,862521,0.0,0.0
1983-06-02,2.24735150044789,2.331207618942518,2.238965605407336,2.314436435699463,1645050,0.0,0.0
1983-06-03,2.306049509234963,2.339592262334885,2.280892848968506,2.280892848968506,1228650,0.0,0.0
1983-06-06,2.272506958414283,2.289278334964244,2.238964407593603,2.280892848968506,850506,0.0,0.0
1983-06-07,2.2808920395739434,2.2808920395739434,2.247349500656128,2.247349500656128,932711,0.0,0.0
1983-06-08,2.1970351868494045,2.205420668326415,2.1551071726269537,2.1718783378601074,1733262,0.0,0.0
1983-06-09,2.1802648905742785,2.2054217519239843,2.1718794049771986,2.1970362663269043,1347215,0.0,0.0
1983-06-10,2.1970361716857005,2.22219303195173,2.1970361716857005,2.2138073444366455,694949,0.0,0.0
1983-06-13,2.2305792463858882,2.2725072893073244,2.2138078673938963,2.2557361125946045,1167312,0.0,0.0
1983-06-14,2.2725067984640384,2.3144350346085827,2.2473501399682316,2.306049346923828,1050960,0.0,0.0
1983-06-15,2.297663659239074,2.306049346923828,2.2725067984640384,2.306049346923828,929550,0.0,0.0
1983-06-16,2.3312062076988638,2.3395920976628464,2.297663659239074,2.306049346923828,1204937,0.0,0.0
1983-06-17,2.3060507429382597,2.322822128460666,2.2808940692133515,2.314436435699463,507774,0.0,0.0
1983-06-20,2.3312078236002205,2.347979210594994,2.2976652518900424,2.322822332382202,1172687,0.0,0.0
1983-06-21,2.306049166953695,2.34797739982605,2.2976634799233815,2.34797739982605,693684,0.0,0.0
1983-06-22,2.3731343746185303,2.3982910302362304,2.3479773144424203,2.3731343746185303,1375038,0.0,0.0
1983-06-23,2.38152035278187,2.41506290435791,2.3647489758542264,2.41506290435791,1176165,0.0,0.0
1983-06-24,2.4116660313855114,2.420157867281164,2.394682359594206,2.40317440032959,1320340,0.14233,0.0
1983-06-27,2.3946830856722015,2.4031751289824084,2.3522243029997187,2.377699613571167,857462,0.0,0.0
1983-06-28,2.377700955752509,2.377700955752509,2.343733787536621,2.343733787536621,970336,0.0,0.0
1983-06-29,2.3267490851681805,2.335240924724659,2.292782136621907,2.3097658157348633,1533441,0.0,0.0
1983-06-30,2.3012731107848374,2.3012731107848374,2.2333388235124,2.2588143348693848,976660,0.0,0.0
1983-07-01,2.2757977701079843,2.3012728691101074,2.2588140976535835,2.3012728691101074,578281,0.0,0.0
1983-07-05,2.267305967148619,2.267305967148619,2.25032249775039,2.2588143348693848,680405,0.0,0.0
1983-07-06,2.267305967148619,2.2757980091073744,2.241830660631395,2.2588143348693848,1386104,0.0,0.0
1983-07-07,2.2588151692410685,2.309766005935735,2.241831488729568,2.2673068046569824,1054438,0.0,0.0
1983-07-08,2.258814417768171,2.284289725220342,2.241830742906878,2.2503225803375244,719927,0.0,0.0
1983-07-11,2.267306050359049,2.2757980926294636,2.2503225803375244,2.2503225803375244,505561,0.0,0.0
1983-07-12,2.2418313879851017,2.250323227859242,2.2248479130766485,2.233339548110962,725934,0.0,0.0
1983-07-13,2.216355517411463,2.241830825805664,2.199372046761921,2.241830825805664,995946,0.0,0.0
1983-07-14,2.2588151692410685,2.2757988497525696,2.241831488729568,2.2673068046569824,497973,0.0,0.0
1983-07-15,2.2503234352530272,2.2673069117267075,2.207864436809057,2.2163562774658203,477422,0.0,0.0
1983-07-18,2.2163560732025087,2.250323227859242,2.2078642333283685,2.233339548110962,1404758,0.0,0.0
1983-07-19,2.2333396484738173,2.2673068046569824,2.2333396484738173,2.2673068046569824,520105,0.0,0.0
1983-07-20,2.2927811980638984,2.3267481327056885,2.2842893619835833,2.3267481327056885,615906,0.0,0.0
1983-07-21,2.34373163736332,2.3692071437835693,2.326747966416487,2.3692071437835693,844815,0.0,0.0
1983-07-22,2.3777001237270614,2.403175644604294,2.3522248076896664,2.394683599472046,838492,0.0,0.0
1983-07-25,2.369207896599417,2.411666677778336,2.369207896599417,2.3861913681030273,750279,0.0,0.0
1983-07-26,2.369208488274488,2.403175644604294,2.3607164431422403,2.394683599472046,647207,0.0,0.0
1983-07-27,2.4031763948902682,2.437143561824826,2.3522255420684814,2.3522255420684814,1851195,0.0,0.0
1983-07-28,2.3437319214352206,2.420158040279751,2.2757978439331055,2.2757978439331055,1942253,0.0,0.0
1983-07-29,2.2588152354649824,2.2927823926439963,2.216356237781254,2.2842905521392822,880859,0.0,0.0
1983-08-01,2.2757977307430033,2.3352399687860035,2.2757977307430033,2.3267481327056885,519157,0.0,0.0
1983-08-02,2.318257450451522,2.3437327642811367,2.3012737713385656,2.3097658157348633,645310,0.0,0.0
1983-08-03,2.301273195241867,2.309765237512281,2.2248472728853534,2.2503225803375244,908366,0.0,0.0
1983-08-04,2.2503214503737667,2.2757969498735817,2.156911900060107,2.199370861053467,1259319,0.0,0.0
1983-08-05,2.190879027886862,2.224846155713617,2.190879027886862,2.199370861053467,455606,0.0,0.0
1983-08-08,2.190880187879626,2.190880187879626,2.1484214092455254,2.1569130420684814,419878,0.0,0.0
1983-08-09,2.1569143525188204,2.207864999771118,2.1314390288926712,2.207864999771118,1168261,0.0,0.0
1983-08-10,2.1908806407467587,2.241831267575365,2.173896961910679,2.2248477935791016,599465,0.0,0.0
1983-08-11,2.207864436809057,2.224848118122584,2.190880960335377,2.2163562774658203,506510,0.0,0.0
1983-08-12,2.233339428157325,2.2503231069934047,2.2248477935791016,2.2248477935791016,516943,0.0,0.0
1983-08-15,2.241831488729568,2.301273960840148,2.2248480130579034,2.2673068046569824,823632,0.0,0.0
1983-08-16,2.267305967148619,2.2842896413866085,2.241830660631395,2.2588143348693848,337357,0.0,0.0
1983-08-17,2.241831488729568,2.2842904851684835,2.2248480130579034,2.2673068046569824,933660,0.0,0.0
1983-08-18,2.267306702767695,2.2757987474816623,2.233339548110962,2.233339548110962,870425,0.0,0.0
1983-08-19,2.241830825805664,2.258814501294982,2.224847355156122,2.241830825805664,505561,0.0,0.0
1983-08-22,2.2927824909190595,2.3182578086853027,2.2757990140215147,2.3182578086853027,852403,0.0,0.0
1983-08-23,2.3097652612010338,2.3776993468236265,2.3012732188435256,2.335240364074707,1636197,0.0,0.0
1983-08-24,2.318257450451522,2.3437327642811367,2.3097658157348633,2.3097658157348633,571325,0.0,0.0
1983-08-25,2.301274028308868,2.3267493449831678,2.2418315544555543,2.2842905521392822,1060762,0.0,0.0
1983-08-26,2.2842912081993663,2.377700866059424,2.2757995700956526,2.3522255420684814,1397170,0.0,0.0
1983-08-29,2.3097662254479925,2.4286509761277153,2.3097662254479925,2.420159339904785,982983,0.0,0.0
1983-08-30,2.411666619810019,2.462617442775737,2.411666619810019,2.4371421337127686,1328877,0.0,0.0
1983-08-31,2.4371433884742295,2.5305530396901896,2.4286513412947413,2.5135693550109863,2195508,0.0,0.0
1983-09-01,2.5135689878990584,2.5135689878990584,2.4456346687839643,2.462618350982666,1829379,0.0,0.0
1983-09-02,2.4711098670959473,2.4880933436290498,2.4626182312493192,2.4711098670959473,1258686,0.0,0.0
1983-09-06,2.496585875171669,2.5135693550109863,2.4880938279921807,2.5135693550109863,3631567,0.0,0.0
1983-09-07,2.505077537846711,2.5135693802716537,2.488093852996826,2.488093852996826,2831016,0.0,0.0
1983-09-08,2.471110348152864,2.5220609925107014,2.4626187106531483,2.5135693550109863,1622602,0.0,0.0
1983-09-09,2.496585875171669,2.5220609925107014,2.496585875171669,2.5135693550109863,1943834,0.0,0.0
1983-09-12,2.5390441829080515,2.556027864281001,2.4711098670959473,2.4711098670959473,1197032,0.0,0.0
1983-09-13,2.462617442775737,2.462617442775737,2.4201584577776023,2.4371421337127686,1145496,0.0,0.0
1983-09-14,2.4286505671366756,2.4541258811950684,2.4286505671366756,2.4541258811950684,919116,0.0,0.0
1983-09-15,2.454126294476217,2.454126294476217,2.3946838167164275,2.420159339904785,1005431,0.0,0.0
1983-09-16,2.403175105978573,2.4626175650228843,2.403175105978573,2.445633888244629,1539132,0.0,0.0
1983-09-19,2.437142914029742,2.4796017077824217,2.42865086850342,2.4711098670959473,2014024,0.0,0.0
1983-09-20,2.471109781236385,2.4965853024106535,2.462618145684802,2.4796016216278076,905837,0.0,0.0
1983-09-21,2.4796016216278076,2.5050769379622366,2.471109781236385,2.4796016216278076,1374406,0.0,0.0
1983-09-22,2.471108969246326,2.564518773178454,2.471108969246326,2.5560269355773926,1965650,0.0,0.0
1983-09-23,2.573009805628032,2.598485107647773,2.5560263392281133,2.589993476867676,1712079,0.0,0.0
1983-09-26,2.6209310178858076,2.6209310178858076,2.5521850585937504,2.55218505859375,982667,0.14233,0.0
1983-09-27,2.5607789977418216,2.5607789977418216,2.5264061155506154,2.5435924530029297,1272598,0.0,0.0
1983-09-28,2.5264052703301245,2.569371203229748,2.5264052703301245,2.5607781410217285,1401913,0.0,0.0
1983-09-29,2.5607781410217285,2.6037440739213524,2.552184664240692,2.5607781410217285,1383259,0.0,0.0
1983-09-30,2.5264054715560693,2.5349985344485186,2.492032598126696,2.50921893119812,1004799,0.0,0.0
1983-10-03,2.4920327663421626,2.5006258298146555,2.457659683306037,2.492032766342163,638354,0.0,0.0
1983-10-04,2.4920323100339394,2.526405179489618,2.4834388335618933,2.5006253719329834,998476,0.0,0.0
1983-10-05,2.474846503244642,2.492033046696193,2.4404736236281015,2.457659959793091,858411,0.0,0.0
1983-10-06,2.4748467987148604,2.577965449875744,2.4748467987148604,2.5693721771240234,1411082,0.0,0.0
1983-10-07,2.543593361268619,2.5779662557336898,2.52640701767941,2.5350000858306885,1799343,0.0,0.0
1983-10-10,2.5264035685822384,2.638115167617798,2.509217041169771,2.638115167617798,1054438,0.0,0.0
1983-10-11,2.629523261747969,2.629523261747969,2.5607777384583112,2.5779640674591064,897300,0.0,0.0
1983-10-12,2.552186429419898,2.5779662557336898,2.5178135349548274,2.5350000858306885,635192,0.0,0.0
1983-10-13,2.534998241388662,2.534998241388662,2.4920323100339394,2.5006253719329834,443591,0.0,0.0
1983-10-14,2.5092185582505797,2.5435914265710804,2.4920322277335765,2.526405096054077,843551,0.0,0.0
1983-10-17,2.5264052703301245,2.5865577422188046,2.5264052703301245,2.5607781410217285,661751,0.0,0.0
1983-10-18,2.5693710259898324,2.577964294891581,2.526405096054077,2.526405096054077,658273,0.0,0.0
1983-10-19,2.50921893119812,2.5521848675199426,2.500625661019146,2.50921893119812,804977,0.0,0.0
1983-10-20,2.5178121836956717,2.5264056618083073,2.4404733681204385,2.449066638946533,1137276,0.0,0.0
1983-10-21,2.4318797371253247,2.466252605122589,2.3545405250233657,2.38891339302063,2085480,0.0,0.0
1983-10-24,2.3373537857155218,2.4146925628542726,2.3373537857155218,2.3975062370300293,1102813,0.0,0.0
1983-10-25,2.4060994803595683,2.466252143562043,2.4060994803595683,2.4318792819976807,917219,0.0,0.0
1983-10-26,2.4404726028442383,2.466252407238568,2.4232860665813516,2.4404726028442383,1017446,0.0,0.0
1983-10-27,2.4232856221231756,2.4318790959649537,2.3889127631882516,2.3975062370300293,1848033,0.0,0.0
1983-10-28,2.3889136972650196,2.3889136972650196,2.3201681598017725,2.3545408248901367,1872379,0.0,0.0
1983-10-31,2.371727228164673,2.380320497585251,2.337354565055372,2.371727228164673,923226,0.0,0.0
1983-11-01,2.345945958454907,2.345945958454907,2.2686070032559957,2.3287594318389893,1204304,0.0,0.0
1983-11-02,2.337355136871338,2.363134536866792,2.3201685938256253,2.337355136871338,1055703,0.0,0.0
1983-11-03,2.3459482011076367,2.3545412653439355,2.328761658061924,2.337355136871338,750912,0.0,0.0
1983-11-04,2.337354797308555,2.3545409232844126,2.3115749864851876,2.3201682567596436,1947944,0.0,0.0
1983-11-07,2.328761658061924,2.371727808389648,2.3201685938256253,2.337355136871338,559943,0.0,0.0
1983-11-08,2.3545406893235157,2.388913559719323,2.3459476271894437,2.371727228164673,326607,0.0,0.0
1983-11-09,2.3717273647208374,2.4061002370957203,2.337354699632473,2.3545408248901367,3294843,0.0,0.0
1983-11-10,2.2772013403862053,2.3459470646944443,2.208455823364423,2.2170488834381104,2830700,0.0,0.0
1983-11-11,2.2084565723378264,2.328761319747572,2.191270031788915,2.3201682567596436,1832857,0.0,0.0
1983-11-14,2.32016810333865,2.363134037296754,2.2686086923878053,2.2943882942199707,1195135,0.0,0.0
1983-11-15,2.2857959270477295,2.294388992081108,2.268609382407819,2.2857959270477295,591877,0.0,0.0
1983-11-16,2.294388992081108,2.3029824716876397,2.277202654727774,2.2857959270477295,696214,0.0,0.0
1983-11-17,2.2857959270477295,2.3029824716876397,2.268609382407819,2.2857959270477295,687677,0.0,0.0
1983-11-18,2.2772025573069414,2.2772025573069414,2.234236404831874,2.2686092853546143,1110717,0.0,0.0
1983-11-21,2.1998612232999157,2.2256410121917725,2.1912681676223147,2.2256410121917725,1134430,0.0,0.0
1983-11-22,2.242829566004074,2.2514228375319534,2.1826770798820325,2.191270351409912,2649849,0.0,0.0
1983-11-23,2.1998636722564697,2.2084571520733016,2.191270607012801,2.1998636722564697,2222699,0.0,0.0
1983-11-25,2.208454693550219,2.242827330833326,2.208454693550219,2.2256410121917725,733206,0.0,0.0
1983-11-28,2.242827330833326,2.2514205937972784,2.2256410121917725,2.2256410121917725,334195,0.0,0.0
1983-11-29,2.208454693550219,2.2256410121917725,2.1998612232999157,2.2256410121917725,1193554,0.0,0.0
1983-11-30,2.251422166824341,2.2772017664415762,2.2428288978564304,2.251422166824341,1218216,0.0,0.0
1983-12-01,2.251422166824341,2.2686084974736658,2.2342356288885195,2.251422166824341,631082,0.0,0.0
1983-12-02,2.251422166824341,2.2686084974736658,2.2428288978564304,2.251422166824341,1096173,0.0,0.0
1983-12-05,2.2428296767842006,2.2772025573069414,2.217050068213787,2.2686092853546143,1252047,0.0,0.0
1983-12-06,2.260016013402287,2.2686092853546143,2.234236404831874,2.2686092853546143,1427523,0.0,0.0
1983-12-07,2.268609478012459,2.311575634136356,2.2600162053303627,2.3029825687408447,1009542,0.0,0.0
1983-12-08,2.294388445936276,2.328761319747572,2.294388445936276,2.3201682567596436,1260267,0.0,0.0
1983-12-09,2.320167903994633,2.328760965676048,2.2428288978564304,2.251422166824341,1960591,0.0,0.0
1983-12-12,2.2686085182991147,2.2686085182991147,2.2514221874920217,2.2600152492523193,429363,0.0,0.0
1983-12-13,2.251422542774068,2.251422542774068,2.2256429388520718,2.234236001968384,729096,0.0,0.0
1983-12-14,2.234236294476194,2.242829566004074,2.1740840156407106,2.191270351409912,966226,0.0,0.0
1983-12-15,2.191268995407916,2.191268995407916,2.156896137853582,2.1654891967773438,1497081,0.0,0.0
1983-12-16,2.1740832540763773,2.191269583825342,2.1654897782721676,2.182676315307617,727199,0.0,0.0
1983-12-19,2.191268995407916,2.2084555278282982,2.1654891967773438,2.1654891967773438,671552,0.0,0.0
1983-12-20,2.1826768609732805,2.1826768609732805,2.131117444263646,2.148303985595703,777154,0.0,0.0
1983-12-21,2.148303323170214,2.1826761879489798,2.139710055153904,2.1568965911865234,1310855,0.0,0.0
1983-12-22,2.1568976372920075,2.1740841816601812,2.1139314836581455,2.131117820739746,988990,0.0,0.0
1983-12-23,2.1101911469439063,2.136350284921374,2.1014710837181707,2.118910789489746,747750,0.14233,0.0
1983-12-27,2.1363493665535143,2.1886682510375977,2.110190239821259,2.1886682510375977,649736,0.0,0.0
1983-12-28,2.197387818189161,2.2497067009673852,2.188668179675999,2.2409870624542236,653847,0.0,0.0
1983-12-29,2.267146769366032,2.310745814464963,2.2584271286181696,2.2933061122894287,1429420,0.0,0.0
1983-12-30,2.2933058908388406,2.336905142067562,2.2845862509329806,2.3281850814819336,1409185,0.0,0.0
1984-01-03,2.319465380908161,2.319465380908161,2.2758663411597,2.284586191177368,699376,0.0,0.0
1984-01-04,2.293306689849181,2.3369059562683105,2.275867193621487,2.3369059562683105,1035468,0.0,0.0
1984-01-05,2.3543452206108424,2.4066639144808875,2.3456253681858557,2.3717849254608154,1672557,0.0,0.0
1984-01-06,2.371784532728209,2.3979436649917276,2.354344830765994,2.38922381401062,884021,0.0,0.0
1984-01-09,2.3892244449513935,2.397944298235219,2.302026543133007,2.3369059562683105,1470206,0.0,0.0
1984-01-10,2.3369060598030726,2.3456257031332575,2.310746498792616,2.3194663524627686,918800,0.0,0.0
1984-01-11,2.3194635860731907,2.3630623817443848,2.3107437428030653,2.3630623817443848,667442,0.0,0.0
1984-01-12,2.363064887347976,2.3979440870718536,2.2933064879002205,2.310746192932129,823632,0.0,0.0
1984-01-13,2.3543455568034095,2.3543455568034095,2.310746498792616,2.3194663524627686,684515,0.0,0.0
1984-01-16,2.3281858593763687,2.345625565694819,2.3020265102386475,2.3020265102386475,738265,0.0,0.0
1984-01-17,2.3107457309554125,2.3456249237060547,2.2845863889774054,2.3456249237060547,760713,0.0,0.0
1984-01-18,2.3543448448181152,2.3717845468844208,2.336905353091713,2.3543448448181152,506194,0.0,0.0
1984-01-19,2.3543452206108424,2.3717849254608154,2.336905726100806,2.3717849254608154,823632,0.0,0.0
1984-01-20,2.3717849502038693,2.3805045923798844,2.3020263404161745,2.310746192932129,753441,0.0,0.0
1984-01-23,2.2933055245527467,2.302025373405759,2.2235473647481983,2.2409870624542236,1078467,0.0,0.0
1984-01-24,2.249705391968948,2.319463721524235,2.232265704410262,2.258425235748291,2178118,0.0,0.0
1984-01-25,2.249707760866573,2.2584276138277484,2.223548412322998,2.223548412322998,863153,0.0,0.0
1984-01-26,2.232268398774892,2.2497081073834364,2.171229839324951,2.171229839324951,740478,0.0,0.0
1984-01-27,2.1625086542471803,2.214827537536621,2.1625086542471803,2.214827537536621,1197665,0.0,0.0
1984-01-30,2.214827588109711,2.214827588109711,2.1712285527629507,2.1886682510375977,770831,0.0,0.0
1984-01-31,2.1886686303829594,2.214827971989073,2.127630096522063,2.206108331680298,1748439,0.0,0.0
1984-02-01,2.214827971989073,2.2584270148925247,2.1886686303829594,2.206108331680298,760081,0.0,0.0
1984-02-02,2.162508703625627,2.1886682510375977,2.118909878618725,2.1886682510375977,2634673,0.0,0.0
1984-02-03,2.1973891918977855,2.2148289005063297,2.162509985020679,2.171229839324951,1121467,0.0,0.0
1984-02-06,2.13634991645813,2.1625092602637577,2.110190782992414,2.13634991645813,731625,0.0,0.0
1984-02-07,2.127630275416195,2.153789619221823,2.1014707212706556,2.13634991645813,1209363,0.0,0.0
1984-02-08,2.118909467388037,2.1363489519382313,2.0317114136176166,2.040431261062622,2107928,0.0,0.0
1984-02-09,2.0404321026748162,2.0578718047581397,2.005552908848073,2.0229926109313965,1498978,0.0,0.0
1984-02-10,2.005552629651705,2.0404318186228574,1.9793932905083094,2.014272689819336,1177430,0.0,0.0
1984-02-13,2.0142735439791353,2.0142735439791353,1.9532347796410094,1.9706742763519287,1286509,0.0,0.0
1984-02-14,1.97939412987737,1.9881139834028114,1.9532347796410094,1.9706742763519287,901726,0.0,0.0
1984-02-15,1.97939412987737,1.9881139834028114,1.9532347796410094,1.9706742763519287,1067717,0.0,0.0
1984-02-16,1.979393142415275,2.0491515151384405,1.9706732932399147,2.0317118167877197,1140121,0.0,0.0
1984-02-17,2.0404325779132133,2.0491524309858216,1.9706741740122546,1.9881138801574707,566267,0.0,0.0
1984-02-21,1.9968337332300785,1.9968337332300785,1.9619545312795992,1.9881138801574707,634560,0.0,0.0
1984-02-22,1.9793933506685535,1.9793933506685535,1.927074670791626,1.927074670791626,880227,0.0,0.0
1984-02-23,1.9357944455097884,1.9706736379728411,1.892195612685894,1.9619539976119995,1848982,0.0,0.0
1984-02-24,1.979393579321658,2.075311310402716,1.9619540874614223,2.0578718185424805,1346266,0.0,0.0
1984-02-27,2.0578713643138005,2.0665910031493024,2.0055524796014974,2.0317118167877197,550142,0.0,0.0
1984-02-28,1.9706742763519287,2.0142735439791353,1.9445149261155683,1.9706742763519287,1069615,0.0,0.0
1984-02-29,1.9968329962218296,2.0055526357361657,1.9532339572906494,1.9532339572906494,856830,0.0,0.0
1984-03-01,1.9532338052290528,2.0317118167877197,1.9445139560536924,2.0317118167877197,1595411,0.0,0.0
1984-03-02,2.0404321026748162,2.0578718047581397,1.9793935660629915,2.0229926109313965,1817365,0.0,0.0
1984-03-05,2.0229931910473673,2.0229931910473673,1.996833840760799,2.0055534839630127,444540,0.0,0.0
1984-03-06,1.9968324445172287,2.0665905930578217,1.9881125970722233,2.040431261062622,1404758,0.0,0.0
1984-03-07,2.0229926109313965,2.0317122516331545,1.996833268146315,2.0229926109313965,1035468,0.0,0.0
1984-03-08,2.0142729702296385,2.0404321026748162,2.0142729702296385,2.0229926109313965,1010174,0.0,0.0
1984-03-09,2.0142729702296385,2.0229926109313965,1.996833268146315,2.0229926109313965,934608,0.0,0.0
1984-03-12,2.022991776512428,2.057870955952633,2.0142721394072396,2.040431261062622,636773,0.0,0.0
1984-03-13,2.0578725352021476,2.1014713852061067,2.0404328269285816,2.0927517414093018,2125001,0.0,0.0
1984-03-14,2.092750692011994,2.1276298807291876,2.075310992483461,2.1101903915405273,1305796,0.0,0.0
1984-03-15,2.110190782992414,2.153789619221823,2.110190782992414,2.13634991645813,1192922,0.0,0.0
1984-03-16,2.1886695479334954,2.2148289005063297,2.1101914902149925,2.171229839324951,3046330,0.0,0.0
1984-03-19,2.162509985020679,2.171229839324951,2.1363506324478445,2.171229839324951,871058,0.0,0.0
1984-03-20,2.1625082775565687,2.2061075146530293,2.1625082775565687,2.197387456893921,1324766,0.0,0.0
1984-03-21,2.2148271517325053,2.223546999151797,2.197387456893921,2.197387456893921,910579,0.0,0.0
1984-03-22,2.20610925654204,2.20610925654204,2.171229839324951,2.171229839324951,677243,0.0,0.0
1984-03-23,2.0927509840750504,2.1625091609049734,2.0927509840750504,2.153789520263672,1363656,0.0,0.0
1984-03-26,2.1590985312609767,2.16794713826958,2.0971570014953613,2.0971570014953613,910579,0.14233,0.0
1984-03-27,2.1060069438739593,2.159099681463814,2.1060069438739593,2.141402244567871,1462934,0.0,0.0
1984-03-28,2.1325530049015935,2.1767969131469727,2.1325530049015935,2.1767969131469727,1647896,0.0,0.0
1984-03-29,2.1767976571903196,2.1767976571903196,2.1502513885498047,2.1502513885498047,630134,0.0,0.0
1984-03-30,2.1590998251284406,2.2475874423980713,2.141402387054925,2.2475874423980713,1484750,0.0,0.0
1984-04-02,2.265284880471587,2.3183776215941867,2.2121923528000136,2.2475874423980713,1123680,0.0,0.0
1984-04-03,2.229889329714595,2.2387383670978416,2.1767968130229787,2.1944942474365234,503348,0.0,0.0
1984-04-04,2.194495626846542,2.2121932858354154,2.176798181308786,2.1856470108032227,960535,0.0,0.0
1984-04-05,2.194494937525278,2.2033437642401754,2.123704964159248,2.1325535774230957,892557,0.0,0.0
1984-04-06,2.132552755062506,2.203342914581299,2.1237041452108825,2.203342914581299,982667,0.0,0.0
1984-04-09,2.2210398322309968,2.265283507321039,2.1944933710358945,2.229888439178467,708545,0.0,0.0
1984-04-10,2.2298907313731715,2.2475883903620444,2.176798181308786,2.1856470108032227,843867,0.0,0.0
1984-04-11,2.1944947488318407,2.229889839196937,2.1679484844207764,2.1679484844207764,865683,0.0,0.0
1984-04-12,2.1679471232916896,2.229888439178467,2.1325520551491173,2.229888439178467,1287142,0.0,0.0
1984-04-13,2.2121928516247418,2.23873933489749,2.1944951961095764,2.221041679382324,503980,0.0,0.0
1984-04-16,2.203342191434262,2.2387374730277316,2.1944933710358945,2.229888439178467,711074,0.0,0.0
1984-04-17,2.265284003171461,2.2918304701773478,2.212191496061576,2.2564353942871094,1963753,0.0,0.0
1984-04-18,2.2387383670978416,2.2387383670978416,2.1944942474365234,2.1944942474365234,809404,0.0,0.0
1984-04-19,2.203344023867159,2.221041679382324,2.159100311981395,2.221041679382324,811301,0.0,0.0
1984-04-23,2.2298894322806335,2.2298894322806335,2.1590994779194164,2.1767969131469727,512517,0.0,0.0
1984-04-24,2.150249695945852,2.256434900373569,2.150249695945852,2.229888439178467,1747490,0.0,0.0
1984-04-25,2.221041178562285,2.2741339196848847,2.221041178562285,2.2475874423980713,1071828,0.0,0.0
1984-04-26,2.300679065253445,2.300679065253445,2.274133025308771,2.2829816341400146,1109136,0.0,0.0
1984-04-27,2.2475874423980713,2.2741339196848847,2.2298897908735293,2.2475874423980713,784426,0.0,0.0
1984-04-30,2.2652840718921565,2.300679148856156,2.2564354627393697,2.291830539703369,1077835,0.0,0.0
1984-05-01,2.291830195946668,2.3449226967037293,2.291830195946668,2.336073875427246,1255524,0.0,0.0
1984-05-02,2.318377733230591,2.344923998344655,2.318377733230591,2.318377733230591,1548301,0.0,0.0
1984-05-03,2.3006801068079255,2.309528933096116,2.2564364022690495,2.265285015106201,650369,0.0,0.0
1984-05-04,2.2741338639844204,2.282982476078935,2.2298897362567383,2.238738775253296,910579,0.0,0.0
1984-05-07,2.2387380309828453,2.300679148856156,2.212191563171633,2.291830539703369,1044637,0.0,0.0
1984-05-08,2.291830539703369,2.300679148856156,2.2652840718921565,2.291830539703369,566583,0.0,0.0
1984-05-09,2.2741339196848847,2.3006799700696448,2.2298897908735293,2.2475874423980713,587450,0.0,0.0
1984-05-10,2.247587387347811,2.2564362128933473,2.221041124162223,2.238738775253296,461613,0.0,0.0
1984-05-11,2.23873933489749,2.247587949203998,2.1767977540454857,2.221041679382324,1083526,0.0,0.0
1984-05-14,2.2033444563409788,2.2033444563409788,2.16794935181435,2.1856470108032227,480584,0.0,0.0
1984-05-15,2.1856470108032227,2.194495626846542,2.1502519062765932,2.1856470108032227,766088,0.0,0.0
1984-05-16,2.167948088807698,2.194494348374529,2.1502506535801422,2.1767969131469727,991836,0.0,0.0
1984-05-17,2.167948088807698,2.185645737486247,2.167948088807698,2.1767969131469727,1823056,0.0,0.0
1984-05-18,2.1679488298264595,2.1767976571903196,2.1502513885498047,2.1502513885498047,529274,0.0,0.0
1984-05-21,2.1502512308528905,2.1679486708316356,2.1325535774230957,2.1325535774230957,442959,0.0,0.0
1984-05-22,2.132552069882471,2.1414011037928717,2.079459574027256,2.0971570014953613,714868,0.0,0.0
1984-05-23,2.097158510742516,2.1325536046021614,2.0883098973658942,2.1060073375701904,513466,0.0,0.0
1984-05-24,2.1148560302096633,2.123704856475877,2.0529146732482437,2.0883097648620605,696846,0.0,0.0
1984-05-25,2.0706117959659034,2.106006882171791,2.0706117959659034,2.079460620880127,370871,0.0,0.0
1984-05-29,2.0794597940998463,2.0883086154958335,1.9821233990967524,1.9998208284378052,945358,0.0,0.0
1984-05-30,1.999820404477973,2.0794593532566408,1.9555767337794923,2.0175180435180664,2116781,0.0,0.0
1984-05-31,2.00866961479187,2.0352158650658017,1.9909721857595548,2.00866961479187,979189,0.0,0.0
1984-06-01,2.0175180435180664,2.0352154691072837,1.999820404477973,2.0175180435180664,912476,0.0,0.0
1984-06-04,2.0706113366416785,2.0706113366416785,2.026367648787162,2.0529139041900635,1672873,0.0,0.0
1984-06-05,2.0440645020782062,2.0440645020782062,2.00866922399802,2.0175180435180664,1075938,0.0,0.0
1984-06-06,2.026368242890464,2.026368242890464,1.9644266775219994,1.9821243286132812,1482221,0.0,0.0
1984-06-07,1.9821245136513954,1.9821245136513954,1.9290317688721823,1.9467294216156006,1406972,0.0,0.0
1984-06-08,1.9467295004489105,1.9644269404579497,1.9378806737188659,1.955578327178955,799602,0.0,0.0
1984-06-11,1.9555782479873096,1.9555782479873096,1.9290317688721823,1.9467294216156006,859992,0.0,0.0
1984-06-12,1.9378802564633084,1.973275342311328,1.9378802564633084,1.9644265174865723,573222,0.0,0.0
1984-06-13,1.9732757671879944,1.982124593918039,1.9378806737188659,1.955578327178955,586818,0.0,0.0
1984-06-14,1.946728491898517,1.946728491898517,1.911333203315735,1.9113332033157349,826793,0.0,0.0
1984-06-15,1.9201820489949988,1.9378794780850697,1.9024844064540094,1.9290306568145752,592193,0.0,0.0
1984-06-18,1.9201830148329342,1.9732755422592163,1.9113339756605197,1.9732755422592163,791698,0.0,0.0
1984-06-19,1.982124593918039,1.9909734206480836,1.955578327178955,1.955578327178955,1421199,0.0,0.0
1984-06-20,1.9290319458925205,2.0440662723789433,1.9201833321598472,2.0263686180114746,1929290,0.0,0.0
1984-06-21,2.0175184360334866,2.0440648997583355,1.9909721857595548,2.00866961479187,1292517,0.0,0.0
1984-06-22,1.982122978888756,2.0175180435180664,1.982122978888756,2.0175180435180664,494179,0.0,0.0
1984-06-25,1.995942329966056,2.013923907674325,1.995942329966056,2.0049331188201904,537495,0.14233,0.0
1984-06-26,1.9959429990418587,2.0139245827778764,1.9779616321813684,1.9869524240493774,1246988,0.0,0.0
1984-06-27,1.9869524240493772,2.0049337909098677,1.9779616321813684,1.9869524240493774,1265642,0.0,0.0
1984-06-28,1.9959418333665806,2.0229141932181376,1.9869512636247957,2.013923406600952,2751973,0.0,0.0
1984-06-29,2.0139226726226584,2.049885589109241,2.0049318892821826,2.0229134559631348,1335516,0.0,0.0
1984-07-02,2.0139226144138695,2.0408947467803955,2.004931831333256,2.0408947467803955,924175,0.0,0.0
1984-07-03,2.0498857498168945,2.0588765338622332,2.031904181726217,2.0498857498168945,815095,0.0,0.0
1984-07-05,2.040895549577108,2.040895549577108,1.9959418333665806,2.013923406600952,219424,0.0,0.0
1984-07-06,1.9869524240493772,2.0049337909098677,1.9779616321813684,1.9869524240493774,623178,0.0,0.0
1984-07-09,1.986951665820817,2.0498867511295487,1.9779608773837283,2.031905174255371,1083842,0.0,0.0
1984-07-10,2.0229141932181376,2.0319047629599227,2.0049326199837663,2.013923406600952,682618,0.0,0.0
1984-07-11,2.013923541143649,2.022914328361476,1.9689698219299316,1.9689698219299316,1196084,0.0,0.0
1984-07-12,1.9509879336773044,1.9689692863463961,1.9330063641328563,1.9419969320297241,936506,0.0,0.0
1984-07-13,1.959979461038542,1.9779610393854719,1.924016738095607,1.9509888887405396,704434,0.0,0.0
1984-07-16,1.9509879336773044,1.9689692863463961,1.9240157962359887,1.9419969320297241,773992,0.0,0.0
1984-07-17,1.9060341733249995,1.9240157423659863,1.8790620366388693,1.8880528211593628,1202407,0.0,0.0
1984-07-18,1.8790626755474624,1.8880534631249544,1.852090529690411,1.8700718879699707,900146,0.0,0.0
1984-07-19,1.9060341733249995,1.9060341733249995,1.8790620366388693,1.8880528211593628,900146,0.0,0.0
1984-07-20,1.8880530936436557,1.9150252342224119,1.87906230782561,1.915025234222412,705383,0.0,0.0
1984-07-23,1.9060339556357313,1.9779597898342862,1.8970431721420804,1.9599782228469849,1367766,0.0,0.0
1984-07-24,1.9689692863463961,2.01392299333216,1.9419969320297241,1.9419969320297241,865683,0.0,0.0
1984-07-25,1.941997882691612,1.986951828558937,1.924016738095607,1.9509888887405396,1431949,0.0,0.0
1984-07-26,1.9599782228469846,1.9689690063406355,1.9419966558596833,1.9599782228469849,821418,0.0,0.0
1984-07-27,1.9509880274658176,2.004932304941675,1.9419970253860188,1.9959415197372437,1360494,0.0,0.0
1984-07-30,2.004931831333256,2.0678668791469215,1.995941048252642,2.0408947467803955,1562529,0.0,0.0
1984-07-31,2.0319039636997815,2.0678668791469215,2.0229133974944835,2.0408947467803955,905837,0.0,0.0
1984-08-01,2.076857805252075,2.0858483711376787,2.0408946742084293,2.076857805252075,1324450,0.0,0.0
1984-08-02,2.112821404018692,2.184747263043841,2.094839830824705,2.1667656898498535,2606533,0.0,0.0
1984-08-03,2.184747931823614,2.265664385339935,2.1667663531252312,2.256673812866211,2469630,0.0,0.0
1984-08-06,2.238692234167828,2.310618332085892,2.229701444818637,2.256673812866211,1588139,0.0,0.0
1984-08-07,2.238691922250692,2.2566734984437002,2.193738415519045,2.2027289867401123,1439537,0.0,0.0
1984-08-08,2.1937387264012926,2.211720088267065,2.1128220558166504,2.1128220558166504,961483,0.0,0.0
1984-08-09,2.130803299428878,2.2207107543945312,2.121812727432677,2.2207107543945312,1673822,0.0,0.0
1984-08-10,2.2926364339542795,2.301627005175347,2.184747627422541,2.2027289867401123,1821475,0.0,0.0
1984-08-13,2.211719447103623,2.2386915905209612,2.202728660339375,2.229700803756714,496392,0.0,0.0
1984-08-14,2.229701326390732,2.2566736930057014,2.2027291766512187,2.2207107543945312,678508,0.0,0.0
1984-08-15,2.2027290558042085,2.2297012040639657,2.1757571244198948,2.1847476959228516,568480,0.0,0.0
1984-08-16,2.1757566928863525,2.2117194055163214,2.1757566928863525,2.1757566928863525,506826,0.0,0.0
1984-08-17,2.1937384843012517,2.2027290558042085,2.1757571244198948,2.1847476959228516,478370,0.0,0.0
1984-08-20,2.1757568569966748,2.2836454367750707,2.1757568569966748,2.2656638622283936,736368,0.0,0.0
1984-08-21,2.2656631486919805,2.301626069583939,2.2476817966836755,2.2746541500091553,1467677,0.0,0.0
1984-08-22,2.2926360942310424,2.2926360942310424,2.2297008037567134,2.229700803756714,980770,0.0,0.0
1984-08-23,2.229700523307184,2.25667288020737,2.229700523307184,2.2476820945739746,932079,0.0,0.0
1984-08-24,2.2386927604675293,2.2476835519303875,2.2297019690046707,2.2386927604675293,718346,0.0,0.0
1984-08-27,2.247682377285209,2.247682377285209,2.211719447103623,2.229700803756714,1133798,0.0,0.0
1984-08-28,2.229701444818637,2.301627325861234,2.211720082995721,2.256673812866211,1715873,0.0,0.0
1984-08-29,2.256673812866211,2.265664385339935,2.229701444818637,2.256673812866211,1035468,0.0,0.0
1984-08-30,2.2476820945739746,2.25667288020737,2.229700523307184,2.2476820945739746,321548,0.0,0.0
1984-08-31,2.229700523307184,2.2476820945739746,2.229700523307184,2.2476820945739746,282659,0.0,0.0
1984-09-04,2.2476820945739746,2.25667288020737,2.229700523307184,2.2476820945739746,977292,0.0,0.0
1984-09-05,2.247682377285209,2.247682377285209,2.211719447103623,2.229700803756714,945675,0.0,0.0
1984-09-06,2.247682504557133,2.2836454367750707,2.247682504557133,2.2656638622283936,1259319,0.0,0.0
1984-09-07,2.283644636927534,2.2926354210518465,2.1937374463104313,2.211718797683716,1383891,0.0,0.0
1984-09-10,2.211719965522875,2.238692115262389,2.184747815783361,2.2207107543945312,1394325,0.0,0.0
1984-09-11,2.2566735691991657,2.2566735691991657,2.1847476959228516,2.1847476959228516,1098070,0.0,0.0
1984-09-12,2.1397944225296386,2.1847481570340963,2.11282226857716,2.1218130588531494,2052281,0.0,0.0
1984-09-13,2.1218124907207034,2.157775425319805,2.11282170285207,2.148784637451172,2524012,0.0,0.0
1984-09-14,2.139794207053042,2.139794207053042,2.1128220558166504,2.1128220558166504,2739958,0.0,0.0
1984-09-17,2.1218128451872698,2.130803417682422,2.076859332085106,2.1128220558166504,1379148,0.0,0.0
1984-09-18,2.0948396155046427,2.1038304011775097,2.067867475361419,2.0858490467071533,1621021,0.0,0.0
1984-09-19,2.0588775395666374,2.085849688002459,2.0139238142566387,2.031905174255371,2296051,0.0,0.0
1984-09-20,2.022914602693727,2.076859116440815,2.00493302581955,2.031905174255371,1769622,0.0,0.0
1984-09-21,2.022914602693727,2.085849688002459,2.022914602693727,2.031905174255371,6734493,0.0,0.0
1984-09-24,2.028251832627479,2.0739332526784975,2.028251832627479,2.0647969245910645,1744645,0.14233,0.0
1984-09-25,2.0465243373051525,2.0556606647162545,1.9825704861996993,2.009979248046875,2511049,0.0,0.0
1984-09-26,2.0099786464841802,2.028251075451533,2.0008423218074713,2.0191149711608887,1111033,0.0,0.0
1984-09-27,2.0373868877885837,2.1013407036710134,2.028250565409377,2.055659532546997,1338046,0.0,0.0
1984-09-28,2.055660816889778,2.0830695807659305,2.037388160714912,2.0647969245910645,671868,0.0,0.0
1984-10-01,2.055659532546997,2.064795634540195,2.028250565409377,2.055659532546997,1001005,0.0,0.0
1984-10-02,2.046522272917724,2.064794688921872,1.9917045841334633,2.000840902328491,969388,0.0,0.0
1984-10-03,2.000841260627003,2.0191139002892124,1.9734323011336887,1.9917049407958984,674714,0.0,0.0
1984-10-04,2.009979248046875,2.028251682482949,2.000842920635773,2.009979248046875,749647,0.0,0.0
1984-10-05,2.028252233264014,2.0465248930482414,2.0191161237580904,2.037388563156128,722456,0.0,0.0
1984-10-08,2.0191161237580904,2.0465248930482414,2.0191161237580904,2.037388563156128,562156,0.0,0.0
1984-10-09,2.0465237248049504,2.0556600494816593,2.0099786464841802,2.0191149711608887,799602,0.0,0.0
1984-10-10,2.028251682482949,2.0465243373051525,1.9642978313774955,2.009979248046875,1164150,0.0,0.0
1984-10-11,2.0191139002892124,2.02824999973437,1.9825688413507407,1.9917049407958984,481848,0.0,0.0
1984-10-12,2.0099785050122296,2.037387256727132,2.0008421809785792,2.0282509326934814,708545,0.0,0.0
1984-10-15,2.009979432084307,2.0647969607978527,2.009979432084307,2.0465245246887207,844499,0.0,0.0
1984-10-16,2.046524488802345,2.0739332526784975,2.037388160714912,2.0647969245910645,722456,0.0,0.0
1984-10-17,2.0556598313753893,2.137886083583339,2.0556598313753893,2.1013410091400146,758816,0.0,0.0
1984-10-18,2.1196138183488364,2.174431324005127,2.0922050655206914,2.174431324005127,1866688,0.0,0.0
1984-10-19,2.210976621624064,2.2201127256427404,2.1378862467722475,2.174431324005127,2368455,0.0,0.0
1984-10-22,2.1744315500357314,2.2109768514535264,2.165295224681283,2.192704200744629,1513838,0.0,0.0
1984-10-23,2.1927039728145954,2.2201127256427404,2.156158895581716,2.174431324005127,1885026,0.0,0.0
1984-10-24,2.1652947888135006,2.1835674358441652,2.156158685684204,2.156158685684204,795176,0.0,0.0
1984-10-25,2.1652947888135006,2.1835674358441652,2.147022362168872,2.156158685684204,977608,0.0,0.0
1984-10-26,2.1378868898206687,2.1470232169734906,2.1104783491344503,2.1287505626678467,710442,0.0,0.0
1984-10-29,2.1287505626678467,2.1470232169734906,2.1104783491344503,2.1287505626678467,326291,0.0,0.0
1984-10-30,2.147021276140593,2.183566331330293,2.137884957246687,2.1652936935424805,783794,0.0,0.0
1984-10-31,2.1744323716205525,2.1744323716205525,2.110478731133489,2.119614839553833,1150871,0.0,0.0
1984-11-01,2.1378860473632812,2.147022370915835,2.119613620644211,2.1378860473632812,641516,0.0,0.0
1984-11-02,2.137887276780685,2.137887276780685,2.110478731133489,2.119614839553833,988674,0.0,0.0
1984-11-05,2.119613612008911,2.156158685684204,2.119613612008911,2.156158685684204,778735,0.0,0.0
1984-11-06,2.1652946397648574,2.192703608424151,2.1561585372644476,2.1835672855377197,2035524,0.0,0.0
1984-11-07,2.192704532762628,2.20184063911438,2.1652955525490305,2.20184063911438,1781953,0.0,0.0
1984-11-08,2.2018403057129974,2.2018403057129974,2.165295224681283,2.192704200744629,1123996,0.0,0.0
1984-11-09,2.1927033985700413,2.201839500196075,2.147022008895874,2.147022008895874,718978,0.0,0.0
1984-11-12,2.128749364871807,2.147022008895874,2.1196132632457734,2.147022008895874,537179,0.0,0.0
1984-11-13,2.137886459516475,2.1470227848303787,2.101341378646941,2.110477924346924,1166047,0.0,0.0
1984-11-14,2.110477553233397,2.1287497598759977,2.092204905818714,2.1013410091400146,972549,0.0,0.0
1984-11-15,2.1013392294606787,2.1287479569834913,2.0647941859683105,2.073930501937866,1147077,0.0,0.0
1984-11-16,2.073932332475684,2.0922049805429843,2.0282509326934814,2.0282509326934814,1092695,0.0,0.0
1984-11-19,2.0465232101677904,2.0830682792986086,2.0373868877885837,2.055659532546997,638038,0.0,0.0
1984-11-20,2.073932258404031,2.110477553233397,2.073932258404031,2.1013410091400146,767037,0.0,0.0
1984-11-21,2.1013421819408173,2.119614839553833,2.0922060735204733,2.119614839553833,693368,0.0,0.0
1984-11-23,2.1196132632457734,2.1561583309079073,2.1196132632457734,2.147022008895874,1189128,0.0,0.0
1984-11-26,2.165294432533941,2.165294432533941,2.1378856868838403,2.147022008895874,1445228,0.0,0.0
1984-11-27,2.165294432533941,2.165294432533941,2.128749364871807,2.147022008895874,3743493,0.0,0.0
1984-11-28,2.1652947888135006,2.1652947888135006,2.1378860386535394,2.156158685684204,5270610,0.0,0.0
1984-11-29,2.1470227848303787,2.1470227848303787,2.092205273719117,2.110477924346924,516943,0.0,0.0
1984-11-30,2.092204905818714,2.110477553233397,2.083068582111373,2.1013410091400146,791698,0.0,0.0
1984-12-03,2.101341998544094,2.1104785469393645,2.0830695629119873,2.0830695629119873,1001005,0.0,0.0
1984-12-04,2.0830695629119873,2.1104785469393645,2.0830695629119873,2.0830695629119873,1029777,0.0,0.0
1984-12-05,2.0830696172931344,2.0922059455407758,2.0465245246887207,2.0465245246887207,835962,0.0,0.0
1984-12-06,2.046524488802345,2.10134201655465,2.046524488802345,2.0647969245910645,740794,0.0,0.0
1984-12-07,2.0647960084420336,2.083068656509334,2.0282509326934814,2.0282509326934814,914373,0.0,0.0
1984-12-10,2.0191161237580904,2.055661222940355,2.0008434639738635,2.037388563156128,1358913,0.0,0.0
1984-12-11,2.028251682482949,2.028251682482949,2.000842920635773,2.009979248046875,774941,0.0,0.0
1984-12-12,2.0099786464841802,2.037387400128242,2.0099786464841802,2.0191149711608887,860308,0.0,0.0
1984-12-13,2.0191139002892124,2.02824999973437,1.9917049407958982,1.9917049407958984,765456,0.0,0.0
1984-12-14,1.9825704097747803,2.0191154976243033,1.9734338623297476,1.9825704097747803,1045269,0.0,0.0
1984-12-17,1.9917059971307627,2.028251075451533,1.9825698928401183,2.0191149711608887,768617,0.0,0.0
1984-12-18,2.037387322034418,2.092205047607422,2.028250997707908,2.092205047607422,1453133,0.0,0.0
1984-12-19,2.092205890921113,2.101341998544094,2.064796906893736,2.0830695629119873,1308009,0.0,0.0
1984-12-20,2.064796906893736,2.092205890921113,2.055660799270755,2.0830695629119873,842602,0.0,0.0
1984-12-21,2.0830695807659305,2.10134201655465,1.9917067406638937,2.0647969245910645,1974187,0.0,0.0
1984-12-24,2.061083052373412,2.0703672697861664,2.04251484150143,2.0517990589141846,748066,0.14233,0.0
1984-12-26,2.0517997367610823,2.061083733287436,2.023947075321219,2.042515516281128,479635,0.0,0.0
1984-12-27,2.0332309811280425,2.042515200171124,2.0146627669954453,2.023946762084961,535914,0.0,0.0
1984-12-28,2.023945060971071,2.033229272210828,2.0053766384915575,2.0146610736846924,678192,0.0,0.0
1984-12-31,2.023947075321219,2.042515516281128,2.0146630787948654,2.042515516281128,1145180,0.0,0.0
1985-01-02,2.033229272210828,2.033229272210828,2.0053766384915575,2.0146610736846924,770515,0.0,0.0
1985-01-03,2.023946762084961,2.051799419214206,2.0146627669954453,2.023946762084961,1405707,0.0,0.0
1985-01-04,2.0146610736846924,2.023945060971071,2.0053766384915575,2.0146610736846924,813830,0.0,0.0
1985-01-07,2.014663603885893,2.070368493377039,2.014663603885893,2.061084270477295,802764,0.0,0.0
1985-01-08,2.0796513966238033,2.1075038236954824,2.061082962607006,2.088935613632202,690206,0.0,0.0
1985-01-09,2.0889357716950023,2.116788200874182,2.0703673362731934,2.0703673362731934,902359,0.0,0.0
1985-01-10,2.0517999988019104,2.1167891025543213,2.0332315554705764,2.1167891025543213,1198297,0.0,0.0
1985-01-11,2.135357141494751,2.144641586329514,2.116788923686057,2.135357141494751,866947,0.0,0.0
1985-01-14,2.1353563354049907,2.1910614157098145,2.126072341982125,2.1724929809570312,1025983,0.0,0.0
1985-01-15,2.172493801065749,2.181778021946901,2.135357141494751,2.135357141494751,1355435,0.0,0.0
1985-01-16,2.135356005812366,2.153924437699108,2.1167877978791156,2.1446404457092285,1762350,0.0,0.0
1985-01-17,2.144641586329514,2.153925583257055,2.135357141494751,2.135357141494751,815095,0.0,0.0
1985-01-18,2.144640032351198,2.153924022551681,2.0982189615815425,2.1075031757354736,823315,0.0,0.0
1985-01-21,2.09821908249625,2.2096289869033314,2.09821908249625,2.191060781478882,1371560,0.0,0.0
1985-01-22,2.2096290157592966,2.228197445379696,2.191060810092361,2.2003448009490967,2803825,0.0,0.0
1985-01-23,2.1910611305939627,2.2281977713135297,2.1539244898743957,2.2189135551452637,1964385,0.0,0.0
1985-01-24,2.2189138438854634,2.2374820546847207,2.153924770157774,2.1724929809570312,1511309,0.0,0.0
1985-01-25,2.163208908064675,2.2281982100866258,2.1446409199787597,2.209629774093628,1191025,0.0,0.0
1985-01-28,2.209629774093628,2.2374822041295834,2.1910615620541716,2.209629774093628,1089533,0.0,0.0
1985-01-29,2.2096300896450876,2.256050962303283,2.1724934363092454,2.228198528289795,1649476,0.0,0.0
1985-01-30,2.2746185309610243,2.2839027476464904,2.228197895440714,2.2467663288116455,2245463,0.0,0.0
1985-01-31,2.228197445379696,2.2374814362364317,2.1724923804719616,2.2003448009490967,2824377,0.0,0.0
1985-02-01,2.1632096767425537,2.2003463379711996,2.1446416820586616,2.1632096767425537,1185966,0.0,0.0
1985-02-04,2.144640155941027,2.191060781478882,2.144640155941027,2.191060781478882,1328877,0.0,0.0
1985-02-05,2.228198077432609,2.2374820709228516,2.1910614316110557,2.2374820709228516,2101288,0.0,0.0
1985-02-06,2.2467663288116455,2.293186964331956,2.2374818881726704,2.2467663288116455,1278605,0.0,0.0
1985-02-07,2.256050321543602,2.2746185309610243,2.228197895440714,2.2467663288116455,2248941,0.0,0.0
1985-02-08,2.2467665123201495,2.2467665123201495,2.2096296425450688,2.2374820709228516,1353222,0.0,0.0
1985-02-11,2.218913992090127,2.2281982100866258,2.2003455560971292,2.209629774093628,1395273,0.0,0.0
1985-02-12,2.1910611305939627,2.2281977713135297,2.1817769144256967,2.2189135551452637,845131,0.0,0.0
1985-02-13,2.200345870322734,2.2374825236585756,2.191061874953953,2.228198528289795,1797446,0.0,0.0
1985-02-14,2.228197445379696,2.228197445379696,2.191060810092361,2.2003448009490967,1605212,0.0,0.0
1985-02-15,2.2096305592667664,2.2189147805623333,2.153925679400608,2.1632096767425537,1496765,0.0,0.0
1985-02-19,2.1632078581903653,2.1910604986620803,2.135355441672083,2.181776285171509,1072460,0.0,0.0
1985-02-20,2.1724929809570312,2.20034540913268,2.153924770157774,2.1724929809570312,1229914,0.0,0.0
1985-02-21,2.1724923521009707,2.2189132015922866,2.1724923521009707,2.191060781478882,760397,0.0,0.0
1985-02-22,2.1817771309129865,2.1817771309129865,2.1446407104620473,2.1539247035980225,1368715,0.0,0.0
1985-02-25,2.1446407104620473,2.172492913823492,2.1353562694190336,2.1539247035980225,822367,0.0,0.0
1985-02-26,2.1539238686532265,2.200344488199219,2.135355441672083,2.181776285171509,1401913,0.0,0.0
1985-02-27,2.2003448009490967,2.228197445379696,2.191060810092361,2.2003448009490967,1764247,0.0,0.0
1985-02-28,2.2003451228087316,2.2374817635282986,2.2003451228087316,2.2189135551452637,1817681,0.0,0.0
1985-03-01,2.218913992090127,2.2281982100866258,2.2003455560971292,2.209629774093628,2060818,0.0,0.0
1985-03-04,2.2189135551452637,2.2467662036500613,2.2096293389769976,2.2189135551452637,2172427,0.0,0.0
1985-03-05,2.2189135551452637,2.2281977713135297,2.1910611305939627,2.2189135551452637,1422780,0.0,0.0
1985-03-06,2.1910604986620803,2.200344488199219,2.172492071680937,2.181776285171509,1089533,0.0,0.0
1985-03-07,2.1817765952821615,2.218913230569496,2.1724923804719616,2.2003448009490967,1412030,0.0,0.0
1985-03-08,2.2096293389769976,2.2281977713135297,2.2096293389769976,2.2189135551452637,1022821,0.0,0.0
1985-03-11,2.2096290157592966,2.228197445379696,2.191060810092361,2.2003448009490967,1997583,0.0,0.0
1985-03-12,2.2003455560971292,2.218913992090127,2.1910615620541716,2.209629774093628,832801,0.0,0.0
1985-03-13,2.1817765667899263,2.2096289869033314,2.1724923521009707,2.191060781478882,789801,0.0,0.0
1985-03-14,2.1910604986620803,2.209628701689791,2.181776285171509,2.181776285171509,1551147,0.0,0.0
1985-03-15,2.1817771309129865,2.1910613480024805,2.1539247035980225,2.1539247035980225,1354487,0.0,0.0
1985-03-18,2.153925583257055,2.172493801065749,2.126073144567209,2.135357141494751,1477162,0.0,0.0
1985-03-19,2.126071452134944,2.181776285171509,2.1167872386443722,2.181776285171509,1137276,0.0,0.0
1985-03-20,2.18177686157573,2.191061077519101,2.1446404457092285,2.1446404457092285,1065188,0.0,0.0
1985-03-21,2.135357141494751,2.181778021946901,2.126073144567209,2.135357141494751,1740218,0.0,0.0
1985-03-22,2.153924437699108,2.218913501395723,2.135356005812366,2.1446404457092285,5159949,0.0,0.0
1985-03-25,2.1353573583133296,2.144641804090811,2.1167891386192674,2.1260733604431152,8394403,0.0,0.0
1985-03-26,2.1223005660260554,2.1600303649902344,2.1223005660260554,2.1600303649902344,1184385,0.14233,0.0
1985-03-27,2.1600295139908976,2.2166240763750023,2.1505970110833923,2.178894519805908,1833489,0.0,0.0
1985-03-28,2.188328175367033,2.207192965549651,2.1694631576538086,2.1694631576538086,788853,0.0,0.0
1985-03-29,2.1694620658318433,2.1977593506299407,2.1694620658318433,2.1883270740509033,630766,0.0,0.0
1985-04-01,2.1788953782376006,2.1977599364238602,2.150597858366551,2.1600303649902344,859359,0.0,0.0
1985-04-02,2.16003046181331,2.1694627413292404,2.131732940673828,2.131732940673828,701905,0.0,0.0
1985-04-03,2.131733096966534,2.150598112442652,2.112868309020996,2.112868309020996,718030,0.0,0.0
1985-04-04,2.112867730150781,2.1600300283892664,2.112867730150781,2.141165018081665,766720,0.0,0.0
1985-04-08,2.141165018081665,2.1694623060125493,2.1317325129278646,2.141165018081665,977608,0.0,0.0
1985-04-09,2.141165779076177,2.1694630770642402,2.141165779076177,2.1505982875823975,904572,0.0,0.0
1985-04-10,2.160029827826414,2.2166243984332685,2.160029827826414,2.1977593898773193,1361443,0.0,0.0
1985-04-11,2.1977593506299407,2.2166243588490007,2.1883270740509033,2.1883270740509033,1584345,0.0,0.0
1985-04-12,2.1977601518298733,2.2166251669262302,2.1883278718122705,2.2071926593780518,549825,0.0,0.0
1985-04-15,2.1977583070134927,2.216623306274414,2.188326034913417,2.216623306274414,528010,0.0,0.0
1985-04-16,2.1977590705599916,2.207191573467497,2.169461789367939,2.178894519805908,1159092,0.0,0.0
1985-04-17,2.178894797471866,2.1977593506299407,2.1694620658318433,2.1883270740509033,671236,0.0,0.0
1985-04-18,2.2071920990972336,2.2071920990972336,2.1223002353045817,2.141165018081665,1084475,0.0,0.0
1985-04-19,2.1600303649902344,2.1600303649902344,2.1223005660260554,2.1600303649902344,1104394,0.0,0.0
1985-04-22,2.141164819270464,2.1977593898773193,2.1223000382450117,2.1977593898773193,1097438,0.0,0.0
1985-04-23,2.1977583070134927,2.226055805904875,2.188326034913417,2.216623306274414,1227385,0.0,0.0
1985-04-24,2.226057529449463,2.235489808852564,2.216625022515801,2.226057529449463,1171106,0.0,0.0
1985-04-25,2.235488283837896,2.2543532848358154,2.216623510370382,2.2543532848358154,1821791,0.0,0.0
1985-04-26,2.254353949124988,2.254353949124988,2.2260566668201704,2.2449214458465576,802764,0.0,0.0
1985-04-29,2.2449214458465576,2.263786452403418,2.2354889425681277,2.2449214458465576,931131,0.0,0.0
1985-04-30,2.254354288058556,2.2732190699211907,2.2449217833619843,2.263786792755127,1791122,0.0,0.0
1985-05-01,2.263786452403418,2.273218728151375,2.2449214458465576,2.2449214458465576,929866,0.0,0.0
1985-05-02,2.2449217833619843,2.263786792755127,2.2260570014993495,2.263786792755127,819521,0.0,0.0
1985-05-03,2.263787836825649,2.301517645482607,2.2543553277787565,2.2826528549194336,970968,0.0,0.0
1985-05-06,2.2637878707122026,2.3015176799339367,2.2637878707122026,2.2920851707458496,1372509,0.0,0.0
1985-05-07,2.292083644935686,2.348678207328718,2.292083644935686,2.320380926132202,3743493,0.0,0.0
1985-05-08,2.301517283945505,2.310949563980102,2.292084776380331,2.3109495639801025,1854673,0.0,0.0
1985-05-09,2.3015167072944704,2.3486787782426064,2.292084202092636,2.3392462730407715,2313124,0.0,0.0
1985-05-10,2.339247271731245,2.376977081115982,2.329814990033023,2.348679780960083,2617916,0.0,0.0
1985-05-13,2.3675425052642822,2.3675425052642822,2.3486775050868287,2.3675425052642822,1110717,0.0,0.0
1985-05-14,2.3675438871249446,2.3769761651885983,2.3392463703423965,2.3581113815307617,1063607,0.0,0.0
1985-05-15,2.348678961321422,2.3958412634763646,2.3392464553843264,2.376976251602173,2089274,0.0,0.0
1985-05-16,2.386408988142148,2.4335710628272715,2.367543976243669,2.4241387844085693,2417145,0.0,0.0
1985-05-17,2.4147062190520683,2.4901658168387644,2.4147062190520683,2.4618685245513916,4176650,0.0,0.0
1985-05-20,2.4524351188264637,2.5278949164784206,2.4524351188264637,2.4713001251220703,2979618,0.0,0.0
1985-05-21,2.4712999276662084,2.5278947145006585,2.414705140831759,2.4807322025299072,1670976,0.0,0.0
1985-05-22,2.4713001251220703,2.4713001251220703,2.44300284320913,2.4713001251220703,1787960,0.0,0.0
1985-05-23,2.471301031157367,2.471301031157367,2.4524360179454163,2.4618685245513916,1121783,0.0,0.0
1985-05-24,2.471301346520409,2.5561932342155904,2.46186883871075,2.5278961658477783,4533926,0.0,0.0
1985-05-28,2.5561921199939244,2.5656248512225206,2.52789506396055,2.546759843826294,1986201,0.0,0.0
1985-05-29,2.537327766418457,2.5467602717013027,2.499597972817596,2.537327766418457,1748123,0.0,0.0
1985-05-30,2.537328446126855,2.5750582498349077,2.5278961658477788,2.5278961658477783,2929030,0.0,0.0
1985-05-31,2.5278958683049084,2.5656256675720215,2.5090308549060745,2.5656256675720215,2133538,0.0,0.0
1985-06-03,2.575057454647155,2.6127872467041016,2.5656251772808023,2.6127872467041016,1924547,0.0,0.0
1985-06-04,2.603354741807237,2.622219524070454,2.5939222369103723,2.6127872467041016,2785487,0.0,0.0
1985-06-05,2.6033549308776855,2.6222197145109707,2.6033549308776855,2.6033549308776855,1787328,0.0,0.0
1985-06-06,2.5939212216870287,2.5939212216870287,2.5278943958424596,2.5561914443969727,1275127,0.0,0.0
1985-06-07,2.5467589671894397,2.5467589671894397,2.4995966924633968,2.5184614658355713,1033255,0.0,0.0
1985-06-10,2.5090314890333207,2.5184637705860773,2.4995989799499516,2.499598979949951,802448,0.0,0.0
1985-06-11,2.509030342102051,2.518462619343112,2.4901653325589104,2.509030342102051,1184069,0.0,0.0
1985-06-12,2.5090314890333207,2.5090314890333207,2.480733961783213,2.499598979949951,1193238,0.0,0.0
1985-06-13,2.4713001251220703,2.4901649038872073,2.461867621974267,2.4713001251220703,1236238,0.0,0.0
1985-06-14,2.4995978373304806,2.509030342102051,2.48073282778734,2.509030342102051,910895,0.0,0.0
1985-06-17,2.5090314890333207,2.5090314890333207,2.490166470866582,2.499598979949951,997527,0.0,0.0
1985-06-18,2.5090308549060745,2.575057946740883,2.5090308549060745,2.5656256675720215,2909744,0.0,0.0
1985-06-19,2.5656259416405676,2.5939230097004935,2.5561932064029596,2.5750582218170166,1352590,0.0,0.0
1985-06-20,2.556191119389151,2.5844883918762207,2.546758846913724,2.5844883918762207,1348163,0.0,0.0
1985-06-21,2.584488560666479,2.6599481105804443,2.57505628757504,2.6599481105804443,2190449,0.0,0.0
1985-06-24,2.612786809903875,2.6222190856933594,2.5939218032639584,2.6222190856933594,12861933,0.0,0.0
1985-06-25,2.6566219329833984,2.6661784188628235,2.608841117195584,2.6566219329833984,1953319,0.14233,0.0
1985-06-26,2.647066020878363,2.704403324987698,2.637509765107536,2.685290813446045,1677616,0.0,0.0
1985-06-27,2.71395935989946,2.761740177892352,2.71395935989946,2.7521841526031494,3642317,0.0,0.0
1985-06-28,2.7330727577209477,2.8095226048811908,2.7139604688176773,2.7330727577209473,1207466,0.0,0.0
1985-07-01,2.713959217071533,2.7330714971597403,2.685290681681416,2.713959217071533,893822,0.0,0.0
1985-07-02,2.733070984664132,2.733070984664132,2.6948462011398777,2.7044026851654053,1180275,0.0,0.0
1985-07-03,2.704403324987698,2.7139593502428996,2.675734557675218,2.685290813446045,1040843,0.0,0.0
1985-07-05,2.685290985559131,2.7044034983257967,2.64706619054144,2.6661787033081055,534333,0.0,0.0
1985-07-08,2.656622245401828,2.675734758377075,2.647066219429847,2.675734758377075,619700,0.0,0.0
1985-07-09,2.666178703308106,2.685290985559131,2.666178703308106,2.6661787033081055,691155,0.0,0.0
1985-07-10,2.6852900141140577,2.7235147953033443,2.6757337611878467,2.7235147953033447,1317494,0.0,0.0
1985-07-11,2.7235147953033443,2.7330708177139984,2.7139585423771337,2.7235147953033447,852087,0.0,0.0
1985-07-12,2.752184122719622,2.7808526593071967,2.7330716113174898,2.7426280975341797,2112670,0.0,0.0
1985-07-15,2.7330716113174898,2.752184122719622,2.7235155861320477,2.7426280975341797,1012071,0.0,0.0
1985-07-16,2.742627525589768,2.8190768637087675,2.723515018173336,2.7808520793914795,1955532,0.0,0.0
1985-07-17,2.7904083330996956,2.7904083330996956,2.77129605619884,2.7808520793914795,1516368,0.0,0.0
1985-07-18,2.7712966642128074,2.7712966642128074,2.742628127313947,2.7521841526031494,821418,0.0,0.0
1985-07-19,2.7617405552219165,2.7904093265533447,2.7521845286270983,2.7904093265533447,2085163,0.0,0.0
1985-07-22,2.7808530694428684,2.7904093265533447,2.7617405552219165,2.7904093265533447,861572,0.0,0.0
1985-07-23,2.7808530694428684,2.819077867369115,2.7617405552219165,2.7904093265533447,2532233,0.0,0.0
1985-07-24,2.7904091173254386,2.8095216301133137,2.780852860931501,2.7999651432037354,3061823,0.0,0.0
1985-07-25,2.809522416880243,2.828634704504603,2.790409898740178,2.8190784454345703,2945787,0.0,0.0
1985-07-26,2.809522416880243,2.828634704504603,2.799965927294506,2.8190784454345703,1204621,0.0,0.0
1985-07-29,2.8095215333214605,2.8095215333214605,2.761740252997903,2.771296739578247,797389,0.0,0.0
1985-07-30,2.7808530694428684,2.799965353148163,2.7712970428480506,2.7904093265533447,859992,0.0,0.0
1985-07-31,2.8190784454345708,2.828634704504603,2.809522416880243,2.8190784454345703,3161734,0.0,0.0
1985-08-01,2.8286341244795907,2.838190151074409,2.7904093265533447,2.7904093265533447,1149923,0.0,0.0
1985-08-02,2.7904090211920374,2.7904090211920374,2.742628201899745,2.771296739578247,858411,0.0,0.0
1985-08-05,2.761739571975048,2.78085207939148,2.752183548782408,2.7808520793914795,511885,0.0,0.0
1985-08-06,2.7617401680657827,2.7808526796074364,2.675734557675218,2.685290813446045,1087320,0.0,0.0
1985-08-07,2.6852919202049113,2.7426292479461636,2.6757356604954157,2.7330727577209473,1099651,0.0,0.0
1985-08-08,2.7330716409934914,2.7712966642128074,2.723515615704289,2.7521841526031494,1079100,0.0,0.0
1985-08-09,2.7521852771399384,2.7521852771399384,2.7235167285271724,2.7330727577209473,638986,0.0,0.0
1985-08-12,2.7139587081597902,2.733070984664132,2.704402685165405,2.7044026851654053,879911,0.0,0.0
1985-08-13,2.6948462011398777,2.733070984664132,2.6852901781454923,2.7044026851654053,970968,0.0,0.0
1985-08-14,2.704404439623902,2.7426292479461636,2.704404439623902,2.7330727577209473,986145,0.0,0.0
1985-08-15,2.7330708177139984,2.7521833235664204,2.7044025199664796,2.7235147953033447,887499,0.0,0.0
1985-08-16,2.7139593502428996,2.7139593502428996,2.685290813446045,2.685290813446045,1373141,0.0,0.0
1985-08-19,2.685290130434678,2.70440263711501,2.6757338770945123,2.6948461532592773,780632,0.0,0.0
1985-08-20,2.6948462011398777,2.7235149616697467,2.6852901781454923,2.7044026851654053,1532492,0.0,0.0
1985-08-21,2.723515615704289,2.761740177892352,2.723515615704289,2.7521841526031494,924175,0.0,0.0
1985-08-22,2.7521833235664204,2.790408104755707,2.7235147953033443,2.7235147953033447,815095,0.0,0.0
1985-08-23,2.7235167285271724,2.7521852771399384,2.7139604688176773,2.7330727577209473,495444,0.0,0.0
1985-08-26,2.7235167285271724,2.7330727577209477,2.704404439623902,2.7330727577209473,707596,0.0,0.0
1985-08-27,2.742628127313947,2.761740177892352,2.742628127313947,2.7521841526031494,1171106,0.0,0.0
1985-08-28,2.7617401479050643,2.7617401479050643,2.7330716113174898,2.7426280975341797,707280,0.0,0.0
1985-08-29,2.7426292479461636,2.7426292479461636,2.7235167285271724,2.7330727577209473,483429,0.0,0.0
1985-08-30,2.7330716113174898,2.7426280975341797,2.7330716113174898,2.7426280975341797,539392,0.0,0.0
1985-09-03,2.723515472373444,2.7330714971597403,2.713959217071533,2.713959217071533,400592,0.0,0.0
1985-09-04,2.713958659939609,2.7235149132797747,2.694846153259277,2.6948461532592773,782213,0.0,0.0
1985-09-05,2.7044035278399465,2.7044035278399465,2.656622245401828,2.675734758377075,658905,0.0,0.0
1985-09-06,2.6757356604954157,2.7426292479461636,2.6757356604954157,2.7330727577209473,835646,0.0,0.0
1985-09-09,2.7235167285271724,2.7521852771399384,2.7139604688176773,2.7330727577209473,534965,0.0,0.0
1985-09-10,2.742627419960107,2.742627419960107,2.694846153259277,2.6948461532592773,1322869,0.0,0.0
1985-09-11,2.685291014864699,2.7044035278399465,2.675734758377075,2.675734758377075,504297,0.0,0.0
1985-09-12,2.675734443711017,2.685290699074826,2.6566219329833984,2.6566219329833984,1120518,0.0,0.0
1985-09-13,2.6566219329833984,2.6661784188628235,2.6375096527713957,2.6566219329833984,1142334,0.0,0.0
1985-09-16,2.6566230990499275,2.6661795891239644,2.637510810449004,2.647067070007324,867264,0.0,0.0
1985-09-17,2.656622216409133,2.7330718064445145,2.6375099341581074,2.6661787033081055,1240348,0.0,0.0
1985-09-18,2.6661778542699133,2.70440263711501,2.6661778542699133,2.6948461532592773,1135695,0.0,0.0
1985-09-19,2.685290681681416,2.723515472373444,2.685290681681416,2.713959217071533,1321921,0.0,0.0
1985-09-20,2.69484704083668,2.7139595538119274,2.675734758377075,2.675734758377075,1587507,0.0,0.0
1985-09-23,2.742628127313947,2.761740177892352,2.723515615704289,2.7521841526031494,5327521,0.0,0.0
1985-09-24,2.6999294757843018,2.757992374861941,2.6805750204692855,2.6999294757843018,920697,0.14233,0.0
1985-09-25,2.6999291540793506,2.70960614715011,2.632189035415649,2.6321890354156494,898249,0.0,0.0
1985-09-26,2.6321889758524426,2.651542961556005,2.6031572969960846,2.6418659687042236,855565,0.0,0.0
1985-09-30,2.661221504211426,2.680575966355992,2.6515442731391423,2.661221504211426,971285,0.0,0.0
1985-10-01,2.6612195174533526,2.7192826271057124,2.6418653031916413,2.719282627105713,767985,0.0,0.0
1985-10-02,2.7192823326096685,2.7579909903745885,2.7096051098100418,2.728959321975708,1436376,0.0,0.0
1985-10-03,2.7289606918894167,2.7289606918894167,2.690252014693089,2.6999294757843018,1671609,0.0,0.0
1985-10-04,2.680575966355992,2.6999304285005583,2.6225128133560798,2.661221504211426,1451868,0.0,0.0
1985-10-07,2.651542961556005,2.651542961556005,2.6225115161333186,2.6418659687042236,721508,0.0,0.0
1985-10-08,2.6225104331970215,2.641864877775726,2.5934792331961156,2.6225104331970215,774309,0.0,0.0
1985-10-09,2.6418655659912487,2.6999286814194376,2.6321885746145806,2.6708970069885254,1242878,0.0,0.0
1985-10-10,2.6612205651542697,2.7096064700081053,2.6612205651542697,2.6999294757843018,744588,0.0,0.0
1985-10-11,2.690250664210788,2.728959321975708,2.690250664210788,2.728959321975708,480900,0.0,0.0
1985-10-14,2.7386369705200195,2.7483139605655915,2.7192825235616684,2.7386369705200195,345894,0.0,0.0
1985-10-15,2.7483139605655915,2.767668174090339,2.709605300082493,2.7386369705200195,1055071,0.0,0.0
1985-10-16,2.748313426971435,2.7579906485717465,2.7192819956040606,2.7483134269714355,913109,0.0,0.0
1985-10-17,2.757992374861941,2.757992374861941,2.6708977928117776,2.6999294757843018,2013392,0.0,0.0
1985-10-18,2.690250664210788,2.7386367782089223,2.680573674844749,2.728959321975708,2125634,0.0,0.0
1985-10-21,2.7386385194424374,2.825732879713138,2.7386385194424374,2.796701192855835,3528495,0.0,0.0
1985-10-22,2.7967018489525204,2.845088005065918,2.7192846994724555,2.845088005065918,2267912,0.0,0.0
1985-10-23,2.8450871028534963,2.8644413257276007,2.8354096412658696,2.835409641265869,2167685,0.0,0.0
1985-10-24,2.8354096412658696,2.8450871028534963,2.8257326465456756,2.835409641265869,1302002,0.0,0.0
1985-10-25,2.825731386715271,2.8450858343940615,2.7870227247913024,2.8063771724700928,1068034,0.0,0.0
1985-10-28,2.7870237827301025,2.816055231834853,2.777346788650986,2.7870237827301025,839124,0.0,0.0
1985-10-29,2.796699843039125,2.8257315158843994,2.78702285219099,2.8257315158843994,1109136,0.0,0.0
1985-10-30,2.825731590824279,2.8547630310058594,2.825731590824279,2.8547630310058594,1768990,0.0,0.0
1985-10-31,2.8354085067325343,2.8354085067325343,2.806377300754506,2.8257315158843994,1392428,0.0,0.0
1985-11-01,2.806378491349645,2.864441394805908,2.796701029528638,2.864441394805908,1359546,0.0,0.0
1985-11-04,2.8644402555442623,2.8644402555442623,2.825731590824279,2.8547630310058594,1212209,0.0,0.0
1985-11-05,2.8354096412658696,2.8547640975736903,2.796700962083944,2.835409641265869,1682042,0.0,0.0
1985-11-06,2.8644402555442623,2.8741172466490363,2.825731590824279,2.8547630310058594,2900575,0.0,0.0
1985-11-07,2.854765459597346,2.932182854897444,2.854765459597346,2.9225058555603027,3100712,0.0,0.0
1985-11-08,2.9128261313379076,2.951534795878958,2.903148906844238,2.94185733795166,1709866,0.0,0.0
1985-11-11,2.961211053361245,2.9999197083130396,2.951534064698474,2.9902427196502686,1895143,0.0,0.0
1985-11-12,3.019275726450176,3.028953187773143,2.9902445096498256,3.009598731994629,3256586,0.0,0.0
1985-11-13,3.0095981799600757,3.019275172640623,2.9805665016174316,2.9805665016174316,1310539,0.0,0.0
1985-11-14,2.9805665016174316,2.9902439611653135,2.9612122828226695,2.9805665016174316,1315914,0.0,0.0
1985-11-15,2.9805664357482837,2.9902438950822985,2.9418577655805356,2.951535224914551,1463250,0.0,0.0
1985-11-18,2.9515344530114818,2.970888666316894,2.941856996208374,2.9612114429473877,1032306,0.0,0.0
1985-11-19,2.970888137817383,2.980565126031822,2.9418564728733854,2.970888137817383,943461,0.0,0.0
1985-11-20,2.9805664357482837,2.9805664357482837,2.932180773113845,2.951535224914551,2140178,0.0,0.0
1985-11-21,2.9612122173812407,2.9805664357482837,2.9515352249145503,2.951535224914551,2233133,0.0,0.0
1985-11-22,2.970889508936884,2.9805665016174316,2.9515352901421217,2.9805665016174316,1162569,0.0,0.0
1985-11-25,2.9805664357482837,2.9805664357482837,2.932180773113845,2.951535224914551,1084159,0.0,0.0
1985-11-26,2.9612125676199255,2.9612125676199255,2.883795451561549,2.9321811199188232,951998,0.0,0.0
1985-11-27,2.941858078299674,3.0192754268646245,2.9321810848043204,3.019275426864624,1622286,0.0,0.0
1985-11-29,3.019275726450176,3.019275726450176,2.9902445096498256,3.009598731994629,1078151,0.0,0.0
1985-12-02,3.019275172640623,3.019275172640623,2.970889508936884,2.9805665016174316,1595411,0.0,0.0
1985-12-03,2.9612114429473873,2.9902431130559077,2.9612114429473873,2.9612114429473877,575436,0.0,0.0
1985-12-04,2.9902438288520297,3.0966926110972097,2.980566369732359,3.087015151977539,2060186,0.0,0.0
1985-12-05,3.0966900313329937,3.1547528702112655,3.0773355960845943,3.0773355960845947,4616131,0.0,0.0
1985-12-06,3.038630247116089,3.0773389260659973,3.0289532524538982,3.038630247116089,1786696,0.0,0.0
1985-12-09,3.0579861983405507,3.0870174299540474,3.0579861983405507,3.0676634311676025,1386420,0.0,0.0
1985-12-10,3.0773355960845943,3.0966900313329937,3.057981394269658,3.0773355960845947,1890084,0.0,0.0
1985-12-11,3.0870164662910295,3.15475684150029,3.0773394699186407,3.1063709259033203,2032679,0.0,0.0
1985-12-12,3.1160470841800145,3.1354015371368003,3.087015404744836,3.1257240772247314,1548933,0.0,0.0
1985-12-13,3.135401427931369,3.1741100990630486,3.1257239683563642,3.145078420639038,1483485,0.0,0.0
1985-12-16,3.164431283966907,3.193462714379707,3.1450768414026724,3.1741085052490234,2077259,0.0,0.0
1985-12-17,3.1741102841761903,3.1837872774482183,3.135401610787033,3.1547558307647705,1452817,0.0,0.0
1985-12-18,3.154755830764771,3.1837872774482183,3.145078604059061,3.1547558307647705,1542294,0.0,0.0
1985-12-19,3.154754717355963,3.1837861537933345,3.154754717355963,3.183786153793335,1064872,0.0,0.0
1985-12-20,3.1934636922760795,3.2418495800697484,3.1837864680306214,3.212817907333374,2547409,0.0,0.0
1985-12-23,3.193464040756226,3.212818257925509,3.1741098235869427,3.1934640407562256,2017186,0.0,0.0
1985-12-24,3.1993350982666016,3.2091190597191495,3.160199252456409,3.1993350982666016,577333,0.14233,0.0
1985-12-26,3.189552068710327,3.209119997332615,3.1699843760964415,3.189552068710327,386364,0.0,0.0
1985-12-27,3.189550468851044,3.2286860704570355,3.189550468851044,3.218902111053467,644994,0.0,0.0
1985-12-30,3.238469767648761,3.238469767648761,3.14063065355146,3.209118127822876,804345,0.0,0.0
1985-12-31,3.2189018504259947,3.238469767648761,3.199334169211493,3.209118127822876,930498,0.0,0.0
1986-01-02,3.209117979810392,3.209117979810392,3.1308467865459186,3.15041446685791,1449023,0.0,0.0
1986-01-03,3.1699845949202032,3.1895522888848453,3.1602003939252548,3.1797683238983154,789169,0.0,0.0
1986-01-06,3.1993344282546126,3.218902111053467,3.1601985906403374,3.218902111053467,924175,0.0,0.0
1986-01-07,3.2482552888314804,3.2776071809179586,3.2286875967822235,3.2678229808807373,1288407,0.0,0.0
1986-01-08,3.2873909089383897,3.316742801024868,3.2678229808807377,3.2678229808807373,3047279,0.0,0.0
1986-01-09,3.2482553825603864,3.2482553825603864,3.160200175776896,3.189552068710327,3256586,0.0,0.0
1986-01-10,3.189550063490147,3.209117979810392,3.121062592377543,3.15041446685791,1470206,0.0,0.0
1986-01-13,3.1699845949202032,3.1895522888848453,3.130848970982501,3.1797683238983154,1136011,0.0,0.0
1986-01-14,3.1993356530197112,3.2482549967482215,3.1797677267216082,3.238471269607544,1573279,0.0,0.0
1986-01-15,3.2482552888314804,3.2776071809179586,3.2384715608110497,3.2678229808807373,763559,0.0,0.0
1986-01-16,3.2873900372597284,3.3069579601287837,3.24825442752995,3.306957960128784,1527117,0.0,0.0
1986-01-17,3.3069579382680443,3.316741899637895,3.267822092788642,3.2971739768981934,1726939,0.0,0.0
1986-01-20,3.2776063118335332,3.3069579601287837,3.2580383889644775,3.306957960128784,725618,0.0,0.0
1986-01-21,3.297173695498363,3.306957656033194,3.209118758709817,3.2776060104370117,1072776,0.0,0.0
1986-01-22,3.258038959897273,3.2678226870379508,3.2286873064584922,3.238471269607544,1709549,0.0,0.0
1986-01-23,3.2091190597191495,3.238470708068461,3.160199252456409,3.1993350982666016,939983,0.0,0.0
1986-01-24,3.209118127822876,3.2286858090373776,3.1895502106001103,3.209118127822876,973814,0.0,0.0
1986-01-27,3.228686094284057,3.23847005375983,3.209118411340798,3.2286860942840576,990255,0.0,0.0
1986-01-28,3.2873895168304443,3.2971734767160656,3.2873895168304443,3.2873895168304443,948520,0.0,0.0
1986-01-29,3.2971734767160656,3.346093040135876,3.2776057929531186,3.2873895168304443,2856943,0.0,0.0
1986-01-30,3.287389208030099,3.287389208030099,3.248253608172105,3.258037567138672,2428528,0.0,0.0
1986-01-31,3.238470189418929,3.306957436601687,3.2189022696476863,3.2873895168304443,2570490,0.0,0.0
1986-02-03,3.297173998694256,3.3265256469895066,3.24825442752995,3.306957960128784,2092119,0.0,0.0
1986-02-04,3.3363096084240347,3.395012905014536,3.228686740669227,3.306957960128784,3319820,0.0,0.0
1986-02-05,3.316741899637895,3.3265256249994146,3.2776062901668235,3.2971739768981934,1210944,0.0,0.0
1986-02-06,3.326526478419596,3.3754460618108344,3.2971748227882096,3.365662097930908,1529331,0.0,0.0
1986-02-07,3.3754464245551064,3.4830693307748746,3.3265268359066966,3.434149742126465,2076627,0.0,0.0
1986-02-10,3.43414700912124,3.48306655883789,3.424363287984493,3.4830665588378906,1559683,0.0,0.0
1986-02-11,3.4830694711652908,3.512421131134033,3.4635017765222713,3.512421131134033,1434479,0.0,0.0
1986-02-12,3.522206229068935,3.5319904342049164,3.443935184074786,3.463503122329712,1234341,0.0,0.0
1986-02-13,3.4732826016929144,3.48306655883789,3.404795373694541,3.4830665588378906,1205885,0.0,0.0
1986-02-14,3.5026377052073494,3.5613410302295843,3.4732858066877847,3.5515570640563965,2146501,0.0,0.0
1986-02-18,3.571123208580997,3.610258817672729,3.5417713247559512,3.6102588176727295,1925180,0.0,0.0
1986-02-19,3.6200437732081405,3.7178829471921935,3.6102600446164623,3.6298277378082275,2731422,0.0,0.0
1986-02-20,3.629826740526207,3.8352885246276855,3.629826740526207,3.8352885246276855,2705812,0.0,0.0
1986-02-21,3.8744228381315224,4.030965468248115,3.8548551568721137,3.9918296337127686,6010456,0.0,0.0
1986-02-24,4.001613062428987,4.011397019767174,3.9135579184017772,3.9722611904144287,3822536,0.0,0.0
1986-02-25,3.952695359546392,3.9624795574667147,3.7765854611808485,3.8352885246276855,3224968,0.0,0.0
1986-02-26,3.815720995590918,3.8255049579100238,3.7961533069610596,3.7961533069610596,2293838,0.0,0.0
1986-02-27,3.805934667291573,3.903773757643717,3.796150947062924,3.8939898014068604,3161734,0.0,0.0
1986-02-28,3.913557477872365,3.9331253903460768,3.7863669908260684,3.8939898014068604,3193351,0.0,0.0
1986-03-03,3.727666672358304,3.8157218816613505,3.6983150145934243,3.757018566131592,2336521,0.0,0.0
1986-03-04,3.76680218326106,3.776586383571067,3.649395555675403,3.698314905166626,2942626,0.0,0.0
1986-03-05,3.698311622533032,3.766798839837986,3.6493923164627464,3.7178795337677,3083007,0.0,0.0
1986-03-06,3.7374489307403564,3.7765847712385634,3.727664970615805,3.7374489307403564,3064352,0.0,0.0
1986-03-07,3.757017284636809,3.8255045413970947,3.7374493621291114,3.8255045413970947,1482853,0.0,0.0
1986-03-10,3.854855798800614,3.864639759063721,3.835287878274399,3.8646397590637207,1460405,0.0,0.0
1986-03-11,3.9135579184017772,3.982045147752615,3.903774197071825,3.9722611904144287,3572759,0.0,0.0
1986-03-12,3.991829370051202,4.060316603947927,3.962477968104891,3.9820454120635986,2854729,0.0,0.0
1986-03-13,3.9722611904144283,3.982045147752615,3.9331258330781504,3.9722611904144287,1601418,0.0,0.0
1986-03-14,3.9918335485995433,4.089672758874638,3.952697911691205,4.060320854187012,3319820,0.0,0.0
1986-03-17,4.050532867257476,4.079884742823899,4.0211814637075785,4.070100784301758,1865107,0.0,0.0
1986-03-18,4.070102458208124,4.207076989818406,4.060318495662144,4.187509536743164,3051073,0.0,0.0
1986-03-19,4.158157524115271,4.187509410870923,4.099453750603967,4.128805637359619,2489865,0.0,0.0
1986-03-20,4.138589859008789,4.18750967333439,4.128805896143668,4.138589859008789,2855046,0.0,0.0
1986-03-21,4.158156734779783,4.197292104341617,4.099452972412109,4.099452972412109,2914170,0.0,0.0
1986-03-24,4.026425838470459,4.134981177998244,4.0066883308809045,4.026425838470459,1704491,0.14233,0.0
1986-03-25,4.046163346060013,4.065900853649567,4.0066883308809045,4.026425838470459,1223591,0.0,0.0
1986-03-26,4.056032311300161,4.2336684605443695,4.046163556990915,4.223800182342529,1834438,0.0,0.0
1986-03-27,4.243537425994873,4.283012445195975,4.213931637701477,4.243537425994873,1890717,0.0,0.0
1986-03-31,4.223802861540297,4.233671146001682,4.134984016418457,4.134984016418457,944410,0.0,0.0
1986-04-01,4.174455971362868,4.194193477903648,3.957345065790043,4.006688117980957,1848666,0.0,0.0
1986-04-02,4.006687903339796,4.026425408823223,3.967213368480273,3.986950635910034,1929290,0.0,0.0
1986-04-03,4.006688270775796,4.0461632853627325,3.8685266719362685,3.8882641792297363,2631827,0.0,0.0
1986-04-04,3.8882648582104857,3.8981336135805322,3.7106284518182946,3.750103235244751,2637518,0.0,0.0
1986-04-07,3.769841162058888,3.82905346649972,3.7599724049764545,3.789578676223755,1594146,0.0,0.0
1986-04-08,3.829052163031294,3.9672137629379454,3.829052163031294,3.9573452472686768,2526541,0.0,0.0
1986-04-09,4.0066910971706395,4.016559857778982,3.898135682694294,3.947479009628296,1948577,0.0,0.0
1986-04-10,3.996819840817923,4.026425624521736,3.9376075592492636,4.006688117980957,1669079,0.0,0.0
1986-04-11,4.026425809168313,4.046163316614229,3.9277389860998038,3.9573452472686768,1891665,0.0,0.0
1986-04-14,3.96721653084498,3.9770852914533226,3.898135682694294,3.947479009628296,804661,0.0,0.0
1986-04-15,3.9474741450112414,3.967211641904685,3.888262130438033,3.9178683757781982,784110,0.0,0.0
1986-04-16,3.9770846296531883,4.085640026065555,3.947478352754745,4.046165466308594,1712711,0.0,0.0
1986-04-17,4.105374510105597,4.174455295709957,4.095505758432506,4.164586544036865,2251471,0.0,0.0
1986-04-18,4.184324562165678,4.292880367817638,3.917870138640387,4.233667850494385,2761142,0.0,0.0
1986-04-21,4.243536212018786,4.2632737159729,4.223799184171966,4.2632737159729,1325083,0.0,0.0
1986-04-22,4.263274144347404,4.352092444958101,4.233667885441391,4.302748680114746,3604376,0.0,0.0
1986-04-23,4.253406939395685,4.292881965637207,4.243538182835304,4.292881965637207,1969128,0.0,0.0
1986-04-24,4.3422245417432626,4.421174104835364,4.332355786843321,4.381699085235596,2896148,0.0,0.0
1986-04-25,4.391567624784371,4.391567624784371,4.3323551047078155,4.361961364746094,1521426,0.0,0.0
1986-04-28,4.381700920591463,4.421175956726074,4.361963878631792,4.421175956726074,1289987,0.0,0.0
1986-04-29,4.480388034820358,4.480388034820358,4.381700920591463,4.421175956726074,1738954,0.0,0.0
1986-04-30,4.421171674020119,4.421171674020119,4.273141384124756,4.273141384124756,2051333,0.0,0.0
1986-05-01,4.233668671194597,4.263274935595423,4.223800392501752,4.243537425994873,1614697,0.0,0.0
1986-05-02,4.243537214853616,4.401436331586739,4.213931428033284,4.223800182342529,1207782,0.0,0.0
1986-05-05,4.223800489814085,4.3520933529585495,4.194194224731159,4.342224597930908,1387685,0.0,0.0
1986-05-06,4.371829511613234,4.371829511613234,4.253404963995844,4.2632737159729,1393376,0.0,0.0
1986-05-07,4.2632768609293565,4.2830143794435465,4.16458974446605,4.1744585037231445,1433214,0.0,0.0
1986-05-08,4.213930302402321,4.223799054075412,4.1448495167979615,4.164586544036865,1209996,0.0,0.0
1986-05-09,4.164586672309624,4.2830112199270145,4.144849644462803,4.2632737159729,1198297,0.0,0.0
1986-05-12,4.27314286204322,4.283011614930429,4.213930820827304,4.233667850494385,1050644,0.0,0.0
1986-05-13,4.233667850494385,4.263274109156011,4.194193315052886,4.233667850494385,1068666,0.0,0.0
1986-05-14,4.233666103050068,4.332353115081787,4.223797830343323,4.332353115081787,2131009,0.0,0.0
1986-05-15,4.322487398237144,4.332356153973379,4.184325770144812,4.213932037353516,1222642,0.0,0.0
1986-05-16,4.213929859510598,4.213929859510598,4.065899552187044,4.1251115798950195,1766461,0.0,0.0
1986-05-19,4.18432651304995,4.213932785515091,4.154720240584808,4.19419527053833,1030725,0.0,0.0
1986-05-20,4.194192928240795,4.2632737159729,4.174455424286681,4.2632737159729,1287458,0.0,0.0
1986-05-21,4.263272634650775,4.312615905913505,4.253403885176795,4.273141384124756,1106923,0.0,0.0
1986-05-22,4.292880567430805,4.381698395330919,4.283011814084712,4.361961364746094,1617859,0.0,0.0
1986-05-23,4.371830199999794,4.42117349154736,4.213931095718741,4.391567707061768,1828747,0.0,0.0
1986-05-27,4.431042458727759,4.440911212734583,4.322486640760089,4.411304950714111,1802504,0.0,0.0
1986-05-28,4.411305371173574,4.450779914855957,4.411305371173574,4.450779914855957,1995370,0.0,0.0
1986-05-29,4.431041542931571,4.480384826660156,4.381697783095693,4.480384826660156,2069355,0.0,0.0
1986-05-30,4.460647322725805,4.519859834528859,4.440910294898747,4.480384826660156,2319448,0.0,0.0
1986-06-02,4.450779914855957,4.490254934645777,4.421174126121029,4.450779914855957,1548301,0.0,0.0
1986-06-03,4.431041542931571,4.480384826660156,4.371829507235811,4.480384826660156,2321029,0.0,0.0
1986-06-04,4.490253578627332,4.490253578627332,4.421172790964396,4.480384826660156,1503088,0.0,0.0
1986-06-05,4.460649088215507,4.490255355834961,4.440912052576686,4.490255355834961,927337,0.0,0.0
1986-06-06,4.470517727236975,4.569204807281494,4.460648971621775,4.569204807281494,2617916,0.0,0.0
1986-06-09,4.569205274764996,4.579074031389885,4.490255697873402,4.500124454498291,2057024,0.0,0.0
1986-06-10,4.5001223305945075,4.509991082561683,4.450778570758629,4.480384826660156,1808196,0.0,0.0
1986-06-11,4.490255238467372,4.579073562896694,4.460648971621775,4.569204807281494,1944782,0.0,0.0
1986-06-12,4.55933449410851,4.579071998596191,4.549465741864671,4.579071998596191,921329,0.0,0.0
1986-06-13,4.57907425350731,4.687630105539296,4.57907425350731,4.658023834228516,2446233,0.0,0.0
1986-06-16,4.658023769772605,4.707367078500237,4.638286255838538,4.697498321533203,1423096,0.0,0.0
1986-06-17,4.69749839829382,4.806054250597535,4.69749839829382,4.796185493469238,2380153,0.0,0.0
1986-06-18,4.756708536079097,4.756708536079097,4.667890242938366,4.727102279663086,2628033,0.0,0.0
1986-06-19,4.707368172632514,4.727105691154167,4.677761894850035,4.687631130218506,1629241,0.0,0.0
1986-06-20,4.638286320021329,4.658023834228516,4.608680048710549,4.658023834228516,4312605,0.0,0.0
1986-06-23,4.638287333914375,4.71723693189334,4.628418574653549,4.687631130218506,1648212,0.0,0.0
1986-06-24,4.673707008361816,4.713483011618024,4.673707008361816,4.673707008361816,2608430,0.14233,0.0
1986-06-25,4.69359508896638,4.7035392093753945,4.643874486921308,4.653818607330322,1900202,0.0,0.0
1986-06-26,4.6538203684732355,4.6538203684732355,4.604100227355957,4.604100227355957,833749,0.0,0.0
1986-06-27,4.604100552912249,4.6538206975452425,4.574268658029885,4.584212303161621,1235922,0.0,0.0
1986-06-30,4.584210714476895,4.61404307876426,4.564322471618652,4.564322471618652,1057600,0.0,0.0
1986-07-01,4.5543800862386785,4.614044351528121,4.5444359620665145,4.604100227355957,819521,0.0,0.0
1986-07-02,4.604099734835532,4.693596363067627,4.594155611727133,4.693596363067627,1631771,0.0,0.0
1986-07-03,4.673707325253254,4.683651446677392,4.604098955027701,4.623987197875977,1262164,0.0,0.0
1986-07-07,4.6040987887212586,4.6040987887212586,4.335608959197998,4.335608959197998,2271390,0.0,0.0
1986-07-08,4.176502933743012,4.355495608211358,4.166558336572127,4.345551490783691,2551519,0.0,0.0
1986-07-09,4.365440368652344,4.39527272532954,4.345552130867546,4.365440368652344,1261216,0.0,0.0
1986-07-10,4.385329564522709,4.385329564522709,4.216280465905478,4.335608959197998,1212525,0.0,0.0
1986-07-11,4.335609275679033,4.335609275679033,4.256057260839324,4.31572151184082,1443331,0.0,0.0
1986-07-14,4.2759469583356235,4.325667589774269,4.206338554065168,4.226226806640625,1596992,0.0,0.0
1986-07-15,4.20633805804642,4.345554850170645,4.186449807816219,4.285890579223633,2290360,0.0,0.0
1986-07-16,4.285890579223633,4.315722954568933,4.266002328993432,4.285890579223633,1767093,0.0,0.0
1986-07-17,4.285889933148003,4.345554195100939,4.285889933148003,4.325666427612305,1604896,0.0,0.0
1986-07-18,4.3256651606497085,4.534490256193063,4.3256651606497085,4.375385284423828,3952167,0.0,0.0
1986-07-21,4.365440368652344,4.415160483371049,4.355496249759945,4.365440368652344,1308009,0.0,0.0
1986-07-22,4.375385918005547,4.474826659696769,4.36544179586208,4.3952741622924805,1906209,0.0,0.0
1986-07-23,4.4151622418125545,4.4350504875183105,4.395274475850278,4.4350504875183105,898565,0.0,0.0
1986-07-24,4.415161609052483,4.425106210223627,4.335609117374025,4.355497360229492,1146761,0.0,0.0
1986-07-25,4.365441641051496,4.385329884633138,4.295833268259178,4.31572151184082,1401280,0.0,0.0
1986-07-28,4.315722810420738,4.335610580243083,4.206337917551757,4.236170291900635,1183753,0.0,0.0
1986-07-29,4.236170442658422,4.295834713735952,4.19639394211101,4.256058692932129,1481588,0.0,0.0
1986-07-30,4.246114567795276,4.2858905885990985,4.16656156670045,4.256058692932129,2388374,0.0,0.0
1986-07-31,4.2560556875812585,4.295831680297852,4.2560556875812585,4.295831680297852,1377884,0.0,0.0
1986-08-01,4.285891084623353,4.315723463486539,4.216282680352896,4.226226806640625,724037,0.0,0.0
1986-08-04,4.206338405609131,4.246114909356198,4.116841751921859,4.206338405609131,1751284,0.0,0.0
1986-08-05,4.206339292388765,4.226227548455136,4.057178331378435,4.067122459411621,2820267,0.0,0.0
1986-08-06,4.057175318004596,4.077063559299433,3.9975110738634587,4.047231197357178,1485383,0.0,0.0
1986-08-07,4.027347453374125,4.057179365332482,3.9776268005371094,3.9776268005371094,2106031,0.0,0.0
1986-08-08,3.9875698274823668,4.007457842044567,3.927905304052076,3.957737445831299,1360494,0.0,0.0
1986-08-11,3.9577371310250626,4.106898307800293,3.9477932444708417,4.106898307800293,1873327,0.0,0.0
1986-08-12,4.15661858101314,4.186450481414795,4.116842074152712,4.186450481414795,1669712,0.0,0.0
1986-08-13,4.206338067247863,4.2858905885990985,4.19639394211101,4.256058692932129,1934033,0.0,0.0
1986-08-14,4.246114558506821,4.315722954568933,4.23617043339172,4.285890579223633,2235662,0.0,0.0
1986-08-15,4.285888830836323,4.295832951894814,4.196392221053295,4.275944709777832,1657065,0.0,0.0
1986-08-18,4.28588756218289,4.305775798412812,4.246111569466297,4.295831680297852,1676667,0.0,0.0
1986-08-19,4.295834704338733,4.305778829453833,4.266002328993432,4.285890579223633,1203356,0.0,0.0
1986-08-20,4.2659993259529685,4.315719916527773,4.236167451351337,4.295831680297852,1395905,0.0,0.0
1986-08-21,4.3157216648881915,4.3952741622924805,4.285889298457791,4.3952741622924805,1273546,0.0,0.0
1986-08-22,4.375385603084959,4.425106210223627,4.355497360229492,4.355497360229492,1164150,0.0,0.0
1986-08-25,4.3554983187170135,4.3554983187170135,4.2560580420432945,4.325666427612305,1281135,0.0,0.0
1986-08-26,4.325664372826037,4.39527272532954,4.325664372826037,4.365440368652344,1591301,0.0,0.0
1986-08-27,4.365441014806054,4.524545981147887,4.355496894441769,4.474825859069824,3319820,0.0,0.0
1986-08-28,4.474826021556799,4.564322148598366,4.46488190083143,4.49471378326416,1986833,0.0,0.0
1986-08-29,4.554381535784397,4.653821849668319,4.435052487482516,4.544437408447266,1474949,0.0,0.0
1986-09-02,4.494713620055033,4.554378342240741,4.474825859069824,4.474825859069824,2180648,0.0,0.0
1986-09-03,4.454938411344419,4.494714420138543,4.435050167075635,4.48477029800415,3477907,0.0,0.0
1986-09-04,4.504657593437091,4.584210074012295,4.484769353357454,4.57426643371582,2995427,0.0,0.0
1986-09-05,4.594156428036936,4.643876572669929,4.554380408279256,4.584212303161621,2671981,0.0,0.0
1986-09-08,4.574266603544931,4.673706848148352,4.544434242317887,4.653818607330322,1274495,0.0,0.0
1986-09-09,4.653821155272315,4.713485430648909,4.633932903565576,4.643877029418945,2278345,0.0,0.0
1986-09-10,4.643874960980841,4.653819082404978,4.604098955027701,4.623987197875977,2080105,0.0,0.0
1986-09-11,4.584210881219269,4.59415500301009,4.256057260839324,4.31572151184082,4394810,0.0,0.0
1986-09-12,4.365441481657226,4.415161609052483,4.246112984011244,4.355497360229492,4552897,0.0,0.0
1986-09-15,4.395273525830826,4.425105887941324,4.35549704301683,4.375385284423828,1827482,0.0,0.0
1986-09-16,4.375383843066691,4.385327960494358,4.295831383388576,4.345551490783691,1002902,0.0,0.0
1986-09-17,4.355497360229492,4.395273845940427,4.295833111406502,4.355497360229492,2050384,0.0,0.0
1986-09-18,4.3157216648881915,4.3952741622924805,4.295833420601258,4.3952741622924805,1524904,0.0,0.0
1986-09-19,4.3654411637203285,4.415161287494449,4.3256651606497085,4.375385284423828,2493659,0.0,0.0
1986-09-22,4.395274954129001,4.425107325933892,4.385330830194038,4.405219078063965,1501824,0.0,0.0
1986-09-23,4.405218284435947,4.415161926835968,4.375385918005547,4.3952741622924805,1157511,0.0,0.0
1986-09-24,4.40531063079834,4.435415451140301,4.375205810456379,4.40531063079834,1787960,0.15814,0.0
1986-09-25,4.405309133768542,4.405309133768542,4.264820988163691,4.304960250854492,1826217,0.0,0.0
1986-09-26,4.274856746132029,4.335065893797665,4.204612175709865,4.244751930236816,1164783,0.0,0.0
1986-09-29,4.2246809005737305,4.234715836468159,4.1042626380898986,4.2246809005737305,1243510,0.0,0.0
1986-09-30,4.234716178052067,4.36516987107774,4.234716178052067,4.304960250854492,1391479,0.0,0.0
1986-10-01,4.325030930648091,4.415344893696966,4.304961053498388,4.385240077972412,1560632,0.0,0.0
1986-10-02,4.385236219434771,4.435410868160717,4.375201289689581,4.425375938415527,1207782,0.0,0.0
1986-10-03,4.475552685617156,4.485587621152965,4.3651693629725346,4.395273685455322,1565691,0.0,0.0
1986-10-06,4.375201396469322,4.435410976409912,4.375201396469322,4.435410976409912,894138,0.0,0.0
1986-10-07,4.415347099304199,4.435416986479453,4.365172865491093,4.415347099304199,1073725,0.0,0.0
1986-10-08,4.395275016547264,4.435414770846669,4.375205139397561,4.385240077972412,1377884,0.0,0.0
1986-10-09,4.385238120681077,4.395273054776972,4.325029000230277,4.335063934326172,1057600,0.0,0.0
1986-10-10,4.335065465192442,4.345100402832031,4.284891261119235,4.345100402832031,708228,0.0,0.0
1986-10-13,4.345098814837531,4.3752031326293945,4.304959078948961,4.3752031326293945,294041,0.0,0.0
1986-10-14,4.385242268541318,4.415347099304199,4.335068034728212,4.415347099304199,1121783,0.0,0.0
1986-10-15,4.395273603900857,4.555831601245365,4.395273603900857,4.525726795196533,1694373,0.0,0.0
1986-10-16,4.555833329923873,4.555833329923873,4.294926848333414,4.314996242523193,7588161,0.0,0.0
1986-10-17,4.335064786073649,4.375204046219165,4.284890589860588,4.3250298500061035,4205106,0.0,0.0
1986-10-20,4.3049582302179,4.3149931622116355,4.274853918361162,4.294923782348633,1598573,0.0,0.0
1986-10-21,4.294922720191977,4.325027024603765,4.2748528611678855,4.284887790679932,1917275,0.0,0.0
1986-10-22,4.284887790679932,4.294922720191977,4.26481793165584,4.284887790679932,1871114,0.0,0.0
1986-10-23,4.294925525928133,4.335064786073649,4.284890589860588,4.3250298500061035,1311171,0.0,0.0
1986-10-24,4.3149931622116355,4.325028094205371,4.264818986367426,4.294923782348633,1937194,0.0,0.0
1986-10-27,4.294923946501475,4.3752024372706835,4.264819149369657,4.355133056640625,1168893,0.0,0.0
1986-10-28,4.355137921903466,4.435416986479453,4.345102978315839,4.415347099304199,1597940,0.0,0.0
1986-10-29,4.3752038143837035,4.485587621152965,4.3752038143837035,4.395273685455322,1799659,0.0,0.0
1986-10-30,4.465520871871261,4.515695095062256,4.435416047481708,4.515695095062256,2544563,0.0,0.0
1986-10-31,4.4755531371821755,4.5156928833753485,4.465518684758571,4.485588073730469,1693425,0.0,0.0
1986-11-03,4.515692343971554,4.535761730546144,4.475552602573111,4.525726795196533,1557786,0.0,0.0
1986-11-04,4.485590174571488,4.515694998316063,4.4554853508269145,4.505660057067871,1293465,0.0,0.0
1986-11-05,4.485588073730469,4.505657946827055,4.465518684758571,4.485588073730469,1096805,0.0,0.0
1986-11-06,4.485585493683924,4.5558295249938965,4.485585493683924,4.5558295249938965,2554365,0.0,0.0
1986-11-07,4.555832816185389,4.656181712317699,4.545797878159682,4.646146774291992,3794081,0.0,0.0
1986-11-10,4.636111736297607,4.64614667410693,4.595972469185064,4.636111736297607,1748123,0.0,0.0
1986-11-11,4.626076798488284,4.656181611916254,4.61604234480371,4.636111736297607,1057284,0.0,0.0
1986-11-12,4.636111736297607,4.666216549725577,4.606006922869637,4.636111736297607,1861313,0.0,0.0
1986-11-13,4.616041764733593,4.626076217157197,4.4755531371821755,4.485588073730469,2056708,0.0,0.0
1986-11-14,4.475550562907584,4.5558295249938965,4.465516116255654,4.5558295249938965,1114195,0.0,0.0
1986-11-17,4.54579784819657,4.656181681627006,4.495623642523513,4.595972537994385,1731049,0.0,0.0
1986-11-18,4.5959711845500015,4.5959711845500015,4.465517997741699,4.465517997741699,2180964,0.0,0.0
1986-11-19,4.475550562907584,4.5558295249938965,4.465516116255654,4.5558295249938965,1361759,0.0,0.0
1986-11-20,4.565867655757095,4.64614667410693,4.555832717947771,4.636111736297607,1853408,0.0,0.0
1986-11-21,4.646147196258161,4.736461162567139,4.595972985697531,4.736461162567139,3888933,0.0,0.0
1986-11-24,4.736461162567139,4.786635373127769,4.706356345755879,4.736461162567139,2300477,0.0,0.0
1986-11-25,4.776598930358887,4.806703737692155,4.736459671372513,4.776598930358887,3351438,0.0,0.0
1986-11-26,4.756530936502586,4.776600815980931,4.6963217821923955,4.726426601409912,1255208,0.0,0.0
1986-11-28,4.726426223630052,4.736461162567139,4.706356345755879,4.736461162567139,981086,0.0,0.0
1986-12-01,4.696321406818791,4.736461162567139,4.656182135195248,4.736461162567139,1320024,0.0,0.0
1986-12-02,4.766563837084448,4.806703090667725,4.726424099376584,4.806703090667725,4173489,0.0,0.0
1986-12-03,4.81673914822514,4.957227294711443,4.806704211458304,4.917088031768799,5216861,0.0,0.0
1986-12-04,4.897015896468593,4.947190073004312,4.876946032204515,4.927120208740234,2435800,0.0,0.0
1986-12-05,4.927123720016765,4.937158659300126,4.856879629158061,4.897019386291504,1974187,0.0,0.0
1986-12-08,4.886983221468292,4.947192357944607,4.856878411167784,4.917088031768799,2152508,0.0,0.0
1986-12-09,4.897018296501504,4.917088170601845,4.816739284224854,4.836809158325195,1567904,0.0,0.0
1986-12-10,4.8368104143025,4.8769496888014565,4.826774990521712,4.866914749145508,2023193,0.0,0.0
1986-12-11,4.866913075661089,4.876948011866532,4.786634070142213,4.796669006347656,1565374,0.0,0.0
1986-12-12,4.796670738641438,4.836810497959486,4.7866357988119255,4.826775074005127,1196400,0.0,0.0
1986-12-15,4.816736654293855,4.876945759596083,4.79666679115163,4.856875896453857,2094649,0.0,0.0
1986-12-16,4.86691334793462,4.937157421177771,4.856878411167784,4.917088031768799,2633724,0.0,0.0
1986-12-17,4.876945759596083,4.907050070184972,4.856875896453857,4.856875896453857,1436059,0.0,0.0
1986-12-18,4.856880748783893,4.876950631977197,4.816741466522217,4.816741466522217,1026615,0.0,0.0
1986-12-19,4.816740356149439,4.907053841450044,4.8067054168660786,4.897019386291504,4458045,0.0,0.0
1986-12-22,4.8669145684414215,4.907053841450044,4.83681023471616,4.897019386291504,3572759,0.0,0.0
1986-12-23,4.886980964336554,4.937155140872274,4.876946032204515,4.927120208740234,2217324,0.0,0.0
1986-12-24,4.927121639251709,4.957473710366991,4.906886925174854,4.927121639251709,799919,0.15814,0.0
1986-12-26,4.906889747501249,4.917007110358943,4.896772384643555,4.896772384643555,288350,0.0,0.0
1986-12-29,4.896771078377322,4.906888438536101,4.856302125843329,4.876536846160889,917219,0.0,0.0
1986-12-30,4.856302706665092,4.856302706665092,4.825950622558594,4.825950622558594,966226,0.0,0.0
1986-12-31,4.836064466646072,4.856299174666987,4.734891414642334,4.734891414642334,1633352,0.0,0.0
1987-01-02,4.755127277430612,4.876535066938755,4.755127277430612,4.856300354003906,860624,0.0,0.0
1987-01-05,4.8866539869655385,5.1193518191115714,4.8866539869655385,5.089000225067139,3920550,0.0,0.0
1987-01-06,5.068765503636748,5.1193518191115714,5.058648142921553,5.089000225067139,2378888,0.0,0.0
1987-01-07,5.05864570585629,5.180053487847777,5.048528350015256,5.139584064483643,3161734,0.0,0.0
1987-01-08,5.139587302967062,5.200290988162086,5.109235216318937,5.190173625946045,2376991,0.0,0.0
1987-01-09,5.180056751831229,5.2508777992422955,5.180056751831229,5.190173625946045,2118045,0.0,0.0
1987-01-12,5.159821818135063,5.2104081390624435,5.139587094523628,5.149704456329346,1821791,0.0,0.0
1987-01-13,5.169938691839574,5.200290777256726,5.149704456329346,5.149704456329346,1366185,0.0,0.0
1987-01-14,5.149702436140613,5.301461827489918,5.149702436140613,5.281227111816406,3111462,0.0,0.0
1987-01-15,5.311579787066482,5.524042861404884,5.311579787066482,5.483573913574219,3667611,0.0,0.0
1987-01-16,5.4329851155288695,5.524040824702149,5.4329851155288695,5.503806114196777,5058774,0.0,0.0
1987-01-19,5.432986624783288,5.675801753997803,5.422869266720055,5.675801753997803,2013392,0.0,0.0
1987-01-20,5.665681895274856,5.675799248872597,5.574626200996,5.615095615386963,3541142,0.0,0.0
1987-01-21,5.574627876281738,5.645448884648224,5.564510519643532,5.574627876281738,2097178,0.0,0.0
1987-01-22,5.554397501134093,5.635335922241211,5.473459080026975,5.635335922241211,2623290,0.0,0.0
1987-01-23,5.7466243140347,5.989439508391292,5.594864878574475,5.625216960906982,6038911,0.0,0.0
1987-01-26,5.625213985105508,5.665682918705841,5.5442751417030465,5.645448207855225,2585982,0.0,0.0
1987-01-27,5.635330496178108,5.726385705161099,5.625213142268704,5.706151485443115,2930611,0.0,0.0
1987-01-28,5.746622157696176,5.908498893191952,5.746622157696176,5.888264179229736,3572759,0.0,0.0
1987-01-29,5.928735134322742,5.969204084570499,5.79720994779006,5.837679386138916,3161734,0.0,0.0
1987-01-30,5.817443886156038,5.827561244385316,5.67580184714822,5.736505508422852,2841766,0.0,0.0
1987-02-02,5.736504185065551,5.847794611812922,5.716269473274953,5.797207832336426,2401969,0.0,0.0
1987-02-03,5.817442544127024,5.837677255917622,5.766856252751449,5.797207832336426,1745593,0.0,0.0
1987-02-04,5.797209562676777,5.918617381557026,5.776975332947624,5.898382663726807,2083583,0.0,0.0
1987-02-05,5.969200734123059,5.989435441939966,5.878145037047805,5.948966026306152,2664077,0.0,0.0
1987-02-06,5.918617846146017,6.02990782674593,5.908500486436733,6.009673595428467,1807247,0.0,0.0
1987-02-09,6.01979100231011,6.01979100231011,5.908501011814408,5.928735733032227,1559051,0.0,0.0
1987-02-10,5.938854685322483,5.959089411963441,5.736508395115468,5.766860485076904,2259375,0.0,0.0
1987-02-11,5.776972588442268,5.8983798615436775,5.756737880225088,5.8477935791015625,1840761,0.0,0.0
1987-02-12,5.86802901225856,5.969202086158153,5.7668564264599045,5.80732536315918,1838548,0.0,0.0
1987-02-13,5.7972074056783,5.857911536582442,5.746621118025733,5.827559471130371,2334624,0.0,0.0
1987-02-17,5.857915177608137,6.070378303527832,5.847797816168934,6.070378303527832,2480696,0.0,0.0
1987-02-18,6.070374068042278,6.262602825060875,6.009670429863033,6.181663990020752,3635994,0.0,0.0
1987-02-19,6.191780217624642,6.25248384475708,6.151311295569936,6.25248384475708,2849354,0.0,0.0
1987-02-20,6.2221403808719,6.242375112309575,6.1108503341674805,6.1108503341674805,2331462,0.0,0.0
1987-02-23,6.110842297591001,6.171545435868473,5.95908298759506,6.141193866729736,2386793,0.0,0.0
1987-02-24,6.151315300024787,6.23225368492517,6.151315300024787,6.212018966674805,1769306,0.0,0.0
1987-02-25,6.22213486623446,6.333425302404288,6.212017509482569,6.2929558753967285,2399440,0.0,0.0
1987-02-26,6.282838821411133,6.353659833986224,6.24236988055436,6.282838821411133,1854357,0.0,0.0
1987-02-27,6.303073535890012,6.323307762267905,6.272721464171693,6.282838821411133,1323186,0.0,0.0
1987-03-02,6.292958007491609,6.313192727851043,6.2120196141549995,6.222136974334717,2098759,0.0,0.0
1987-03-03,6.242370349378816,6.252487219277083,6.171548843383789,6.171548843383789,2531916,0.0,0.0
1987-03-04,6.232252523314921,6.292956178650572,6.171548379878283,6.282838821411133,2437381,0.0,0.0
1987-03-05,6.303075960097379,6.333428043489323,6.282841237836084,6.313193321228027,2487020,0.0,0.0
1987-03-06,6.272720964013767,6.363776683807373,6.232252026383802,6.363776683807373,2218589,0.0,0.0
1987-03-09,6.343545468172877,6.535774370169651,6.333428594263609,6.515539646148682,2693165,0.0,0.0
1987-03-10,6.515537485061691,6.576241148889066,6.485185897198532,6.55600643157959,3128219,0.0,0.0
1987-03-11,6.586356513487107,6.6167085802620615,6.495300801263151,6.60659122467041,2306485,0.0,0.0
1987-03-12,6.566122290404711,6.657177514527761,6.545887579221408,6.60659122467041,2082002,0.0,0.0
1987-03-13,6.606587343285097,6.606587343285097,6.495296985261179,6.576235294342041,1873327,0.0,0.0
1987-03-16,6.51553791030774,6.535772628937865,6.475068473047492,6.525655269622803,1503088,0.0,0.0
1987-03-17,6.51553791030774,6.535772628937865,6.48518632046364,6.525655269622803,1553360,0.0,0.0
1987-03-18,6.556007680586552,6.576242401751013,6.475069284029857,6.545890808105469,2250206,0.0,0.0
1987-03-19,6.535773447523239,6.556007680586552,6.495304005194318,6.545890808105469,1210944,0.0,0.0
1987-03-20,6.535769101640965,6.677411079406738,6.5155343939313335,6.677411079406738,2781377,0.0,0.0
1987-03-23,6.687530979545861,6.960697685231096,6.677413621838851,6.879759311676025,2545196,0.0,0.0
1987-03-24,6.819053349599253,6.879756987230525,6.808935995310567,6.8291707038879395,2608747,0.0,0.0
1987-03-25,6.717219352722168,6.859705747957045,6.696864013114128,6.717219352722168,2385528,0.15814,0.0
1987-03-26,6.727395002210547,6.7782828449377295,6.6052639832610875,6.645974159240723,2221118,0.0,0.0
1987-03-27,6.666328890283474,6.686684223438285,6.544197873375692,6.57473087310791,1422148,0.0,0.0
1987-03-30,6.350825571557002,6.452601776610954,6.340647901950538,6.391535758972168,2738061,0.0,0.0
1987-03-31,6.452602141144468,6.472956990496633,6.411891460418701,6.411891460418701,2683996,0.0,0.0
1987-04-01,6.371181184416696,6.381358363449586,6.330470504242286,6.340648174285889,2445601,0.0,0.0
1987-04-02,6.391534378641013,6.472955226898193,6.3813567112325424,6.472955226898193,2573651,0.0,0.0
1987-04-03,6.462775226164467,6.80881382907609,6.452598053440956,6.757925510406494,2303639,0.0,0.0
1987-04-06,6.839346781476819,6.910589941314358,6.818991452663111,6.859702110290527,2294786,0.0,0.0
1987-04-07,6.859705747957045,6.951304285182523,6.717219352722168,6.717219352722168,2626136,0.0,0.0
1987-04-08,6.818994522094727,6.910593051977187,6.768106668164764,6.818994522094727,2168317,0.0,0.0
1987-04-09,6.818997012909024,6.859707703732151,6.737576613284451,6.798642158508301,1781953,0.0,0.0
1987-04-10,6.778283064429232,6.818993241727127,6.747750554208452,6.788460731506348,1987466,0.0,0.0
1987-04-13,6.778280837874332,6.829169156543929,6.7375706739490635,6.757925510406494,2690319,0.0,0.0
1987-04-14,6.595086980992087,6.645975323645691,6.4627782721139955,6.605265140533447,3888933,0.0,0.0
1987-04-15,6.747747279082087,6.757924450208982,6.595082838034028,6.676504135131836,2220169,0.0,0.0
1987-04-16,6.798639810247489,6.910593189320536,6.768106802676292,6.88006067276001,4015402,0.0,0.0
1987-04-20,6.961482759574378,6.961482759574378,6.849528869801556,6.920772075653076,2018451,0.0,0.0
1987-04-21,6.900416095423926,7.042901992797852,6.829172901231625,7.042901992797852,2803509,0.0,0.0
1987-04-22,7.022547059404254,7.063257245155179,6.869883003569611,6.88006067276001,2852516,0.0,0.0
1987-04-23,6.900415702686029,6.951303555352621,6.707040978733814,6.849527359008789,2109193,0.0,0.0
1987-04-24,6.80881606566058,6.829171399814812,6.717217552977104,6.788460731506348,1857202,0.0,0.0
1987-04-27,6.7070366305331826,6.778279774483434,6.656148810857384,6.676504135131836,3288203,0.0,0.0
1987-04-28,6.696861467438486,6.768104637974283,6.645973628773064,6.656151294708252,2554997,0.0,0.0
1987-04-29,6.707039668715453,6.737572668958094,6.6256188257456285,6.645974159240723,1716821,0.0,0.0
1987-04-30,6.645976155104729,6.747752362134228,6.645976155104729,6.717219352722168,1778159,0.0,0.0
1987-05-01,6.737572306884854,6.869880985471669,6.686683975881827,6.8088154792785645,1948893,0.0,0.0
1987-05-04,6.778280837874332,6.829169156543929,6.7172153464812245,6.757925510406494,1188496,0.0,0.0
1987-05-05,6.7782838506713325,6.961480897288093,6.7782838506713325,6.910592555999756,2003275,0.0,0.0
1987-05-06,6.9309504624517615,6.992016003629716,6.890240265336728,6.961483478546143,2215743,0.0,0.0
1987-05-07,6.961483729184148,7.053082289754355,6.961483729184148,7.002193927764893,2106031,0.0,0.0
1987-05-08,7.002191806549684,7.05308015312324,6.9309486123573825,7.042901992797852,1800291,0.0,0.0
1987-05-11,7.103968563149075,7.246454962654704,6.941126823425293,6.941126823425293,2355808,0.0,0.0
1987-05-12,6.951304993819763,7.053081211224639,6.9411273229782,7.022548198699951,1523639,0.0,0.0
1987-05-13,7.032722221033861,7.0937877233923,6.971656227664926,7.0836100578308105,1300105,0.0,0.0
1987-05-14,7.15485768083403,7.15485768083403,7.053081943867887,7.063259124755859,1911584,0.0,0.0
1987-05-15,7.002194139591416,7.032727157708761,6.757931467685173,6.798642158508301,2837972,0.0,0.0
1987-05-18,6.757925935174706,6.788458928295609,6.574729449480601,6.76810359954834,2293838,0.0,0.0
1987-05-19,6.788461168593822,6.798638836326246,6.432245253011992,6.615441799163818,2030782,0.0,0.0
1987-05-20,6.595088020351583,6.635798700890307,6.493312301026208,6.503489971160889,2968236,0.0,0.0
1987-05-21,6.55437707901001,6.584910085911793,6.493311556217104,6.55437707901001,1591933,0.0,0.0
1987-05-22,6.564554691314697,6.595087206942276,6.523844506807707,6.564554691314697,1621653,0.0,0.0
1987-05-26,6.605262788119408,6.6968607902526855,6.605262788119408,6.6968607902526855,2026355,0.0,0.0
1987-05-27,6.676507159483364,6.686684335220359,6.574730983018446,6.645974159240723,2043112,0.0,0.0
1987-05-28,6.645976917104748,6.6968647809487365,6.503490505532972,6.666331768035889,1835703,0.0,0.0
1987-05-29,6.70704056354028,6.757928413056704,6.656152714023857,6.747751235961914,2857259,0.0,0.0
1987-06-01,6.778285657705573,6.778285657705573,6.635799246133798,6.666331768035889,1827166,0.0,0.0
1987-06-02,6.656148810857384,6.717214292670409,6.605260991181584,6.676504135131836,1412663,0.0,0.0
1987-06-03,6.696862895434872,6.778283749267521,6.686685227329464,6.747751235961914,2317551,0.0,0.0
1987-06-04,6.747751955306165,6.88006067276001,6.737574286115766,6.88006067276001,1860680,0.0,0.0
1987-06-05,6.859703910035591,6.869881577112707,6.788460731506348,6.788460731506348,1484750,0.0,0.0
1987-06-08,6.778283752218527,6.869882274196462,6.737573570789788,6.839349269866943,1047166,0.0,0.0
1987-06-09,6.859705027744237,6.920770549146276,6.818994352802445,6.849527359008789,2190765,0.0,0.0
1987-06-10,6.880062520489585,6.920772717173759,6.81899648894712,6.89024019241333,2139861,0.0,0.0
1987-06-11,6.900415702686029,6.910592880410828,6.788461837606749,6.849527359008789,1330774,0.0,0.0
1987-06-12,6.880061882742533,6.930949746633402,6.880061882742533,6.920772075653076,1886923,0.0,0.0
1987-06-15,6.890239553722858,6.951305088594053,6.890239553722858,6.920772075653076,2200883,0.0,0.0
1987-06-16,6.900417166286026,6.930949687957764,6.890239495391862,6.930949687957764,1396222,0.0,0.0
1987-06-17,6.9513042318253335,6.9513042318253335,6.880061034754748,6.900416374206543,2167368,0.0,0.0
1987-06-18,6.880061882742533,6.941127417613727,6.880061882742533,6.920772075653076,885918,0.0,0.0
1987-06-19,6.910594404672751,6.961482759574378,6.900417224703183,6.920772075653076,2858207,0.0,0.0
1987-06-22,6.9614790531139334,7.103965388953789,6.951301387552443,7.0836100578308105,2978986,0.0,0.0
1987-06-23,7.103968200748321,7.103968200748321,7.012369665450148,7.093790531158447,2022245,0.0,0.0
1987-06-24,7.067164897918701,7.108133736332023,7.0364378985109735,7.067164897918701,1544823,0.17396,0.0
1987-06-25,7.0774063378035095,7.128617502889296,7.0774063378035095,7.108132839202881,1634300,0.0,0.0
1987-06-26,7.097887054873111,7.169582843780518,7.05691775028032,7.169582843780518,1788909,0.0,0.0
1987-06-29,7.10813247272895,7.190070629119873,7.10813247272895,7.190070629119873,1115776,0.0,0.0
1987-06-30,7.149100522838989,7.179827511303795,7.046677722086438,7.056920051574707,1649793,0.0,0.0
1987-07-01,7.056918269065252,7.077402922867564,6.954495494183706,6.99546480178833,2271390,0.0,0.0
1987-07-02,7.015952975319769,7.046679973602295,7.005711136689222,7.046679973602295,962748,0.0,0.0
1987-07-06,7.097889369527782,7.097889369527782,6.974981909798694,7.056920051574707,1945731,0.0,0.0
1987-07-07,7.056922564782792,7.07740723105461,7.026196059505378,7.067164897918701,1505301,0.0,0.0
1987-07-08,7.046675049172166,7.046675049172166,6.923768130193736,6.9647369384765625,1959326,0.0,0.0
1987-07-09,6.995463619212934,7.118370532989502,6.995463619212934,7.118370532989502,3026095,0.0,0.0
1987-07-10,7.0876490700602055,7.097891897326428,6.8315927181837335,7.067164897918701,1647896,0.0,0.0
1987-07-13,7.0671623888449995,7.0671623888449995,6.964739587979666,6.98522424697876,1934349,0.0,0.0
1987-07-14,7.015948901512608,7.10812934870536,7.015948901512608,7.0978875160217285,2043429,0.0,0.0
1987-07-15,7.00570673506263,7.077402525212365,7.00570673506263,7.036433219909668,2480064,0.0,0.0
1987-07-16,7.046680231646883,7.067164897918701,6.995469060097651,7.067164897918701,2020664,0.0,0.0
1987-07-17,7.077404710551244,7.128615863862451,7.046677722086438,7.056920051574707,3477907,0.0,0.0
1987-07-20,7.097890635544031,7.2310399543804476,7.087647810098662,7.190070629119873,3667611,0.0,0.0
1987-07-21,7.179828791934955,7.312978110771372,7.149101797989524,7.190070629119873,4205106,0.0,0.0
1987-07-22,7.231037960611377,7.251522617593557,7.138857498321654,7.149099826812744,2664077,0.0,0.0
1987-07-23,7.149099826812744,7.210553303629196,7.087645855866203,7.149099826812744,2055127,0.0,0.0
1987-07-24,7.128613488186348,7.2003092765808105,7.118371162111429,7.2003092765808105,1062659,0.0,0.0
1987-07-27,7.200312679865469,7.26176617123149,7.200312679865469,7.241281509399414,1369663,0.0,0.0
1987-07-28,7.272008785510796,7.2822511168259405,7.190070629119873,7.190070629119873,1581499,0.0,0.0
1987-07-29,7.210551534262723,7.241278018066063,7.1490980725260735,7.231036186218262,1676984,0.0,0.0
1987-07-30,7.241278994755792,7.528062678424265,7.220794834167357,7.44612455368042,5058774,0.0,0.0
1987-07-31,7.466608806098461,7.5690310859122345,7.466608806098461,7.558789253234863,2719091,0.0,0.0
1987-08-03,7.497336787558972,7.620244239628526,7.476852623989135,7.528063774108887,2495873,0.0,0.0
1987-08-04,7.507581580869376,7.517823913081525,7.446128081726749,7.497339248657227,1940356,0.0,0.0
1987-08-05,7.538300283912416,7.620238357331558,7.517815642025199,7.589511394500732,2103501,0.0,0.0
1987-08-06,7.620241641998291,7.630483967356803,7.569030015205736,7.620241641998291,1404758,0.0,0.0
1987-08-07,7.620243967661199,7.661213281598886,7.5895169822079325,7.650970458984375,2415565,0.0,0.0
1987-08-10,7.620247212749956,7.794365882873535,7.620247212749956,7.794365882873535,2067458,0.0,0.0
1987-08-11,7.814850829645324,7.94800017317342,7.753396830358217,7.927515506744385,3477907,0.0,0.0
1987-08-12,7.927515506744385,7.999211345115691,7.8865466680166305,7.927515506744385,2384896,0.0,0.0
1987-08-13,7.937753287600353,8.070902554766388,7.937753287600353,8.05041790008545,2116781,0.0,0.0
1987-08-14,8.009449139874327,8.060660282798434,7.988964485052669,8.019691467285156,2171163,0.0,0.0
1987-08-17,8.029935077700634,8.07090439641102,7.947997428540152,8.009450912475586,1792071,0.0,0.0
1987-08-18,7.94799663552002,7.988965456012551,7.825089185782232,7.87630033493042,2185390,0.0,0.0
1987-08-19,7.835329532623291,7.896782994883519,7.784118396428097,7.835329532623291,2094332,0.0,0.0
1987-08-20,7.876300906047632,8.111872999818985,7.8558167413810915,8.101631164550781,2256213,0.0,0.0
1987-08-21,8.122113447082093,8.265505028446848,8.081144141475027,8.173324584960938,3446290,0.0,0.0
1987-08-24,8.234781001088866,8.337203313560954,8.214296340942383,8.214296340942383,2157883,0.0,0.0
1987-08-25,8.255261074724368,8.490832559007949,8.245018750341622,8.439621925354004,3063088,0.0,0.0
1987-08-26,8.460115340163,8.552295366861296,8.316722650226618,8.449872016906738,2959067,0.0,0.0
1987-08-27,8.398656467842315,8.408898796908039,8.28599134224945,8.296233177185059,2135119,0.0,0.0
1987-08-28,8.214295799672223,8.234780458468897,8.091388835152445,8.101631164550781,1642521,0.0,0.0
1987-08-31,8.070902958706972,8.12211459797241,8.050418303000797,8.081145286560059,1874908,0.0,0.0
1987-09-01,8.101625613158554,8.29622776186123,7.886538325565889,7.907022476196289,2245147,0.0,0.0
1987-09-02,7.845571041107178,7.937751471956451,7.804601741116425,7.845571041107178,2997324,0.0,0.0
1987-09-03,7.947993796954139,7.947993796954139,7.681694829404008,7.845571041107178,2538240,0.0,0.0
1987-09-04,7.866059825292568,7.866059825292568,7.681698866698849,7.722667694091797,1333303,0.0,0.0
1987-09-08,7.681696892440005,7.9889647483724024,7.589516436834274,7.968480587005615,4774218,0.0,0.0
1987-09-09,7.988970101503785,7.999212436115238,7.866063074427117,7.937758922576904,3193351,0.0,0.0
1987-09-10,8.009451221868042,8.234781001088866,7.968482395705242,8.214296340942383,3983785,0.0,0.0
1987-09-11,8.214292885065134,8.419138412088028,8.193808727666811,8.27574634552002,4141871,0.0,0.0
1987-09-14,8.296237323452681,8.306480645898016,8.224541972421157,8.285995483398438,2489865,0.0,0.0
1987-09-15,8.234776159949327,8.245018484001212,8.06065763932702,8.070899963378906,2021929,0.0,0.0
1987-09-16,8.02993356523603,8.173325659583863,7.947995931508775,7.968480587005615,3032735,0.0,0.0
1987-09-17,7.99921366848809,8.040183013245711,7.948002481671525,7.958244323730469,2639415,0.0,0.0
1987-09-18,8.009450718389006,8.08114653026469,7.9684818948015295,8.029934883117676,3351438,0.0,0.0
1987-09-21,7.988966253120393,8.214296023637083,7.988966253120393,8.009450912475586,2207523,0.0,0.0
1987-09-22,8.009454436935494,8.357691328560325,7.907031589219784,8.285995483398438,3604376,0.0,0.0
1987-09-23,8.316716194152832,8.347443175286557,8.23477856605627,8.316716194152832,3351438,0.0,0.0
1987-09-24,8.34143392513892,8.732760984904047,8.331136289144009,8.660675048828125,3107352,0.17396,0.0
1987-09-25,8.619483730132496,8.763656616210938,8.526800521739009,8.763656616210938,2346955,0.0,0.0
1987-09-28,8.856339814792266,8.88723422102209,8.76365758974766,8.846041679382324,3604376,0.0,0.0
1987-09-29,8.846039614276563,8.918126545317477,8.712164878845215,8.712164878845215,2763039,0.0,0.0
1987-09-30,8.701862335205078,8.773949229707961,8.650371696274448,8.701862335205078,2461726,0.0,0.0
1987-10-01,8.773956899815161,8.866639137268066,8.732764352660535,8.866639137268066,2192979,0.0,0.0
1987-10-02,8.866635250178359,9.010808108369867,8.866635250178359,8.979913711547852,2396278,0.0,0.0
1987-10-05,9.03140557035176,9.03140557035176,8.949021494881345,9.000511169433594,1728836,0.0,0.0
1987-10-06,8.959323562280675,8.969621700441655,8.825447766187924,8.887236595153809,2401969,0.0,0.0
1987-10-07,8.856333258352835,8.866631386138963,8.619478306560202,8.701862335205078,2439594,0.0,0.0
1987-10-08,8.743055513194907,8.753353641766486,8.444411771907532,8.485604286193848,2951795,0.0,0.0
1987-10-09,8.485606626642948,8.51650002723431,8.320837020874023,8.320837020874023,2373830,0.0,0.0
1987-10-12,8.300240333976276,8.434115033833969,8.176663267565788,8.362028121948242,1566955,0.0,0.0
1987-10-13,8.465010974707775,8.681269762676315,8.413520313932144,8.650375366210938,2591041,0.0,0.0
1987-10-14,8.567995589480457,8.578293726788099,8.21786140513325,8.238457679748535,3276821,0.0,0.0
1987-10-15,8.217860971278721,8.382629669034605,8.0633899134643,8.073687553405762,4709719,0.0,0.0
1987-10-16,8.114873795922493,8.156065814153285,7.249836444854736,7.249836444854736,8344448,0.0,0.0
1987-10-19,7.043874249948614,7.126258273426553,5.725722421971066,5.84929895401001,10668638,0.0,0.0
1987-10-20,6.590759139887741,6.96148972964864,5.262309184769941,5.84929895401001,8484513,0.0,0.0
1987-10-21,6.384804219191523,6.776130942221261,6.178842969057849,6.508381366729736,6211226,0.0,0.0
1987-10-22,6.096456302852369,6.240629178751486,5.849302588387163,6.199437141418457,5159949,0.0,0.0
1987-10-23,5.93168576939099,6.178839425919319,5.766916665038771,5.839003086090088,5349337,0.0,0.0
1987-10-26,5.51976510258892,5.5300632376206,4.9224772453308105,4.9224772453308105,4580088,0.0,0.0
1987-10-27,5.499167496932025,5.51976326331011,5.004860161057477,5.30350399017334,5519439,0.0,0.0
1987-10-28,5.025457027666117,5.437379360198975,5.015158894829448,5.437379360198975,6864756,0.0,0.0
1987-10-29,5.602148435443029,5.808110096454631,5.560956401334091,5.715427398681641,3793132,0.0,0.0
1987-10-30,6.075860735098827,6.302418208562835,6.075860735098827,6.096457004547119,4821328,0.0,0.0
1987-11-02,6.096456777449112,6.281821705111541,6.0449666025688344,6.158245086669922,2616335,0.0,0.0
1987-11-03,6.014073371887207,6.1376500144179635,5.859602320312522,6.014073371887207,2471211,0.0,0.0
1987-11-04,5.890495581105619,6.2097352615501995,5.890495581105619,6.158245086669922,3804830,0.0,0.0
1987-11-05,6.178837636368715,6.590759781123768,6.168539508226526,6.477481365203857,3479804,0.0,0.0
1987-11-06,6.477485890277088,6.6525531973494925,6.477485890277088,6.498082160949707,2874964,0.0,0.0
1987-11-09,6.302417396997458,6.374504330783809,6.178840789865529,6.312715530395508,2594203,0.0,0.0
1987-11-10,6.127347655903521,6.353905505800006,6.075857506466394,6.261222839355469,3118102,0.0,0.0
1987-11-11,6.364206155977286,6.384802424247226,6.158244963744991,6.189139366149902,2124053,0.0,0.0
1987-11-12,6.364207485837182,6.498082760743903,6.353909846372797,6.42599630355835,4465317,0.0,0.0
1987-11-13,6.446591521092519,6.570168142665535,6.43629288966864,6.539273738861084,3234454,0.0,0.0
1987-11-16,6.611363272195487,6.652555829841087,6.539276793138314,6.6422576904296875,1711763,0.0,0.0
1987-11-17,6.601058928446395,6.601058928446395,6.446587987734056,6.518673896789551,2622974,0.0,0.0
1987-11-18,6.559873071961114,6.683450248075287,6.446594532080969,6.6422576904296875,2230919,0.0,0.0
1987-11-19,6.59076452255249,6.704043516787955,6.528976702893059,6.59076452255249,2374146,0.0,0.0
1987-11-20,6.48778204982134,6.642253039178461,6.477483917621228,6.611358642578125,3912646,0.0,0.0
1987-11-23,6.570168748273494,6.673149110135799,6.539274341621337,6.59076452255249,1781637,0.0,0.0
1987-11-24,6.693739732972512,6.827614885343818,6.693739732972512,6.796720504760742,2676091,0.0,0.0
1987-11-25,6.776125834080449,6.93059677943936,6.776125834080449,6.848212242126465,1710814,0.0,0.0
1987-11-27,6.796725740356972,6.837917782709756,6.631956577301025,6.631956577301025,1208415,0.0,0.0
1987-11-30,6.384800079028768,6.446588861142784,6.2200314838579605,6.3950982093811035,4651543,0.0,0.0
1987-12-01,6.518675105510911,6.518675105510911,6.30241584777832,6.30241584777832,2368455,0.0,0.0
1987-12-02,6.343608371244842,6.395098528755778,6.240627559400754,6.30241584777832,1968495,0.0,0.0
1987-12-03,6.343610128104523,6.384802166156944,6.086158275604248,6.086158275604248,2621393,0.0,0.0
1987-12-04,5.900793660531317,6.034668920161703,5.828707211571456,5.952284336090088,3148454,0.0,0.0
1987-12-07,6.014070170801532,6.30241584777832,6.014070170801532,6.30241584777832,1947312,0.0,0.0
1987-12-08,6.261223508445115,6.415694470085776,6.199435223153289,6.3950982093811035,2534446,0.0,0.0
1987-12-09,6.374504975888652,6.714340928304287,6.364206344626035,6.693744659423828,3838345,0.0,0.0
1987-12-10,6.55986967400946,6.971792552980093,6.549571539932398,6.673148155212402,4465000,0.0,0.0
1987-12-11,6.7143410591776025,6.7761293702009455,6.673148520613776,6.745234966278076,2053230,0.0,0.0
1987-12-14,6.673145406535661,7.126260138353661,6.673145406535661,7.115962505340576,2957170,0.0,0.0
1987-12-15,7.198346969292885,7.291029639984866,7.188048839569092,7.188048839569092,4501677,0.0,0.0
1987-12-16,7.188051595933554,7.270436168493321,7.167455328588024,7.260138034820557,2026355,0.0,0.0
1987-12-17,7.291032435838851,7.363118874725854,7.13656142439208,7.260138034820557,3378629,0.0,0.0
1987-12-18,7.311627388000488,7.363118050601165,7.270435354742241,7.311627388000488,4080217,0.0,0.0
1987-12-21,7.321931473365128,7.414614244576591,7.301335191579758,7.3322296142578125,1793968,0.0,0.0
1987-12-22,7.363118547078302,7.496993285222321,7.311627881005735,7.435204982757568,3794081,0.0,0.0
1987-12-23,7.4455013096852145,7.651462433542104,7.4455013096852145,7.641164302825928,2636570,0.0,0.0
1987-12-24,7.634951870511641,7.645311436793545,7.5727949726063155,7.624592304229736,949469,0.17396,0.0
1987-12-28,7.5727926826762815,7.583151746039618,7.313805103302002,7.313805103302002,2338102,0.0,0.0
1987-12-29,7.36560543773741,7.407043707316233,7.334527235339446,7.344886302947998,973182,0.0,0.0
1987-12-30,7.3863261786847945,7.479561805725098,7.3863261786847945,7.479561805725098,1560632,0.0,0.0
1987-12-31,7.427764994756081,7.50028149262833,7.38632721016608,7.45884370803833,1755711,0.0,0.0
1988-01-04,7.531351930188162,7.686744326275949,7.531351930188162,7.645306587219238,2525593,0.0,0.0
1988-01-05,7.769625232604194,7.790344365168003,7.593513605384024,7.624592304229736,2868641,0.0,0.0
1988-01-06,7.60387309925569,7.624592231622194,7.396683274948937,7.448480606079102,2378256,0.0,0.0
1988-01-07,7.396686781260163,7.45884370803833,7.3552484968838305,7.45884370803833,2039318,0.0,0.0
1988-01-08,7.375966684574601,7.448483173062751,6.754396497655436,6.857991695404053,3383055,0.0,0.0
1988-01-11,6.982299143242663,7.0444560050964355,6.826906738715327,7.0444560050964355,3883558,0.0,0.0
1988-01-12,6.982301989270053,7.034099311963455,6.837269085899716,6.97194242477417,2477851,0.0,0.0
1988-01-13,6.94086609020841,6.982304362275149,6.847630977630615,6.847630977630615,2777267,0.0,0.0
1988-01-14,6.847627991645302,6.909784872855019,6.723314229225869,6.816549301147461,2377308,0.0,0.0
1988-01-15,6.992663582140259,7.023742284642964,6.868349771701761,6.878708839416504,4110254,0.0,0.0
1988-01-18,6.90978788594454,6.90978788594454,6.826911841597246,6.847630977630615,1298524,0.0,0.0
1988-01-19,6.837265968322754,6.920141946714982,6.754389989930527,6.837265968322754,1995686,0.0,0.0
1988-01-20,6.764752500864652,6.764752500864652,6.381451121002854,6.453967571258545,3604376,0.0,0.0
1988-01-21,6.485049484990154,6.6093633186597485,6.391813859844832,6.547206401824951,2863898,0.0,0.0
1988-01-22,6.547203999322714,6.619720458984375,6.3918115143640035,6.619720458984375,2382366,0.0,0.0
1988-01-25,6.63007816103929,6.7751115503155885,6.619719097320808,6.744032859802246,2671981,0.0,0.0
1988-01-26,6.723315861340817,6.7440344935829515,6.5368446726589875,6.557563304901123,1694057,0.0,0.0
1988-01-27,6.57827805394381,6.598997172167266,6.360728811954789,6.412526607513428,3920550,0.0,0.0
1988-01-28,6.474683895245035,6.516122137660834,6.433246152615062,6.505762577056885,2188236,0.0,0.0
1988-01-29,6.588644179786065,6.599003749222907,6.526487262951267,6.547206401824951,2296051,0.0,0.0
1988-02-01,6.609360831367136,6.619720396905375,6.547203937923766,6.567923069000244,1677616,0.0,0.0
1988-02-02,6.578283442336798,6.733675956726074,6.5472052393306415,6.733675956726074,3604376,0.0,0.0
1988-02-03,6.7233180826787535,6.764755860639868,6.516127693514426,6.547206401824951,2285617,0.0,0.0
1988-02-04,6.54720380272541,6.6300793257478325,6.526484672076778,6.609360694885254,2052914,0.0,0.0
1988-02-05,6.630082046648863,6.650801185800366,6.505768211312365,6.526487350463867,2032995,0.0,0.0
1988-02-08,6.464330326573346,6.536846812625751,6.464330326573346,6.495408535003662,1481905,0.0,0.0
1988-02-09,6.4954086417366135,6.536846920039618,6.433251724068364,6.526487350463867,1643153,0.0,0.0
1988-02-10,6.588638033146071,6.837265968322754,6.578278473373819,6.837265968322754,3541142,0.0,0.0
1988-02-11,6.816550532931119,6.878707425372887,6.754393640489351,6.8061909675598145,2616967,0.0,0.0
1988-02-12,6.795828229019533,6.9408605664737,6.7751091094750295,6.837265968322754,1912849,0.0,0.0
1988-02-16,6.826909059809749,6.899425506591797,6.7647521768231345,6.899425506591797,1497081,0.0,0.0
1988-02-17,6.940867968177427,7.034103605767881,6.878711043045897,6.920149326324463,2405131,0.0,0.0
1988-02-18,6.889065942796364,6.9408632619875466,6.806189932218884,6.899425506591797,1455346,0.0,0.0
1988-02-19,6.878704040295836,7.054815565369699,6.878704040295836,7.0444560050964355,1860996,0.0,0.0
1988-02-22,7.05481806392894,7.272367407358091,7.044458499986697,7.220570087432861,2114568,0.0,0.0
1988-02-23,7.272367003012401,7.272367003012401,7.075536798411553,7.199850559234619,2621710,0.0,0.0
1988-02-24,7.220575002254964,7.220575002254964,7.1273393630981445,7.1273393630981445,1971973,0.0,0.0
1988-02-25,7.06518005486041,7.189493865298908,6.878708839416504,6.878708839416504,2536975,0.0,0.0
1988-02-26,6.961585911822439,6.98230504989624,6.92014813546107,6.98230504989624,1487596,0.0,0.0
1988-02-29,7.013385081740286,7.14805850508551,7.003025510746602,7.1273393630981445,1663388,0.0,0.0
1988-03-01,7.127336047326242,7.1480551796746745,7.023741385156268,7.054819583892822,2382683,0.0,0.0
1988-03-02,7.085901333566934,7.230934322884209,7.085901333566934,7.189496040344238,2479115,0.0,0.0
1988-03-03,7.251650275554914,7.313807172247754,7.241290709475091,7.272368907928467,2692216,0.0,0.0
1988-03-04,7.282727164443226,7.365603178393114,7.2309298431442945,7.303446292877197,1973238,0.0,0.0
1988-03-07,7.303449435312554,7.313809003986923,7.230932954378181,7.293089866638184,1588771,0.0,0.0
1988-03-08,7.334532563720598,7.386329938537659,7.293094264037735,7.375970363616943,2148082,0.0,0.0
1988-03-09,7.3759627426101,7.386322306827086,7.272367600226239,7.303446292877197,2070619,0.0,0.0
1988-03-10,7.282726619557718,7.313805309883404,7.137693730943113,7.179131984710693,2217640,0.0,0.0
1988-03-11,7.158413643577657,7.179132772735705,7.003021174464339,7.096256256103516,2885714,0.0,0.0
1988-03-14,7.085894246189491,7.106613366736018,6.982299143242663,7.0444560050964355,1396854,0.0,0.0
1988-03-15,7.003020487096978,7.054817805122017,6.951223169071939,7.01338005065918,2584085,0.0,0.0
1988-03-16,7.054818737496602,7.158413887023926,6.992661847694621,7.158413887023926,3451032,0.0,0.0
1988-03-17,7.18949084529653,7.313805103302002,7.158412655634624,7.313805103302002,2609063,0.0,0.0
1988-03-18,7.313805103302002,7.375961982411764,7.241288661042955,7.313805103302002,4236723,0.0,0.0
1988-03-21,7.230929574961178,7.282726894339032,7.179132255583324,7.241289138793945,1564742,0.0,0.0
1988-03-22,7.241288812699614,7.28272656637865,7.179131932288081,7.199850559234619,1570117,0.0,0.0
1988-03-23,7.220569685967117,7.220569685967117,7.127334115456837,7.199850559234619,1309590,0.0,0.0
1988-03-24,7.085899443926374,7.0962585120125405,6.878709086051877,6.940865993499756,2528438,0.0,0.0
1988-03-25,6.9387781907987645,6.98051546893012,6.730093310319456,6.740527629852295,1858783,0.18977,0.0
1988-03-28,6.69879231641733,6.907477761494719,6.69879231641733,6.855306148529053,2016554,0.0,0.0
1988-03-29,6.959647173983531,7.001384454178583,6.938778533886006,6.990949630737305,2243250,0.0,0.0
1988-03-30,6.990950859551902,7.011819503317555,6.782265932073187,6.824003219604492,2141126,0.0,0.0
1988-03-31,6.771828657236542,6.803131103515625,6.6361830453860255,6.803131103515625,3224968,0.0,0.0
1988-04-04,6.782269585490663,6.865743702125824,6.667492989737864,6.688361644744873,2679569,0.0,0.0
1988-04-05,6.7822626360079,6.8031312696317485,6.698788604904864,6.792696952819824,1654535,0.0,0.0
1988-04-06,6.813563809780587,7.1057225907634995,6.750958428625995,7.095288276672363,2881920,0.0,0.0
1988-04-07,7.116160532170359,7.1787659452367665,7.095291893350729,7.13702917098999,2714348,0.0,0.0
1988-04-08,7.147464464773759,7.293544463321303,7.147464464773759,7.28311014175415,2482910,0.0,0.0
1988-04-11,7.27267402610059,7.36658239364624,7.189199977548064,7.36658239364624,2333676,0.0,0.0
1988-04-12,7.32484545331215,7.387451370139615,7.314411637233393,7.345714092254639,1174584,0.0,0.0
1988-04-13,7.366579720668812,7.387448351082838,7.23093462976221,7.262237071990967,1793652,0.0,0.0
1988-04-14,7.126598710685758,7.147466857413159,6.907479394602372,6.95965051651001,3193351,0.0,0.0
1988-04-15,6.9596473482641565,6.9700816685742115,6.86573896886619,6.949213027954102,2751973,0.0,0.0
1988-04-18,6.949210638455141,6.949210638455141,6.886605241514322,6.917908191680908,1445545,0.0,0.0
1988-04-19,6.949209649500135,7.168328759305932,6.949209649500135,7.074420928955078,2997640,0.0,0.0
1988-04-20,7.053555658097773,7.126595396155289,7.01181837726918,7.043121337890625,3157940,0.0,0.0
1988-04-21,7.084856924628171,7.105725561535233,6.761395066138459,6.876172065734863,3920550,0.0,0.0
1988-04-22,6.8970408711645135,6.917909508581481,6.782263868763644,6.8657379150390625,2473424,0.0,0.0
1988-04-25,6.907478749250041,7.032689631487264,6.87617577699438,6.970084190368652,1957113,0.0,0.0
1988-04-26,6.980516330667221,7.011818789737503,6.855304984208441,6.9283447265625,2197721,0.0,0.0
1988-04-27,6.92834200501075,6.959644955177337,6.886605241514322,6.917908191680908,2050384,0.0,0.0
1988-04-28,6.865741512652624,6.938781278492025,6.865741512652624,6.9074788093566895,1067085,0.0,0.0
1988-04-29,6.907473114138182,6.917907429711095,6.803130461801355,6.813564777374268,1975135,0.0,0.0
1988-05-02,6.855303596330579,6.8970408711645135,6.8344349589136115,6.8657379150390625,1235606,0.0,0.0
1988-05-03,6.8761709091013685,7.011816019395674,6.8761709091013685,6.980513572692871,2976140,0.0,0.0
1988-05-04,6.990952335146384,7.001387162624313,6.928346894027771,6.970084190368652,1691528,0.0,0.0
1988-05-05,6.949215353731143,7.032689440756325,6.844873122494186,7.0118207931518555,2261588,0.0,0.0
1988-05-06,6.990948006741518,7.06398823011563,6.980514192509044,7.001382827758789,1636830,0.0,0.0
1988-05-09,6.990950148095614,7.00138497230911,6.876173625850329,6.9283447265625,1375038,0.0,0.0
1988-05-10,6.886604309082031,6.949209697546208,6.86573567846321,6.886604309082031,2549306,0.0,0.0
1988-05-11,6.813567534120819,6.813567534120819,6.698790519772683,6.730093479156494,2278029,0.0,0.0
1988-05-12,6.7613959312438965,6.792698890609633,6.730093475270662,6.7613959312438965,2089906,0.0,0.0
1988-05-13,6.813565420072768,6.844868369744198,6.792696786958482,6.803131103515625,1694057,0.0,0.0
1988-05-16,6.824004719341273,6.9074788093566895,6.813570395165256,6.9074788093566895,1352906,0.0,0.0
1988-05-17,6.980512315322803,6.980512315322803,6.84486722946167,6.84486722946167,2321977,0.0,0.0
1988-05-18,6.876178029629329,6.917915339643346,6.677926813848494,6.688361644744873,2063980,0.0,0.0
1988-05-19,6.688356259511676,6.7300930325278125,6.604881706694464,6.667487621307373,2492395,0.0,0.0
1988-05-20,6.688358982932524,6.740530096294274,6.677924156188965,6.677924156188965,1736108,0.0,0.0
1988-05-23,6.688356316992862,6.698790132792215,6.531842535900415,6.604881763458252,1737689,0.0,0.0
1988-05-24,6.60488247795167,6.709225177764893,6.584014340703048,6.709225177764893,1962488,0.0,0.0
1988-05-25,6.740528138726618,6.76139627597524,6.677922216803167,6.709225177764893,1682675,0.0,0.0
1988-05-26,6.709227126241619,6.750964419645159,6.646621689528985,6.677924156188965,1349744,0.0,0.0
1988-05-27,6.657052541743287,6.657052541743287,6.61531577349491,6.625749588012695,991520,0.0,0.0
1988-05-31,6.646618732338257,6.88660655245603,6.646618732338257,6.8657379150390625,2686841,0.0,0.0
1988-06-01,6.938781218112992,7.022255307402044,6.928346894027771,6.970084190368652,4331575,0.0,0.0
1988-06-02,6.949213368204388,6.990950148095614,6.9179109091341076,6.9283447265625,2619496,0.0,0.0
1988-06-03,6.949212853934768,7.001384454178583,6.938778533886006,6.990949630737305,1570117,0.0,0.0
1988-06-06,6.990950514057782,7.074425084995062,6.94921373198172,7.053556442260742,1464199,0.0,0.0
1988-06-07,7.074425084995062,7.126596188438285,7.053556442260742,7.053556442260742,2360867,0.0,0.0
1988-06-08,7.053553381824083,7.220500941084734,7.043119064984225,7.1891984939575195,2842082,0.0,0.0
1988-06-09,7.189202480584986,7.230939771088993,7.178768157958984,7.178768157958984,1952054,0.0,0.0
1988-06-10,7.1787632165814115,7.3352769414526415,7.1787632165814115,7.251802921295166,3193351,0.0,0.0
1988-06-13,7.262240240786966,7.293543200066694,7.220502961747328,7.272674560546875,1256157,0.0,0.0
1988-06-14,7.40832112709093,7.523098163002482,7.335281378199069,7.512663841247559,5456836,0.0,0.0
1988-06-15,7.481359620033804,7.512662580043522,7.4500571634165995,7.502228260040283,2709606,0.0,0.0
1988-06-16,7.470926932511586,7.491795072279373,7.387452863262666,7.4604926109313965,2679569,0.0,0.0
1988-06-17,7.460492735865543,7.512663841247559,7.40832112709093,7.512663841247559,3954064,0.0,0.0
1988-06-20,7.450055985970272,7.460490304324416,7.293542217442975,7.303976535797119,3189241,0.0,0.0
1988-06-21,7.345719855670409,7.42919397354126,7.251811410141593,7.42919397354126,2340631,0.0,0.0
1988-06-22,7.512662712997373,7.617005411483836,7.502228392809474,7.554399490356445,4219966,0.0,0.0
1988-06-23,7.5439673239840905,7.596138432944738,7.470927570082132,7.481361389160156,3128536,0.0,0.0
1988-06-24,7.489765416206617,7.50027006284621,7.426737536369066,7.458251476287842,2212581,0.18977,0.0
1988-06-27,7.489764753979238,7.489764753979238,7.311186790466309,7.311186790466309,1516368,0.0,0.0
1988-06-28,7.332191131415098,7.542282383427882,7.311181854178332,7.521273612976074,1692160,0.0,0.0
1988-06-29,7.5317827041656855,7.5738012863066535,7.447746046669042,7.542287349700928,1712711,0.0,0.0
1988-06-30,7.563294523817835,7.647331157792764,7.531780596032806,7.636826515197754,3091227,0.0,0.0
1988-07-01,7.6893469359911935,7.6893469359911935,7.573796915359693,7.59480619430542,1798710,0.0,0.0
1988-07-05,7.584304076925458,7.74187270784646,7.56329479099328,7.731368064880371,1977032,0.0,0.0
1988-07-06,7.731370456232489,7.8049024729537715,7.542287837929006,7.605315208435059,3756456,0.0,0.0
1988-07-07,7.563291660664647,7.57379629928303,7.479255058502543,7.521273612976074,2715297,0.0,0.0
1988-07-08,7.489762831386729,7.542285539673037,7.374212265014648,7.374212265014648,1777527,0.0,0.0
1988-07-11,7.426737536369066,7.50027006284621,7.405728749875227,7.458251476287842,1507515,0.0,0.0
1988-07-12,7.479262846135661,7.479262846135661,7.3111894668084005,7.353208065032959,1829379,0.0,0.0
1988-07-13,7.405726194057535,7.4372401231004215,7.269166341656863,7.374212265014648,3224336,0.0,0.0
1988-07-14,7.374212977549524,7.42673569091085,7.332194908217508,7.405726909637451,2125634,0.0,0.0
1988-07-15,7.437243071409821,7.584307118339489,7.426737917445849,7.573802471160889,3604376,0.0,0.0
1988-07-18,7.5422868532443,7.5422868532443,7.447745556435415,7.479259490966797,2031730,0.0,0.0
1988-07-19,7.458251620164892,7.468756267007128,7.353206165313232,7.416233539581299,1621969,0.0,0.0
1988-07-20,7.437245791662463,7.447749935897695,7.3532090902817,7.36371374130249,1917908,0.0,0.0
1988-07-21,7.363708498610822,7.384717278909361,7.290175993817752,7.300680637359619,1556522,0.0,0.0
1988-07-22,7.290177642401118,7.3111869342358435,7.1326089672113,7.143113613128662,1918224,0.0,0.0
1988-07-25,7.174628257751465,7.206142198608422,7.111600882822911,7.174628257751465,1713660,0.0,0.0
1988-07-26,7.174627242832507,7.269168038458967,7.153617951899832,7.227149963378906,1359229,0.0,0.0
1988-07-27,7.227150971437768,7.227150971437768,7.027564200094423,7.0485734939575195,1749071,0.0,0.0
1988-07-28,7.069579917987457,7.132607271724133,7.027561851091402,7.111598491668701,1849298,0.0,0.0
1988-07-29,7.143111997802005,7.342699211527088,7.122103217503466,7.300680637359619,2405131,0.0,0.0
1988-08-01,7.321689556728341,7.374212265014648,7.311184913714045,7.374212265014648,1337730,0.0,0.0
1988-08-02,7.437240283166595,7.47925834934293,7.363708287269122,7.395221710205078,2139861,0.0,0.0
1988-08-03,7.395227187579303,7.426740633856116,7.342704439260911,7.36371374130249,1440802,0.0,0.0
1988-08-04,7.405726353445457,7.426735133141034,7.363708287269122,7.395221710205078,1898621,0.0,0.0
1988-08-05,7.374216857359752,7.405730806028171,7.342703415476819,7.353208065032959,928285,0.0,0.0
1988-08-08,7.353203485771227,7.4372401231004215,7.332194199742636,7.374212265014648,1337413,0.0,0.0
1988-08-09,7.374209492412999,7.384714131477694,7.227145559077224,7.269163608551025,2064612,0.0,0.0
1988-08-10,7.227151539285202,7.248160834799029,7.08008748425921,7.122106075286865,5223500,0.0,0.0
1988-08-11,7.132608629057701,7.143113274477043,7.017058543015508,7.101095199584961,2377624,0.0,0.0
1988-08-12,7.059077003122365,7.111600233085277,7.027563571929932,7.027563571929932,1051276,0.0,0.0
1988-08-15,7.017058835798293,7.027563481655936,6.954031467437744,6.954031467437744,1561580,0.0,0.0
1988-08-16,6.943526821580101,7.027563481655936,6.912012884007173,6.954031467437744,3213586,0.0,0.0
1988-08-17,6.975038179054175,6.985542821789338,6.922515472163519,6.933020114898682,2310279,0.0,0.0
1988-08-18,6.922514915466309,6.99604690191397,6.901505631685516,6.922514915466309,1448074,0.0,0.0
1988-08-19,6.943526496669488,6.96453578740168,6.848985195159912,6.848985195159912,1947944,0.0,0.0
1988-08-22,6.869994485892103,6.912012560571202,6.838480549793816,6.848985195159912,2112038,0.0,0.0
1988-08-23,6.880496546806043,6.880496546806043,6.82797384262085,6.82797384262085,2040899,0.0,0.0
1988-08-24,6.806963853789792,7.02756030346568,6.806963853789792,6.975037097930908,1804401,0.0,0.0
1988-08-25,6.912010273575913,6.943524199247102,6.838478287128251,6.922514915466309,1593198,0.0,0.0
1988-08-26,6.922519501980591,6.97504223944639,6.91201485313034,6.964538097381592,673449,0.0,0.0
1988-08-29,6.985541550968302,7.111596734072933,6.985541550968302,7.069578170776367,935557,0.0,0.0
1988-08-30,7.09058705677241,7.101091697010396,7.048569002605502,7.080082416534424,1189444,0.0,0.0
1988-08-31,7.111601786206501,7.111601786206501,7.017060458411448,7.038069248199463,876749,0.0,0.0
1988-09-01,6.99604690191397,6.99604690191397,6.869992212799442,6.922514915466309,1590668,0.0,0.0
1988-09-02,7.006554920085081,7.174628257751465,6.996050273132762,7.174628257751465,1969128,0.0,0.0
1988-09-06,7.164118231474032,7.279668754400701,7.164118231474032,7.269163608551025,1843291,0.0,0.0
1988-09-07,7.311180781920357,7.32168541899813,7.237648829160833,7.279667377471924,1417721,0.0,0.0
1988-09-08,7.2691691432792185,7.2691691432792185,7.174628333283771,7.18513298034668,1189444,0.0,0.0
1988-09-09,7.164122047431897,7.258663342586441,7.101094686257285,7.216644763946533,1871746,0.0,0.0
1988-09-12,7.18512975730806,7.279671031680428,7.18512975730806,7.25866174697876,1369663,0.0,0.0
1988-09-13,7.227148560981854,7.311185201620318,7.185130494055219,7.290175914764404,1501824,0.0,0.0
1988-09-14,7.342700727598696,7.353205373309492,7.279673360119221,7.311186790466309,2023826,0.0,0.0
1988-09-15,7.290180362152135,7.332198961497484,7.248162269592285,7.248162269592285,1459140,0.0,0.0
1988-09-16,7.237651163551605,7.353201701891232,7.237651163551605,7.332192420959473,3161734,0.0,0.0
1988-09-19,7.27967059195844,7.321688652038574,7.227147383376886,7.321688652038574,1531860,0.0,0.0
1988-09-20,7.300683649250964,7.395224973345521,7.300683649250964,7.384720325469971,1267539,0.0,0.0
1988-09-21,7.395224973345521,7.395224973345521,7.3637115365042725,7.384720325469971,1142967,0.0,0.0
1988-09-22,7.374215677594419,7.395224973345521,7.3427022407531695,7.384720325469971,1423413,0.0,0.0
1988-09-23,7.374215677594419,7.426738410186771,7.353206888628721,7.384720325469971,2382999,0.0,0.0
1988-09-26,7.32753520179575,7.3487131850339225,7.295768737792969,7.295768737792969,1234973,0.2214,0.0
1988-09-27,7.295772238879658,7.316950232280701,7.2216497728307285,7.23223876953125,1195135,0.0,0.0
1988-09-28,7.221652092649672,7.306363582611084,7.211063092547635,7.306363582611084,1301370,0.0,0.0
1988-09-29,7.295771413998235,7.444016329335086,7.274593422991638,7.433427333831787,1932768,0.0,0.0
1988-09-30,7.42283660503379,7.496959040292748,7.359302651222246,7.36989164352417,1805982,0.0,0.0
1988-10-03,7.380482867169959,7.433427333831787,7.348715880660063,7.433427333831787,1277340,0.0,0.0
1988-10-04,7.444016898994498,7.560495347589725,7.422839417221942,7.518139362335205,2174324,0.0,0.0
1988-10-05,7.518139362335205,7.592261825675911,7.496961880562649,7.518139362335205,2500299,0.0,0.0
1988-10-06,7.560497530737422,7.613442016738967,7.5499085313661425,7.5816755294799805,2789598,0.0,0.0
1988-10-07,7.624026159741622,7.761682042174209,7.602848174489062,7.687559604644775,4536772,0.0,0.0
1988-10-10,7.698152315340382,7.740508306302685,7.67697431985923,7.719330310821533,1322553,0.0,0.0
1988-10-11,7.687566088002284,7.78286659115656,7.676977086445703,7.751099586486816,2306169,0.0,0.0
1988-10-12,7.676975179129318,7.6981531769808855,7.592263698577881,7.592263698577881,2836708,0.0,0.0
1988-10-13,7.571083991525164,7.655795447236806,7.5604949957043734,7.645206451416016,2651430,0.0,0.0
1988-10-14,7.676975502111791,7.70874250022563,7.571086530108701,7.5816755294799805,1666550,0.0,0.0
1988-10-17,7.5604949957043734,7.666383932202916,7.5604949957043734,7.645206451416016,849558,0.0,0.0
1988-10-18,7.6452105926309155,7.78286659115656,7.6346215910743345,7.751099586486816,1491390,0.0,0.0
1988-10-19,7.814625556341855,7.835803026813227,7.708736160567265,7.761680603027344,2881920,0.0,0.0
1988-10-20,7.7616853567685,7.878163814544678,7.7616853567685,7.878163814544678,2317235,0.0,0.0
1988-10-21,7.814630342509829,7.878163814544678,7.814630342509829,7.878163814544678,2927765,0.0,0.0
1988-10-24,7.835811088084511,7.856989091197674,7.751099586486816,7.751099586486816,1722513,0.0,0.0
1988-10-25,7.761680603027344,7.782858584353148,7.72991414189307,7.761680603027344,1076570,0.0,0.0
1988-10-26,7.761682216542492,7.772271209406656,7.708737763076207,7.740504741668701,1226753,0.0,0.0
1988-10-27,7.708745926521639,7.708745926521639,7.602856396599119,7.624034404754639,1690579,0.0,0.0
1988-10-28,7.63461971282959,7.666386198829287,7.613441714926569,7.63461971282959,1527434,0.0,0.0
1988-10-31,7.6134390156190985,7.6452060012107985,7.5710835456848145,7.5710835456848145,1862894,0.0,0.0
1988-11-01,7.571081549070753,7.592259023025734,7.486369609832764,7.486369609832764,2805406,0.0,0.0
1988-11-02,7.496958470789859,7.496958470789859,7.348713100678822,7.401658058166504,2229022,0.0,0.0
1988-11-03,7.391072306479554,7.391072306479554,7.295771852082095,7.316949844360352,2611276,0.0,0.0
1988-11-04,7.2957687832574,7.465191628509603,7.285179791572328,7.412247180938721,2665658,0.0,0.0
1988-11-07,7.369891118626326,7.369891118626326,7.285179697098754,7.327535152435303,2849987,0.0,0.0
1988-11-08,7.369891168272095,7.380480159891182,7.253412771316624,7.295768737792969,2553732,0.0,0.0
1988-11-09,7.295772846195724,7.3275393280868775,7.200472378812733,7.242828369140625,2880339,0.0,0.0
1988-11-10,7.253416855867832,7.295772846195724,7.211061376394706,7.242828369140625,1895776,0.0,0.0
1988-11-11,7.179294728322011,7.189883214804123,7.0734052658081055,7.0734052658081055,2323874,0.0,0.0
1988-11-14,7.11575984954834,7.168704829575242,7.073404376381507,7.11575984954834,1621653,0.0,0.0
1988-11-15,7.105172814335043,7.158117294311523,7.094583305313995,7.158117294311523,1306428,0.0,0.0
1988-11-16,7.17928996147565,7.17928996147565,6.946333707305254,6.967511177062988,2976140,0.0,0.0
1988-11-17,7.020459875153808,7.052226352170214,6.956925899411622,6.999281883239746,1671925,0.0,0.0
1988-11-18,7.031045913696289,7.041634905968718,7.009868440005939,7.031045913696289,1499294,0.0,0.0
1988-11-21,7.020457217413018,7.073401666300258,6.97810124961963,7.0522236824035645,1810409,0.0,0.0
1988-11-22,7.062813143082717,7.158113566088055,7.02045768333286,7.126346588134766,1674454,0.0,0.0
1988-11-23,7.126350651000301,7.168706645752629,7.105173164478956,7.147528648376465,1095857,0.0,0.0
1988-11-25,7.083994263144971,7.094582749627084,7.06281626847124,7.0734052658081055,862205,0.0,0.0
1988-11-28,7.0734052658081055,7.136938738974547,7.06281626847124,7.0734052658081055,1332355,0.0,0.0
1988-11-29,7.083991128384909,7.147524573436958,7.073402135733813,7.126346588134766,1285877,0.0,0.0
1988-11-30,7.189882782729163,7.2428277662317715,7.179294296883365,7.23223876953125,2119310,0.0,0.0
1988-12-01,7.2216497728307285,7.264005759632815,7.189882782729163,7.23223876953125,1023769,0.0,0.0
1988-12-02,7.200469025837911,7.221647011140104,7.11575759548367,7.126346588134766,1834754,0.0,0.0
1988-12-05,7.1475238768347165,7.295768737792969,7.13693488521563,7.295768737792969,1859732,0.0,0.0
1988-12-06,7.3275402921979165,7.369896288098741,7.27459580817672,7.359307289123535,1681410,0.0,0.0
1988-12-07,7.3593056083121215,7.3593056083121215,7.25341615359927,7.264005661010742,1600153,0.0,0.0
1988-12-08,7.232237210665686,7.2640041939200675,7.200470227411304,7.221648216247559,1013336,0.0,0.0
1988-12-09,7.200470227411304,7.232237210665686,7.189881232993177,7.221648216247559,1653271,0.0,0.0
1988-12-12,7.253416855867832,7.285183848613751,7.242828369140625,7.242828369140625,788853,0.0,0.0
1988-12-13,7.24282930436028,7.24282930436028,7.158117823621017,7.200473308563232,1344053,0.0,0.0
1988-12-14,7.20047242232972,7.20047242232972,7.1475279449546445,7.168705940246582,1544507,0.0,0.0
1988-12-15,7.168702558739151,7.221647011140104,7.11575759548367,7.126346588134766,1172371,0.0,0.0
1988-12-16,7.1369357008509136,7.211058139801025,7.115757715192443,7.211058139801025,2461726,0.0,0.0
1988-12-19,7.221649013376696,7.306360467217592,7.211060017789751,7.285182476043701,2112354,0.0,0.0
1988-12-20,7.316950132939811,7.338128126053324,7.25341615359927,7.264005661010742,1845504,0.0,0.0
1988-12-21,7.274589750181157,7.306356720652476,7.232234300407137,7.253411769866943,1670976,0.0,0.0
1988-12-22,7.2640041939200675,7.274592677483581,7.211059221829432,7.221648216247559,7080070,0.0,0.0
1988-12-23,7.249404430389404,7.270757746406888,7.174668339412059,7.249404430389404,815095,0.2214,0.0
1988-12-27,7.249408570404036,7.249408570404036,7.217379093170166,7.217379093170166,889080,0.0,0.0
1988-12-28,7.2600795371397995,7.388198375701904,7.238726740768608,7.388198375701904,1897040,0.0,0.0
1988-12-29,7.388205988131787,7.537678807241714,7.377529836487899,7.5163254737854,1262164,0.0,0.0
1988-12-30,7.505645553243458,7.526998877442773,7.441586095729554,7.494968891143799,912476,0.0,0.0
1989-01-03,7.484295543001069,7.484295543001069,7.345499398884504,7.441588878631592,1347531,0.0,0.0
1989-01-04,7.430908801976664,7.49496825404529,7.388202157208245,7.4629387855529785,1570117,0.0,0.0
1989-01-05,7.4736188769086995,7.484295543001069,7.420235546446852,7.441588878631592,1545139,0.0,0.0
1989-01-06,7.46293941992887,7.559028863741748,7.452262757829212,7.494968891143799,1788277,0.0,0.0
1989-01-09,7.505644145170406,7.516320805267102,7.3882013991906925,7.398878574371338,2662496,0.0,0.0
1989-01-10,7.430908039577479,7.430908039577479,7.345495273887855,7.398878574371338,1968179,0.0,0.0
1989-01-11,7.409555677498662,7.473615646362305,7.409555677498662,7.473615646362305,1140437,0.0,0.0
1989-01-12,7.49497196448242,7.612414780652439,7.484295813089015,7.559031963348389,2636886,0.0,0.0
1989-01-13,7.601736853136773,7.665796326291778,7.601736853136773,7.644443511962891,1676984,0.0,0.0
1989-01-16,7.644442793641584,7.708502260777147,7.6124128025317415,7.655118942260742,1212525,0.0,0.0
1989-01-17,7.6230854988098145,7.633762156956442,7.591055524369931,7.6230854988098145,1375670,0.0,0.0
1989-01-18,7.633766633699446,7.751208912017443,7.580383311660214,7.708502769470215,2090538,0.0,0.0
1989-01-19,7.729851198892943,7.836617267330404,7.729851198892943,7.8259406089782715,2456351,0.0,0.0
1989-01-20,7.79391850933283,7.815271331118152,7.740535167158648,7.76188850402832,1532492,0.0,0.0
1989-01-23,7.80459348528334,7.825946302438144,7.697827339172363,7.697827339172363,1194187,0.0,0.0
1989-01-24,7.719183333196469,7.847302340641179,7.665799984190825,7.815272331237793,2418410,0.0,0.0
1989-01-25,7.847297265756713,7.900680065155029,7.825943939963753,7.900680065155029,2871803,0.0,0.0
1989-01-26,7.9006835294391955,8.114215850830078,7.89000686186122,8.114215850830078,3692589,0.0,0.0
1989-01-27,8.11421434636242,8.37045226038716,8.11421434636242,8.21030330657959,5661084,0.0,0.0
1989-01-30,8.135565199650804,8.274361303859195,8.135565199650804,8.1569185256958,3113043,0.0,0.0
1989-01-31,8.167597480203288,8.327746440303661,8.135567482149519,8.30639362335205,3289784,0.0,0.0
1989-02-01,8.295715894727515,8.423835363402391,8.263686413871948,8.402482032775879,3215799,0.0,0.0
1989-02-02,8.402486709323261,8.402486709323261,8.306397698192376,8.37045669555664,2936302,0.0,0.0
1989-02-03,8.359776166874331,8.41315898014611,8.338422835531933,8.391805648803711,2178435,0.0,0.0
1989-02-06,8.359776166874331,8.40248231447491,8.338422835531933,8.391805648803711,1642837,0.0,0.0
1989-02-07,8.3704495024258,8.573305051788529,8.3704495024258,8.519922256469727,3457672,0.0,0.0
1989-02-08,8.519923093943348,8.583982557639503,8.466540293377236,8.487893104553223,3234454,0.0,0.0
1989-02-09,8.423840051834341,8.477222893027553,8.306397698192376,8.37045669555664,3328041,0.0,0.0
1989-02-10,8.285037726826392,8.338420525308052,8.124888816297338,8.146242141723633,2432322,0.0,0.0
1989-02-13,8.114215850830078,8.178275341213618,8.092862515674128,8.114215850830078,2457932,0.0,0.0
1989-02-14,8.17826570200755,8.188942357001626,8.124882942120879,8.13555908203125,2800031,0.0,0.0
1989-02-15,8.12488928203512,8.231654885118495,8.12488928203512,8.220978736877441,1393692,0.0,0.0
1989-02-16,8.242331784480518,8.263685111742333,8.199625645041007,8.23165512084961,1352274,0.0,0.0
1989-02-17,8.242332178327187,8.306392163173637,8.231655514186112,8.253008842468262,2111406,0.0,0.0
1989-02-21,8.263686851882067,8.285040183640396,8.210303522486244,8.27436351776123,1628925,0.0,0.0
1989-02-22,8.242334831597159,8.253011499175134,8.114215850830078,8.114215850830078,2266331,0.0,0.0
1989-02-23,8.103536046887864,8.146242700670731,8.092859383442146,8.124889373779297,2049436,0.0,0.0
1989-02-24,8.124888502631498,8.13556464984841,8.018122394705868,8.028799057006836,2433586,0.0,0.0
1989-02-27,8.00744315314978,8.0394731297356,7.94338371506203,8.018119812011719,1816416,0.0,0.0
1989-02-28,8.018120677136487,8.050150142094274,7.9433845721230565,7.964737892150879,2229338,0.0,0.0
1989-03-01,8.00745062900457,8.018127297834381,7.922037793450464,7.932714462280273,2605901,0.0,0.0
1989-03-02,7.943388997711595,8.018125144363605,7.911358999824634,7.996771812438965,1977981,0.0,0.0
1989-03-03,7.996771812438964,8.028801810325925,7.975418480514324,7.996771812438965,1422780,0.0,0.0
1989-03-06,8.039476744649818,8.092859547878962,8.007446753661858,8.082182884216309,1726623,0.0,0.0
1989-03-07,8.071508690550472,8.103538691340068,8.018125870985422,8.060832023620605,1382942,0.0,0.0
1989-03-08,8.028800080987164,8.135565687445453,8.028800080987164,8.082182884216309,1405707,0.0,0.0
1989-03-09,8.08218253236061,8.135565333265749,8.028799731455473,8.03947639465332,1223275,0.0,0.0
1989-03-10,8.007445335388184,8.018121997159794,7.954062541614166,8.007445335388184,2215743,0.0,0.0
1989-03-13,8.007448478401285,8.060831293128654,7.996771812438964,7.996771812438965,1745277,0.0,0.0
1989-03-14,8.018127297834381,8.02880396666419,7.922037793450464,7.932714462280273,2379521,0.0,0.0
1989-03-15,7.943388997711595,8.007448478401285,7.911358999824634,7.996771812438965,2548041,0.0,0.0
1989-03-16,8.028800471644079,8.124889934199254,8.007447143279784,8.103536605834961,2140494,0.0,0.0
1989-03-17,7.91135311126709,7.964736401344582,7.804587561279804,7.91135311126709,3668876,0.0,0.0
1989-03-20,7.90068191083761,7.90068191083761,7.7832396217087405,7.847299098968506,1965018,0.0,0.0
1989-03-21,7.836624667987824,7.836624667987824,7.697829008503653,7.76188850402832,2726679,0.0,0.0
1989-03-22,7.793916819163819,7.793916819163819,7.655120674694277,7.697827339172363,2097810,0.0,0.0
1989-03-23,7.719181523747949,7.761887677857324,7.665798187255859,7.665798187255859,1958062,0.0,0.0
1989-03-27,7.64855817803784,7.691648921876711,7.637785492078122,7.670103549957275,1394008,0.25303,0.0
1989-03-28,7.702423172442951,7.723968029022217,7.670105107998974,7.723968029022217,1739586,0.0,0.0
1989-03-29,7.767061829454622,7.831697463989258,7.756289137079363,7.831697463989258,1317178,0.0,0.0
1989-03-30,7.842466882805897,7.928647866117869,7.831694194927312,7.87478494644165,1546720,0.0,0.0
1989-03-31,7.907104969024658,7.9394230427912555,7.885559586513593,7.907104969024658,1736424,0.0,0.0
1989-04-03,7.917874777590546,7.950192839590988,7.842466485972859,7.896329402923584,1595411,0.0,0.0
1989-04-04,7.896331221602122,7.917876601231404,7.853240982060359,7.864013671875,1843291,0.0,0.0
1989-04-05,7.874788233490297,7.885560406148634,7.820924771613998,7.831697463989258,1621969,0.0,0.0
1989-04-06,7.831695420680072,7.831695420680072,7.745514423879757,7.767059803009033,1480008,0.0,0.0
1989-04-07,7.7455153465271,7.767060728222865,7.691652412004534,7.7455153465271,2480064,0.0,0.0
1989-04-10,7.756287113444395,7.810150041550797,7.756287113444395,7.767059803009033,1604580,0.0,0.0
1989-04-11,7.788605806134197,7.853241428983616,7.777833115706489,7.842468738555908,1471471,0.0,0.0
1989-04-12,7.874789292110584,7.8963341600404915,7.842471210640235,7.885561466217041,1751917,0.0,0.0
1989-04-13,7.907104969024658,7.971740596840984,7.885559586513593,7.907104969024658,2448130,0.0,0.0
1989-04-14,7.993285825129015,8.090239524841309,7.95019558065514,8.090239524841309,2228074,0.0,0.0
1989-04-17,8.090237600900378,8.165645900584444,8.068692223928723,8.07946491241455,1880283,0.0,0.0
1989-04-18,8.165653221826162,8.187198618115202,8.122562429248081,8.15488052368164,1669712,0.0,0.0
1989-04-19,8.165647549962832,8.208737792893205,8.154874859301028,8.197965621948242,1703542,0.0,0.0
1989-04-20,8.23028889097608,8.262606985409642,8.068699458242682,8.15488052368164,3284725,0.0,0.0
1989-04-21,8.18719445233601,8.241057395935059,8.165649067009618,8.241057395935059,2781061,0.0,0.0
1989-04-24,8.230282426525683,8.31646342427404,8.208737047159397,8.28414535522461,1758240,0.0,0.0
1989-04-25,8.316465724860501,8.338011110186894,8.219512530325602,8.241057395935059,1218532,0.0,0.0
1989-04-26,8.284144819416104,8.294918028119243,8.251827272173726,8.273372650146484,990255,0.0,0.0
1989-04-27,8.273373936864024,8.284146107808986,8.197965621948242,8.197965621948242,1927709,0.0,0.0
1989-04-28,8.230283130625507,8.230283130625507,8.144102125504375,8.165647506713867,1388001,0.0,0.0
1989-05-01,8.111785586000703,8.230284158011408,8.101012894051204,8.219511985778809,1202724,0.0,0.0
1989-05-02,8.23028889097608,8.262606985409642,8.144107825537121,8.15488052368164,1407920,0.0,0.0
1989-05-03,8.144100523612787,8.165645900584444,8.014829301216315,8.07946491241455,2405131,0.0,0.0
1989-05-04,8.068694142745942,8.1225570782675,8.057921971415116,8.090239524841309,1444912,0.0,0.0
1989-05-05,8.122553862556352,8.122553862556352,7.917874372833351,7.939419746398926,1842026,0.0,0.0
1989-05-08,7.950195734046789,7.950195734046789,7.820923958697266,7.907104969024658,1880915,0.0,0.0
1989-05-09,7.9178795476873916,7.960969803264198,7.853243904463684,7.885561466217041,1427839,0.0,0.0
1989-05-10,7.939424935334291,7.939424935334291,7.864016598287134,7.885561466217041,1497713,0.0,0.0
1989-05-11,7.907103911416764,7.907103911416764,7.8424682922457185,7.864013671875,1263113,0.0,0.0
1989-05-12,7.993281404417542,8.025599459686982,7.982508719327728,8.014826774597168,2800031,0.0,0.0
1989-05-15,8.057918209922319,8.111781120300293,8.047145004186785,8.111781120300293,1996951,0.0,0.0
1989-05-16,8.101009279218419,8.11178196636093,8.025600988937507,8.04714584350586,1851511,0.0,0.0
1989-05-17,8.057923316955566,8.079468182931713,8.02560523841593,8.057923316955566,1920437,0.0,0.0
1989-05-18,8.06869535275778,8.241057395935059,8.047149967431388,8.241057395935059,3298321,0.0,0.0
1989-05-19,8.25182780589197,8.294918564624545,8.241055116208827,8.28414535522461,5913074,0.0,0.0
1989-05-22,8.370325811590378,8.381099020293517,8.273372650146484,8.273372650146484,2631195,0.0,0.0
1989-05-23,8.23027962707516,8.251824999112996,8.111781120300293,8.111781120300293,2439594,0.0,0.0
1989-05-24,8.101013568624804,8.122558434600949,7.939424215360508,8.057923316955566,2719407,0.0,0.0
1989-05-25,8.036373676080018,8.101009279218419,8.004055614652483,8.04714584350586,1338678,0.0,0.0
1989-05-26,8.036373370943885,8.133326512111898,8.036373370943885,8.122553825378418,1123996,0.0,0.0
1989-05-30,8.133326820929282,8.144099508071795,8.036373676080018,8.04714584350586,1361443,0.0,0.0
1989-05-31,8.047146172492283,8.047146172492283,7.960965191545577,7.982510566711426,2413035,0.0,0.0
1989-06-01,7.982508449285212,8.101007461547852,7.9501909148256225,8.101007461547852,2890141,0.0,0.0
1989-06-02,8.133330137509486,8.133330137509486,7.9825134954481936,8.036376953125,2141126,0.0,0.0
1989-06-05,8.04714846000742,8.068693841297847,7.896331830408109,7.92864990234375,1641256,0.0,0.0
1989-06-06,7.982512835852978,7.993285526498192,7.907104521053323,7.92864990234375,2082634,0.0,0.0
1989-06-07,7.950192433181713,7.9932826605962095,7.907101686050564,7.939419746398926,1371244,0.0,0.0
1989-06-08,7.982514356647604,8.014832434740347,7.939424105574218,7.960968971252441,1895459,0.0,0.0
1989-06-09,7.9717363491167985,8.004054405662783,7.896328070226094,7.950191497802734,2178751,0.0,0.0
1989-06-12,7.939422592988963,7.939422592988963,7.896331830408109,7.92864990234375,1326663,0.0,0.0
1989-06-13,7.907102090257065,7.950192839590988,7.85323917330634,7.896329402923584,1388633,0.0,0.0
1989-06-14,7.907101909578376,7.9178745966656985,7.583923375825354,7.60546875,5513115,0.0,0.0
1989-06-15,7.573153481770817,7.605471554951921,7.443882228480119,7.562380790710449,7747829,0.0,0.0
1989-06-16,7.562382818839582,7.659336544667718,7.562382818839582,7.637791156768799,3461150,0.0,0.0
1989-06-19,7.627016140669784,7.691651760565967,7.605470760798788,7.648561000823975,1481588,0.0,0.0
1989-06-20,7.659331665719948,7.680877039894594,7.60546875,7.60546875,2194243,0.0,0.0
1989-06-21,7.648559810011988,7.648559810011988,7.508515902087701,7.55160665512085,2183810,0.0,0.0
1989-06-22,7.53006164028975,7.53006164028975,7.3900177256388435,7.476198196411133,3795345,0.0,0.0
1989-06-23,7.497740745544434,7.51928611496819,7.45465000669692,7.497740745544434,2330198,0.0,0.0
1989-06-26,7.5020943666155055,7.523839181494924,7.436858872896808,7.447731018066406,1626712,0.25303,0.0
1989-06-27,7.4586052894592285,7.480350107478949,7.415114604339194,7.4586052894592285,3065933,0.0,0.0
1989-06-28,7.447731018066406,7.447731018066406,7.393368194057529,7.447731018066406,1688366,0.0,0.0
1989-06-29,7.425987922720539,7.425987922720539,7.328134397213792,7.349879741668701,2125317,0.0,0.0
1989-06-30,7.349880022388519,7.360752695031243,7.241153820501651,7.306389331817627,2465520,0.0,0.0
1989-07-03,7.349882930564773,7.382500436858561,7.306392222785628,7.371628284454346,723721,0.0,0.0
1989-07-05,7.349879101199439,7.4694774361989404,7.306388416079404,7.4586052894592285,1589087,0.0,0.0
1989-07-06,7.447734141611652,7.447734141611652,7.404243969073017,7.436861991882324,1208415,0.0,0.0
1989-07-07,7.447731018066406,7.512967036325325,7.425986203186988,7.447731018066406,2057972,0.0,0.0
1989-07-10,7.491220906701121,7.545583724975586,7.480348238138194,7.545583724975586,1576440,0.0,0.0
1989-07-11,7.556456909010395,7.578202247619629,7.512966756332127,7.578202247619629,1838864,0.0,0.0
1989-07-12,7.578203483943342,7.676056999108718,7.53471332417,7.654311656951904,1921386,0.0,0.0
1989-07-13,7.665181470990299,7.795652426220223,7.632563469912772,7.7412896156311035,2355492,0.0,0.0
1989-07-14,7.77391077110188,7.817400932312012,7.686929399601007,7.817400932312012,2155038,0.0,0.0
1989-07-17,7.795652028229063,7.8065246946998235,7.6651810796600675,7.686925888061523,2513262,0.0,0.0
1989-07-18,7.610819736353144,7.610819736353144,7.469475569575268,7.545583724975586,1563794,0.0,0.0
1989-07-19,7.610824002098799,7.784785747528076,7.589078652785024,7.784785747528076,5352815,0.0,0.0
1989-07-20,7.806529314963352,8.045726545267822,7.795656642057643,7.8826375007629395,5534615,0.0,0.0
1989-07-21,7.860889988384876,8.002233638690578,7.8500173192013305,7.980488300323486,4026784,0.0,0.0
1989-07-24,7.980489617385585,8.013107630319343,7.91525411605835,7.91525411605835,1984936,0.0,0.0
1989-07-25,7.969619397647901,7.969619397647901,7.78478550779419,7.828275680541992,2802561,0.0,0.0
1989-07-26,7.817400265266873,7.915253775315381,7.795654924247146,7.893508434295654,2014341,0.0,0.0
1989-07-27,7.9152519942749375,7.936997330401665,7.850016510434899,7.871761322021484,2695062,0.0,0.0
1989-07-28,7.893506658148211,7.936997330401665,7.850016510434899,7.871761322021484,2495240,0.0,0.0
1989-07-31,7.860891649600126,7.87176379654105,7.806528292193977,7.8500189781188965,1598256,0.0,0.0
1989-08-01,7.871762684173427,7.915253363952631,7.741291693916283,7.752164363861084,3120631,0.0,0.0
1989-08-02,7.773910802290594,7.8500189781188965,7.719547444884443,7.8500189781188965,1545772,0.0,0.0
1989-08-03,7.8391446500177855,8.002233638690578,7.8391446500177855,7.980488300323486,3986630,0.0,0.0
1989-08-04,7.980486277861302,8.121829892346867,7.980486277861302,8.089212417602539,5712304,0.0,0.0
1989-08-07,8.219684600579315,8.306665420532227,8.197939264456053,8.306665420532227,6074323,0.0,0.0
1989-08-08,8.3610310564809,8.524120083335115,8.35015890929223,8.480629920959473,5253537,0.0,0.0
1989-08-09,8.480628987298598,8.545864485950226,8.393648147583008,8.393648147583008,3137388,0.0,0.0
1989-08-10,8.404522319488542,8.545866012573242,8.39364964701428,8.545866012573242,4223444,0.0,0.0
1989-08-11,8.62196930049088,8.65458677287136,8.524115309729366,8.567605972290039,4327781,0.0,0.0
1989-08-14,8.545869198256694,8.719830973612723,8.534997046269925,8.687212944030762,3535767,0.0,0.0
1989-08-15,8.687206784499926,8.741570128591032,8.676334640221883,8.71982479095459,2419675,0.0,0.0
1989-08-16,8.741576326667364,8.752449003194684,8.64372276246203,8.687212944030762,2518005,0.0,0.0
1989-08-17,8.68720747992621,8.708952819303406,8.589354501809272,8.676335334777832,1778791,0.0,0.0
1989-08-18,8.665462665089235,8.698080674155028,8.64371732571204,8.676335334777832,2054495,0.0,0.0
1989-08-21,8.687211631812339,8.839428031121173,8.665466806582842,8.698084831237793,4325884,0.0,0.0
1989-08-22,8.741573587814226,8.937280654907227,8.708955568451932,8.937280654907227,3865852,0.0,0.0
1989-08-23,8.959022339422532,9.143856657849394,8.948149670745638,9.122111320495605,4091916,0.0,0.0
1989-08-24,9.132982940092157,9.16560094612284,9.078620645788028,9.122111320495605,3359658,0.0,0.0
1989-08-25,9.122106078176039,9.122106078176039,8.9807625156845,9.035124778747559,2492079,0.0,0.0
1989-08-28,9.002511965049766,9.122111320495605,8.991639296372872,9.122111320495605,1782585,0.0,0.0
1989-08-29,9.11124038696289,9.17647536236726,9.056877033225463,9.11124038696289,1981142,0.0,0.0
1989-08-30,9.122111320495605,9.198218952153525,9.056875308434238,9.122111320495605,2214794,0.0,0.0
1989-08-31,9.100368330355742,9.111241001836971,9.078622987393281,9.089495658874512,1348479,0.0,0.0
1989-09-01,9.067747116088867,9.122110454311303,9.046001780799893,9.067747116088867,1486015,0.0,0.0
1989-09-05,9.111239358798109,9.132983648758787,8.991639994072052,9.046003341674805,2445601,0.0,0.0
1989-09-06,9.024259407519873,9.024259407519873,8.915533744468506,8.959024429321289,1736740,0.0,0.0
1989-09-07,8.969897060808671,8.980770782326042,8.82855336821275,8.839426040649414,1575176,0.0,0.0
1989-09-08,8.80680880663498,8.861172173653488,8.698083646219166,8.828554153442383,1890401,0.0,0.0
1989-09-11,8.79592940813843,8.893782863580212,8.785056743696014,8.850292205810547,1560948,0.0,0.0
1989-09-12,8.88291752046089,8.926408214075696,8.828554153442383,8.828554153442383,2338418,0.0,0.0
1989-09-13,8.861169132448783,8.872041802120922,8.741570815135704,8.76331615447998,1891981,0.0,0.0
1989-09-14,8.78506088256836,8.82855103628741,8.752443398414126,8.78506088256836,1657697,0.0,0.0
1989-09-15,8.839423705852225,8.861169044981857,8.763316067978941,8.78506088256836,3472532,0.0,0.0
1989-09-18,8.78506088256836,8.817679415803022,8.763316067978941,8.78506088256836,1347847,0.0,0.0
1989-09-19,8.806805784088093,8.806805784088093,8.741570815135704,8.76331615447998,1267855,0.0,0.0
1989-09-20,8.752445281139316,8.87204362299848,8.741572609235696,8.817681312561035,1630190,0.0,0.0
1989-09-21,8.85029846692929,8.89378915546632,8.774190811070163,8.79593563079834,1448706,0.0,0.0
1989-09-22,8.795933552133175,8.85029637541704,8.74157072884931,8.78506088256836,2128795,0.0,0.0
1989-09-25,8.760908801014315,8.804822879955587,8.695036888122559,8.695036888122559,1993157,0.30838,0.0
1989-09-26,8.738954755649871,8.760912068135449,8.673083347846568,8.684062004089355,1744329,0.0,0.0
1989-09-27,8.662101652927458,8.716994385231533,8.59623026823192,8.640144348144531,1722513,0.0,0.0
1989-09-28,8.629165834066196,8.673080444335938,8.59623040601714,8.673080444335938,1500243,0.0,0.0
1989-09-29,8.662101652927458,8.673080305318921,8.629165695753068,8.640144348144531,925123,0.0,0.0
1989-10-02,8.640146313727882,8.793846422867773,8.618189533603157,8.760910987854004,1420251,0.0,0.0
1989-10-03,8.837763850957902,9.0792922166582,8.804827875824119,9.057334899902344,2846509,0.0,0.0
1989-10-04,9.123196389118457,9.254939079284668,9.090260451750442,9.254939079284668,3369776,0.0,0.0
1989-10-05,9.22201032931685,9.364732835812537,9.167118116894413,9.178096771240234,2800980,0.0,0.0
1989-10-06,9.178091742102392,9.178091742102392,8.903627652462857,8.936562538146973,2106979,0.0,0.0
1989-10-09,8.914610567340532,8.93656787711862,8.760910987854004,8.760910987854004,1453133,0.0,0.0
1989-10-10,8.782866618975053,8.892651557922363,8.771887436531083,8.892651557922363,2010230,0.0,0.0
1989-10-11,8.892651080052405,8.903630791559612,8.771886965150701,8.80482292175293,1232760,0.0,0.0
1989-10-12,8.771888022431007,8.793845329479018,8.706017160593566,8.727973937988281,1249517,0.0,0.0
1989-10-13,8.66210434604054,8.71699709541118,8.036324672740234,8.080239295959473,4260752,0.0,0.0
1989-10-16,8.080232287793569,8.431546850230887,8.058274995228,8.36567497253418,6471437,0.0,0.0
1989-10-17,8.299811577602942,8.38764030237222,8.17904741207859,8.244918823242188,2740591,0.0,0.0
1989-10-18,8.222965113387325,8.376665846333681,8.190029658198146,8.31079387664795,2120575,0.0,0.0
1989-10-19,8.36568074400852,8.651124155329185,8.34372396594794,8.58525276184082,1921069,0.0,0.0
1989-10-20,8.57427310088227,8.727973177519864,8.552315795747399,8.673080444335938,2577762,0.0,0.0
1989-10-23,8.673083303947287,8.706019272508946,8.519383176633063,8.563297271728516,1605845,0.0,0.0
1989-10-24,8.552316910743585,8.58525287273987,8.222959409394006,8.508402824401855,3504150,0.0,0.0
1989-10-25,8.464488388035996,8.486445696499485,8.343724250793457,8.343724250793457,1472419,0.0,0.0
1989-10-26,8.354698962697336,8.376656260799846,8.20099840563284,8.222955703735352,1854673,0.0,0.0
1989-10-27,8.201000354832527,8.233936309814453,8.14610762618252,8.233936309814453,1148342,0.0,0.0
1989-10-30,8.277855123372914,8.332748413085938,8.255898337141215,8.332748413085938,768617,0.0,0.0
1989-10-31,8.343723093380056,8.508401824705894,8.343723093380056,8.49742317199707,1488544,0.0,0.0
1989-11-01,8.49742390026778,8.530359331563721,8.420573854372849,8.442530632019043,1303267,0.0,0.0
1989-11-02,8.46449014978101,8.475468806297783,8.354704643920162,8.409597396850586,899197,0.0,0.0
1989-11-03,8.37666130065918,8.475468142261938,8.354703989345944,8.37666130065918,657641,0.0,0.0
1989-11-06,8.354706135287259,8.365684264110255,8.211984634399414,8.211984634399414,1098070,0.0,0.0
1989-11-07,8.179046293696082,8.201003074645996,8.157088983092788,8.201003074645996,1204304,0.0,0.0
1989-11-08,8.201005243916118,8.244919876738686,8.146112482541428,8.15709114074707,1508779,0.0,0.0
1989-11-09,8.146111493789293,8.146111493789293,8.014368670619204,8.036325454711914,1313700,0.0,0.0
1989-11-10,8.058281104095647,8.080238413306738,7.981431051510177,7.992409706115723,1331722,0.0,0.0
1989-11-13,8.025348499605442,8.244920080175476,8.025348499605442,8.211984634399414,1466728,0.0,0.0
1989-11-14,8.201005243916118,8.233941218533044,8.091219721166738,8.15709114074707,1563477,0.0,0.0
1989-11-15,8.168065071105957,8.179043722956926,8.11317181185111,8.168065071105957,1091747,0.0,0.0
1989-11-16,8.190025156989806,8.190025156989806,8.113174567926592,8.146110534667969,730044,0.0,0.0
1989-11-17,8.15709407492144,8.233944180351035,8.124158088457166,8.179051399230957,1821159,0.0,0.0
1989-11-20,8.211987385695231,8.233944180351035,8.102201293801363,8.179051399230957,1282715,0.0,0.0
1989-11-21,8.18453606173514,8.316279411315918,8.168068606484304,8.316279411315918,956319,0.0,1.5
1989-11-22,8.283344981997727,8.365683857260242,8.26687699508382,8.332748413085938,619700,0.0,0.0
1989-11-24,8.365681713655912,8.415085661738472,8.349213730961726,8.382149696350098,488172,0.0,0.0
1989-11-27,8.398615827270916,8.49742317199707,8.382147848207682,8.49742317199707,1079627,0.0,0.0
1989-11-28,8.513890716629922,8.843248162475778,8.497422738406982,8.695036888122559,1798605,0.0,0.0
1989-11-29,8.678569509161447,8.74444089292831,8.629165574096374,8.711504936218262,1428471,0.0,0.0
1989-11-30,8.678572654724121,8.72797607804231,8.645636686076378,8.678572654724121,986461,0.0,0.0
1989-12-01,8.695034202748225,8.991456130254486,8.695034202748225,8.826777458190918,2040794,0.0,0.0
1989-12-04,8.859713233278283,8.974987983703613,8.826777287640729,8.974987983703613,1358913,0.0,0.0
1989-12-05,8.92558823179774,9.007928134328685,8.843249388573401,8.85971736907959,1038103,0.0,0.0
1989-12-06,8.843250369868471,8.859718352202037,8.744443005520438,8.760910987854004,484167,0.0,0.0
1989-12-07,8.777374068433074,8.892648291432666,8.777374068433074,8.826777458190918,793595,0.0,0.0
1989-12-08,8.8267752562673,8.991453887250207,8.8267752562673,8.942049980163574,904467,0.0,0.0
1989-12-11,8.909120559692383,8.942056521844883,8.793845751465277,8.909120559692383,900040,0.0,0.0
1989-12-12,8.892649938210232,8.991457795329698,8.892649938210232,8.958521842956543,957373,0.0,0.0
1989-12-13,8.99146283288508,9.057333715229872,8.925590891233368,9.024398803710938,1062975,0.0,0.0
1989-12-14,8.991461493300244,9.057332365831323,8.90912157850294,8.925589561462402,1282610,0.0,0.0
1989-12-15,8.909120559692383,8.925588540768633,8.629167000009422,8.909120559692383,2248836,0.0,0.0
1989-12-18,8.876180676444005,9.073794761310165,8.859713233278283,8.974987983703613,1394114,0.0,0.0
1989-12-19,8.942056855100944,9.073799649314141,8.859718005957703,8.991460800170898,1385261,0.0,0.0
1989-12-20,8.991460465073631,8.991460465073631,8.843249694694027,8.909120559692383,1267434,0.0,0.0
1989-12-21,8.909120647646656,9.139671325683594,8.909120647646656,9.139671325683594,1271649,0.0,0.0
1989-12-22,9.142997326383272,9.458847287324252,9.142997326383272,9.44222354888916,1303477,0.30838,0.0
1989-12-26,9.408976554870605,9.458847772735183,9.392352815582413,9.408976554870605,493863,0.0,0.0
1989-12-27,9.3923547764646,9.541967391967773,9.309236062670589,9.541967391967773,1225910,0.0,0.0
1989-12-28,9.525338768958777,9.608457440167436,9.475468635559082,9.475468635559082,1000162,0.0,0.0
1989-12-29,9.508718734300887,9.541966215720041,9.425601100078918,9.492094993591309,806453,0.0,0.0
1990-01-02,9.45884191580189,9.774690628051758,9.359099541833409,9.774690628051758,1663072,0.0,0.0
1990-01-03,9.807943201218402,10.073920865200456,9.791319463553808,9.957555770874023,2700753,0.0,0.0
1990-01-04,9.907684945991711,9.974179899254876,9.674953678896392,9.791319847106934,2521588,0.0,0.0
1990-01-05,9.758074050932017,9.841191687499059,9.674955345039027,9.741450309753418,1340575,0.0,0.0
1990-01-08,9.67495131609803,9.774693721633877,9.641704916911582,9.691575050354004,1228228,0.0,0.0
1990-01-09,9.708205944661401,9.741453437694231,9.475475632084175,9.525345802307129,1459456,0.0,0.0
1990-01-10,9.442228567522234,9.442228567522234,9.242744669599336,9.425604820251465,1780688,0.0,0.0
1990-01-11,9.492098740008204,9.525346234549744,9.375733578439155,9.425604820251465,1628925,0.0,0.0
1990-01-12,9.259365105377697,9.425601449306773,9.17624639875018,9.192870140075684,1945942,0.0,0.0
1990-01-15,9.176240514567066,9.226111706564115,8.993380546569824,8.993380546569824,1764247,0.0,0.0
1990-01-16,8.893638252161775,9.242734419033512,8.843767600321204,9.209486961364746,2727522,0.0,0.0
1990-01-17,9.242736911741664,9.259360645059363,9.01000571461931,9.026629447937012,1827061,0.0,0.0
1990-01-18,8.926886001282947,9.059874766974785,8.82714415968277,9.043251037597656,1554519,0.0,0.0
1990-01-19,9.04325920569566,9.176248091506388,9.02663546130355,9.143000602722168,1564426,0.0,0.0
1990-01-22,9.142995787620867,9.159619523258192,8.77727627691371,8.827147483825684,1522059,0.0,0.0
1990-01-23,8.860397113224128,9.04325664578534,8.744031470082515,8.810525894165039,1741061,0.0,0.0
1990-01-24,8.710784451987509,8.893644528894963,8.644290024383787,8.84377384185791,1376830,0.0,0.0
1990-01-25,8.877019753538844,8.910267230796542,8.57779459687113,8.644289016723633,1394957,0.0,0.0
1990-01-26,8.611041539465935,8.660912755352483,8.478052699760926,8.644289016723633,1461353,0.0,0.0
1990-01-29,8.710781031250406,8.744028499327412,8.494674092738093,8.611039161682129,995735,0.0,0.0
1990-01-30,8.627665555131395,8.760654933769619,8.461429232830797,8.727407455444336,1300526,0.0,0.0
1990-01-31,8.411558430001335,8.511300328891299,8.311816531111374,8.49467658996582,3315183,0.0,0.0
1990-02-01,8.478056629934112,8.494680376269232,8.32844398224431,8.36169147491455,1726939,0.0,0.0
1990-02-02,8.378310248765898,8.561170292268692,8.36168704589889,8.478052139282227,1925074,0.0,0.0
1990-02-05,8.428184221633805,8.478055453720215,8.36169031484472,8.411561012268066,788958,0.0,0.0
1990-02-06,8.42817474420792,8.444798469543457,8.361680912190705,8.444798469543457,1019765,0.0,0.0
1990-02-07,8.394935171106045,8.544547760664525,8.345064486140863,8.461429595947266,1412030,0.0,0.0
1990-02-08,8.444809137263873,8.511304122604352,8.32844398224431,8.36169147491455,1281135,0.0,0.0
1990-02-09,8.428180926692635,8.478052139282227,8.328439570839162,8.478052139282227,1429947,0.0,0.0
1990-02-12,8.478047268392348,8.478047268392348,8.378305435180664,8.378305435180664,812566,0.0,0.0
1990-02-13,8.361682241864175,8.411552891138742,8.345058513885135,8.378305435180664,990044,0.0,0.0
1990-02-14,8.378313524210458,8.428184221633805,8.36169031484472,8.411561012268066,1146023,0.0,0.0
1990-02-15,8.411558430001335,8.54454727207935,8.411558430001335,8.49467658996582,962432,0.0,0.0
1990-02-16,8.511300328891299,8.561171011004829,8.44480537318939,8.49467658996582,1847085,0.0,0.0
1990-02-20,8.44479981243427,8.478047268392348,8.345058513885135,8.378305435180664,1140332,0.0,0.0
1990-02-21,8.295189153609657,8.345060348510742,8.278565421975964,8.345060348510742,1272282,0.0,0.0
1990-02-22,8.345067728579432,8.478056629934112,8.345067728579432,8.36169147491455,1276708,0.0,0.0
1990-02-23,8.29518732994802,8.44479981243427,8.29518732994802,8.378305435180664,1084475,0.0,0.0
1990-02-26,8.378304102863778,8.444798469543457,8.345057186855168,8.444798469543457,1058548,0.0,0.0
1990-02-27,8.444805856071227,8.544547760664525,8.411558910982084,8.461429595947266,1242561,0.0,0.0
1990-02-28,8.444801892069261,8.644285607617915,8.428178159996426,8.577791213989258,1599837,0.0,0.0
1990-03-01,8.57779182812581,8.810522489820062,8.57779182812581,8.744028091430664,1722723,0.0,0.0
1990-03-02,8.744031470082515,8.843773373537765,8.710783990709789,8.810525894165039,1615224,0.0,0.0
1990-03-05,8.777280304179733,8.843775277238818,8.710785865783691,8.710785865783691,1066347,0.0,0.0
1990-03-06,8.760655209768878,8.827149633851402,8.710783990709789,8.810525894165039,824580,0.0,0.0
1990-03-07,8.84377384185791,8.893644528894963,8.827150101291242,8.84377384185791,1145391,0.0,0.0
1990-03-08,8.860396196981606,8.943514352155349,8.82714872104696,8.910266876220703,1159513,0.0,0.0
1990-03-09,8.877015833226766,8.943510758376341,8.860392636602029,8.89363956451416,923648,0.0,0.0
1990-03-12,8.860392636602029,8.943510758376341,8.843768905314635,8.89363956451416,717714,0.0,0.0
1990-03-13,8.84376995634612,8.87701688820946,8.744028091430664,8.744028091430664,1230968,0.0,0.0
1990-03-14,8.694159507751465,8.760653922060126,8.577793881714172,8.694159507751465,1487490,0.0,0.0
1990-03-15,8.710786079468136,8.81052800684049,8.694162870458621,8.76065731048584,755865,0.0,0.0
1990-03-16,8.810522518795079,9.026629447937012,8.77727505215968,9.026629447937012,2663023,0.0,0.0
1990-03-19,8.976762116412196,9.176245932864314,8.976762116412196,9.159622192382812,1472736,0.0,0.0
1990-03-20,9.159622192382812,9.259364635271822,9.059880818819705,9.159622192382812,1401702,0.0,0.0
1990-03-21,9.142992344535239,9.176239803289494,9.043251037597656,9.043251037597656,859570,0.0,0.0
1990-03-22,8.993384496731576,9.076503186568189,8.76065430384054,8.910266876220703,1522269,0.0,0.0
1990-03-23,8.960138320922852,8.960138320922852,8.843773214536283,8.960138320922852,1078784,0.0,0.0
1990-03-26,9.013848404594354,9.030634076160329,8.963491389896427,8.980277061462402,523372,0.30838,0.0
1990-03-27,8.963491389896427,8.980277061462402,8.862777900371656,8.980277061462402,627499,0.0,0.0
1990-03-28,8.929920586635555,9.013848404594354,8.91313491506958,8.980277061462402,689680,0.0,0.0
1990-03-29,8.946709802592054,8.963494940936666,8.845996273167911,8.896352767944336,637616,0.0,0.0
1990-03-30,8.862779182139445,8.896350530126606,8.76206621792027,8.829208374023438,991098,0.0,0.0
1990-04-02,8.728498399723689,8.762069761287055,8.711712718942005,8.745284080505371,1074989,0.0,0.0
1990-04-03,8.778854869423016,8.963495726363263,8.762069189736264,8.946710586547852,726356,0.0,0.0
1990-04-04,8.929927793818875,8.963498624174157,8.795642852783203,8.795642852783203,887815,0.0,0.0
1990-04-05,8.845994048017019,8.929921878113769,8.829208374023438,8.829208374023438,705699,0.0,0.0
1990-04-06,8.845996972489118,8.879567791703582,8.762069114645957,8.81242561340332,642675,0.0,0.0
1990-04-09,8.795642852783203,8.845999908123398,8.778857707541318,8.795642852783203,421986,0.0,0.0
1990-04-10,8.728498116183946,8.86278247833252,8.728498116183946,8.86278247833252,715606,0.0,0.0
1990-04-11,8.829211884950627,8.879568387084426,8.728498340811656,8.762069702148438,964750,0.0,0.0
1990-04-12,8.728498399723689,8.795640582979047,8.728498399723689,8.745284080505371,816992,0.0,0.0
1990-04-16,8.82921129294622,8.879567791703582,8.778854794188856,8.81242561340332,752071,0.0,0.0
1990-04-17,8.76206621792027,8.862779182139445,8.728494869933106,8.829208374023438,877908,0.0,0.0
1990-04-18,8.812425702364301,8.82921138207665,8.594213485717773,8.594213485717773,1619440,0.0,0.0
1990-04-19,8.57742644001493,8.57742644001493,8.359213718248336,8.39278507232666,1920016,0.0,0.0
1990-04-20,8.426361344759076,8.493503552234476,8.19136280878783,8.35921859741211,2661126,0.0,0.0
1990-04-23,8.325641300864381,8.34242643480016,8.224927797893953,8.258499145507812,1087426,0.0,0.0
1990-04-24,8.241720398398803,8.25850608631315,8.157792498698672,8.191363334655762,1633984,0.0,0.0
1990-04-25,8.224927849951575,8.275284871691087,8.208142176038406,8.241713523864746,1255208,0.0,0.0
1990-04-26,8.392789971085593,8.426361344759076,8.241719869298054,8.35921859741211,1859310,0.0,0.0
1990-04-27,8.359213509073538,8.426356215550056,8.258500529101244,8.292071342468262,1249306,0.0,0.0
1990-04-30,8.208143499243857,8.342427832454408,8.191357822624727,8.292071342468262,1171949,0.0,0.0
1990-05-01,8.325646296226742,8.342431440233558,8.174575681193618,8.208147048950195,930182,0.0,0.0
1990-05-02,8.208146693604363,8.208146693604363,8.10743367443763,8.157790184020996,1056862,0.0,0.0
1990-05-03,8.208149022570108,8.25850608631315,8.157792498698672,8.191363334655762,1024191,0.0,0.0
1990-05-04,8.191361303090707,8.241718354344538,8.107433964077261,8.224932670593262,1065926,0.0,0.0
1990-05-07,8.224927182965082,8.342425811086617,8.191355837861153,8.325640678405762,1210312,0.0,0.0
1990-05-08,8.35921859741211,8.37600428424885,8.325647763610194,8.35921859741211,952525,0.0,0.0
1990-05-09,8.359219081660695,8.527074880008842,8.34243339385156,8.510289192199707,1193449,0.0,0.0
1990-05-10,8.543851901556899,8.577423243122844,8.459924087513087,8.527066230773926,1040000,0.0,0.0
1990-05-11,8.560644912855095,8.627787113688505,8.45993134166922,8.611001968383789,1912217,0.0,0.0
1990-05-14,8.644568760403828,8.829210131340913,8.627783083069318,8.711710929870605,1790174,0.0,0.0
1990-05-15,8.678144136732444,8.795642852783203,8.644572766505647,8.795642852783203,1469995,0.0,0.0
1990-05-16,8.762069761287055,8.795640582979047,8.711712718942005,8.745284080505371,969388,0.0,0.0
1990-05-17,8.77885189191385,8.896350530126606,8.77885189191385,8.829208374023438,1564847,0.0,0.0
1990-05-18,8.812425187709978,8.812425187709978,8.745283012653088,8.778854370117188,1656538,0.0,0.0
1990-05-21,8.728494748398624,8.795636903566914,8.694923400878906,8.694923400878906,1447652,0.0,0.0
1990-05-22,8.762069455036714,8.778855135231709,8.594213732829497,8.678141593933105,1536603,0.0,0.0
1990-05-23,8.64456844329834,8.694924933583398,8.577426276294513,8.64456844329834,937559,0.0,0.0
1990-05-24,8.644570102260662,8.644570102260662,8.510285202611419,8.56064224243164,638881,0.0,0.0
1990-05-25,8.543858234594165,8.577429601044502,8.476716041564941,8.476716041564941,723405,0.0,0.0
1990-05-29,8.459924230852051,8.69492200618215,8.443139099655737,8.661351203918457,902148,0.0,0.0
1990-05-30,8.67813672794963,8.69492185886155,8.47670975829606,8.527066230773926,1628504,0.0,0.0
1990-05-31,8.443147031595819,8.510288699199647,8.35921859741211,8.35921859741211,1671082,0.0,0.0
1990-06-01,8.426357326476186,8.44314300530833,8.359214611147612,8.409571647644043,1553044,0.0,0.0
1990-06-04,8.409567757520982,8.728493348316904,8.375996415386226,8.661351203918457,2167685,0.0,0.0
1990-06-05,8.711711655188989,8.896353041498918,8.678140837596198,8.778854370117188,1878281,0.0,0.0
1990-06-06,8.762069702148438,8.896354067752815,8.745284021480046,8.762069702148438,1221483,0.0,0.0
1990-06-07,8.812426204282236,8.829211884950627,8.694926979474877,8.762069702148438,1158459,0.0,0.0
1990-06-08,8.711710610302166,8.7452819637397,8.627782766579573,8.64456844329834,744272,0.0,0.0
1990-06-11,8.594216283207558,8.644572798864736,8.560644912855095,8.611001968383789,1086582,0.0,0.0
1990-06-12,8.594211953013282,8.694924933583398,8.577426276294513,8.64456844329834,1238978,0.0,0.0
1990-06-13,8.661356808089177,8.661356808089177,8.493501068549575,8.54385757446289,1135695,0.0,0.0
1990-06-14,8.51028117398694,8.560638189968994,8.392782549770995,8.459924697875977,1021451,0.0,0.0
1990-06-15,8.426353893759032,8.527066845980958,8.392782549770995,8.459924697875977,2850830,0.0,0.0
1990-06-18,8.443147031595819,8.493503552234476,8.35921859741211,8.35921859741211,1597519,0.0,0.0
1990-06-19,8.342432910575367,8.443147031595819,8.325647763610194,8.35921859741211,1597519,0.0,0.0
1990-06-20,8.325646296226742,8.342431440233558,8.141004853308514,8.208147048950195,2124053,0.0,0.0
1990-06-21,8.208149022570108,8.224934710484456,8.141006810784324,8.191363334655762,2081686,0.0,0.0
1990-06-22,8.208149022570108,8.308862610184587,8.174577646741415,8.191363334655762,1964912,0.0,0.0
1990-06-25,8.21172149980658,8.24565444974741,7.991158962249756,7.991158962249756,1237503,0.30838,0.0
1990-06-26,8.025088489342936,8.075987346858694,7.7536260969723765,7.7875590324401855,2700121,0.0,0.0
1990-06-27,7.787563179819226,7.787563179819226,7.668798933804194,7.736664295196533,3049598,0.0,0.0
1990-06-28,7.787561632517989,7.838461052713783,7.719696284609735,7.8214945793151855,1610166,0.0,0.0
1990-06-29,7.82149401337566,7.9063258285443405,7.770594596862793,7.770594596862793,1956481,0.0,0.0
1990-07-02,7.753628124691837,7.787561069033749,7.73666219820698,7.770594596862793,1121151,0.0,0.0
1990-07-03,7.787561632517989,7.8214945793151855,7.753628685720793,7.8214945793151855,769144,0.0,0.0
1990-07-05,7.787563653569552,7.80453013137134,7.66879940032959,7.66879940032959,1223591,0.0,0.0
1990-07-06,7.6687982508390595,7.787562486277228,7.6687982508390595,7.702730655670166,1390109,0.0,0.0
1990-07-09,7.702724866260647,7.736657791273782,7.583960174400464,7.634859561920166,1195135,0.0,0.0
1990-07-10,7.6178977443971405,7.6518306901007564,7.516099452972412,7.516099452972412,1270595,0.0,0.0
1990-07-11,7.567000510278663,7.923293788896844,7.550034033752502,7.889361381530762,1981985,0.0,0.0
1990-07-12,7.940258849223315,7.974191796223462,7.787561679094934,7.957225322723389,1942991,0.0,0.0
1990-07-13,7.957228650598035,8.0929594039917,7.957228650598035,8.0929594039917,1585504,0.0,0.0
1990-07-16,8.12689174939078,8.160824708011205,8.059026377836256,8.109925270080566,1149396,0.0,0.0
1990-07-17,8.109921773743249,8.126888245738902,8.008124033141517,8.059022903442383,1056019,0.0,0.0
1990-07-18,8.025091912190586,8.059024316445226,7.9232930623680975,7.991158962249756,1095646,0.0,0.0
1990-07-19,7.974188908175942,8.0250883102417,7.906323584440876,8.0250883102417,1584239,0.0,0.0
1990-07-20,8.008124033141517,8.126888245738902,8.008124033141517,8.059022903442383,2111617,0.0,0.0
1990-07-23,8.025092648053809,8.04205857889373,7.838462497638518,7.889361381530762,1654430,0.0,0.0
1990-07-24,7.329466303435311,7.329466303435311,7.024072101494629,7.108903884887695,7259341,0.0,0.0
1990-07-25,7.091937720333899,7.193735973867097,6.922274146340541,7.058005332946777,3880923,0.0,0.0
1990-07-26,7.074972797223599,7.176770519426793,7.058006328294402,7.125871658325195,3607538,0.0,0.0
1990-07-27,7.125870526881148,7.1598029136657715,7.091937594410617,7.1598029136657715,1898727,0.0,0.0
1990-07-30,7.10890838599461,7.176773746541807,7.024076548889054,7.142841339111328,1878070,0.0,0.0
1990-07-31,7.142838470105601,7.142838470105601,6.973174318355866,7.007107257843018,1337413,0.0,0.0
1990-08-01,7.007109258781514,7.024075733370008,6.786546726189623,6.854412078857422,1997583,0.0,0.0
1990-08-02,6.735647820886358,6.752613749720103,6.447219391106253,6.515084743499756,3902423,0.0,0.0
1990-08-03,6.260591543412071,6.65081787109375,5.989129489261767,6.65081787109375,4422633,0.0,0.0
1990-08-06,6.073960177409959,6.294522746984549,6.073960177409959,6.158792018890381,2868114,0.0,0.0
1990-08-07,6.2945235805489546,6.328456539909268,6.141826354800225,6.243624687194824,3053602,0.0,0.0
1990-08-08,6.243621666119706,6.311487006316274,6.158789854452476,6.192722797393799,2720777,0.0,0.0
1990-08-09,6.226652518168324,6.362383128323613,6.192719592786605,6.3284502029418945,1613960,0.0,0.0
1990-08-10,6.294520441374879,6.294520441374879,6.107890895027199,6.1418232917785645,1546299,0.0,0.0
1990-08-13,6.0909266548432965,6.175758496323718,6.073960177409959,6.158792018890381,1154244,0.0,0.0
1990-08-14,6.158791515648475,6.158791515648475,6.006094322598032,6.0230607986450195,1444702,0.0,0.0
1990-08-15,6.09092413551086,6.1418230010717805,6.040025269949939,6.107890605926514,1606372,0.0,0.0
1990-08-16,6.056993055516951,6.073958983930366,5.972160685019078,5.989127159118652,1154033,0.0,0.0
1990-08-17,5.870362411469027,5.955193683075483,5.836429466277555,5.853395938873291,3414672,0.0,0.0
1990-08-20,5.887328208334182,5.921261152776113,5.85339580957835,5.870362281799316,1256684,0.0,0.0
1990-08-21,5.836429983594801,6.073958983930366,5.700698736484363,5.989127159118652,2575759,0.0,0.0
1990-08-22,6.040024961917145,6.056991431467533,5.80249547958374,5.80249547958374,1702067,0.0,0.0
1990-08-23,5.497102158522601,5.717664663660684,5.497102158522601,5.581933975219727,2409663,0.0,0.0
1990-08-24,5.66676664352417,5.734631997943522,5.598901289104819,5.66676664352417,1617121,0.0,0.0
1990-08-27,5.836428642272949,5.972159312503747,5.802495701872232,5.836428642272949,1897462,0.0,0.0
1990-08-28,5.751599719157976,5.785532676562936,5.666767871331886,5.700700283050537,1170685,0.0,0.0
1990-08-29,5.700698803879693,5.78553117538048,5.666766400965545,5.768564701080322,1086372,0.0,0.0
1990-08-30,5.76856569822822,5.76856569822822,5.564969062805176,5.564969062805176,1283664,0.0,0.0
1990-08-31,5.615868980910755,5.700700283050537,5.531036587398357,5.700700283050537,930393,0.0,0.0
1990-09-04,5.632831875451888,5.819461949134128,5.615865951587515,5.80249547958374,1239189,0.0,0.0
1990-09-05,5.870360105637046,5.870360105637046,5.598898287791705,5.6158647537231445,1724831,0.0,0.0
1990-09-06,5.632830673968686,5.683730071763005,5.6158647537231445,5.6158647537231445,1369452,0.0,0.0
1990-09-07,5.632830673968686,5.717662457939987,5.6158647537231445,5.6158647537231445,1423413,0.0,0.0
1990-09-10,5.700696987533181,5.717663456427511,5.497100997859206,5.547999858856201,914163,0.0,0.0
1990-09-11,5.548001864025663,5.683733118550555,5.4462041052397305,5.66676664352417,1859310,0.0,0.0
1990-09-12,5.666763605831566,5.666763605831566,5.5140665038204055,5.6158647537231445,1603210,0.0,0.0
1990-09-13,5.598901872309267,5.598901872309267,5.429238195744933,5.5140700340271,1389898,0.0,0.0
1990-09-14,5.446201970634651,5.564966157898082,5.412269033881684,5.497100830078125,1711130,0.0,0.0
1990-09-17,5.429235502258168,5.547999689521599,5.429235502258168,5.497100830078125,1389477,0.0,0.0
1990-09-18,5.446204608517258,5.531035900115967,5.395305178734543,5.531035900115967,1908844,0.0,0.0
1990-09-19,5.514070083666858,5.531036014927028,5.378338813781738,5.378338813781738,1635881,0.0,0.0
1990-09-20,5.327438194297149,5.344404120034112,5.242606382868036,5.276539325714111,1916643,0.0,0.0
1990-09-21,5.293504753053548,5.395303026321121,5.293504753053548,5.361370086669922,2336732,0.0,0.0
1990-09-24,5.364820414420577,5.364820414420577,5.226818287353777,5.244068622589111,1395589,0.30838,0.0
1990-09-25,5.244069376105134,5.261319159003199,5.1578182423509835,5.226819038391113,1779002,0.0,0.0
1990-09-26,5.192321873503813,5.209571666221308,5.106070135834978,5.157821178436279,1247620,0.0,0.0
1990-09-27,5.192322045091368,5.226822186482735,5.106070304572223,5.209571838378906,1516789,0.0,0.0
1990-09-28,5.15781920423778,5.3820719718933105,5.123318522375672,5.3820719718933105,2174008,0.0,0.0
1990-10-01,5.502824503880516,5.830578804016113,5.399322999938715,5.830578804016113,1790384,0.0,0.0
1990-10-02,5.813327312469482,5.968579815120186,5.796076972750957,5.813327312469482,2022877,0.0,0.0
1990-10-03,5.865079587445933,5.968581093102628,5.847829244033795,5.916830062866211,1689841,0.0,0.0
1990-10-04,5.899579438718827,5.985830596859066,5.847828965761128,5.934080123901367,1517000,0.0,0.0
1990-10-05,5.865077497928286,6.037579760961002,5.830576823395366,5.899577617645264,1432687,0.0,0.0
1990-10-08,5.951329475401661,5.985829600022689,5.796076972750957,5.813327312469482,797600,0.0,0.0
1990-10-09,5.7443266480293405,5.778827328304941,5.502823550548235,5.520073890686035,1638832,0.0,0.0
1990-10-10,5.520075308350402,5.571825787238315,5.330322627734429,5.433823585510254,2130798,0.0,0.0
1990-10-11,5.468323121732523,5.554574271571736,5.3820719718933105,5.3820719718933105,1850247,0.0,0.0
1990-10-12,5.4338221899970325,5.571824356283403,5.416572404675266,5.520073890686035,1915378,0.0,0.0
1990-10-15,5.571825981140137,5.658077152165685,5.502825155282937,5.571825981140137,1592460,0.0,0.0
1990-10-16,5.520075308350402,5.537325652918432,5.433823585510254,5.433823585510254,1821369,0.0,0.0
1990-10-17,5.451073930078284,5.468324274646314,5.399323451190371,5.433823585510254,2071779,0.0,0.0
1990-10-18,5.502824409967472,5.77882823082986,5.48557406713555,5.744327545166016,2491868,0.0,0.0
1990-10-19,5.934080307957916,5.951330651084238,5.761577986326956,5.830578804016113,3438491,0.0,0.0
1990-10-22,5.796078213797378,5.93408040627835,5.778828425201378,5.916830062866211,1601102,0.0,0.0
1990-10-23,5.968581189152971,6.141083516418104,5.951330845463228,6.003081321716309,1278184,0.0,0.0
1990-10-24,5.985831540357936,6.10658340271387,5.968581749863832,6.0893330574035645,1697219,0.0,0.0
1990-10-25,6.089332485348875,6.175583648981441,5.9858309780265655,6.003081321716309,1609955,0.0,0.0
1990-10-26,6.003079027115681,6.003079027115681,5.658074504459008,5.70982551574707,1539764,0.0,0.0
1990-10-29,5.70982531436236,5.830576560143755,5.537323059118153,5.692574977874756,1371349,0.0,0.0
1990-10-30,5.675327390473954,5.778828904719033,5.6408267007868655,5.761578559875488,1927182,0.0,0.0
1990-10-31,5.796081757914447,5.899583326859013,5.778831958770752,5.778831958770752,1235184,0.0,0.0
1990-11-01,5.796078694746392,5.796078694746392,5.692577735317498,5.761578559875488,1219797,0.0,0.0
1990-11-02,5.761580893815234,5.951333654328166,5.7443305419838016,5.882332801818848,949363,0.0,0.0
1990-11-05,5.916830838804783,5.916830838804783,5.830579665249171,5.8650803565979,890977,0.0,0.0
1990-11-06,5.847832202911377,5.916833056656745,5.796081146490035,5.847832202911377,1375143,0.0,0.0
1990-11-07,5.8305794942167815,5.882330529721829,5.571825981140137,5.571825981140137,1692792,0.0,0.0
1990-11-08,5.589073387616116,5.761575638966837,5.554572715419609,5.640823841094971,1313806,0.0,0.0
1990-11-09,5.692575234895569,5.899577617645264,5.65807456036265,5.899577617645264,1251836,0.0,0.0
1990-11-12,5.916830348927928,6.054831993264744,5.916830348927928,6.020331859588623,1415614,0.0,0.0
1990-11-13,5.985830596859066,6.054831412408035,5.9168297813100965,5.934080123901367,1326453,0.0,0.0
1990-11-14,5.899578549332735,6.261833469873522,5.899578549332735,6.2445831298828125,1666444,0.0,0.0
1990-11-15,6.1928359283325545,6.261836769842599,6.072084039577734,6.12383508682251,1691106,0.0,0.0
1990-11-16,6.141084286984417,6.192834769731005,6.020332420820753,6.106583595275879,2575127,0.0,0.0
1990-11-19,6.175584523371627,6.175584523371627,6.106583693659096,6.158334732055664,1870482,0.0,0.0
1990-11-20,6.141084286984417,6.175584423876736,6.08933324942161,6.106583595275879,1452079,0.0,0.0
1990-11-21,6.123834039791285,6.192834869503816,6.054832655262529,6.158334732055664,1173425,0.0,0.0
1990-11-23,6.158332539561322,6.261833469873522,6.158332539561322,6.2445831298828125,897089,0.0,0.0
1990-11-26,6.2100830078125,6.244583132995085,6.1410822026313,6.2100830078125,1542294,0.0,0.0
1990-11-27,6.210080905318697,6.279081687138894,6.15833045765751,6.227330684661865,1279870,0.0,0.0
1990-11-28,6.2273327898921025,6.313584489845652,6.192832664726713,6.2445831298828125,1384207,0.0,0.0
1990-11-29,6.2273360716794155,6.244586420761007,6.106584737740918,6.12383508682251,1596043,0.0,0.0
1990-11-30,6.141082880163146,6.41708613133876,6.106582196358149,6.3825860023498535,1873222,0.0,0.0
1990-12-03,6.451589033010353,6.451589033010353,6.279086664316306,6.36533784866333,1866477,0.0,0.0
1990-12-04,6.330834748094216,6.330834748094216,6.22733270948635,6.279083728790283,1808301,0.0,0.0
1990-12-05,6.279083565815921,6.451585849386336,6.192832424030713,6.41708517074585,1557892,0.0,0.0
1990-12-06,6.4170864198896265,6.693090238292126,6.4170864198896265,6.520587921142578,4496407,0.0,0.0
1990-12-07,6.4860865280268225,6.572337114996022,6.41708517074585,6.41708517074585,1176165,0.0,0.0
1990-12-10,6.434333542140482,6.658586775084309,6.382583094823512,6.641336441040039,1412452,0.0,0.0
1990-12-11,6.606838116916123,6.606838116916123,6.434335824904987,6.486086845397949,1295257,0.0,0.0
1990-12-12,6.46883563064824,6.520586089328514,6.434334954984084,6.451585292816162,1248885,0.0,0.0
1990-12-13,6.451586545463939,6.606838506464628,6.399835521919663,6.589588165283203,1913903,0.0,0.0
1990-12-14,6.572338118289542,6.589588460243118,6.468837176200269,6.503337860107422,890555,0.0,0.0
1990-12-17,6.468836505233628,6.50333718556227,6.434335824904987,6.486086845397949,678719,0.0,0.0
1990-12-18,6.503336902551259,6.641338508228224,6.503336902551259,6.5723371505737305,1659278,0.0,0.0
1990-12-19,6.6068357729515,6.641336441040039,6.589585438907231,6.641336441040039,1535970,0.0,0.0
1990-12-20,6.5723371505737305,6.641338508228224,6.537837026562494,6.5723371505737305,1743169,0.0,0.0
1990-12-21,6.641337899337101,6.641337899337101,6.434334954984084,6.451585292816162,4002544,0.0,0.0
1990-12-24,6.4200989447701495,6.437591950127918,6.3851118087768555,6.3851118087768555,412079,0.30838,0.0
1990-12-26,6.402607440948486,6.472581172855446,6.385113867311982,6.402607440948486,718557,0.0,0.0
1990-12-27,6.455089077037692,6.455089077037692,6.297648003542935,6.350128173828125,692630,0.0,0.0
1990-12-28,6.3676169931488085,6.490070819854736,6.350123428579742,6.490070819854736,668812,0.0,0.0
1990-12-31,6.455088052378101,6.665009262835839,6.455088052378101,6.647516250610352,1041264,0.0,0.0
1991-01-02,6.699993771307287,6.734980907243902,6.577539920806885,6.577539920806885,1152136,0.0,0.0
1991-01-03,6.560046363465568,6.560046363465568,6.3851118087768555,6.3851118087768555,846080,0.0,0.0
1991-01-04,6.402609249750779,6.542556753101294,6.38511567117216,6.437595844268799,881281,0.0,0.0
1991-01-07,6.367623521361421,6.490077473609543,6.31514277384993,6.33263635635376,952947,0.0,0.0
1991-01-08,6.332629997585766,6.420097822276069,6.2801498654103645,6.315136432647705,1145391,0.0,0.0
1991-01-09,6.402611736336349,6.577546464783589,6.227677007889107,6.245170593261719,2018662,0.0,0.0
1991-01-10,6.297648340918284,6.472583001426036,6.262661183761047,6.437595844268799,788536,0.0,0.0
1991-01-11,6.420101137952688,6.507567882537842,6.420101137952688,6.507567882537842,558362,0.0,0.0
1991-01-14,6.402610686369081,6.420104268872912,6.1751952390979765,6.33263635635376,1725042,0.0,0.0
1991-01-15,6.332633794125195,6.402608095828418,6.210179891422791,6.367620944976807,1045902,0.0,0.0
1991-01-16,6.332631188992978,6.385111893680763,6.262657478714817,6.29764461517334,758816,0.0,0.0
1991-01-17,6.76997000451014,6.83994317137756,6.699995712364639,6.822450160980225,2823428,0.0,0.0
1991-01-18,6.787464925705421,6.979893157999603,6.769971910383476,6.927412986755371,4693699,0.0,0.0
1991-01-21,6.822450160980225,6.857436744413935,6.787463014907474,6.822450160980225,827531,0.0,0.0
1991-01-22,6.752475117765253,6.804955264025214,6.647514262606402,6.682500839233398,1021240,0.0,0.0
1991-01-23,6.6650098672719515,6.699997020174037,6.560049533843994,6.560049533843994,1284718,0.0,0.0
1991-01-24,6.612529704905219,6.857438087463379,6.595036691081826,6.857438087463379,1535759,0.0,0.0
1991-01-25,6.909919974703533,7.1023482227572226,6.892426395309698,7.032373905181885,1519318,0.0,0.0
1991-01-28,7.032373379166839,7.067360535337501,6.962399629464718,6.979893207550049,865893,0.0,0.0
1991-01-29,6.997384914233005,7.08485221862793,6.944904756651671,7.08485221862793,1389477,0.0,0.0
1991-01-30,7.137331220775779,7.382239520906549,7.137331220775779,7.2597856521606445,2239140,0.0,0.0
1991-01-31,7.399734107576364,7.469708399484218,7.347253951284512,7.364747524261475,2649533,0.0,0.0
1991-02-01,7.3647477704469955,7.38224078136967,7.102345854938203,7.137332439422607,2211317,0.0,0.0
1991-02-04,7.137335547838018,7.137335547838018,7.0498682045750956,7.119842529296875,1591617,0.0,0.0
1991-02-05,7.154825773815989,7.3647475242614755,7.1198391905011,7.364747524261475,1427839,0.0,0.0
1991-02-06,7.3647475242614755,7.382240534599401,7.294773794992659,7.364747524261475,1876594,0.0,0.0
1991-02-07,7.347251824613479,7.347251824613479,7.137330134930083,7.189810276031494,2254316,0.0,0.0
1991-02-08,7.189811062858921,7.2422917723425115,7.084850769169617,7.224798202514648,1260056,0.0,0.0
1991-02-11,7.20730536386956,7.469707812630422,7.172318783303375,7.452214241027832,2410927,0.0,0.0
1991-02-12,7.417230183813345,7.679632179109404,7.329762852047991,7.574671268463135,3649905,0.0,0.0
1991-02-13,7.557171686896295,7.7845869064331055,7.557171686896295,7.7845869064331055,1857624,0.0,0.0
1991-02-14,7.802087160981391,7.854567338296634,7.609658906426729,7.679632663726807,2260850,0.0,0.0
1991-02-15,7.714615499644552,7.732109069824219,7.574667500846166,7.732109069824219,3646322,0.0,0.0
1991-02-19,7.697124153951661,7.732111304422363,7.627150415649369,7.714617729187012,1833595,0.0,0.0
1991-02-20,7.627149430998814,7.627149430998814,7.347253951284512,7.364747524261475,1327507,0.0,0.0
1991-02-21,7.382240275949854,7.53968186458725,7.382240275949854,7.434720993041992,1057284,0.0,0.0
1991-02-22,7.434721253530291,7.52218855577607,7.347253951284512,7.364747524261475,1575597,0.0,0.0
1991-02-25,7.469710728621369,7.522190901277111,7.364749820670672,7.504697322845459,1241718,0.0,0.0
1991-02-26,7.522187964799198,7.522187964799198,7.364746945653876,7.452214241027832,935452,0.0,0.0
1991-02-27,7.434720686682386,7.452214258325582,7.347253391105405,7.399733543395996,933765,0.0,0.0
1991-02-28,7.452215345330281,7.487201931080935,7.382241048550818,7.4697089195251465,1131690,0.0,0.0
1991-03-01,7.434722971712221,7.662137785051729,7.347255649252538,7.592164039611816,1310644,0.0,0.0
1991-03-04,7.662137785051729,7.662137785051729,7.557176885572276,7.592164039611816,1026931,0.0,0.0
1991-03-05,7.592161071025833,7.802082787903938,7.522187352946114,7.732109069824219,2072622,0.0,0.0
1991-03-06,7.76709533544625,8.012003620203805,7.697121620178223,7.697121620178223,2512314,0.0,0.0
1991-03-07,7.697124939091269,7.7321120931308105,7.592164039611816,7.592164039611816,951682,0.0,0.0
1991-03-08,7.627148026329502,7.6796281729562414,7.417226314544678,7.417226314544678,1206939,0.0,0.0
1991-03-11,7.382240335780523,7.399733908286349,7.224799308506137,7.242292881011963,1189233,0.0,0.0
1991-03-12,7.3122657050746485,7.452213705193739,7.294772697368847,7.34725284576416,1221483,0.0,0.0
1991-03-13,7.3647477613462575,7.3997343457874285,7.329760614266029,7.3822407722473145,1212420,0.0,0.0
1991-03-14,7.399733526220062,7.522187964799198,7.364746945653876,7.452214241027832,1683518,0.0,0.0
1991-03-15,7.469708137770084,7.522188292223204,7.312266549132689,7.434720993041992,2588828,0.0,0.0
1991-03-18,7.224799569002114,7.312266872045924,7.172319412231445,7.172319412231445,1439643,0.0,0.0
1991-03-19,7.0148803257880505,7.119841802151058,6.997387309033461,7.032373905181885,1456084,0.0,0.0
1991-03-20,6.9973875966270125,7.1023485146646825,6.944907418927812,6.962400436401367,1191130,0.0,0.0
1991-03-21,6.927409815994668,6.944903385948789,6.7349816717772155,6.892422676086426,2504304,0.0,0.0
1991-03-22,6.84278937971304,6.878243901321846,6.736424674558187,6.771879196166992,2231973,0.30838,0.0
1991-03-25,6.807337284088135,6.878246928679788,6.789609730399103,6.807337284088135,1062132,0.0,0.0
1991-03-26,6.807333837658691,6.895970991063995,6.807333837658691,6.878243446350098,1341207,0.0,0.0
1991-03-27,6.895971791608255,7.055518572226541,6.878244244836391,7.002336502075195,1277973,0.0,0.0
1991-03-28,7.002334862515126,7.002334862515126,6.878242634331868,6.913697719573975,908471,0.0,0.0
1991-04-01,6.860515594482422,6.913697651659048,6.8250605095885994,6.860515594482422,1082999,0.0,0.0
1991-04-02,6.895973964943765,7.0555207958448385,6.86051943039043,7.020066261291504,956951,0.0,0.0
1991-04-03,7.073243977235465,7.268245792351353,7.0555164358314615,7.197336196899414,1797129,0.0,0.0
1991-04-04,7.197336052095905,7.232790564026526,7.144153428953878,7.161880970001221,943883,0.0,0.0
1991-04-05,7.161881605776378,7.197336691018483,6.860515661874929,6.913697719573975,1282610,0.0,0.0
1991-04-08,6.949149373284443,7.126423586172679,6.878239802161923,7.090969085693359,632768,0.0,0.0
1991-04-09,7.020062405136179,7.073244462835225,6.895970176952921,6.913697719573975,1106607,0.0,0.0
1991-04-10,6.878240338065651,6.878240338065651,6.6477840714209755,6.665511608123779,2806566,0.0,0.0
1991-04-11,6.683239144826583,6.75414815130995,6.630056534718173,6.665511608123779,1695532,0.0,0.0
1991-04-12,6.66551375089416,6.736423350336841,6.488239467205403,6.700968265533447,1826007,0.0,0.0
1991-04-15,6.736420659916885,7.090969085693359,6.718693124595286,7.090969085693359,1355541,0.0,0.0
1991-04-16,7.002335032690609,7.002335032690609,6.825060742500065,6.895970344543457,1590984,0.0,0.0
1991-04-17,6.913698839271133,7.232792377471924,6.895971293779042,7.232792377471924,2077891,0.0,0.0
1991-04-18,7.374611237311962,7.463248383383056,7.30370106432378,7.339156150817871,2048803,0.0,0.0
1991-04-19,7.285974868035076,7.3214299610837505,7.126428089644517,7.179610729217529,2827855,0.0,0.0
1991-04-22,7.161883822487598,7.161883822487598,7.020064577952202,7.055519104003906,1124102,0.0,0.0
1991-04-23,7.09097366577027,7.108700642377888,6.825062174685044,7.002336502075195,1439010,0.0,0.0
1991-04-24,7.020064577952202,7.055519104003905,6.966881933628211,7.055519104003906,1187336,0.0,0.0
1991-04-25,7.055515855642634,7.073243395588866,6.949151186129262,6.9846062660217285,1058548,0.0,0.0
1991-04-26,6.984607865508556,6.984607865508556,6.86051619779578,6.9668803215026855,1121151,0.0,0.0
1991-04-29,7.002337501728748,7.090974678077664,6.949154853820801,6.949154853820801,733522,0.0,0.0
1991-04-30,6.984607025281949,7.144153761813487,6.966879483408648,7.1264262199401855,1433109,0.0,0.0
1991-05-01,7.090971706357671,7.179608845560091,7.0555166226110675,7.1264262199401855,1279870,0.0,0.0
1991-05-02,7.215063099369211,7.2859721183776855,7.090970890694321,7.2859721183776855,955687,0.0,0.0
1991-05-03,7.232790214486806,7.339154885466501,7.21506324446022,7.321427345275879,804767,0.0,0.0
1991-05-06,7.285974443783987,7.285974443783987,7.16188276566777,7.232792377471924,760713,0.0,0.0
1991-05-07,7.197339712995135,7.215067263059527,7.055519882644347,7.07324743270874,1114617,0.0,0.0
1991-05-08,7.055518473711407,7.197338275741867,7.037791497351308,7.179610729217529,719821,0.0,0.0
1991-05-09,7.215065707021472,7.356884936622444,7.179610614539113,7.2505202293396,1097754,0.0,0.0
1991-05-10,7.268247993160421,7.268247993160421,6.966881408531466,7.002336502075195,1148763,0.0,0.0
1991-05-13,7.0909735667600815,7.197338275741867,7.020063950826971,7.179610729217529,1104921,0.0,0.0
1991-05-14,7.232790069039318,7.303699658211816,7.17960801970095,7.2859721183776855,1814624,0.0,0.0
1991-05-15,7.232790069039318,7.339154737880077,7.215063099369211,7.2859721183776855,1945731,0.0,0.0
1991-05-16,7.303699805085258,7.339154885466501,7.268245294868049,7.321427345275879,1238978,0.0,0.0
1991-05-17,7.321428607570826,7.41006575364192,7.285973521076735,7.339156150817871,2153351,0.0,0.0
1991-05-20,7.427794199567534,7.640523604056209,7.41006665416611,7.622796058654785,1577494,0.0,0.0
1991-05-21,7.605068453925291,7.622795999188419,7.516431297773846,7.569613933563232,1289144,0.0,0.0
1991-05-22,7.569614184172649,7.746888502344611,7.569614184172649,7.711433410644531,1090798,0.0,0.0
1991-05-23,7.711433155339864,7.7468882458661215,7.516431297773846,7.569613933563232,1263640,0.0,0.0
1991-05-24,7.587339234923137,7.675976371521556,7.569612263734711,7.605066776275635,1021029,0.0,0.0
1991-05-28,7.622793439237445,7.764612613387162,7.587338360618013,7.658247947692871,1507515,0.0,0.0
1991-05-29,7.640522751814519,7.6759772684984835,7.551885604858398,7.551885604858398,1512363,0.0,0.0
1991-05-30,7.587343800700253,7.746891198718268,7.516434162783589,7.729163646697998,2381629,0.0,0.0
1991-05-31,7.746883887681796,7.959612600671406,7.693701281811485,7.870975494384766,1953530,0.0,0.0
1991-06-03,7.906436668929122,8.065983469386365,7.906436668929122,8.048255920410156,1870482,0.0,0.0
1991-06-04,8.030525962566692,8.225527218473697,7.906433735931229,8.172345161437988,1708390,0.0,0.0
1991-06-05,8.207807779370285,8.207807779370285,8.048260321502163,8.083715438842773,1193660,0.0,0.0
1991-06-06,8.083708869141862,8.101435843240672,7.800069871426754,7.853251934051514,1625553,0.0,0.0
1991-06-07,7.800070836958157,7.959617614746095,7.729161221292878,7.959617614746094,1137170,0.0,0.0
1991-06-10,7.959615374522526,8.012797998926482,7.906433320282647,7.995070457458496,661224,0.0,0.0
1991-06-11,7.906436086890073,7.941890612068158,7.817798918698449,7.835526466369629,1401702,0.0,0.0
1991-06-12,7.782343023880473,7.800070569730512,7.5518866383226095,7.711433410644531,1508147,0.0,0.0
1991-06-13,7.675977631750091,7.853251934051514,7.622795569125331,7.853251934051514,950628,0.0,0.0
1991-06-14,7.870980319539214,7.995072572478452,7.870980319539214,7.9241623878479,1286826,0.0,0.0
1991-06-17,7.906436086890073,7.959618159739338,7.817798918698449,7.835526466369629,718346,0.0,0.0
1991-06-18,7.81780231303731,7.9064395197135,7.764619646932883,7.782347202301025,1053279,0.0,0.0
1991-06-19,7.7468878088019935,7.90643456684044,7.675977631750091,7.853251934051514,991520,0.0,0.0
1991-06-20,7.853249698331574,7.924159285032255,7.835522729279406,7.888704776763916,1017446,0.0,0.0
1991-06-21,7.888705943402824,7.9773430824279785,7.853250859727127,7.9773430824279785,2804669,0.0,0.0
1991-06-24,7.909193735370063,7.909193735370063,7.693977367408895,7.729846954345703,1298840,0.30838,0.0
1991-06-25,7.747782597526649,7.765717394297257,7.622240173792298,7.67604398727417,1170052,0.0,0.0
1991-06-26,7.6760425739404905,7.729846954345703,7.640173563833524,7.729846954345703,899408,0.0,0.0
1991-06-27,7.747782711533998,7.783652305603027,7.693978897260411,7.783652305603027,1237081,0.0,0.0
1991-06-28,7.72984730166973,7.72984730166973,7.568434730031207,7.622239112854004,952947,0.0,0.0
1991-07-01,7.640176295547548,7.658111095428467,7.5505028729729995,7.658111095428467,1128528,0.0,0.0
1991-07-02,7.6581112897064285,7.74778413772583,7.640176489370523,7.74778413772583,862521,0.0,0.0
1991-07-03,7.711912627347415,7.711912627347415,7.622239231411164,7.6939778327941895,548034,0.0,0.0
1991-07-05,7.729847421900641,7.78365122873044,7.6939778327941895,7.6939778327941895,426412,0.0,0.0
1991-07-08,7.693980313548177,7.74778413772583,7.640176489370523,7.74778413772583,972971,0.0,0.0
1991-07-09,7.747781170984266,7.747781170984266,7.658108357301928,7.729846954345703,919643,0.0,0.0
1991-07-10,7.747776622637983,7.855384743447025,7.532560957849403,7.568429946899414,1828747,0.0,0.0
1991-07-11,7.622240751859641,7.783652781376624,7.586371155598093,7.76571798324585,1541029,0.0,0.0
1991-07-12,7.801587102637542,7.801587102637542,7.640175082986825,7.783652305603027,944304,0.0,0.0
1991-07-15,7.801584369098588,7.855388164520264,7.747779996847156,7.855388164520264,677033,0.0,0.0
1991-07-16,7.85539092340542,7.85539092340542,7.801587109087351,7.837456703186035,525480,0.0,0.0
1991-07-17,7.837458612759435,7.891262440186645,7.819523811340332,7.819523811340332,450020,0.0,0.0
1991-07-18,7.783652781376624,7.855391397069727,7.7119141656835195,7.76571798324585,1029461,0.0,0.0
1991-07-19,7.7657208332319305,7.855394279965577,7.729851800636594,7.801590442657471,1599205,0.0,0.0
1991-07-22,7.819520238418835,7.980932223777655,7.801585445194558,7.945062637329102,1336359,0.0,0.0
1991-07-23,7.927130698340189,7.9809345166406205,7.891261101586569,7.909195899963379,812355,0.0,0.0
1991-07-24,7.927130699157715,7.9809345174636945,7.855391505643075,7.927130699157715,1001637,0.0,0.0
1991-07-25,7.927132786952972,8.016805648803711,7.909197983850763,8.016805648803711,1149817,0.0,0.0
1991-07-26,8.016800287429703,8.016800287429703,7.945061699827444,7.980931282043457,563421,0.0,0.0
1991-07-29,7.962996490935451,7.980931282043457,7.909192694441198,7.980931282043457,760924,0.0,0.0
1991-07-30,7.945061699827444,8.016800287429703,7.909192694441198,7.980931282043457,1019765,0.0,0.0
1991-07-31,7.980930318116671,7.998865107058536,7.927126528120772,7.962995529174805,1085739,0.0,0.0
1991-08-01,7.980932717415685,8.070606112253728,7.962997923082103,7.998867511749268,904045,0.0,0.0
1991-08-02,8.052671668548411,8.052671668548411,7.855390075948736,7.873324871063232,559627,0.0,0.0
1991-08-05,7.801588538733547,7.873327163247107,7.693980313548177,7.74778413772583,715817,0.0,0.0
1991-08-06,7.7477801512989055,7.998866073151464,7.7477801512989055,7.980931282043457,705488,0.0,0.0
1991-08-07,8.016804896460167,8.016804896460167,7.801589009921229,7.819523811340332,939667,0.0,0.0
1991-08-08,7.837458139405359,7.891261963583013,7.729849914219988,7.74778413772583,911212,0.0,0.0
1991-08-09,7.78365122873044,7.78365122873044,7.676043038240964,7.6939778327941895,682513,0.0,0.0
1991-08-12,7.6939801183602565,7.711914918241176,7.658111095428467,7.658111095428467,646469,0.0,0.0
1991-08-13,7.658112529986166,7.765720195769215,7.622242923505045,7.6401777267456055,914795,0.0,0.0
1991-08-14,7.6760429188469335,7.693977713121199,7.622239112854005,7.622239112854004,812355,0.0,0.0
1991-08-15,7.676044466718378,7.7477830814516375,7.658110245657552,7.7119140625,871374,0.0,0.0
1991-08-16,7.711912868026325,7.747781881422325,7.478762262047694,7.532566070556641,1519529,0.0,0.0
1991-08-19,7.173871653986931,7.389087440203747,7.155936860928073,7.281479835510254,1613117,0.0,0.0
1991-08-20,7.3173493139640025,7.3173493139640025,7.209741125541175,7.24561071395874,1324556,0.0,0.0
1991-08-21,7.317348150404666,7.460825904430115,7.263544353163731,7.424956321716309,2460461,0.0,0.0
1991-08-22,7.42495283704036,7.7119076335879715,7.42495283704036,7.568429946899414,1554730,0.0,0.0
1991-08-23,7.586370580251083,7.80158698783847,7.586370580251083,7.67604398727417,844604,0.0,0.0
1991-08-26,7.7298488603908115,7.7298488603908115,7.658110245657552,7.7119140625,462456,0.0,0.0
1991-08-27,7.729848377585991,7.729848377585991,7.568435783480476,7.67604398727417,427677,0.0,0.0
1991-08-28,7.7119141656835195,7.76571798324585,7.676044569421971,7.76571798324585,874114,0.0,0.0
1991-08-29,7.819520817836891,7.819520817836891,7.6939778327941895,7.6939778327941895,540235,0.0,0.0
1991-08-30,7.6939801183602565,7.711914918241176,7.604306695785708,7.658111095428467,594828,0.0,0.0
1991-09-03,7.6401737860339844,7.676042797184135,7.550500392913818,7.550500392913818,529696,0.0,0.0
1991-09-04,7.586364729839172,7.622234295718687,7.55049574078916,7.568429946899414,521686,0.0,0.0
1991-09-05,7.60430537702169,7.693978784044777,7.586370580251083,7.67604398727417,540235,0.0,0.0
1991-09-06,7.67604675639657,7.67604675639657,7.586373317023924,7.6401777267456055,816570,0.0,0.0
1991-09-09,7.658103861598202,7.676038067708456,7.55049574078916,7.568429946899414,571641,0.0,0.0
1991-09-10,7.586367821346673,7.586367821346673,7.44289065301949,7.460825443267822,898354,0.0,0.0
1991-09-11,7.49669635906071,7.532565948706362,7.424957756599293,7.442892551422119,715395,0.0,0.0
1991-09-12,7.46082348126969,7.46082348126969,7.317345773843588,7.389084339141846,1273968,0.0,0.0
1991-09-13,7.460825416234862,7.5684330036754845,7.389086255501465,7.4070210456848145,1350482,0.0,0.0
1991-09-16,7.37115535875126,7.514633179173085,7.37115535875126,7.496698379516602,827110,0.0,0.0
1991-09-17,7.424953910205768,7.5146272610359865,7.371149553609884,7.389084339141846,683567,0.0,0.0
1991-09-18,7.407023081595904,7.550500865669589,7.353219273086957,7.532566070556641,605999,0.0,0.0
1991-09-19,7.550504287372959,7.67604675639657,7.514634680891838,7.6401777267456055,1081735,0.0,0.0
1991-09-20,7.693978190603346,7.693978190603346,7.586369995109541,7.604304790496826,1639043,0.0,0.0
1991-09-23,7.604302874823015,7.658107247430487,7.550499079045301,7.586368083953857,967069,0.0,0.0
1991-09-24,7.590000360892203,7.608158372455957,7.426579424836657,7.481052875518799,896246,0.30838,0.0
1991-09-25,7.517371525980119,7.608161031520851,7.481055490160096,7.59000301361084,418403,0.0,0.0
1991-09-26,7.59000301361084,7.626319049430863,7.499213508070107,7.59000301361084,818257,0.0,0.0
1991-09-27,7.4810532454016405,7.535527282786241,7.426579792026188,7.517369270324707,902780,0.0,0.0
1991-09-30,7.53552954389013,7.626319049430863,7.517371525980119,7.59000301361084,727831,0.0,0.0
1991-10-01,7.6081609139501785,7.662634382829097,7.6081609139501785,7.62631893157959,584078,0.0,0.0
1991-10-02,7.680790535418474,7.717106561859084,7.553685610894686,7.57184362411499,622862,0.0,0.0
1991-10-03,7.553684921773815,7.571842933337569,7.444737436400411,7.481052875518799,673028,0.0,0.0
1991-10-04,7.481052706017395,7.481052706017395,7.299473762512207,7.299473762512207,1048852,0.0,0.0
1991-10-07,7.263163175468374,7.281320614739423,7.1542156197945905,7.2086896896362305,949152,0.0,0.0
1991-10-08,7.154213557573441,7.19052959366634,7.081582069396973,7.081582069396973,1065293,0.0,0.0
1991-10-09,7.081581825942159,7.2086873638882665,7.063423808519956,7.1905293464660645,1033887,0.0,0.0
1991-10-10,7.245002037970564,7.353949546813965,7.181449567815767,7.353949546813965,954422,0.0,0.0
1991-10-11,7.372106660664626,7.372106660664626,7.22684313863639,7.335790634155273,661856,0.0,0.0
1991-10-14,7.335792401536954,7.644476949209001,7.317634383907543,7.62631893157959,838913,0.0,0.0
1991-10-15,7.644476890563965,7.735266394005209,7.590002838093631,7.644476890563965,1058759,0.0,0.0
1991-10-16,7.64447308411012,7.735262542344079,7.553683625876162,7.680788516998291,741954,0.0,0.0
1991-10-17,7.6444750929870375,7.6444750929870375,7.481053558013465,7.57184362411499,949363,0.0,0.0
1991-10-18,7.626315075661524,7.698946525446887,7.589999058764333,7.680788516998291,1500559,0.0,0.0
1991-10-21,7.680788516998291,7.7171045338954825,7.626315075661524,7.680788516998291,1012387,0.0,0.0
1991-10-22,7.7897380294002625,7.8078960426174655,7.608159065246581,7.608159065246582,1306850,0.0,0.0
1991-10-23,7.662633781434182,7.75342386245566,7.62631833303486,7.698949813842773,757341,0.0,0.0
1991-10-24,7.698948548638779,7.698948548638779,7.49921157123377,7.57184362411499,1765723,0.0,0.0
1991-10-25,7.589997274785821,7.626313283147176,7.517365842071995,7.55368185043335,783478,0.0,0.0
1991-10-28,7.55368738712272,7.680792341534876,7.535529369632609,7.644476890563965,613166,0.0,0.0
1991-10-29,7.644476349239156,7.698949813842773,7.608160316830564,7.698949813842773,862943,0.0,0.0
1991-10-30,7.698950638034141,7.771582126617432,7.662634601737829,7.771582126617432,1014706,0.0,0.0
1991-10-31,7.807900881807847,7.880532395683133,7.771584832865436,7.844216346740723,1185650,0.0,0.0
1991-11-01,7.807899537458072,7.898689060172591,7.753426057433135,7.789741516113281,1209679,0.0,0.0
1991-11-04,7.75342386245566,7.771581294650687,7.644476349239156,7.698949813842773,528642,0.0,0.0
1991-11-05,7.735266453346743,7.735266453346743,7.590002896320767,7.62631893157959,1191130,0.0,0.0
1991-11-06,7.62631833303486,7.717107830047069,7.590002300626268,7.698949813842773,1014706,0.0,0.0
1991-11-07,7.662634382829097,7.735266453346743,7.62631893157959,7.62631893157959,1040632,0.0,0.0
1991-11-08,7.680791912349505,7.717107945300469,7.626318446932338,7.662633895874023,854933,0.0,0.0
1991-11-11,7.680792341534876,7.680792341534876,7.590002838093631,7.644476890563965,369080,0.0,0.0
1991-11-12,7.6081609139501785,7.680792400458508,7.444739923304107,7.62631893157959,1328139,0.0,0.0
1991-11-13,7.55368738712272,7.680792341534876,7.55368738712272,7.644476890563965,708439,0.0,0.0
1991-11-14,7.626316384019711,7.626316384019711,7.462894863955045,7.481052875518799,1253522,0.0,0.0
1991-11-15,7.462899679525895,7.535531772648081,7.2086896896362305,7.2086896896362305,2173587,0.0,0.0
1991-11-18,7.299473814810268,7.37210585994001,7.245000364972071,7.281315803527832,1757924,0.0,0.0
1991-11-19,7.263158324216634,7.335789784816887,7.172368852464039,7.299473762512207,1597729,0.0,0.0
1991-11-20,7.35394568516064,7.408419118973002,7.299471667339338,7.372103691101074,1060235,0.0,0.0
1991-11-21,7.372109117273113,7.390267136578587,7.2450035661441605,7.3176350593566895,1859732,0.0,0.0
1991-11-22,7.281317294919028,7.372107369927226,7.208686402930931,7.22684383392334,1546299,0.0,0.0
1991-11-25,7.172372525556987,7.190530546008356,7.081583007309549,7.117898464202881,1300526,0.0,0.0
1991-11-26,7.154210892569004,7.317631826092703,6.972631947762869,7.281315803527832,1359546,0.0,0.0
1991-11-27,7.190529463935,7.263160950801054,7.1542134284973145,7.1542134284973145,581127,0.0,0.0
1991-11-29,7.1178973930596285,7.190529463935,7.099739375340786,7.1542134284973145,294252,0.0,0.0
1991-12-02,7.0997419962389126,7.263163632026931,7.081584555826496,7.2450056076049805,959270,0.0,0.0
1991-12-03,7.172372525556987,7.245004023353056,7.117898464202881,7.117898464202881,913109,0.0,0.0
1991-12-04,7.136054150054462,7.154212164565335,7.027107231007652,7.099738121032715,1017867,0.0,0.0
1991-12-05,7.045265140991621,7.099738604222347,7.045265140991621,7.063423156738281,551828,0.0,0.0
1991-12-06,7.008949216496778,7.245001653110487,7.008949216496778,7.099738121032715,975500,0.0,0.0
1991-12-09,7.1178975214805424,7.1723715756198905,7.045266033304073,7.081582069396973,801605,0.0,0.0
1991-12-10,7.063425880094471,7.117899364327853,6.918162282122985,6.9363203048706055,1759610,0.0,0.0
1991-12-11,6.990792563174054,7.081582069396973,6.918160490988256,7.081582069396973,1986833,0.0,0.0
1991-12-12,7.081578833064331,7.117894268551485,7.008947378080961,7.045262813568115,1187969,0.0,0.0
1991-12-13,7.081579377946327,7.263158321380615,7.081579377946327,7.263158321380615,915217,0.0,0.0
1991-12-16,7.226842299090115,7.335789781952508,7.226842299090115,7.263158321380615,859570,0.0,0.0
1991-12-17,7.263163175468374,7.281320614739423,7.2086896896362305,7.2086896896362305,971285,0.0,0.0
1991-12-18,7.245000310235365,7.281315748516758,7.117894816227721,7.263158321380615,692420,0.0,0.0
1991-12-19,7.208690142770614,7.2450056076049805,7.117900020660863,7.2450056076049805,923859,0.0,0.0
1991-12-20,7.35394568516064,7.372103691101074,7.263156239467409,7.372103691101074,2395119,0.0,0.0
1991-12-23,7.335790620269372,7.608159066546428,7.335790620269372,7.57184362411499,925334,0.0,0.0
1991-12-24,7.593910843243058,7.704234116315196,7.501974880913607,7.68584680557251,765140,0.30838,0.0
1991-12-26,7.667457882851671,7.796167838295725,7.667457882851671,7.777780532836914,537495,0.0,0.0
1991-12-27,7.741008737800569,7.741008737800569,7.649072775471118,7.68584680557251,686518,0.0,0.0
1991-12-30,7.649072947696949,7.869718907425288,7.593911014226868,7.851332187652588,1147288,0.0,0.0
1991-12-31,7.851330900235328,7.943266258175761,7.814556283952037,7.906492233276367,1287669,0.0,0.0
1992-01-02,7.86972199898514,7.998432636260985,7.814560635229336,7.998432636260986,1009015,0.0,0.0
1992-01-03,7.9800408744590525,8.03520279888399,7.869717616993076,7.906492233276367,1038735,0.0,0.0
1992-01-06,7.906490247102158,7.980038869808836,7.630682468414307,7.630682468414307,1210944,0.0,0.0
1992-01-07,7.649073681588151,8.053591608926952,7.612299055746418,8.035204887390137,1710287,0.0,0.0
1992-01-08,7.980043542641321,8.145528188479265,7.961656228351751,8.071979522705078,1500559,0.0,0.0
1992-01-09,8.071979386083472,8.071979386083472,7.924882057024782,7.961656093597412,928285,0.0,0.0
1992-01-10,7.998431327157224,8.053592681884766,7.888108026318011,8.053592681884766,1187547,0.0,0.0
1992-01-13,8.016816947475295,8.127140224988075,7.869719046996919,7.9248809814453125,2031730,0.0,0.0
1992-01-14,7.906487797289945,7.943261801557045,7.50196961066689,7.649067401885986,3098921,0.0,0.0
1992-01-15,7.704231902385481,7.814555143754536,7.630683271934048,7.777780532836914,3319820,0.0,0.0
1992-01-16,7.79617284202571,8.476499440961412,7.79617284202571,8.384563446044922,3782066,0.0,0.0
1992-01-17,8.366172619205344,8.421333956461577,8.127139369249738,8.237462043762207,2167263,0.0,0.0
1992-01-20,8.219078065282137,8.311014650276258,8.200691339667495,8.255852699279785,1151714,0.0,0.0
1992-01-21,8.21907267879139,8.255847288688253,8.163911355329887,8.18229866027832,1484329,0.0,0.0
1992-01-22,8.182302207988965,8.20068952090983,7.980042948627538,8.035204887390137,1010701,0.0,0.0
1992-01-23,8.053591608926952,8.090366234768684,7.980042948627538,8.035204887390137,753968,0.0,0.0
1992-01-24,7.9984302473058495,8.0352048730821,7.943268308641476,7.980042934417725,1298840,0.0,0.0
1992-01-27,7.961656093597412,7.98004340757577,7.851333392495438,7.961656093597412,812776,0.0,0.0
1992-01-28,7.943268308641476,8.0352048730821,7.924881587137402,7.980042934417725,592298,0.0,0.0
1992-01-29,7.961654851908464,7.980042163019161,7.722621581621381,7.796170234680176,1186704,0.0,0.0
1992-01-30,7.86972199898514,8.12714327353683,7.832947953609347,7.998432636260986,1057073,0.0,0.0
1992-01-31,8.090366220362423,8.16391488053087,7.9800429344177255,7.980042934417725,952736,0.0,0.0
1992-02-03,7.98004340757577,8.090366700061828,7.943268779619055,7.961656093597412,648788,0.0,0.0
1992-02-04,7.961656228351751,8.090366836994647,7.961656228351751,8.071979522705078,913952,0.0,0.0
1992-02-05,8.090364456176758,8.163913100307182,7.998428503167748,8.090364456176758,889080,0.0,0.0
1992-02-06,8.16391904959853,8.311017036437988,8.108757674148952,8.311017036437988,952947,0.0,0.0
1992-02-07,8.329401965940107,8.421337368151129,8.09036802776207,8.219078063964844,2092435,0.0,0.0
1992-02-10,8.200691104187966,8.458111760627226,8.182303787717126,8.421337127685547,1228439,0.0,0.0
1992-02-11,8.38456187796982,8.402948600407093,8.21907664496172,8.274238586425781,1556838,0.0,0.0
1992-02-12,8.274238586425781,8.311013214068486,8.108753944801762,8.274238586425781,1613749,0.0,0.0
1992-02-13,8.292627450339014,8.366176127988366,8.200691455431276,8.34778881072998,1278394,0.0,0.0
1992-02-14,8.29262824377624,8.641984939575195,8.255853605740878,8.641984939575195,1772257,0.0,0.0
1992-02-18,8.660369811137876,8.807467138940542,8.237463958783074,8.274238586425781,2009809,0.0,0.0
1992-02-19,8.274236662855659,8.458108575555029,8.237462043762207,8.237462043762207,1230758,0.0,0.0
1992-02-20,8.3110078543399,8.494879691207217,8.255845948449485,8.458105087280273,1887344,0.0,0.0
1992-02-21,8.439724325011186,8.605208988144234,8.237465029455613,8.366175651550293,2151033,0.0,0.0
1992-02-24,8.347788453186354,8.55004775159726,8.347788453186354,8.421337127685547,979716,0.0,0.0
1992-02-25,8.439724325011186,8.439724325011186,8.274239661878138,8.366175651550293,1023769,0.0,0.0
1992-02-26,8.347788692889724,8.494886637496133,8.255852699279785,8.255852699279785,967701,0.0,0.0
1992-02-27,8.255852697956598,8.347788691551802,8.200691338353149,8.219078063964844,635087,0.0,0.0
1992-02-28,8.292621898585118,8.347783222046619,8.145524050381455,8.18229866027832,647312,0.0,0.0
1992-03-02,8.237465498563855,8.384563445246751,8.21907818130547,8.34778881072998,681670,0.0,0.0
1992-03-03,8.402948522115564,8.550046439931775,8.366174486199565,8.531659126281738,1304321,0.0,0.0
1992-03-04,8.421334775116147,8.623594017024264,8.2926247785448,8.51327133178711,1177219,0.0,0.0
1992-03-05,8.384563445246751,8.439724805637718,8.329402084855785,8.34778881072998,1014073,0.0,0.0
1992-03-06,8.34779108960959,8.421339787337143,8.311017036437988,8.311017036437988,964540,0.0,0.0
1992-03-09,8.255847288688253,8.292621898585118,8.108750031868386,8.18229866027832,715395,0.0,0.0
1992-03-10,8.237465382280961,8.329401967275082,8.200691339667495,8.255852699279785,1062975,0.0,0.0
1992-03-11,8.25585506960406,8.311017036437988,8.182306371876505,8.311017036437988,727831,0.0,0.0
1992-03-12,8.292627450339014,8.402950171120947,8.292627450339014,8.34778881072998,702116,0.0,0.0
1992-03-13,8.421331920147429,8.476493835449219,8.402944615046833,8.476493835449219,715395,0.0,0.0
1992-03-16,8.421334775116147,8.51327133178711,8.384560743831761,8.51327133178711,670920,0.0,0.0
1992-03-17,8.531658125704904,8.862627958437805,8.531658125704904,8.789078712463379,1699326,0.0,0.0
1992-03-18,8.770694732666016,8.844244006579373,8.733920687093567,8.770694732666016,1175111,0.0,0.0
1992-03-19,8.752304213134714,8.881014795327626,8.715529592112746,8.807465553283691,933555,0.0,0.0
1992-03-20,8.844244956970215,8.844244956970215,8.770695675153348,8.844244956970215,1668974,0.0,0.0
1992-03-23,8.807464612191689,9.101659774780273,8.789077303645419,9.101659774780273,1286615,0.0,0.0
1992-03-24,9.10166024345305,9.193596199534557,9.009724287371544,9.083272933959961,2175905,0.0,0.0
1992-03-25,9.06841144590764,9.086994375047885,8.994080327022246,9.031246185302734,1339521,0.30838,0.0
1992-03-26,9.031245557448965,9.161325454711914,9.031245557448965,9.161325454711914,1109558,0.0,0.0
1992-03-27,9.142735467462822,9.235648839612113,9.031238584138567,9.049820899963379,908471,0.0,0.0
1992-03-30,9.031246458100949,9.049828790126911,8.864000688462502,8.882583618164062,836595,0.0,0.0
1992-03-31,8.863994573540245,8.901160407304115,8.82682933745156,8.845412254333496,927020,0.0,0.0
1992-04-01,8.771084785461426,8.845415885830711,8.715336011927889,8.771084785461426,1126420,0.0,0.0
1992-04-02,8.808251183643726,8.882582293690932,8.771085927457879,8.863999366760254,709071,0.0,0.0
1992-04-03,8.919743324186049,8.994074394038602,8.808246420569626,8.845412254333496,1042951,0.0,0.0
1992-04-06,8.845410644489833,9.049820899963379,8.826827730989944,9.049820899963379,982245,0.0,0.0
1992-04-07,9.04982173177051,9.04982173177051,8.696748733520508,8.696748733520508,2102131,0.0,0.0
1992-04-08,8.659587836069782,8.808250036808353,8.603839660211676,8.771084785461426,2273919,0.0,0.0
1992-04-09,8.752501860950247,8.826832961319532,8.67817016290553,8.771084785461426,1687523,0.0,0.0
1992-04-10,8.882578832641594,9.012658672795919,8.845413590936984,8.975493431091309,1359124,0.0,0.0
1992-04-13,8.938327591711422,8.994075753105976,8.938327591711422,8.975493431091309,642886,0.0,0.0
1992-04-14,8.994076721703008,9.142739497557184,8.975494397687159,9.105573654174805,1339943,0.0,0.0
1992-04-15,9.10557309853203,9.291401108753595,9.012659093421247,9.25423526763916,1067823,0.0,0.0
1992-04-16,9.179905704025515,9.291402648166489,9.142740454428793,9.2356538772583,1665180,0.0,0.0
1992-04-20,9.21707428135401,9.30998832937965,8.919749208136853,9.031246185302734,1935824,0.0,0.0
1992-04-21,8.919750943570524,8.994082076917842,8.864002145303264,8.956916809082031,1223802,0.0,0.0
1992-04-22,8.91974467202148,9.086989753880415,8.901161752331536,8.975493431091309,1512995,0.0,0.0
1992-04-23,9.049824889101236,9.198487664955412,9.031242565085387,9.105573654174805,1397486,0.0,0.0
1992-04-24,9.179904743264222,9.217070586646601,9.086990732483615,9.105573654174805,847555,0.0,0.0
1992-04-27,9.105571174251258,9.217068076356613,9.086988257621169,9.124154090881348,674714,0.0,0.0
1992-04-28,9.142737007511435,9.179902243096436,9.105571174251258,9.124154090881348,692420,0.0,0.0
1992-04-29,9.086989980973371,9.179903984069824,9.086989980973371,9.179903984069824,783478,0.0,0.0
1992-04-30,9.198488627661579,9.291402648166489,9.142740454428793,9.2356538772583,1158459,0.0,0.0
1992-05-01,9.272817987166277,9.272817987166277,9.031241818185617,9.179903984069824,714341,0.0,0.0
1992-05-04,9.086989785251097,9.23565194793331,9.086989785251097,9.217069625854492,750596,0.0,0.0
1992-05-05,9.17990778488473,9.254238898602612,9.124159599015202,9.161325454711914,1021872,0.0,0.0
1992-05-06,9.12415696376217,9.12415696376217,8.994077104069087,9.012660026550293,1123891,0.0,0.0
1992-05-07,9.031246185302734,9.124160233328373,8.975497995557584,9.031246185302734,843972,0.0,0.0
1992-05-08,9.031239090618154,9.049821407485078,8.863993457414955,8.901159286499023,1179116,0.0,0.0
1992-05-11,8.938327591711422,9.012658672795919,8.901161752331536,8.975493431091309,682513,0.0,0.0
1992-05-12,8.99407275713879,9.105569640463045,8.99407275713879,9.049820899963379,1126842,0.0,0.0
1992-05-13,9.086994757008757,9.142743546772822,9.031246564920298,9.068411827087402,1168155,0.0,0.0
1992-05-14,9.068403813463268,9.086986726963156,9.012655670638678,9.049820899963379,711601,0.0,0.0
1992-05-15,9.031249500837244,9.04983183912382,8.901169546776423,8.938335418701172,1698694,0.0,0.0
1992-05-18,8.975499741837785,9.049830277509406,8.938333876326277,8.956916809082031,517681,0.0,0.0
1992-05-19,9.012655684241729,9.142735481262207,8.901158800749188,9.142735481262207,767458,0.0,0.0
1992-05-20,9.217073610644638,9.347153507485089,9.124159569380181,9.291404724121094,1072249,0.0,0.0
1992-05-21,9.235652525958264,9.272818367792528,9.179904360882185,9.198487281799316,1080681,0.0,0.0
1992-05-22,9.198490712733085,9.217073640581441,9.124159599015202,9.161325454711914,598200,0.0,0.0
1992-05-26,9.16132631213044,9.179908644042397,8.97549821160611,8.994080543518066,1149817,0.0,0.0
1992-05-27,8.994082076917842,9.012665009673595,8.882585078059016,8.956916809082031,673660,0.0,0.0
1992-05-28,8.994075784155893,9.217069625854492,8.975493462077075,9.217069625854492,601573,0.0,0.0
1992-05-29,9.179908808939926,9.235657001028384,9.068411827087402,9.068411827087402,661856,0.0,0.0
1992-06-01,9.086990732483615,9.105573654174805,9.012659643394198,9.105573654174805,653636,0.0,0.0
1992-06-02,9.142738939646465,9.347149870425248,9.124156019089247,9.25423526763916,1083210,0.0,0.0
1992-06-03,9.25423506701193,9.291400907320627,9.179903984069824,9.179903984069824,754179,0.0,0.0
1992-06-04,9.161322037640367,9.272818367792528,9.161322037640367,9.198487281799316,787482,0.0,0.0
1992-06-05,9.198491261910247,9.291405309023729,9.161326001670199,9.272822380065918,779051,0.0,0.0
1992-06-08,9.235652525958264,9.347150051461055,9.198487281799316,9.198487281799316,570166,0.0,0.0
1992-06-09,9.217074503217502,9.23565683512946,8.994080543518066,8.994080543518066,963486,0.0,0.0
1992-06-10,9.049829263469848,9.161326847510988,9.031246930471953,9.086995124816895,890133,0.0,0.0
1992-06-11,9.068406865497,9.217069625854492,8.994075784155893,9.217069625854492,906153,0.0,0.0
1992-06-12,9.25423176707967,9.272814680607606,9.142735481262207,9.142735481262207,538338,0.0,0.0
1992-06-15,9.124160986163941,9.142743916837466,9.031246930471953,9.086995124816895,580073,0.0,0.0
1992-06-16,9.086994593780233,9.105577523367785,8.956915282018558,8.994080543518066,720243,0.0,0.0
1992-06-17,8.956908030125128,8.994073261534085,8.863993457414955,8.901159286499023,954633,0.0,0.0
1992-06-18,8.86399727359967,8.882580196142143,8.510924135994156,8.548089981079102,1629347,0.0,0.0
1992-06-19,8.5109224319458,8.54808826958944,8.28792919910971,8.5109224319458,3704287,0.0,0.0
1992-06-22,8.47375719197741,8.5109224319458,8.36226027672174,8.5109224319458,693263,0.0,0.0
1992-06-23,8.529507637023926,8.529507637023926,8.455176539488127,8.529507637023926,684410,0.0,0.0
1992-06-24,8.495681762695312,8.533272908460098,8.420498262116782,8.495681762695312,979927,0.30838,0.0
1992-06-25,8.608453810828918,8.608453810828918,8.476883924336533,8.552066802978516,1021240,0.0,0.0
1992-06-26,8.514475665919695,8.589657940037338,8.514475665919695,8.552066802978516,554357,0.0,0.0
1992-06-29,8.570858288127708,8.702428711820854,8.570858288127708,8.683632850646973,568901,0.0,0.0
1992-06-30,8.70242668980961,8.7588136557057,8.608447405776309,8.664834976196289,1043794,0.0,0.0
1992-07-01,8.683635410507998,8.683635410507998,8.55206494802901,8.62724781036377,718767,0.0,0.0
1992-07-02,8.60845173481573,8.627247601074501,8.40169841501763,8.458086013793945,666072,0.0,0.0
1992-07-06,8.43929167799392,8.43929167799392,8.15735544655602,8.251334190368652,1198086,0.0,0.0
1992-07-07,8.270126166523706,8.270126166523706,7.950598346182293,7.969394207000732,2090328,0.0,0.0
1992-07-08,7.969394207000732,7.988190067819172,7.837824390319694,7.969394207000732,2516529,0.0,0.0
1992-07-09,8.00698385249743,8.119757779118746,8.00698385249743,8.08216667175293,1562740,0.0,0.0
1992-07-10,8.138561248779297,8.17615299583648,8.100970106246542,8.138561248779297,744061,0.0,0.0
1992-07-13,8.10096844207816,8.27013006003604,8.10096844207816,8.251334190368652,787693,0.0,0.0
1992-07-14,8.251334480688666,8.326517357479192,8.213743344555565,8.307722091674805,839967,0.0,0.0
1992-07-15,8.138560420486552,8.157356292102216,8.025786399841309,8.025786399841309,1428893,0.0,0.0
1992-07-16,8.063378402779746,8.063378402779746,7.837829732790624,8.006991386413574,1550514,0.0,0.0
1992-07-17,7.9506037655229695,8.063378402779746,7.875420875526595,8.006991386413574,1707547,0.0,0.0
1992-07-20,7.96939576017537,8.157353195943202,7.95059989569376,8.11976146697998,495338,0.0,0.0
1992-07-21,8.119765419145919,8.119765419145919,8.006991386413574,8.006991386413574,558362,0.0,0.0
1992-07-22,7.950599670410157,7.969395534359179,7.894212683087211,7.950599670410156,807507,0.0,0.0
1992-07-23,7.98819449990765,8.176152003328435,7.969398628660701,8.063377380371094,1185018,0.0,0.0
1992-07-24,8.119762029690593,8.326515344268321,8.100966768430581,8.288924217224121,1114195,0.0,0.0
1992-07-27,8.270134752301574,8.326521788772013,8.213747715831136,8.232542991638184,616538,0.0,0.0
1992-07-28,8.251336594864046,8.495681762695312,8.157357823665363,8.495681762695312,1483907,0.0,0.0
1992-07-29,8.646041128299206,8.758815690818471,8.589653544777558,8.683632850646973,1397276,0.0,0.0
1992-07-30,8.683632637869515,8.683632637869515,8.627245055729547,8.646040916442871,918800,0.0,0.0
1992-07-31,8.664836927679819,8.796406745910645,8.627245205600138,8.796406745910645,733522,0.0,0.0
1992-08-03,8.7024320400074,8.77761430440782,8.570861565996012,8.589656829833984,525902,0.0,0.0
1992-08-04,8.589653544777558,8.702428711820854,8.589653544777558,8.683632850646973,423251,0.0,0.0
1992-08-05,8.702428817749023,8.721224074627656,8.664837094943682,8.702428817749023,394795,0.0,0.0
1992-08-06,8.683632956346353,8.740019936030327,8.664837094943682,8.702428817749023,391633,0.0,0.0
1992-08-07,8.740026326002099,8.852800972345417,8.47688588755068,8.495681762695312,1127896,0.0,0.0
1992-08-10,8.495678794517614,8.608452796936035,8.439291188784136,8.608452796936035,470255,0.0,0.0
1992-08-11,8.608451943649028,8.664839543793255,8.570860814743751,8.62724781036377,679140,0.0,0.0
1992-08-12,8.589655868556958,8.627247601074501,8.382903153283053,8.458086013793945,503980,0.0,0.0
1992-08-13,8.439294815063477,8.4580906917177,8.382907789625333,8.439294815063477,595249,0.0,0.0
1992-08-14,8.4204964065826,8.589658036559008,8.38290526910137,8.570862770080566,618857,0.0,0.0
1992-08-17,8.514471054077148,8.570858031385681,8.495675193466301,8.514471054077148,458451,0.0,0.0
1992-08-18,8.495680648715064,8.5708635349109,8.458088903354946,8.533271789550781,459505,0.0,0.0
1992-08-19,8.552066802978516,8.646045552412078,8.533270932186936,8.552066802978516,686518,0.0,0.0
1992-08-20,8.53326609576485,8.589653071656654,8.476879119873047,8.476879119873047,57122,0.0,0.0
1992-08-21,8.533268554304442,8.570860285412282,8.27012825012207,8.27012825012207,1437746,0.0,0.0
1992-08-24,8.157350864141005,8.232533696052082,8.100963891338688,8.213738441467285,1211155,0.0,0.0
1992-08-25,8.232534331550152,8.232534331550152,8.138555633275772,8.15735149383545,1157405,0.0,0.0
1992-08-26,8.119760825620896,8.194944277608789,8.025782719684207,8.176148414611816,838703,0.0,0.0
1992-08-27,8.213745024257898,8.232540293905899,8.1385615275681,8.19494915008545,826899,0.0,0.0
1992-08-28,8.27013247000868,8.495681762695312,8.27013247000868,8.495681762695312,910369,0.0,0.0
1992-08-31,8.476881880052717,8.476881880052717,8.420494281276403,8.458086013793945,721508,0.0,0.0
1992-09-01,8.439285166383083,8.53326383768335,8.40169345605344,8.420489311218262,692420,0.0,0.0
1992-09-02,8.458086960346858,8.589656829833984,8.401699355260149,8.589656829833984,812355,0.0,0.0
1992-09-03,8.589656829833984,8.60845269819622,8.458086960346858,8.589656829833984,677665,0.0,0.0
1992-09-04,8.495677588805966,8.5520645820127,8.364107131958008,8.364107131958008,385942,0.0,0.0
1992-09-08,8.401699117497,8.458086720987971,8.345312118530273,8.345312118530273,785375,0.0,0.0
1992-09-09,8.364102350247636,8.476876876712724,8.345306495082816,8.420489311218262,764296,0.0,0.0
1992-09-10,8.476879332855452,8.514471054077148,8.382900634325223,8.514471054077148,586396,0.0,0.0
1992-09-11,8.514470840150247,8.514470840150247,8.458083259734446,8.476879119873047,647734,0.0,0.0
1992-09-14,8.702430936898583,8.890388387647178,8.646043338959494,8.87159252166748,2037210,0.0,0.0
1992-09-15,8.777611022190712,8.81520274485849,8.70242878590323,8.75881576538086,1225699,0.0,0.0
1992-09-16,8.702428451137607,8.721223707224441,8.495675193466301,8.514471054077148,1296522,0.0,0.0
1992-09-17,8.570858031385681,8.570858031385681,8.476879332855452,8.514471054077148,911422,0.0,0.0
1992-09-18,8.570858392454367,8.7964069157143,8.552062531051696,8.702428817749023,1832541,0.0,0.0
1992-09-21,8.7024320400074,8.721227303845374,8.570861565996012,8.589656829833984,1049906,0.0,0.0
1992-09-22,8.570864658749365,8.570864658749365,8.458090012406046,8.495681762695312,979927,0.0,0.0
1992-09-23,8.495675193466301,8.514471054077148,8.420491751022906,8.514471054077148,870320,0.0,0.0
1992-09-24,8.518278566693995,8.59433511128452,8.518278566693995,8.556306838989258,719611,0.30838,0.0
1992-09-25,8.51827885389075,8.53729299067945,8.423208781491597,8.49926471710205,689890,0.0,0.0
1992-09-28,8.461234945963257,8.670389175415039,8.423206681865045,8.670389175415039,746591,0.0,0.0
1992-09-29,8.613347390811914,8.74644509206727,8.575319126713701,8.670389175415039,1300316,0.0,0.0
1992-09-30,8.632365440069162,8.689407254597834,8.5372953414917,8.5372953414917,566793,0.0,0.0
1992-10-01,8.55630628671868,8.613348691479748,8.423207953820476,8.480250358581543,755444,0.0,0.0
1992-10-02,8.461235789746388,8.480249923691646,8.176025615200247,8.195039749145508,941986,0.0,0.0
1992-10-05,8.061941423072941,8.195039749145508,7.833773038818328,8.195039749145508,1703331,0.0,0.0
1992-10-06,8.118978866796253,8.252076500044264,8.042922377461524,8.176020622253418,971917,0.0,0.0
1992-10-07,8.176024548930464,8.290108726179572,8.099968634612448,8.214052200317383,1167523,0.0,0.0
1992-10-08,8.252081199070545,8.423207174431093,8.176025277970773,8.38517951965332,542554,0.0,0.0
1992-10-09,8.309124227108173,8.328137750163249,8.118984104203227,8.1379976272583,821418,0.0,0.0
1992-10-12,8.137995079547345,8.271093368530273,8.137995079547345,8.271093368530273,445172,0.0,0.0
1992-10-13,8.309121394360915,8.328134910933898,8.214050753775666,8.252079010009766,537495,0.0,0.0
1992-10-14,8.214049600165033,8.252077851058308,8.004896054883964,8.023909568786621,793806,0.0,0.0
1992-10-15,7.985883107768896,8.157009038950614,7.947854851264482,8.042924880981445,659116,0.0,0.0
1992-10-16,8.118982766077997,8.214052200317383,7.98588445736334,8.214052200317383,1554098,0.0,0.0
1992-10-19,8.176023336840776,8.347149271573054,8.176023336840776,8.271093368530273,741321,0.0,0.0
1992-10-20,8.271090622377947,8.309118867045312,8.118978866796253,8.176020622253418,503770,0.0,0.0
1992-10-21,8.137994852851536,8.271093138126815,8.023910695693305,8.252079010009766,542764,0.0,0.0
1992-10-22,8.23307016869931,8.404196820096432,8.23307016869931,8.328140258789062,1003534,0.0,0.0
1992-10-23,8.328135142926337,8.328135142926337,8.176023336840776,8.271093368530273,409971,0.0,0.0
1992-10-26,8.252080036114473,8.366164207458496,8.17602412573317,8.366164207458496,367604,0.0,0.0
1992-10-27,8.442222918280297,8.59433540104555,8.442222918280297,8.49926471710205,1158038,0.0,0.0
1992-10-28,8.461239384938633,8.5372953414917,8.385183428385567,8.5372953414917,719611,0.0,0.0
1992-10-29,8.5372953414917,8.556309483516095,8.442225242914239,8.5372953414917,439903,0.0,0.0
1992-10-30,8.480251191857697,8.59433540104555,8.461237055068997,8.49926471710205,735630,0.0,0.0
1992-11-02,8.518275260925293,8.575317647231202,8.480247614932107,8.518275260925293,945569,0.0,0.0
1992-11-03,8.518278527914802,8.518278527914802,8.423208459153773,8.442222595214844,725934,0.0,0.0
1992-11-04,8.404196820096432,8.480252769859344,8.328140258789062,8.328140258789062,665229,0.0,0.0
1992-11-05,8.32813762197993,8.385180024900006,8.309124099217504,8.347151756286621,417138,0.0,0.0
1992-11-06,8.328135142926337,8.328135142926337,8.214050982590125,8.271093368530273,701483,0.0,0.0
1992-11-09,8.271093826173736,8.309122085571289,8.25207969647496,8.309122085571289,991309,0.0,0.0
1992-11-10,8.30912285764512,8.328136377566492,8.214052200317383,8.214052200317383,976133,0.0,0.0
1992-11-11,8.214052708863088,8.233066841505831,8.080955003452305,8.118983268737793,1113984,0.0,0.0
1992-11-12,8.13800070501135,8.195043130382572,8.118987174765449,8.157014846801758,1152979,0.0,0.0
1992-11-13,8.138000176516371,8.157014317071969,8.061944225838445,8.080958366394043,430839,0.0,0.0
1992-11-16,8.061942100524902,8.09997037161097,8.023913829438833,8.061942100524902,485853,0.0,0.0
1992-11-17,8.023913305575642,8.080955708480575,7.947857379913329,7.94785737991333,971706,0.0,0.0
1992-11-18,7.947854851264482,8.099967265738064,7.947854851264482,8.042924880981445,806874,0.0,0.0
1992-11-19,8.023909568786621,8.061937819679896,8.004896054883964,8.023909568786621,620754,0.0,0.0
1992-11-20,8.118980196019809,8.118980196019809,7.985881929437327,8.023909568786621,1602156,0.0,0.0
1992-11-23,8.042929332247494,8.042929332247494,7.909831583908784,7.98588752746582,898354,0.0,0.0
1992-11-24,7.9858882751605185,8.195042598183166,7.928846465038191,8.080958366394043,1100705,0.0,0.0
1992-11-25,8.042924880981445,8.080953137485858,8.004897236021103,8.042924880981445,1391584,0.0,0.0
1992-11-27,8.09997272491455,8.233070489296377,8.061944442780039,8.09997272491455,949785,0.0,0.0
1992-11-30,8.13800039550458,8.157014536571836,8.042930301712783,8.09997272491455,1967863,0.0,0.0
1992-12-01,8.080955710625732,8.366165890593313,8.06194157631904,8.347151756286621,1690474,0.0,0.0
1992-12-02,8.42320583244905,8.480248222844079,8.290108144615578,8.461234092712402,1550514,0.0,0.0
1992-12-03,8.461235667642184,8.499263323439672,8.385179744502961,8.404193878173828,774625,0.0,0.0
1992-12-04,8.442221307592094,8.518277228691867,8.38517951965332,8.38517951965332,1416668,0.0,0.0
1992-12-07,8.42320740030045,8.461235667642184,8.290109687692873,8.404193878173828,847766,0.0,0.0
1992-12-08,8.442214874968542,8.651368957284205,8.442214874968542,8.613341331481934,1491495,0.0,0.0
1992-12-09,8.613347390811914,8.670389175415039,8.556304994664595,8.670389175415039,861889,0.0,0.0
1992-12-10,8.59433511128452,8.632362772035458,8.518278566693995,8.556306838989258,961799,0.0,0.0
1992-12-11,8.537292702841626,8.65137690818309,8.518278566693995,8.556306838989258,615484,0.0,0.0
1992-12-14,8.537292663975872,8.556306800036943,8.442222595214844,8.442222595214844,588082,0.0,0.0
1992-12-15,8.461239384938633,8.594337767564886,8.442225242914239,8.5372953414917,833222,0.0,0.0
1992-12-16,8.518276730566383,8.689402695919952,8.518276730566383,8.670389175415039,1545666,0.0,0.0
1992-12-17,8.632361021161712,8.746445203363852,8.632361021161712,8.708416938781738,941986,0.0,0.0
1992-12-18,8.72743419967611,8.974616784981253,8.68940592146165,8.955602645874023,2615175,0.0,0.0
1992-12-21,8.898554681539302,8.955597063302989,8.841512911319656,8.860527038574219,966437,0.0,0.0
1992-12-22,8.822499848960906,8.936584014714455,8.784472201405796,8.898555755615234,1092274,0.0,0.0
1992-12-23,8.936584630153506,8.993627022730697,8.841514587402344,8.841514587402344,1278605,0.0,0.0
1992-12-24,8.710756301879883,8.74921401165297,8.672297973646609,8.710756301879883,476579,0.30838,0.0
1992-12-28,8.710757411366163,8.787672840709032,8.576153863865484,8.749215126037598,640146,0.0,0.0
1992-12-29,8.768446293011676,8.883820700267693,8.691530227661133,8.691530227661133,569112,0.0,0.0
1992-12-30,8.806906821258604,8.941510442335588,8.787677644181807,8.922281265258789,642464,0.0,0.0
1992-12-31,8.94150838285971,8.979966109694828,8.806904792785645,8.806904792785645,785585,0.0,0.0
1993-01-04,8.826135635375977,8.922280898345557,8.806906459089944,8.826135635375977,733101,0.0,0.0
1993-01-05,8.787675620137856,8.845363138081224,8.749217893302736,8.806904792785645,971495,0.0,0.0
1993-01-06,8.806906459089944,8.883823164234071,8.787677282803914,8.826135635375977,616749,0.0,0.0
1993-01-07,8.826128574347113,8.86458689615197,8.633838202242995,8.672296524047852,1130636,0.0,0.0
1993-01-08,8.691529342147874,8.787673950195312,8.633841835167,8.787673950195312,874536,0.0,0.0
1993-01-11,8.749217350964535,8.787675075415773,8.576156044782913,8.59538459777832,688626,0.0,0.0
1993-01-12,8.556926873327082,8.653072112145809,8.422323291596697,8.59538459777832,867158,0.0,0.0
1993-01-13,8.576156950732129,8.59538550575876,8.403095626269034,8.49924087524414,976133,0.0,0.0
1993-01-14,8.499234700225955,8.499234700225955,8.230027703916416,8.268486022949219,1111455,0.0,0.0
1993-01-15,8.230027703916416,8.383860361587587,8.172340843827252,8.268486022949219,2909849,0.0,0.0
1993-01-18,8.268489039850838,8.34540508752056,8.210802158713614,8.306946754455566,839335,0.0,0.0
1993-01-19,8.287719087771025,8.287719087771025,8.172344694766403,8.210803031921387,1216214,0.0,0.0
1993-01-20,8.210807333437984,8.210807333437984,8.133890618832524,8.172348976135254,1365026,0.0,0.0
1993-01-21,8.153118133544922,8.172347308271878,8.095431227824582,8.153118133544922,670288,0.0,0.0
1993-01-22,8.172346590706017,8.210804936783125,8.133888244628906,8.133888244628906,1407604,0.0,0.0
1993-01-25,8.114659071590351,8.153117417667461,8.09543051701227,8.133888244628906,994681,0.0,0.0
1993-01-26,8.172344694766403,8.287719087771025,8.172344694766403,8.210803031921387,1184596,0.0,0.0
1993-01-27,8.249260750616042,8.287719087771025,8.172344694766403,8.210803031921387,730571,0.0,0.0
1993-01-28,8.153115740203067,8.17234490928531,8.07619968233443,8.114657402038574,1218954,0.0,0.0
1993-01-29,7.999287605194275,8.191578154786619,7.960829247891545,8.172348976135254,1475054,0.0,0.0
1993-02-01,8.210803031921387,8.249260750616042,8.133886357611418,8.210803031921387,943461,0.0,0.0
1993-02-02,8.191578394171374,8.345410590956469,8.191578394171374,8.326181411743164,895825,0.0,0.0
1993-02-03,8.345402042554785,8.403089521103988,8.230027703916416,8.268486022949219,1414770,0.0,0.0
1993-02-04,8.287723778108912,8.499243515247723,8.287723778108912,8.441555976867676,1581710,0.0,0.0
1993-02-05,8.518467457603359,8.92227753347843,8.499238907029588,8.864590644836426,2354859,0.0,0.0
1993-02-08,8.864595406706407,9.056885963421236,8.845366227342788,9.037656784057617,1575176,0.0,0.0
1993-02-09,8.941510442335588,8.960739619412385,8.864594352488998,8.922281265258789,1096911,0.0,0.0
1993-02-10,8.883821487426758,8.903050660083313,8.806904796800534,8.883821487426758,608318,0.0,0.0
1993-02-11,8.90304835758941,9.05688046213709,8.90304835758941,9.01842212677002,841232,0.0,0.0
1993-02-12,9.01842220614294,9.133796594799282,8.960735321044922,8.960735321044922,1163729,0.0,0.0
1993-02-16,8.883824630605314,8.922282371064666,8.422326797407662,8.441555976867676,1905472,0.0,0.0
1993-02-17,8.460780465867883,8.69152925454495,8.326176902729536,8.614612579345703,1456927,0.0,0.0
1993-02-18,8.76844171009991,8.76844171009991,8.480006151943734,8.672296524047852,1014917,0.0,0.0
1993-02-19,8.672297973646609,8.710756301879883,8.44154924116734,8.710756301879883,1570117,0.0,0.0
1993-02-22,8.653073026220117,8.749218275195224,8.480011701757022,8.49924087524414,1032411,0.0,0.0
1993-02-23,8.460779190063477,8.556924401104423,8.326175647222055,8.460779190063477,809825,0.0,0.0
1993-02-24,8.403092082256606,8.556924168353747,8.306946255370608,8.480008125305176,815095,0.0,0.0
1993-02-25,8.460778959927977,8.518465837599349,8.422320629173578,8.480008125305176,455922,0.0,0.0
1993-02-26,8.480012522069648,8.480012522069648,8.326179737752195,8.383867263793945,595881,0.0,0.0
1993-03-01,8.422324518200975,8.441553692457289,8.326179265379917,8.34540843963623,738792,0.0,0.0
1993-03-02,8.32617542074781,8.499237290682375,8.287717708453636,8.480008125305176,1343104,0.0,0.0
1993-03-03,8.499237290682375,8.672298542156716,8.460778959927977,8.480008125305176,1061078,0.0,0.0
1993-03-04,8.499243761696357,8.499243761696357,8.383869300051485,8.422327041625977,552882,0.0,0.0
1993-03-05,8.44154972341471,8.595381808215523,8.364633681014302,8.537694931030273,1350060,0.0,0.0
1993-03-08,8.499237298960303,8.883818133037948,8.480008133564375,8.845359802246094,1369452,0.0,0.0
1993-03-09,8.806904796800534,8.941508386935963,8.768447069947884,8.883821487426758,1025245,0.0,0.0
1993-03-10,8.86459062616981,8.86459062616981,8.67230017315425,8.787673950195312,937349,0.0,0.0
1993-03-11,8.806903030423147,8.806903030423147,8.59538341054589,8.614612579345703,1329825,0.0,0.0
1993-03-12,8.614611469372083,8.63384063569426,8.44155020939301,8.576153755187988,925334,0.0,0.0
1993-03-15,8.61461376923415,8.672301283601639,8.576156044782913,8.59538459777832,550985,0.0,0.0
1993-03-16,8.441547221676752,8.460776381193153,8.249256863432818,8.268486022949219,1840551,0.0,0.0
1993-03-17,8.037741990220805,8.114658054271736,7.980055096797706,7.999284267425537,2937461,0.0,0.0
1993-03-18,8.076197624206543,8.114655334110175,8.018510750121001,8.076197624206543,2324928,0.0,0.0
1993-03-19,8.056971786868015,8.095430131111856,8.018514061084616,8.037742614746094,2102764,0.0,0.0
1993-03-22,7.94159888795031,8.056973324236232,7.903140536368148,7.980057239532471,1382942,0.0,0.0
1993-03-23,7.999284267425538,8.037741990220805,7.980055096797706,7.999284267425537,1573700,0.0,0.0
1993-03-24,8.01851343805337,8.0954295021043,7.960825926169874,7.999284267425537,1392428,0.0,0.0
1993-03-25,8.022651175455703,8.061596333373942,7.964234064867387,8.003178596496582,924280,0.30838,0.0
1993-03-26,8.022653127483236,8.061598294877399,7.769511418288774,7.82792854309082,1610587,0.0,0.0
1993-03-29,7.8474002615017495,7.88634542460166,7.7305660247802725,7.730566024780273,1521637,0.0,0.0
1993-03-30,7.769512587046944,7.944764614105225,7.769512587046944,7.944764614105225,931236,0.0,0.0
1993-03-31,8.100548576518104,8.158965738201575,7.983713626861572,7.983713626861572,1878913,0.0,0.0
1993-04-01,7.983708617498611,8.003180574982396,7.847401157376917,7.866873741149902,822262,0.0,0.0
1993-04-02,7.847401157376917,7.8863463249228865,7.769511448574177,7.866873741149902,1504353,0.0,0.0
1993-04-05,7.866874893889244,7.983709787357861,7.866874893889244,7.944764614105225,856619,0.0,0.0
1993-04-06,7.96423600268119,8.022653127483236,7.788984001985854,7.82792854309082,844394,0.0,0.0
1993-04-07,7.847401157376917,7.925291492468856,7.808455989830948,7.866873741149902,828163,0.0,0.0
1993-04-08,7.944763449952641,7.964236033725626,7.808455989830948,7.866873741149902,868212,0.0,0.0
1993-04-12,7.905818893325742,7.925291477060869,7.808455974650107,7.847401142120361,865893,0.0,0.0
1993-04-13,7.8084595967830035,7.827932189550939,7.672152699986433,7.769515037536621,1969128,0.0,0.0
1993-04-14,7.7500386238098145,7.788983790144764,7.711094083764044,7.7500386238098145,1495711,0.0,0.0
1993-04-15,7.730571265710847,7.730571265710847,7.633208291953972,7.711098670959473,1294414,0.0,0.0
1993-04-16,7.730569742690068,7.925294399261475,7.672151969944989,7.925294399261475,3500672,0.0,0.0
1993-04-19,7.964235537586228,8.120015571776445,7.944762955026306,8.06159782409668,1829379,0.0,0.0
1993-04-20,8.12001534484162,8.27579474838902,8.12001534484162,8.17843246459961,2219116,0.0,0.0
1993-04-21,8.17843266367115,8.27579494983046,8.12001554249123,8.236849784851074,1382099,0.0,0.0
1993-04-22,8.217375600770835,8.801549830158583,8.217375600770835,8.72365951538086,5257331,0.0,0.0
1993-04-23,8.645767713845476,8.704184809362452,8.548405470457926,8.665240287780762,2219959,0.0,0.0
1993-04-26,8.64577515201044,8.723664888473087,8.567885415547794,8.606830596923828,1711552,0.0,0.0
1993-04-27,8.606823689693579,8.704185312419243,8.567878539572177,8.684713363647461,1349639,0.0,0.0
1993-04-28,8.70419129046302,8.762609055766477,8.470522108117239,8.528939247131348,1102602,0.0,0.0
1993-04-29,8.528933351578385,8.548405926552617,8.431571102996134,8.509461402893066,745958,0.0,0.0
1993-04-30,8.528938596681828,8.567883770580691,8.43157628822397,8.489994049072266,753125,0.0,0.0
1993-05-03,8.54840805068034,8.567880630493164,8.451045777905295,8.567880630493164,938613,0.0,0.0
1993-05-04,8.58735800623581,8.64577515201044,8.548412824859776,8.606830596923828,1278816,0.0,0.0
1993-05-05,8.606828944479554,8.606828944479554,8.470521462122834,8.489994049072266,694317,0.0,0.0
1993-05-06,8.489988827918834,8.548405926552617,8.392626579336584,8.509461402893066,611058,0.0,0.0
1993-05-07,8.43157628822397,8.509466636021697,8.392631740614409,8.489994049072266,520000,0.0,0.0
1993-05-10,8.528934680011044,8.60682499203986,8.392627886538646,8.412099838256836,1090587,0.0,0.0
1993-05-11,8.412102535048003,8.412102535048003,8.35368540858777,8.392630577087402,737949,0.0,0.0
1993-05-12,8.392625304866328,8.392625304866328,8.275790499051908,8.373152732849121,954422,0.0,0.0
1993-05-13,8.373156295073315,8.489991150593237,8.295266600156395,8.451045989990234,1171317,0.0,0.0
1993-05-14,8.489987538663541,8.509460110680747,8.373152732849121,8.373152732849121,554779,0.0,0.0
1993-05-17,8.392627886538646,8.43157241626404,8.353682730524238,8.412099838256836,552039,0.0,0.0
1993-05-18,8.412100876772694,8.431573457183886,8.25632148606135,8.314739227294922,662910,0.0,0.0
1993-05-19,8.314738971793671,8.587353210305988,8.275793812168025,8.567880630493164,1314860,0.0,0.0
1993-05-20,8.58735750208768,8.58735750208768,8.431577412018532,8.548412322998047,791909,0.0,0.0
1993-05-21,8.509466636021697,8.626300905139685,8.451048875173402,8.489994049072266,1893035,0.0,0.0
1993-05-24,8.645769826892172,8.821022408853013,8.645769826892172,8.72365951538086,1822002,0.0,0.0
1993-05-25,8.743133323123432,8.859968185424805,8.743133323123432,8.859968185424805,1005853,0.0,0.0
1993-05-26,8.85997086184909,8.85997086184909,8.762608551568213,8.801553726196289,733944,0.0,0.0
1993-05-27,8.840496096259416,8.918385800034432,8.80155155751649,8.879441261291504,1237292,0.0,0.0
1993-05-28,8.957333172129967,8.996278346758043,8.762608551568213,8.801553726196289,1632087,0.0,0.0
1993-06-01,8.84049745110334,9.132584354740077,8.821025491892295,9.035222053527832,2108455,0.0,0.0
1993-06-02,9.054693419950699,9.132583125175975,9.015748880482647,9.113110542297363,1634616,0.0,0.0
1993-06-03,9.035219443270803,9.035219443270803,8.898912010436904,8.957329750061035,1424677,0.0,0.0
1993-06-04,8.879442185994566,8.937859313337084,8.821025058652047,8.840497016906738,900040,0.0,0.0
1993-06-07,8.859968678775461,8.918385800034432,8.782078975000445,8.879441261291504,899408,0.0,0.0
1993-06-08,8.76260467276972,8.76260467276972,8.684714984281033,8.72365951538086,1227596,0.0,0.0
1993-06-09,8.72365951538086,8.87943951864727,8.665242405586602,8.72365951538086,1139278,0.0,0.0
1993-06-10,8.723660741691683,8.918385303430929,8.723660741691683,8.859968185424805,682724,0.0,0.0
1993-06-11,8.840498274535053,8.879443449163128,8.762608551568213,8.801553726196289,1024191,0.0,0.0
1993-06-14,8.840497016906738,8.879442185994566,8.743134720476393,8.840497016906738,1087426,0.0,0.0
1993-06-15,8.840499685438601,8.859972275860375,8.723664769197365,8.74313735961914,721086,0.0,0.0
1993-06-16,8.74313209407529,8.74313209407529,8.645769826892172,8.72365951538086,860624,0.0,0.0
1993-06-17,8.743135964254176,8.821026313510327,8.723663376940138,8.801553726196289,675346,0.0,0.0
1993-06-18,8.723665252484745,8.76261043548584,8.723665252484745,8.76261043548584,1761929,0.0,0.0
1993-06-21,8.80155155751649,8.879441261291504,8.762606392484402,8.879441261291504,1090377,0.0,0.0
1993-06-22,8.76260235474047,8.782074928283691,8.684712686856452,8.782074928283691,1129161,0.0,0.0
1993-06-23,8.723657207654027,8.782074928283691,8.723657207654027,8.782074928283691,932290,0.0,0.0
1993-06-24,8.766319274902344,8.805718079650418,8.726919836559803,8.766319274902344,572063,0.30838,0.0
1993-06-25,8.746617514243379,8.746617514243379,8.58902106484565,8.608720779418945,693052,0.0,0.0
1993-06-28,8.62842499105035,8.786022167753169,8.62842499105035,8.726922988891602,714973,0.0,0.0
1993-06-29,8.805718079650418,8.805718079650418,8.687521031811729,8.766319274902344,872639,0.0,0.0
1993-06-30,8.825417273048796,8.943614947440343,8.805717555051132,8.92391586303711,1522902,0.0,0.0
1993-07-01,8.963318456048453,8.983018182377181,8.786022186279297,8.786022186279297,1133587,0.0,0.0
1993-07-02,8.825427365187988,8.943625174742253,8.805727624663083,8.84512710571289,803502,0.0,0.0
1993-07-06,8.845121677747414,8.86482140618323,8.70722484588623,8.70722484588623,641410,0.0,0.0
1993-07-07,8.766321838437145,8.86481982950279,8.746622113505085,8.825420379638672,744272,0.0,0.0
1993-07-08,8.805722261988604,8.943619728088379,8.78602316705558,8.943619728088379,652160,0.0,0.0
1993-07-09,8.904220904627563,8.963319456616171,8.884521176099772,8.943619728088379,807296,0.0,0.0
1993-07-12,8.963319149690056,9.061817155361432,8.94361942183683,9.002717971801758,873692,0.0,0.0
1993-07-13,9.002717645451556,9.022417372590661,8.963318824768066,8.963318824768066,776733,0.0,0.0
1993-07-14,8.923920341195947,9.061817169189453,8.923920341195947,9.061817169189453,689258,0.0,0.0
1993-07-15,9.061815912247258,9.160313904406525,8.983017645238776,9.101215362548828,899619,0.0,0.0
1993-07-16,9.081514070572409,9.140612602233887,9.042114627068388,9.140612602233887,1721880,0.0,0.0
1993-07-19,9.16031291604379,9.18001263906905,9.042115211486816,9.042115211486816,696846,0.0,0.0
1993-07-20,9.101211880591533,9.120911598205566,9.061812445363465,9.120911598205566,530328,0.0,0.0
1993-07-21,9.042115308593418,9.298210443482924,9.022415585356596,9.258810997009277,1965544,0.0,0.0
1993-07-22,9.317910166719747,9.396707792477843,9.180012737656583,9.258810997009277,2261061,0.0,0.0
1993-07-23,9.25881417838049,9.27851390838623,9.219414718369007,9.27851390838623,569534,0.0,0.0
1993-07-26,9.278511407478103,9.41640821316028,9.278511407478103,9.396708488464355,1172582,0.0,0.0
1993-07-27,9.377010686454522,9.475508689880371,9.317912137836906,9.475508689880371,1904207,0.0,0.0
1993-07-28,9.47551059939514,9.593707720449581,9.41641140527306,9.554308891296387,1869428,0.0,0.0
1993-07-29,9.534603107491263,9.593701630503578,9.495204303347872,9.514904022216797,881281,0.0,0.0
1993-07-30,9.495207135340982,9.514906860085448,9.377009420468836,9.45580768585205,1597940,0.0,0.0
1993-08-02,9.416410758924268,9.416410758924268,9.298213645982958,9.357312202453613,913530,0.0,0.0
1993-08-03,9.377011336873169,9.61340618133545,9.377011336873169,9.61340618133545,1888609,0.0,0.0
1993-08-04,9.61340004821534,9.633099764417942,9.455803585783274,9.495203018188477,1360389,0.0,0.0
1993-08-05,9.534607238497989,9.57400669330622,9.475508689880371,9.475508689880371,684410,0.0,0.0
1993-08-06,9.416410751236787,9.45581021124827,9.239114448374748,9.27851390838623,955476,0.0,0.0
1993-08-09,9.317910822340206,9.41640817826553,9.278511373094362,9.298211097717285,1038735,0.0,0.0
1993-08-10,9.258810997009277,9.298210443482924,9.199711827298808,9.258810997009277,323340,0.0,0.0
1993-08-11,9.2785107202461,9.317910166719747,9.180012737656583,9.258810997009277,835330,0.0,0.0
1993-08-12,9.258811595215622,9.298211044234844,9.120914790837626,9.160313606262207,786218,0.0,0.0
1993-08-13,9.199714995873839,9.357312202453613,9.140616439403184,9.357312202453613,1014284,0.0,0.0
1993-08-16,9.337609970979905,9.475507410596517,9.337609970979905,9.45580768585205,743007,0.0,0.0
1993-08-17,9.416407911433355,9.47550708362743,9.377009096898595,9.436107635498047,1128528,0.0,0.0
1993-08-18,9.475508689880371,9.514908144688604,9.475508689880371,9.475508689880371,1558313,0.0,0.0
1993-08-19,9.436110488946092,9.436110488946092,9.298213645982958,9.357312202453613,967069,0.0,0.0
1993-08-20,9.357306904859863,9.514904022216797,9.337607185990938,9.514904022216797,1299473,0.0,0.0
1993-08-23,9.574001249404509,9.633099764417942,9.495203018188477,9.495203018188477,1279237,0.0,0.0
1993-08-24,9.455803661600418,9.593700408935547,9.436103945239864,9.593700408935547,1013863,0.0,0.0
1993-08-25,9.593704217539644,9.692202838445379,9.495206863823165,9.574005126953125,1122205,0.0,0.0
1993-08-26,9.53460419305216,9.770999579205094,9.514905105534858,9.751299858093262,1336359,0.0,0.0
1993-08-27,9.711904151540303,9.711904151540303,9.416409507668023,9.475508689880371,1846453,0.0,0.0
1993-08-30,9.41640817826553,9.475507352134295,9.298211097717285,9.298211097717285,676611,0.0,0.0
1993-08-31,9.337609256361972,9.357308979598795,9.239111273772455,9.258810997009277,1048009,0.0,0.0
1993-09-01,9.298213638391971,9.317913368397713,9.25881417838049,9.27851390838623,775046,0.0,0.0
1993-09-02,9.298213638391971,9.317913368397713,9.219414718369007,9.27851390838623,534333,0.0,0.0
1993-09-03,9.258811648471442,9.357309637991408,9.199712474602677,9.298211097717285,514519,0.0,0.0
1993-09-07,9.278511021605555,9.278511021605555,9.14061358806358,9.219411849975586,825213,0.0,0.0
1993-09-08,9.239114448374748,9.337612464808638,9.219414718369007,9.27851390838623,1109769,0.0,0.0
1993-09-09,9.317910822340206,9.41640817826553,9.258811648471442,9.298211097717285,963275,0.0,0.0
1993-09-10,9.317910558299145,9.436107635498047,9.298210834234453,9.436107635498047,671131,0.0,0.0
1993-09-13,9.436107961107586,9.495207135340982,9.41640823636312,9.45580768585205,578808,0.0,0.0
1993-09-14,9.377005577087402,9.396704660163099,9.317907060671537,9.377005577087402,769566,0.0,0.0
1993-09-15,9.357310959050407,9.534607238497989,9.317912137836906,9.475508689880371,862732,0.0,0.0
1993-09-16,9.455807989572802,9.514907165704466,9.377009721658585,9.41640853881836,656587,0.0,0.0
1993-09-17,9.317910879830086,9.45580768585205,9.317910879830086,9.45580768585205,2435378,0.0,0.0
1993-09-20,9.43610723895149,9.455806962188312,9.239111273772455,9.258810997009277,644994,0.0,0.0
1993-09-21,9.239113103931379,9.258812831070484,8.86482082266726,8.963318824768066,2544563,0.0,0.0
1993-09-22,9.061814348820398,9.180012045737906,9.02241490531638,9.140612602233887,1454819,0.0,0.0
1993-09-23,9.14061358806358,9.239111573852243,9.08151505002823,9.219411849975586,779473,0.0,0.0
1993-09-24,9.143716308870172,9.203479541640354,9.12379523128011,9.183558464050293,631714,0.30838,0.0
1993-09-27,9.183550945659906,9.322997093200684,9.183550945659906,9.322997093200684,605999,0.0,0.0
1993-09-28,9.342917739359216,9.342917739359216,9.243313078092813,9.26323413848877,811722,0.0,0.0
1993-09-29,9.26324140049734,9.36284613984985,9.203478813171387,9.203478813171387,857041,0.0,0.0
1993-09-30,9.163629884378821,9.322997093200684,9.143708823097738,9.322997093200684,961589,0.0,0.0
1993-10-01,9.283160559295355,9.442527853060307,9.283160559295355,9.422607421875,623705,0.0,0.0
1993-10-04,9.402688977809566,9.562056316113997,9.402688977809566,9.542135238647461,754179,0.0,0.0
1993-10-05,9.562052726745605,9.621815936711517,9.562052726745605,9.562052726745605,1405496,0.0,0.0
1993-10-06,9.562052983604985,9.562052983604985,9.482369342223633,9.502289772033691,861256,0.0,0.0
1993-10-07,9.542131656756967,9.562052726745605,9.502289516779692,9.562052726745605,910790,0.0,0.0
1993-10-08,9.56205712307333,9.661661878097908,9.522214964777907,9.641740798950195,1566323,0.0,0.0
1993-10-11,9.641740798950195,9.661661878097908,9.621820360516466,9.641740798950195,495971,0.0,0.0
1993-10-12,9.641739616138706,9.641739616138706,9.462451207231677,9.482372283935547,599676,0.0,0.0
1993-10-13,9.462450887182905,9.462450887182905,9.342925071716309,9.342925071716309,502294,0.0,0.0
1993-10-14,9.382765804518264,9.382765804518264,9.223398501811648,9.303081512451172,894981,0.0,0.0
1993-10-15,9.303083053322917,9.303083053322917,9.20347895316917,9.24332046508789,1027353,0.0,0.0
1993-10-18,9.26324000713141,9.342923658484718,9.163635282761328,9.303081512451172,926599,0.0,0.0
1993-10-19,9.303085040148021,9.422611523572682,9.303085040148021,9.362848281860352,1198929,0.0,0.0
1993-10-20,9.402688754300126,9.402688754300126,9.283162933056063,9.382767677307129,800551,0.0,0.0
1993-10-21,8.884741671135098,9.044108964666254,8.805058024369519,8.984346389770508,3924976,0.0,0.0
1993-10-22,9.004270103427107,9.083953773571288,8.964427947998047,8.964427947998047,1608690,0.0,0.0
1993-10-25,8.944502360254265,8.964423427924123,8.844897662618592,8.90466022491455,842286,0.0,0.0
1993-10-26,8.884741671135098,9.004267461640339,8.805058024369519,8.984346389770508,1706493,0.0,0.0
1993-10-27,8.984347003120522,8.984347003120522,8.805058625479742,8.844900131225586,529907,0.0,0.0
1993-10-28,8.84489446416836,8.864815524634455,8.725368742085175,8.74528980255127,1365237,0.0,0.0
1993-10-29,8.844900131225586,8.904662710201249,8.805058625479742,8.844900131225586,1374722,0.0,0.0
1993-11-01,8.844902122424804,9.004270103427107,8.824981044710274,8.964427947998047,935873,0.0,0.0
1993-11-02,8.964425929890703,8.964425929890703,8.844900131225586,8.844900131225586,1397908,0.0,0.0
1993-11-03,8.844900985687993,8.864822060842288,8.705454741035632,8.725375175476074,1460089,0.0,0.0
1993-11-04,8.745291306147994,8.76521237003916,8.665607691296822,8.685528755187988,1147709,0.0,0.0
1993-11-05,8.665611991746069,8.765216719918852,8.625769844191431,8.64569091796875,975079,0.0,0.0
1993-11-08,8.64569091796875,8.685533065523387,8.625769844191431,8.64569091796875,787061,0.0,0.0
1993-11-09,8.70545037727766,8.70545037727766,8.52616143147455,8.546082496643066,998054,0.0,0.0
1993-11-10,8.566007983208818,8.785138531740998,8.526165832307017,8.625770568847656,1193660,0.0,0.0
1993-11-11,8.605848770414111,8.64569091796875,8.546086189795965,8.64569091796875,1101970,0.0,0.0
1993-11-12,8.625770398186399,8.84490094238307,8.605849323129638,8.805059432983398,1059181,0.0,0.0
1993-11-15,8.964422304476654,8.964422304476654,8.785133999344099,8.86481761932373,718557,0.0,0.0
1993-11-16,8.924583174161013,8.984346389770508,8.884741671135098,8.984346389770508,588504,0.0,0.0
1993-11-17,9.004265067764766,9.064027626772027,8.984344001191152,9.024186134338379,1108293,0.0,0.0
1993-11-18,9.004269334466366,9.223399889184664,8.96442718243981,9.203478813171387,994049,0.0,0.0
1993-11-19,9.12379690610968,9.203481231097351,9.083955384329895,9.163639068603516,2066931,0.0,0.0
1993-11-22,9.103871427309386,9.123792498933586,9.044108853150524,9.083950996398926,1860786,0.0,0.0
1993-11-23,9.103871427309386,9.123792498933586,9.044108853150524,9.083950996398926,806031,0.0,0.0
1993-11-24,9.083952817963636,9.123794328487538,9.044110666725864,9.103873252868652,1008382,0.0,0.0
1993-11-26,9.203472006940991,9.362839215762852,9.203472006940991,9.322997093200684,844183,0.0,0.0
1993-11-29,9.36284613984985,9.36284613984985,9.183557737158107,9.203478813171387,749963,0.0,0.0
1993-11-30,9.183550537618324,9.322996678963259,9.123787356430455,9.26323413848877,1103445,0.0,0.0
1993-12-01,9.303083592745569,9.442530494331397,9.303083592745569,9.402688980102539,1147920,0.0,0.0
1993-12-02,9.402688434904446,9.402688434904446,9.223400029485477,9.24332046508789,455500,0.0,0.0
1993-12-03,9.402688299806549,9.422609375836627,9.283162484339952,9.342925071716309,1565480,0.0,0.0
1993-12-06,9.40268755085458,9.40268755085458,9.22339916229248,9.22339916229248,899829,0.0,0.0
1993-12-07,9.223397857054591,9.223397857054591,9.083950996398926,9.083950996398926,1057705,0.0,0.0
1993-12-08,9.083950996398926,9.123792498933586,9.044108853150524,9.083950996398926,1100494,0.0,0.0
1993-12-09,9.123790023867798,9.183553222528076,9.103868957647705,9.14371109008789,977608,0.0,0.0
1993-12-10,9.183554551183967,9.362842891676697,9.14371241297951,9.283159255981445,1716400,0.0,0.0
1993-12-13,9.26324207851671,9.442530494331397,9.26324207851671,9.402688980102539,1359756,0.0,0.0
1993-12-14,9.442527201176103,9.522210842557456,9.442527201176103,9.502289772033691,2666395,0.0,0.0
1993-12-15,9.48236999685842,9.48236999685842,9.402686349975944,9.422607421875,1177851,0.0,0.0
1993-12-16,9.44252990491225,9.522213569109905,9.402688393170369,9.462450981140137,1700591,0.0,0.0
1993-12-17,9.482371955215639,9.482371955215639,9.16363666114483,9.203478813171387,4335369,0.0,0.0
1993-12-20,9.183557876852865,9.362846282271835,9.123794647903948,9.24332046508789,1430579,0.0,0.0
1993-12-21,9.22339916229248,9.303082178638045,9.183557013405865,9.22339916229248,1123469,0.0,0.0
1993-12-22,9.243320324484062,9.243320324484062,9.14371558513155,9.203478813171387,842497,0.0,0.0
1993-12-23,9.203481231097351,9.223402312344268,9.143717987356599,9.163639068603516,670498,0.0,0.0
1993-12-27,9.107222557067871,9.147519609172429,9.087073706995746,9.107222557067871,719189,0.30838,0.0
1993-12-28,9.087068864915153,9.16766357421875,9.04677118624368,9.16766357421875,945780,0.0,0.0
1993-12-29,9.187812413554486,9.248258283522349,9.127366543586625,9.16766357421875,665018,0.0,0.0
1993-12-30,9.167664916564133,9.228110795382586,9.167664916564133,9.187813758850098,868001,0.0,0.0
1993-12-31,9.187817767461286,9.207965970498396,9.147520065307617,9.147520065307617,685253,0.0,0.0
1994-01-03,9.127371407139997,9.248263211493361,9.107222557067871,9.107222557067871,728042,0.0,0.0
1994-01-04,9.167662150734749,9.308703356145761,9.127365126359633,9.207959175109863,882334,0.0,0.0
1994-01-05,9.248263922736895,9.328859329223633,9.207966219493525,9.328859329223633,1337413,0.0,0.0
1994-01-06,9.490045447827564,9.570640177414399,9.40945007020122,9.550491333007812,3086063,0.0,0.0
1994-01-07,9.570646425127599,9.570646425127599,9.449753927809033,9.510200500488281,1037259,0.0,0.0
1994-01-10,9.530349358048031,9.530349358048031,9.429605070249282,9.510200500488281,738370,0.0,0.0
1994-01-11,9.510195347802641,9.530344194445616,9.429599961230746,9.490046501159668,1186493,0.0,0.0
1994-01-12,9.550491718744462,9.651235296806833,9.550491718744462,9.570640563964844,1344369,0.0,0.0
1994-01-13,9.510194757972487,9.530343603365813,9.328856445511637,9.40945053100586,998897,0.0,0.0
1994-01-14,9.38930291598438,9.510195347802641,9.349005222698432,9.490046501159668,1594146,0.0,0.0
1994-01-17,9.449746723348207,9.671382691450942,9.449746723348207,9.610936164855957,1586558,0.0,0.0
1994-01-18,9.671385194944426,9.75197993656071,9.610938652702506,9.691534042358398,1873222,0.0,0.0
1994-01-19,9.731822063198535,9.832564904045043,9.71167323581365,9.812416076660156,1156562,0.0,0.0
1994-01-20,9.772126316614028,9.933316407187377,9.772126316614028,9.89301872253418,1902521,0.0,0.0
1994-01-21,9.93331757477652,10.134804725646973,9.913168730081571,10.134804725646973,3225812,0.0,0.0
1994-01-24,10.114651050125778,10.134799885197506,10.01390687476714,10.034055709838867,1648106,0.0,0.0
1994-01-25,9.993761892738554,9.993761892738554,9.812422966976737,9.872869491577148,2090749,0.0,0.0
1994-01-26,9.832571161179905,9.993761234796255,9.792274128805348,9.953463554382324,1537235,0.0,0.0
1994-01-27,9.993761751850897,10.15495118576745,9.731828759726646,10.094505310058594,2773684,0.0,0.0
1994-01-28,10.074356468809173,10.134802992557436,10.01390994506091,10.094505310058594,1027142,0.0,0.0
1994-01-31,10.134806976983164,10.316145323440992,10.114658127812369,10.235549926757812,1652111,0.0,0.0
1994-02-01,10.255697355947268,10.336292741471386,10.134805573740234,10.19525146484375,2309330,0.0,0.0
1994-02-02,10.154953667537777,10.33629263506061,10.114656623230143,10.255697250366211,1711552,0.0,0.0
1994-02-03,10.235550946126462,10.356443405151367,10.215402094949024,10.356443405151367,1549460,0.0,0.0
1994-02-04,10.39673719592231,10.477331922270032,10.275844782380982,10.336291313171387,3657072,0.0,0.0
1994-02-07,10.255698775928607,10.316145323440992,10.134806976983164,10.235549926757812,2044166,0.0,0.0
1994-02-08,10.255698775928607,10.295996474270197,10.195252876455886,10.235549926757812,1427207,0.0,0.0
1994-02-09,10.215398251590578,10.376588352325507,10.19525005603326,10.336291313171387,1344791,0.0,0.0
1994-02-10,10.376587303459376,10.477330863220734,10.336290268378482,10.396736145019531,1291884,0.0,0.0
1994-02-11,10.376591222913714,10.45718597155723,10.154955178114296,10.235549926757812,1057495,0.0,0.0
1994-02-14,10.255696682590806,10.336292062823288,10.195250795455975,10.275845527648926,800973,0.0,0.0
1994-02-15,10.21539975673525,10.336292836128536,10.19525155820928,10.316143989562988,1074779,0.0,0.0
1994-02-16,10.316143598512584,10.477333068847656,10.295994752710811,10.477333068847656,1124523,0.0,0.0
1994-02-17,10.67881965637207,10.719117345808002,10.618373770257694,10.67881965637207,1809566,0.0,0.0
1994-02-18,10.698967933654785,10.719116777304126,10.578075519798217,10.698967933654785,1539975,0.0,0.0
1994-02-22,10.63852378359636,10.678821479913625,10.557929039001465,10.557929039001465,1024191,0.0,0.0
1994-02-23,10.517629609463635,10.517629609463635,10.215398251590578,10.336291313171387,1795443,0.0,0.0
1994-02-24,10.316137696931063,10.316137696931063,10.013906478881836,10.013906478881836,1172792,0.0,0.0
1994-02-25,10.094505131820384,10.215396881103516,10.094505131820384,10.215396881103516,898354,0.0,0.0
1994-02-28,10.195251359884976,10.356440833194645,10.175102513711376,10.255697250366211,1032411,0.0,0.0
1994-03-01,10.215396881103516,10.316141085571784,10.054207450033077,10.215396881103516,1267012,0.0,0.0
1994-03-02,10.054207066963386,10.195248299805833,10.013909386711436,10.114653587341309,1111876,0.0,0.0
1994-03-03,10.074353379982323,10.074353379982323,9.893015160415189,10.034055709838867,1130214,0.0,0.0
1994-03-04,10.0743566241753,10.396736145019531,10.054207782615144,10.396736145019531,1359335,0.0,0.0
1994-03-07,10.356436547844886,10.638518333435059,10.356436547844886,10.638518333435059,1412241,0.0,0.0
1994-03-08,10.598226657712395,10.598226657712395,10.47733421768548,10.53778076171875,985829,0.0,0.0
1994-03-09,10.497485160827637,10.517634012860118,10.457187456762677,10.497485160827637,1067823,0.0,0.0
1994-03-10,10.517626050811435,10.517626050811435,10.396733678174197,10.416882514953613,1021451,0.0,0.0
1994-03-11,10.416889958683685,10.416889958683685,10.295997499658778,10.356443405151367,718135,0.0,0.0
1994-03-14,10.376587303459376,10.396736145019531,10.316141426818328,10.396736145019531,646680,0.0,0.0
1994-03-15,10.396738525541844,10.396738525541844,10.255697250366211,10.255697250366211,776311,0.0,0.0
1994-03-16,10.295990142316377,10.437030703693766,10.215394795198709,10.416882514953613,1445755,0.0,0.0
1994-03-17,10.4370365216633,10.557928961690216,10.31614472967601,10.53778076171875,932290,0.0,0.0
1994-03-18,10.53777655603403,10.557924747964242,10.437032356186146,10.517627716064453,3093440,0.0,0.0
1994-03-21,10.477330863220734,10.49747970478089,10.35643846189922,10.396736145019531,1128739,0.0,0.0
1994-03-22,10.43703182920555,10.457180668157783,10.27584241366635,10.376585960388184,942407,0.0,0.0
1994-03-23,10.356440737790171,10.61837443955488,10.336292539841743,10.598225593566895,1024402,0.0,0.0
1994-03-24,10.557929039001465,10.61837558347736,10.4974831425652,10.557929039001465,1343948,0.0,0.0
1994-03-25,10.500947692535755,10.52129849574333,10.43989593744806,10.460246086120605,720665,0.30838,0.0
1994-03-28,10.500945464669218,10.500945464669218,10.399192124754226,10.43989372253418,742164,0.0,0.0
1994-03-29,10.439899232427274,10.439899232427274,9.971833229064941,9.971833229064941,1269752,0.0,0.0
1994-03-30,9.9514799118042,10.15498664775872,9.9514799118042,9.9514799118042,1915378,0.0,0.0
1994-03-31,9.971828334916866,10.09393247823669,9.62586735913477,9.78867244720459,1716821,0.0,0.0
1994-04-04,9.564813488382812,10.053229331970215,9.544462691871917,10.053229331970215,1613960,0.0,0.0
1994-04-05,10.236386713449376,10.338139395556588,10.134632722272421,10.154983520507812,1535759,0.0,0.0
1994-04-06,10.195679327819366,10.317782738831024,10.07357526227321,10.256731033325195,1124523,0.0,0.0
1994-04-07,10.256741773910717,10.297443389892578,10.134637580500316,10.297443389892578,1023137,0.0,0.0
1994-04-08,10.216040260613264,10.236391067504883,10.053234460015455,10.236391067504883,787693,0.0,0.0
1994-04-11,10.195689015643643,10.338143348693848,10.09393564009273,10.338143348693848,632979,0.0,0.0
1994-04-12,10.297442833644592,10.3584945997843,10.216040260613264,10.236391067504883,1004588,0.0,0.0
1994-04-13,10.277089975541122,10.277089975541122,10.073583256313277,10.093934059143066,853457,0.0,0.0
1994-04-14,10.073579699385924,10.175333023071289,9.99217717134459,10.175333023071289,1728414,0.0,0.0
1994-04-15,10.154982227427258,10.21603461435935,10.154982227427258,10.175333023071289,1344158,0.0,0.0
1994-04-18,10.1753366159272,10.1753366159272,10.032882305188721,10.093934059143066,1013230,0.0,0.0
1994-04-19,10.053235563127746,10.0735863722524,9.747975389863589,9.931131362915039,1395378,0.0,0.0
1994-04-20,9.849724191597042,9.890425790881956,9.646217504242308,9.78867244720459,1271860,0.0,0.0
1994-04-21,9.788673746985834,9.849725499484997,9.68692038979723,9.768322944641113,1897883,0.0,0.0
1994-04-22,9.76832210454108,9.76832210454108,9.666568756103516,9.666568756103516,1422148,0.0,0.0
1994-04-25,9.666566816402472,10.114281066968084,9.666566816402472,10.053229331970215,2382050,0.0,0.0
1994-04-26,10.175337656288617,10.338142786502639,10.093935091181606,10.277091026306152,2271390,0.0,0.0
1994-04-28,10.41954490107913,10.480596654800651,10.134634971618652,10.134634971618652,2052387,0.0,0.0
1994-04-29,10.114281852438861,10.35849012046508,10.114281852438861,10.216035842895508,1329614,0.0,0.0
1994-05-02,10.297438784839231,10.500945464669218,10.277087985949255,10.43989372253418,1708179,0.0,0.0
1994-05-03,10.541649036082976,10.541649036082976,10.358493109479838,10.399194717407227,1605528,0.0,0.0
1994-05-04,10.358490943908691,10.378841743617798,10.338140144199585,10.358490943908691,833644,0.0,0.0
1994-05-05,10.358489192701057,10.561995846317426,10.31778760016386,10.541645050048828,1313384,0.0,0.0
1994-05-06,10.43989839129391,10.43989839129391,10.23639162045497,10.297443389892578,1003324,0.0,0.0
1994-05-09,10.33813839643246,10.70445076566281,10.33813839643246,10.541645050048828,2182229,0.0,0.0
1994-05-10,10.623048235123223,10.684099969394211,10.521294908315038,10.541645050048828,2413668,0.0,0.0
1994-05-11,10.541648172628115,10.623051381815245,10.541648172628115,10.58234977722168,1486436,0.0,0.0
1994-05-12,10.64340877532959,10.64340877532959,10.602707145530443,10.64340877532959,705067,0.0,0.0
1994-05-13,10.62305173909925,10.826558459841591,10.541648527174294,10.806207656860352,1166891,0.0,0.0
1994-05-16,10.785856471072899,10.969012382333522,10.76550566881394,10.86725902557373,2705601,0.0,0.0
1994-05-17,10.846906632903705,10.948659968603966,10.826555834856679,10.88760757446289,1458613,0.0,0.0
1994-05-18,10.948662112939202,10.969012260437012,10.806207153244568,10.969012260437012,1356173,0.0,0.0
1994-05-19,10.907960508873593,10.989362407934822,10.88760970684079,10.969012260437012,1232444,0.0,0.0
1994-05-20,10.969009768393791,10.989359911268265,10.846906293007576,10.907958030700684,2596205,0.0,0.0
1994-05-23,10.928308828110001,11.009710708677583,10.826555495598258,10.907958030700684,1659489,0.0,0.0
1994-05-24,10.969017570080254,11.050420163080071,10.887614977080437,11.030069351196289,1289355,0.0,0.0
1994-05-25,11.05041044733067,11.25391707817063,10.969007925901634,11.233566284179688,1587190,0.0,0.0
1994-05-26,11.213216041521724,11.3556716064626,11.152164965616597,11.314970016479492,1609533,0.0,0.0
1994-05-27,11.213224765597774,11.253926387247423,11.19287395477295,11.19287395477295,928707,0.0,0.0
1994-05-31,11.192867340224966,11.192867340224966,11.111465454101562,11.111465454101562,777787,0.0,0.0
1994-06-01,11.030068777244908,11.233575576422599,10.948666843016165,11.19287395477295,1142018,0.0,0.0
1994-06-02,11.213224765597774,11.213224765597774,11.070770398894558,11.19287395477295,806664,0.0,0.0
1994-06-03,11.19286979305546,11.274273006087526,11.152169495609494,11.213220596313477,1061499,0.0,0.0
1994-06-06,11.172521941198262,11.274274663375655,11.070767909950609,11.15217113494873,1097332,0.0,0.0
1994-06-07,11.07076385650497,11.152167051698154,10.96901051704838,11.111465454101562,1214949,0.0,0.0
1994-06-08,11.131812484653883,11.131812484653883,11.009707733197962,11.050409317016602,1134641,0.0,0.0
1994-06-09,10.98936306954536,11.213220596313477,10.98936306954536,11.213220596313477,1101548,0.0,0.0
1994-06-10,11.172521941198262,11.213222244627064,11.1318203286992,11.15217113494873,685885,0.0,0.0
1994-06-13,11.152164417285386,11.355671048125346,11.152164417285386,11.233566284179688,1349428,0.0,0.0
1994-06-14,11.31497659412164,11.416729319160948,11.2742749804778,11.376029014587402,1817154,0.0,0.0
1994-06-15,11.396371887376173,11.416722682367727,11.294619221487938,11.314970016479492,1192817,0.0,0.0
1994-06-16,11.335317279282068,11.355668067932129,11.314966490632006,11.355668067932129,838492,0.0,0.0
1994-06-17,11.355677954806085,11.355677954806085,11.274274729331744,11.3353271484375,3489079,0.0,0.0
1994-06-20,11.213221730797619,11.213221730797619,11.070767402648926,11.070767402648926,1443648,0.0,0.0
1994-06-21,10.989362301704071,11.070765509048387,10.765505445112163,10.785856246948242,1483907,0.0,0.0
1994-06-22,10.867256435882048,10.969009768393791,10.846906293007576,10.907958030700684,1311066,0.0,0.0
1994-06-23,10.969009768393791,11.009710708677583,10.907958030700684,10.907958030700684,829639,0.0,0.0
1994-06-24,10.912069864998072,10.912069864998072,10.644919001510397,10.6654691696167,1197243,0.30838,0.0
1994-06-27,10.665470733658703,10.850420951843262,10.562720539006477,10.850420951843262,1059813,0.0,0.0
1994-06-28,10.850423403021663,10.912073930308573,10.747673846104897,10.788773536682129,1232655,0.0,0.0
1994-06-29,10.850417310712626,10.994267799331977,10.850417310712626,10.891517639160156,819100,0.0,0.0
1994-06-30,10.891523898687403,10.932624250755941,10.706573636273747,10.747673988342285,981613,0.0,0.0
1994-07-01,10.850428612450935,10.891528983708355,10.768228530883789,10.768228530883789,909315,0.0,0.0
1994-07-05,10.768223360919826,10.850423403021663,10.747673846104897,10.788773536682129,1016603,0.0,0.0
1994-07-06,10.747673846104897,10.809323712444433,10.727123670342595,10.788773536682129,721086,0.0,0.0
1994-07-07,10.953167350257388,10.994267014825208,10.850416536470448,10.9326171875,1311909,0.0,0.0
1994-07-08,10.850416536470448,11.014817177582596,10.850416536470448,10.9326171875,1247831,0.0,0.0
1994-07-11,10.953171807442711,10.953171807442711,10.727121247018372,10.850420951843262,940510,0.0,0.0
1994-07-12,10.850425871803587,10.850425871803587,10.644925389318074,10.809326171875,837859,0.0,0.0
1994-07-13,10.7682246025005,10.95317554473877,10.727124907184455,10.95317554473877,1347531,0.0,0.0
1994-07-14,10.9326171875,10.97371685206782,10.891516861985224,10.9326171875,1613960,0.0,0.0
1994-07-15,10.932619572596161,11.076469421386719,10.932619572596161,11.076469421386719,2126371,0.0,0.0
1994-07-18,11.076470963695845,11.199771323361404,11.014821114336662,11.179221153259277,804767,0.0,0.0
1994-07-19,11.179221081605482,11.28197193145752,11.138120741664666,11.28197193145752,790012,0.0,0.0
1994-07-20,11.281972003769903,11.281972003769903,11.097020472850778,11.179221153259277,996368,0.0,0.0
1994-07-21,11.15867408974478,11.179224265568099,11.01482418087631,11.117573738098145,1017657,0.0,0.0
1994-07-22,11.158668988306898,11.158668988306898,10.994268978774294,11.014819145202637,496392,0.0,0.0
1994-07-25,11.014818753674682,11.076468589821262,10.973718422278928,11.035368919372559,397746,0.0,0.0
1994-07-26,11.055919478059325,11.055919478059325,10.953169306864678,11.014819145202637,375192,0.0,0.0
1994-07-27,11.055924532522946,11.179224265568099,11.055924532522946,11.117573738098145,1039789,0.0,0.0
1994-07-28,11.076473401647949,11.220323963077405,11.014823538719519,11.199773788452148,1370295,0.0,0.0
1994-07-29,11.240867559735964,11.549117354942858,11.240867559735964,11.364167213439941,2578288,0.0,0.0
1994-08-01,11.364167213439941,11.42581770123888,11.323066888240648,11.364167213439941,877065,0.0,0.0
1994-08-02,11.425824318356373,11.528573868966769,11.384723969354347,11.466924667358398,1542715,0.0,0.0
1994-08-03,11.508020661463418,11.713522352312442,11.466921645187933,11.692972183227539,1867109,0.0,0.0
1994-08-04,11.651873830135761,11.672424002721705,11.549122967206042,11.59022331237793,1494446,0.0,0.0
1994-08-05,11.528575239792527,11.651876301459936,11.528575239792527,11.6107759475708,876854,0.0,0.0
1994-08-08,11.65187655837514,11.734075946071023,11.549125671386719,11.549125671386719,909104,0.0,0.0
1994-08-09,11.610773985880165,11.877924919128418,11.590223812407638,11.877924919128418,2437275,0.0,0.0
1994-08-10,11.877928303753102,11.93957884173805,11.734077048454887,11.754627227783203,2324717,0.0,0.0
1994-08-11,11.754622807036407,11.775172978636096,11.549122412934004,11.569672584533691,1991471,0.0,0.0
1994-08-12,11.569670933277923,11.610771270611345,11.425821074505238,11.487471580505371,1328561,0.0,0.0
1994-08-15,11.528572794620096,11.610773484963874,11.425823253584921,11.59022331237793,659959,0.0,0.0
1994-08-16,11.590225770626231,11.77517604123252,11.487476207798217,11.6107759475708,1047377,0.0,0.0
1994-08-17,11.651878506979441,11.651878506979441,11.343627116358547,11.384727478027344,1134009,0.0,0.0
1994-08-18,11.384716779226864,11.487467586838667,11.302516133137424,11.446367263793945,1190077,0.0,0.0
1994-08-19,11.425817102271585,11.590217072556635,11.261417131986535,11.446367263793945,3281880,0.0,0.0
1994-08-22,11.48747230926722,11.48747230926722,11.261421761487112,11.28197193145752,1240243,0.0,0.0
1994-08-23,11.302524452189841,11.364174982133864,11.240875244140625,11.240875244140625,1342472,0.0,0.0
1994-08-24,11.240874559899451,11.364174290387336,11.240874559899451,11.343624114990234,1727993,0.0,0.0
1994-08-25,11.44637147610303,11.713522352312442,11.425821307018127,11.692972183227539,3053602,0.0,0.0
1994-08-26,11.734069992291545,11.857370994115643,11.610770312361629,11.77517032623291,1605107,0.0,0.0
1994-08-29,11.919022404970839,12.227272289275676,11.919022404970839,12.145072937011719,2906687,0.0,0.0
1994-08-30,12.12451682704458,12.33001708984375,12.042316193167458,12.33001708984375,2894462,0.0,0.0
1994-08-31,12.309477954362041,12.494428224312644,12.268377600618615,12.350578308105469,2164312,0.0,0.0
1994-09-01,12.309483398042484,12.330033584002202,12.206732468243892,12.268383026123047,1250150,0.0,0.0
1994-09-02,12.371127377513174,12.371127377513174,12.24782632732081,12.309476852416992,1135695,0.0,0.0
1994-09-06,12.288933212082766,12.37113395592164,12.247832840163328,12.268383026123047,1030725,0.0,0.0
1994-09-07,12.309476572730807,12.39167594909668,12.268376223600535,12.39167594909668,1600470,0.0,0.0
1994-09-08,12.3505743196071,12.597173718641136,12.3505743196071,12.576624870300293,1874697,0.0,0.0
1994-09-09,12.494425217702966,12.617724927368068,12.391674358069965,12.473875045776367,2171479,0.0,0.0
1994-09-12,12.494423964879894,12.514974134745918,12.371124267578125,12.371124267578125,1307272,0.0,0.0
1994-09-13,12.39167594909668,12.49442682192236,12.371127096426216,12.39167594909668,1935613,0.0,0.0
1994-09-14,12.412216401827235,12.412216401827235,12.30946693137447,12.33001708984375,811301,0.0,0.0
1994-09-15,12.371123452770316,12.432772636413574,12.33002311574529,12.432772636413574,1335306,0.0,0.0
1994-09-16,12.39167311554978,12.39167311554978,12.288923588114033,12.371124267578125,2534024,0.0,0.0
1994-09-19,12.412222467901062,12.514973310463628,12.412222467901062,12.432772636413574,1677194,0.0,0.0
1994-09-20,12.330026317956857,12.371126665655991,12.227275448709026,12.247825622558594,1772890,0.0,0.0
1994-09-21,12.330027125390536,12.350577300585833,11.960125293769892,12.20672607421875,2058710,0.0,0.0
1994-09-22,12.330033584002202,12.330033584002202,12.22728265420361,12.268383026123047,1925707,0.0,0.0
1994-09-23,12.33001708984375,12.35056724831303,12.186165980558787,12.33001708984375,2013603,0.0,0.0
1994-09-26,12.437819856360855,12.50000801555963,12.375630363710975,12.479279518127441,1449128,0.30838,0.0
1994-09-27,12.520738750237461,12.707305908203123,12.47928041892936,12.707305908203125,1939618,0.0,0.0
1994-09-28,12.748769614523209,13.038986026390303,12.707309936620534,13.018256187438965,2874648,0.0,0.0
1994-09-29,12.97679650953629,13.080445704292977,12.893878487182567,13.018256187438965,3504255,0.0,0.0
1994-09-30,13.038982790605488,13.142630626189057,12.935333621570626,12.97679328918457,1927182,0.0,0.0
1994-10-03,12.95607025637037,12.95607025637037,12.769502987624692,12.810962677001953,1580024,0.0,0.0
1994-10-04,12.893877698548165,12.935336040463477,12.271985234948406,12.292715072631836,2204993,0.0,0.0
1994-10-05,12.20979329522967,12.20979329522967,11.878117327889079,12.126873970031738,3820639,0.0,0.0
1994-10-06,12.168333632630704,12.168333632630704,11.878117327889079,12.126873970031738,2093489,0.0,0.0
1994-10-07,12.064688191565669,12.313444910315264,12.043959687333784,12.292715072631836,1869217,0.0,0.0
1994-10-10,12.396369762349293,12.41709960923228,12.354910068583322,12.375639915466309,943883,0.0,0.0
1994-10-11,12.3548954232837,12.47927435714477,12.230517822873184,12.437814712524414,2008122,0.0,0.0
1994-10-12,12.41709062268726,12.41709062268726,12.313441463285706,12.334171295166016,858095,0.0,0.0
1994-10-13,12.375629614036999,12.603656406489026,12.375629614036999,12.39635944366455,1899148,0.0,0.0
1994-10-14,12.417092629581486,12.6243896484375,12.334173288658526,12.6243896484375,1217057,0.0,0.0
1994-10-17,12.645117744515371,12.707305908203123,12.541468582617114,12.707305908203125,1383364,0.0,0.0
1994-10-18,12.707304586465057,12.728034416688516,12.58292693857537,12.603656768798828,780737,0.0,0.0
1994-10-19,12.624387000859391,12.665846662625977,12.479279518127441,12.479279518127441,1599416,0.0,0.0
1994-10-20,12.47927435714477,12.520732668314574,12.396355067904057,12.437814712524414,1428893,0.0,0.0
1994-10-21,12.437824068555518,12.45855390645918,12.354904716940869,12.417094230651855,2718880,0.0,0.0
1994-10-24,12.45855390645918,12.500012248814947,12.354904716940869,12.417094230651855,1161621,0.0,0.0
1994-10-25,12.354907761028025,12.354907761028025,12.106150978345228,12.147610664367676,2038897,0.0,0.0
1994-10-26,12.230523126529153,12.230523126529153,11.981766484386492,12.126873970031738,1589509,0.0,0.0
1994-10-27,12.251253709637805,12.251253709637805,12.147604546779867,12.209794044494629,1976505,0.0,0.0
1994-10-28,12.230527072747002,12.417094281187708,12.230527072747002,12.313445091247559,2835443,0.0,0.0
1994-10-31,12.354898450520817,12.437817760078689,12.189061164855957,12.189061164855957,1226963,0.0,0.0
1994-11-01,12.106146636117002,12.106146636117002,11.4427958980439,11.567174911499023,5445138,0.0,0.0
1994-11-02,11.463525733619754,11.712282427078593,11.401336226892193,11.567174911499023,3575921,0.0,0.0
1994-11-03,11.56716708503862,11.587896906588469,11.422058334189668,11.54643726348877,2423153,0.0,0.0
1994-11-04,11.504979661435506,11.587898962345246,11.11111564901573,11.131845474243164,3252581,0.0,0.0
1994-11-07,11.173309428954898,11.173309428954898,10.841634744656044,11.152580261230469,2650798,0.0,0.0
1994-11-08,11.256228569104762,11.52571509473484,11.214768898476843,11.442795753479004,2082318,0.0,0.0
1994-11-09,11.712282279109083,11.712282279109083,11.380607580988515,11.442795753479004,2202885,0.0,0.0
1994-11-10,11.567175501207265,11.567175501207265,11.422066644778468,11.525715827941895,1421305,0.0,0.0
1994-11-11,11.442796227858706,11.442796227858706,11.194039527229972,11.21476936340332,1088058,0.0,0.0
1994-11-14,11.256227649582925,11.40133515147541,11.256227649582925,11.380606651306152,1512573,0.0,0.0
1994-11-15,11.359879313272213,11.504986847042538,11.256230122399428,11.339149475097656,1254154,0.0,0.0
1994-11-16,11.33914838044341,11.359878216616758,11.173310357782347,11.21476936340332,1160146,0.0,0.0
1994-11-17,11.194041786909498,11.318420829057299,11.194041786909498,11.256231307983398,1411820,0.0,0.0
1994-11-18,11.028199583858356,11.04892941391482,10.717254133187982,10.966010093688965,5300541,0.0,0.0
1994-11-21,10.986736531321753,11.028196178633,10.696521000318986,10.71725082397461,2234924,0.0,0.0
1994-11-22,10.717254607712905,10.717254607712905,10.281930824154564,10.30265998840332,1644734,0.0,0.0
1994-11-23,10.30266173312573,10.427040740034787,10.074635553969463,10.219743728637695,3711243,0.0,0.0
1994-11-25,10.281933274665276,10.364851951599121,10.240473602835497,10.364851951599121,1302845,0.0,0.0
1994-11-28,10.364850415795408,10.406310081481934,10.323390750108883,10.406310081481934,1117989,0.0,0.0
1994-11-29,10.427037143407107,10.468496131350557,10.281929018791436,10.447766304016113,1272914,0.0,0.0
1994-11-30,10.447769405437073,10.69652607384296,10.406310405186517,10.613607406616211,1820105,0.0,0.0
1994-12-01,10.592877573128114,10.675796240354865,10.572147739640018,10.613607406616211,1137803,0.0,0.0
1994-12-02,10.63433837890625,10.63433837890625,10.427041355277689,10.63433837890625,1118621,0.0,0.0
1994-12-05,10.65506135300774,10.77943962821616,10.65506135300774,10.71725082397461,1267855,0.0,0.0
1994-12-06,10.717254912876577,10.820903403973876,10.696525081312002,10.779443740844727,701694,0.0,0.0
1994-12-07,10.696528253850639,10.7587171002637,10.592879732011689,10.675798416137695,953157,0.0,0.0
1994-12-08,10.675797112270098,10.675797112270098,10.219744071913324,10.323391914367676,1424677,0.0,0.0
1994-12-09,10.38558043367247,10.427040100097656,10.219743101422972,10.427040100097656,2035313,0.0,0.0
1994-12-12,10.427040238674614,10.634337240104308,10.427040238674614,10.613607406616211,1272703,0.0,0.0
1994-12-13,10.613609132207534,10.696527812915443,10.572149458490706,10.592879295349121,919432,0.0,0.0
1994-12-14,10.69652695716106,11.11112099425758,10.69652695716106,11.090391159057617,2943996,0.0,0.0
1994-12-15,11.090391859900791,11.276959055038963,11.090391859900791,11.235499382019043,1661386,0.0,0.0
1994-12-16,11.276956155273204,11.401333808898926,11.214766661734782,11.401333808898926,3411932,0.0,0.0
1994-12-19,11.380606651306152,11.380606651306152,11.297687316824002,11.380606651306152,1439432,0.0,0.0
1994-12-20,11.359877745674558,11.50498525942088,11.318418075046639,11.442795753479004,1416035,0.0,0.0
1994-12-21,11.442792141893644,11.463521970664836,11.152577205998922,11.194035530090332,2149768,0.0,0.0
1994-12-22,11.194040607875756,11.359879313272213,11.194040607875756,11.339149475097656,943251,0.0,0.0
1994-12-23,11.28054699640798,11.385190284514735,11.259618877286364,11.322403907775879,620965,0.30838,0.0
1994-12-27,11.34333473853849,11.447978718575536,11.34333473853849,11.364263534545898,420932,0.0,0.0
1994-12-28,11.343335025324052,11.36426382186059,11.301477432250977,11.301477432250977,591666,0.0,0.0
1994-12-29,11.343331068867737,11.343331068867737,11.238688468933105,11.238688468933105,490280,0.0,0.0
1994-12-30,11.259623527526855,11.259623527526855,11.134051395312346,11.259623527526855,518946,0.0,0.0
1995-01-03,11.175903876249606,11.196832668810403,10.966617296890995,11.113118171691895,1259424,0.0,0.0
1995-01-04,11.217764086680674,11.468908309936523,11.217764086680674,11.468908309936523,1641151,0.0,0.0
1995-01-05,11.427049922568127,11.468907514582945,11.322405942531079,11.364263534545898,1230968,0.0,0.0
1995-01-06,11.364260274075155,11.720047011624718,11.259617670310247,11.699119567871094,2592200,0.0,0.0
1995-01-09,11.678190497529576,11.678190497529576,11.61540412902832,11.61540412902832,1072460,0.0,0.0
1995-01-10,11.699117625075974,11.845617784518211,11.510758546330134,11.552616119384766,1758556,0.0,0.0
1995-01-11,11.594475057157712,11.636332635139157,11.364259724508903,11.531688690185547,931447,0.0,0.0
1995-01-12,11.5316957848991,11.5316957848991,11.406124319947821,11.510766983032227,767037,0.0,0.0
1995-01-13,11.657265332400048,11.657265332400048,11.34333473853849,11.364263534545898,2218905,0.0,0.0
1995-01-16,11.40612360938288,11.636339069326835,11.40612360938288,11.594481468200684,1179116,0.0,0.0
1995-01-17,11.657267988397908,11.720053044475534,11.594481586070394,11.63633918762207,938403,0.0,0.0
1995-01-18,11.657260490334686,11.678189277648926,11.552616553763492,11.678189277648926,785585,0.0,0.0
1995-01-19,11.61541099236659,11.636339794233463,11.447981923681567,11.510766983032227,579651,0.0,0.0
1995-01-20,11.447977344229752,11.510762378464968,11.238690755530389,11.385190963745117,2313546,0.0,0.0
1995-01-23,11.301475285365028,11.301475285365028,10.966617296890995,11.113118171691895,1931609,0.0,0.0
1995-01-24,11.175902099874305,11.238688467576996,11.113116405296187,11.154973983764648,795703,0.0,0.0
1995-01-25,11.175900841733425,11.175900841733425,10.987543106079102,10.987543106079102,1046323,0.0,0.0
1995-01-26,10.882902564763352,10.903831356872207,10.694544782033,10.77825927734375,2373830,0.0,0.0
1995-01-27,10.882898496646618,10.90382728093212,10.485254287719727,10.485254287719727,5045706,0.0,0.0
1995-01-30,10.58990208357926,10.652687790273031,10.27597220386099,10.401543617248535,4190140,0.0,0.0
1995-01-31,10.4015418498878,10.568971494497168,10.4015418498878,10.443399429321289,4086435,0.0,0.0
1995-02-01,10.443399970159247,10.61082895031476,10.443399970159247,10.548043251037598,1439010,0.0,0.0
1995-02-02,10.548042704780423,10.610828400806067,10.296899247553254,10.443399429321289,4426216,0.0,0.0
1995-02-03,10.506185935402168,10.673614909069105,10.443399565433618,10.65268611907959,2551098,0.0,0.0
1995-02-06,10.715480631529736,10.84105212063693,10.715480631529736,10.75733757019043,1580867,0.0,0.0
1995-02-07,10.799192915923648,10.924765051806475,10.757335312921048,10.903836250305176,1316967,0.0,0.0
1995-02-08,10.861974865744749,10.92476124838979,10.778260362009426,10.820117950439453,1943202,0.0,0.0
1995-02-09,10.757331567794411,10.861974865744749,10.694545858274102,10.820117950439453,1341629,0.0,0.0
1995-02-10,10.861974716186523,10.903832304040217,10.757331419677017,10.861974716186523,1280713,0.0,0.0
1995-02-13,10.88290703178006,10.966621561452419,10.778263701408378,10.924764633178711,1023559,0.0,0.0
1995-02-14,11.134043546393512,11.134043546393512,11.029400288836941,11.092185974121094,1612273,0.0,0.0
1995-02-15,11.175902912430155,11.343331892227953,11.092188422531255,11.196831703186035,2149979,0.0,0.0
1995-02-16,11.008477783483885,11.029406581560822,10.673619033627459,10.94569206237793,2974981,0.0,0.0
1995-02-17,10.799195181976234,10.882909732422732,10.63176540795813,10.75733757019043,4437599,0.0,0.0
1995-02-21,10.778258868901528,10.82011645153304,10.75733007758577,10.799187660217285,1218111,0.0,0.0
1995-02-22,10.778257774784777,10.820115353167267,10.65268571276188,10.673614501953125,1247199,0.0,0.0
1995-02-23,10.65269421385103,10.84105212063693,10.65269421385103,10.75733757019043,1963858,0.0,0.0
1995-02-24,10.757331041982498,10.778259835174525,10.67361654233909,10.715474128723145,1134641,0.0,0.0
1995-02-27,10.652688269844075,10.882903659959762,10.610830681414047,10.820117950439453,1224223,0.0,0.0
1995-02-28,10.799186060570484,11.217759132385254,10.799186060570484,11.217759132385254,3902844,0.0,0.0
1995-03-01,11.217758415489717,11.25961598924601,10.987543106079102,10.987543106079102,2894673,0.0,0.0
1995-03-02,11.008475600549723,11.008475600549723,10.861974716186523,10.861974716186523,2466363,0.0,0.0
1995-03-03,10.861978647302577,10.966621981684105,10.861978647302577,10.903836250305176,1735792,0.0,0.0
1995-03-06,10.861970350456387,10.882899135971368,10.778255881520916,10.841041564941406,1300105,0.0,0.0
1995-03-07,10.778258868901528,10.841044569724158,10.715473168078898,10.799187660217285,1380624,0.0,0.0
1995-03-08,10.799191931717202,10.841048857780116,10.694548606872559,10.694548606872559,1203988,0.0,0.0
1995-03-09,10.694543699058622,10.736401279037656,10.65268611907959,10.65268611907959,1219586,0.0,0.0
1995-03-10,10.694549171736018,11.008479162851069,10.652691570337367,10.924764633178711,2220802,0.0,0.0
1995-03-13,10.966617296890995,11.113118171691895,10.945689177454877,11.113118171691895,1001216,0.0,0.0
1995-03-14,11.154981391529365,11.280552864074707,11.154981391529365,11.280552864074707,1715978,0.0,0.0
1995-03-15,11.322406228787514,11.36426382186059,11.196834795817907,11.301477432250977,1461775,0.0,0.0
1995-03-16,11.364259196330408,11.53168815422543,11.343330408312397,11.489831924438477,1537867,0.0,0.0
1995-03-17,11.510763472527657,11.531692268011753,11.364263250388532,11.42704963684082,3136861,0.0,0.0
1995-03-20,11.427050338750979,11.427050338750979,11.322406354902709,11.343335151672363,1732630,0.0,0.0
1995-03-21,11.364263250388532,11.531692268011753,11.364263250388532,11.42704963684082,1945942,0.0,0.0
1995-03-22,11.406120430254804,11.447978019714355,11.343334046065477,11.447978019714355,897932,0.0,0.0
1995-03-23,11.447973532997159,11.594473692439395,11.447973532997159,11.552616119384766,1652954,0.0,0.0
1995-03-24,11.615407764584626,11.824694378845162,11.615407764584626,11.740979194641113,2409873,0.0,0.0
1995-03-27,11.850830935743119,11.850830935743119,11.702960014343262,11.702960014343262,1683729,0.30838,0.0
1995-03-28,11.681827952866612,12.146566390991211,11.681827952866612,12.146566390991211,2729630,0.0,0.0
1995-03-29,12.209946712018231,12.463440664581936,12.188822102734147,12.442316055297852,4183395,0.0,0.0
1995-03-30,12.463440807091438,12.611311714925504,12.400066978514552,12.505688667297363,3612597,0.0,0.0
1995-03-31,12.421196493733,12.484570347339087,12.336698022258213,12.378947257995605,2048803,0.0,0.0
1995-04-03,12.33669339287178,12.378942612755008,12.23107170200907,12.252196311950684,1600470,0.0,0.0
1995-04-04,12.252195273037662,12.294443130493164,12.125447624135422,12.294443130493164,1925496,0.0,0.0
1995-04-05,12.23106694329067,12.23106694329067,12.146568536399853,12.167693138122559,1773522,0.0,0.0
1995-04-06,12.209945423221807,12.315567099648232,12.146571602058849,12.273319244384766,2802139,0.0,0.0
1995-04-07,12.252189380948888,12.357811012061974,12.146566390991211,12.146566390991211,2205836,0.0,0.0
1995-04-10,12.209951673891904,12.378947257995605,12.209951673891904,12.378947257995605,1575387,0.0,0.0
1995-04-11,12.421193802337523,12.505690896657805,12.29444612258874,12.484567642211914,1648317,0.0,0.0
1995-04-12,12.46344139021742,12.54793847342796,12.357818337647503,12.421192169189453,1262586,0.0,0.0
1995-04-13,12.44231644257985,12.463441052521464,12.23107170200907,12.252196311950684,817835,0.0,0.0
1995-04-17,12.273320408205189,12.315568267474818,11.829704976843717,11.893078804016113,1542715,0.0,0.0
1995-04-18,11.935323302110607,11.935323302110607,11.63958025110786,11.681829452514648,2151244,0.0,0.0
1995-04-19,11.702954053218042,11.766327855328223,11.618455650404467,11.681829452514648,1549882,0.0,0.0
1995-04-20,11.702956109671772,11.850826981734762,11.681831505256344,11.829702377319336,645837,0.0,0.0
1995-04-21,11.850826981734762,11.87195158615019,11.766329922918056,11.829702377319336,1663072,0.0,0.0
1995-04-24,11.829702035502534,12.104320526123047,11.829702035502534,12.104320526123047,1244458,0.0,0.0
1995-04-25,12.083200345011278,12.125449568085413,11.618461608886719,11.618461608886719,1522059,0.0,0.0
1995-04-26,11.57620827918284,11.829700780255312,11.55508367761933,11.808577537536621,2806566,0.0,0.0
1995-04-27,11.829704976843717,11.935328022131044,11.724083290401692,11.893078804016113,2112881,0.0,0.0
1995-04-28,11.998703215988431,12.040952438915664,11.491715258552556,11.702960014343262,2640680,0.0,0.0
1995-05-01,11.745204209225195,11.80857801648613,11.68183040196426,11.766328811645508,1150239,0.0,0.0
1995-05-02,11.745201809798747,11.787451006008286,11.59733098190996,11.639578819274902,853036,0.0,0.0
1995-05-03,11.639585687386072,11.766333350804036,11.597337825092149,11.745208740234375,1969128,0.0,0.0
1995-05-04,11.998697104220788,11.998697104220788,11.660704851811255,11.681829452514648,2200988,0.0,0.0
1995-05-05,11.745205318502627,11.935325399396474,11.745205318502627,11.829702377319336,2429687,0.0,0.0
1995-05-08,11.829702377319336,11.829702377319336,11.702956109671772,11.829702377319336,2018872,0.0,0.0
1995-05-09,11.829707597780867,11.91420605273183,11.724085887937768,11.871956825256348,1800291,0.0,0.0
1995-05-10,11.89307808234888,11.956451905675777,11.808581010091569,11.914202690124512,1322448,0.0,0.0
1995-05-11,11.93532434342906,12.252192022780882,11.93532434342906,12.209942817687988,2720988,0.0,0.0
1995-05-12,12.252187936672604,12.421183341839278,12.231063341171215,12.40005874633789,2775581,0.0,0.0
1995-05-15,12.378942368988925,12.632436324451131,12.336693149937668,12.505688667297363,3613229,0.0,0.0
1995-05-16,12.526806614456477,12.674678802490236,12.50568201616594,12.674678802490234,2087377,0.0,0.0
1995-05-17,12.505683313778418,12.526807914260882,12.14656782326603,12.188817024230957,2955167,0.0,0.0
1995-05-18,12.209952721063749,12.36838600982094,12.062080383300781,12.062080383300781,2929873,0.0,0.0
1995-05-19,11.998698151068401,12.209942817687988,11.998698151068401,12.209942817687988,2956010,0.0,0.0
1995-05-22,12.188820816167487,12.33669170670255,12.08319778089589,12.273319244384766,1803664,0.0,0.0
1995-05-23,12.294439313967173,12.463436126708984,12.231066868033814,12.463436126708984,1942569,0.0,0.0
1995-05-24,12.526813862913977,12.54793847342796,12.357818337647503,12.421192169189453,2952427,0.0,0.0
1995-05-25,12.400071875864302,12.442321111601695,12.315573404389518,12.378947257995605,1754551,0.0,0.0
1995-05-26,12.294442983341023,12.33669219913609,12.167696694801053,12.231070518493652,1366291,0.0,0.0
1995-05-30,12.231060723582845,12.378931501602075,12.188811541621881,12.336682319641113,1485593,0.0,0.0
1995-05-31,12.336698022258213,12.400071875864302,12.273325527497994,12.378947257995605,1467888,0.0,0.0
1995-06-01,12.378935572047771,12.378935572047771,12.294437180341056,12.357810974121094,1343737,0.0,0.0
1995-06-02,12.209942341567967,12.294439389613956,12.104319332954445,12.167693138122559,2405447,0.0,0.0
1995-06-05,12.040953540439558,12.14657524857461,12.01982892704343,12.08320140838623,2702018,0.0,0.0
1995-06-06,12.104322871108455,12.252195126391184,12.083198263210921,12.231070518493652,1960696,0.0,0.0
1995-06-07,12.167693138122559,12.209942341567967,12.125443934677149,12.167693138122559,1824742,0.0,0.0
1995-06-08,12.14657524857461,12.209949088762988,12.08320140838623,12.08320140838623,1565691,0.0,0.0
1995-06-09,12.01982307434082,12.040947677450937,11.935324661900355,12.01982307434082,2030465,0.0,0.0
1995-06-12,11.935327529907227,11.998701354466029,11.914202921720959,11.935327529907227,1539554,0.0,0.0
1995-06-13,11.93533066646957,11.97757989394505,11.871956825256348,11.871956825256348,2311649,0.0,0.0
1995-06-14,11.787452935973112,11.871949983382331,11.766328334409604,11.808577537536621,2543299,0.0,0.0
1995-06-15,11.787457961373695,11.829705823667618,11.745208740234375,11.745208740234375,2671454,0.0,0.0
1995-06-16,11.745205318502627,11.829702377319336,11.702956109671772,11.829702377319336,3595524,0.0,0.0
1995-06-19,11.829700943858715,12.019822360559656,11.808577700847893,11.956448554992676,2151244,0.0,0.0
1995-06-20,11.977576000857425,12.10432228324175,11.956451393985844,12.040949821472168,1849193,0.0,0.0
1995-06-21,12.062080383300781,12.083205002981206,12.019832502785919,12.062080383300781,1382099,0.0,0.0
1995-06-22,12.146571602058849,12.294442492593912,12.08319778089589,12.273319244384766,2305325,0.0,0.0
1995-06-23,12.252189343332285,12.42118476790113,12.231064745405606,12.357810974121094,1891981,0.0,0.0
1995-06-26,12.35781631375687,12.35781631375687,12.188820816167487,12.273319244384766,1037049,0.0,0.0
1995-06-27,12.294435745420184,12.336684936342511,12.273312508803448,12.315560340881348,1906525,0.0,0.0
1995-06-28,12.315573971294604,12.336918255923592,12.123476782609702,12.166165351867676,2423364,0.35582,0.0
1995-06-29,12.166161676555038,12.294225972665647,12.144817398374009,12.230193138122559,1467677,0.0,0.0
1995-06-30,12.230185349303223,12.336906672242671,12.230185349303223,12.272873878479004,1284507,0.0,0.0
1995-07-03,12.294220924377441,12.315565193794026,12.251532385544271,12.294220924377441,306899,0.0,0.0
1995-07-05,12.294223518267174,12.422287788811243,12.230190696507492,12.358256340026855,1671714,0.0,0.0
1995-07-06,12.379600676745289,12.46497639988266,12.336912128688953,12.443632125854492,1694057,0.0,0.0
1995-07-07,12.422284938292666,12.827824676736908,12.40094204224558,12.806480407714844,4841879,0.0,0.0
1995-07-10,12.977239030119003,13.04127186601697,12.891861915588379,12.891861915588379,3673513,0.0,0.0
1995-07-11,12.870518646813423,12.870518646813423,12.742454337944793,12.78514289855957,1575176,0.0,0.0
1995-07-12,12.763795549559983,12.998581203518016,12.763795549559983,12.934548377990723,1967020,0.0,0.0
1995-07-13,13.12664239774455,13.169330938067226,13.06261096023559,13.083953857421875,2426104,0.0,0.0
1995-07-14,13.019918441772461,13.062606969051972,12.955885650853197,13.019918441772461,1054965,0.0,0.0
1995-07-17,13.10530642775794,13.190683562476437,13.062619233374614,13.147994995117188,1123259,0.0,0.0
1995-07-18,13.147993732770527,13.147993732770527,12.9132080078125,12.9132080078125,2221223,0.0,0.0
1995-07-19,12.891862927120812,12.891862927120812,12.614390029076162,12.78514289855957,2186444,0.0,0.0
1995-07-20,12.785138305716659,12.785138305716659,12.635728397237896,12.742449760437012,1695743,0.0,0.0
1995-07-21,12.72111015275013,12.763798713684082,12.614390123390969,12.763798713684082,2229233,0.0,0.0
1995-07-24,12.763798713684082,12.849175835551982,12.67842159181618,12.763798713684082,1313384,0.0,0.0
1995-07-25,12.763798713684082,12.785142994151057,12.699765872283155,12.763798713684082,910369,0.0,0.0
1995-07-26,12.763796256705204,12.763796256705204,12.507666313381188,12.571699142456055,975079,0.0,0.0
1995-07-27,12.593038644696477,12.699758613054112,12.571694376429965,12.678414344787598,1350482,0.0,0.0
1995-07-28,12.699763427630337,12.763796256705204,12.550354866097766,12.571699142456055,1445123,0.0,0.0
1995-07-31,12.571696353741492,12.69976061050794,12.507663538870695,12.657072067260742,1240032,0.0,0.0
1995-08-01,12.635733030882228,12.827831555085007,12.635733030882228,12.763798713684082,2058078,0.0,0.0
1995-08-02,12.806487274618032,12.870518743043244,12.72111015275013,12.763798713684082,1693214,0.0,0.0
1995-08-03,12.699764644218304,12.849174593039217,12.678420365815317,12.82783031463623,1001848,0.0,0.0
1995-08-04,12.82783145917435,12.849175739481739,12.742454337944793,12.78514289855957,1079416,0.0,0.0
1995-08-07,12.806486174033353,12.93455047285369,12.806486174033353,12.891861915588379,1277551,0.0,0.0
1995-08-08,12.913204102814959,12.934548377990723,12.87051555246343,12.934548377990723,970231,0.0,0.0
1995-08-09,12.934548377990723,12.977236928342252,12.913204102814959,12.934548377990723,2075151,0.0,0.0
1995-08-10,12.955892653166487,13.041269753869544,12.891859827639195,12.934548377990723,1889241,0.0,0.0
1995-08-11,12.998574178132706,13.019918441772461,12.955885650853197,13.019918441772461,1750757,0.0,0.0
1995-08-14,13.019927352517149,13.019927352517149,12.849174499511719,12.849174499511719,1284507,0.0,0.0
1995-08-15,12.72111015275013,12.785142994151057,12.699765872283155,12.763798713684082,2923971,0.0,0.0
1995-08-16,12.763797386521217,12.87051740478377,12.742453108273592,12.849174499511719,1355119,0.0,0.0
1995-08-17,12.721110057637404,12.78514289855957,12.678421497022624,12.78514289855957,2139229,0.0,0.0
1995-08-18,12.827831555085007,12.827831555085007,12.763798713684082,12.763798713684082,1279448,0.0,0.0
1995-08-21,12.806482578356482,12.827826850996306,12.742449760437012,12.742449760437012,1570960,0.0,0.0
1995-08-22,12.742448979675732,12.785137522339747,12.678416165679712,12.699760437011719,1512995,0.0,0.0
1995-08-23,12.699759488347267,12.742448027822473,12.550350973159071,12.593039512634277,2097916,0.0,0.0
1995-08-24,12.55035400390625,12.593042553690186,12.507665454122316,12.55035400390625,2349379,0.0,0.0
1995-08-25,12.571698278798218,12.593042553690186,12.529009729014284,12.55035400390625,1730311,0.0,0.0
1995-08-28,12.571696181994803,12.721104708343725,12.571696181994803,12.699760437011719,1185861,0.0,0.0
1995-08-29,12.678417029987363,12.763794121135684,12.593041311814266,12.721105575561523,1370717,0.0,0.0
1995-08-30,12.785136567297677,12.785136567297677,12.571695242896674,12.593039512634277,1947206,0.0,0.0
1995-08-31,12.571700235416328,12.65707597529644,12.550355957202406,12.63573169708252,1402967,0.0,0.0
1995-09-01,12.614385497573284,12.763794033076836,12.614385497573284,12.742449760437012,1267012,0.0,0.0
1995-09-05,12.785140093839573,12.913204374614303,12.76379581821455,12.870515823364258,1514892,0.0,0.0
1995-09-06,12.891862584667928,12.97723970362957,12.870518304927517,12.95589542388916,1267223,0.0,0.0
1995-09-07,12.913198229293593,13.019919556630606,12.89185396382619,12.9772310256958,1059813,0.0,0.0
1995-09-08,12.977233879590239,13.083953857421875,12.977233879590239,13.083953857421875,1008804,0.0,0.0
1995-09-11,13.062609266661404,13.297393462046122,13.062609266661404,13.276050567626953,2403550,0.0,0.0
1995-09-12,13.27605369127147,13.297396590712282,13.169332329191418,13.212020874023438,1450603,0.0,0.0
1995-09-13,13.16933405030101,13.318742603764196,13.147989775095503,13.254711151123047,1388633,0.0,0.0
1995-09-14,13.126643852610371,13.297396659851074,13.105299580083384,13.297396659851074,2453295,0.0,0.0
1995-09-15,13.297401294192182,13.318745574157967,13.233369827270508,13.233369827270508,2701385,0.0,0.0
1995-09-18,13.19067608227432,13.212020353849981,13.083954724396019,13.10529899597168,2040372,0.0,0.0
1995-09-19,13.083961262246044,13.083961262246044,12.934552659534432,13.041274070739746,1516157,0.0,0.0
1995-09-20,12.998583308751659,12.998583308751659,12.849174731298664,12.891861915588379,1329404,0.0,0.0
1995-09-21,12.870518646813423,12.891862927120812,12.721110057637404,12.78514289855957,1483907,0.0,0.0
1995-09-22,12.657070524560394,12.891856110828122,12.657070524560394,12.806480407714844,1801556,0.0,0.0
1995-09-25,12.806487274618032,12.806487274618032,12.72111015275013,12.763798713684082,1844555,0.0,0.0
1995-09-26,12.827824676736908,12.891856110828122,12.763791869670715,12.806480407714844,1784061,0.0,0.0
1995-09-27,12.828049153555211,12.892728805541992,12.720251120421702,12.892728805541992,2191081,0.35582,0.0
1995-09-28,12.871163368225098,12.935842992305567,12.784923869451141,12.871163368225098,1099440,0.0,0.0
1995-09-29,12.87116352791508,12.957403027758993,12.828043777993123,12.849603652954102,1741694,0.0,0.0
1995-10-02,12.763362924194347,12.828042542849627,12.634005073727531,12.698684692382812,1619440,0.0,0.0
1995-10-03,12.698684692382812,12.78492279707944,12.590885327957345,12.698684692382812,1947417,0.0,0.0
1995-10-04,12.698684850264963,12.741804596571255,12.612445357652376,12.677124977111816,1776262,0.0,0.0
1995-10-05,12.677128569015446,12.76336669921875,12.590889051967988,12.76336669921875,875379,0.0,0.0
1995-10-06,12.720246001521891,12.806484115955739,12.634006500244139,12.63400650024414,1444491,0.0,0.0
1995-10-09,12.655564946612625,12.720244565267906,12.612445200842439,12.698684692382812,987304,0.0,0.0
1995-10-10,12.655564308166504,12.74180379535628,12.590884692774171,12.655564308166504,1644312,0.0,0.0
1995-10-11,12.677124819497719,12.741804438153,12.634005073727531,12.698684692382812,1094592,0.0,0.0
1995-10-12,12.677126250883015,12.677126250883015,12.547766998966388,12.63400650024414,1173425,0.0,0.0
1995-10-13,12.634003178658679,12.655563048309846,12.504645347595215,12.504645347595215,1125366,0.0,0.0
1995-10-16,12.547767366670769,12.547767366670769,12.418409497807295,12.526208877563477,768301,0.0,0.0
1995-10-17,12.504641019979786,12.504641019979786,12.396841709031216,12.439961433410645,904677,0.0,0.0
1995-10-18,12.48308753358164,12.48308753358164,12.310608547969531,12.353728294372559,1253944,0.0,0.0
1995-10-19,12.353721984651788,12.483081157790073,12.353721984651788,12.439961433410645,1227174,0.0,0.0
1995-10-20,12.439961433410645,12.5262008821695,12.41840157122093,12.439961433410645,1356595,0.0,0.0
1995-10-23,12.418405374162138,12.439965242954223,12.22436794187686,12.245927810668945,1817786,0.0,0.0
1995-10-24,12.224371275220976,12.310609387061259,12.181251525878906,12.181251525878906,2383947,0.0,0.0
1995-10-25,12.20281027830484,12.28904976905787,12.008772810954252,12.073451042175293,2397648,0.0,0.0
1995-10-26,12.09501091486355,12.20281027830484,12.073451042175293,12.073451042175293,2255370,0.0,0.0
1995-10-27,12.051894449147678,12.224372070898575,12.030334573073322,12.202812194824219,1413295,0.0,0.0
1995-10-30,11.98721171543756,12.289048515438736,11.965651844948647,12.051891326904297,5420687,0.0,0.0
1995-10-31,11.987216712051543,12.095014722585798,11.836298942565918,11.836298942565918,5503735,0.0,0.0
1995-11-01,11.750058499146265,11.8147381324787,11.59914074154798,11.706938743591309,3999804,0.0,0.0
1995-11-02,11.728491897767237,11.771611628602912,11.512894630432129,11.512894630432129,3559269,0.0,0.0
1995-11-03,11.426659115191509,11.512897907992198,11.275741401145762,11.491338729858398,3871859,0.0,0.0
1995-11-06,11.448215727600248,11.577574226685641,11.426655862182411,11.512894630432129,1860575,0.0,0.0
1995-11-07,11.534461886294215,11.771619171000301,11.491342821252612,11.728499412536621,2394697,0.0,0.0
1995-11-08,11.728488777707739,11.771608497072533,11.685369058342944,11.750048637390137,1389266,0.0,0.0
1995-11-09,11.793175657222514,11.87941376249419,11.72849603813594,11.857853889465332,1485383,0.0,0.0
1995-11-10,11.857851674654883,11.987210888666308,11.793173454492669,11.900971412658691,2051544,0.0,0.0
1995-11-13,11.879417314673118,11.900977194148803,11.814739063090233,11.836298942565918,1073725,0.0,0.0
1995-11-14,11.857851674654883,11.922531281660595,11.836293192496475,11.900971412658691,1510676,0.0,0.0
1995-11-15,11.879419774449776,11.94409942626953,11.879419774449776,11.944099426269531,1201037,0.0,0.0
1995-11-16,11.922531281660595,11.9440911506625,11.857851674654883,11.900971412658691,907839,0.0,0.0
1995-11-17,11.879411543656786,11.922531281660595,11.857851674654883,11.900971412658691,1760875,0.0,0.0
1995-11-20,11.900971412658691,11.900971412658691,11.857851674654883,11.900971412658691,751228,0.0,0.0
1995-11-21,11.900971259205779,11.922531127929688,11.814733171153627,11.922531127929688,1033255,0.0,0.0
1995-11-22,11.900975011690525,12.15969213110978,11.900975011690525,12.116572380065918,2024564,0.0,0.0
1995-11-24,12.116572380065918,12.181252006631711,12.095012504543988,12.116572380065918,387207,0.0,0.0
1995-11-27,12.202812194824219,12.24593194697293,12.13813256660115,12.202812194824219,1783429,0.0,0.0
1995-11-28,12.181247365654377,12.202807232962137,12.051889548651209,12.09500789642334,1670239,0.0,0.0
1995-11-29,12.116568446284022,12.332165744663298,12.116568446284022,12.267487525939941,1114406,0.0,0.0
1995-11-30,12.310610986816396,12.332170864289122,12.224372863769531,12.224372863769531,917324,0.0,0.0
1995-12-01,12.245936321393364,12.332174469652314,12.224376437617515,12.310614585876465,1072671,0.0,0.0
1995-12-04,12.310603499105715,12.439962685261596,12.310603499105715,12.396842956542969,1287669,0.0,0.0
1995-12-05,12.375289119051416,12.483088493347168,12.375289119051416,12.483088493347168,1061499,0.0,0.0
1995-12-06,12.526205527609296,12.56932388113644,12.418406176682508,12.461525917053223,1308747,0.0,0.0
1995-12-07,12.439962685261596,12.439962685261596,12.375283092183656,12.396842956542969,1572857,0.0,0.0
1995-12-08,12.396845350230121,12.396845350230121,12.245927657417667,12.267487525939941,2416408,0.0,0.0
1995-12-11,12.289052496187711,12.310610986816396,12.181253108824079,12.224372863769531,1978824,0.0,0.0
1995-12-12,12.20281027830484,12.20281027830484,12.051892556330769,12.073451042175293,2512735,0.0,0.0
1995-12-13,12.051893034332924,12.202810762292694,12.030333160789558,12.138131141662598,1693214,0.0,0.0
1995-12-14,12.138130983670855,12.181250730196334,12.116571110408117,12.159690856933594,1050539,0.0,0.0
1995-12-15,12.159687498346619,12.202807232962137,12.03032968134345,12.09500789642334,3233189,0.0,0.0
1995-12-18,11.92253747379325,12.0195569346902,11.879417713394606,11.965657234191895,1291884,0.0,0.0
1995-12-19,12.008771585926471,12.095009681038528,11.98721171543756,12.051891326904297,1829590,0.0,0.0
1995-12-20,12.073451042175293,12.138130660240066,12.051892556330769,12.073451042175293,1683939,0.0,0.0
1995-12-21,12.116571268119232,12.159691015205963,12.051893034332924,12.138131141662598,916270,0.0,0.0
1995-12-22,12.116570787551808,12.159690532928323,12.051892556330769,12.073451042175293,575857,0.0,0.0
1995-12-26,12.138130983670855,12.26749022324729,12.116571110408117,12.159690856933594,4284782,0.0,0.0
1995-12-27,12.2032721360577,12.24685553118052,12.072523352445165,12.137898445129395,778208,0.35582,0.0
1995-12-28,12.072528839111328,12.137903961506934,12.00715371671572,12.072528839111328,1196400,0.0,0.0
1995-12-29,12.072526374427737,12.268650299818043,12.072526374427737,12.246858596801758,1345634,0.0,0.0
1996-01-02,12.246855019801963,12.421188593013781,12.225063323150485,12.399396896362305,1764247,0.0,0.0
1996-01-03,12.442982138843297,12.682689462881168,12.421191838254607,12.66089916229248,2757032,0.0,0.0
1996-01-04,12.726271387652584,12.813438186895766,12.682687988030994,12.748063087463379,2072200,0.0,0.0
1996-01-05,12.748064774833669,12.81343988291929,12.682689666748047,12.682689666748047,845026,0.0,0.0
1996-01-08,12.66089916229248,12.726272867571005,12.639107459947562,12.66089916229248,244086,0.0,0.0
1996-01-09,12.682691865634329,12.726275278581102,12.595526441497277,12.6472806930542,1289777,0.0,0.0
1996-01-10,12.595520764469738,12.595520764469738,12.399396896362305,12.399396896362305,2186023,0.0,0.0
1996-01-11,12.4211902740497,12.4211902740497,12.29044007644561,12.334023475646973,1142440,0.0,0.0
1996-01-12,12.355815175247654,12.4211902740497,12.268648376844926,12.334023475646973,859148,0.0,0.0
1996-01-15,12.334023475646973,12.486563971095693,12.312231776046291,12.334023475646973,962432,0.0,0.0
1996-01-16,12.377611454270065,12.377611454270065,12.203277792965304,12.26865291595459,1817786,0.0,0.0
1996-01-17,12.246860092585779,12.246860092585779,12.137902965953018,12.15969467163086,2053019,0.0,0.0
1996-01-18,12.116108913985775,12.18148401835938,12.028942108154297,12.028942108154297,3472848,0.0,0.0
1996-01-19,11.985358463230623,12.137900370355586,11.898193060915359,12.05073356628418,2403339,0.0,0.0
1996-01-22,12.05073118116059,12.18148136138916,12.028939484455828,12.18148136138916,1466623,0.0,0.0
1996-01-23,12.203277587890625,12.225069295187513,12.181487282350284,12.203277587890625,1317811,0.0,0.0
1996-01-24,12.246854312203718,12.4211878753429,12.203270921418923,12.377604484558105,1704596,0.0,0.0
1996-01-25,12.246854065253274,12.268645760206255,12.137896992244121,12.225062370300293,2009598,0.0,0.0
1996-01-26,12.22506261681132,12.4211878753429,12.203270921418923,12.377604484558105,1916011,0.0,0.0
1996-01-29,12.399400885156771,12.5737331126941,12.399400885156771,12.508358001708984,2063347,0.0,0.0
1996-01-30,12.508358254842479,12.987772941589355,12.508358254842479,12.987772941589355,2734267,0.0,0.0
1996-01-31,12.987772941589355,13.096731462102891,12.922397829281232,12.987772941589355,2322399,0.0,0.0
1996-02-01,12.900603053588263,12.922394752502441,12.835229358601742,12.922394752502441,1022083,0.0,0.0
1996-02-02,12.90060806274414,12.90060806274414,12.813442634998122,12.90060806274414,1395378,0.0,0.0
1996-02-05,12.857022872461746,13.140312194824219,12.857022872461746,13.140312194824219,1522691,0.0,0.0
1996-02-06,13.118523444018306,13.445396208968459,13.118523444018306,13.380021095275879,3369776,0.0,0.0
1996-02-07,13.380017273413971,13.510767463451707,13.358225575074348,13.467184066772461,2809306,0.0,0.0
1996-02-08,13.510770457728356,13.794059795414501,13.488978754559223,13.75047779083252,2587774,0.0,0.0
1996-02-09,13.663305993862073,13.815846458643843,13.53255722429995,13.597930908203125,3052549,0.0,0.0
1996-02-12,13.53255722429995,13.750472774740668,13.53255722429995,13.597930908203125,1646631,0.0,0.0
1996-02-13,13.423602754463166,13.59793496649387,13.358227649293083,13.576143264770508,2351487,0.0,0.0
1996-02-14,13.554348945617676,13.576139239123508,13.467182164571245,13.554348945617676,1534495,0.0,0.0
1996-02-15,13.510769435751795,13.532561137272568,13.336437225341797,13.336437225341797,929761,0.0,0.0
1996-02-16,13.205685142462967,13.227476840891715,13.053144655217704,13.162101745605469,2182650,0.0,0.0
1996-02-20,13.096731892897777,13.183897310419423,13.074940188078267,13.118523597717285,1897883,0.0,0.0
1996-02-21,13.096731498629675,13.445395961732732,13.096731498629675,13.401812553405762,2154827,0.0,0.0
1996-02-22,13.423599481995387,13.554349660460668,13.380016089173626,13.488974571228027,1211155,0.0,0.0
1996-02-23,13.488976834563205,13.924808032397866,13.488976834563205,13.881224632263184,2303850,0.0,0.0
1996-02-26,13.88122568714138,13.903017388864743,13.576143264770508,13.576143264770508,1399805,0.0,0.0
1996-02-27,13.597929246444341,13.881219847923981,13.576137553887785,13.794053077697754,1784904,0.0,0.0
1996-02-28,13.837641884746988,14.229889700946373,13.706893079932575,14.03376579284668,3779958,0.0,0.0
1996-02-29,13.924811574452685,14.077352111969732,13.924811574452685,13.99018669128418,2151244,0.0,0.0
1996-03-01,14.055554658178298,14.099138051575364,13.859430789647368,13.903014183044434,1413084,0.0,0.0
1996-03-04,13.903019333711935,14.186310093988048,13.903019333711935,14.077351570129395,1602367,0.0,0.0
1996-03-05,14.033768160585934,14.077351570129395,13.968394448027126,14.077351570129395,1554941,0.0,0.0
1996-03-06,14.077349195036867,14.16451599941724,13.957496240770002,14.03376579284668,1889452,0.0,0.0
1996-03-07,13.968392091317549,14.03376579284668,13.859433585842082,14.03376579284668,1501824,0.0,0.0
1996-03-08,13.924803045523669,14.360634087274644,13.794052891945029,14.208093643188477,3540088,0.0,0.0
1996-03-11,14.16451463267955,14.818261397183713,14.142722933687143,14.70930290222168,3846144,0.0,0.0
1996-03-12,14.600349383930928,15.188721195521504,14.578557679602794,15.145137786865234,2882026,0.0,0.0
1996-03-13,14.99259923822865,15.10155637250171,14.774683567925983,15.01439094543457,3468211,0.0,0.0
1996-03-14,15.145134847384412,15.602757745943666,15.145134847384412,15.450217247009277,3774689,0.0,0.0
1996-03-15,15.40663170657629,15.515588790177462,15.363048312433465,15.472006797790527,3003015,0.0,0.0
1996-03-18,15.472017672929985,15.646349970281968,15.341267398598339,15.559183120727539,2841134,0.0,0.0
1996-03-19,15.646337984285333,15.689921375675159,15.515587810115857,15.602754592895508,3418467,0.0,0.0
1996-03-20,15.559179948387076,15.5809716563326,15.254098840662902,15.297680854797363,2710027,0.0,0.0
1996-03-21,15.275880330402188,15.363045702121813,15.21050525029573,15.23229694366455,1229282,0.0,0.0
1996-03-22,15.27588465218036,15.27588465218036,15.036177359062194,15.101551055908203,1084475,0.0,0.0
1996-03-25,15.123343916597346,15.319467825705669,15.123343916597346,15.254094123840332,1410555,0.0,0.0
1996-03-26,15.25408863703337,15.319462315384174,15.188713556926912,15.23229694366455,1628714,0.0,0.0
1996-03-27,15.254279438453354,15.254279438453354,15.05645751953125,15.05645751953125,1745909,0.35582,0.0
1996-03-28,15.056462960900959,15.232304573059084,14.990523240024693,15.232304573059082,3804198,0.0,0.0
1996-03-29,15.254280870542893,15.408143477176703,15.18834116730659,15.29824161529541,1881232,0.0,0.0
1996-04-01,15.122407688587911,15.34221010948142,15.122407688587911,15.27626895904541,1831909,0.0,0.0
1996-04-02,15.232302308335171,15.40814530824198,15.188342972251109,15.320223808288574,1765512,0.0,0.0
1996-04-03,15.298236608310614,15.452097750694488,15.276256243128344,15.364177703857422,2108666,0.0,0.0
1996-04-04,15.36417776594233,15.561999639490118,15.34219740067124,15.474078178405762,1758135,0.0,0.0
1996-04-08,15.320220477271805,15.56200313568115,15.320220477271805,15.562003135681152,1761718,0.0,0.0
1996-04-09,15.627946872563532,15.80378844989508,15.583986124757503,15.737847328186035,1824320,0.0,0.0
1996-04-10,15.7158653934192,15.86972658156659,15.649924278259277,15.649924278259277,1963226,0.0,0.0
1996-04-11,15.67190005195355,15.67190005195355,15.36417776594233,15.474078178405762,2053230,0.0,0.0
1996-04-12,15.474082744898514,15.518043488413765,15.364182300002815,15.408143043518066,919432,0.0,0.0
1996-04-15,15.452098500608521,15.671900749206541,15.452098500608521,15.671900749206543,1284507,0.0,0.0
1996-04-16,15.671906206476992,15.737847328186035,15.562005750854489,15.737847328186035,1038103,0.0,0.0
1996-04-17,15.7158653934192,15.737845765139175,15.562004205271808,15.649924278259277,819732,0.0,0.0
1996-04-18,15.64991895964963,15.825761873649384,15.64991895964963,15.803781509399414,1632298,0.0,0.0
1996-04-19,15.803792093142516,15.803792093142516,15.737850956232064,15.781811714172363,1179116,0.0,0.0
1996-04-22,15.82577256582877,15.891712289236802,15.693890291226895,15.759831428527832,1364394,0.0,0.0
1996-04-23,15.759826136859148,15.759826136859148,15.583984576991783,15.649924278259277,1099229,0.0,0.0
1996-04-24,15.671904001673159,15.671904001673159,15.408142379729462,15.452101707458496,1479902,0.0,0.0
1996-04-25,15.408145218514157,15.408145218514157,15.254282594491702,15.342204093933105,3484020,0.0,0.0
1996-04-26,15.320225440580058,15.452106290668754,15.320225440580058,15.3861665725708,1435849,0.0,0.0
1996-04-29,15.40813849648451,15.64991968668246,15.38615813121342,15.474078178405762,2010020,0.0,0.0
1996-04-30,15.43012913836461,15.627952575683594,15.43012913836461,15.627952575683594,1256895,0.0,0.0
1996-05-01,15.60597018871855,15.781811807628145,15.60597018871855,15.759831428527832,1392428,0.0,0.0
1996-05-02,15.64991895964963,16.089523416865113,15.62794000929161,15.803781509399414,3353124,0.0,0.0
1996-05-03,15.803779313661009,16.15546226501465,15.693877507680652,16.15546226501465,2948844,0.0,0.0
1996-05-06,16.15547571029964,16.26537760774511,16.111514951321453,16.133495330810547,1853408,0.0,0.0
1996-05-07,16.111508333306944,16.13348870376731,15.957647153976728,16.00160789489746,1687101,0.0,0.0
1996-05-08,15.891699487955053,15.979620933532715,15.605957617611187,15.979620933532715,2651430,0.0,0.0
1996-05-09,15.91369074862506,16.045573007317618,15.825770656722755,15.869729995727539,1632930,0.0,0.0
1996-05-10,15.913692368032672,15.913692368032672,15.496068000793457,15.496068000793457,1712817,0.0,0.0
1996-05-13,15.496062449079904,15.562003561512014,15.364181638108054,15.452101707458496,1994000,0.0,0.0
1996-05-14,15.386163104800444,15.452102808036749,15.210320125790375,15.29824161529541,2496716,0.0,0.0
1996-05-15,15.298246671472537,15.36418781039532,14.748741422128175,14.79270076751709,5498677,0.0,0.0
1996-05-16,14.770719266625921,14.968541235548544,14.770719266625921,14.946560859680176,2659861,0.0,0.0
1996-05-17,14.990523338317871,15.122404194827999,14.990523338317871,14.990523338317871,1602367,0.0,0.0
1996-05-20,15.056462871650956,15.210324104640668,15.056462871650956,15.144384384155273,2156513,0.0,0.0
1996-05-21,15.188336196291278,15.430117385512219,15.144375465926739,15.364177703857422,1843080,0.0,0.0
1996-05-22,15.320224258235433,15.342204633869336,15.188343418324695,15.210322380065918,2794130,0.0,0.0
1996-05-23,15.12239871563272,15.14437908606922,14.924576795596563,15.034477233886719,1611220,0.0,0.0
1996-05-24,14.990517822485442,15.100418260156681,14.990517822485442,15.05645751953125,1318443,0.0,0.0
1996-05-28,15.012496778905819,15.144379000782115,14.990517822485442,15.05645751953125,1054333,0.0,0.0
1996-05-29,15.0784313453911,15.166352788481646,14.858629151556464,14.880609512329102,1134852,0.0,0.0
1996-05-30,14.946559304076224,14.946559304076224,14.814677062592015,14.858637809753418,1334462,0.0,0.0
1996-05-31,14.858638930366643,14.858638930366643,14.63883659187506,14.704777717590332,1287247,0.0,0.0
1996-06-03,14.61685848236084,14.68279961829749,14.550918760317067,14.61685848236084,1180170,0.0,0.0
1996-06-04,14.638838768005371,14.74874066053491,14.594878010993556,14.638838768005371,1279027,0.0,0.0
1996-06-05,14.616857620391338,14.638837997740685,14.528937524886743,14.594877243041992,1343104,0.0,0.0
1996-06-06,14.638834490236503,14.638834490236503,14.397051811218262,14.397051811218262,1120308,0.0,0.0
1996-06-07,14.221212895679354,14.441015243530273,14.177252143330627,14.441015243530273,1657170,0.0,0.0
1996-06-10,14.506955761834234,14.506955761834234,14.177251546980141,14.243192672729492,1508990,0.0,0.0
1996-06-11,14.287153423229059,14.309133798478841,14.177251546980141,14.243192672729492,2261694,0.0,0.0
1996-06-12,14.309136105709346,14.638838959832654,14.309136105709346,14.484977722167969,1814624,0.0,0.0
1996-06-13,14.441016871854092,14.5289383864653,14.41903649320129,14.5069580078125,1726517,0.0,0.0
1996-06-14,14.528940010857452,14.616860121405596,14.353096961975096,14.353096961975098,1884183,0.0,0.0
1996-06-17,14.375073510335534,14.375073510335534,14.177251546980141,14.243192672729492,1234552,0.0,0.0
1996-06-18,14.221212748293086,14.287153876132775,14.111312282452975,14.133291244506836,1298840,0.0,0.0
1996-06-19,14.111310530627875,14.221210982824578,13.9794282913208,13.9794282913208,1253944,0.0,0.0
1996-06-20,14.045366370045842,14.089327106963701,14.023386001586914,14.023386001586914,1386104,0.0,0.0
1996-06-21,14.067352386561417,14.111313141129564,14.045372009277344,14.045372009277344,1991681,0.0,0.0
1996-06-24,14.133285360159782,14.265167560930434,14.111306407256786,14.17724609375,1121362,0.0,0.0
1996-06-25,14.199226460545109,14.287147927725544,14.155265726954891,14.17724609375,1348163,0.0,0.0
1996-06-26,14.13287942435047,14.155066189399106,13.711333742763866,13.7335205078125,1051171,0.35582,0.0
1996-06-27,13.777888295373085,13.777888295373085,13.53383540872653,13.600394248962402,1105764,0.0,0.0
1996-06-28,13.644770656226529,13.733517698265562,13.48946475982666,13.48946475982666,1774576,0.0,0.0
1996-07-01,13.511649581656108,13.933195116520384,13.489462824329754,13.888821601867676,1587190,0.0,0.0
1996-07-02,13.955387153824983,13.999760685266283,13.800081220949204,13.866640090942383,717292,0.0,0.0
1996-07-03,13.844448087214966,13.977568631173094,13.800075999730488,13.888821601867676,505877,0.0,0.0
1996-07-05,13.80008133116223,13.888826967584817,13.600400438081648,13.622587203979492,539603,0.0,0.0
1996-07-08,13.666961182595546,13.800081782334775,13.644774415972341,13.68914794921875,916270,0.0,0.0
1996-07-09,13.777889242404132,13.933195116520384,13.755702485077778,13.888821601867676,1365237,0.0,0.0
1996-07-10,13.866634839809887,13.999755383722592,13.822261325172319,13.977568626403809,1898305,0.0,0.0
1996-07-11,14.177251371142741,14.199438133713576,13.97757193517381,14.066317558288574,1220851,0.0,0.0
1996-07-12,14.044127952253696,14.066314710332456,13.866635314791893,13.955382347106934,1226542,0.0,0.0
1996-07-15,13.933197106675259,13.977570627666081,13.533838272094727,13.533838272094727,1683307,0.0,0.0
1996-07-16,13.445091230113082,13.600397126412524,12.956985353550905,13.533838272094727,3519853,0.0,0.0
1996-07-17,13.556026082522362,13.556026082522362,13.023546643728123,13.20103931427002,2566485,0.0,0.0
1996-07-18,13.223228056308576,13.267601587379936,13.045735359191893,13.045735359191895,2471000,0.0,0.0
1996-07-19,13.023550574285615,13.045737343195473,12.912616729736328,12.912616729736328,1402545,0.0,0.0
1996-07-22,12.934804589353954,12.934804589353954,12.557632340419854,12.71293830871582,1834016,0.0,0.0
1996-07-23,12.757305648610584,12.823865928596026,12.601999755812958,12.624186515808105,1609112,0.0,0.0
1996-07-24,12.446697185795026,12.712936980171662,12.380138307577576,12.535444259643555,1892825,0.0,0.0
1996-07-25,12.801676749520253,12.846050261125464,12.69074297050722,12.757303237915039,1916011,0.0,0.0
1996-07-26,12.779494650530662,13.112294681673047,12.779494650530662,13.090107917785645,2143234,0.0,0.0
1996-07-29,13.067921153898242,13.1566667822792,12.868241706080273,13.090107917785645,2281086,0.0,0.0
1996-07-30,13.134483716241068,13.311977877311545,13.090111603142503,13.289791107177734,1239400,0.0,0.0
1996-07-31,13.245410448580898,13.267597206791132,13.11229132648778,13.178850173950195,1204199,0.0,0.0
1996-08-01,13.267604337043926,13.311977877311545,13.090111603142503,13.289791107177734,1738321,0.0,0.0
1996-08-02,13.378537196104027,13.422910737816299,13.178857685567902,13.356351852416992,1366080,0.0,0.0
1996-08-05,13.356348919105129,13.578215151771284,13.31197538713814,13.5116548538208,1417932,0.0,0.0
1996-08-06,13.511656668027626,13.711336161521205,13.48946989906512,13.666962623596191,1932241,0.0,0.0
1996-08-07,13.666963520134898,13.866643026727246,13.666963520134898,13.75571060180664,1772046,0.0,0.0
1996-08-08,13.71133041381836,13.777890692804231,13.666956894494444,13.71133041381836,1333619,0.0,0.0
1996-08-09,13.68914697771523,13.800080802958405,13.68914697771523,13.7335205078125,690101,0.0,0.0
1996-08-12,13.800081220949204,13.866640090942383,13.755707689507904,13.866640090942383,1542715,0.0,0.0
1996-08-13,13.866633415282033,13.888820170321559,13.777887822292017,13.800074577331543,1289355,0.0,0.0
1996-08-14,13.755705810424706,13.844451434015536,13.755705810424706,13.822264671325684,788958,0.0,0.0
1996-08-15,13.80007693127429,14.06631518282591,13.755703413626243,14.021943092346191,1374722,0.0,0.0
1996-08-16,14.044128424001887,14.132875459297978,13.999756333522168,14.021943092346191,1045902,0.0,0.0
1996-08-19,13.99976200818281,14.088507652282715,13.977575240365606,14.088507652282715,652582,0.0,0.0
1996-08-20,14.110692008448474,14.221625828574844,14.088505244423201,14.155065536499023,1090166,0.0,0.0
1996-08-21,14.132878772473749,14.155065536499023,14.066318480397927,14.155065536499023,548034,0.0,0.0
1996-08-22,14.155071191525025,14.288190401689837,14.155071191525025,14.243818283081055,699165,0.0,0.0
1996-08-23,14.155063148165484,14.221623429010826,14.132876387883703,14.177249908447266,1076043,0.0,0.0
1996-08-26,14.132877372628183,14.199437658111282,14.021944990658202,14.044130325317383,527588,0.0,0.0
1996-08-27,14.021945460315477,14.066317558288574,13.97757193517381,14.066317558288574,1179116,0.0,0.0
1996-08-28,14.066317087145082,14.110690610800482,14.021944990658202,14.044130325317383,402173,0.0,0.0
1996-08-29,14.044134116648308,14.110694420099918,14.021948776000013,14.088507652282715,618224,0.0,0.0
1996-08-30,14.132878772473749,14.177252300524296,14.110692008448474,14.155065536499023,516838,0.0,0.0
1996-09-03,14.021946395199263,14.177252316381225,13.955386103048996,14.110692024230957,1093749,0.0,0.0
1996-09-04,14.066320884465512,14.155067955734323,14.066320884465512,14.088507652282715,1155719,0.0,0.0
1996-09-05,13.999755863264454,14.021942621343214,13.933195589028173,13.955382347106934,1027142,0.0,0.0
1996-09-06,13.977572867099084,14.16615893435618,13.977572867099084,14.110692024230957,1074989,0.0,0.0
1996-09-09,14.199440002441406,14.354745933707825,14.177253236950667,14.199440002441406,2250733,0.0,0.0
1996-09-10,14.221628151200221,14.310373794626276,14.177254615902747,14.288187026977539,1185650,0.0,0.0
1996-09-11,14.243818283081055,14.33256394746785,14.221631510192047,14.243818283081055,1145391,0.0,0.0
1996-09-12,14.265997886657715,14.288184650616428,14.221625785908948,14.265997886657715,943672,0.0,0.0
1996-09-13,14.310374723830547,14.399121800188041,14.288187954741174,14.332561492919922,1404442,0.0,0.0
1996-09-16,14.354742056900283,14.354742056900283,14.288181778404104,14.310368537902832,918589,0.0,0.0
1996-09-17,14.33256517370279,14.532244719618378,14.24381950172328,14.487871170043945,959481,0.0,0.0
1996-09-18,14.48786681856297,14.643174195426374,14.399121173238523,14.598800659179688,1225066,0.0,0.0
1996-09-19,14.554420471191406,14.576607229174835,14.421301350459109,14.554420471191406,1122837,0.0,0.0
1996-09-20,14.576613891056343,14.665360963549716,14.554427122933001,14.598800659179688,1382521,0.0,0.0
1996-09-23,14.532241402147587,14.532241402147587,14.421308980704904,14.443495750427246,620332,0.0,0.0
1996-09-24,14.42130653795329,14.687546302355376,14.42130653795329,14.57661247253418,1010912,0.0,0.0
1996-09-25,14.53223705291748,14.57661057908199,14.376931138510303,14.53223705291748,1189866,0.0,0.0
1996-09-26,14.509852222556622,14.554636001586916,14.397892774980892,14.554636001586914,1936035,0.35582,0.0
1996-09-27,14.532239131724431,14.599414777248086,14.487455368041994,14.487455368041992,1235395,0.0,0.0
1996-09-30,14.353107839877278,14.487457712301236,14.330715954412762,14.375499725341797,1154244,0.0,0.0
1996-10-01,14.397890170443167,14.487457712301236,14.353107839877278,14.375499725341797,1050117,0.0,0.0
1996-10-02,14.442671604359557,14.532239131724431,14.39788784067712,14.487455368041992,893295,0.0,0.0
1996-10-03,14.465063876101643,14.55463140588078,14.442671993656859,14.509847640991211,887393,0.0,0.0
1996-10-04,14.509847028869233,14.509847028869233,14.397887621368506,14.420279502868652,1266169,0.0,0.0
1996-10-07,14.50984567328603,14.50984567328603,14.330712078383325,14.397886276245117,1561053,0.0,0.0
1996-10-08,14.397885159452274,14.509844547808894,14.375494722143593,14.442668914794922,663753,0.0,0.0
1996-10-09,14.420282055907684,14.442673941372203,14.308324068948245,14.375499725341797,1080891,0.0,0.0
1996-10-10,14.35310589028777,14.375497772710787,14.241146478172688,14.263538360595703,467937,0.0,0.0
1996-10-11,14.263538785635246,14.285930668725518,14.084405161276056,14.151580810546875,1119254,0.0,0.0
1996-10-14,14.151584225863193,14.17397467399414,13.994841006403172,14.017232894897461,879594,0.0,0.0
1996-10-15,14.017231760084314,14.129191193491696,14.017231760084314,14.062015533447266,1085739,0.0,0.0
1996-10-16,14.062015477256532,14.196365356445312,14.01723170407253,14.196365356445312,871795,0.0,0.0
1996-10-17,14.196368598711464,14.285936165535533,14.106802472250942,14.21876049041748,1467466,0.0,0.0
1996-10-18,14.241145152644341,14.26353703298318,14.062011550296443,14.106795310974121,1529436,0.0,0.0
1996-10-21,14.017232894897461,14.062016671886038,13.972449117908885,14.017232894897461,1038524,0.0,0.0
1996-10-22,14.039618499599083,14.06201037807131,13.882876790656193,13.905268669128418,1167523,0.0,0.0
1996-10-23,13.882878450069756,13.972444534301758,13.83809468777232,13.972444534301758,713709,0.0,0.0
1996-10-24,13.994832676337559,14.285925613134355,13.994832676337559,14.084400177001953,1320762,0.0,0.0
1996-10-25,14.084404162479801,14.106796043982152,13.994836636470396,14.039620399475098,931868,0.0,0.0
1996-10-28,14.03962478339175,14.17397467399414,13.994841006403172,14.017232894897461,974025,0.0,0.0
1996-10-29,14.017232894897461,14.062016671886038,13.927666781283648,14.017232894897461,829639,0.0,0.0
1996-10-30,13.99483474265463,14.06201037807131,13.860484912183965,13.905268669128418,1093328,0.0,0.0
1996-10-31,13.950051380821339,13.972443259927777,13.88287718386476,13.927660942077637,1260689,0.0,0.0
1996-11-01,13.972444754968043,14.084404162479801,13.950052873465692,14.039620399475098,1056862,0.0,0.0
1996-11-04,14.03962364676579,14.106799306810219,13.972447986721361,14.062015533447266,920697,0.0,0.0
1996-11-05,14.062013278185784,14.2187550194547,14.03962139509551,14.151580810546875,952947,0.0,0.0
1996-11-06,14.10679230104668,14.35310149185678,14.10679230104668,14.28592586517334,1294625,0.0,0.0
1996-11-07,14.308324633371267,14.420282624747134,14.285932747023454,14.353108406066895,957795,0.0,0.0
1996-11-08,14.420282055907684,14.420282055907684,14.330715954412762,14.375499725341797,686939,0.0,0.0
1996-11-11,14.375500292414708,14.375500292414708,14.330716519719081,14.353108406066895,721086,0.0,0.0
1996-11-12,14.353101977460382,14.688977241516113,14.308318224822935,14.688977241516113,1968706,0.0,0.0
1996-11-13,14.845719090337132,15.092028292051387,14.73376114793751,15.047245979309082,2750076,0.0,0.0
1996-11-14,15.047251654727809,15.315951393978247,15.047251654727809,15.181601524353027,1527539,0.0,0.0
1996-11-15,15.226384298011155,15.360734158845194,15.06964111328125,15.06964111328125,2168739,0.0,0.0
1996-11-18,15.06964111328125,15.159208647412624,15.024858786578584,15.06964111328125,909525,0.0,0.0
1996-11-19,15.047252059307187,15.092034390144256,14.82333464366922,14.957684516906738,772728,0.0,0.0
1996-11-20,14.95767895719098,15.024854589022375,14.890503325359587,14.912895202636719,750596,0.0,0.0
1996-11-21,14.912896958502973,14.935288838416557,14.800938999297841,14.823330879211426,1104288,0.0,0.0
1996-11-22,14.800939167154835,14.823331047322364,14.688979766317185,14.778547286987305,1147288,0.0,0.0
1996-11-25,14.756153343046558,15.13681237193056,14.711369588974886,15.092028617858887,1443858,0.0,0.0
1996-11-26,15.047248053712329,15.114422252267662,14.91289677587612,15.002464294433594,1985147,0.0,0.0
1996-11-27,15.024854102756644,15.069636415498948,15.002462226204203,15.047245979309082,715817,0.0,0.0
1996-11-29,15.02485617407296,15.047248053712329,15.002464294433594,15.002464294433594,634665,0.0,0.0
1996-12-02,14.957678473099326,15.069636415498948,14.756153024489949,15.047245979309082,855354,0.0,0.0
1996-12-03,15.092031451768698,15.181598976730605,14.823331757608726,14.845722198486328,1530490,0.0,0.0
1996-12-04,14.823331047322364,14.84572148712709,14.756155406819776,14.778547286987305,1144758,0.0,0.0
1996-12-05,14.75615406036377,14.82332969473678,14.733762182239433,14.75615406036377,1191130,0.0,0.0
1996-12-06,14.59941323804247,14.73376307456246,14.509845720120634,14.644195556640625,883599,0.0,0.0
1996-12-09,14.666587436121084,14.666587436121084,14.59941323804247,14.644195556640625,1049485,0.0,0.0
1996-12-10,14.688978425990761,14.75615406036377,14.59941235385609,14.75615406036377,808139,0.0,0.0
1996-12-11,14.599419780617207,14.688985898314385,14.509852222556622,14.554636001586914,1859732,0.0,0.0
1996-12-12,14.554628303151544,14.644194373474196,14.442668914794922,14.442668914794922,1719772,0.0,0.0
1996-12-13,14.442667714885586,14.442667714885586,14.218750397138232,14.241142272949219,1887555,0.0,0.0
1996-12-16,14.24114490866449,14.397886627988244,14.151578829206398,14.173969268798828,2032362,0.0,0.0
1996-12-17,13.994836298157061,14.21875366740467,13.994836298157061,14.12918758392334,1802188,0.0,0.0
1996-12-18,14.106799306810219,14.173973526491425,13.994839873402837,14.062015533447266,1057495,0.0,0.0
1996-12-19,14.12918719131296,14.173969511627822,14.017227789618763,14.106795310974121,1683729,0.0,0.0
1996-12-20,14.375496641126748,14.375496641126748,14.173969715183027,14.308320999145508,2321766,0.0,0.0
1996-12-23,14.151580810546875,14.2187550194547,14.10679704436633,14.151580810546875,856197,0.0,0.0
1996-12-24,14.12918758392334,14.173969905482577,14.039620060079153,14.12918758392334,338516,0.0,0.0
1996-12-26,14.129194363956959,14.241152382123499,14.039626797132891,14.21876049041748,4834080,0.0,0.0
1996-12-27,14.263960312388134,14.376986199543804,14.241354844136618,14.286565780639648,891820,0.35582,0.0
1996-12-30,14.286574737606827,14.512628107744224,14.286574737606827,14.33178424835205,954000,0.0,0.0
1996-12-31,14.35439691628651,14.535239412101829,14.173554420471191,14.173554420471191,1043372,0.0,0.0
1997-01-02,14.128331384706645,14.309173726304174,14.083120435781685,14.241358757019043,1503299,0.0,0.0
1997-01-03,14.24136286884859,14.490021705627441,14.218757387859355,14.490021705627441,1242351,0.0,0.0
1997-01-06,14.557837521305006,14.806496372206439,14.535232039031891,14.716075897216797,1633984,0.0,0.0
1997-01-07,14.693472686010765,14.783893174976068,14.625656228709511,14.761287689208984,1461986,0.0,0.0
1997-01-08,14.806495829770702,14.829101311215664,14.670864395203688,14.738680839538574,999951,0.0,0.0
1997-01-09,14.716070985727265,14.829096905267615,14.670860036270197,14.783885955810547,1645999,0.0,0.0
1997-01-10,14.670858665496839,14.964728355407717,14.625647720264059,14.964728355407715,1133165,0.0,0.0
1997-01-13,14.98733848027054,15.077760407577049,14.874312525240182,15.009943962097168,1622813,0.0,0.0
1997-01-14,15.055150985717773,15.168178365270897,14.987334557985898,15.055150985717773,1119886,0.0,0.0
1997-01-15,15.009943293132656,15.032548773951799,14.80649541986307,14.896917343139648,1889452,0.0,0.0
1997-01-16,14.94213157534566,15.032552064310964,14.648261714476595,14.761287689208984,2323453,0.0,0.0
1997-01-17,14.783890189386414,14.987338066101076,14.76128470818448,14.987338066101074,1964912,0.0,0.0
1997-01-20,14.987336553491975,15.009942032412432,14.829099655151367,14.829099655151367,673028,0.0,0.0
1997-01-21,14.738680839538574,14.783890348325741,14.670864395203688,14.738680839538574,1180802,0.0,0.0
1997-01-22,14.693470541366537,14.82910198206938,14.648259576431315,14.670865058898926,1582342,0.0,0.0
1997-01-23,14.670859922601172,14.716070871707949,14.376990207509433,14.422201156616211,1906947,0.0,0.0
1997-01-24,14.422204800001944,14.444810280266005,14.286573372520259,14.30917739868164,1394957,0.0,0.0
1997-01-27,14.286574737606827,14.399600695624116,14.286574737606827,14.33178424835205,916692,0.0,0.0
1997-01-28,14.376997437766969,14.399602923688759,14.196155004495688,14.21876049041748,1197454,0.0,0.0
1997-01-29,14.241358757019043,14.263964231481522,14.196147808094084,14.241358757019043,1486226,0.0,0.0
1997-01-30,14.331786465923388,14.490024867375922,14.0379180571462,14.21876049041748,3754453,0.0,0.0
1997-01-31,14.060518077814441,14.060518077814441,13.69883189775446,13.947490692138672,6480711,0.0,0.0
1997-02-03,13.970097679715515,14.128334582667629,13.879675761398516,14.105729103088379,2535289,0.0,0.0
1997-02-04,14.105737939251616,14.19615991421105,14.060528405875447,14.173554420471191,1879967,0.0,0.0
1997-02-05,14.241361596094038,14.30917657889837,14.015308260506872,14.060519218444824,3334997,0.0,0.0
1997-02-06,14.037922912135588,14.19615991421105,13.992711924655872,14.173554420471191,1922756,0.0,0.0
1997-02-07,14.218756931728077,14.354388359209763,14.196151451464017,14.30917739868164,2094332,0.0,0.0
1997-02-10,14.354389730776072,14.444811660472158,14.33178424835205,14.33178424835205,2673984,0.0,0.0
1997-02-11,14.354388359209763,14.376993839473823,14.241362411992139,14.30917739868164,1645577,0.0,0.0
1997-02-12,14.354383435543093,14.580436706542969,14.331777963032888,14.580436706542969,1528171,0.0,0.0
1997-02-13,14.603049951244243,14.603049951244243,14.512629467181046,14.535233497619629,1524166,0.0,0.0
1997-02-14,14.42219985307371,14.670858596583791,14.399594380563505,14.580436706542969,1548196,0.0,0.0
1997-02-18,14.648261201885681,14.693472171837769,14.53523377700546,14.603050231933594,1264694,0.0,0.0
1997-02-19,14.557838982161167,14.625655435785779,14.46741849809797,14.535233497619629,1268488,0.0,0.0
1997-02-20,14.512623166663856,14.603043611471875,14.196147974579974,14.37699031829834,1487280,0.0,0.0
1997-02-21,14.399600695624116,14.512628107744224,14.33178424835205,14.33178424835205,1529225,0.0,0.0
1997-02-24,14.309180381348002,14.648261201885681,14.309180381348002,14.603050231933594,1175743,0.0,0.0
1997-02-25,14.603041754252104,14.625647226104718,14.467410377238556,14.557830810546875,1211155,0.0,0.0
1997-02-26,14.580442469423843,14.874312274105588,14.557836987978881,14.738680839538574,2138386,0.0,0.0
1997-02-27,14.73868137948991,14.942129265845118,14.716075897216797,14.716075897216797,1523956,0.0,0.0
1997-02-28,14.648260116577148,14.78389156228132,14.55783818337245,14.648260116577148,1996319,0.0,0.0
1997-03-03,14.535231346258273,14.829101147699603,14.490021837969618,14.806495666503906,1185650,0.0,0.0
1997-03-04,14.851709632277322,14.874315118044407,14.761287689208984,14.761287689208984,1452500,0.0,0.0
1997-03-05,14.783890889933327,14.806496372206439,14.625653968124343,14.716075897216797,1304742,0.0,0.0
1997-03-06,14.716075897216797,14.73868137948991,14.67086493267057,14.716075897216797,1945520,0.0,0.0
1997-03-07,14.670864237479487,15.055154509706876,14.670864237479487,14.987338066101074,2044799,0.0,0.0
1997-03-10,14.919519584356424,15.145572889360272,14.919519584356424,15.055150985717773,1014073,0.0,0.0
1997-03-11,15.009945887313036,15.303815734648946,15.009945887313036,15.168184280395508,2360972,0.0,0.0
1997-03-12,15.145578494125653,15.32642091423071,15.122973009849654,15.281209945678711,1705439,0.0,0.0
1997-03-13,15.168180585820288,15.303812007037433,15.07775866894045,15.122969627380371,1250150,0.0,0.0
1997-03-14,15.145572889360272,15.281204290721622,15.055150985717773,15.055150985717773,1325399,0.0,0.0
1997-03-17,14.987339867447066,15.190789222717285,14.896919385874329,15.190789222717285,889080,0.0,0.0
1997-03-18,15.145576434514611,15.235996905219604,14.942128557799949,14.987338066101074,854300,0.0,0.0
1997-03-19,14.942125060267049,15.077756461628399,14.942125060267049,15.055150985717773,1016181,0.0,0.0
1997-03-20,15.009937846538307,15.055148791771087,14.919517410174937,14.964728355407715,1061499,0.0,0.0
1997-03-21,15.07775999090881,15.07775999090881,14.987338066101076,14.987338066101074,1292517,0.0,0.0
1997-03-24,15.009942350862339,15.122969747862607,14.987336871462286,15.0777587890625,933976,0.0,0.0
1997-03-25,15.07775986644962,15.190787271526304,15.009943423403609,15.032548904418945,1206307,0.0,0.0
1997-03-26,14.918494814209858,15.009740014157535,14.895683514222938,14.941306114196777,880016,0.35582,0.0
1997-03-27,14.964119250863227,14.964119250863227,14.507896129812684,14.644763946533203,1419618,0.0,0.0
1997-03-31,14.621951834310154,14.941307120961435,14.553517929738232,14.576329231262207,1777527,0.0,0.0
1997-04-01,14.576327914099338,14.621950513024686,14.439460117323298,14.599139213562012,1311487,0.0,0.0
1997-04-02,14.553517929738232,14.75881817611182,14.553517929738232,14.576329231262207,1026299,0.0,0.0
1997-04-03,14.553511329782213,14.667566318336448,14.325399885332228,14.416645050048828,1611641,0.0,0.0
1997-04-04,14.325404773249693,14.462271099682722,14.302593474287185,14.439459800720215,1813992,0.0,0.0
1997-04-07,14.439455869364243,14.57632362587501,14.416646043954065,14.507889747619629,1693635,0.0,0.0
1997-04-08,14.485082716248645,14.667571644607985,14.462271416785972,14.599139213562012,1516157,0.0,0.0
1997-04-09,14.576329231262207,14.667572970015923,14.553517929738232,14.576329231262207,866104,0.0,0.0
1997-04-10,14.553506835091566,14.82724077736013,14.553506835091566,14.713184356689453,986250,0.0,0.0
1997-04-11,14.621950192420273,14.713193920928289,14.416649969099723,14.439459800720215,1275233,0.0,0.0
1997-04-14,14.416646120746371,14.462267239151354,14.256967070633257,14.348212242126465,1163518,0.0,0.0
1997-04-15,14.43945041442089,14.758806924957725,14.371018029359544,14.713184356689453,1880810,0.0,0.0
1997-04-16,14.667573781977696,14.667573781977696,14.507896129812684,14.644763946533203,878962,0.0,0.0
1997-04-17,14.599135518334599,14.621946812023443,14.507890343579223,14.530701637268066,670920,0.0,0.0
1997-04-18,14.530698725258068,14.758810149090392,14.530698725258068,14.690376281738281,1052225,0.0,0.0
1997-04-21,14.75881817611182,14.781629477635795,14.439461422118361,14.576329231262207,646258,0.0,0.0
1997-04-22,14.576321303492808,14.804432727325134,14.576321303492808,14.690376281738281,771885,0.0,0.0
1997-04-23,14.736002416558417,14.781625005804328,14.53070223229355,14.553513526916504,906153,0.0,0.0
1997-04-24,14.713194581669667,15.009740014157535,14.713194581669667,14.941306114196777,1881442,0.0,0.0
1997-04-25,14.895676416453234,14.918487705570605,14.576321303492808,14.690376281738281,1142229,0.0,0.0
1997-04-28,14.62195518948674,15.169422149658203,14.62195518948674,15.169422149658203,1996108,0.0,0.0
1997-04-29,15.237850551732322,15.260661850229782,15.055361631094627,15.215039253234863,2014235,0.0,0.0
1997-04-30,15.215032429280038,15.488766421137647,15.192221141013459,15.443143844604492,2406079,0.0,0.0
1997-05-01,15.465964538665299,15.602830884160195,15.306286891030885,15.511587142944336,1886712,0.0,0.0
1997-05-02,15.420341713695674,15.557209524573983,15.329097973785665,15.465964317321777,1251203,0.0,0.0
1997-05-05,15.443157070720703,16.036246671572595,15.42034576291764,16.01343536376953,1613960,0.0,0.0
1997-05-06,15.922182708692256,16.059049011739667,15.87656011856253,16.036237716674805,1359756,0.0,0.0
1997-05-07,16.01343495909822,16.036246266324824,15.808134661401326,15.83094596862793,1503510,0.0,0.0
1997-05-08,15.785311773077751,16.241534648210973,15.716879368946797,16.059045791625977,1728204,0.0,0.0
1997-05-09,16.150294191999116,16.173105487063978,15.853748823497668,16.036237716674805,1263850,0.0,0.0
1997-05-12,16.013424879226207,16.21872651503569,16.013424879226207,16.19591522216797,1962383,0.0,0.0
1997-05-13,16.10467160186939,16.127482896934254,15.899371413627392,16.036237716674805,2247360,0.0,0.0
1997-05-14,16.081858757829366,16.21872651503569,15.990615053700107,16.19591522216797,1499926,0.0,0.0
1997-05-15,16.355591663098718,16.446836828199675,15.830934898451254,15.99061393737793,2457299,0.0,0.0
1997-05-16,15.99061369361036,16.173102553688818,15.944991111755371,15.944991111755371,3197145,0.0,0.0
1997-05-19,15.762502670288084,15.785312494479852,15.648446212621568,15.762502670288086,1746120,0.0,0.0
1997-05-20,15.694068064833434,15.694068064833434,15.465956627464827,15.62563419342041,2789703,0.0,0.0
1997-05-21,15.648453264483992,15.648453264483992,15.397530411882622,15.465964317321777,1936035,0.0,0.0
1997-05-22,15.443151246777331,15.488773845178198,15.351906049975598,15.397528648376465,1379991,0.0,0.0
1997-05-23,15.397521268071335,15.488766421137647,15.329088870612928,15.443143844604492,1211155,0.0,0.0
1997-05-27,15.488770572755937,15.488770572755937,15.192225213145575,15.329092979431152,2296683,0.0,0.0
1997-05-28,15.237847089191442,15.351902088419704,15.192224502563477,15.192224502563477,1587190,0.0,0.0
1997-05-29,15.215039253234862,15.260661850229782,15.169416656239942,15.215039253234863,1001426,0.0,0.0
1997-05-30,15.146605357742482,15.237850551732322,15.123794059245022,15.215039253234863,790855,0.0,0.0
1997-06-02,15.283468246459961,15.329090828821155,15.237845664098767,15.283468246459961,762821,0.0,0.0
1997-06-03,15.237850795781883,15.511584914793549,15.237850795781883,15.351905822753906,1555995,0.0,0.0
1997-06-04,15.397528173872558,15.397528173872558,15.192227954737403,15.215039253234863,783899,0.0,0.0
1997-06-05,15.215039496919077,15.44315101820513,15.215039496919077,15.351905822753906,1734106,0.0,0.0
1997-06-06,15.260662320515895,15.397528648376465,15.215039722115028,15.397528648376465,1768885,0.0,0.0
1997-06-09,15.42034026321413,15.580017893543557,15.397528963546774,15.557208061218262,1844555,0.0,0.0
1997-06-10,15.602826719511345,15.922183396880891,15.580015423460534,15.899372100830078,1969339,0.0,0.0
1997-06-11,15.876562347617735,15.94499624242038,15.762507323621962,15.922184944152832,1623656,0.0,0.0
1997-06-12,15.92218191383433,16.24153709411621,15.853748032056059,16.24153709411621,1603631,0.0,0.0
1997-06-13,16.24153709411621,16.401216151598845,16.150293385753542,16.24153709411621,1386736,0.0,0.0
1997-06-16,16.10467160186939,16.2415379049168,15.990616593886843,16.036237716674805,980137,0.0,0.0
1997-06-17,15.990615053700107,16.30997021916495,15.899369882229227,16.19591522216797,1233287,0.0,0.0
1997-06-18,16.104667557163555,16.21872400384246,16.104667557163555,16.1731014251709,1471892,0.0,0.0
1997-06-19,16.15029263643253,16.33278151203267,16.15029263643253,16.19591522216797,1017657,0.0,0.0
1997-06-20,16.173107872126284,16.195919170555147,16.104673976839692,16.127485275268555,2309120,0.0,0.0
1997-06-23,16.081869287178723,16.218737133997102,16.01343536376953,16.01343536376953,1729047,0.0,0.0
1997-06-24,16.08186502749183,16.30997657775879,15.887970429866241,16.30997657775879,1263850,0.0,0.0
1997-06-25,16.2871585100259,16.469647380961945,16.167399959202,16.25294303894043,2054495,0.0,0.0
1997-06-26,16.2635440826416,16.47086955590743,16.148363922745954,16.2635440826416,1205674,0.41275,0.0
1997-06-27,16.217466671968833,16.33264827991723,16.20594999299064,16.228984832763672,865050,0.0,0.0
1997-06-30,16.2289984814554,16.240516651937096,16.010154724121094,16.010154724121094,1429947,0.0,0.0
1997-07-01,16.033174526181863,16.148356112184096,16.021656367581638,16.102283477783203,885707,0.0,0.0
1997-07-02,16.125321390531255,16.18291218923079,16.033176112611994,16.159875869750977,801605,0.0,0.0
1997-07-03,16.194435747149516,16.298099228848766,16.15988273506691,16.217472076416016,519578,0.0,0.0
1997-07-07,16.171400635990977,16.390245780507197,16.171400635990977,16.33265495300293,780948,0.0,0.0
1997-07-08,16.33264753846257,16.609081903172758,16.309611217918672,16.56300926208496,1345845,0.0,0.0
1997-07-09,16.60908414123054,17.035253165085336,16.459348037518417,16.505420684814453,2105293,0.0,0.0
1997-07-10,16.516938708266554,16.931589566823572,16.516938708266554,16.793373107910156,1062553,0.0,0.0
1997-07-11,16.79337791699624,16.943112580516388,16.65515993668485,16.689714431762695,721297,0.0,0.0
1997-07-14,16.655153382113056,16.77033498704327,16.539973258999453,16.574527740478516,436952,0.0,0.0
1997-07-15,16.528456564091186,16.735781989532587,16.47086575651948,16.712745666503906,932290,0.0,0.0
1997-07-16,16.816415884092667,17.13892157258015,16.747306887209348,17.046777725219727,972339,0.0,0.0
1997-07-17,17.046774602871672,17.058292766909183,16.827930967976013,16.862483978271484,1111666,0.0,0.0
1997-07-18,16.839443950001396,16.839443950001396,16.52845509850643,16.574527740478516,1686469,0.0,0.0
1997-07-21,16.49391045787221,16.63212698443668,16.459355955776722,16.51694679260254,1049485,0.0,0.0
1997-07-22,16.586053980097937,16.77034315593759,16.459354152958763,16.74730682373047,1042529,0.0,0.0
1997-07-23,16.770336474075613,16.770336474075613,16.620601856205916,16.712745666503906,788747,0.0,0.0
1997-07-24,16.88551898034768,16.931591632879698,16.28657894288228,16.643640518188477,2016132,0.0,0.0
1997-07-25,16.68970786359212,16.68970786359212,16.563009579985494,16.574527740478516,1729679,0.0,0.0
1997-07-28,16.609086028789463,16.666676844454486,16.516940723725426,16.643640518188477,1002059,0.0,0.0
1997-07-29,16.689708589774533,17.046770098777614,16.62060110562609,16.9776611328125,2082739,0.0,0.0
1997-07-30,16.97766070247768,17.33472220243028,16.954624381073216,17.25409507751465,1290409,0.0,0.0
1997-07-31,17.254101546191084,17.64571619325266,17.219547051129673,17.50749969482422,1792914,0.0,0.0
1997-08-01,17.495973364788263,17.542046003368977,17.208020855475308,17.334720611572266,1085318,0.0,0.0
1997-08-04,17.242581985345886,17.369280308497355,17.20802749308174,17.300172805786133,534333,0.0,0.0
1997-08-05,17.242573028239043,17.50748918282945,17.219536712029765,17.403825759887695,749963,0.0,0.0
1997-08-06,17.415359595721775,17.6572396518492,17.369286921827477,17.57661247253418,705277,0.0,0.0
1997-08-07,17.588114807745626,17.611151123954905,17.357753127469135,17.403825759887695,1092063,0.0,0.0
1997-08-08,17.380792721153764,17.39231088143037,17.058287197041977,17.161949157714844,1413717,0.0,0.0
1997-08-11,17.18498662792813,17.530529977526246,17.150432144786652,17.495975494384766,1041475,0.0,0.0
1997-08-12,17.49597102472481,17.553561815248006,17.392307601783056,17.403825759887695,1336992,0.0,0.0
1997-08-13,17.565094076345986,17.565094076345986,17.323212561942174,17.426876068115234,1325188,0.0,0.0
1997-08-14,17.507502575086992,17.565093409663948,17.426875406679255,17.47294807434082,1124945,0.0,0.0
1997-08-15,17.33473369343714,17.346250379957027,16.954635620117188,16.954635620117188,1289987,0.0,0.0
1997-08-18,16.87399941247284,16.931588736469372,16.401756286621094,16.401756286621094,1405074,0.0,0.0
1997-08-19,16.30961328615815,16.72426414489746,16.30961328615815,16.72426414489746,2556999,0.0,0.0
1997-08-20,16.712749616758927,16.95462958391453,16.586051291971273,16.943111419677734,1305585,0.0,0.0
1997-08-21,16.781857628846094,16.86248329201035,16.539977675719324,16.666677474975586,966437,0.0,0.0
1997-08-22,16.539982153747395,16.57453665380892,16.194438634949552,16.55150032043457,908050,0.0,0.0
1997-08-25,16.5054270657423,16.586054229680485,16.40176356925035,16.459354400634766,1077097,0.0,0.0
1997-08-26,16.401765938442423,16.5054294499083,16.344176580556724,16.390249252319336,853668,0.0,0.0
1997-08-27,16.35568448893879,16.52845541785564,16.228984721067565,16.44782829284668,773992,0.0,0.0
1997-08-28,16.378731084378682,16.58605662549287,16.28658574085346,16.390249252319336,889923,0.0,0.0
1997-08-29,16.378723155707952,16.4478306480805,16.309614181518555,16.309614181518555,736473,0.0,0.0
1997-09-02,16.3096203018213,16.55150032043457,16.3096203018213,16.55150032043457,1154876,0.0,0.0
1997-09-03,16.55149238173548,16.6321180280573,16.355685123787207,16.401756286621094,1235395,0.0,0.0
1997-09-04,16.401752637756285,16.43630859537332,16.044692684782085,16.102283477783203,865472,0.0,0.0
1997-09-05,16.125322449448685,16.13684060994497,15.779779116376838,15.906478881835938,2867482,0.0,0.0
1997-09-08,15.998623096959456,16.436311725299547,15.998623096959456,16.298093795776367,1383785,0.0,0.0
1997-09-09,16.447827656599593,16.586045579839734,16.344165695986067,16.42479133605957,1738954,0.0,0.0
1997-09-10,16.37872730100957,16.482389306712694,16.286581978769256,16.321136474609375,948942,0.0,0.0
1997-09-11,16.194429397583008,16.321129158871887,16.07924927822786,16.194429397583008,1243615,0.0,0.0
1997-09-12,16.32113709995377,16.401762778185994,15.998629941573045,16.344173431396484,952736,0.0,0.0
1997-09-15,16.309619868291104,16.493909048569858,16.309619868291104,16.37872886657715,978240,0.0,0.0
1997-09-16,16.493905039729214,16.643641166288972,16.390243049312538,16.59756851196289,1409501,0.0,0.0
1997-09-17,16.5860538482666,16.65516136252135,16.459354022134477,16.5860538482666,1235184,0.0,0.0
1997-09-18,16.724262848062303,17.415348052978516,16.67819020470456,17.415348052978516,2583558,0.0,0.0
1997-09-19,17.369280830475468,17.392317159343847,16.86248455900532,17.023738861083984,3713983,0.0,0.0
1997-09-22,17.035248838392803,17.035248838392803,16.81640530113631,16.85095977783203,909315,0.0,0.0
1997-09-23,16.63211885103683,16.7588186300952,16.48238423033007,16.72426414489746,1503510,0.0,0.0
1997-09-24,16.75882182244084,16.885520143816887,16.655158347101036,16.701231002807617,1474211,0.0,0.0
1997-09-25,16.67819054520735,16.897034123807906,16.609083060576484,16.758817672729492,1516578,0.0,0.0
1997-09-26,16.769512523892313,16.90906402706163,16.734624274067546,16.827659606933594,1139489,0.41275,0.0
1997-09-29,16.769517203924444,16.94395700560114,16.676481845094116,16.920698165893555,790223,0.0,0.0
1997-09-30,16.92070134293451,17.00210729719588,16.79277770052379,16.874183654785156,638459,0.0,0.0
1997-10-01,16.82766746555712,16.978848455937136,16.79277770330886,16.943960189819336,1065715,0.0,0.0
1997-10-02,16.9323281890317,17.304466645351642,16.92069876876356,17.234691619873047,854933,0.0,0.0
1997-10-03,17.432393710464908,17.432393710464908,17.257952371998027,17.30447006225586,1397908,0.0,0.0
1997-10-06,17.31609535217285,17.385871870906787,17.29283651259487,17.31609535217285,697478,0.0,0.0
1997-10-07,17.29284169211668,17.327729961933322,17.211437225341797,17.211437225341797,983088,0.0,0.0
1997-10-08,17.164918263380624,17.176547685793164,16.94396073367289,17.11840057373047,1104921,0.0,0.0
1997-10-09,17.002105396767437,17.095139266536727,16.827665581836012,17.013734817504883,1198508,0.0,0.0
1997-10-10,16.87417567766888,16.909063927287786,16.76951242494191,16.816028594970703,1107661,0.0,0.0
1997-10-13,16.862554642568995,16.9555900211288,16.79277810864914,16.80440902709961,379408,0.0,0.0
1997-10-14,16.816027014129258,16.816027014129258,16.57181228201456,16.676475524902344,1349639,0.0,0.0
1997-10-15,16.490414544282142,16.71137205110999,16.490414544282142,16.65322494506836,1377040,0.0,0.0
1997-10-16,16.69973688855997,16.978841405473784,16.64158980250921,16.85091781616211,1438378,0.0,0.0
1997-10-17,16.862554321534937,16.932330854126363,16.66485564198969,16.746261596679688,1191552,0.0,0.0
1997-10-20,16.74626191549973,16.816036953289093,16.67648538157988,16.80440902709961,524426,0.0,0.0
1997-10-21,16.81603730680964,17.350987752513696,16.81603730680964,17.30447006225586,1303477,0.0,0.0
1997-10-22,17.234687140540295,17.653343169123172,17.18816947155779,17.583566665649414,1631665,0.0,0.0
1997-10-23,17.304465932383863,17.350983611539817,16.978845170552493,17.31609535217285,1822845,0.0,0.0
1997-10-24,17.316097009296293,17.46727948102108,17.083510087388465,17.130027770996094,1906525,0.0,0.0
1997-10-27,17.025359947272594,17.153283554384906,16.025237408681107,16.04849624633789,1523534,0.0,0.0
1997-10-28,15.815913813315841,16.76952044087683,15.769396124921556,16.746261596679688,2079788,0.0,0.0
1997-10-29,16.69974106235683,17.00210448926119,16.629964541656545,16.781147003173828,1739375,0.0,0.0
1997-10-30,16.595085957582572,16.82767297843479,16.571827105884257,16.757896423339844,1833384,0.0,0.0
1997-10-31,16.920699747526424,16.920699747526424,16.68811282484012,16.862552642822266,1433952,0.0,0.0
1997-11-03,17.048623634129257,17.257951736450195,16.97884859744259,17.257951736450195,952947,0.0,0.0
1997-11-04,17.234700535948228,17.350993302661433,16.943966374968713,17.188182830810547,994049,0.0,0.0
1997-11-05,17.141657906950012,17.31609773162494,16.932329818114027,16.97884750366211,1174900,0.0,0.0
1997-11-06,16.97883983604456,17.025356004455638,16.862545674692623,16.9090633392334,745748,0.0,0.0
1997-11-07,16.746258742823684,16.909069128327477,16.722999902590256,16.781147003173828,1837178,0.0,0.0
1997-11-10,16.83929507212451,17.071882012368604,16.827667146436212,16.885812759399414,1410133,0.0,0.0
1997-11-11,16.885806067792565,16.932323736633172,16.79277073011135,16.85091781616211,550352,0.0,0.0
1997-11-12,16.804414126736475,16.978854018342904,16.746266997490686,16.757896423339844,1792703,0.0,0.0
1997-11-13,16.757887472078774,17.013733207968766,16.711369793529656,16.932327270507812,1470839,0.0,0.0
1997-11-14,16.943964794815596,17.490543290817772,16.932335369615707,17.246328353881836,1283664,0.0,0.0
1997-11-17,17.304470495974833,17.909197492222507,17.304470495974833,17.816162109375,1565058,0.0,0.0
1997-11-18,17.68823300597653,18.18829500009144,17.68823300597653,18.06037139892578,1828747,0.0,0.0
1997-11-19,18.095270141725635,18.29296887107333,18.02549359155674,18.16504669189453,1194925,0.0,0.0
1997-11-20,18.53718376159668,18.886064987346575,18.420891017100523,18.53718376159668,2576181,0.0,0.0
1997-11-21,18.420891137427592,18.432520561566243,18.16504530250798,18.33948516845703,1866477,0.0,0.0
1997-11-24,18.11852772688484,18.269708745565637,18.095268878452295,18.141786575317383,1587612,0.0,0.0
1997-11-25,18.16504287768062,18.176672300266876,17.955714767258545,18.095266342163086,1583818,0.0,0.0
1997-11-26,18.08363281123579,18.09526223118001,17.76963996887207,17.76963996887207,1243826,0.0,0.0
1997-11-28,17.81617239204625,18.49067481859062,17.81617239204625,18.37438201904297,725934,0.0,0.0
1997-12-01,18.37437597586824,18.51392758865438,18.153418382880478,18.386005401611328,1388844,0.0,0.0
1997-12-02,18.281338038034125,18.49066617628772,18.246449765636736,18.40926170349121,1195135,0.0,0.0
1997-12-03,18.397624305234626,18.87442749574224,18.397624305234626,18.618581771850586,1356805,0.0,0.0
1997-12-04,18.88605918227492,18.979093050049567,18.67673110961914,18.67673110961914,1725463,0.0,0.0
1997-12-05,18.572077267429414,18.827923172775648,18.572077267429414,18.746517181396484,1797762,0.0,0.0
1997-12-08,18.746512211222,18.769771059735252,18.583701767759976,18.5953311920166,736262,0.0,0.0
1997-12-09,18.606958389282227,18.699993772200212,18.47903473777,18.606958389282227,937981,0.0,0.0
1997-12-10,18.47902430097523,18.583689047644206,18.327843385249757,18.572059631347656,852825,0.0,0.0
1997-12-11,18.339486739509894,18.467410415993648,18.15341743348256,18.4208927154541,1606372,0.0,0.0
1997-12-12,18.548813430625422,18.58370170327424,17.781275920743692,18.141786575317383,2234713,0.0,0.0
1997-12-15,18.14178488252646,18.339483579625284,18.124339999764445,18.32785415649414,1150660,0.0,0.0
1997-12-16,18.327858463275152,18.61859261374143,18.316229037411265,18.50229835510254,959059,0.0,0.0
1997-12-17,18.606959031146857,18.7232517676754,18.4906647984877,18.51392364501953,1232022,0.0,0.0
1997-12-18,18.490653375545605,18.490653375545605,18.130144469274466,18.188291549682617,1604053,0.0,0.0
1997-12-19,18.141779542538703,18.30458992232127,17.64171748735279,17.978967666625977,3632832,0.0,0.0
1997-12-22,18.0952641182717,18.130152381742732,18.002228749015618,18.10689353942871,1174057,0.0,0.0
1997-12-23,18.223184914483102,18.432514479912292,18.13015104820036,18.28133201599121,874536,0.0,0.0
1997-12-24,18.36274307116936,18.409260765328597,18.234819412231445,18.234819412231445,372452,0.0,0.0
1997-12-26,18.316227889240118,18.4208927154541,18.23482191329591,18.4208927154541,19019936,0.0,0.0
1997-12-29,18.537274886167033,18.807121497174858,18.478612251296866,18.748458862304688,805399,0.41275,0.0
1997-12-30,18.748459062260775,19.05350325744406,18.748459062260775,18.994840621948242,962432,0.0,0.0
1997-12-31,18.99484040168346,19.264687012440103,18.91271271294167,19.053503036499023,943672,0.0,0.0
1998-01-02,18.959646027655513,19.041773730288497,18.760194544942042,18.912715911865234,843129,0.0,0.0
1998-01-05,18.912711873096022,18.947909452422362,18.549006572180275,18.771923065185547,1216003,0.0,0.0
1998-01-06,18.58420909078301,18.689800347430992,18.243967242927763,18.384756088256836,1597940,0.0,0.0
1998-01-07,18.255695549199743,18.255695549199743,17.891990235758957,18.103174209594727,1910320,0.0,0.0
1998-01-08,18.05624092847411,18.103171027609832,17.84505699175803,18.03277587890625,1226120,0.0,0.0
1998-01-09,17.974114048586348,18.032776675096095,17.399224836975044,17.50481605529785,1224645,0.0,0.0
1998-01-12,17.31709759997596,17.72773297719102,17.31709759997596,17.692535400390625,1483275,0.0,0.0
1998-01-13,17.70427306779059,17.762935712828472,17.176312281240115,17.364032745361328,2198880,0.0,0.0
1998-01-14,17.364029157061527,17.798129621843955,17.305366524146358,17.704269409179688,2109509,0.0,0.0
1998-01-15,17.70427306779059,17.70427306779059,17.305370100323447,17.364032745361328,1108293,0.0,0.0
1998-01-16,17.246705576189335,17.4813546213797,17.164579391479492,17.164579391479492,1403177,0.0,0.0
1998-01-20,17.16457163909727,17.48134672592595,17.152839116666996,17.422685623168945,1357648,0.0,0.0
1998-01-21,17.25844297319937,17.41096436731708,17.10592157908166,17.28190803527832,1406339,0.0,0.0
1998-01-22,17.12938246001526,17.25843876055241,17.012057178258665,17.09418487548828,1206518,0.0,0.0
1998-01-23,17.141121067815572,17.141121067815572,16.695287857802292,16.836076736450195,1349639,0.0,0.0
1998-01-26,16.871266684732888,17.117648242714335,16.777406468589493,17.035520553588867,1586347,0.0,0.0
1998-01-27,17.03551334480707,17.27016227647609,16.988583256594406,17.023780822753906,936506,0.0,0.0
1998-01-28,17.058981146971956,17.223234972878167,16.894727321065744,17.00031852722168,1397908,0.0,0.0
1998-01-29,16.80087025458247,17.04725179396831,16.730475097787988,16.871265411376953,2825325,0.0,0.0
1998-01-30,16.871266467872214,16.97685920967626,16.777406252935286,16.894731521606445,2368771,0.0,0.0
1998-02-02,17.070712603645077,17.880252177402035,17.070712603645077,17.73946189880371,2788438,0.0,0.0
1998-02-03,17.59867965171745,17.739468473098018,17.56348206902355,17.71600341796875,1386526,0.0,0.0
1998-02-04,17.715998498946835,17.715998498946835,17.469616997894825,17.49308204650879,1146234,0.0,0.0
1998-02-05,17.4813484751066,17.610406234753118,17.399222319271516,17.57520866394043,893928,0.0,0.0
1998-02-06,17.551757449083393,17.575222514784418,17.434432120578272,17.457897186279297,1269331,0.0,0.0
1998-02-09,17.457891468026716,17.52828664207217,17.364032745361328,17.364032745361328,1046955,0.0,0.0
1998-02-10,17.364032745361328,17.493089055049445,17.305370100323447,17.364032745361328,1828747,0.0,0.0
1998-02-11,17.41095536634037,17.43442041628855,17.012052536010742,17.012052536010742,1490020,0.0,0.0
1998-02-12,16.988593269707355,17.012058327644045,16.69528306428917,16.707014083862305,1924653,0.0,0.0
1998-02-13,16.70701215564654,16.871267542246063,16.70701215564654,16.812604904174805,1539132,0.0,0.0
1998-02-17,16.87126968803732,16.929932333569653,16.718748319048487,16.753944396972656,1227807,0.0,0.0
1998-02-18,16.75394078906612,16.906463634604886,16.742209771881118,16.800870895385742,1618386,0.0,0.0
1998-02-19,16.777399288234044,16.83606189821737,16.695273143651708,16.824329376220703,1195978,0.0,0.0
1998-02-20,16.824339964432557,16.883002611334565,16.77740984691095,16.84780502319336,892452,0.0,0.0
1998-02-23,16.89473434975609,16.929931936249453,16.53102746538652,16.566225051879883,1332355,0.0,0.0
1998-02-24,16.425434335439817,16.5075620278583,16.343306643021336,16.366771697998047,2332516,0.0,0.0
1998-02-25,16.366767082691904,16.75393736183843,16.366767082691904,16.589683532714844,721086,0.0,0.0
1998-02-26,16.57794800352221,17.04724586686024,16.54275043736271,17.023780822753906,892452,0.0,0.0
1998-02-27,17.08245277456225,17.340566891487352,17.035522660685842,17.176311492919922,1632509,0.0,0.0
1998-03-02,17.270175314900516,17.30537290763306,17.14111898427664,17.23497772216797,607474,0.0,0.0
1998-03-03,17.12937948861235,17.21150566220058,17.070716857910156,17.070716857910156,786218,0.0,0.0
1998-03-04,16.941662629474806,17.129383087158203,16.918199081659544,17.129383087158203,1176587,0.0,0.0
1998-03-05,16.98859386636292,17.047256513264927,16.84780502319336,16.84780502319336,811090,0.0,0.0
1998-03-06,16.883001495843907,17.16458067297384,16.871268967238695,17.129383087158203,924702,0.0,0.0
1998-03-09,17.082436439529125,17.188029094778358,16.988576301529807,17.058971405029297,710336,0.0,0.0
1998-03-10,17.10591861658988,17.38749780337648,16.96512826849897,17.364032745361328,1034519,0.0,0.0
1998-03-11,17.375752487109356,17.7394575998939,17.36401996673604,17.657331466674805,1384629,0.0,0.0
1998-03-12,17.65733909874792,17.692535165686635,17.434421115302577,17.44615364074707,1249306,0.0,0.0
1998-03-13,17.45789323666295,17.610416129213327,17.211511611938477,17.211511611938477,964750,0.0,0.0
1998-03-16,17.188045730184264,17.317102035446435,17.105918029947777,17.129383087158203,871163,0.0,0.0
1998-03-17,17.129378264424947,17.5165485805998,17.082448163217148,17.50481605529785,959270,0.0,0.0
1998-03-18,17.223229722256267,17.669062477654013,17.223229722256267,17.657331466674805,1927604,0.0,0.0
1998-03-19,17.622153865745222,18.0210569914777,17.586956264757802,17.880268096923828,1743169,0.0,0.0
1998-03-20,18.009312540591147,18.185298919677734,17.762931006111994,18.185298919677734,1883761,0.0,0.0
1998-03-23,17.99758510037687,18.11491039251778,17.786401083918477,17.950654983520508,1082156,0.0,0.0
1998-03-24,18.114911069534045,18.114911069534045,17.762936689352077,17.786401748657227,1185650,0.0,0.0
1998-03-25,17.856794357299805,17.962385599584998,17.75120160561953,17.856794357299805,716660,0.0,0.0
1998-03-26,17.809859174556184,17.938915436024974,17.71599897756459,17.891986846923828,903624,0.0,0.0
1998-03-27,17.997606920309053,18.175214487481014,17.902882072057672,18.03312873840332,1427628,0.41275,0.0
1998-03-30,18.06865394316652,18.234422472652305,17.962089983225447,18.22258186340332,764296,0.0,0.0
1998-03-31,18.234419980529466,18.530433647997704,18.234419980529466,18.42386817932129,1354698,0.0,0.0
1998-04-01,18.44755405900703,18.56595864195292,18.18706214856611,18.234424591064453,1366712,0.0,0.0
1998-04-02,18.187055525165846,18.198896131478293,17.991686282660147,18.05681037902832,1681199,0.0,0.0
1998-04-03,18.05681248656737,18.116014001740034,17.808159724983916,17.85552215576172,1627450,0.0,0.0
1998-04-06,18.198903847646875,18.198903847646875,17.87920886496243,17.950252532958984,1126420,0.0,0.0
1998-04-07,17.9502429659502,17.962083570972226,17.77263541391903,17.843677520751953,2029412,0.0,0.0
1998-04-08,17.855518443907968,18.26993810376345,17.855518443907968,18.092329025268555,1340997,0.0,0.0
1998-04-09,18.104165534034795,18.340976061811777,18.104165534034795,18.30545425415039,696635,0.0,0.0
1998-04-13,18.30546231419337,18.459390215168412,18.13969532875062,18.43570899963379,1423834,0.0,0.0
1998-04-14,18.506754582804675,18.873810415401234,18.459392146779376,18.77908706665039,1378727,0.0,0.0
1998-04-15,18.767243699850905,18.94485128554709,18.672518841719853,18.731721878051758,1429947,0.0,0.0
1998-04-16,18.731722722839816,18.76724454624097,18.636997860436736,18.67251968383789,1090166,0.0,0.0
1998-04-17,18.67251825949066,18.85012583964885,18.636996438799123,18.826444625854492,685675,0.0,0.0
1998-04-20,18.87380726726095,18.93301030241754,18.79092301804172,18.838285446166992,1272914,0.0,0.0
1998-04-21,18.83828858838226,18.944854069439184,18.755405848637743,18.77908706665039,1135273,0.0,0.0
1998-04-22,18.790921692500483,18.790921692500483,18.54227200898194,18.743560791015625,765561,0.0,0.0
1998-04-23,18.731721878051758,18.873807641948805,18.71988127078538,18.731721878051758,1103656,0.0,0.0
1998-04-24,18.708048980349062,18.708048980349062,18.530441315695803,18.554121017456055,1240454,0.0,0.0
1998-04-27,18.376504398679998,18.50675107304864,18.04497045597694,18.116012573242188,1753919,0.0,0.0
1998-04-28,18.116012716282356,18.116012716282356,17.784478770961577,17.891042709350586,1631033,0.0,0.0
1998-04-29,17.938399957429507,17.985762371171706,17.61870518796871,17.796314239501953,1465358,0.0,0.0
1998-04-30,17.831842694575588,18.36466704664312,17.796322391297526,18.317304611206055,789169,0.0,0.0
1998-05-01,18.660682257235504,18.73172591614905,18.388349754700105,18.637001037597656,969809,0.0,0.0
1998-05-04,18.68436283330186,18.850129841757195,18.589637958013206,18.708044052124023,1022926,0.0,0.0
1998-05-05,18.660677109978355,18.68435832308411,18.530431961196143,18.542272567749023,1365026,0.0,0.0
1998-05-06,18.542272567749023,18.660677109978355,18.435707108773126,18.542272567749023,1199983,0.0,0.0
1998-05-07,18.49490350975361,18.589626804911916,18.35281628206781,18.388338088989258,1249728,0.0,0.0
1998-05-08,18.388352282025235,18.83829247038515,18.388352282025235,18.565959930419922,1192606,0.0,0.0
1998-05-11,18.57780464683172,19.063266776798656,18.57780464683172,18.933021545410156,1378937,0.0,0.0
1998-05-12,18.861956590186082,19.03956560083375,18.850115989476237,19.015884399414062,1640729,0.0,0.0
1998-05-13,19.004062236357996,19.134307447230903,18.944859175370233,18.98038101196289,1882496,0.0,0.0
1998-05-14,18.95669853575049,18.99222036999744,18.87381425584094,18.90933609008789,1670449,0.0,0.0
1998-05-15,18.933005200244168,18.933005200244168,18.494905904745867,18.518587112426758,992784,0.0,0.0
1998-05-18,18.51858822145628,18.55410851180574,18.068646771872633,18.139690399169922,734998,0.0,0.0
1998-05-19,18.1870562138069,18.317301364876073,18.104171966481402,18.116012573242188,784532,0.0,0.0
1998-05-20,18.18705328129768,18.36466083077227,18.18705328129768,18.26993751525879,979294,0.0,0.0
1998-05-21,18.423864983558865,18.518589828173806,18.305458927790188,18.352821350097656,1502034,0.0,0.0
1998-05-22,18.388348712964834,18.743565464108993,18.388348712964834,18.577796936035156,2056813,0.0,0.0
1998-05-26,18.577791332758828,18.660675571796904,18.317299533367056,18.352821350097656,1212630,0.0,0.0
1998-05-27,18.25810241733441,18.34098515299502,17.902885687947123,18.15153694152832,1260056,0.0,0.0
1998-05-28,18.317303552408053,18.42386902598163,18.16337716943475,18.364665985107422,958216,0.0,0.0
1998-05-29,18.554110121605092,18.71987859968124,18.246257423205165,18.352821350097656,1019975,0.0,0.0
1998-06-01,18.376508521037714,18.79092680403172,18.364667911620753,18.601478576660156,1062553,0.0,0.0
1998-06-02,18.684359236344378,18.86196682001926,18.648837414949497,18.719881057739258,933555,0.0,0.0
1998-06-03,18.75540053803387,18.814602043002797,18.565950847575476,18.696197509765625,707807,0.0,0.0
1998-06-04,18.648838468237123,18.708041507239045,18.447549658930182,18.67251968383789,1014917,0.0,0.0
1998-06-05,18.625167103082234,18.933021545410156,18.554123418706464,18.933021545410156,921962,0.0,0.0
1998-06-08,18.944839171696266,19.14612784321571,18.921157972305913,19.051403045654297,1443226,0.0,0.0
1998-06-09,19.02772347682522,19.075085879664595,18.93300019444515,19.015884399414062,988358,0.0,0.0
1998-06-10,19.01589455163677,19.027733635368588,18.767243327278585,18.838285446166992,1974187,0.0,0.0
1998-06-11,18.838294162841695,18.838294162841695,18.483078834139317,18.530441284179688,2184547,0.0,0.0
1998-06-12,18.518593254004966,18.648838416145786,18.364665353029924,18.43570899963379,2089063,0.0,0.0
1998-06-15,18.29362098197788,18.340981883928265,18.009447953778526,18.05681037902832,1204621,0.0,0.0
1998-06-16,18.116017229971778,18.269945157429223,18.0331344846407,18.163379669189453,1496132,0.0,0.0
1998-06-17,18.35282937726813,18.779089841174088,18.32914815575669,18.483076095581055,1646209,0.0,0.0
1998-06-18,18.506752855095552,18.542274678798368,18.340984344482422,18.340984344482422,1155298,0.0,0.0
1998-06-19,18.340988568468564,18.352829179096428,17.97393268560462,17.99761390686035,3686371,0.0,0.0
1998-06-22,17.99760538603831,18.056808411148445,17.831836915729923,17.843677520751953,1475687,0.0,0.0
1998-06-23,17.867358331802738,17.985764379378903,17.85551772704512,17.92656135559082,978873,0.0,0.0
1998-06-24,17.93840320150592,18.435705589135733,17.89104077919845,18.352821350097656,1076465,0.0,0.0
1998-06-25,18.483077401105476,18.56596015894984,18.175223023011895,18.210744857788086,2225650,0.0,0.0
1998-06-26,18.233681843252146,18.472655386923027,18.05445206980215,18.424861907958984,966858,0.41275,0.0
1998-06-29,18.472644383787483,18.735515278969025,18.448748427145297,18.460697174072266,954422,0.0,0.0
1998-06-30,18.460704101529423,18.61603633265733,18.353165338832337,18.484600067138672,808982,0.0,0.0
1998-07-01,18.5084919829067,18.627979460945564,18.436801033295247,18.54433822631836,1120097,0.0,0.0
1998-07-02,18.544343824192605,18.592138829835754,18.353165338832337,18.484600067138672,731625,0.0,0.0
1998-07-06,18.472653572238045,18.663833618164062,18.448757603709804,18.663833618164062,921540,0.0,0.0
1998-07-07,18.78331617826341,18.843059931701124,18.484598948287065,18.49654769897461,794228,0.0,0.0
1998-07-08,18.78331597348215,18.92670098016944,18.305369025615615,18.580188751220703,1269963,0.0,0.0
1998-07-09,18.305373696120512,18.377066217756067,18.09029766842645,18.269527435302734,2157356,0.0,0.0
1998-07-10,18.22173507765928,18.37706734686753,18.161991305958914,18.257579803466797,1143283,0.0,0.0
1998-07-13,18.269526430671036,18.460706477852963,18.233680171824425,18.341218948364258,682513,0.0,0.0
1998-07-14,18.305368355495318,18.616034321399418,18.305368355495318,18.448753356933594,974025,0.0,0.0
1998-07-15,18.44875647680122,18.46070522894173,18.29342269897461,18.29342269897461,1170685,0.0,0.0
1998-07-16,18.293422366148885,18.389012381533814,18.06639761682207,18.317319869995117,974025,0.0,0.0
1998-07-17,18.34120926359317,18.389004250151306,18.257568037116442,18.281465530395508,929971,0.0,0.0
1998-07-20,18.29341427703504,18.36510675687224,18.221723334409553,18.281465530395508,2171900,0.0,0.0
1998-07-21,18.257577919180907,18.30537293160848,18.07834815979004,18.07834815979004,990677,0.0,0.0
1998-07-22,18.042504978652513,18.138095019816024,17.851326433538294,17.88717269897461,1252890,0.0,0.0
1998-07-23,17.887172037464453,17.98276207509282,17.660147235309836,17.73183822631836,1073303,0.0,0.0
1998-07-24,17.743782589464296,17.94690981434046,17.731832301540976,17.815473556518555,951682,0.0,0.0
1998-07-27,17.77963453573035,17.803532046872125,17.54066096152544,17.600404739379883,1852987,0.0,0.0
1998-07-28,17.58845470708856,17.767684490428994,17.480917451969397,17.73183822631836,1486858,0.0,0.0
1998-07-29,17.743781121381687,17.827420832226856,17.63624237387947,17.672088623046875,1032411,0.0,0.0
1998-07-30,17.731831973131037,17.93496073145731,17.731831973131037,17.839370727539062,1120097,0.0,0.0
1998-07-31,17.791576575410506,17.791576575410506,17.289733642505368,17.349475860595703,1004799,0.0,0.0
1998-08-03,17.349473163265348,17.421165658482423,17.325575664859656,17.3375244140625,499343,0.0,0.0
1998-08-04,17.39726972387536,17.492858188878305,17.170245005826626,17.182193756103516,1725885,0.0,0.0
1998-08-05,17.301681851029095,17.361425609766385,17.11050336028213,17.27778434753418,1463040,0.0,0.0
1998-08-06,17.325573111545243,17.433111838522596,17.158292184570062,17.385316848754883,1041264,0.0,0.0
1998-08-07,17.564555785361122,17.67209456904612,17.26584001621694,17.58845329284668,1049906,0.0,0.0
1998-08-10,17.492863295661994,17.540658310722606,17.27778726510187,17.409223556518555,904045,0.0,0.0
1998-08-11,17.373381520045758,17.385330276716587,16.943229354322003,17.206100463867188,796125,0.0,0.0
1998-08-12,17.277789598765725,17.445072174072266,17.253892088007646,17.445072174072266,826688,0.0,0.0
1998-08-13,17.433117237704327,17.57650071420271,17.134399996352716,17.229990005493164,1338257,0.0,0.0
1998-08-14,16.89541469809469,17.002953383190814,16.345775604248047,16.345775604248047,3645690,0.0,0.0
1998-08-17,16.44138252439362,16.752048620484942,16.40553625901238,16.60866355895996,2170846,0.0,0.0
1998-08-18,16.656460149836317,16.680357662343535,16.548922880766792,16.6325626373291,2136067,0.0,0.0
1998-08-19,16.632552637590386,16.632552637590386,16.572808892241177,16.59670639038086,1404653,0.0,0.0
1998-08-20,16.584769953339002,16.584769953339002,16.36969384762792,16.4294376373291,1931819,0.0,0.0
1998-08-21,16.250195529983678,16.286041776726005,15.736402401101008,16.178503036499023,2488074,0.0,0.0
1998-08-24,16.15460913924692,16.44137763988914,16.15460913924692,16.262147903442383,1123891,0.0,0.0
1998-08-25,16.417481724661783,16.47722548832667,16.1904569599477,16.286046981811523,1119886,0.0,0.0
1998-08-26,16.154603020026897,16.226295502334064,16.011219592624325,16.082910537719727,1263850,0.0,0.0
1998-08-27,15.939531973957957,15.939531973957957,15.604968491650677,15.712507247924805,2024353,0.0,0.0
1998-08-28,15.712504247754334,15.93952893043903,15.581069552394535,15.65276050567627,1800080,0.0,0.0
1998-08-31,15.748357296511921,15.915638309386294,14.911949157714844,14.911949157714844,1830644,0.0,0.0
1998-09-01,14.923894398500758,15.258457882712435,14.661023418879921,15.138970375061035,3172484,0.0,0.0
1998-09-02,15.198710023900324,15.533273417750502,15.198710023900324,15.380928039550781,1741483,0.0,0.0
1998-09-03,15.270412105994344,15.49743691467952,15.174822065616251,15.294309616088867,1628082,0.0,0.0
1998-09-04,15.29430042451978,15.34209541598499,15.103121995870804,15.198710441589355,1849403,0.0,0.0
1998-09-08,15.676666703175652,15.867845246719043,15.24651459589982,15.294309616088867,2632249,0.0,0.0
1998-09-09,15.342103324653591,15.365999295492411,15.00753974914551,15.007539749145508,2616440,0.0,0.0
1998-09-10,14.911952080461997,14.911952080461997,14.278672628361857,14.625185012817383,2767571,0.0,0.0
1998-09-11,14.625182927803495,15.294308552269703,14.565439156722757,15.234564781188965,1347952,0.0,0.0
1998-09-14,15.50938952251821,15.604978049429297,15.33015815228522,15.401850700378418,1419197,0.0,0.0
1998-09-15,15.509384632359742,15.987331727856455,15.43769210687143,15.963434219360352,1988941,0.0,0.0
1998-09-16,15.867839869529377,16.250198364257812,15.867839869529377,16.250198364257812,2377624,0.0,0.0
1998-09-17,16.082919433224056,16.154611955184546,15.843945897235049,15.951484680175781,2586087,0.0,0.0
1998-09-18,15.95149049466657,15.95149049466657,15.294313415451798,15.401850700378418,3706606,0.0,0.0
1998-09-21,15.198714239429588,15.628866195678711,15.091175481761182,15.628866195678711,1506039,0.0,0.0
1998-09-22,15.867838954122398,16.118761173395647,15.867838954122398,15.999275207519531,1467255,0.0,0.0
1998-09-23,15.999276130508996,16.357735586028863,15.963429877514553,16.250198364257812,1185861,0.0,0.0
1998-09-24,16.25020641671554,16.33384617793627,15.939540274031726,16.04707908630371,1584239,0.0,0.0
1998-09-25,15.963426947302786,16.536962278300138,15.820043498856446,16.441373825073242,2339683,0.0,0.0
1998-09-28,16.63354645077705,17.33365196535603,16.621475585719363,17.164661407470703,2743753,0.41275,0.0
1998-09-29,17.237084716857566,17.261226446513504,16.814607553723217,17.128448486328125,2465309,0.0,0.0
1998-09-30,17.043956510216294,17.043956510216294,16.440417783190977,16.500770568847656,1982407,0.0,0.0
1998-10-01,16.45248122046165,16.693896912825572,16.16278207904055,16.343843460083008,1909266,0.0,0.0
1998-10-02,16.392129408202695,16.778393953704168,16.392129408202695,16.76632308959961,1701013,0.0,0.0
1998-10-05,16.76632315438486,17.164660118452247,16.50076569598066,16.983598709106445,2075573,0.0,0.0
1998-10-06,16.995669587778234,17.188801879087055,16.69390106201172,16.69390106201172,1437324,0.0,0.0
1998-10-07,16.70596556138604,17.152585894577488,16.56111677286576,16.899099349975586,2974348,0.0,0.0
1998-10-08,16.802532531663203,17.140515110301415,16.57318770959788,16.8387451171875,2556999,0.0,0.0
1998-10-09,17.0680944870092,17.188801584663775,16.802537008662377,17.164661407470703,1796919,0.0,0.0
1998-10-12,17.381930054633415,17.695769343313486,17.357788331977744,17.49056625366211,1087004,0.0,0.0
1998-10-13,17.44229027267875,17.490572181431602,16.874962703839863,17.08016586303711,1256895,0.0,0.0
1998-10-14,17.08016172042958,17.32157741733047,16.464552392147194,16.7301082611084,1795443,0.0,0.0
1998-10-15,16.73011354974179,17.43021913677579,16.58526470698121,17.261228561401367,1722091,0.0,0.0
1998-10-16,17.38193302053495,17.575065281812897,17.32157870359744,17.53885269165039,2473108,0.0,0.0
1998-10-19,17.623349656239718,18.10618111112513,17.59920792820323,17.997543334960938,1654219,0.0,0.0
1998-10-20,18.04582903923397,18.770076311790845,18.04582903923397,18.28724479675293,5038539,0.0,0.0
1998-10-21,18.154466537364964,18.275175200972345,17.937192495794147,17.961334228515625,2148293,0.0,0.0
1998-10-22,17.949260857595164,18.14239469241794,17.69577425231252,18.106182098388672,1593725,0.0,0.0
1998-10-23,17.961324362295347,18.021678660946204,17.780263019264392,17.888900756835938,1291884,0.0,0.0
1998-10-26,17.9009788031769,18.10618194805001,17.575067012541815,17.659563064575195,903202,0.0,0.0
1998-10-27,17.768201180870786,17.961333481689756,17.57506888005182,17.695775985717773,1221694,0.0,0.0
1998-10-28,17.69577213566377,17.792339041524478,17.34572020776284,17.40607452392578,1117146,0.0,0.0
1998-10-29,17.756126451826713,17.756126451826713,17.33364934453025,17.40607452392578,991520,0.0,0.0
1998-10-30,17.514718064244736,18.335532448535346,17.47850545940391,18.069974899291992,1170474,0.0,0.0
1998-11-02,18.371744859485972,18.66144258930977,18.154469232734073,18.420026779174805,1070563,0.0,0.0
1998-11-03,18.420020968192613,18.733861888237175,18.420020968192613,18.480375289916992,894560,0.0,0.0
1998-11-04,18.63729476928711,18.926992380407185,18.552798726839214,18.63729476928711,1141386,0.0,0.0
1998-11-05,18.56487063856165,19.38568472421904,18.468303727452962,19.28911781311035,1700170,0.0,0.0
1998-11-06,19.264969815678228,19.470172882080078,19.18047379595679,19.470172882080078,2473108,0.0,0.0
1998-11-09,19.47018697649647,19.47018697649647,18.975284465712726,19.0356388092041,1216003,0.0,0.0
1998-11-10,19.01148529486746,19.01148529486746,18.637291702866108,18.649362564086914,1249939,0.0,0.0
1998-11-11,18.637296490632135,18.733861852283606,18.2148177922945,18.22688865661621,832379,0.0,0.0
1998-11-12,18.26310263116794,18.54073097864738,17.9854742836885,18.057899475097656,1241507,0.0,0.0
1998-11-13,18.28724481671893,18.91492516578458,18.118254252147864,18.794218063354492,1125577,0.0,0.0
1998-11-16,18.806289120015435,18.96320882064601,18.67350959777832,18.67350959777832,633401,0.0,0.0
1998-11-17,18.371734714135425,18.890778652234424,18.34759299116135,18.625221252441406,781791,0.0,0.0
1998-11-18,18.601088117211052,18.613158984270964,18.190680190096575,18.263105392456055,730782,0.0,0.0
1998-11-19,18.43208752348688,18.444158385009835,17.816478244581887,18.251026153564453,920697,0.0,0.0
1998-11-20,18.39588659579174,18.444168515480573,18.335532255027324,18.420026779174805,833433,0.0,0.0
1998-11-23,18.468302235552812,19.01148796081543,18.444160509725847,19.01148796081543,934398,0.0,0.0
1998-11-24,18.975289865840434,19.192564011320098,18.854582697428718,18.999431610107422,1273336,0.0,0.0
1998-11-25,18.951138190163483,19.180483087587646,18.926996458548054,19.023563385009766,820786,0.0,0.0
1998-11-27,19.023563385009766,19.071846848240618,18.999421653394336,19.023563385009766,208464,0.0,0.0
1998-11-30,18.73387207678786,18.866651656794623,18.52866882424592,18.806297302246094,824580,0.0,0.0
1998-12-01,18.625223930848527,18.625223930848527,17.949258696210592,18.323453903198242,2105715,0.0,0.0
1998-12-02,18.34760220725491,18.44416759473466,17.913052528366833,18.275177001953125,836806,0.0,0.0
1998-12-03,18.25103969260824,18.25103969260824,17.74406623840332,17.74406623840332,847134,0.0,0.0
1998-12-04,17.888918914737427,18.057909569569855,17.78028106689453,17.78028106689453,1027985,0.0,0.0
1998-12-07,17.961330698312015,18.347596793014628,17.913047242358918,18.311384201049805,747645,0.0,0.0
1998-12-08,18.10618093663519,18.39588011735903,18.00961402541986,18.11825180053711,930182,0.0,0.0
1998-12-09,18.166542763147046,18.166542763147046,17.707851298250247,17.768205642700195,1086372,0.0,0.0
1998-12-10,17.719920754443617,17.949265692146405,17.514717552596142,17.93719482421875,1214317,0.0,0.0
1998-12-11,18.033760493304637,18.033760493304637,17.80441557180825,18.009618759155273,1441118,0.0,0.0
1998-12-14,18.009613452499707,18.082038633607223,17.64749065280634,17.985471725463867,2458143,0.0,0.0
1998-12-15,17.961336985427298,18.04583306292189,17.52678883558624,17.913053512573242,1514260,0.0,0.0
1998-12-16,17.575068358854057,17.62335182085753,16.923246280574258,17.526784896850586,2763355,0.0,0.0
1998-12-17,17.502646825858594,17.84062957763672,16.899108083375204,17.84062957763672,1445545,0.0,0.0
1998-12-18,17.80441045249701,17.80441045249701,16.94738379538362,17.00773811340332,2918913,0.0,0.0
1998-12-21,17.056016662809096,17.273290592273746,16.92323875427246,16.92323875427246,1622180,0.0,0.0
1998-12-22,16.9232523383538,17.019817744004552,16.718049104307678,16.80254364013672,1329193,0.0,0.0
1998-12-23,16.85081792107085,17.418145387158372,16.85081792107085,17.40607452392578,1066558,0.0,0.0
1998-12-24,17.442286984990176,17.961329441397442,17.237082311549514,17.81648063659668,666704,0.0,0.0
1998-12-28,17.768195022016602,17.780265883691406,17.587133649816394,17.719911575317383,909736,0.0,0.0
1998-12-29,17.76768427217482,17.938292553591655,17.731125018773735,17.852989196777344,9955035,0.41275,0.0
1998-12-30,17.85300148559156,18.02360988444383,17.69457794513868,17.938304901123047,565318,0.0,0.0
1998-12-31,17.90173893509456,17.91392535673082,17.694571335066797,17.731130599975586,578386,0.0,0.0
1999-01-04,17.743308305388087,18.13327047060605,17.40209023498142,17.523954391479492,1292306,0.0,0.0
1999-01-05,17.548330236295712,17.731124934645614,17.450838894355385,17.487398147583008,1314649,0.0,0.0
1999-01-06,17.865179115025626,18.01141617011647,17.731130048981015,17.926111221313477,1720194,0.0,0.0
1999-01-07,17.962671043275876,18.060162416365976,17.58489510812914,17.731130599975586,1204199,0.0,0.0
1999-01-08,17.77987193307417,18.60854213028323,17.77987193307417,18.535425186157227,1675508,0.0,0.0
1999-01-11,18.535419738144462,18.94975471496582,18.486674077862453,18.94975471496582,2319869,0.0,0.0
1999-01-12,18.815714195857947,18.827900616419985,18.377004623413086,18.377004623413086,1854251,0.0,0.0
1999-01-13,18.19421555201432,18.24296124945144,17.877370086462104,17.901742935180664,1822213,0.0,0.0
1999-01-14,18.03578981591064,18.096721924912288,17.609268188476562,17.609268188476562,1510044,0.0,0.0
1999-01-15,17.889556473091147,17.889556473091147,17.645829554208646,17.840810775756836,1279027,0.0,0.0
1999-01-19,17.987033755749163,18.0357794148393,17.45083464133331,17.682374954223633,1170895,0.0,0.0
1999-01-20,17.682380006344047,17.694566424598424,17.060877378735686,17.158367156982422,2441912,0.0,0.0
1999-01-21,17.133998252461865,17.14618624130147,16.902457820282038,16.914644241333008,2425682,0.0,0.0
1999-01-22,16.76840875650998,16.963389925536895,16.670917388102207,16.914644241333008,1572225,0.0,0.0
1999-01-25,16.963396265007155,17.62145854432126,16.9268369881915,17.255868911743164,1189023,0.0,0.0
1999-01-26,17.24367406305983,17.328979000627154,17.18274196479746,17.219301223754883,1119465,0.0,0.0
1999-01-27,17.21930556715556,17.35335464935689,16.902460144058526,16.96339225769043,1079416,0.0,0.0
1999-01-28,16.939009070055725,17.487394622346066,16.939009070055725,17.170549392700195,994892,0.0,0.0
1999-01-29,17.170549392700195,17.24366788441568,17.036500392343036,17.170549392700195,958216,0.0,0.0
1999-02-01,17.170555361064697,17.828618879666518,17.12181125076582,17.706754684448242,1276919,0.0,0.0
1999-02-02,17.658012761835295,17.70675845028975,17.292423234004414,17.64582633972168,1512995,0.0,0.0
1999-02-03,17.621450587016053,17.621450587016053,17.304606799935737,17.438655853271484,1086582,0.0,0.0
1999-02-04,17.426469183403665,17.889550005073318,17.268047292134096,17.57270622253418,1308958,0.0,0.0
1999-02-05,17.792062707720532,18.157652221222037,17.743317021176676,18.08453369140625,1085950,0.0,0.0
1999-02-08,18.3038894315423,18.6207332611084,18.24295732286085,18.6207332611084,2092646,0.0,0.0
1999-02-09,18.547619948373015,18.596364077121567,18.401382858760268,18.45012855529785,2260640,0.0,0.0
1999-02-10,18.401374580980963,18.620728548935617,18.401374580980963,18.535425186157227,1907579,0.0,0.0
1999-02-11,18.535424312764942,18.535424312764942,18.242951846677315,18.43793296813965,1288723,0.0,0.0
1999-02-12,18.328264538002777,18.559806599386718,18.218588287241538,18.267333984375,1087847,0.0,0.0
1999-02-16,18.29170124726738,18.413563885099204,17.974855880442917,18.377004623413086,1129161,0.0,0.0
1999-02-17,18.377005893587427,18.8035290749505,18.352633050778753,18.523242950439453,1461986,0.0,0.0
1999-02-18,18.523243082123493,18.571988768087376,18.279516220092773,18.279516220092773,1371982,0.0,0.0
1999-02-19,18.669470797407545,18.852265475859376,18.584167450283644,18.82789421081543,1700802,0.0,0.0
1999-02-22,18.82789213204866,19.095990128023985,18.815705716978158,18.94975471496582,1144337,0.0,0.0
1999-02-23,19.01068878173828,19.07162086347359,18.8766382019206,19.01068878173828,1593514,0.0,0.0
1999-02-24,19.010691655453723,19.02287807364292,18.693846350322822,18.85226821899414,1388001,0.0,0.0
1999-02-25,18.523237905587834,19.095994852233748,18.523237905587834,19.047250747680664,1836335,0.0,0.0
1999-02-26,19.047257758498738,19.20567968413096,18.913207110219385,19.181306838989258,1805982,0.0,0.0
1999-03-01,19.181303508629796,19.29098129272461,19.059440871868564,19.29098129272461,1285561,0.0,0.0
1999-03-02,19.303163457861174,19.473771738832294,19.217858533481508,19.242231369018555,2254105,0.0,0.0
1999-03-03,19.205680518405543,19.303171903207268,19.19349409530533,19.278799057006836,1690895,0.0,0.0
1999-03-04,19.205674239687443,19.498146730688624,19.205674239687443,19.412841796875,2445285,0.0,0.0
1999-03-05,19.546890202093998,19.790616989135742,19.47377169564501,19.790616989135742,1753498,0.0,0.0
1999-03-08,19.74188232421875,19.75406874875415,19.47378255222907,19.74188232421875,1242140,0.0,0.0
1999-03-09,19.546891367083678,19.620008310102207,19.059437763948075,19.205673217773438,1586558,0.0,0.0
1999-03-10,19.156929775420085,19.49814796447754,19.144743355532732,19.49814796447754,1398329,0.0,0.0
1999-03-11,19.23005348458847,19.44940753397207,19.18130779188347,19.38847541809082,1332776,0.0,0.0
1999-03-12,19.40065814317789,19.485963089151095,19.13255845219356,19.144744873046875,1872800,0.0,0.0
1999-03-15,18.91319465637207,19.08380446002185,18.718213591417264,18.91319465637207,1280924,0.0,0.0
1999-03-16,19.32753935707129,19.44940198628517,18.852270556550625,18.901016235351562,2198459,0.0,0.0
1999-03-17,18.913201324414832,18.98631983747199,18.620728839974557,18.766965866088867,937349,0.0,0.0
1999-03-18,18.76696469950625,19.083810001936666,18.718219027164917,19.047250747680664,909525,0.0,0.0
1999-03-19,19.10818498253421,19.278794868873867,18.876644561718944,18.925390243530273,1243615,0.0,0.0
1999-03-22,18.718219021746545,18.974132233676215,18.657286931337516,18.742591857910156,1453554,0.0,0.0
1999-03-23,18.75477712610033,18.79133637810423,18.011410372052186,18.169832229614258,1727782,0.0,0.0
1999-03-24,18.328257883587483,18.3526307233052,17.743314433727708,17.81643295288086,1949525,0.0,0.0
1999-03-25,17.938294114838254,18.267325856296825,17.86517560167227,18.15764808654785,1943623,0.0,0.0
1999-03-26,18.133284846819866,18.133284846819866,17.743322372436523,17.743322372436523,1134219,0.0,0.0
1999-03-29,17.91458760829818,18.800473112918606,17.730028391989272,18.640522003173828,1610798,0.41275,0.0
1999-03-30,18.628214647235186,18.72664705604031,18.50517413622878,18.66512680053711,1353011,0.0,0.0
1999-03-31,18.751252614105546,18.972723920946457,18.3452205657959,18.3452205657959,1491917,0.0,0.0
1999-04-01,18.30831517094216,18.65282709917665,18.209884322105278,18.505178451538086,2247150,0.0,0.0
1999-04-05,18.505175399110655,18.726648334036557,18.455960774271244,18.54208755493164,1391163,0.0,0.0
1999-04-06,18.566704293122786,18.689744869745187,18.320624722800616,18.591312408447266,1163518,0.0,0.0
1999-04-07,18.65282076478924,19.05885124206543,18.554388366457257,19.05885124206543,1305585,0.0,0.0
1999-04-08,19.280319479970647,19.67404742757308,18.93580930660506,19.095760345458984,2380153,0.0,0.0
1999-04-09,19.095776176906064,19.415680102753207,19.095776176906064,19.21881675720215,1446599,0.0,0.0
1999-04-12,19.20649504539518,19.58791732788086,19.20649504539518,19.58791732788086,1744645,0.0,0.0
1999-04-13,19.56331704100012,20.092388095249834,19.47719026251142,19.981653213500977,2785277,0.0,0.0
1999-04-14,19.920139797338834,21.85186390337751,19.907835741482668,21.556568145751953,5857428,0.0,0.0
1999-04-15,21.753425274556186,23.00842902637647,21.60577665698544,22.430143356323242,6792036,0.0,0.0
1999-04-16,22.33170797412363,23.328329678471654,22.24557962533052,22.959211349487305,4260331,0.0,0.0
1999-04-19,22.971519450139883,23.9189251222442,22.651615681132043,23.279117584228516,4225130,0.0,0.0
1999-04-20,22.836180133416203,22.98382720843961,22.59010061976234,22.76235580444336,2848933,0.0,0.0
1999-04-21,23.13146848860718,23.13146848860718,22.294797775871125,22.38092613220215,3031260,0.0,0.0
1999-04-22,22.639307991329837,22.737738808569922,21.790333288699784,22.196365356445312,2093279,0.0,0.0
1999-04-23,21.999504389534746,22.31940816288197,21.876465450814692,22.307104110717773,2089063,0.0,0.0
1999-04-26,22.70083240234782,22.93460781265983,22.19636942489738,22.20867347717285,1518686,0.0,0.0
1999-04-27,22.442458454570193,23.4267767245291,22.40554628200834,23.22991180419922,2410717,0.0,0.0
1999-04-28,23.22990059348953,25.05088914727664,23.13146976374976,24.903242111206055,3810100,0.0,0.0
1999-04-29,25.370789342744946,25.985988669645412,24.940150763667596,25.40770149230957,4100979,0.0,0.0
1999-04-30,25.420005967092155,26.293587189704745,25.24775084916608,25.82603645324707,3749395,0.0,0.0
1999-05-03,25.82604277508697,26.56428121066518,25.506138978126465,26.551977157592773,1916854,0.0,0.0
1999-05-04,26.182857005890398,26.33050405010771,25.912169439057042,26.158248901367188,2230709,0.0,0.0
1999-05-05,26.182850153847863,26.921088347581634,26.096721810556385,26.57657814025879,3035054,0.0,0.0
1999-05-06,26.576588613275398,26.945707064139754,26.404331858811354,26.638107299804688,2202042,0.0,0.0
1999-05-07,26.44124491940326,26.57658951679774,26.059820818759217,26.293596267700195,2756610,0.0,0.0
1999-05-10,26.268985587438586,27.167175132347033,26.059818267591556,26.9580078125,2848301,0.0,0.0
1999-05-11,26.958004393078603,27.105653011599244,26.072119013642162,26.084423065185547,2062083,0.0,0.0
1999-05-12,25.93677814122875,26.182857609209183,25.395402995087395,25.801433563232422,2702228,0.0,0.0
1999-05-13,25.604568346544486,26.318198590798982,25.506135933714134,26.1828556060791,2144709,0.0,0.0
1999-05-14,26.576588613275398,26.87188274079802,26.25668321212789,26.638107299804688,2170003,0.0,0.0
1999-05-17,26.68731320795167,26.76113750278032,25.739907756003507,26.022897720336914,1573700,0.0,0.0
1999-05-18,26.022907091767056,26.13364357388871,25.407709162079755,25.518444061279297,1552833,0.0,0.0
1999-05-19,25.296970655631597,25.48152986147669,24.583340354498187,25.001676559448242,2294576,0.0,0.0
1999-05-20,25.013992888775658,25.18624972040172,24.263451596953544,24.423402786254883,2142391,0.0,0.0
1999-05-21,24.423387889739853,24.927850851684227,24.165004382819028,24.84172248840332,2360761,0.0,0.0
1999-05-24,25.284664408566414,25.567656010526164,24.95245818346215,25.296968460083008,1963226,0.0,0.0
1999-05-25,25.198553779803582,25.198553779803582,24.423402786254883,24.423402786254883,1483696,0.0,0.0
1999-05-26,24.423393780555216,24.718689514391894,24.103489936988627,24.55873680114746,1672557,0.0,0.0
1999-05-27,24.460306981567957,24.460306981567957,23.795891156552628,23.906627655029297,1487912,0.0,0.0
1999-05-28,23.943534344157214,24.06657328695295,23.574414349926048,23.918926239013672,1064240,0.0,0.0
1999-06-01,24.00504533064865,25.001668520785593,23.906614524542828,24.890932083129883,1781742,0.0,0.0
1999-06-02,25.0878093830457,25.296976744404585,24.854033910594897,25.235456466674805,2302796,0.0,0.0
1999-06-03,25.19854344887396,25.32158240952605,24.657168222991448,24.8048152923584,1364394,0.0,0.0
1999-06-04,24.75560065785089,24.8048152923584,24.448000881837345,24.8048152923584,1171528,0.0,0.0
1999-06-07,24.829425438957436,24.890945715793887,24.42339477768154,24.607954025268555,1195346,0.0,0.0
1999-06-08,24.607942979501246,24.915542642688898,24.46029596429042,24.718679428100586,1282188,0.0,0.0
1999-06-09,24.718673185940816,24.743279696494092,23.943522990257524,24.02964973449707,1430579,0.0,0.0
1999-06-10,24.029657753227234,24.33725744138379,23.72205964799244,24.14039421081543,2305325,0.0,0.0
1999-06-11,23.820493854376984,24.26343816470704,23.758973591425313,24.214221954345703,1848560,0.0,0.0
1999-06-14,24.361862526371265,25.29696394296987,24.33725442773219,25.24774932861328,1980088,0.0,0.0
1999-06-15,25.247764904107644,25.247764904107644,24.817124495180792,24.964773178100586,1188601,0.0,0.0
1999-06-16,24.964764401694826,25.07549929203309,24.694076827758433,25.001676559448242,1136116,0.0,0.0
1999-06-17,25.001675143057156,25.567656781113,24.915546779845187,25.333881378173828,1729890,0.0,0.0
1999-06-18,25.333883449723295,25.592266977565316,25.333883449723295,25.54305076599121,1736424,0.0,0.0
1999-06-21,25.98599776232669,26.182861045966884,24.952463544562946,25.173934936523438,1543769,0.0,0.0
1999-06-22,25.17393343690644,25.43231697595541,24.60795014509973,25.395404815673828,2465098,0.0,0.0
1999-06-23,25.407703478312975,25.702999114990238,25.247752400618598,25.702999114990234,871374,0.0,0.0
1999-06-24,25.592264441119926,25.64148064781622,25.100105540000733,25.112409591674805,1554519,0.0,0.0
1999-06-25,25.13702166549984,25.567660376269497,25.13702166549984,25.32158088684082,1364604,0.0,0.0
1999-06-28,25.332982606527576,25.64267714449341,25.147166521228858,25.19671630859375,1685415,0.41275,0.0
1999-06-29,25.357754619864966,25.518794991277368,25.3082032459837,25.45685577392578,2193822,0.0,0.0
1999-06-30,25.469251867664433,25.469251867664433,25.0728439356091,25.147171020507812,2083583,0.0,0.0
1999-07-01,25.14715260593817,25.890418129545655,25.09760125229079,25.741764068603516,2651008,0.0,0.0
1999-07-02,26.06385703437368,26.336387998250743,26.001917816742136,26.286836624145508,807507,0.0,0.0
1999-07-06,26.286841183980385,26.348780412356188,26.001922327153697,26.1877384185791,1224013,0.0,0.0
1999-07-07,26.18772235823063,26.534580230712894,26.175334520152653,26.53458023071289,1193449,0.0,0.0
1999-07-08,26.53459097504795,26.646081562894278,25.96475338012564,26.06385612487793,1443226,0.0,0.0
1999-07-09,26.162960549911972,26.55936836697655,26.150571112320566,26.311613082885742,1265326,0.0,0.0
1999-07-12,26.36116736048259,26.36116736048259,25.828493201991254,25.90281867980957,725513,0.0,0.0
1999-07-13,25.91520158359112,25.98952704266639,25.17193583692758,25.41969108581543,1432898,0.0,0.0
1999-07-14,25.41968688270726,25.41968688270726,24.54015501804887,24.911787033081055,2618548,0.0,0.0
1999-07-15,24.87462764622022,25.097607196745834,24.688810026031,24.80030059814453,1505618,0.0,0.0
1999-07-16,25.010894775390625,25.171936728779514,24.874630100840093,25.010894775390625,1310222,0.0,0.0
1999-07-19,24.99850446597825,25.048055831362042,24.713585708722896,24.80030059814453,1210101,0.0,0.0
1999-07-20,24.602095427628768,24.738360081517527,24.527768383488702,24.62687110900879,1275233,0.0,0.0
1999-07-21,24.676428704600262,24.924183987277747,24.664039267079534,24.775529861450195,823948,0.0,0.0
1999-07-22,24.825083689699817,25.295818613930315,24.725980929355742,25.17194175720215,4040063,0.0,0.0
1999-07-23,25.072824708774398,25.072824708774398,24.478211672961983,24.577314376831055,3165317,0.0,0.0
1999-07-26,24.007479841479796,24.428664788775,23.90837712595123,23.982704162597656,1863104,0.0,0.0
1999-07-27,24.32956321797895,24.899400671677277,24.193296977715697,24.837461471557617,3226865,0.0,0.0
1999-07-28,24.78792473084498,25.27104758931122,24.577332919936904,25.209108352661133,1625342,0.0,0.0
1999-07-29,24.775523951512977,24.825075314968874,24.0941974850985,24.13136100769043,1064450,0.0,0.0
1999-07-30,24.180905155055772,24.80029386683546,24.10657972085498,24.577314376831055,1349639,0.0,0.0
1999-08-02,24.874636554706623,25.25865658655926,24.713594559534467,25.035676956176758,1335516,0.0,0.0
1999-08-03,25.02327932971399,25.02327932971399,24.552544561376962,24.713584899902344,1112298,0.0,0.0
1999-08-04,23.78451105369531,24.379124427675915,23.078408668157046,23.511980056762695,9019372,0.0,0.0
1999-08-05,23.734949897501558,24.713582876887845,23.648236611717515,24.639257431030273,8150528,0.0,0.0
1999-08-06,24.626865728765594,24.645446688890537,24.20568083102304,24.577314376831055,3691430,0.0,0.0
1999-08-09,24.67643139683502,25.02328787420499,24.527777254789086,24.92418670654297,2289938,0.0,0.0
1999-08-10,24.92417596082467,24.973725726442005,24.589705879125468,24.8250732421875,2797502,0.0,0.0
1999-08-11,24.67643114288563,25.171941757202145,24.67643114288563,25.17194175720215,2876335,0.0,0.0
1999-08-12,25.15954824077215,25.320590200230704,24.78791613711728,25.295814514160156,2216375,0.0,0.0
1999-08-13,25.518786213550623,25.53117405275988,25.394909415159223,25.48162269592285,2185812,0.0,0.0
1999-08-16,25.46924137716531,25.568344116210938,25.233873965633524,25.568344116210938,2471211,0.0,0.0
1999-08-17,25.655041712724447,25.655041712724447,25.407286610491816,25.555940628051758,1395168,0.0,0.0
1999-08-18,25.506410846559582,25.531186537093006,25.147166521228858,25.19671630859375,1975240,0.0,0.0
1999-08-19,25.122388544878927,25.233877548433302,24.862245411649646,25.184326171875,2548779,0.0,0.0
1999-08-20,25.221491999127174,25.345370451794288,25.159552772793617,25.19671630859375,2093068,0.0,0.0
1999-08-23,25.320589576885197,25.494017781407884,25.30820173415489,25.469242095947266,1027774,0.0,0.0
1999-08-24,25.370147957568292,25.432085594631552,24.87463729884983,24.936574935913086,1494025,0.0,0.0
1999-08-25,24.936567994502525,24.936567994502525,23.573914859189593,23.747343063354492,3093230,0.0,0.0
1999-08-26,23.747340530760766,23.821667579062485,23.288993586969745,23.412870407104492,2758929,0.0,0.0
1999-08-27,23.38809721861832,23.7968944341735,23.326159598796185,23.747343063354492,2919123,0.0,0.0
1999-08-30,23.74733887686748,23.74733887686748,23.31376764603995,23.35093116760254,1702067,0.0,0.0
1999-08-31,23.35094072772267,23.35094072772267,22.397081398200203,22.520959854125977,3653278,0.0,0.0
1999-09-01,22.520956445993352,22.843038788957127,22.35991607136234,22.59528350830078,2284458,0.0,0.0
1999-09-02,22.54572625885311,22.892582605173107,22.161706391062832,22.843032836914062,1463250,0.0,0.0
1999-09-03,23.090784986464826,23.140334748143463,22.793478447887388,22.86780548095703,1082578,0.0,0.0
1999-09-07,22.53334100519279,22.86781114312123,22.53334100519279,22.743932723999023,1872590,0.0,0.0
1999-09-08,22.59527141234785,22.681986271952017,22.372291938495174,22.644821166992188,1849825,0.0,0.0
1999-09-09,22.59528923555929,22.682004163564372,22.38469743267767,22.657228469848633,1062975,0.0,0.0
1999-09-10,22.74391701929687,22.843019686164123,22.310346039153465,22.42183494567871,2156513,0.0,0.0
1999-09-13,22.409471809156518,23.140348356000985,22.35992042463769,23.066022872924805,1920437,0.0,0.0
1999-09-14,23.09080030783222,23.26422857303458,22.595289612652188,22.607677459716797,1405496,0.0,0.0
1999-09-15,22.694375737127867,23.18988610352322,22.632438136604293,22.86780548095703,1421515,0.0,0.0
1999-09-16,22.669602493840976,22.79348089559321,22.508562165264365,22.6324405670166,1865634,0.0,0.0
1999-09-17,22.6324525549866,22.95453338273977,22.6324525549866,22.917369842529297,1082367,0.0,0.0
1999-09-20,22.867812698006645,22.966913846341225,22.681996650390385,22.793485641479492,778419,0.0,0.0
1999-09-21,22.694377703635205,22.73154122339031,22.496173858642578,22.496173858642578,1534495,0.0,0.0
1999-09-22,22.54573398689025,22.54573398689025,21.455610024903688,21.703365325927734,3439334,0.0,0.0
1999-09-23,21.653815673060144,22.00067214039311,21.492773690503796,21.96350860595703,3365139,0.0,0.0
1999-09-24,21.604261942589353,21.97589405910112,21.059200017583823,21.183076858520508,2884344,0.0,0.0
1999-09-27,21.40606884969892,21.67859835611163,21.158313449021655,21.542333602905273,2738061,0.0,0.0
1999-09-28,21.391472784524268,21.81605653560251,21.378984979887797,21.716154098510742,1587401,0.41275,0.0
1999-09-29,21.728636443921058,22.25312089375484,21.678685237925198,22.003366470336914,1575176,0.0,0.0
1999-09-30,22.278100383206034,22.87751014004031,22.153222346431196,22.702682495117188,1900834,0.0,0.0
1999-10-01,22.577806186564395,22.577806186564395,22.15322404215353,22.303077697753906,1889031,0.0,0.0
1999-10-04,22.452922444226584,22.715164649674083,22.34053384564122,22.57779884338379,1862472,0.0,0.0
1999-10-05,22.577804636045233,22.577804636045233,22.17819812834387,22.402976989746094,1863315,0.0,0.0
1999-10-06,22.41546468599081,22.61526954544465,22.21566143309862,22.527854919433594,2481118,0.0,0.0
1999-10-07,22.577800583021467,23.314577660407103,22.415460769640312,22.939945220947266,1701224,0.0,0.0
1999-10-08,23.1772133248071,23.551845788210002,23.127262115478516,23.127262115478516,2643842,0.0,0.0
1999-10-11,23.102288138630072,23.377018202733627,22.902484893798828,22.902484893798828,1940672,0.0,0.0
1999-10-12,22.865025693131788,22.889999695836746,22.303077697753906,22.303077697753906,1300105,0.0,0.0
1999-10-13,22.253113936825233,22.77759822269094,22.015847389082253,22.690183639526367,1888609,0.0,0.0
1999-10-14,22.540333153877,22.702672926701872,22.165700808009106,22.59028434753418,1330668,0.0,0.0
1999-10-15,22.59029810969324,22.59029810969324,20.754601870400304,21.004356384277344,3428163,0.0,0.0
1999-10-18,21.129233741434504,21.416451685659016,20.654700305432964,21.37898826599121,2717616,0.0,0.0
1999-10-19,21.578790756480227,22.42795508102459,21.56630295132153,22.040836334228516,2391114,0.0,0.0
1999-10-20,22.015854620720575,22.402973260200408,21.990879017326858,22.165706634521484,1343526,0.0,0.0
1999-10-21,22.37799908141414,23.27711604114253,22.09078283722468,23.239652633666992,2472687,0.0,0.0
1999-10-22,23.21467015215429,23.47691232024154,23.10227996301932,23.277109146118164,2208576,0.0,0.0
1999-10-25,23.15223576913419,23.60179340208486,23.01487156161756,23.189699172973633,2023299,0.0,0.0
1999-10-26,23.17722173796813,23.28961199975428,22.77761513140815,23.052345275878906,1446599,0.0,0.0
1999-10-27,23.064824710379263,23.30209134812856,22.927458884725656,23.127262115478516,1491284,0.0,0.0
1999-10-28,23.37701911368944,23.75165161808809,23.13975244997623,23.28960609436035,1916643,0.0,0.0
1999-10-29,23.689210941001615,23.689210941001615,23.37701747695448,23.626771926879883,1950368,0.0,0.0
1999-11-01,23.62676743313074,23.764133238071942,23.35203742980957,23.35203742980957,1756027,0.0,0.0
1999-11-02,23.352050000691506,24.8505788284778,23.352050000691506,24.25116729736328,2661337,0.0,0.0
1999-11-03,24.575835088316698,24.66324808362199,24.28861728874511,24.488420486450195,2074097,0.0,0.0
1999-11-04,24.488426939669466,24.85057163627371,24.450963528997136,24.525890350341797,1459035,0.0,0.0
1999-11-05,24.775643360473648,24.91300758497993,23.576820715582492,23.626771926879883,2281296,0.0,0.0
1999-11-08,23.589307517816486,23.664232719920104,23.277114088273784,23.30208969116211,2083161,0.0,0.0
1999-11-09,23.38951247699696,24.326093157334856,23.327073443662027,24.1013126373291,2738694,0.0,0.0
1999-11-10,23.976432151461893,24.50091673028776,23.75165327575963,24.351064682006836,2733213,0.0,0.0
1999-11-11,24.351051769782362,24.42597695091262,23.676713893683665,23.801591873168945,1747596,0.0,0.0
1999-11-12,23.814102341530077,24.013905692353266,23.576833954634647,23.689224243164062,1163729,0.0,0.0
1999-11-15,23.689208731057025,24.513398820891375,23.52686891604659,24.40100860595703,2492289,0.0,0.0
1999-11-16,24.401004588779227,25.64977651632203,24.338567197322927,25.237682342529297,3180704,0.0,0.0
1999-11-17,25.07534428414848,25.262659684562177,24.4010062721612,24.475933074951172,2552573,0.0,0.0
1999-11-18,24.475941824833885,24.725696316857068,24.2511629426692,24.500917434692383,1433741,0.0,0.0
1999-11-19,24.550864000151332,24.588327407836914,24.338572963161212,24.588327407836914,982035,0.0,0.0
1999-11-22,24.176238123432984,24.450968248159445,24.176238123432984,24.376041412353516,1912006,0.0,0.0
1999-11-23,24.376028346516648,24.750660718177002,24.313590956707486,24.725685119628906,1991471,0.0,0.0
1999-11-24,24.725694209525244,24.900521857072647,24.725694209525244,24.800621032714844,1503088,0.0,0.0
1999-11-26,24.80061545666669,24.80061545666669,24.32608222961426,24.326082229614258,381305,0.0,0.0
1999-11-29,24.376026227537174,24.47592861304516,23.164717836057555,23.426959991455078,2278767,0.0,0.0
1999-11-30,23.277116377689104,24.063843126365587,22.977410720113085,23.401992797851562,2692532,0.0,0.0
1999-12-01,23.189700800682704,23.926476308222817,23.07731058127558,23.789112091064453,1738532,0.0,0.0
1999-12-02,23.739163848707225,24.126282550802532,23.726676044990494,23.904626846313477,1595411,0.0,0.0
1999-12-03,24.17623519897461,24.650768555220065,24.063846565422658,24.17623519897461,1166258,0.0,0.0
1999-12-06,24.151259647591335,24.663256418427657,23.976431991337538,24.11379623413086,1498451,0.0,0.0
1999-12-07,23.776619445287857,24.026373830974983,23.352035865026952,23.576814651489258,1526063,0.0,0.0
1999-12-08,23.476914165480594,23.976422943329947,23.07730617926443,23.864032745361328,1966388,0.0,0.0
1999-12-09,23.83906626647945,24.201209360959588,23.739163836795743,23.98891830444336,1467466,0.0,0.0
1999-12-10,24.03887017586426,24.301112454385024,24.01389456776117,24.201210021972656,1377884,0.0,0.0
1999-12-13,24.00141112164814,24.61330881159111,23.98892331532918,24.391653060913086,1457559,0.0,0.0
1999-12-14,24.575839647477988,25.362564783980172,24.351060807540005,24.638277053833008,2083583,0.0,0.0
1999-12-15,24.725694169722892,25.624811226865756,24.725694169722892,25.5623722076416,1987255,0.0,0.0
1999-12-16,25.175253357394546,25.175253357394546,23.701702057478737,24.351064682006836,4797615,0.0,0.0
1999-12-17,24.538369737079268,25.012902896370928,24.3635405472426,24.725685119628906,3874178,0.0,0.0
1999-12-20,24.675745952897614,24.675745952897614,24.15126134080356,24.413503646850586,1750968,0.0,0.0
1999-12-21,23.976434104247325,25.175255407819215,23.876531659548878,24.813112258911133,3203679,0.0,0.0
1999-12-22,24.775636982386832,25.062854766845703,24.17622581424996,25.062854766845703,2718669,0.0,0.0
1999-12-23,25.062861764960758,25.250177204845798,24.788131703400637,24.90052032470703,988780,0.0,0.0
1999-12-27,25.025396367611112,26.07436531813395,24.92549395077601,25.849586486816406,2374251,0.0,0.0
1999-12-28,25.649778893009042,26.773674535217356,25.63729109224845,26.286653518676758,11792002,0.0,0.0
1999-12-29,26.71306360065973,27.391890768160717,26.499359350615464,27.002193450927734,1662018,0.41275,0.0
1999-12-30,27.00218994099128,27.228463477737208,26.323362861729056,26.398788452148438,1241507,0.0,0.0
1999-12-31,26.298231437193238,27.0524827426306,26.298231437193238,26.876489639282227,874746,0.0,0.0
2000-01-03,26.926767233603208,27.10275867950228,26.562211791466257,26.675350189208984,1296100,0.0,0.0
2000-01-04,26.147361239447985,26.44906186623207,25.946228027343754,25.94622802734375,2073676,0.0,0.0
2000-01-05,25.983959078718502,26.788494110107422,25.883391593323655,26.788494110107422,3653278,0.0,0.0
2000-01-06,26.750779354736007,28.460415161133607,26.650211876665825,27.542741775512695,4885511,0.0,0.0
2000-01-07,27.957571775301954,28.347269006911638,27.756436885564845,28.158706665039062,3469265,0.0,0.0
2000-01-10,28.00785369104615,28.146132301564574,27.4044522952701,27.442163467407227,1707336,0.0,0.0
2000-01-11,27.052465692230616,27.341595419673187,27.03989476420026,27.17817497253418,1343315,0.0,0.0
2000-01-12,27.178172453750346,27.856996035455936,27.0524631850971,27.706148147583008,3209160,0.0,0.0
2000-01-13,27.454734423786174,28.020421380138565,27.454734423786174,27.756433486938477,2186655,0.0,0.0
2000-01-14,27.75643614529032,28.146133366506632,27.567873808446773,27.957571029663086,2217851,0.0,0.0
2000-01-18,27.756451458945637,27.806735207781138,26.13481187979851,26.210237503051758,2656067,0.0,0.0
2000-01-19,26.398777464645594,26.78847456902613,25.795377844201365,25.98394012451172,2812046,0.0,0.0
2000-01-20,26.034234436227752,26.034234436227752,24.73943810190764,25.301982879638672,2608852,0.0,0.0
2000-01-21,24.840001094181122,25.028563441388194,24.035466364239998,24.56344223022461,3664028,0.0,0.0
2000-01-24,24.94056429288172,25.443398211272342,24.299450157443022,25.405685424804688,2639626,0.0,0.0
2000-01-25,25.405695256399017,25.46854992483552,24.08575530551423,24.55087661743164,2975824,0.0,0.0
2000-01-26,24.53830456669645,25.0285677236704,24.03547047660746,24.387454986572266,2580396,0.0,0.0
2000-01-27,24.739435422719062,25.041136150542954,23.733765790887404,23.947471618652344,3089435,0.0,0.0
2000-01-28,23.985190058290655,24.02290124304745,22.992092740968776,23.080087661743164,3281247,0.0,0.0
2000-01-31,23.130359596776096,23.469773024471557,22.803517096671417,23.43206024169922,2186023,0.0,0.0
2000-02-01,23.381789615071817,24.27431950442731,23.281222138071094,24.110898971557617,2265909,0.0,0.0
2000-02-02,23.934895007392658,24.035460814630394,22.7909470228031,23.155502319335938,2853992,0.0,0.0
2000-02-03,23.25607881488536,23.331504417920407,22.790957497348675,23.13037109375,2287620,0.0,0.0
2000-02-04,23.33150213694023,23.35664400216061,22.426401458031435,22.564680099487305,1822423,0.0,0.0
2000-02-07,22.728096416120717,22.77838013729141,22.300688020681662,22.4263973236084,2215321,0.0,0.0
2000-02-08,22.82866038908724,22.82866038908724,22.275542774781236,22.43896484375,1770782,0.0,0.0
2000-02-09,22.526968054060426,22.715532049511335,21.722434809161633,21.785287857055664,2501353,0.0,0.0
2000-02-10,21.835572173544865,21.873284973644328,21.244741539832603,21.30759620666504,2352962,0.0,0.0
2000-02-11,21.28245313480309,21.672150429841082,20.91789932233063,21.269882202148438,2152508,0.0,0.0
2000-02-14,21.219592882919716,21.722426783838245,20.817324791831492,21.282445907592773,3123371,0.0,0.0
2000-02-15,21.307590269747685,22.112124929267043,21.219595377956544,21.910991668701172,3978515,0.0,0.0
2000-02-16,21.89842348706364,22.024131184222526,21.44587318968193,21.57158088684082,1846874,0.0,0.0
2000-02-17,21.722434896114795,21.873284475823088,21.269882922477354,21.65958023071289,1702277,0.0,0.0
2000-02-18,21.659581023356843,21.659581023356843,20.716767476850613,21.068750381469727,2098127,0.0,0.0
2000-02-22,21.06874599561463,23.142936659951676,21.06874599561463,22.954374313354492,2638151,0.0,0.0
2000-02-23,22.75322942154509,22.929222377149124,22.124688003296566,22.275537490844727,2194032,0.0,0.0
2000-02-24,22.12470152017443,22.137272453254813,20.829903499176574,21.65958023071289,1744645,0.0,0.0
2000-02-25,21.659572141909507,21.659572141909507,21.119025455833743,21.282445907592773,1538710,0.0,0.0
2000-02-28,20.94304296545526,22.200128251350936,20.716767775719674,21.63443946838379,2441912,0.0,0.0
2000-02-29,21.634441363830224,22.02413710883472,21.09389440094798,21.8230037689209,1957746,0.0,0.0
2000-03-01,21.848140449744147,21.87328231341937,20.5910553522635,20.79218864440918,2018029,0.0,0.0
2000-03-02,20.515626547504564,20.61619398645177,19.836801186378533,20.012792587280273,2689582,0.0,0.0
2000-03-03,20.716762506462167,22.66524379969496,20.51562761807193,22.074413299560547,4051446,0.0,0.0
2000-03-06,22.27555213086687,22.41383240115112,20.57848740726377,20.955612182617188,2974138,0.0,0.0
2000-03-07,20.314510476755416,20.641353312648363,19.170562977015965,19.308841705322266,4333051,0.0,0.0
2000-03-08,19.572825535618797,20.100801686271858,18.504302296570607,19.73624610900879,4716674,0.0,0.0
2000-03-09,19.208258196588314,19.560242620579157,18.906557492775576,19.28368377685547,2718459,0.0,0.0
2000-03-10,19.346542005723354,20.037938434296343,19.10769590795246,19.711095809936523,2065666,0.0,0.0
2000-03-13,19.145417361820527,20.364790266764217,19.120275485712728,20.06308937072754,2117308,0.0,0.0
2000-03-14,20.088223378204486,20.13850711072376,19.509963688745373,19.56024742126465,1959221,0.0,0.0
2000-03-15,19.660813320912716,21.420732498168945,19.660813320912716,21.420732498168945,3358604,0.0,0.0
2000-03-16,21.37045376729777,22.564684512544765,20.56591877466844,22.514402389526367,4397339,0.0,0.0
2000-03-17,22.514397124360688,22.514397124360688,21.119031744330933,21.420732498168945,2913432,0.0,0.0
2000-03-20,21.72242927551269,22.124695795487284,21.42072857690382,21.722429275512695,1840129,0.0,0.0
2000-03-21,21.33273683674218,22.225268202253893,21.320165904104428,22.01156234741211,1826217,0.0,0.0
2000-03-22,22.011565502360334,22.011565502360334,21.005897216221246,21.056180953979492,1880178,0.0,0.0
2000-03-23,21.01846487192549,21.772715968871847,21.01846487192549,21.320165634155273,2202253,0.0,0.0
2000-03-24,21.320161365809952,22.14983789152466,21.119028103676172,21.797853469848633,2016132,0.0,0.0
2000-03-27,21.320163840607744,22.41382840521568,21.320163840607744,21.93613624572754,2250944,0.0,0.0
2000-03-28,21.785290964451463,22.92923956433167,21.785290964451463,21.8230037689209,2422942,0.0,0.0
2000-03-29,21.82199073733391,22.44294074556261,21.606559035281943,22.17681884765625,2024142,0.41275,0.0
2000-03-30,22.151466121630587,24.052334629049618,22.113448490629644,23.621471405029297,3723468,0.0,0.0
2000-03-31,23.72285363476987,24.153718552882204,23.076558703094527,23.11457633972168,2943363,0.0,0.0
2000-04-03,23.722854192172086,24.305788040161133,23.621475455779734,24.305788040161133,2226282,0.0,0.0
2000-04-04,24.128374464990053,25.44631110455053,23.5200955143225,24.090356826782227,3714194,0.0,0.0
2000-04-05,24.090353853519428,24.521217106039423,22.899142821672523,23.456729888916016,1984515,0.0,0.0
2000-04-06,23.4567362057143,24.153723080539354,23.26664961727523,23.925617218017578,2050068,0.0,0.0
2000-04-07,23.925616989222245,24.11570520617262,23.21595920359469,23.418718338012695,2305958,0.0,0.0
2000-04-10,23.317340866865642,23.887602288384965,23.16527028495161,23.48208236694336,1397276,0.0,0.0
2000-04-11,23.1145723016442,24.103024159954277,23.1145723016442,23.862247467041016,2657753,0.0,0.0
2000-04-12,23.86225418930192,25.142173274406677,23.72285617341831,24.29311752319336,3393383,0.0,0.0
2000-04-13,24.3311296226349,24.356474710659743,23.22862481486852,23.380695343017578,3647376,0.0,0.0
2000-04-14,23.01319944619431,23.190613480216218,21.479830986278262,21.72060775756836,2762512,0.0,0.0
2000-04-17,21.593888476294065,22.354236593191914,21.492508075242608,21.834665298461914,1803874,0.0,0.0
2000-04-18,21.555861715743227,21.72060316749778,20.275942845047656,21.08698081970215,2632460,0.0,0.0
2000-04-19,21.44180914143555,21.682585865534673,20.64344369931886,20.681461334228516,2201831,0.0,0.0
2000-04-20,20.478704610011274,21.391123062227088,20.478704610011274,21.36577796936035,2349168,0.0,0.0
2000-04-24,21.46715828687041,22.303541521903146,21.429140644778606,22.10078239440918,2004961,0.0,0.0
2000-04-25,22.100778885955787,22.63302253009048,21.821984518536244,21.898019790649414,2456035,0.0,0.0
2000-04-26,21.59388345003554,21.872677857704645,21.28974394800297,21.40379524230957,2430530,0.0,0.0
2000-04-27,21.403795550050734,22.544318291488914,21.403795550050734,22.10078239440918,3515637,0.0,0.0
2000-04-28,22.10077924877077,23.456731841742993,22.10077924877077,22.911815643310547,3470741,0.0,0.0
2000-05-01,22.949839857734617,23.58346238135317,22.82311437481343,23.520099639892578,2171057,0.0,0.0
2000-05-02,23.520097053371103,24.36915280458442,23.266647745729852,24.29311752319336,3169111,0.0,0.0
2000-05-03,24.115702108674963,24.128374654843952,23.165266036987305,23.165266036987305,1952898,0.0,0.0
2000-05-04,23.46940565154502,23.862252954745216,23.26664654198792,23.561281204223633,1775419,0.0,0.0
2000-05-05,23.608809308979474,24.052345272944947,23.583464210429533,23.969974517822266,1292728,0.0,0.0
2000-05-08,23.621477334722684,23.849581547660765,23.203286549391017,23.4313907623291,1490652,0.0,0.0
2000-05-09,23.406043345907957,24.05233828004191,23.406043345907957,23.688005447387695,1677827,0.0,0.0
2000-05-10,23.520095082482367,23.710181639702583,23.139921968041932,23.228628158569336,1181013,0.0,0.0
2000-05-11,23.342678787693792,24.00164621574978,22.9244880766514,23.811559677124023,3058661,0.0,0.0
2000-05-12,23.5200984591234,23.659496483338565,23.152597837759682,23.361692428588867,1532176,0.0,0.0
2000-05-15,23.41871167048567,24.229749607576643,23.36802312405947,24.06500816345215,1342472,0.0,0.0
2000-05-16,23.92561316349779,23.950958255038472,23.025868935118734,23.241300582885742,1834649,0.0,0.0
2000-05-17,23.29199631090488,23.304668859692075,22.506303177086473,22.734407424926758,2629087,0.0,0.0
2000-05-18,22.759745346760074,22.975176977891422,22.24017427095501,22.886470794677734,1577494,0.0,0.0
2000-05-19,22.202162307547457,23.025873038421825,22.202162307547457,22.873804092407227,2618759,0.0,0.0
2000-05-22,23.114574312258622,23.54543756224961,22.89914268726313,23.127246856689453,1587823,0.0,0.0
2000-05-23,23.177939121587784,23.507422045802084,22.785091839184734,23.27931785583496,1485593,0.0,0.0
2000-05-24,23.279329360164827,23.63415918120399,22.63303410758907,22.75975799560547,1463883,0.0,0.0
2000-05-25,22.40492852195581,22.480962198280015,21.099663909381533,21.34044075012207,2483858,0.0,0.0
2000-05-26,21.49250281196583,21.695261934085913,20.808190163437192,20.896896362304688,2571754,0.0,0.0
2000-05-30,21.074307993608926,21.89801850204347,20.80818618720172,21.631895065307617,2094754,0.0,0.0
2000-05-31,21.63189814743096,22.06276309511211,21.467156674403068,21.70793342590332,1886923,0.0,0.0
2000-06-01,21.695260959106076,21.695260959106076,21.1503447220456,21.530519485473633,1335938,0.0,0.0
2000-06-02,21.745955052287446,22.189490997374637,21.289746558464664,21.885353088378906,1994000,0.0,0.0
2000-06-05,21.89803070302042,22.100789899367093,21.644581300004692,21.92337417602539,1346477,0.0,0.0
2000-06-06,21.923367862933688,21.923367862933688,21.302417901036254,21.454486846923828,1487912,0.0,0.0
2000-06-07,21.46715819340975,21.720607509256023,21.18836378294595,21.213708877563477,1232865,0.0,0.0
2000-06-08,21.188360520563194,21.302413428781282,20.833532511208862,20.9856014251709,2059975,0.0,0.0
2000-06-09,21.036296968753813,21.315091407356213,20.960261677227024,21.023624420166016,1476951,0.0,0.0
2000-06-12,20.884228559648488,21.644576603720854,20.820865815060156,21.3277645111084,1307272,0.0,0.0
2000-06-13,21.860011439535256,21.860011439535256,20.985610329822073,21.048973083496094,1604685,0.0,0.0
2000-06-14,21.074313858220773,21.885352047746547,20.99827856942267,21.79664421081543,2327668,0.0,0.0
2000-06-15,21.593875365793817,22.252842681554952,21.58120282335639,21.999393463134766,2043745,0.0,0.0
2000-06-16,21.999394293329498,22.303533692976753,21.695254893682243,21.910686492919922,2851673,0.0,0.0
2000-06-19,21.745948590384103,22.012070404422996,20.529392424918587,20.681461334228516,2343828,0.0,3.0
2000-06-20,20.377330371687503,20.529399332161972,19.731033621430203,20.22525978088379,3073135,0.0,0.0
2000-06-21,19.769055462219963,20.529403686523438,19.769055462219963,20.529403686523438,1727993,0.0,0.0
2000-06-22,20.2252609115147,20.491382829968682,19.959138993060716,20.111207962036133,2436502,0.0,0.0
2000-06-23,20.073188578613305,20.187239878649468,19.502927187445287,19.73103141784668,2193681,0.0,0.0
2000-06-26,19.464909198124463,19.61697813891364,18.362404078833567,18.704561233520508,2130798,0.0,0.0
2000-06-27,18.818611903074345,19.95913289791982,18.7425766266417,19.616975784301758,2732792,0.0,0.0
2000-06-28,19.257900135149963,20.025148777945663,18.79755226557003,19.35380744934082,2177451,0.41275,0.0
2000-06-29,19.334629627454387,19.794977599391395,18.644107669548877,19.21954345703125,1437605,0.0,0.0
2000-06-30,18.720825913669497,19.18117539988113,18.452291043968536,18.529014587402344,1905893,0.0,0.0
2000-07-03,18.797556693470373,19.718254294629073,18.797556693470373,19.641529083251953,1031428,0.0,0.0
2000-07-05,19.794981550065916,20.29369222671719,19.794981550065916,20.178606033325195,2029130,0.0,0.0
2000-07-06,20.485507912620488,20.485507912620488,18.912650455697758,19.02773666381836,1505477,0.0,0.0
2000-07-07,19.027733460245667,19.142821294112462,18.413936614990234,18.413936614990234,2222769,0.0,0.0
2000-07-10,18.720837552567172,19.296273534243642,18.644113961433682,19.008556365966797,1810549,0.0,0.0
2000-07-11,18.874285957081185,20.562231099039412,18.874285957081185,20.50468635559082,2427860,0.0,0.0
2000-07-12,20.33205718120131,20.792406943155502,19.91007168162627,20.08270263671875,2492641,0.0,0.0
2000-07-13,20.255333604078,20.71568172118824,19.986796928243233,20.54305076599121,1526555,0.0,0.0
2000-07-14,20.562231419222478,20.600592388622072,19.066097678469028,19.48808479309082,1891630,0.0,0.0
2000-07-17,19.372998770499915,19.372998770499915,18.874288025079714,19.008556365966797,1785396,0.0,0.0
2000-07-18,19.219544367753294,19.219544367753294,18.720832121880687,18.931825637817383,1656186,0.0,0.0
2000-07-19,18.989372392384208,19.104458580512187,18.797559336966785,18.893465042114258,928566,0.0,0.0
2000-07-20,18.951016270537156,19.027739873853466,18.030318224634094,18.2604923248291,1945731,0.0,0.0
2000-07-21,18.26048616983451,18.79755943763457,18.26048616983451,18.413936614990234,1984093,0.0,0.0
2000-07-24,18.529014018908722,18.529014018908722,17.83849227845999,18.126209259033203,1902169,0.0,0.0
2000-07-25,18.413941641587737,18.567390483509104,17.99195609246178,18.10704231262207,1503440,0.0,0.0
2000-07-26,18.030312649938033,18.14540048701366,17.186341758540213,17.263065338134766,2433200,0.0,0.0
2000-07-27,17.800138620909305,17.876863845626392,17.109616533823125,17.263065338134766,2677707,0.0,0.0
2000-07-28,17.301421289687568,17.80013176810699,17.071247349272596,17.53159523010254,2181737,0.0,0.0
2000-07-31,17.685049159220874,18.145397132165982,17.569961343423483,17.646686553955078,1776613,0.0,0.0
2000-08-01,17.761783599682328,17.80014622843651,17.186349103739328,17.339797973632812,1606723,0.0,0.0
2000-08-02,17.301424228597643,17.531598208111166,17.109612853190068,17.224699020385742,1632579,0.0,0.0
2000-08-03,17.339797070738804,17.646696439668574,17.032897701809038,17.109622955322266,1459878,0.0,0.0
2000-08-04,17.339789446982074,17.416514666761653,16.879441418549458,17.071252822875977,1478216,0.0,0.0
2000-08-07,17.07125467025797,17.60832797659006,16.9945294421755,17.569965362548828,2017537,0.0,0.0
2000-08-08,17.60832394868928,17.685049159220874,17.301424751685133,17.646686553955078,1672276,0.0,0.0
2000-08-09,17.800137934374863,18.183762398041733,17.6466891359816,17.99195098876953,3565803,0.0,0.0
2000-08-10,17.991950738462172,18.03031170368495,17.416514873528673,17.49323844909668,2046063,0.0,0.0
2000-08-11,17.6466949846799,17.953592683182475,17.493244490305596,17.915231704711914,1257457,0.0,0.0
2000-08-14,17.953580513343002,17.953580513343002,17.49323263251306,17.53159523010254,1395519,0.0,0.0
2000-08-15,17.569965362548828,17.87686462975611,17.263066095341546,17.569965362548828,3386428,0.0,0.0
2000-08-16,17.608321834342753,17.91522099449551,17.03288611469659,17.186336517333984,2806285,0.0,0.0
2000-08-17,17.032898588722606,17.454884214772118,17.032898588722606,17.339797973632812,2249890,0.0,0.0
2000-08-18,17.147978150215472,17.41651477600595,16.91780248943297,17.03289031982422,2059483,0.0,0.0
2000-08-21,17.147981757719275,17.147981757719275,16.48622947271782,16.64927101135254,2164382,0.0,0.0
2000-08-22,16.802719839033543,16.802719839033543,16.457457920347807,16.64927101135254,3116486,0.0,0.0
2000-08-23,16.649272458412742,16.72599605636023,16.265647888183594,16.265647888183594,1914957,0.0,0.0
2000-08-24,16.495821972271912,16.495821972271912,15.958748561024862,16.265647888183594,3140796,0.0,0.0
2000-08-25,16.419098374324424,16.419098374324424,16.227285266648387,16.265647888183594,2033276,0.0,0.0
2000-08-28,16.57253675128871,16.649261945914123,16.342362812534354,16.457448959350586,2130236,0.0,0.0
2000-08-29,16.304010509718804,16.457459350736706,16.265647888183594,16.265647888183594,2390552,0.0,0.0
2000-08-30,16.265641032587908,16.342366243320402,15.958741834780167,16.073829650878906,2282420,0.0,0.0
2000-08-31,15.997105167646975,16.419092200744167,15.997105167646975,16.083419799804688,2126793,0.0,0.0
2000-09-01,16.03547477722168,16.112200024948233,15.651851828834975,16.03547477722168,2210403,0.0,0.0
2000-09-05,15.997100288302887,16.80270985654167,15.920375097483438,16.6876220703125,3083252,0.0,0.0
2000-09-06,16.687631154094237,17.186343520769025,16.687631154094237,16.841081619262695,3295791,0.0,0.0
2000-09-07,16.11219455550974,16.150555521227993,15.268222052381285,15.690207481384277,5987340,0.0,0.0
2000-09-08,15.651842509185958,15.72856606610562,15.30658074512031,15.498392105102539,3690516,0.0,0.0
2000-09-11,15.613481802559741,15.843655791489995,15.498393985533493,15.76693058013916,2140775,0.0,0.0
2000-09-12,15.76693522670859,15.76693522670859,15.42167331900223,15.57512378692627,2581872,0.0,0.0
2000-09-13,15.651842509185958,15.843653869168184,15.498392105102537,15.498392105102539,2206750,0.0,0.0
2000-09-14,15.57512039452311,15.728569183901874,15.383307351396686,15.421669960021973,1874627,0.0,0.0
2000-09-15,15.306586358378143,15.38330994343401,14.999687082786716,15.038049697875977,2430390,0.0,0.0
2000-09-18,15.038047897973227,15.19149669484134,14.76951126961219,14.999685287475586,1689701,0.0,0.0
2000-09-19,15.038048709855588,15.114773934993154,14.616061616721515,14.80787467956543,2074800,0.0,0.0
2000-09-20,14.846231746129812,14.884592699245815,14.692781353178082,14.731143951416016,2180332,0.0,0.0
2000-09-21,14.769510954637592,15.153133761187961,14.731148344958072,15.11477279663086,1993930,0.0,0.0
2000-09-22,15.03803930031509,15.383299307154374,14.961314123185687,15.306575775146484,2427439,0.0,0.0
2000-09-25,15.383312121235546,15.421674741755767,14.922963965238663,15.191500663757324,1392217,0.0,0.0
2000-09-26,15.268222257034571,15.421671057331794,15.07641084538242,15.172316551208496,3343217,0.0,0.0
2000-09-27,15.294198181326234,15.449468544401796,14.828383762796665,15.10010814666748,2037562,0.41275,0.0
2000-09-28,14.944843111677349,15.177749571651443,14.828389049364285,15.061295509338379,2393784,0.0,0.0
2000-09-29,15.06129611314434,15.837653230384786,15.06129611314434,15.488292694091797,2484139,0.0,0.0
2000-10-02,15.760017185730321,15.760017185730321,15.333020604782867,15.488292694091797,1271509,0.0,0.0
2000-10-03,15.488296258245027,16.730464935302734,15.216571704077483,16.730464935302734,4675291,0.0,0.0
2000-10-04,16.614013878404997,17.506822012516388,16.49755977500649,16.9245548248291,4632362,0.0,0.0
2000-10-05,16.88573279625742,17.157457308595,16.264649385665976,16.6528263092041,2373549,0.0,0.0
2000-10-06,16.885718839116972,17.235079113254166,16.303453935089443,16.381088256835938,2763145,0.0,0.0
2000-10-09,16.536362881783415,16.924539546725402,16.303456549888,16.45872688293457,1421797,0.0,0.0
2000-10-10,16.49755743975922,16.769281977906875,16.070562450378215,16.109378814697266,1357016,0.0,0.0
2000-10-11,15.992917345677345,16.26464173011791,15.64355694721049,15.682374954223633,2465731,0.0,0.0
2000-10-12,16.07055782501339,16.07055782501339,15.022478003048429,15.25538444519043,2086323,0.0,0.0
2000-10-13,14.55666381558479,15.488291271938953,14.440211423947986,14.944842338562012,3974791,0.0,0.0
2000-10-16,14.789573246564958,15.488294395925514,14.595484778254708,14.711938858032227,2953551,0.0,0.0
2000-10-17,14.750760038888325,15.061300988729071,14.401399389501687,14.517851829528809,1756097,0.0,0.0
2000-10-18,14.362581354608436,14.789576409128939,14.28494528482193,14.517851829528809,1938424,0.0,0.0
2000-10-19,14.517847732032607,14.75075587565647,14.284941253060914,14.595483779907227,2269633,0.0,0.0
2000-10-20,14.595481834347707,15.100112748961731,14.40139340518507,14.944842338562012,2463834,0.0,0.0
2000-10-23,14.944841294781572,15.294201774595775,14.673116847070931,15.17774772644043,2297597,0.0,0.0
2000-10-24,15.216572172885376,17.700909603540826,15.216572172885376,16.536376953125,5129948,0.0,0.0
2000-10-25,16.575193497702088,16.691645919964007,15.837655941201998,16.109378814697266,2072903,0.0,0.0
2000-10-26,16.808105715476398,17.04101230375553,16.187020370296747,16.575199127197266,3649484,0.0,0.0
2000-10-27,16.76927404918927,17.040998458862305,16.225825229843206,17.040998458862305,2276519,0.0,0.0
2000-10-30,17.118641630249403,19.253619996367927,17.041007233689562,18.981895446777344,5002917,0.0,0.0
2000-10-31,19.098346038439004,19.331252514738637,18.321990562556188,19.020709991455078,3678572,0.0,0.0
2000-11-01,18.981895446777344,19.175985599808083,18.787806958399056,18.981895446777344,2169301,0.0,0.0
2000-11-02,19.137169163955797,19.137169163955797,18.71017245635779,18.943078994750977,2386266,0.0,0.0
2000-11-03,19.098344237739113,19.641793186082857,18.86543778339922,19.525339126586914,2337505,0.0,0.0
2000-11-06,19.48652607265257,19.797068645794315,19.25361955895936,19.408891677856445,2118362,0.0,0.0
2000-11-07,19.4088851763802,19.719427645498225,19.33124914293773,19.56415557861328,1926128,0.0,0.0
2000-11-08,19.56415353175372,20.340508790998275,19.21479474711727,20.029966354370117,2011425,0.0,0.0
2000-11-09,19.253612332067757,19.719426849261943,19.02070590579656,19.447702407836914,2483015,0.0,0.0
2000-11-10,19.2536159016556,19.564158415808514,19.020709432203937,19.175981521606445,1415754,0.0,0.0
2000-11-13,19.02070590579656,20.146421686650505,18.9430698754889,19.447702407836914,1885026,0.0,0.0
2000-11-14,19.87470318480332,19.87470318480332,19.175983697176612,19.48652458190918,2193189,0.0,0.0
2000-11-15,19.40889443385153,19.99116163309066,19.370076398615232,19.79707145690918,1998356,0.0,0.0
2000-11-16,19.641798792165265,19.95234137480292,18.787807106074826,19.253620147705078,2656770,0.0,0.0
2000-11-17,19.253617520566966,19.991156677939546,19.253617520566966,19.641796112060547,1737689,0.0,0.0
2000-11-20,19.641793186082857,19.641793186082857,19.25361465241504,19.525339126586914,1581499,0.0,0.0
2000-11-21,19.525344699431468,19.719434853987796,19.059531657801216,19.253620147705078,1624147,0.0,0.0
2000-11-22,19.25362388416769,19.3312599610567,18.904264867472733,19.214807510375977,1482713,0.0,0.0
2000-11-24,19.175989471931473,19.40889603794571,18.943081241264448,19.214807510375977,420300,0.0,0.0
2000-11-27,19.09834583355498,19.09834583355498,18.47726079365077,18.748985290527344,1899640,0.0,0.0
2000-11-28,18.78781280314701,18.90426693119346,18.321999620267146,18.477270126342773,2097986,0.0,0.0
2000-11-29,18.632536077328282,19.48652607265257,18.51608198815547,19.408891677856445,1776051,0.0,0.0
2000-11-30,19.40889211879252,19.447710149398667,18.360811951036332,18.981895446777344,1966739,0.0,0.0
2000-12-01,19.292438433617868,20.340518623465364,19.253620402193516,20.301700592041016,2011425,0.0,0.0
2000-12-04,20.224058747523404,22.3978527250427,20.185240730391506,22.242582321166992,4949448,0.0,0.0
2000-12-05,22.242589281525632,23.096580931710754,21.69914020092168,22.669584274291992,4719204,0.0,0.0
2000-12-06,22.359036219233975,22.41726241220659,21.427408808412796,21.737951278686523,3057326,0.0,0.0
2000-12-07,20.883965945770118,21.69913954191924,20.573423385620117,20.573423385620117,2854062,0.0,0.0
2000-12-08,20.845151293846715,21.233329973068514,20.495792313664978,21.000423431396484,1804156,0.0,0.0
2000-12-11,21.15568599029907,21.15568599029907,20.418148606796148,20.72869110107422,1573349,0.0,0.0
2000-12-12,20.845143496021,21.69913493912269,20.612237041475446,20.72869110107422,2218905,0.0,0.0
2000-12-13,20.65105917943215,20.65105917943215,20.06879209463062,20.262882232666016,2732932,0.0,0.0
2000-12-14,20.340508790998275,20.456962828978217,19.641789557073682,20.029966354370117,2109017,0.0,0.0
2000-12-15,19.020709991455078,19.525340967546303,18.943073944471152,19.020709991455078,2741223,0.0,0.0
2000-12-18,19.25361640114293,20.02997187433979,19.25361640114293,19.75824737548828,1716189,0.0,0.0
2000-12-19,19.91352543475751,21.50505488131084,19.719436924474884,21.039241790771484,2785628,0.0,0.0
2000-12-20,21.19450850592012,21.19450850592012,20.379334909770996,20.573423385620117,1935051,0.0,0.0
2000-12-21,20.301686184615917,21.932032359521745,20.301686184615917,21.776762008666992,2756962,0.0,0.0
2000-12-22,21.776770554424132,23.6012058000159,21.582682123527636,23.135391235351562,3562220,0.0,0.0
2000-12-26,23.44594264469144,23.44594264469144,22.708404994932213,23.01894760131836,1946153,0.0,0.0
2000-12-27,22.53537154348112,23.904706954956055,22.41799907392488,23.904706954956055,2072060,0.41275,0.0
2000-12-28,23.317857498527463,24.022089248298702,22.84837078386723,23.669973373413086,1508147,0.0,0.0
2000-12-29,23.826459577881092,23.826459577881092,22.7701140958842,22.92660903930664,1380202,0.0,0.0
2001-01-02,21.94851361670401,22.848362549195627,21.439902912831283,21.792016983032227,1825374,0.0,0.0
2001-01-03,22.1832586547929,22.45712610773283,21.283407972910165,22.026762008666992,2647355,0.0,0.0
2001-01-04,22.06587722178256,23.356967317621514,21.909382316900736,23.043975830078125,2345093,0.0,0.0
2001-01-05,21.752891540527344,22.26150049736774,21.205156752816073,21.752891540527344,1857764,0.0,0.0
2001-01-08,21.596396681274722,22.18325566971571,21.557272525007964,21.98763656616211,1773733,0.0,0.0
2001-01-09,21.713761753847667,21.713761753847667,20.46179589088174,20.57916831970215,2338418,0.0,0.0
2001-01-10,20.61830432244086,20.657428487885504,19.718453550555843,20.10969352722168,2501564,0.0,0.0
2001-01-11,20.187936427444836,20.187936427444836,19.13159086793376,19.640201568603516,2669698,0.0,0.0
2001-01-12,19.64021327391247,19.718461636890588,18.662115447811072,19.522842407226562,2613911,0.0,0.0
2001-01-16,19.405453949823084,20.227056054016145,19.131586581758732,20.1488094329834,2139018,0.0,0.0
2001-01-17,20.227062399353922,20.500929853331964,19.483708360779364,19.992319107055664,2284107,0.0,0.0
2001-01-18,19.992315958981276,20.18793505879675,19.67932439260843,20.07056427001953,1816592,0.0,0.0
2001-01-19,19.405469862759386,19.64021327391247,18.77948799227825,19.522842407226562,5118496,0.0,0.0
2001-01-22,19.5228356310643,20.070570626235774,18.818605642035553,19.36634063720703,2243215,0.0,0.0
2001-01-23,19.36633711084623,20.07056697164378,19.327212950060748,19.79669952392578,2158902,0.0,0.0
2001-01-24,19.131602915064203,20.22707332256227,19.131602915064203,20.03145408630371,2037210,0.0,0.0
2001-01-25,19.874953126297346,20.540059003028897,19.796704783935695,20.266191482543945,2720637,0.0,0.0
2001-01-26,20.853042888833475,20.892167045369064,20.10968894799787,20.383556365966797,2080842,0.0,0.0
2001-01-29,20.538483872201308,20.788877442085692,19.956321045278653,20.119075775146484,1392498,0.0,0.0
2001-01-30,20.206714035959063,20.92659412045678,19.781046118459393,20.845216751098633,2424488,0.0,0.0
2001-01-31,20.97041729163685,21.640217410153845,20.726283471905756,21.471202850341797,3257429,0.0,0.0
2001-02-01,21.47119649655468,21.846785973883502,20.657419575305532,21.352258682250977,3954837,0.0,0.0
2001-02-02,21.352264382752956,21.439903237158212,20.97041668460139,21.15195083618164,3412635,0.0,0.0
2001-02-05,21.12690270798755,21.158201686402528,20.68871533239827,20.901548385620117,2943715,0.0,0.0
2001-02-06,20.84522348191073,20.895301879224256,20.14412256396005,20.40703582763672,3071027,0.0,0.0
2001-02-07,20.8914633754608,21.362699024253914,20.483058921969302,21.142789840698242,2171900,0.17222,0.0
2001-02-08,21.048540921073563,21.048540921073563,20.106068034680586,20.175182342529297,2995075,0.0,0.0
2001-02-09,20.106066824979322,20.388808842288842,20.106066824979322,20.238012313842773,1195978,0.0,0.0
2001-02-12,20.294565001034336,20.294565001034336,19.76049648172523,19.791912078857422,2473459,0.0,0.0
2001-02-13,19.79192542655301,20.34484199299801,19.540598795969608,19.754226684570312,3366895,0.0,0.0
2001-02-14,19.980406652565307,20.106069036734862,19.666249008110533,19.729080200195312,1406761,0.0,0.0
2001-02-15,19.477758359136605,20.545893929548942,19.289264738256872,20.445363998413086,2462920,0.0,0.0
2001-02-16,20.200316206218922,20.357395873427215,19.678815618039096,19.798194885253906,1690474,0.0,0.0
2001-02-20,19.98040784071166,20.294565503848,19.226430122796845,19.471471786499023,1585434,0.0,0.0
2001-02-21,19.540587991344033,19.64111959840945,18.84944308645226,19.433774948120117,2428212,0.0,0.0
2001-02-22,19.0819149017334,19.55315219433134,18.84943949896216,19.0819149017334,2111757,0.0,0.0
2001-02-23,19.037938879229202,19.163601297458204,18.208563550855118,18.50387191772461,2248906,0.0,0.0
2001-02-26,18.818037890602458,19.760509808234094,18.805471643274892,19.754226684570312,3016716,0.0,0.0
2001-02-27,19.3206760891098,20.351112708539294,19.270411134605567,20.263147354125977,2748390,0.0,0.0
2001-02-28,20.71553134490186,20.753230053559275,20.20659540996557,20.614999771118164,2322469,0.0,0.0
2001-03-01,20.615004351789786,21.042258162207254,20.483058842170426,20.91031265258789,2428001,0.0,0.0
2001-03-02,20.910307681051115,21.739682626675013,20.910307681051115,21.438091278076172,3596999,0.0,0.0
2001-03-05,21.45695723773577,22.02872305846099,21.3312931060791,21.3312931060791,1986693,0.0,0.0
2001-03-06,20.985711048087314,21.53862895798058,20.58358969726995,21.04854393005371,2080702,0.0,0.0
2001-03-07,20.740673093690024,21.84022262270381,20.740673093690024,21.73969268798828,1508709,0.0,0.0
2001-03-08,21.865349184459298,22.638177900369122,21.400396678294506,22.556495666503906,2078945,0.0,0.0
2001-03-09,22.518800978386434,22.518800978386434,22.122962712829466,22.39942169189453,1833735,0.0,0.0
2001-03-12,21.991013462826228,22.28003863364598,21.048542203061643,21.274734497070312,1611220,0.0,0.0
2001-03-13,21.362695415419026,21.362695415419026,20.294561907671085,20.51447105407715,2301250,0.0,0.0
2001-03-14,19.98040805592588,20.382529397543074,19.955275577326745,20.011823654174805,1987958,0.0,0.0
2001-03-15,20.30713405096958,20.332268218269878,19.634838439492867,19.6662540435791,1709936,0.0,0.0
2001-03-16,19.16359892769568,20.26315000332343,19.16359892769568,19.942710876464844,2479853,0.0,0.0
2001-03-19,20.099785786553223,20.728101071368574,19.948990926532357,20.583587646484375,1519810,0.0,0.0
2001-03-20,20.608734870908982,20.998290222095616,19.754226684570312,19.754226684570312,2839167,0.0,0.0
2001-03-21,19.754215686398645,19.760498806564296,18.874575495145056,19.3206787109375,2032292,0.0,0.0
2001-03-22,19.163594021187762,19.352089260992393,18.09546050374072,18.91855239868164,2729700,0.0,0.0
2001-03-23,19.037937988148414,19.628554694243263,18.441039845467454,19.521739959716797,2577797,0.0,0.0
2001-03-26,19.948988254038042,20.106066212183276,19.64111377204274,19.82332420349121,1635459,0.0,0.0
2001-03-27,19.98040819355527,20.407662016714614,19.791912918732347,20.2003173828125,1531825,0.0,0.0
2001-03-28,20.199677651673486,20.39548355480036,19.58067495915561,20.37021827697754,1660964,0.24053,0.0
2001-03-29,19.91544967954522,20.622881132037932,19.770174273004596,19.978612899780273,1429385,0.0,0.0
2001-03-30,19.978613723498487,20.21231934093392,19.744909798993174,19.940715789794922,1247620,0.0,0.0
2001-04-02,19.940712194014715,21.159768946708528,19.738589917376444,20.250213623046875,2386898,0.0,0.0
2001-04-03,20.250217859268023,20.338646373795967,19.60594958184695,19.782808303833008,1186774,0.0,0.0
2001-04-04,19.770179258564532,20.49655986030334,19.700699698784913,20.193374633789062,1231882,0.0,0.0
2001-04-05,20.831314706128083,21.222928237702817,20.534445974225584,21.203977584838867,2232114,0.0,0.0
2001-04-06,21.317681336412832,21.317681336412832,20.313380990121495,20.780792236328125,1605950,0.0,0.0
2001-04-09,20.787101964071358,21.601910752180782,20.78078733605345,20.875532150268555,1380413,0.0,0.0
2001-04-10,20.87553896736393,21.740878605639203,20.862906321343278,21.620866775512695,2513368,0.0,0.0
2001-04-11,22.075653365121763,22.075653365121763,20.843964855922263,21.04608726501465,2261975,0.0,0.0
2001-04-12,21.001861019248942,21.159770754291916,20.48392094818829,21.115554809570312,2098970,0.0,0.0
2001-04-16,21.14081460715859,21.917725358491975,20.888161805378314,21.248193740844727,1290479,0.0,0.0
2001-04-17,20.862899476035537,21.46926797900209,20.768152969037526,21.418737411499023,1244248,0.0,0.0
2001-04-18,21.57034321217103,22.978888670171177,21.159780422161745,22.530427932739258,2617916,0.0,0.0
2001-04-19,22.423036034636926,22.429352355156563,21.79140059681376,21.949310302734375,1710990,0.0,0.0
2001-04-20,22.328291547154414,22.40408739447741,21.69665610027008,21.791400909423828,1732138,0.0,0.0
2001-04-23,21.475580783075777,21.778765831374027,21.22292798693514,21.582958221435547,1932100,0.0,0.0
2001-04-24,21.475582102957063,21.759818209013808,21.128182793983168,21.342939376831055,2016835,0.0,0.0
2001-04-25,20.976594927803287,21.159769942557354,20.75552198439594,20.888166427612305,2003204,0.0,0.0
2001-04-26,20.907114522132396,21.822984479009772,20.84395131033807,21.601911544799805,2369192,0.0,0.0
2001-04-27,21.728238783218977,22.10721973159907,21.62085963457829,21.652442932128906,1601453,0.0,0.0
2001-04-30,21.684030781525454,21.886153109308097,20.843956470818352,21.128190994262695,2131009,0.0,0.0
2001-05-01,21.13450851908251,21.75351156898465,21.001865733930767,21.4755916595459,2195789,0.0,0.0
2001-05-02,21.633500290409724,22.423044022486124,21.601916983630836,22.2903995513916,3799139,0.0,0.0
2001-05-03,22.290397089895954,22.42935786841497,21.646130545598933,22.35987663269043,2268228,0.0,0.0
2001-05-04,22.366191218878082,23.181000027142233,21.98089224567989,23.12415313720703,2840993,0.0,0.0
2001-05-07,23.370486372035685,23.67367143529513,22.738852657585532,22.86517906188965,2834600,0.0,0.0
2001-05-08,22.991513235835424,23.55998563316992,22.95361530173714,23.52840232849121,2053581,0.0,0.0
2001-05-09,23.5284006309604,24.002128158870626,23.237849823836285,23.572616577148438,2823007,0.0,0.0
2001-05-10,23.68631304038485,24.065294089661332,23.64209878214445,23.88843536376953,1865212,0.0,0.0
2001-05-11,23.730525170681776,23.736841492721155,23.149420157198758,23.59156608581543,1727361,0.0,0.0
2001-05-14,23.591558750961596,23.806313633531033,23.357853215235913,23.71156883239746,1864088,0.0,0.0
2001-05-15,23.37049418716165,23.907384970850313,23.307330963887722,23.67367935180664,1721178,0.0,0.0
2001-05-16,23.29468804177739,25.012733728558892,23.29468804177739,25.00010108947754,2701175,0.0,0.0
2001-05-17,24.602190675173524,25.056967733824077,24.57060905255409,24.797998428344727,2052457,0.0,0.0
2001-05-18,24.570587362017218,24.6526995083404,23.983168006929827,24.3810977935791,2066509,0.0,0.0
2001-05-21,24.00212340218995,24.387420654296875,23.844213693204022,24.387420654296875,2195227,0.0,0.0
2001-05-22,24.03371048565675,24.122138994812044,23.793688553590883,23.9894962310791,1833173,0.0,0.0
2001-05-23,23.825272473453566,24.09055971956455,23.559986920272813,23.610517501831055,1750968,0.0,0.0
2001-05-24,23.402067973111713,23.509445416770212,22.23354365450993,22.86517906188965,3181758,0.0,0.0
2001-05-25,22.865174702423612,23.149409057915854,22.612520249056818,22.70094871520996,1110190,0.0,0.0
2001-05-29,22.959927422100638,23.15573507203637,22.776754107482212,22.87781524658203,1587823,0.0,0.0
2001-05-30,22.486200108286287,22.84623208474035,22.265127188631094,22.35355567932129,1517070,0.0,0.0
2001-05-31,22.35355402588696,22.72622030923275,22.23354394025568,22.61884117126465,1289496,0.0,0.0
2001-06-01,22.61885100939721,22.675697916790384,21.79140930481374,22.517789840698242,1521075,0.0,0.0
2001-06-04,22.6125368911666,23.03573226928711,22.460945123337336,23.03573226928711,1348936,0.0,0.0
2001-06-05,22.87781170232006,23.11783356342745,22.303023176877193,22.86517906188965,1607285,0.0,0.0
2001-06-06,22.95992851618492,23.30732789132463,22.802020478816832,22.87150001525879,1070563,0.0,0.0
2001-06-07,22.776754853871335,23.421021329674996,22.776754853871335,23.25048065185547,1841956,0.0,0.0
2001-06-08,22.738862130433432,23.098894225616537,22.738862130433432,22.90940284729004,777014,0.0,0.0
2001-06-11,22.738854035890892,22.852547806656094,22.29670820816688,22.524097442626953,1184877,0.0,0.0
2001-06-12,22.201965547413437,22.52409962201356,22.195649226204218,22.423038482666016,1581851,0.0,0.0
2001-06-13,22.42303658710852,22.776752237852985,22.315657442699347,22.555679321289062,1004167,0.0,0.0
2001-06-14,22.29670628263395,22.303022602686543,21.55769514355112,21.702970504760742,1549741,0.0,0.0
2001-06-15,21.475583434330073,21.77876852005784,21.342940699980915,21.557697296142578,1803664,0.0,0.0
2001-06-18,21.399793863572313,21.785091231206493,21.37452857342779,21.56401824951172,1074146,0.0,0.0
2001-06-19,22.081953350424996,22.081953350424996,21.633492894167578,21.791400909423828,1176165,0.0,0.0
2001-06-20,21.917727286919835,22.473566885600942,21.759819271913653,22.02510643005371,1731646,0.0,0.0
2001-06-21,22.044069424862336,22.044069424862336,21.22294383825148,21.50086212158203,2001799,0.0,0.0
2001-06-22,21.159777407460776,21.254522262518766,20.787110925038377,20.856592178344727,1981494,0.0,0.0
2001-06-25,20.98290579722669,21.083966914043238,20.54076171822483,20.73025131225586,1466131,0.0,0.0
2001-06-26,20.717625057384897,21.3997911919846,20.433388885813358,21.159770965576172,2627541,0.0,0.0
2001-06-27,21.24590596512057,21.883921806306947,21.214005344064315,21.68613624572754,1977770,0.4768,0.0
2001-06-28,21.686137935418145,21.845642763157972,21.590436064792694,21.71803855895996,2043745,0.0,0.0
2001-06-29,21.718032114328953,21.877536894737172,21.214000701904297,21.214000701904297,2983693,0.0,0.0
2001-07-02,21.56491063722797,22.08170233052171,21.367125106442497,21.922199249267578,1250782,0.0,0.0
2001-07-03,21.56491384293241,21.852021141899765,21.30332704075943,21.692516326904297,1364394,0.0,0.0
2001-07-05,21.80097894815474,22.139127248619353,21.545773974242312,21.9285831451416,1508850,0.0,0.0
2001-07-06,21.660610530955054,21.864776166563285,21.437306237354086,21.609569549560547,2388093,0.0,0.0
2001-07-09,21.450065541693856,22.011518022432863,21.373504072960827,21.756311416625977,1435287,0.0,0.0
2001-07-10,22.158267323483596,22.330532388587,21.533013435781413,21.660615921020508,1615295,0.0,0.0
2001-07-11,21.660611115710097,21.852016511136924,21.226761052114263,21.520248413085938,1338678,0.0,0.0
2001-07-12,21.53302077288752,22.01791209204732,21.392657991297664,21.99239158630371,1411960,0.0,0.0
2001-07-13,21.769085451015915,22.202935758688497,21.50750026714391,21.99239158630371,1272563,0.0,0.0
2001-07-16,22.01790569024988,22.19017076396367,21.762698996984973,21.78183937072754,969950,0.0,0.0
2001-07-17,21.53301399472968,21.871162299421467,21.53301399472968,21.577674865722656,1457981,0.0,0.0
2001-07-18,21.788216169085835,22.630395839153856,21.628711381402606,22.317768096923828,2263099,0.0,0.0
2001-07-19,22.592110841333565,23.198224132177288,22.45812657133422,23.038721084594727,2094122,0.0,0.0
2001-07-20,22.90473409750359,23.09613944192705,22.547445603272283,22.834552764892578,1369593,0.0,0.0
2001-07-23,22.71333273776054,22.71971285954594,21.947714703452657,22.113597869873047,807155,0.0,0.0
2001-07-24,22.266729491871963,22.266729491871963,21.43730997937046,21.61595344543457,1184034,0.0,0.0
2001-07-25,21.43730682742798,22.32414732362873,21.392645967478472,22.132741928100586,1750757,0.0,0.0
2001-07-26,22.39432428620013,22.68143146821075,22.107217104189512,22.547447204589844,1520934,0.0,0.0
2001-07-27,22.553832990606615,22.968542677320144,22.13912159386287,22.202922821044922,1062483,0.0,0.0
2001-07-30,22.490025868684516,22.8281740198605,22.343283073470175,22.58572769165039,1888328,0.0,0.0
2001-07-31,22.898370573168396,23.60656795378825,22.84732956700207,23.223758697509766,2000534,0.0,0.0
2001-08-01,23.22374898468117,23.415154387784774,22.847320011606715,22.930261611938477,1343386,0.0,0.0
2001-08-02,23.287551611811068,23.415155791540208,23.051487042868438,23.35773468017578,1079065,0.0,0.0
2001-08-03,23.268415084661736,23.517241651703998,22.96854923134011,23.35135841369629,808139,0.0,0.0
2001-08-06,23.191856487564582,23.46620358703617,22.719725502682277,22.872848510742188,932290,0.0,0.0
2001-08-07,22.66230011016245,22.783522468732095,22.139126511011227,22.349672317504883,1899710,0.0,0.0
2001-08-08,22.330522363162554,22.483645276703996,22.011514583254687,22.024274826049805,1379710,0.0,0.0
2001-08-09,22.107221728665852,22.298627126721843,21.941338532376893,22.08808135986328,1804577,0.0,0.0
2001-08-10,21.88392040321884,22.624018184333853,21.69251497912265,22.553836822509766,1592530,0.0,0.0
2001-08-13,22.44536674423415,22.802655287482274,22.394325768060135,22.643152236938477,1222045,0.0,0.0
2001-08-14,22.585732591547256,22.815418726524864,22.171024602058996,22.419849395751953,1352309,0.0,0.0
2001-08-15,22.553826689382646,23.000435154880826,22.502784011867405,22.64952850341797,1498592,0.0,0.0
2001-08-16,22.585728420718066,22.687812078540155,22.075316971727418,22.1710205078125,1582413,0.0,0.0
2001-08-17,21.94773029580588,22.26673832173909,21.9349700431698,22.04981231689453,1465850,0.0,0.0
2001-08-20,21.69251276994421,21.97323989868164,21.501109075371186,21.97323989868164,2075503,0.0,0.0
2001-08-21,22.13274728563606,22.86008488665062,21.9987646733552,22.21569061279297,1420813,0.0,0.0
2001-08-22,22.13912523695707,22.145505360725156,21.69251486316074,21.941341400146484,1415192,0.0,0.0
2001-08-23,22.030656119568356,22.177398919519558,21.724408566161987,22.1710205078125,1815819,0.0,0.0
2001-08-24,22.52193732545457,23.09615195991638,22.266732341276626,23.0068302154541,1946925,0.0,0.0
2001-08-27,23.255641780240552,23.510848328552715,22.96853633717282,22.974916458129883,1608058,0.0,0.0
2001-08-28,22.655910738521925,22.904735478233203,22.458125261029224,22.58572769165039,1380062,0.0,0.0
2001-08-29,22.71334655668388,22.930270829365373,22.330537306626713,22.400718688964844,792471,0.0,0.0
2001-08-30,22.49003008491359,22.777137317665396,22.209304684919143,22.228445053100586,1184034,0.0,0.0
2001-08-31,22.22844793548831,22.579354730983844,22.15188645283474,22.368810653686523,1387650,0.0,0.0
2001-09-04,22.202927627344582,23.15357124823494,22.202927627344582,22.994068145751953,1739586,0.0,0.0
2001-09-05,22.713337574087397,22.757998436094784,22.330528475422323,22.61763572692871,1934419,0.0,0.0
2001-09-06,22.222056637479447,22.445360849596238,22.177394085026513,22.336898803710938,1380624,0.0,0.0
2001-09-07,22.330530950819238,22.45813342784255,22.01152304823044,22.183786392211914,2461164,0.0,0.0
2001-09-10,21.94771479237581,22.177399177580785,21.743549184385863,21.76906967163086,1796005,0.0,0.0
2001-09-17,20.288876245277866,20.40371843767628,19.31909260160137,19.523258209228516,3216537,0.0,0.0
2001-09-18,19.395654982290605,20.020910368370497,19.395654982290605,19.676382064819336,2057586,0.0,0.0
2001-09-19,20.0783327324429,20.09747309995568,19.140451304256427,19.4849796295166,2309682,0.0,0.0
2001-09-20,19.484987256773987,19.497747506777415,18.87249183654785,18.87249183654785,2083653,0.0,0.0
2001-09-21,16.10988021639306,19.178732970131495,15.98865788292854,18.987327575683594,7101184,0.0,0.0
2001-09-24,19.299956248239166,20.41648292541504,19.293576125112967,20.41648292541504,2720496,0.0,0.0
2001-09-25,20.16127587737651,20.49942410616917,19.963492064515503,20.480283737182617,2232887,0.0,0.0
2001-09-26,20.631810770520406,20.664047834444016,19.903249669715663,20.07733154296875,1417089,0.4768,0.0
2001-09-27,20.42547646394319,20.535082389536093,19.987049305443257,20.41902732849121,1942288,0.0,0.0
2001-09-28,20.567335530222344,21.26365952944055,20.49641399342643,21.121814727783203,2197967,0.0,0.0
2001-10-01,20.954176519816944,21.205625539005368,20.341669042586812,21.012203216552734,2188271,0.0,0.0
2001-10-02,20.986411487529324,21.392600052370152,20.97996407742177,21.295888900756836,1760102,0.0,0.0
2001-10-03,21.134702496859646,21.405495456832927,21.076675804307857,21.244308471679688,2944979,0.0,0.0
2001-10-04,21.276554107666016,21.476423890864805,21.12181448293049,21.276554107666016,1623445,0.0,0.0
2001-10-05,21.276547250813174,21.598919493049422,21.063780983395173,21.482864379882812,1686539,0.0,0.0
2001-10-08,21.276547251162288,21.308784302579948,21.14759731742671,21.244308471679688,1273757,0.0,0.0
2001-10-09,21.250751889045205,21.379700060001298,21.212067437758378,21.28943634033203,1233709,0.0,0.0
2001-10-10,21.128256941153417,21.91484452091858,21.128256941153417,21.72142219543457,2146887,0.0,0.0
2001-10-11,21.598916757185087,22.85616678739625,21.573125391253352,22.488662719726562,2035313,0.0,0.0
2001-10-12,22.34037494878179,22.566036052373498,22.179189680548465,22.243663787841797,2027093,0.0,0.0
2001-10-15,22.21142175893928,22.366159581782714,21.97931329660946,22.127605438232422,1067120,0.0,0.0
2001-10-16,22.179187962918764,22.333925808439343,21.81813126197249,22.134056091308594,1962664,0.0,0.0
2001-10-17,22.256556297592436,22.340372628368062,21.766551404993113,21.837472915649414,1801907,0.0,0.0
2001-10-18,21.598916504851218,22.243659172058987,21.598916504851218,22.037342071533203,1952054,0.0,0.0
2001-10-19,22.043790035909733,22.179185636538563,21.727865239711058,21.856813430786133,1928587,0.0,0.0
2001-10-22,21.695621047153512,22.456418580080562,21.695621047153512,22.372600555419922,1656608,0.0,0.0
2001-10-23,22.37260400095737,22.566027981725114,22.250103240911944,22.443527221679688,1386877,0.0,0.0
2001-10-24,22.40484338000431,22.694976766943817,22.10826085640166,22.566028594970703,2142110,0.0,0.0
2001-10-25,22.308131440233954,22.50155543421139,21.921285180343638,22.469318389892578,2105785,0.0,0.0
2001-10-26,22.372620488207165,22.662755809138506,22.23077739836175,22.57893943786621,1670801,0.0,0.0
2001-10-29,22.585378091172572,22.585378091172572,22.050239549089987,22.224321365356445,937278,0.0,0.0
2001-10-30,22.22432311737772,22.237217939742518,21.70208108353826,21.9664249420166,1194433,0.0,0.0
2001-10-31,21.985762347403732,22.172738958697668,21.43773078918457,21.43773078918457,1522972,0.0,0.0
2001-11-01,21.598915050767115,22.211420629782573,21.49575477938449,22.204973220825195,2023650,0.0,0.0
2001-11-02,22.340374741058465,22.823932269327322,22.179189474323863,22.591825485229492,1674384,0.0,0.0
2001-11-05,23.04958691569577,23.04958691569577,22.469318389892575,22.469318389892578,1844766,0.0,0.0
2001-11-06,22.63049549266255,23.114052712030293,22.411281941874222,23.01734161376953,1286755,0.0,0.0
2001-11-07,22.888412608072525,23.52026070607241,22.69498852186393,23.165651321411133,1989995,0.0,0.0
2001-11-08,22.727211482296273,23.126952502537346,22.727211482296273,23.004451751708984,1912287,0.0,0.0
2001-11-09,22.98511544848985,23.126958459669698,22.75945438445716,23.088274002075195,1405707,0.0,0.0
2001-11-12,22.97222925493273,22.97222925493273,22.54669833354956,22.753015518188477,2264996,0.0,0.0
2001-11-13,23.17853432297114,23.39130053647169,23.056033558629174,23.236562728881836,1653587,0.0,0.0
2001-11-14,23.526707070620905,23.68144667831198,23.41710107255265,23.565391540527344,1574543,0.0,0.0
2001-11-15,23.56539272067427,24.487377817146427,23.404207421325324,24.177900314331055,3064914,0.0,0.0
2001-11-16,24.177895931642446,24.281054504526384,24.003815839900803,24.055395126342773,2084847,0.0,0.0
2001-11-19,24.145655855200328,24.661450383120865,24.145655855200328,24.629213333129883,2599999,0.0,0.0
2001-11-20,24.46803207958783,24.487374312741622,24.223028731574633,24.390663146972656,1329685,0.0,0.0
2001-11-21,24.306841077265446,24.39065913521068,24.048944677633518,24.197235107421875,1084194,0.0,0.0
2001-11-23,24.177897602561846,24.493822481917352,24.11342349005362,24.468032836914062,449177,0.0,0.0
2001-11-26,24.468031903963908,24.468031903963908,24.17789668067436,24.326187133789062,1049134,0.0,0.0
2001-11-27,24.32617889872849,24.468023620885113,24.07472995465617,24.203678131103516,1439432,0.0,0.0
2001-11-28,24.177886897268447,24.203676530852807,23.919988833360406,23.984464645385742,900602,0.0,0.0
2001-11-29,23.99091757918551,24.139209745195004,23.533149716596107,23.771705627441406,1144548,0.0,0.0
2001-11-30,23.984477955112318,24.435796793289374,23.79105386782819,24.177900314331055,1351817,0.0,0.0
2001-12-03,24.177892274990132,24.177892274990132,23.636308121193302,23.836177825927734,1539273,0.0,0.0
2001-12-04,23.842615929741033,24.100513950351335,23.726562598095263,23.919984817504883,1911233,0.0,0.0
2001-12-05,23.919989792511227,24.822630460287066,23.855515705965026,24.68723487854004,2508309,0.0,0.0
2001-12-06,24.687238655538867,24.932241949962965,24.364866445422347,24.42934226989746,1241437,0.0,0.0
2001-12-07,24.016710665588807,24.33908295716645,23.919999496535077,23.990921020507812,1040281,0.0,0.0
2001-12-10,23.855526792890966,23.945790556006,23.48157518906339,23.565391540527344,962291,0.0,0.0
2001-12-11,23.468673913538623,23.9844701599477,23.442884274024653,23.726572036743164,1312049,0.0,0.0
2001-12-12,23.72657819137549,23.72657819137549,23.281705066295363,23.46223258972168,1011333,0.0,0.0
2001-12-13,23.436441113997102,23.436441113997102,22.630511276912426,22.727222442626953,1879616,0.0,0.0
2001-12-14,22.727213588124485,22.765898039338868,22.256551036951695,22.43707847595215,2608922,0.0,0.0
2001-12-17,22.56603048787922,22.759452762063752,22.482214169065923,22.501556396484375,2171619,0.0,0.0
2001-12-18,23.114070755405958,23.849079132080078,23.023806993233947,23.849079132080078,3282863,0.0,0.0
2001-12-19,23.081831333793133,23.616969896571227,23.023804635481916,23.359071731567383,2051825,0.0,0.0
2001-12-20,23.423533896539023,23.59116649506902,23.14629364013672,23.14629364013672,2025055,0.0,0.0
2001-12-21,22.888408316905203,23.01735653149186,22.243663787841797,22.243663787841797,3457321,0.0,0.0
2001-12-24,22.275905639823655,22.533803852614522,22.146957397460938,22.146957397460938,960464,0.0,0.0
2001-12-26,22.172737668753246,22.38550390673516,21.921286974422753,22.037342071533203,2939007,0.0,0.0
2001-12-27,22.255477099183896,22.301055699414356,21.91689146658779,22.138273239135742,3227287,0.4768,0.0
2001-12-28,22.138261663318048,22.14477288851776,21.923391231727482,21.975481033325195,1855446,0.0,0.0
2001-12-31,22.138270740545448,22.385699144755133,21.99502372741699,21.995023727416992,2306098,0.0,0.0
2002-01-02,22.13827260107042,22.418257168157695,21.98851434748664,22.261987686157227,2536202,0.0,0.0
2002-01-03,22.203394620294855,23.114972233820584,21.942945369433676,23.075904846191406,5921154,0.0,0.0
2002-01-04,23.40145811831966,24.091651878898013,23.31681214178097,23.928871154785156,6108470,0.0,0.0
2002-01-07,24.091643682048662,24.091643682048662,23.1996021270752,23.199602127075195,3148103,0.0,0.0
2002-01-08,23.21262380142174,23.34935955856443,22.528941525369756,22.574520111083984,2924955,0.0,0.0
2002-01-09,22.333611842436113,22.854511875954067,21.630395662826494,22.138273239135742,9418945,0.0,0.0
2002-01-10,21.87781527935488,21.929905087200247,19.077975891482676,20.223955154418945,15861505,0.0,0.0
2002-01-11,20.022098006009323,20.445329246655227,19.48166475123117,19.696535110473633,8742615,0.0,0.0
2002-01-14,18.882644127680575,18.882644127680575,16.896710766682098,17.61294937133789,17127252,0.0,0.0
2002-01-15,17.74316892108147,18.062220763332586,17.163668019988013,17.22226905822754,9688185,0.0,0.0
2002-01-16,16.99436669430198,17.02692455708965,15.405621173810784,16.369287490844727,16677021,0.0,0.0
2002-01-17,16.532080943591893,17.196229750176585,15.627016679153604,17.085538864135742,13268110,0.0,0.0
2002-01-18,17.254829494655503,17.67806106601513,16.83810915139111,17.469701766967773,9552792,0.0,0.0
2002-01-22,17.873410643919776,17.89945557231502,17.03345821283167,17.189727783203125,4655267,0.0,0.0
2002-01-23,17.28738982836635,17.508773382472715,16.799045857601563,17.26134490966797,3761971,0.0,0.0
2002-01-24,17.515282921052187,18.270588980720945,17.1701860364475,18.231521606445312,5170699,0.0,0.0
2002-01-25,18.133849132002627,19.208207024206676,17.808287720882962,18.81753158569336,6379044,0.0,0.0
2002-01-28,18.817536164162785,19.110543250631363,17.997117718186885,18.26407814025879,3454159,0.0,0.0
2002-01-29,18.550573996920736,18.57661891614726,17.90596050089404,18.26407814025879,2870152,0.0,0.0
2002-01-30,17.938515649542452,18.55708419184665,17.68457595607523,18.518016815185547,3551681,0.0,0.0
2002-01-31,18.231523857180044,19.53377506264429,17.971072918019136,19.234256744384766,5806840,0.0,0.0
2002-02-01,19.533764378618486,19.65096645181045,19.012864530373882,19.247268676757812,3869962,0.0,0.0
2002-02-04,19.344947190654125,19.501218448493283,19.143099070123277,19.227745056152344,2583628,0.0,0.0
2002-02-05,19.22122287032669,19.33842493802309,18.557074329708875,18.726367950439453,2513719,0.0,0.0
2002-02-06,18.68729824837921,19.27331025845741,18.65474037738202,19.012861251831055,2526717,0.0,0.0
2002-02-07,19.0128681623335,19.30587340128515,18.94775414184138,19.110536575317383,1653095,0.0,0.0
2002-02-08,19.04542414495774,19.481679916381832,18.394299592198905,19.481679916381836,3069762,0.0,0.0
2002-02-11,19.14309074010853,20.05466599101769,19.077978471496355,19.80723762512207,3057326,0.0,0.0
2002-02-12,19.807243726441094,19.859333557376313,19.43610368102767,19.48819351196289,1629066,0.0,0.0
2002-02-13,19.813754347581753,19.983048038098538,19.501215371556626,19.533771514892578,1483345,0.0,0.0
2002-02-14,19.533759191903634,19.657472458534993,19.227729892436276,19.416555404663086,1571241,0.0,0.0
2002-02-15,19.729104251470865,19.92444281583011,19.696548114939237,19.904909133911133,2839518,0.0,0.0
2002-02-19,19.436099973761873,19.677015395884748,19.344941041843118,19.384008407592773,3364225,0.0,0.0
2002-02-20,19.273322314593923,19.481683395401046,19.20821002220732,19.370990753173828,2117659,0.0,0.0
2002-02-21,19.403547403640395,19.787709904153367,19.299365997314453,19.299365997314453,3109460,0.0,0.0
2002-02-22,19.305881226655696,20.18490079014807,19.208212774083265,19.7877140045166,2964301,0.0,0.0
2002-02-25,19.85933384894469,20.048161234027045,19.631440835257262,19.735620498657227,1781532,0.0,0.0
2002-02-26,19.826783130715818,20.06769864706115,19.696556782115668,19.7877140045166,1671292,0.0,0.0
2002-02-27,19.85932790244433,20.08722259306292,19.703058454136315,19.813749313354492,1524096,0.0,0.0
2002-02-28,19.82026374045916,20.953222659122996,19.7746851440104,20.367210388183594,3861109,0.0,0.0
2002-03-01,20.23047337085182,20.979268107706247,20.23047337085182,20.966245651245117,3318064,0.0,0.0
2002-03-04,21.129020895243265,21.812703116593646,20.985772177862074,21.747589111328125,2986503,0.0,0.0
2002-03-05,21.584807066167894,21.636896870878704,20.575561864388945,20.712299346923828,2706374,0.0,0.0
2002-03-06,20.836022866769945,21.22018711036427,20.59510565648643,21.0704288482666,1797129,0.0,0.0
2002-03-07,21.213666221899732,21.337379512516932,20.86856950816689,21.096464157104492,1467044,0.0,0.0
2002-03-08,21.259244336531143,21.454581106906996,20.9987935641943,21.08995246887207,1745418,0.0,0.0
2002-03-11,21.252733692965702,21.317845951541084,20.862058396344334,21.259244918823242,1723848,0.0,0.0
2002-03-12,21.16157641532407,21.233199899365605,20.8360133790571,21.096464157104492,1588174,0.0,0.0
2002-03-13,20.96624057387973,21.3243597850053,20.842527267458472,20.894617080688477,1946504,0.0,0.0
2002-03-14,20.99879861314043,21.291805584323775,20.712304614371295,21.16158103942871,1671011,0.0,0.0
2002-03-15,21.226690954421674,21.53923157262825,21.129022556597516,21.422029495239258,2124685,0.0,0.0
2002-03-18,21.428544077847434,21.806197051173772,21.356920569059103,21.4155216217041,1990347,0.0,0.0
2002-03-19,21.57830583399168,22.229430439596666,21.506682319343813,22.138273239135742,2336943,0.0,0.0
2002-03-20,22.222914718122052,22.463830108857376,21.825726394408935,21.942930221557617,1886290,0.0,0.0
2002-03-21,22.08618237072029,22.08618237072029,21.52621499193349,21.55877113342285,1769587,0.0,0.0
2002-03-22,21.630400664686608,21.7736477271071,21.168101581704793,21.23972511291504,1464796,0.0,0.0
2002-03-25,21.29180152948471,21.317846433503696,20.855547641997568,20.972749710083008,1523042,0.0,0.0
2002-03-26,21.232653994506926,21.76560996827417,20.89709134285261,21.515581130981445,1666444,0.4768,0.0
2002-03-27,21.68007170632693,22.134071742780446,21.528739536516426,21.831405639648438,2066650,0.0,0.0
2002-03-28,21.77877647843612,21.877471408566663,21.449791614489317,21.52874755859375,1597448,0.0,0.0
2002-04-01,21.423472141833425,21.548485715186825,20.897097437886476,21.430051803588867,1397065,0.0,0.0
2002-04-02,21.166855727458966,21.370826929817152,20.956306629294065,21.04842185974121,1579110,0.0,0.0
2002-04-03,21.153691641385684,21.258967930252805,20.535202041405242,20.60757827758789,2055970,0.0,0.0
2002-04-04,20.397030918847967,20.541785179246784,19.86407678043139,20.44308853149414,2400599,0.0,0.0
2002-04-05,20.660221388356423,21.34450952389013,20.64048240926474,21.04184341430664,1854603,0.0,0.0
2002-04-08,20.726022258796352,21.12080368554042,20.331240832052288,21.028688430786133,1174971,0.0,0.0
2002-04-09,21.120796710290257,21.535316983298536,20.851028932662043,21.44978141784668,1874487,0.0,0.0
2002-04-10,21.383986481905605,22.081433904212883,21.19975425548908,22.041955947875977,2373268,0.0,0.0
2002-04-11,22.041963422633856,22.239353271256228,21.601122567020777,21.680078506469727,2490744,0.0,0.0
2002-04-12,21.844557642171978,21.88403558629115,21.357661234525082,21.726123809814453,1448355,0.0,0.0
2002-04-15,21.890622985644793,21.890622985644793,21.232653490602015,21.383987426757812,1063256,0.0,0.0
2002-04-16,21.423467688633398,22.10775589598263,21.403728707470126,21.930103302001953,1111385,0.0,0.0
2002-04-17,21.93011426618677,22.134085603696036,21.581390327776298,21.87089729309082,1252117,0.0,0.0
2002-04-18,21.84456430623714,21.995896471527153,21.265550755496914,21.337928771972656,1426715,0.0,0.0
2002-04-19,21.55506827958483,21.75245992234078,21.430054689396886,21.54848861694336,2259024,0.0,0.0
2002-04-22,21.548480238252083,21.57479887858449,20.890512466430668,20.890512466430664,2281648,0.0,0.0
2002-04-23,20.890517663254553,21.180022778929732,20.666807401266695,20.903676986694336,2798556,0.0,0.0
2002-04-24,20.98920660437251,21.04842354296692,20.390454031562427,20.39703369140625,1861559,0.0,0.0
2002-04-25,19.72590867457656,20.19964599609375,19.54825607681307,20.19964599609375,3322280,0.0,0.0
2002-04-26,20.528627395629883,20.758915476072175,20.390452783853533,20.528627395629883,2472687,0.0,0.0
2002-04-29,20.29176814280171,20.410203836083273,19.73907470703125,19.73907470703125,1720686,0.0,0.0
2002-04-30,19.804862929763196,21.127379874802,19.77854428987254,20.923410415649414,2225580,0.0,0.0
2002-05-01,20.890517239662273,20.890517239662273,20.410200180337963,20.719444274902344,1948682,0.0,0.0
2002-05-02,20.719437130347615,21.04842185974121,20.56152530672394,21.04842185974121,1505547,0.0,0.0
2002-05-03,21.04842066522624,21.04842066522624,20.522046186175228,20.785232543945312,1317530,0.0,0.0
2002-05-06,20.785236551244985,20.831294172734452,20.318078912626362,20.66022300720215,1184456,0.0,0.0
2002-05-07,20.660225444540192,21.27213744353995,20.541791546738192,21.153701782226562,1482151,0.0,0.0
2002-05-08,21.680071933132556,21.699812675521013,21.05500250516946,21.43662452697754,1790595,0.0,0.0
2002-05-09,21.71954729859431,22.29197933475102,21.71954729859431,22.13406753540039,2749865,0.0,0.0
2002-05-10,22.041954760664048,22.114331010050087,21.884041180310916,21.923519134521484,1520443,0.0,0.0
2002-05-13,21.93010863269342,22.035383224487305,21.574805121877393,22.035383224487305,1841394,0.0,0.0
2002-05-14,22.206445342232293,22.614385949490224,22.18012670715183,22.58148765563965,1812517,0.0,0.0
2002-05-15,22.62754509636866,22.759138270778458,21.949836721136634,22.2196044921875,2416478,0.0,0.0
2002-05-16,22.403841076843538,22.469639445593344,22.068276626615702,22.114336013793945,1178203,0.0,0.0
2002-05-17,22.351196111467814,22.535428306333987,22.219602946213875,22.52884864807129,1561615,0.0,0.0
2002-05-20,22.239344332026583,22.410415465402966,21.90377996073898,22.101171493530273,1084264,0.0,0.0
2002-05-21,22.101178307137282,22.495959730916802,21.956424001527576,22.022220611572266,887674,0.0,0.0
2002-05-22,22.022218625093462,22.30514578627602,21.96958134180577,22.2919864654541,1364042,0.0,0.0
2002-05-23,22.35779276118289,22.719676004165535,22.061707914343266,22.601242065429688,1439994,0.0,0.0
2002-05-24,22.535429708630314,22.74597878613831,22.252502622218184,22.34461784362793,1384348,0.0,0.0
2002-05-28,22.173558465699987,22.37752799259887,21.943268526657285,22.239355087280273,1105693,0.0,0.0
2002-05-29,21.976149685229068,22.107744589192514,21.318182219453128,21.48267364501953,2356967,0.0,0.0
2002-05-30,21.383993124258375,21.456369400024414,20.85761844608475,21.456369400024414,1962664,0.0,0.0
2002-05-31,21.456364802221138,22.05511562785675,21.31819194173087,21.936681747436523,1847928,0.0,0.0
2002-06-03,21.93667291909798,22.00904915022722,21.25896644592285,21.25896644592285,1809917,0.0,0.0
2002-06-04,21.193175532520772,21.449784023559886,20.910250166271872,21.383987426757812,1332565,0.0,0.0
2002-06-05,21.383987026262904,21.844564958762394,21.364248047591968,21.831405639648438,1659067,0.0,0.0
2002-06-06,21.943260848680662,21.943260848680662,20.88393208487522,21.173437118530273,1342051,0.0,0.0
2002-06-07,21.055013916038025,21.686665109464435,20.989217284121104,21.673505783081055,1429385,0.0,0.0
2002-06-10,21.508992273110156,21.64716683409626,21.18658731548968,21.48267364501953,1221132,0.0,0.0
2002-06-11,21.397145913298374,21.647174734925656,21.186595048215775,21.23265266418457,1568501,0.0,0.0
2002-06-12,20.989206355615714,21.91036224985592,20.943148737254813,21.83798599243164,2017748,0.0,0.0
2002-06-13,21.56163811757727,21.745870351104106,20.98920596508856,21.022104263305664,1751249,0.0,0.0
2002-06-14,20.66022618516692,21.041848299720666,20.133851523666095,20.943153381347656,1468098,0.0,0.0
2002-06-17,21.08790513579389,21.712976455688477,21.041847508950703,21.712976455688477,1541099,0.0,0.0
2002-06-18,21.64716683409626,21.64716683409626,21.33134153349844,21.48267364501953,1467044,0.0,0.0
2002-06-19,21.416880185129717,21.77876313744177,21.31818531545659,21.476097106933594,1787574,0.0,0.0
2002-06-20,21.456369445072365,21.995903447245304,21.449789783625278,21.74587631225586,1405637,0.0,0.0
2002-06-21,21.58137977956322,21.680074686484563,20.732600053017173,20.956310272216797,2374462,0.0,0.0
2002-06-24,20.824718732776574,21.31819507046295,20.72602205443019,21.153701782226562,1915168,0.0,0.0
2002-06-25,21.44978125151917,21.84456254482347,21.44978125151917,21.57479476928711,1678108,0.0,0.0
2002-06-26,20.973191121136992,21.604714343551947,20.973191121136992,21.372047424316406,1981564,0.4768,0.0
2002-06-27,21.837375905254415,22.66832625233586,21.471759320446743,22.601850509643555,2655505,0.0,0.0
2002-06-28,22.601853935041962,22.93423448059086,22.342598499250812,22.854463577270508,3090700,0.0,0.0
2002-07-01,22.867763175736627,23.087133202536343,22.7680495271913,22.954181671142578,2203588,0.0,0.0
2002-07-02,22.77469584168646,22.894352213310015,21.996925862704668,22.016868591308594,2917437,0.0,0.0
2002-07-03,22.016862504556364,22.26947211208432,21.73766259957429,22.076690673828125,1645015,0.0,0.0
2002-07-05,22.076692855483195,22.595205488792587,21.95038893009458,22.42901611328125,1476319,0.0,0.0
2002-07-08,22.50213581858225,22.728155114631914,22.269470730295268,22.289413452148438,1345002,0.0,0.0
2002-07-09,22.296064769295352,22.435665638574026,21.937095686986645,21.963685989379883,1379359,0.0,0.0
2002-07-10,21.983632660487952,22.010222967652034,21.00643352706443,21.033023834228516,2493554,0.0,0.0
2002-07-11,21.07290413726906,21.159322607094264,20.009286855817134,20.255247116088867,4853472,0.0,0.0
2002-07-12,20.042521609297964,20.441377805048013,19.809856534443387,20.108997344970703,3019526,0.0,0.0
2002-07-15,20.109002792107702,20.115650367475673,18.63988329064349,19.949460983276367,4158523,0.0,0.0
2002-07-16,19.94281713967678,20.10900655497402,19.211580148940026,19.896284103393555,2710871,0.0,0.0
2002-07-17,20.16218482510142,20.707289607366203,19.444243071010497,20.228660583496094,2059413,0.0,0.0
2002-07-18,20.22865623138178,20.42808524537368,19.497421264648438,19.497421264648438,1654500,0.0,0.0
2002-07-19,18.8791953877544,19.198280776717603,18.34074001880741,18.506929397583008,2590233,0.0,0.0
2002-07-22,18.573406928954196,18.95896810637537,17.210648547261098,17.715866088867188,3423947,0.0,0.0
2002-07-23,18.28092207369193,18.480349439835724,17.283779897827795,17.410085678100586,3616040,0.0,0.0
2002-07-24,16.619017027443867,18.42716525901562,16.48606369391203,18.2476806640625,4972142,0.0,0.0
2002-07-25,18.181196232709738,19.676905823740476,18.088128409029437,19.524011611938477,4030227,0.0,0.0
2002-07-26,19.45753596624129,19.590487455438254,18.819365254668128,19.577192306518555,1880599,0.0,0.0
2002-07-29,19.61043368430088,20.474622081987757,19.577195806060168,20.374908447265625,1889944,0.0,0.0
2002-07-30,20.20871711903841,20.215364694635465,19.211577216051978,19.583843231201172,2676513,0.0,0.0
2002-07-31,19.583841940580186,19.663612842487744,18.546814870639764,19.191633224487305,3316659,0.0,0.0
2002-08-01,19.21157942741775,19.50407456907021,18.766190029434025,19.27805519104004,2091030,0.0,0.0
2002-08-02,19.278062817264445,19.344538607183946,17.94854167372916,18.274274826049805,1952898,0.0,0.0
2002-08-05,17.94852873920127,18.566754921645753,17.483196763389106,17.749099731445312,1960205,0.0,0.0
2002-08-06,18.147965266583505,18.879202366945155,18.081489490498758,18.6265926361084,2126371,0.0,0.0
2002-08-07,18.859248324926956,19.145095772393958,18.40056396328351,19.118505477905273,1998286,0.0,0.0
2002-08-08,19.278048049124408,19.63037124751217,19.058678110440574,19.464181900024414,2496716,0.0,0.0
2002-08-09,19.46419068545847,19.524018877558348,19.111867328044646,19.36447525024414,1902029,0.0,0.0
2002-08-12,19.27805476723498,19.464188682999843,19.012151718591383,19.31129264831543,1604334,0.0,0.0
2002-08-13,19.437600317440253,19.876342213406684,19.211582682825718,19.477487564086914,1969690,0.0,0.0
2002-08-14,19.424300088368284,20.075766075508014,18.52687379839878,20.06911849975586,2335608,0.0,0.0
2002-08-15,20.069119083613533,20.195423026578975,19.484130618690894,19.843101501464844,1770220,0.0,0.0
2002-08-16,19.84310050663501,19.856393876145376,19.48412964185799,19.61043357849121,1895213,0.0,0.0
2002-08-19,19.743386714158945,20.042529423022835,19.67691095257015,19.94281578063965,2436854,0.0,0.0
2002-08-20,19.67691211457589,19.74338788009036,19.1451042087457,19.324588775634766,2024634,0.0,0.0
2002-08-21,19.610436459981088,19.843103422312165,19.284703425403354,19.62373161315918,1662088,0.0,0.0
2002-08-22,19.776631265150463,20.10901196691302,19.623736961928554,19.982707977294922,1528171,0.0,0.0
2002-08-23,19.710147680828538,19.922871887188112,19.51736798349369,19.60378646850586,1256051,0.0,0.0
2002-08-26,19.769979950960007,20.049179972756544,19.51072444231249,20.009294509887695,1274530,0.0,0.0
2002-08-27,20.28848568961851,20.541093511030454,19.94281004702519,20.188770294189453,2135646,0.0,0.0
2002-08-28,20.10900267107357,20.12229782172949,19.524014260498884,19.676908493041992,1433952,0.0,0.0
2002-08-29,19.676913984682514,20.20207436387284,19.48413424636864,20.089065551757812,2045712,0.0,0.0
2002-08-30,19.989351894009257,20.40815103826779,19.92952369936012,20.089065551757812,1598994,0.0,0.0
2002-09-03,19.942815606479993,19.942815606479993,19.477483497707844,19.617082595825195,2271319,0.0,0.0
2002-09-04,19.67690861147539,19.962756134012313,19.61043285779567,19.949460983276367,1791719,0.0,0.0
2002-09-05,19.45753909395336,19.690204237447922,19.165043988988895,19.25811004638672,2797362,0.0,0.0
2002-09-06,19.543960761248954,19.94281713967678,19.45754226529439,19.896284103393555,1528804,0.0,0.0
2002-09-09,19.896280026543543,19.896280026543543,19.477481004094123,19.543956756591797,2123069,0.0,0.0
2002-09-10,19.643673071775755,19.94281578063965,19.397710972182896,19.94281578063965,1530349,0.0,0.0
2002-09-11,20.109004884288733,20.182128220944325,19.776624299594467,19.83645248413086,974938,0.0,0.0
2002-09-12,19.504073712995996,19.52401644120736,19.278054344886286,19.34453010559082,1900132,0.0,0.0
2002-09-13,19.178347704144063,19.337889588069533,18.978918567522268,19.271413803100586,2366804,0.0,0.0
2002-09-16,19.244822622883845,19.35783145224441,19.045393495238557,19.337888717651367,2054003,0.0,0.0
2002-09-17,19.87633692460184,19.87633692460184,19.1451018137053,19.304643630981445,2288252,0.0,0.0
2002-09-18,19.138454033812334,19.570548232706432,18.812721045300986,19.391063690185547,2671735,0.0,0.0
2002-09-19,19.14510487487263,19.477485495724125,18.77948637010743,18.905790328979492,1868585,0.0,0.0
2002-09-20,19.37776828249125,19.8098642971119,18.97891193044585,19.45089340209961,3320874,0.0,0.0
2002-09-23,19.211579685571596,19.278055450087148,18.693066940635887,19.138456344604492,1511730,0.0,0.0
2002-09-24,18.679767895909098,18.686415470975668,18.134663177022233,18.373977661132812,2767360,0.0,0.0
2002-09-25,18.613296381842375,19.377769470214844,18.586704293809394,19.377769470214844,2201340,0.0,0.0
2002-09-26,19.28025452586658,19.4282014166439,19.038157811257573,19.367677688598633,1965263,0.4768,0.0
2002-09-27,19.13231093693436,19.40130715799515,18.493447390254076,18.59432029724121,1919805,0.0,0.0
2002-09-30,18.15720050702005,18.675016506638542,17.753707122365647,18.365671157836914,2315162,0.0,0.0
2002-10-01,18.695196828021253,20.073800700448192,18.426200554819438,20.040176391601562,2539575,0.0,0.0
2002-10-02,20.040173530722036,20.040173530722036,17.820958649080747,18.32532501220703,6289180,0.0,0.0
2002-10-03,18.32532446525949,18.621220134465904,17.820958117186795,17.94873046875,3784595,0.0,0.0
2002-10-04,17.94872684152043,17.982351137768294,16.771872867988836,17.63938331604004,2716000,0.0,0.0
2002-10-07,17.451088186066052,17.545236230296123,16.966896441883016,17.114843368530273,1993508,0.0,0.0
2002-10-08,17.182088526751485,17.471259264197005,16.402003085671605,17.430910110473633,2733494,0.0,0.0
2002-10-09,16.993794866021094,17.05431860511811,16.206982652903353,16.47597885131836,2269914,0.0,0.0
2002-10-10,16.475977806067586,16.966894350027463,16.206981624717937,16.913095474243164,3107352,0.0,0.0
2002-10-11,16.91310171735561,18.157206586386877,16.684454608443957,18.002532958984375,2960999,0.0,0.0
2002-10-14,17.854574195883938,17.995796203613285,17.410731797735508,17.99579620361328,2627330,0.0,0.0
2002-10-15,18.358946840415864,18.661567338452464,18.036153565100317,18.62794303894043,2322188,0.0,0.0
2002-10-16,18.627937430070038,18.78933401913131,18.190819865601355,18.29169273376465,1296662,0.0,0.0
2002-10-17,18.762442326796105,18.991089391373507,18.56069650725294,18.856592178344727,1511520,0.0,0.0
2002-10-18,18.829696431395714,18.829696431395714,18.13703204349307,18.742271423339844,2250592,0.0,0.0
2002-10-21,18.66829572353657,19.495457252584224,18.446375304851337,19.475282669067383,1889101,0.0,0.0
2002-10-22,19.36767951308935,19.36767951308935,18.627941384661426,18.688465118408203,1245231,0.0,0.0
2002-10-23,18.68846718912431,18.964188253615905,18.089952842217166,18.52034568786621,2990368,0.0,0.0
2002-10-24,18.99781466960567,18.99781466960567,16.677726879291775,16.792051315307617,7101605,0.0,0.0
2002-10-25,16.307861546057815,18.08995908669828,16.274237234199404,17.989086151123047,4707189,0.0,0.0
2002-10-28,17.955455231428882,17.9890813367169,17.47798832839467,17.605762481689453,2300759,0.0,0.0
2002-10-29,17.61248513407395,17.61248513407395,17.161915927389604,17.40401268005371,1932452,0.0,0.0
2002-10-30,17.41746589726412,17.558687979928415,17.175369095982447,17.48471450805664,1761226,0.0,0.0
2002-10-31,17.48471787384839,17.888211418704245,17.282972002634935,17.47799301147461,2453927,0.0,0.0
2002-11-01,17.30986327104008,17.820954372321545,17.269514115867445,17.807504653930664,1343175,0.0,0.0
2002-11-04,17.888207975240366,18.009257277095497,17.3636670086301,17.48471450805664,1773311,0.0,0.0
2002-11-05,17.48471776109148,17.881486441014836,17.41746913778734,17.760438919067383,1472314,0.0,0.0
2002-11-06,18.157201043343647,18.661567338452464,17.888204844819082,18.62794303894043,3084377,0.0,0.0
2002-11-07,18.493446814333048,18.59431971817881,17.68645997871021,17.82095718383789,1600891,0.0,0.0
2002-11-08,17.854582839208575,18.24462656608808,17.437639669263483,17.84113311767578,2570490,0.0,0.0
2002-11-11,17.686455230243475,17.881476125319324,17.013965780298562,17.1282901763916,1231460,0.0,0.0
2002-11-12,17.081220728932806,18.049606113946087,17.081220728932806,17.592313766479492,2819915,0.0,0.0
2002-11-13,17.57213735435168,18.022702991529414,17.289691421155176,17.82095718383789,2388444,0.0,0.0
2002-11-14,17.955456277739966,18.728818893432617,17.955456277739966,18.728818893432617,2002853,0.0,0.0
2002-11-15,18.338776548447466,18.661571701663135,18.217729041902352,18.493450164794922,1735722,0.0,0.0
2002-11-18,18.49344128484395,18.567414725546314,18.170646286623974,18.278244018554688,1306780,0.0,0.0
2002-11-19,18.224448857102377,18.775889147767277,18.089951664849526,18.58759307861328,1243334,0.0,0.0
2002-11-20,18.32532165504577,18.930562621861228,18.26479791884986,18.89693832397461,1848841,0.0,0.0
2002-11-21,18.930564457294945,19.717376708984375,18.708642267298384,19.717376708984375,2539083,0.0,0.0
2002-11-22,19.6703026265457,20.02672205268618,19.199560566384402,19.488731384277344,2157005,0.0,0.0
2002-11-25,19.40130832979202,20.08724594116211,19.300435416712382,20.08724594116211,1785888,0.0,0.0
2002-11-26,19.838415864502878,20.22173453907785,19.670292626922915,20.046886444091797,3261785,0.0,0.0
2002-11-27,20.053619921864236,20.71265983581543,20.006545899786065,20.71265983581543,1650776,0.0,0.0
2002-11-29,21.183398316158865,21.654140260638652,21.06907571023202,21.452394485473633,2288112,0.0,0.0
2002-12-02,21.640699062597562,21.660873648057134,20.362969909538325,20.497468948364258,2367014,0.0,0.0
2002-12-03,20.181400072930707,20.537819577111517,20.107424785232528,20.12087631225586,1885799,0.0,0.0
2002-12-04,19.831700441731233,20.43021483803548,19.56942907569428,20.07379722595215,1671082,0.0,0.0
2002-12-05,20.006543560037382,20.147767412184272,19.77117347717285,19.77117347717285,1075341,0.0,0.0
2002-12-06,19.60305820447507,20.033451191597027,19.53580958186678,20.00655174255371,1229563,0.0,0.0
2002-12-09,19.670298731377326,19.972919210994007,19.562700979488074,19.656850814819336,1711552,0.0,0.0
2002-12-10,19.636682863002935,19.804804407064765,19.549257857662006,19.784629821777344,1396713,0.0,0.0
2002-12-11,19.670306079299547,20.652141339341977,19.603057459247772,20.450393676757812,2471211,0.0,0.0
2002-12-12,20.51091386414183,20.51091386414183,19.60305404663086,19.60305404663086,2488987,0.0,0.0
2002-12-13,19.334060818275482,19.90567582726099,19.239912760724938,19.53580665588379,3282161,0.0,0.0
2002-12-16,19.49545023704515,20.436934067223714,19.32732876823754,20.416759490966797,3078615,0.0,0.0
2002-12-17,20.174670135032336,20.255368462296488,20.006546817470227,20.07379722595215,3723890,0.0,0.0
2002-12-18,19.851874854444546,20.167945102631908,19.744277085675552,19.845149993896484,3345887,0.0,0.0
2002-12-19,19.703932823898985,20.006551623840632,19.582883501493423,19.66358184814453,2296613,0.0,0.0
2002-12-20,20.107418060302734,20.114144722779127,19.838423658379746,20.107418060302734,3290311,0.0,0.0
2002-12-23,19.9392990801417,20.093972683232014,19.744278114089905,19.94602394104004,1925636,0.0,0.0
2002-12-24,20.093968592297692,20.208291204294476,20.046892773164956,20.16794204711914,729869,0.0,0.0
2002-12-26,20.24192115521333,20.611790335047804,20.215021709583816,20.30916976928711,1276005,0.0,0.0
2002-12-27,20.305767744028387,20.37377068587148,19.7889417407278,19.79574203491211,1162745,0.4768,0.0
2002-12-30,19.89094634684964,20.054155231506126,19.63253516533389,20.033754348754883,1232163,0.0,0.0
2002-12-31,19.99295729566657,20.244568242237534,19.795746893274785,20.19696617126465,1123680,0.0,0.0
2003-01-02,20.366983383029815,20.795404012561463,20.06776842541555,20.71380043029785,1636022,0.0,0.0
2003-01-03,20.591378809171882,20.659381746752786,20.25816259237904,20.638980865478516,1945801,0.0,0.0
2003-01-06,20.638988687691675,21.006206512451172,20.57098572433753,21.006206512451172,2541753,0.0,0.0
2003-01-07,20.95859980401311,21.14900805930415,20.8361944970403,20.972200393676758,2183493,0.0,0.0
2003-01-08,20.97899531354522,20.97899531354522,20.570975905526534,20.61857795715332,1797621,0.0,0.0
2003-01-09,20.618586096244638,20.999404482231455,20.536982546957525,20.808996200561523,1998356,0.0,0.0
2003-01-10,20.808996540525985,21.006205121191712,20.43497844420262,20.87019920349121,1621829,0.0,0.0
2003-01-13,20.944995880126953,21.183007983998436,20.808990005141197,20.944995880126953,2071708,0.0,0.0
2003-01-14,21.115002311128254,21.12860107421875,20.849789066617102,21.12860107421875,1491425,0.0,0.0
2003-01-15,20.945000774787985,21.026604318849465,20.768193095988114,20.910999298095703,2060678,0.0,0.0
2003-01-16,20.91100215008009,21.285020267353165,20.904201853814165,21.183015823364258,1479621,0.0,0.0
2003-01-17,21.013005044020453,21.23741662688915,20.91100060755602,20.917800903320312,1784623,0.0,0.0
2003-01-21,21.047006437581373,21.08100791626511,20.706991650743987,20.78859519958496,1990698,0.0,0.0
2003-01-22,20.68658124182345,20.88379156743899,20.509773618471684,20.57097625732422,2144077,0.0,0.0
2003-01-23,20.638978812820305,20.808987962510646,20.496172658103255,20.70698356628418,1733684,0.0,0.0
2003-01-24,20.672989234820232,20.706992537607245,19.95895632923334,20.06096076965332,1642486,0.0,0.0
2003-01-27,20.067760272996225,20.067760272996225,19.414928234801447,19.591737747192383,2511471,0.0,0.0
2003-01-28,19.673340784144905,19.93855413450348,19.380926251456923,19.72774314880371,2566204,0.0,0.0
2003-01-29,19.73454568823758,19.911355216129145,19.21092104621266,19.78894805908203,2166420,0.0,0.0
2003-01-30,19.231322842459978,19.85695378197763,18.90490677934847,19.04091453552246,5687678,0.0,0.0
2003-01-31,19.20411380858457,19.89094531488953,19.034104638497897,19.76173973083496,4395302,0.0,0.0
2003-02-03,19.571335689063687,19.714141891467406,19.30612234766708,19.496532440185547,2454700,0.0,0.0
2003-02-04,19.4625301361084,19.496533437256986,19.06131268978882,19.4625301361084,1917908,0.0,0.0
2003-02-05,19.469331715896235,19.877351269276463,19.428528120176022,19.578136444091797,1948682,0.0,0.0
2003-02-06,19.51693314813941,19.578135805753924,19.21091803742003,19.367324829101562,1838091,0.0,0.0
2003-02-07,19.48293339225358,19.516936697536835,19.0409141179843,19.19732093811035,1565269,0.0,0.0
2003-02-10,19.176910064283888,19.380918853885575,18.884495643208602,19.333316802978516,1636443,0.0,0.0
2003-02-11,19.3809258919053,19.3809258919053,18.925304273693516,19.013708114624023,1465218,0.0,0.0
2003-02-12,19.02051004726956,19.122516310539503,18.707696429359277,18.73489761352539,1676703,0.0,0.0
2003-02-13,18.666895689948273,18.782500729075437,18.3880817141121,18.592090606689453,2051333,0.0,0.0
2003-02-14,18.57168289552699,18.864097356789546,18.401675547494374,18.82329559326172,1917275,0.0,0.0
2003-02-18,18.891293734823687,19.448921340047935,18.891293734823687,19.380916595458984,2026390,0.0,0.0
2003-02-19,19.380931642228273,19.380931642228273,18.938910483781186,19.10211944580078,1072530,0.0,0.0
2003-02-20,19.027312659563133,19.11571651039636,18.66689513736521,18.70769691467285,1364956,0.0,0.0
2003-02-21,18.768900802635272,19.14971923828125,18.660096056064187,19.14971923828125,2756329,0.0,0.0
2003-02-24,19.14971579202937,19.14971579202937,18.326876398872322,18.340476989746094,3691921,0.0,0.0
2003-02-25,18.08886362406569,18.122865100100004,17.612841136938542,18.02086067199707,4867946,0.0,0.0
2003-02-26,18.109267040856516,18.333678636696245,18.034463783125624,18.231674194335938,2831789,0.0,0.0
2003-02-27,18.231669773629633,18.40167713634111,18.08886176630538,18.347274780273438,2734900,0.0,0.0
2003-02-28,18.238470049714707,18.56488418579102,18.15006439854743,18.564884185791016,3946687,0.0,0.0
2003-03-03,18.646486042884188,18.700888388686675,18.29966926574707,18.29966926574707,2141337,0.0,0.0
2003-03-04,18.30646931381091,18.313269606945152,17.57203401002042,17.64683723449707,2238156,0.0,0.0
2003-03-05,17.728446517080442,17.97325897216797,17.558439133441073,17.97325897216797,2132133,0.0,0.0
2003-03-06,17.782845624920053,17.81004679853555,17.272819974336933,17.442829132080078,2468611,0.0,0.0
2003-03-07,17.44283373404592,17.748847017956106,17.177620398676964,17.69444465637207,2586017,0.0,0.0
2003-03-10,17.57883502000271,17.748842355291465,17.20481705972113,17.24561882019043,1822283,0.0,0.0
2003-03-11,17.102818844753738,17.327228608505433,17.068817365397422,17.109619140625,2266120,0.0,0.0
2003-03-12,17.048412546942433,17.30682373046875,16.885203661016096,17.30682373046875,2053722,0.0,0.0
2003-03-13,17.918854058316253,18.292872071721177,17.687642226837244,18.28607177734375,2892635,0.0,0.0
2003-03-14,18.449273369725358,18.666884547898704,18.0616548825463,18.544477462768555,2502126,0.0,0.0
2003-03-17,18.544477103261148,19.292512893676758,18.306466875267272,19.292512893676758,2562058,0.0,0.0
2003-03-18,19.550934894691963,19.652939325458693,19.190517416669334,19.6257381439209,3061612,0.0,0.0
2003-03-19,19.632529229293922,19.714132735625476,19.27211192035025,19.380916595458984,2613911,0.0,0.0
2003-03-20,19.380916595458984,19.428518640819053,19.020499286515307,19.380916595458984,1577494,0.0,0.0
2003-03-21,19.768540191082913,20.41457176208496,19.61893372407659,20.41457176208496,3087328,0.0,0.0
2003-03-24,19.863742102119343,20.060952427571017,19.380919462259833,19.435321807861328,1800572,0.0,0.0
2003-03-25,19.380916595458984,19.6733309824597,19.265311628155953,19.380916595458984,1999832,0.0,0.0
2003-03-26,19.714660942092493,19.76283103518651,19.384364379108284,19.7421875,2078524,0.4768,0.0
2003-03-27,19.50822538946811,19.577037172715013,19.205451698856276,19.4462947845459,1519318,0.0,0.0
2003-03-28,19.30179493328419,19.466945115052948,19.23298312601642,19.460063934326172,1580375,0.0,0.0
2003-03-31,17.82920999324277,19.267383599451897,17.82920999324277,18.99901580810547,1903293,0.0,0.0
2003-04-01,18.99901591396416,19.26738370680588,18.716885764788277,19.12287712097168,2282280,0.0,0.0
2003-04-02,19.521985351322,19.783471939908686,19.3017858276187,19.611440658569336,2045853,0.0,0.0
2003-04-03,19.611453718678785,19.65962199312006,19.30179868151556,19.336206436157227,1718859,0.0,0.0
2003-04-04,19.6733818341681,19.87293793272997,19.604570022362708,19.845413208007812,2168879,0.0,0.0
2003-04-07,20.437200688453547,20.74685574733737,19.85229832774108,19.921110153198242,2688176,0.0,0.0
2003-04-08,19.95550372906425,19.989909620522468,19.563274722115082,19.71466064453125,1688296,0.0,0.0
2003-04-09,19.184813612952432,19.85917296896156,19.15040771155666,19.198575973510742,2534376,0.0,0.0
2003-04-10,19.356843718917993,19.5013484954834,19.177931198844476,19.5013484954834,1891771,0.0,0.0
2003-04-11,19.83165088648132,19.948630966791356,19.329322814941406,19.329322814941406,1754411,0.0,0.0
2003-04-14,19.32931772248587,19.8522891998291,19.32931772248587,19.8522891998291,1847015,0.0,0.0
2003-04-15,19.94862433837677,20.7124388858459,19.714662411169993,20.691795349121094,4892467,0.0,0.0
2003-04-16,20.774374516535328,20.815661599962734,20.389026560220106,20.43719482421875,3817196,0.0,0.0
2003-04-17,20.402786698595357,20.987688827754635,20.402786698595357,20.850065231323242,2949617,0.0,0.0
2003-04-21,20.911991420223913,21.159715685654334,20.801892566399495,20.891347885131836,2531846,0.0,0.0
2003-04-22,20.891352432617225,21.36615753173828,20.650511137451637,21.36615753173828,2517162,0.0,0.0
2003-04-23,21.194128129458985,21.73086205210523,21.056504519633293,21.662050247192383,3990038,0.0,0.0
2003-04-24,21.82720150876085,22.102450609683864,21.730864968951998,21.896015167236328,5348108,0.0,0.0
2003-04-25,21.89601008279482,22.0198713195017,21.07714599591426,21.242294311523438,2580326,0.0,0.0
2003-04-28,21.33174851604821,22.061157226562504,21.30422379824207,22.0611572265625,3135526,0.0,0.0
2003-04-29,22.288234240798413,22.67358022521544,22.054272334505473,22.233184814453125,3588287,0.0,0.0
2003-04-30,22.2331834290594,22.673578812379805,22.11620156103957,22.460262298583984,3111919,0.0,0.0
2003-05-01,22.460269732643923,22.460269732643923,21.579474985820706,22.040515899658203,2906968,0.0,0.0
2003-05-02,21.882251152240098,22.233193222230177,21.8340828859725,22.21942901611328,2304412,0.0,0.0
2003-05-05,22.260712891748373,22.295120635590187,21.923535076492332,22.178138732910156,1736846,0.0,0.0
2003-05-06,22.185020603675845,22.36393313105604,21.951060479681832,22.08868408203125,1982899,0.0,0.0
2003-05-07,21.951056807709996,22.019868597373872,21.61387719403136,21.820314407348633,2795394,0.0,0.0
2003-05-08,21.54506966101904,21.820318718381042,21.434970775804636,21.483139038085938,1799237,0.0,0.0
2003-05-09,21.71021424823705,21.999225616455078,21.414323545204418,21.999225616455078,1571171,0.0,0.0
2003-05-12,21.916654179820817,22.467150423515605,21.703335755739463,22.377695083618164,2110844,0.0,0.0
2003-05-13,22.36393104171989,22.36393104171989,21.909771352070436,22.012989044189453,1835281,0.0,0.0
2003-05-14,22.08867802003719,22.11620273295322,21.675805481971295,21.937292098999023,1938283,0.0,0.0
2003-05-15,21.87536439192979,22.07491858699831,21.847839675368615,21.999225616455078,2657191,0.0,0.0
2003-05-16,21.9785867301701,22.01987381374909,21.648288217212126,21.9854679107666,2769890,0.0,0.0
2003-05-19,21.985466289589407,21.985466289589407,21.159720990246804,21.228532791137695,1902380,0.0,0.0
2003-05-20,21.33863051472778,21.655166625976562,21.33863051472778,21.655166625976562,2705531,0.0,0.0
2003-05-21,21.434971082136045,21.668931216560214,21.386802819166363,21.462495803833008,2131360,0.0,0.0
2003-05-22,21.43497157106234,21.462496293387137,21.125316600582348,21.297346115112305,2212862,0.0,0.0
2003-05-23,21.290462708931788,21.393680406859897,21.118433212384943,21.36615753173828,1589931,0.0,0.0
2003-05-27,21.338636259221555,21.779035568237305,21.159725538449056,21.779035568237305,2910200,0.0,0.0
2003-05-28,21.779036439046074,21.957947166972104,21.53819323020385,21.717103958129883,2322961,0.0,0.0
2003-05-29,21.90977390035506,21.978585703104443,21.441851797333264,21.57947540283203,1907298,0.0,0.0
2003-05-30,21.57947416573862,21.98546562301157,20.9876890073674,21.882247924804688,2686560,0.0,0.0
2003-06-02,21.99923798617682,22.15062401238455,21.78591946855738,21.813446044921875,2203939,0.0,0.0
2003-06-03,21.813436126000102,22.012990342533403,21.6826918639455,21.882247924804688,1859872,0.0,0.0
2003-06-04,21.889129858624592,22.15061470308849,21.88224867850712,22.08868408203125,2647074,0.0,0.0
2003-06-05,22.019872665405273,22.1230903689699,21.882249060652434,22.019872665405273,1704385,0.0,0.0
2003-06-06,22.054279262713468,22.143734608626378,21.90289329270701,21.930418014526367,2072481,0.0,0.0
2003-06-09,21.779035568237305,21.882253291759902,21.565717095297604,21.779035568237305,1822423,0.0,0.0
2003-06-10,21.84784362333631,22.05427903484859,21.813437721417596,21.90289306640625,2057094,0.0,0.0
2003-06-11,21.90289409211656,21.909775272822547,21.565714393197055,21.744625091552734,2845841,0.0,0.0
2003-06-12,21.951054026579587,22.068034054187173,21.71021094894445,22.054271697998047,2697099,0.0,0.0
2003-06-13,22.047401649396054,22.05428283096423,21.710221908229236,21.779035568237305,2021332,0.0,0.0
2003-06-16,21.875362262400408,22.012985831808862,21.779025763814488,21.971698760986328,1957183,0.0,0.0
2003-06-17,21.9304161839679,21.98546562301157,21.75150366275009,21.882247924804688,2842890,0.0,0.0
2003-06-18,21.930417787941224,22.006110772162394,21.744624073254148,21.90289306640625,3096672,0.0,0.0
2003-06-19,21.868486710889055,21.930417333058166,21.717098901260794,21.847843170166016,2573862,0.0,0.0
2003-06-20,21.902891464446064,21.98546562301157,21.83407966564148,21.882247924804688,4551843,0.0,0.0
2003-06-23,21.882248096406943,21.882248096406943,21.538187255359972,21.565711975097656,3289679,0.0,0.0
2003-06-24,21.565717095297604,21.882253291759902,21.46938055334318,21.779035568237305,3366965,0.0,0.0
2003-06-25,21.689572524555146,21.909772119783902,21.60699836796655,21.655166625976562,2461796,0.0,0.0
2003-06-26,21.651703365015038,22.166391709632435,21.470865710416803,22.048152923583984,2688528,0.4768,0.0
2003-06-27,21.9785884496801,21.9785884496801,21.45694512877733,21.484766006469727,2073676,0.0,0.0
2003-06-30,21.429122796059605,21.714288637214395,21.35261538760032,21.533451080322266,2106698,0.0,0.0
2003-07-01,21.533450486495397,21.533450486495397,20.733596600865496,21.498674392700195,2199232,0.0,0.0
2003-07-02,21.49868131216149,21.728205469253485,21.422173881187735,21.658653259277344,1911303,0.0,0.0
2003-07-03,21.65864460404938,21.65864460404938,21.178732682825693,21.290016174316406,1532036,0.0,0.0
2003-07-07,21.276116241787324,21.735162734985355,21.220474468571915,21.73516273498535,4875464,0.0,0.0
2003-07-08,21.735156423478646,21.76993252163991,21.56127406850196,21.700380325317383,2552714,0.0,0.0
2003-07-09,21.679510998585478,21.78383927541855,21.5751827217524,21.686466217041016,1343596,0.0,0.0
2003-07-10,21.6864708556986,21.6864708556986,21.11613909201246,21.241334915161133,2500159,0.0,0.0
2003-07-11,21.359572201368113,21.554318346532508,21.283064787196388,21.470855712890625,1343104,0.0,0.0
2003-07-14,21.561274508445575,21.874261262453604,21.491722310703878,21.749067306518555,2889544,0.0,0.0
2003-07-15,21.88817522859383,21.9020856703834,21.42217356447254,21.50563621520996,2324155,0.0,0.0
2003-07-16,21.582138901910874,21.623870218108223,21.150913437034628,21.2274227142334,2238507,0.0,0.0
2003-07-17,21.081368225351017,21.324802847962765,21.060502560341803,21.283071517944336,2602388,0.0,0.0
2003-07-18,21.31784757169888,21.769938843244983,21.296981906743103,21.73516273498535,3620747,0.0,0.0
2003-07-21,21.72820159387671,21.735156813633814,21.547364016021664,21.56822967529297,3141147,0.0,0.0
2003-07-22,21.623878127507993,22.19421005249023,21.58214679604651,22.194210052490234,3109600,0.0,0.0
2003-07-23,22.256802928062406,22.395907340507343,22.027278783357634,22.222026824951172,3120280,0.0,0.0
2003-07-24,22.88972261568365,23.703486898966474,22.88972261568365,23.47396469116211,8502464,0.0,0.0
2003-07-25,23.473958636897652,23.891273498535156,23.293121140491984,23.891273498535156,3766538,0.0,0.0
2003-07-28,24.239041452185457,24.552026268183273,24.030383044016947,24.412921905517578,5454764,0.0,0.0
2003-07-29,24.412927037918912,24.489434453469425,23.870418045299473,24.378150939941406,3293262,0.0,0.0
2003-07-30,24.37815093271765,24.412927030684852,24.099940284809694,24.28773307800293,2434816,0.0,0.0
2003-07-31,24.482480271799474,24.96239230840509,24.287734114869252,24.552032470703125,3669438,0.0,0.0
2003-08-01,24.510295076831767,24.510295076831767,24.204263613330834,24.30859375,2910833,0.0,0.0
2003-08-04,24.308606673288992,24.364248448202968,23.856515387941958,24.259920120239258,1552763,0.0,0.0
2003-08-05,24.204260894177036,24.2320836278878,23.807811639048015,23.82172393798828,2031941,0.0,0.0
2003-08-06,23.50873047048777,23.974731764260273,23.439178316815635,23.64783477783203,2591638,0.0,0.0
2003-08-07,23.64783477783203,23.717386931504166,23.36267094777629,23.64783477783203,2406852,0.0,0.0
2003-08-08,23.995610866502105,23.995610866502105,23.668713696758083,23.752178192138672,2505850,0.0,0.0
2003-08-11,23.668720841982534,23.759140583926985,23.25140569577961,23.613079071044922,2520253,0.0,0.0
2003-08-12,23.61308009959985,23.68263231630147,23.314003703611974,23.606124877929688,2295840,0.0,0.0
2003-08-13,23.473965265553733,23.578293544381282,23.300084800841148,23.418323516845703,2204572,0.0,0.0
2003-08-14,23.404407863097596,23.66870611055171,23.265301658162603,23.557422637939453,3238458,0.0,0.0
2003-08-15,23.68262184364682,23.752175893761965,23.34876948694046,23.50874137878418,1179959,0.0,0.0
2003-08-18,23.793905929319703,23.807814501592745,23.564381863839742,23.72435188293457,2241318,0.0,0.0
2003-08-19,23.814778837831327,24.141674193812978,23.724359109240314,23.946928024291992,2280664,0.0,0.0
2003-08-20,23.960836119044373,24.10689573188489,23.877373483135507,23.988656997680664,2044518,0.0,0.0
2003-08-21,23.995609520399967,24.364237985069884,23.98169908264526,24.252954483032227,2853711,0.0,0.0
2003-08-22,24.24600242711753,24.27382330625626,23.79391127694274,23.856508255004883,2037983,0.0,0.0
2003-08-25,23.786952817259408,23.842596436489103,23.508744041962412,23.710445404052734,1246426,0.0,0.0
2003-08-26,23.71044671766047,23.724357157195985,23.216624249979223,23.58525276184082,2005523,0.0,0.0
2003-08-27,23.4948358277216,23.780001713571227,23.47397016759874,23.773046493530273,1331652,0.0,0.0
2003-08-28,23.821739451373013,24.009530443069522,23.50875260104118,23.974754333496094,1406690,0.0,0.0
2003-08-29,23.86346654458926,24.030391840894943,23.752183013718806,24.016481399536133,1343104,0.0,0.0
2003-09-02,24.030383133592853,24.32250416044969,23.800860934338882,24.218175888061523,1873152,0.0,0.0
2003-09-03,24.245997500475916,24.343370557675854,24.12775692399168,24.239042282104492,1779775,0.0,0.0
2003-09-04,23.724355997561993,23.870417469715914,23.599162047861757,23.78695297241211,2405658,0.0,0.0
2003-09-05,23.626982897308206,23.717400749761325,23.36268455936833,23.51569938659668,2488706,0.0,0.0
2003-09-08,23.515688272095865,23.654792594738737,23.300076571999416,23.578285217285156,2592411,0.0,0.0
2003-09-09,23.508748282389003,23.529613944299953,23.23053759273903,23.397464752197266,1437605,0.0,0.0
2003-09-10,23.397461095451497,23.404416315001463,22.681069753464406,22.827129364013672,3121123,0.0,0.0
2003-09-11,22.952325093580836,23.126205581674643,22.674114448460408,23.02187728881836,2286987,0.0,0.0
2003-09-12,23.05665419045562,23.613073635929286,22.827130073997626,23.494834899902344,2761950,0.0,0.0
2003-09-15,23.494835629661786,23.564387829485014,23.25835628609235,23.33486557006836,1906596,0.0,0.0
2003-09-16,23.307038175373425,23.57133834613473,23.307038175373425,23.50874137878418,2106417,0.0,0.0
2003-09-17,23.327905641714963,23.432235792900055,23.167935601625512,23.23748779296875,1971868,0.0,0.0
2003-09-18,23.23749281337601,23.432240855382183,23.195761489554112,23.397464752197266,1878070,0.0,0.0
2003-09-19,23.34877414586255,23.467014749732495,23.244445846127704,23.33486557006836,1787223,0.0,0.0
2003-09-22,23.334857835398207,23.334857835398207,22.799302345935907,22.868854522705078,2089484,0.0,0.0
2003-09-23,22.78539387823231,22.98014185417344,22.61846863957134,22.95927619934082,1916924,0.0,0.0
2003-09-24,22.987098304776094,23.02187439802812,22.39590099115141,22.743663787841797,2694570,0.0,0.0
2003-09-25,22.778446055041684,22.875819142539697,22.416772723021314,22.70193862915039,2641523,0.0,0.0
2003-09-26,22.698426744276478,23.00060261347243,22.698426744276478,22.902219772338867,1829520,0.4768,0.0
2003-09-29,23.401164010563825,23.44332808678266,23.155205015785253,23.232507705688477,3075032,0.0,0.0
2003-09-30,23.232512267014762,23.232512267014762,22.63518396963482,22.867088317871094,2466152,0.0,0.0
2003-10-01,22.97952421785487,23.436303650438255,22.881141361129703,23.401166915893555,2216797,0.0,0.0
2003-10-02,23.506572499099708,23.71739474843117,22.782754026249606,23.548736572265625,1978472,0.0,0.0
2003-10-03,23.54873629285106,24.5606796873316,23.54873629285106,24.20931053161621,4062196,0.0,0.0
2003-10-06,24.096858779373576,24.230378263993963,23.99847600123224,24.139022827148438,1344861,0.0,0.0
2003-10-07,24.139040226471206,24.139040226471206,23.52062997969084,23.85794448852539,2518848,0.0,0.0
2003-10-08,24.033627482168587,24.139039558168694,23.94227198200361,23.984437942504883,1576862,0.0,0.0
2003-10-09,24.103899335095324,24.27255561865681,23.85794037139971,24.040653228759766,2199021,0.0,0.0
2003-10-10,24.04065345116325,24.0968722128705,23.928214044246953,23.998489379882812,1156562,0.0,0.0
2003-10-13,24.068762065510658,24.384992590043094,24.068762065510658,24.265527725219727,1045972,0.0,0.0
2003-10-14,24.42715565199358,24.525540361290005,24.181198587506664,24.335800170898438,1404302,0.0,0.0
2003-10-15,24.413102241367035,24.659061202239087,24.32174675548664,24.58176040649414,2802701,0.0,0.0
2003-10-16,24.483390146932575,25.031525227165385,24.483390146932575,24.70826530456543,2456316,0.0,0.0
2003-10-17,24.785542406812972,24.94717315509614,24.652022909818943,24.736351013183594,2141407,0.0,0.0
2003-10-20,24.77854103078523,25.03855483880073,24.77854103078523,24.982336044311523,1571733,0.0,0.0
2003-10-21,24.982318355896854,25.340714800510405,24.912044912541564,25.20719337463379,2560653,0.0,0.0
2003-10-22,24.91204476277822,24.9190721070715,24.314716730846058,24.490402221679688,2804879,0.0,0.0
2003-10-23,23.871989942224133,25.621806042924504,23.871989942224133,25.453149795532227,3925890,0.0,0.0
2003-10-24,25.453162970628888,25.881833038141014,25.298561330494216,25.71317481994629,4060369,0.0,0.0
2003-10-27,25.89588254714289,26.176976382008824,25.713169670978054,25.966156005859375,3831459,0.0,0.0
2003-10-28,26.0012989384707,26.064545066404463,25.755339890781414,25.881834030151367,2922847,0.0,0.0
2003-10-29,25.755339730720028,26.261312518050527,25.551546653088852,26.141847610473633,2108455,0.0,0.0
2003-10-30,26.436995426721843,26.837556106179928,26.289421133474995,26.62673568725586,2391184,0.0,0.0
2003-10-31,26.739171443024123,26.8797183795071,26.37374752466616,26.48618507385254,1822494,0.0,0.0
2003-11-03,26.387780085174228,26.704012310518703,26.36669806238464,26.61968421936035,1361794,0.0,0.0
2003-11-04,26.422927185114037,26.56347594250654,26.35265374816848,26.429954528808594,1857905,0.0,0.0
2003-11-05,26.429961149333256,26.598619323751706,26.21914078568753,26.500234603881836,1493673,0.0,0.0
2003-11-06,26.458072669955655,26.746195740397816,26.33158044154291,26.697004318237305,1379219,0.0,0.0
2003-11-07,26.36671023052024,26.598614471729277,26.345628198001375,26.451038360595703,2034049,0.0,0.0
2003-11-10,26.31049308523321,26.415903254270205,26.071561485247724,26.134807586669922,1235395,0.0,0.0
2003-11-11,25.692078406259423,26.008310740413272,25.649914346172416,25.923982620239258,1577986,0.0,0.0
2003-11-12,25.888861216808383,26.155900421980267,25.783451004240533,26.141847610473633,1345985,0.0,0.0
2003-11-13,26.14184446516129,26.148869928318117,25.846694021980564,26.015350341796875,1171879,0.0,0.0
2003-11-14,26.191025801201107,26.689969105266147,26.14183439353991,26.240217208862305,2387320,0.0,0.0
2003-11-17,26.240227183479707,26.268336569971243,25.99426816817661,26.15589714050293,2528193,0.0,0.0
2003-11-18,26.155882405070198,26.212103029882442,25.692075905752258,25.79046058654785,1483204,0.0,0.0
2003-11-19,25.790468448465976,26.022370827067075,25.63586497923022,25.867769241333008,1763966,0.0,0.0
2003-11-20,25.72722300472967,26.022371494151756,25.41099059684712,25.74127769470215,1456716,0.0,0.0
2003-11-21,25.86074660584,26.09967637275696,25.474240687619357,25.57965087890625,2485966,0.0,0.0
2003-11-24,25.685050334635417,26.303460298713,25.678022991486838,26.071556091308594,1940391,0.0,0.0
2003-11-25,26.247244095323307,26.35265425276,26.00128517780293,26.205080032348633,1453414,0.0,0.0
2003-11-26,26.205091202958375,26.6899800173652,26.205091202958375,26.60565185546875,1817716,0.0,0.0
2003-11-28,26.45806602987331,26.612667603577997,26.38779258728027,26.387792587280273,545856,0.0,0.0
2003-12-01,26.5634678658505,27.055381774902347,26.50021990832873,27.055381774902344,2221575,0.0,0.0
2003-12-02,27.048374290269408,27.266222023321838,26.957016905809862,27.027292251586914,2329706,0.0,0.0
2003-12-03,26.985112895752902,27.652714222982997,26.985112895752902,27.427837371826172,2192557,0.0,0.0
2003-12-04,27.427844044892105,27.77921315084171,27.315406533708742,27.617584228515625,2352189,0.0,0.0
2003-12-05,27.364595814339765,27.53325395148527,27.048365338757154,27.160802841186523,1742818,0.0,0.0
2003-12-08,27.16080804069834,27.512177186555704,27.062425207238785,27.505149841308594,1300597,0.0,0.0
2003-12-09,27.891663261432328,28.243032526104788,27.786253047081324,28.00410270690918,4016104,0.0,0.0
2003-12-10,28.109500132028586,28.109500132028586,27.68083023853451,27.75813102722168,3421769,0.0,0.0
2003-12-11,27.765158951253976,27.926789759930102,27.568393303215455,27.891651153564453,1957324,0.0,0.0
2003-12-12,27.891662589052174,28.032211421634436,27.800307072150265,28.01112937927246,1762421,0.0,0.0
2003-12-15,28.130594845253206,28.228977711565054,27.891663143564852,28.025184631347656,1658786,0.0,0.0
2003-12-16,27.954900129841974,28.320323944091797,27.898681371265337,28.320323944091797,2082950,0.0,0.0
2003-12-17,28.16571627815144,28.17274362192653,27.9197592460233,28.144634246826172,1853479,0.0,0.0
2003-12-18,28.039226651716326,28.63655281066895,27.91976179662612,28.636552810668945,2521729,0.0,0.0
2003-12-19,28.636554817502386,28.64358216241193,28.250048963975786,28.496007919311523,2456808,0.0,0.0
2003-12-22,28.49598988344289,28.973850918342613,28.4046344574401,28.96682357788086,1827974,0.0,0.0
2003-12-23,28.882511160526494,29.037112734553332,28.812237717787024,29.001976013183594,1240172,0.0,0.0
2003-12-24,28.994949143021177,29.198744013799548,28.924675699132628,29.156578063964844,657922,0.0,0.0
2003-12-26,29.163618179424695,29.30416511967178,29.065233437749455,29.262001037597656,388401,0.0,0.0
2003-12-29,29.22303836502622,29.754365921020508,28.982168834976633,29.754365921020508,2415284,0.4768,0.0
2003-12-30,29.57723824051067,29.71892499080368,28.88296936652066,29.088417053222656,2015149,0.0,0.0
2003-12-31,29.038840061734838,29.499324110996998,28.975080994744726,29.449731826782227,1675297,0.0,0.0
2004-01-02,29.449734397852247,29.577254441743456,29.067179962513165,29.138023376464844,1581218,0.0,0.0
2004-01-05,29.159275764403205,30.165256018123245,29.138022740681436,29.690603256225586,1851652,0.0,0.0
2004-01-06,29.541832628331807,29.605591700658607,29.01050322805215,29.350553512573242,1498100,0.0,0.0
2004-01-07,29.187615333203542,29.47099090300181,28.833396345650275,29.41431427001953,2451749,0.0,0.0
2004-01-08,29.385970428100226,30.05898654603889,29.37180174767111,30.030649185180664,2050279,0.0,0.0
2004-01-09,29.789783074650963,29.796867415663506,29.045925369555913,29.10260009765625,1737970,0.0,0.0
2004-01-12,28.982153489695946,29.470976633072457,28.8758884145173,29.428468704223633,2388022,0.0,0.0
2004-01-13,29.541829221326523,29.612672626852724,29.053007824417787,29.223031997680664,2137473,0.0,0.0
2004-01-14,29.265545585294117,29.329304666704004,28.975087547760186,29.074268341064453,1638340,0.0,0.0
2004-01-15,29.187606704573625,29.22302840297953,28.805050463012122,28.826303482055664,1790876,0.0,0.0
2004-01-16,29.038833982553985,29.16635208983873,28.904229637198025,29.12384605407715,2170495,0.0,0.0
2004-01-20,28.691706495483594,29.031756763756555,28.67753781342131,28.769634246826172,2274692,0.0,0.0
2004-01-21,28.712959125775686,29.39305775423958,28.23122204347016,29.258455276489258,3588568,0.0,0.0
2004-01-22,29.18759641150735,29.18759641150735,28.83337765358655,28.897136688232422,2839869,0.0,0.0
2004-01-23,28.805054449806406,28.989247307010526,28.443751177281882,28.521678924560547,2684101,0.0,0.0
2004-01-26,28.479168938900067,28.86880952014275,28.479168938900067,28.826303482055664,2408890,0.0,0.0
2004-01-27,28.83339657769817,29.038844389619364,28.67045671555036,28.748384475708008,2638783,0.0,0.0
2004-01-28,28.748382146428273,29.825205815279475,28.69170741636012,29.116769790649414,4677680,0.0,0.0
2004-01-29,30.28567250318651,30.28567250318651,28.904219242624684,29.230100631713867,5006149,0.0,0.0
2004-01-30,29.32929630167899,29.811033344824537,29.27262157881221,29.718936920166016,3248436,0.0,0.0
2004-02-02,29.400149837107787,29.789788665929372,29.39306359598714,29.527667999267578,3066109,0.0,0.0
2004-02-03,29.556000044152768,29.57725306735069,28.861730822131154,29.038841247558594,2910341,0.0,0.0
2004-02-04,28.86881307127171,29.449730895364507,28.826307027955988,29.223031997680664,2669136,0.0,0.0
2004-02-05,29.223034835568516,29.85354310475915,29.12385405820026,29.690603256225586,2431303,0.0,0.0
2004-02-06,29.5772466762561,30.10857404017223,29.470981583228408,29.803945541381836,2063699,0.0,0.0
2004-02-09,29.82520155324632,29.89604495570796,29.577249644630577,29.605587005615234,2108666,0.0,0.0
2004-02-10,29.896043777465817,30.101491535285486,29.470983379448157,29.89604377746582,1716119,0.0,0.0
2004-02-11,29.75435787711196,30.958701404216246,29.718936176206938,30.90911102294922,3824995,0.0,0.0
2004-02-12,30.675326480637448,31.142894840239407,30.64698911937538,31.050798416137695,3255743,0.0,0.0
2004-02-13,30.88785794483414,31.171233450323978,30.448626955652706,30.668241500854492,2178364,0.0,0.0
2004-02-17,30.4627856575464,30.923269516394356,30.4627856575464,30.554882049560547,1841464,0.0,0.0
2004-02-18,30.49823069964422,31.072064403439406,30.462808983285175,30.817028045654297,1790314,0.0,0.0
2004-02-19,30.802849799940002,31.14289817145826,30.554895963596515,30.576148986816406,1946434,0.0,0.0
2004-02-20,30.78158901655365,31.02245655232204,30.16524770100283,30.33527374267578,2690003,0.0,0.0
2004-02-23,30.391953643301886,30.49113441024917,30.335278919332012,30.434459686279297,1688085,0.0,0.0
2004-02-24,30.25027789359229,30.533653533615617,30.108591022970003,30.34946060180664,1874065,0.0,0.0
2004-02-25,30.349454066958607,31.086227534331105,30.299861774140272,30.994131088256836,2714875,0.0,0.0
2004-02-26,30.583228498990152,30.739083977994085,30.505300759488186,30.561975479125977,1661034,0.0,0.0
2004-02-27,30.561974094358945,31.06496410713162,30.54072107545775,30.795759201049805,2065666,0.0,0.0
2004-03-01,30.831178950162546,31.3270845919518,30.831178950162546,31.00828742980957,2338348,0.0,0.0
2004-03-02,31.00828157056126,31.11454663826989,30.540713373866062,30.554882049560547,1996248,0.0,0.0
2004-03-03,30.462797164916996,30.533640570150624,30.27151807200825,30.462797164916992,2308909,0.0,0.0
2004-03-04,30.476960081841536,30.760333649181476,30.321102721026982,30.675321578979492,1401210,0.0,0.0
2004-03-05,30.2856736033859,30.462782028467746,29.860611484412466,29.973960876464844,3020299,0.0,0.0
2004-03-08,29.81811880000414,30.094409983087406,29.619757262554188,29.641010284423828,3380245,0.0,0.0
2004-03-09,30.639907773910494,30.639907773910494,28.684622060600073,28.98216438293457,4276069,0.0,0.0
2004-03-10,28.854647205105543,28.93257495878667,28.018691140788082,28.27372932434082,3719534,0.0,0.0
2004-03-11,27.47320038472942,28.54293992107297,27.274836892003737,27.614887237548828,5204987,0.0,0.0
2004-03-12,28.124951793930872,28.33748198315037,27.629044221529966,27.89116668701172,2778672,0.0,0.0
2004-03-15,27.72822561750142,27.72822561750142,26.991450530739147,27.154390335083008,2426596,0.0,0.0
2004-03-16,27.50153182086495,27.770738681909435,27.133144184248643,27.437772750854492,2652484,0.0,0.0
2004-03-17,27.310252215971584,28.089533467541926,27.310252215971584,27.777820587158203,2543228,0.0,0.0
2004-03-18,27.714050803504144,27.912412260531077,27.593615162960585,27.82740020751953,1980159,0.0,0.0
2004-03-19,27.82741366552717,27.98326917142381,27.692809284383767,27.73531723022461,2820758,0.0,0.0
2004-03-22,27.40234810112672,27.621962652011334,26.559307801788044,26.729331970214844,3141639,0.0,0.0
2004-03-23,27.033956299109423,27.96200853830814,26.92060687112243,27.643213272094727,3325231,0.0,0.0
2004-03-24,27.522784423899395,27.96909980593499,27.352760239801288,27.685726165771484,2820337,0.0,0.0
2004-03-25,27.81322848676791,28.528748420050523,27.74238511701488,28.30204963684082,2151384,0.0,0.0
2004-03-26,28.16745656621795,28.40123976385557,27.912418451835645,28.153287887573242,1475897,0.0,0.0
2004-03-29,28.60698624431388,29.221423169211576,28.578407960822933,29.049951553344727,2795886,0.4768,0.0
2004-03-30,28.93562348666998,29.007069158526615,28.72842912336555,28.828453063964844,1852495,0.0,0.0
2004-03-31,28.878472070768783,28.92133948148528,28.571253712380024,28.778446197509766,1199843,0.0,0.0
2004-04-01,28.78558642097679,29.471468718752604,28.78558642097679,28.95705795288086,1506601,0.0,0.0
2004-04-02,29.2428430441744,29.893000600861345,29.2428430441744,29.57149314880371,1919032,0.0,0.0
2004-04-05,29.535766379488525,29.635790311060337,29.02850024016861,29.342863082885742,1933787,0.0,0.0
2004-04-06,29.264271442073408,29.578632354736328,29.128522769412687,29.578632354736328,1273968,0.0,0.0
2004-04-07,29.35001257623113,29.42860282137287,28.82131264853911,29.099950790405273,1418213,0.0,0.0
2004-04-08,29.357158958855376,29.49290575431036,28.914193816660777,29.13567543029785,1234903,0.0,0.0
2004-04-12,29.135667335609572,29.785826689365894,29.114233637018916,29.578632354736328,1141386,0.0,0.0
2004-04-13,29.757255111778942,29.807267086396077,28.999927094878778,29.142818450927734,2238859,0.0,0.0
2004-04-14,29.04994277989777,29.90729485553744,29.04994277989777,29.29286003112793,1919313,0.0,0.0
2004-04-15,29.528634771769802,29.628658747237747,29.114247815624605,29.3714542388916,2078102,0.0,0.0
2004-04-16,29.585791123691887,29.792985557785837,29.321442047505492,29.78584098815918,1680426,0.0,0.0
2004-04-19,29.778685338109458,29.85727557475988,29.435744208714773,29.7929744720459,1460440,0.0,0.0
2004-04-20,29.750110241730894,29.957302705896915,28.985637664794922,28.985637664794922,1401913,0.0,0.0
2004-04-21,28.7927295904545,29.214259017039687,28.442643914472217,29.192825317382812,2131430,0.0,0.0
2004-04-22,29.19283451683571,30.185935325317192,29.085665984779634,29.90729522705078,1983461,0.0,0.0
2004-04-23,29.600066053326984,30.3002373704615,29.185679298987765,29.578632354736328,1479270,0.0,0.0
2004-04-26,29.742962863586236,30.164494234737937,29.69295089420283,29.800119400024414,1619229,0.0,0.0
2004-04-27,29.900145658134996,30.328821629593712,29.714386900301676,29.921579360961914,2041145,0.0,0.0
2004-04-28,29.7286971178981,29.82157656268107,29.14283832865453,29.2357177734375,1846944,0.0,0.0
2004-04-29,29.271428216740627,29.335729339331177,27.863940429242444,28.342628479003906,4200258,0.0,0.0
2004-04-30,28.5784038222112,28.671283230106347,28.156872286843097,28.35692024230957,2724642,0.0,0.0
2004-05-03,28.628402850959755,28.64269198416722,28.185437806608284,28.442644119262695,2251084,0.0,0.0
2004-05-04,28.571244050424465,28.899896003031035,28.264025795927896,28.849882125854492,2420553,0.0,0.0
2004-05-05,28.849892183895232,28.849892183895232,28.435507209300013,28.556964874267578,1396432,0.0,0.0
2004-05-06,28.256884025912495,28.40692184244864,27.92108938896222,28.11399269104004,1913622,0.0,0.0
2004-05-07,27.89966032166245,28.12114192749331,27.070886611938477,27.070886611938477,3446852,0.0,0.0
2004-05-10,26.892278423394632,26.985157833854736,26.2206869251468,26.5064697265625,5008116,0.0,0.0
2004-05-11,26.642213584659068,27.206636428833008,26.606488826114845,27.206636428833008,2941045,0.0,0.0
2004-05-12,27.056606921789474,27.056606921789474,26.256413062717538,26.64936637878418,4214380,0.0,0.0
2004-05-13,26.61363132813189,27.22092345241491,26.50646280558328,26.899415969848633,2016694,0.0,0.0
2004-05-14,26.906554452932454,27.113748797921915,26.67792832320065,26.89226531982422,2076627,0.0,0.0
2004-05-17,26.720817443679376,26.74939573312693,25.97063351583793,26.33500862121582,2226704,0.0,0.0
2004-05-18,26.52788957164355,26.827963271214923,26.142081076457476,26.68507194519043,2269352,0.0,0.0
2004-05-19,27.07802299147259,27.671025822117894,26.613624268692977,26.720794677734375,2640118,0.0,0.0
2004-05-20,26.72080177688735,26.999439935631433,26.456450839568674,26.520751953125,1209258,0.0,0.0
2004-05-21,26.706504501721327,27.306649960272868,26.706504501721327,26.963708877563477,2248695,0.0,0.0
2004-05-24,27.50669893902886,27.685315011182517,27.035155649011905,27.249494552612305,2233449,0.0,0.0
2004-05-25,27.156619736080327,27.82106642711878,26.842256851813826,27.642452239990234,2082177,0.0,0.0
2004-05-26,27.7210433956544,28.156863941527334,27.54242920264104,27.849645614624023,2011495,0.0,0.0
2004-05-27,28.185457290002528,28.59984435438702,28.17116814691759,28.49267578125,2463201,0.0,0.0
2004-05-28,28.428348719010366,28.57838458461327,28.249732678373018,28.506938934326172,1411820,0.0,0.0
2004-06-01,28.27118599523788,28.428368449882477,28.035415185652372,28.292619705200195,2047469,0.0,0.0
2004-06-02,28.52837413699575,28.871315191416162,28.25687873663799,28.799869537353516,2125950,0.0,0.0
2004-06-03,28.62841326809629,28.678425252520483,27.435264466356923,27.470989227294922,5097347,0.0,0.0
2004-06-04,27.79249835090185,28.31405388353344,27.685329799317476,28.035415649414062,2351698,0.0,0.0
2004-06-07,28.256887620401596,28.57839507968286,28.07827342908995,28.449792861938477,2037632,0.0,0.0
2004-06-08,28.27832404265022,28.428361892700195,28.15686638087873,28.428361892700195,1999761,0.0,0.0
2004-06-09,28.30690242483216,28.749867578504567,28.235456741162498,28.39263916015625,2056532,0.0,0.0
2004-06-10,28.3926400176042,28.635555349417015,28.285469573942702,28.485519409179688,2050911,0.0,0.0
2004-06-14,28.22116826875484,28.314047659711786,28.092566035122154,28.178300857543945,1659418,0.0,0.0
2004-06-15,28.278328747574154,28.50695688739758,27.856797230489146,28.028268814086914,1872800,0.0,0.0
2004-06-16,28.035413024982024,28.19973812202871,27.50671105681634,28.0211238861084,2174359,0.0,0.0
2004-06-17,28.028264248381134,28.028264248381134,27.80678071416481,27.899662017822266,1398189,0.0,0.0
2004-06-18,27.935379395734113,28.62126170141932,27.9282348282774,28.585538864135742,2782536,0.0,0.0
2004-06-21,28.578397937697375,28.671277326467937,28.364060886688385,28.39263916015625,1847928,0.0,0.0
2004-06-22,28.03541200440462,28.35691761735736,27.749627322414803,28.342628479003906,2733424,0.0,0.0
2004-06-23,28.21401941061147,29.149961576258182,28.18544114081586,29.114238739013672,3012430,0.0,0.0
2004-06-24,28.97848995084857,29.207116093382066,28.835598611765132,28.885610580444336,2668503,0.0,0.0
2004-06-25,28.88561234359112,29.24284262802478,28.635550570011485,28.80702018737793,1929852,0.0,0.0
2004-06-28,29.069990333942705,29.314942798716864,28.817835372667755,28.918697357177734,1957113,0.4768,0.0
2004-06-29,28.925887903246867,29.50224375482053,28.832230391147682,29.487836837768555,2179137,0.0,0.0
2004-06-30,29.466235933631214,29.466235933631214,29.149239213278946,29.322145462036133,1842307,0.0,0.0
2004-07-01,29.214084687269363,29.358173255671904,28.349549414925203,28.623319625854492,2631335,0.0,0.0
2004-07-02,28.56567548324468,28.56567548324468,27.924477687550784,28.385562896728516,1260267,0.0,0.0
2004-07-06,28.277493359846837,28.29910663611041,27.953292284929606,28.075767517089844,1342191,0.0,0.0
2004-07-07,28.227067468928357,28.64492614962678,28.1478168440492,28.421586990356445,1415122,0.0,0.0
2004-07-08,28.38557060441818,28.49363702709342,28.126209259033203,28.126209259033203,1345283,0.0,0.0
2004-07-09,28.385568377707855,28.428794943387036,27.99652735563097,28.20545768737793,1303477,0.0,0.0
2004-07-12,28.248691302883426,28.45041532639578,28.1190096425179,28.363962173461914,1112719,0.0,0.0
2004-07-13,28.43599589910238,28.443200325835953,28.09738591166052,28.19824981689453,1081875,0.0,0.0
2004-07-14,27.92448566097586,28.63772792254648,27.823623665066926,28.155029296875,1777316,0.0,0.0
2004-07-15,28.263096118794188,28.39998025802547,27.982121480986578,28.147823333740234,1118411,0.0,0.0
2004-07-16,28.781810633028382,28.781810633028382,27.989319821603374,28.414382934570312,2183564,0.0,0.0
2004-07-19,28.479222191883643,28.52965317854474,28.176636271917065,28.277498245239258,1871044,0.0,0.0
2004-07-20,28.27750419414392,28.500841467770694,27.90287199774106,28.45761489868164,1488825,0.0,0.0
2004-07-21,28.74578849896034,29.134829477859235,28.284703251925357,28.414382934570312,2778040,0.0,0.0
2004-07-22,28.320719297758945,28.349536998818305,27.665112736731235,27.93888282775879,2362869,0.0,0.0
2004-07-23,27.902858545917365,28.03974261537493,27.492204406581195,27.79479217529297,1425591,0.0,0.0
2004-07-26,27.794802330028418,27.917277594815314,27.412965750022735,27.672325134277344,1221062,0.0,0.0
2004-07-27,27.67232874023909,28.342344432134453,27.340925039395444,28.155029296875,1836686,0.0,0.0
2004-07-28,28.227065519842505,28.529651421170346,27.924477687550784,28.385562896728516,1558805,0.0,0.0
2004-07-29,28.760198021053434,29.257305413710597,28.508041145752284,29.178056716918945,2568592,0.0,0.0
2004-07-30,28.947518662916693,29.026767374876002,28.60170610163971,28.738590240478516,2455824,0.0,0.0
2004-08-02,28.67374146176609,28.933100802009353,28.55126428679848,28.875465393066406,1382732,0.0,0.0
2004-08-03,28.817830765864798,28.817830765864798,28.399972108729333,28.637720108032227,1212841,0.0,0.0
2004-08-04,28.472020923383617,28.95471949450273,28.20545710717867,28.918697357177734,1823056,0.0,0.0
2004-08-05,28.9186849052632,28.925889329626088,28.241467084188084,28.342329025268555,1659348,0.0,0.0
2004-08-06,27.96771748372198,28.07578392820784,27.593085211872882,27.722766876220703,2795324,0.0,0.0
2004-08-09,27.80922066884629,28.097397860743303,27.737174439907204,27.96771812438965,1953670,0.0,0.0
2004-08-10,28.025346038801743,28.37116050720215,27.98211947162223,28.37116050720215,2202112,0.0,0.0
2004-08-11,28.032546016536255,28.53685781786939,27.931684042462432,28.421586990356445,1778651,0.0,0.0
2004-08-12,28.270291488078108,28.270291488078108,27.852432844940274,27.989316940307617,1158881,0.0,0.0
2004-08-13,27.910082046662858,27.96771748372198,27.3481346043716,27.722766876220703,1658575,0.0,0.0
2004-08-16,27.874043227781897,28.702556001925082,27.830816675840197,28.565671920776367,2598313,0.0,0.0
2004-08-17,28.961925317718585,28.976334173342984,28.745792483352623,28.81783676147461,2853500,0.0,0.0
2004-08-18,28.695358178223902,29.178056716918945,28.472019010846985,29.178056716918945,2265769,0.0,0.0
2004-08-19,28.925899841617795,29.40859838031284,28.904286560674617,29.178056716918945,2777337,0.0,0.0
2004-08-20,29.19967948544931,29.58872059979819,29.10602190426423,29.473447799682617,2546601,0.0,0.0
2004-08-23,29.646346882133557,29.646346882133557,29.242897033691406,29.242897033691406,1651690,0.0,0.0
2004-08-24,29.32215133608739,29.53828612129584,29.300538050662993,29.46624183654785,2094684,0.0,0.0
2004-08-25,29.466238900629087,30.222705746075597,29.28612627574046,30.15066146850586,2712908,0.0,0.0
2004-08-26,30.006567992364833,30.863898616773195,30.006567992364833,30.690990447998047,3346660,0.0,0.0
2004-08-27,30.662173217835086,30.899921229481308,30.561311244212327,30.755830764770508,1970041,0.0,0.0
2004-08-30,30.626150608818858,30.907125176225993,30.597332902516992,30.690990447998047,1977489,0.0,0.0
2004-08-31,30.647767499526807,30.943150954887546,30.633358644678196,30.842288970947266,2303780,0.0,0.0
2004-09-01,30.70538741613435,30.97915745099892,30.53248124524929,30.662160873413086,2329776,0.0,0.0
2004-09-02,30.66217437928786,31.04401093914447,30.59733453664573,30.770240783691406,2859191,0.0,0.0
2004-09-03,30.835080334636544,31.12325934128393,30.79906013114018,30.849491119384766,2424488,0.0,0.0
2004-09-07,31.159279748872706,31.27455250372159,31.072826630959007,31.252939224243164,2052387,0.0,0.0
2004-09-08,31.07282746997747,31.116054030101505,30.662173217835086,30.755830764770508,1803523,0.0,0.0
2004-09-09,30.950344023315214,31.159272341941904,30.503667755977425,30.914321899414062,1979456,0.0,0.0
2004-09-10,30.55410989577784,30.640563024735865,30.25872644087373,30.510883331298828,2672578,0.0,0.0
2004-09-13,30.582920468637326,30.62614702302904,30.345172488519143,30.352378845214844,1713519,0.0,0.0
2004-09-14,30.770237439059045,30.770237439059045,29.912906862052008,30.316356658935547,2168106,0.0,0.0
2004-09-15,30.424431896086407,30.57572682075214,30.179481334855723,30.366798400878906,2184196,0.0,0.0
2004-09-16,30.366795762366042,30.791856993451237,30.345180548465247,30.676586151123047,1542645,0.0,0.0
2004-09-17,30.763036419477427,30.950353451789713,30.525290329304696,30.546903610229492,1504634,0.0,0.0
2004-09-20,30.554104977337726,30.979168057254437,30.460447436043033,30.791851043701172,1440064,0.0,0.0
2004-09-21,30.856695518033824,30.964761921316164,30.647765207390584,30.813467025756836,1062624,0.0,0.0
2004-09-22,30.6405660160389,30.763041294019487,30.453250885009766,30.453250885009766,1658364,0.0,0.0
2004-09-23,30.46043512565165,30.518070512386174,30.013758947495962,30.064189910888672,2674405,0.0,0.0
2004-09-24,30.222696362734855,30.87109852147948,30.179469809613707,30.741416931152344,3010111,0.0,0.0
2004-09-27,30.59013144223263,31.123260991478045,30.52529159676599,30.928741455078125,2036016,0.0,0.0
2004-09-28,31.10663113857881,31.927135868251685,31.099370051998964,31.796436309814453,3375607,0.4768,0.0
2004-09-29,31.803704676671963,32.544339569657645,31.803704676671963,32.52255630493164,4921414,0.0,0.0
2004-09-30,32.46446726641662,32.96548429613289,32.326504645081215,32.80574035644531,4238972,0.0,0.0
2004-10-01,32.79849231212218,33.016325056707466,32.50078756118895,32.9437141418457,3414672,0.0,0.0
2004-10-04,33.03810510778164,33.284982179682295,32.87109808357993,32.89288330078125,3687706,0.0,0.0
2004-10-05,32.82026665225785,33.09618803725993,32.529821142946844,32.96548843383789,3784314,0.0,0.0
2004-10-06,33.02358347035841,33.6916076858525,32.84205426247029,33.66256332397461,2599718,0.0,0.0
2004-10-07,33.45198023974034,33.57542068876353,32.958222335949046,32.994529724121094,2152087,0.0,0.0
2004-10-08,32.89286792039462,32.96547878994268,32.44993967000114,32.74038314819336,1631736,0.0,0.0
2004-10-11,32.68230325832071,33.038098561120336,32.60243128029752,32.638736724853516,863786,0.0,0.0
2004-10-12,32.42090143096425,32.57338624105018,32.0288026379883,32.46446990966797,1243826,0.0,0.0
2004-10-13,32.52256213450702,32.58065085085528,31.44065395406759,31.78192710876465,2427860,0.0,0.0
2004-10-14,31.781923767092064,31.927145542693538,31.447911737057836,31.57861328125,1656538,0.0,0.0
2004-10-15,32.02153033434141,32.34101812783514,31.527772579368982,32.101402282714844,1895003,0.0,0.0
2004-10-18,31.876323712214358,32.59517552433736,31.723840820131198,32.39912414550781,1459527,0.0,0.0
2004-10-19,32.420901525889384,32.63147504666236,31.52052457100941,31.57861328125,2042129,0.0,0.0
2004-10-20,31.237346697057784,31.789191505936078,31.135691432871223,31.164735794067383,3359237,0.0,0.0
2004-10-21,31.186512537906133,31.360778668610752,30.5039663003447,30.91058921813965,3445447,0.0,0.0
2004-10-22,31.034031621609994,32.68956980179878,30.366009423933164,31.658489227294922,8671020,0.0,0.0
2004-10-25,31.426123277764226,32.10866940260672,31.295423701320118,31.81822395324707,2541191,0.0,0.0
2004-10-26,31.992507213257973,32.23938430837192,31.56410089617351,32.18855667114258,2262677,0.0,0.0
2004-10-27,32.1667538421782,32.84929987660509,31.87630843129332,32.68229293823242,2911676,0.0,0.0
2004-10-28,32.38460513203141,32.42817167426861,31.51327039498478,31.999765396118164,2762442,0.0,0.0
2004-10-29,31.890842355673893,32.783960231129626,31.890842355673893,32.63147735595703,2345304,0.0,0.0
2004-11-01,32.52982484839811,33.01631787210736,32.37007892431259,32.81300735473633,2943434,0.0,0.0
2004-11-02,32.78394792169975,33.088913557539115,32.522548805266005,32.67503356933594,1982829,0.0,0.0
2004-11-03,33.10344498608886,33.47375851488118,33.045352391835905,33.3212776184082,2890106,0.0,0.0
2004-11-04,33.321279336039595,34.308791212425604,33.038094953276406,34.272483825683594,3406663,0.0,0.0
2004-11-05,34.49033599878433,34.91147930058221,34.424984229940016,34.5847282409668,3825557,0.0,0.0
2004-11-08,34.56294092330298,34.853384529382886,34.45402262487181,34.65007400512695,2386477,0.0,0.0
2004-11-09,34.59196976763496,35.18011975228248,34.59196976763496,34.93324279785156,4180585,0.0,0.0
2004-11-10,34.95502581842921,35.25273234180575,34.8678927714362,35.14381408691406,3974721,0.0,0.0
2004-11-11,35.14381329875347,35.397953292933984,35.05668025371457,35.25999069213867,2142531,0.0,0.0
2004-11-12,35.29630162984292,35.9062368988673,35.29630162984292,35.840885162353516,3162226,0.0,0.0
2004-11-15,35.615803758003466,35.746507283377916,35.23096400336313,35.50688934326172,2254597,0.0,0.0
2004-11-16,35.25999696766754,35.637577455671504,35.180126941650435,35.209171295166016,2429476,0.0,0.0
2004-11-17,35.869931407832986,36.29107841582568,35.32534784656421,35.4705696105957,5324079,0.0,0.0
2004-11-18,35.652092480904486,36.30559419621921,35.594003785525466,35.81909942626953,2497980,0.0,0.0
2004-11-19,36.01516531759305,36.01516531759305,35.28179321576145,35.492366790771484,2057586,0.0,0.0
2004-11-22,35.49962237529827,36.05872824545444,35.3616636129287,35.94981384277344,2059483,0.0,0.0
2004-11-23,36.05146011678269,36.269292760157796,35.80458312095758,36.04419708251953,2484209,0.0,0.0
2004-11-24,36.1894264872032,36.37095567450153,36.10229341145252,36.34191131591797,2115551,0.0,0.0
2004-11-26,36.45082504801302,36.85018687474164,36.35642894827109,36.61056900024414,1019413,0.0,0.0
2004-11-29,36.45082831949347,36.98088979107537,36.31286567494264,36.88649368286133,2113584,0.0,0.0
2004-11-30,36.70495843638402,37.13336454028875,36.625084528618345,36.64686584472656,2081826,0.0,0.0
2004-12-01,36.73400918596753,37.27859278346421,36.61056873217832,37.04623794555664,2062575,0.0,0.0
2004-12-02,36.915525564678255,37.053488162604104,36.05145427319714,36.262027740478516,2556718,0.0,0.0
2004-12-03,36.08778110645403,36.46536176365562,35.86268921199314,36.13134765625,3079458,0.0,0.0
2004-12-06,36.196682672981424,36.47986706173116,36.109549613720176,36.370948791503906,2054424,0.0,0.0
2004-12-07,36.44356385205242,36.5960486693909,35.28904873833852,35.347137451171875,3074681,0.0,0.0
2004-12-08,34.889681371977,35.325350590210356,34.41044951345214,35.28178405761719,3627773,0.0,0.0
2004-12-09,35.034922573401076,35.57224338028788,34.3233316665719,35.44880676269531,2632951,0.0,0.0
2004-12-10,35.5867560358815,35.90624788997886,35.18013499359696,35.37618637084961,1823548,0.0,0.0
2004-12-13,35.45604459045382,35.89171373990698,35.412478064738615,35.80458068847656,1670730,0.0,0.0
2004-12-14,35.717434084132194,36.16036225525378,35.57947540283203,35.57947540283203,2402988,0.0,0.0
2004-12-15,35.85541295892696,36.160378695097066,35.528662009736685,36.05872344970703,2513789,0.0,0.0
2004-12-16,35.86992777440447,36.12406778186726,35.60126559200954,35.775535583496094,1759118,0.0,0.0
2004-12-17,35.688410713273996,36.24025743965916,35.681151569502994,35.94981384277344,3764360,0.0,0.0
2004-12-20,36.10229341145252,36.49439614463274,36.015160335701836,36.34191131591797,2118502,0.0,0.0
2004-12-21,36.3419179855172,36.66140988087282,36.0006447633776,36.60331726074219,2084917,0.0,0.0
2004-12-22,36.60331950634096,37.176951567286615,36.537971629677074,36.84293746948242,2666747,0.0,0.0
2004-12-23,36.84292654750941,37.08254443961688,36.66866040499559,36.86471176147461,1125507,0.0,0.0
2004-12-27,36.92277715113082,37.24952790808324,36.7049446105957,36.7049446105957,1709233,0.0,0.0
2004-12-28,36.85017136678624,36.930041363138635,36.4290245049281,36.45806884765625,2384088,0.0,0.0
2004-12-29,36.57870080531288,36.717586188782334,36.374020802899864,36.549461364746094,1563091,0.4768,0.0
2004-12-30,36.732215078488416,36.8053136981529,36.395961428031775,36.47636795043945,1620634,0.0,0.0
2004-12-31,36.58600514482265,36.58600514482265,36.16203329787519,36.1912727355957,1418494,0.0,0.0
2005-01-03,36.46174985222019,36.76876403550583,36.0450857871094,36.15473175048828,2760756,0.0,0.0
2005-01-04,36.154723178144685,36.4909806461766,35.01438113501442,35.37256622314453,3809468,0.0,0.0
2005-01-05,35.4529768610171,35.78192254846132,34.75853814221586,35.01438522338867,2136840,0.0,0.0
2005-01-06,35.01437579742589,35.73074586448273,35.01437579742589,35.416419982910156,2133046,0.0,0.0
2005-01-07,35.56994005281814,35.65034656389207,35.05824586884637,35.08017349243164,2282139,0.0,0.0
2005-01-10,35.13132825312981,35.80383906710253,34.98513110192794,35.59916305541992,2569014,0.0,0.0
2005-01-11,35.379869437669754,35.59916912027772,34.81700835042859,34.86817932128906,2264223,0.0,0.0
2005-01-12,35.08747573178067,35.55531062239129,34.86817996357798,35.34332275390625,2703212,0.0,0.0
2005-01-13,35.35062812004617,35.81846297712709,35.10940475153412,35.37986755371094,2118643,0.0,0.0
2005-01-14,35.452968818042685,36.51290424618638,35.21905333104101,36.39594650268555,3335770,0.0,0.0
2005-01-18,36.06700374475894,36.64448460822741,35.78922908195713,36.52752685546875,2444231,0.0,0.0
2005-01-19,36.57138797851197,36.64448657791527,35.97928736412251,36.015838623046875,1520302,0.0,0.0
2005-01-20,35.942733648429964,36.18395702445202,35.518757928646565,35.913490295410156,2167755,0.0,0.0
2005-01-21,35.96468736668076,36.16936355725104,35.58457444133595,35.686912536621094,1718086,0.0,0.0
2005-01-24,35.91350025782662,36.14741971776133,35.05824460003494,35.18251419067383,1998708,0.0,0.0
2005-01-25,35.40181875421162,35.92812885254748,35.18252287990501,35.60649490356445,2467487,0.0,0.0
2005-01-26,35.83310174260242,35.86234119181069,35.16059049236552,35.62842559814453,2908584,0.0,0.0
2005-01-27,36.00851245281516,36.24973969392849,35.240975505756985,35.49681854248047,3533413,0.0,0.0
2005-01-28,36.00122123794823,36.14011056016158,35.56262956534729,35.95005416870117,2750849,0.0,0.0
2005-01-31,36.330169677734375,36.600636522023066,36.05970675189208,36.330169677734375,2440648,0.0,0.0
2005-02-01,36.476357533487544,37.265826318853286,36.344780055667485,37.148868560791016,3197286,0.0,0.0
2005-02-02,37.265825326020554,37.93102843494555,37.20003854808591,37.667869567871094,3865817,0.0,0.0
2005-02-03,37.46319717579745,37.57284704105044,37.148871219288175,37.390098571777344,2546531,0.0,0.0
2005-02-04,37.28045352862996,37.8652463548775,37.28045352862996,37.81407928466797,2277783,0.0,0.0
2005-02-07,37.79945319687598,37.96757802033503,37.5874652942718,37.71173095703125,1434795,0.0,0.0
2005-02-08,37.631337991286145,37.719056344238396,37.29508430496919,37.33894348144531,1947136,0.0,0.0
2005-02-09,37.33893170014611,37.426650025421196,36.62986935983732,36.7541389465332,1723918,0.0,0.0
2005-02-10,36.827238615220715,37.83600330348274,36.622562516997135,37.70442581176758,2538240,0.0,0.0
2005-02-11,37.645942490127695,38.0187472986099,37.273137681645494,37.755592346191406,2552433,0.0,0.0
2005-02-14,37.57284821826651,38.23073959350586,37.50705751336425,38.23073959350586,2377413,0.0,0.0
2005-02-15,38.23073110841465,39.26873500608905,38.22341929018353,39.13715362548828,3941488,0.0,0.0
2005-02-16,39.10792458229828,39.40031899105112,38.89593667672968,39.378387451171875,2323874,0.0,0.0
2005-02-17,39.378404919095324,39.42957592254888,39.00559992333955,39.14448928833008,2067914,0.0,0.0
2005-02-18,39.16639551677601,39.43685833076986,38.81551837902367,39.21025466918945,2565923,0.0,0.0
2005-02-22,38.92519060349764,39.44419283140185,38.50121463457906,38.59624481201172,2423434,0.0,0.0
2005-02-23,38.72050614708893,39.765818282702284,38.72050614708893,39.729270935058594,3299023,0.0,0.0
2005-02-24,39.69271845349591,40.49680709838867,39.58307249547621,40.49680709838867,4712248,0.0,0.0
2005-02-25,40.30675866943722,41.11815537651439,40.021672069076,41.11084747314453,3234945,0.0,0.0
2005-02-28,40.7526403912174,40.83304687739803,39.53919601460971,40.31404495239258,4444836,0.0,0.0
2005-03-01,40.48219800728504,40.898862161452335,40.058222030825014,40.379859924316406,3724874,0.0,0.0
2005-03-02,39.999736259192304,40.32137014751125,39.80236805031901,39.91201400756836,2287128,0.0,0.0
2005-03-03,40.09474721139466,40.233636478542486,39.72194247826697,40.05088806152344,1982337,0.0,0.0
2005-03-04,40.24095209401447,41.26433637235946,40.24095209401447,41.242408752441406,3489149,0.0,0.0
2005-03-07,41.24240639439434,41.31550498735059,40.51141654638668,40.533348083496094,2768484,0.0,0.0
2005-03-08,40.49679546752616,40.884219956403456,40.44562449495305,40.6064453125,2338278,0.0,0.0
2005-03-09,40.86228320078664,41.48362701834899,40.86228320078664,40.92807388305664,3353686,0.0,0.0
2005-03-10,40.93539622723473,41.052353987174,39.65616485023081,40.14592742919922,3092246,0.0,0.0
2005-03-11,40.24094999136328,40.64299421382481,39.72925983815003,39.89738464355469,2729981,0.0,0.0
2005-03-14,40.06551486022953,40.06551486022953,38.74973621306782,39.18832778930664,3690024,0.0,0.0
2005-03-15,39.54652078726963,39.68541010677679,39.07868576049805,39.07868576049805,2675670,0.0,0.0
2005-03-16,38.66931798457643,38.83744668071807,37.3608475021891,37.74827194213867,6740325,0.0,0.0
2005-03-17,37.84331334109151,38.705876857267675,37.638633334061716,38.24535369873047,3411159,0.0,0.0
2005-03-18,38.25267492727391,38.369632720947266,37.777531931252575,38.369632720947266,4446452,0.0,0.0
2005-03-21,38.369609556869456,38.40616080454936,37.65323958465251,37.952945709228516,1793968,0.0,0.0
2005-03-22,38.055285722408385,38.91054499505886,38.01142657394768,38.216102600097656,2793005,0.0,0.0
2005-03-23,38.267289502017455,38.42079854477998,37.733667680966654,37.91641616821289,2777478,0.0,0.0
2005-03-24,38.03337943192193,38.25267529718009,37.56554433425789,37.594783782958984,2006577,0.0,0.0
2005-03-28,37.93103484762109,37.945654569461006,37.2804513480758,37.35354995727539,2373478,0.0,0.0
2005-03-29,37.60004191338517,37.747207815406504,36.12841839190186,36.16520690917969,4218596,0.4768,0.0
2005-03-30,36.38595215318057,36.45217305902294,35.5029765022913,36.076908111572266,6871993,0.0,0.0
2005-03-31,36.268225284416786,36.93781418376501,36.23878894770909,36.68027877807617,3937553,0.0,0.0
2005-04-01,36.82744496368953,37.092336525707054,36.09163112489249,36.15785598754883,3588498,0.0,0.0
2005-04-04,36.23878708588707,36.334444328438046,35.76051270604193,36.24614715576172,2355913,0.0,0.0
2005-04-05,36.36389789560963,36.75387927418481,36.14315483537053,36.71708679199219,2671384,0.0,0.0
2005-04-06,36.86422608666031,37.048176531526174,36.56989827513007,36.81271743774414,2852516,0.0,0.0
2005-04-07,36.76121826943902,37.151199424398754,36.48160660916012,36.99667739868164,2215251,0.0,0.0
2005-04-08,37.048195965302654,37.08498844015708,36.06220654858307,36.0989990234375,3007511,0.0,0.0
2005-04-11,36.17994024382271,36.23144497565575,35.69430166194103,35.94447708129883,3104541,0.0,0.0
2005-04-12,35.94446516638096,35.94446516638096,34.671508273388156,35.50297927856445,5158123,0.0,0.0
2005-04-13,35.21601216238534,35.35581405742044,34.0681448874948,34.458126068115234,5124538,0.0,0.0
2005-04-14,34.10493791517123,35.96654688509073,32.235972818158075,33.31761932373047,8424967,0.0,0.0
2005-04-15,33.11159807717026,33.545727977352804,32.44936509010762,32.596527099609375,5694001,0.0,0.0
2005-04-18,32.677456586830594,33.25139022711306,32.640666095283756,33.03064727783203,4006338,0.0,0.0
2005-04-19,33.40591530049851,33.99456321875848,33.310258041629304,33.51628875732422,3401393,0.0,0.0
2005-04-20,33.99456679771008,33.99456679771008,32.75840209491667,32.94971466064453,3600020,0.0,0.0
2005-04-21,33.42062863162462,33.84004220955941,32.96442456195449,33.68552017211914,2964512,0.0,0.0
2005-04-22,33.55307124358784,33.692877071174316,32.98649575204228,33.354400634765625,2437626,0.0,0.0
2005-04-25,33.560445372468884,34.26682304321203,33.479504292210464,34.05344009399414,3011235,0.0,0.0
2005-04-26,34.05343228865691,34.25945906206723,33.44270415102036,33.457420349121094,2709255,0.0,0.0
2005-04-27,33.45740758790073,33.45740758790073,32.596508355217125,32.94234085083008,3852678,0.0,0.0
2005-04-28,33.47949317891266,33.862114290223296,32.59651743927686,32.90555953979492,5586432,0.0,0.0
2005-04-29,33.73702983427861,34.21530821318898,33.17045427258204,33.795894622802734,5508021,0.0,0.0
2005-05-02,33.88418960681403,34.6567918782102,33.85475721446187,34.59792709350586,3058661,0.0,0.0
2005-05-03,34.656802295534035,35.13508078717197,34.58322129253625,34.89226150512695,3468141,0.0,0.0
2005-05-04,35.13508207436588,35.94447708129883,35.06150106867241,35.94447708129883,3479102,0.0,0.0
2005-05-05,36.01805004535685,36.349166469202544,35.738442286148796,36.062198638916016,3978515,0.0,0.0
2005-05-06,36.23880929616812,36.4227638241387,35.892980463383616,35.92241287231445,2195789,0.0,0.0
2005-05-09,35.8708868516514,36.010692698671264,35.49562184695915,35.856170654296875,1995686,0.0,0.0
2005-05-10,35.554490359389774,35.64278755276277,35.208657713193446,35.35581970214844,1982477,0.0,0.0
2005-05-11,35.42939354105259,35.63542026104229,34.509625481787005,35.23807907104492,2672087,0.0,0.0
2005-05-12,35.40732257152933,35.414682641923754,33.80324926602186,33.95777130126953,5160512,0.0,0.0
2005-05-13,34.009288626248185,34.104941955622266,32.780478018031395,33.16310119628906,5651353,0.0,0.0
2005-05-16,32.67008939338727,32.85404179991035,31.551654817424502,32.324256896972656,5093975,0.0,0.0
2005-05-17,32.22861131142546,33.12630524094368,32.0225845543291,33.10422897338867,3690516,0.0,0.0
2005-05-18,33.229307465765494,34.06813435383001,32.993846421681084,33.913612365722656,3518026,0.0,0.0
2005-05-19,34.47284477044978,34.59793047803122,33.92834151436544,34.15644454956055,3713702,0.0,0.0
2005-05-20,33.62665590122285,33.86947512255314,33.280823301453204,33.81796646118164,2409663,0.0,0.0
2005-05-23,33.95776439995904,34.215299758264514,33.78852620262068,34.03134536743164,2299986,0.0,0.0
2005-05-24,33.994563331245054,34.2447426416373,33.8621175491983,34.17116165161133,2245744,0.0,0.0
2005-05-25,34.17851889500763,34.17851889500763,33.413272629434466,33.72231674194336,2043534,0.0,0.0
2005-05-26,33.90626927744259,33.97985421857455,33.722318757525606,33.84740447998047,1402194,0.0,0.0
2005-05-27,33.84739522502845,33.87682761571176,33.56043138801777,33.759098052978516,1416597,0.0,0.0
2005-05-31,33.670806682325235,33.81061253431078,33.22196067491805,33.324974060058594,2664569,0.0,0.0
2005-06-01,33.457421240191536,34.060789322695214,33.258754532692485,33.876834869384766,2715929,0.0,0.0
2005-06-02,33.51627992217359,33.61193321152392,33.273460747748395,33.46477127075195,2046134,0.0,0.0
2005-06-03,33.280831566315506,33.83269106001099,33.221966764017566,33.332340240478516,3401393,0.0,0.0
2005-06-06,33.33968610742546,33.41326708765135,33.023287892454135,33.13365936279297,2418024,0.0,0.0
2005-06-07,33.19254019229724,33.81062466928109,33.16310778597921,33.5530891418457,4775904,0.0,0.0
2005-06-08,33.82532800157933,33.99456230136004,33.45741911829154,33.50157165527344,3079880,0.0,0.0
2005-06-09,33.72231695764907,33.737033156229145,33.00121928292122,33.25875473022461,2252068,0.0,0.0
2005-06-10,33.42061385142358,33.72965384532819,33.310240452878155,33.41325378417969,1813992,0.0,0.0
2005-06-13,33.369117987615304,33.98720215633445,33.332329470218426,33.71495056152344,2058289,0.0,0.0
2005-06-14,33.73703183830612,34.3109635605087,33.70759944229573,34.17116165161133,2409592,0.0,0.0
2005-06-15,34.31831936616025,34.61264328968195,34.19322972651181,34.59792709350586,3478188,0.0,0.0
2005-06-16,34.72302224734189,35.56920563399658,34.72302224734189,35.18658447265625,4133791,0.0,0.0
2005-06-17,35.31903611835456,35.31903611835456,34.59058219896125,34.656803131103516,4611916,0.0,0.0
2005-06-20,34.40662703497776,34.472851910116106,33.7370379326335,33.928348541259766,2928819,0.0,0.0
2005-06-21,33.935700786360265,33.98720945494119,33.27347183227539,33.27347183227539,3739277,0.0,0.0
2005-06-22,33.46479118539971,33.56044847597788,32.99387072253672,33.38385009765625,2941115,0.0,0.0
2005-06-23,33.648743486222095,33.81797783556973,32.522948126742065,32.69218444824219,3896240,0.0,0.0
2005-06-24,32.50821475067453,32.8834796722475,31.72825251933867,32.13294982910156,4817780,0.0,0.0
2005-06-27,32.5229328627973,32.949704488871326,32.26539747879597,32.287471771240234,4473572,0.0,0.0
2005-06-28,32.65451393738086,33.09939836135409,32.65451393738086,33.077152252197266,4044982,0.4768,0.0
2005-06-29,33.08457606362598,33.73707445824633,33.08457606362598,33.51463317871094,4000647,0.0,0.0
2005-06-30,33.59619449374528,33.737075964398784,32.92145392837332,33.017845153808594,2720075,0.0,0.0
2005-07-01,33.30699755339352,33.44787693832153,32.89177211575577,33.13645935058594,1733473,0.0,0.0
2005-07-05,33.13645782850788,33.26992250283547,32.74347652233087,33.09938430786133,2259024,0.0,0.0
2005-07-06,33.09198427685094,33.40340198836585,32.906614604100966,33.054908752441406,2263801,0.0,0.0
2005-07-07,32.62485270988624,33.04749298095703,32.36533598692815,33.04749298095703,3304925,0.0,0.0
2005-07-08,33.18096103806414,33.99658283527655,33.12905808571919,33.92243576049805,3740120,0.0,0.0
2005-07-11,34.181951761166935,34.87152558366586,34.144880207603116,34.39698028564453,3237545,0.0,0.0
2005-07-12,34.29316351612148,34.9085860873906,34.10779388303088,34.56009292602539,2866920,0.0,0.0
2005-07-13,34.67132647554364,34.893767720874294,34.181951761166935,34.39698028564453,2306450,0.0,0.0
2005-07-14,34.478546749181156,35.22002159936831,34.478546749181156,35.10879898071289,3339845,0.0,0.0
2005-07-15,35.27933627121238,35.33123724076445,35.138454829508206,35.23484802246094,1901045,0.0,0.0
2005-07-18,35.23483174581909,35.516590524420465,34.97531509399414,34.97531509399414,2070444,0.0,0.0
2005-07-19,35.36830372432744,35.82060279162972,35.36088703077419,35.650062561035156,2705882,0.0,0.0
2005-07-20,35.55367846843733,36.272911118234084,35.516606915152515,36.2061767578125,2715297,0.0,0.0
2005-07-21,36.20617326491965,36.302566448529504,35.75387412579435,35.90216827392578,2056392,0.0,0.0
2005-07-22,35.82802870572227,36.28774463588764,35.813199287802405,36.03564453125,1897532,0.0,0.0
2005-07-25,36.028221428249275,36.302567598305956,35.524017333984375,35.524017333984375,2580888,0.0,0.0
2005-07-26,35.531425089699745,35.53883780815173,34.485945613316595,34.864097595214844,4518399,0.0,0.0
2005-07-27,35.10877714052688,35.67229863003409,34.93823695791672,35.30155944824219,3198550,0.0,0.0
2005-07-28,35.39053928696574,36.14684315661214,35.39053928696574,35.90957260131836,2633092,0.0,0.0
2005-07-29,35.887332739553415,35.99113862554429,35.405374852985965,35.55366897583008,2530792,0.0,0.0
2005-08-01,35.590752752205454,35.590752752205454,35.01240156426689,35.279335021972656,1981002,0.0,0.0
2005-08-02,35.279325921215715,35.83543085478725,35.279325921215715,35.56108474731445,2020067,0.0,0.0
2005-08-03,35.383138636280606,35.605579857728486,35.1829395496531,35.568504333496094,2434465,0.0,0.0
2005-08-04,35.442448276918036,35.553666875155734,34.88634336178578,34.96790313720703,2291203,0.0,0.0
2005-08-05,34.88634973344589,35.73163031274489,34.856690905212545,35.01239776611328,2923761,0.0,0.0
2005-08-08,35.22743862191873,35.44987991173914,34.77513934529221,35.27192687988281,1815397,0.0,0.0
2005-08-09,35.257079920874055,35.87991919717124,35.257079920874055,35.694549560546875,2278416,0.0,0.0
2005-08-10,35.85767309193117,36.258071189067955,35.58332698364264,35.694549560546875,3443479,0.0,0.0
2005-08-11,35.842847019184354,36.66588542072598,35.80577547319466,36.43602752685547,3362539,0.0,0.0
2005-08-12,36.13202437018175,36.33222344739569,35.51660169912267,35.85026550292969,1824672,0.0,0.0
2005-08-15,35.776128600289475,36.05047085115321,35.50178237477598,35.8947639465332,1235184,0.0,0.0
2005-08-16,35.92441171355931,35.9985587821144,35.049472329960686,35.0865478515625,2301883,0.0,0.0
2005-08-17,35.019818303336415,35.39055369693526,34.74547212474873,35.21260070800781,1509833,0.0,0.0
2005-08-18,35.0642983321566,35.27932679736985,34.789952217870486,34.84926986694336,1447652,0.0,0.0
2005-08-19,35.11620786126106,35.220017747131536,34.77513129581948,34.90859603881836,1470347,0.0,0.0
2005-08-22,34.93824287254707,35.43503012154486,34.404384083882576,34.67872619628906,1763264,0.0,0.0
2005-08-23,34.61941935782568,34.62683605286242,33.88536130698858,34.181949615478516,2927906,0.0,0.0
2005-08-24,34.07073548974009,34.21902966358288,33.77414714205449,33.840877532958984,2643139,0.0,0.0
2005-08-25,33.36633146989338,33.36633146989338,32.88437149824168,33.129058837890625,3963128,0.0,0.0
2005-08-26,32.943676077178075,33.017823124195566,32.2689359619952,32.50620651245117,3371462,0.0,0.0
2005-08-29,32.43206274868269,32.81762941953006,32.12805783781144,32.72865295410156,2370949,0.0,0.0
2005-08-30,32.565534015976304,32.565534015976304,32.01684371449436,32.33567810058594,3042080,0.0,0.0
2005-08-31,32.23928337580857,32.68416773124395,31.913034318536205,32.03166961669922,4454321,0.0,0.0
2005-09-01,32.031666978742315,32.29859836495013,31.81664051853028,31.920446395874023,4440128,0.0,0.0
2005-09-02,32.068751850167665,32.33568333079818,32.03167830943074,32.039093017578125,3240777,0.0,0.0
2005-09-06,32.15030384531975,32.365332303410945,31.742495021450942,32.024253845214844,3229184,0.0,0.0
2005-09-07,32.12064635690697,33.13646501765739,32.11322966384502,33.069732666015625,4143557,0.0,0.0
2005-09-08,33.329254873831424,33.84087167231075,33.02524988277729,33.12164306640625,3758037,0.0,0.0
2005-09-09,33.18096018466163,33.388571988701734,32.86212578398993,33.27735137939453,2122718,0.0,0.0
2005-09-12,33.2550939826425,33.49978121276758,32.9585038222262,33.34407043457031,2170776,0.0,0.0
2005-09-13,33.18095611727113,33.29217671294467,32.72124233449632,32.810218811035156,2229865,0.0,0.0
2005-09-14,32.832469500393394,33.0178371969439,32.58036744576016,32.80281066894531,2033346,0.0,0.0
2005-09-15,32.59518316607737,32.6989910198536,32.083566551237624,32.26893615722656,3123301,0.0,0.0
2005-09-16,32.42464537395948,32.60259829016698,32.02424932516888,32.48396301269531,3875442,0.0,0.0
2005-09-19,33.10682502854924,33.10682502854924,31.913052679313697,31.987199783325195,2588617,0.0,0.0
2005-09-20,32.20962756716957,32.3653364105881,31.216050890049985,31.334688186645508,3171359,0.0,0.0
2005-09-21,30.585787477516305,31.141892270782378,29.792410166391218,30.126073837280273,5789416,0.0,0.0
2005-09-22,30.177991859261756,30.76375576181272,29.888818255542372,30.697023391723633,4058542,0.0,0.0
2005-09-23,30.956536625630562,31.28278571845269,30.667361067524098,30.97878074645996,4250775,0.0,0.0
2005-09-26,31.512627811807366,32.024244353805585,30.800812282830368,31.14930534362793,4524933,0.0,0.0
2005-09-27,31.156732146793686,31.26054002610324,30.70443305867614,30.87497329711914,4031421,0.0,0.0
2005-09-28,30.998317556433424,31.35711213273294,30.84882065107648,30.975893020629883,3204382,0.4768,0.0
2005-09-29,30.91609362068688,30.990842071823288,30.40032730440285,30.624574661254883,4077442,0.0,0.0
2005-09-30,30.55729145097295,31.387003059090357,30.392844899377263,31.147808074951172,5186297,0.0,0.0
2005-10-03,31.155285687530952,31.633677701774847,31.147810843612177,31.52155303955078,3456478,0.0,0.0
2005-10-04,31.588818153521935,31.8055885552174,31.24497344394247,31.401945114135742,3284479,0.0,0.0
2005-10-05,31.32720833667649,31.431856155678197,30.73669364029573,30.901140213012695,3169954,0.0,0.0
2005-10-06,30.960940053949997,31.155288013791868,30.310626581017615,30.789018630981445,3761550,0.0,0.0
2005-10-07,31.394470272697966,31.82053823809295,31.24497344394247,31.401945114135742,3679345,0.0,0.0
2005-10-10,31.476702420752243,32.00742031964689,31.319730706214113,31.58135223388672,2681993,0.0,0.0
2005-10-11,31.64114829006812,32.35126037028632,31.63367344715469,31.730846405029297,2885328,0.0,0.0
2005-10-12,31.73084421320622,32.14196254848897,31.54397114983656,31.693470001220703,2210403,0.0,0.0
2005-10-13,31.69347828989549,32.029848289176776,31.514082025448193,31.78317642211914,1896970,0.0,0.0
2005-10-14,32.06722325242103,32.440967482104185,31.850450757758885,32.15692138671875,1999551,0.0,0.0
2005-10-17,32.09712556002517,32.37369483268563,31.768230367472608,32.298946380615234,1871325,0.0,0.0
2005-10-18,32.336309433703924,32.478333447007905,31.82054328918457,31.82054328918457,2183283,0.0,0.0
2005-10-19,31.8280315934232,31.92520458863836,31.244991618689266,31.835506439208984,2708833,0.0,0.0
2005-10-20,31.835489042707938,32.78479794563835,31.693467050386,31.80558967590332,3460061,0.0,0.0
2005-10-21,32.10458245137403,32.68762205491247,31.81306164788396,32.44095230102539,3531305,0.0,0.0
2005-10-24,32.6054170188635,33.18845694812131,32.59794217366074,33.11370849609375,2195789,0.0,0.0
2005-10-25,33.11369480371313,33.36784143896106,32.29145816451586,32.80722427368164,2542807,0.0,0.0
2005-10-26,32.80723319044196,33.94341350714597,32.79228350215487,33.52482223510742,5421811,0.0,0.0
2005-10-27,34.75071041511611,34.75071041511611,33.4127089317657,33.78645324707031,4736347,0.0,0.0
2005-10-28,34.23492454563454,34.376948546789976,33.741584974629895,34.26482391357422,4550156,0.0,0.0
2005-10-31,34.38442915298217,34.57130224826287,34.26483165420567,34.279781341552734,2875000,0.0,0.0
2005-11-01,34.35453109129547,34.36200793869718,33.928462982177734,33.928462982177734,3430692,0.0,0.0
2005-11-02,34.511492823572524,34.511492823572524,33.41268713656778,33.883602142333984,3466665,0.0,0.0
2005-11-03,33.995733815320435,34.34705343559379,33.621991669755396,33.81633758544922,2948844,0.0,0.0
2005-11-04,33.98826993489452,34.24989154003631,33.74160202816434,34.03312301635742,2445215,0.0,0.0
2005-11-07,34.01068035332853,34.03310688342899,33.84623382450005,33.90603256225586,2616651,0.0,0.0
2005-11-08,33.78644724912782,34.03311913460907,33.651900040743186,34.01069259643555,2043112,0.0,0.0
2005-11-09,34.175143082408084,34.37696592144729,33.980797092574676,34.03312301635742,2114497,0.0,0.0
2005-11-10,34.08543698703812,35.1169694687162,34.01816138741346,35.04969787597656,3608592,0.0,0.0
2005-11-11,35.124432926744944,35.28887943250321,34.63108940258667,35.281402587890625,2432006,0.0,0.0
2005-11-14,35.191712532621054,35.25898812196792,34.713322588410165,34.83292007446289,2547093,0.0,0.0
2005-11-15,34.915127887700244,34.99735313111717,34.51148652782056,34.571285247802734,2012057,0.0,0.0
2005-11-16,34.42180172199487,34.53392236175731,33.40521908338824,33.532291412353516,4956193,0.0,0.0
2005-11-17,33.72664258095531,34.33210691605188,33.55471917469752,34.23493194580078,4079480,0.0,0.0
2005-11-18,34.49656022763032,35.14687375162341,34.03311983367494,34.64605712890625,2930997,0.0,0.0
2005-11-21,34.65350703679415,34.68340639380473,34.10784176790987,34.13026428222656,3199745,0.0,0.0
2005-11-22,34.21251165371837,34.631102922704514,33.81634291355681,34.5638313293457,2656137,0.0,0.0
2005-11-23,34.399378840329234,34.59372878272588,34.23493227951155,34.279781341552734,1441610,0.0,0.0
2005-11-25,34.51149950478254,34.616147304100856,34.1826064212107,34.27230453491211,732117,0.0,0.0
2005-11-28,34.30968672157125,34.30968672157125,33.9359444724775,34.0555419921875,2572527,0.0,0.0
2005-11-29,34.048065083759525,34.66100229906067,33.97331263598408,34.5638313293457,2893830,0.0,0.0
2005-11-30,34.68341570310261,34.83291252828161,33.77895390044434,33.82380294799805,3587373,0.0,0.0
2005-12-01,33.45006859005556,33.62199198205462,33.00905085075018,33.59209060668945,5689505,0.0,0.0
2005-12-02,33.592094204400944,33.74906592380796,33.29309844970703,33.29309844970703,3322069,0.0,0.0
2005-12-05,33.05390049533624,33.21834704383122,32.88945394684124,33.15107345581055,5053575,0.0,0.0
2005-12-06,33.56220109954105,34.025643504006,33.37532796665382,33.65190124511719,3833356,0.0,0.0
2005-12-07,33.53976360626827,33.64441139832754,33.218343384358434,33.435115814208984,2262185,0.0,0.0
2005-12-08,33.25572636983086,33.63694743408177,33.225826992782565,33.33795166015625,2558475,0.0,0.0
2005-12-09,33.509871328117526,33.509871328117526,32.95673087816949,33.360374450683594,2377483,0.0,0.0
2005-12-12,33.35289250465937,33.48744167722364,33.11369753733119,33.44259262084961,1869498,0.0,0.0
2005-12-13,33.263201952194315,33.78644506903524,33.16602897463112,33.71169662475586,3341039,0.0,0.0
2005-12-14,33.59956024369096,33.89855391659357,33.412689198126834,33.659358978271484,5703206,0.0,0.0
2005-12-15,33.77150041570422,33.988268932993236,33.300581139642084,33.32300567626953,2805301,0.0,0.0
2005-12-16,33.44261033566529,33.45008518235378,32.30642762868494,32.680171966552734,5491440,0.0,0.0
2005-12-19,32.58298133620504,33.06884811160585,32.4409593259402,32.61288070678711,3149860,0.0,0.0
2005-12-20,32.61288055635301,32.874502051181494,32.254086107581024,32.328834533691406,3118734,0.0,0.0
2005-12-21,32.411075482323824,32.78481982019161,32.29147793530796,32.680171966552734,3400339,0.0,0.0
2005-12-22,32.81471735654192,33.278159828538335,32.710069508804075,32.9716911315918,2225790,0.0,0.0
2005-12-23,32.98663197639622,33.37532387802404,32.9343080665617,33.33795166015625,1561756,0.0,0.0
2005-12-27,33.472490927015656,33.711687890177224,32.97167447666093,33.03894805908203,1961118,0.0,0.0
2005-12-28,33.03518398597338,33.441910171470084,32.99752434090357,33.30633544921875,1591547,0.4768,0.0
2005-12-29,33.193372689757425,33.65282260225036,33.193372689757425,33.26869201660156,1521988,0.0,0.0
2005-12-30,33.02766171161585,33.215962010751625,32.80923570636056,33.00506591796875,1501753,0.0,0.0
2006-01-03,33.193362557320235,33.25361800040228,32.61339988016945,33.087913513183594,3539526,0.0,0.0
2006-01-04,33.06531200725608,33.10297165267354,32.52301109450205,32.71131134033203,5007203,0.0,0.0
2006-01-05,32.75649412874767,33.607603905636545,32.74896220168442,33.5699462890625,4974742,0.0,0.0
2006-01-06,33.89383193973093,34.00680886283065,33.50969949998065,33.84110641479492,3984768,0.0,0.0
2006-01-09,33.79592879864771,33.8335884614852,33.45698981436667,33.55490493774414,3999874,0.0,0.0
2006-01-10,33.47958046662219,33.69800849625326,33.18583514163525,33.57749557495117,4042944,0.0,0.0
2006-01-11,33.14063358115709,33.6226790650879,33.12556972286997,33.25361251831055,3802582,0.0,0.0
2006-01-12,33.14063981750552,33.16323560918825,32.59833677963382,32.658592224121094,4467741,0.0,0.0
2006-01-13,32.77911496777149,32.997541019580325,32.39498437515706,32.51549530029297,2568874,0.0,0.0
2006-01-17,32.349788106611555,32.42510742394467,31.950593706002635,32.09370040893555,3292770,0.0,0.0
2006-01-18,31.935529358629413,32.14642344396653,31.641782006737888,31.84514617919922,3147401,0.0,0.0
2006-01-19,31.973181720127297,32.10875645833308,31.476072327963145,32.010841369628906,4097677,0.0,0.0
2006-01-20,32.010827406094464,32.010827406094464,31.332951992020565,31.536314010620117,3567841,0.0,0.0
2006-01-23,31.70956083625453,32.28199152236073,31.59658189244785,31.95811653137207,4108638,0.0,0.0
2006-01-24,32.01083831720712,32.266925928141525,31.86019973356496,32.04096603393555,3485285,0.0,0.0
2006-01-25,32.372387388142215,33.10298686369843,32.33472772541992,32.620941162109375,5294358,0.0,0.0
2006-01-26,32.61339531638163,32.76403592174976,32.23679683107549,32.44769287109375,5710583,0.0,0.0
2006-01-27,32.45523663418681,32.53808788703981,31.558932679471944,31.76982879638672,5375088,0.0,0.0
2006-01-30,31.83007277681562,32.1388818806552,31.641772524024297,31.99577522277832,4598285,0.0,0.0
2006-01-31,32.018379067754275,32.27446674924325,31.822548855066408,31.86020851135254,3191314,0.0,0.0
2006-02-01,31.845137403285854,31.950584416895225,31.476070836910218,31.87526512145996,3617656,0.0,0.0
2006-02-02,31.875252727028094,32.040955112553654,31.498654377546124,31.536314010620117,3380596,0.0,0.0
2006-02-03,31.445954581493616,31.53633776896264,31.03169628685036,31.10701560974121,3789935,0.0,0.0
2006-02-06,31.107006865989597,31.257647488171873,30.69274868778861,30.911176681518555,3689041,0.0,0.0
2006-02-07,30.768074062068475,31.25011970695637,30.504456454020712,30.6927547454834,3309773,0.0,0.0
2006-02-08,30.65508403756329,30.805724635178436,30.32367714530119,30.632488250732422,4040344,0.0,0.0
2006-02-09,30.768069077656115,31.837609256129426,30.730409425464423,31.182327270507812,5975677,0.0,0.0
2006-02-10,31.295296919709724,31.860193516885825,30.85844309364527,31.641765594482422,4006690,0.0,0.0
2006-02-13,31.72462959983704,31.882802164361625,31.483607815789163,31.694501876831055,3170516,0.0,0.0
2006-02-14,31.604107897028484,32.38743246471939,31.54385247162803,32.25185775756836,4412867,0.0,0.0
2006-02-15,32.123827703409574,32.74145013471336,32.07110418198618,32.696258544921875,3164474,0.0,0.0
2006-02-16,32.82429677753551,33.21595918618966,32.78663712465945,33.12557601928711,3462450,0.0,0.0
2006-02-17,33.10297681764972,33.366596395446514,32.81676346781991,32.98999786376953,2444934,0.0,0.0
2006-02-21,33.12557273646183,33.148168525948165,32.538078172331204,32.7640380859375,2204572,0.0,0.0
2006-02-22,32.79416171264639,32.9598641482004,32.44769096501806,32.52301025390625,3091192,0.0,0.0
2006-02-23,32.46276640795137,32.824301142380115,32.2443403922248,32.605873107910156,3363452,0.0,0.0
2006-02-24,32.59079845625347,32.83935413475137,32.387436370999225,32.71131134033203,2880339,0.0,0.0
2006-02-27,32.76403750897269,33.10297434529919,32.76403750897269,32.8167610168457,2656910,0.0,0.0
2006-02-28,32.81676425687591,32.87701970039414,32.410037994384766,32.410037994384766,3214921,0.0,0.0
2006-03-01,32.500438331857616,33.29129548338428,32.500438331857616,33.11052703857422,2683820,0.0,0.0
2006-03-02,32.80922755767481,32.99752579130048,32.628461253394164,32.907142639160156,3193281,0.0,0.0
2006-03-03,32.733911681597135,33.0351888868511,32.696252030940386,32.89208221435547,2634146,0.0,0.0
2006-03-06,32.95987732746349,33.05779244217025,32.274469505772664,32.432640075683594,3464839,0.0,0.0
2006-03-07,32.477813407420996,32.60585617774168,32.09368307771661,32.23678970336914,3197707,0.0,0.0
2006-03-08,32.24433263362688,32.24433263362688,31.551391057811394,32.06356430053711,3212321,0.0,0.0
2006-03-09,32.161479387475,32.32718386103587,31.980713073128126,32.06356430053711,2261131,0.0,0.0
2006-03-10,31.671911555085252,32.30459788497756,31.634251894823034,32.229278564453125,3083463,0.0,0.0
2006-03-13,32.40251510212438,32.49289829261272,32.0183845238053,32.07863998413086,2398140,0.0,0.0
2006-03-14,32.14641650871316,32.60586625710523,32.131352648724665,32.485355377197266,3367176,0.0,0.0
2006-03-15,33.07284393498338,33.14063331547474,32.62846011907567,32.8619499206543,3783963,0.0,0.0
2006-03-16,32.9899969049769,33.29127612531097,32.839358304181346,33.02765655517578,3760847,0.0,0.0
2006-03-17,33.027659061849256,33.140640039763724,32.703784026814965,32.89961624145508,3591870,0.0,0.0
2006-03-20,32.83936543795515,32.83936543795515,32.23680686639176,32.470298767089844,3222931,0.0,0.0
2006-03-21,32.35730888460995,32.394968530295024,32.01837005470151,32.1087532043457,3158502,0.0,0.0
2006-03-22,31.67943929058249,32.244338157171015,31.67943929058249,32.2066764831543,3461958,0.0,0.0
2006-03-23,32.19915258211472,32.20668249583193,31.822553940329446,31.988256454467773,2446550,0.0,0.0
2006-03-24,31.995780408651484,32.010844269816914,31.754758630004584,31.822546005249023,2724712,0.0,0.0
2006-03-27,31.958118571149768,31.958118571149768,31.79241610965709,31.807477951049805,2324998,0.0,0.0
2006-03-28,31.822539054982972,31.86773062860911,31.348025513165855,31.393217086791992,4600533,0.0,0.0
2006-03-29,31.982244399699578,31.982244399699578,31.161408846725667,31.305814743041992,4766138,0.53373,0.0
2006-03-30,31.404625994155797,31.571832859893625,31.146215383470064,31.23741912841797,3153654,0.0,0.0
2006-03-31,30.925792232100566,31.161403851709373,30.63698048576298,30.857389450073242,5304335,0.0,0.0
2006-04-03,31.237410794053467,31.27541234430934,30.887794494628906,30.887794494628906,4141379,0.0,0.0
2006-04-04,30.97141315451474,31.055016606241303,30.81940687864826,30.948612213134766,3132997,0.0,0.0
2006-04-05,31.07781773614859,31.237426363848133,30.819407065607976,31.138622283935547,3007722,0.0,0.0
2006-04-06,31.176619282561045,31.191819908011457,30.880205049206847,31.032211303710938,3176348,0.0,0.0
2006-04-07,31.123421868904803,31.161425477920517,30.446991851229093,30.522994995117188,5142033,0.0,0.0
2006-04-10,30.712996381462332,30.72819700602792,30.036564514151483,30.32537841796875,5084419,0.0,0.0
2006-04-11,30.439374251027505,30.484976111464128,29.686939479682245,29.998554229736328,5578493,0.0,0.0
2006-04-12,29.91495537705463,30.20376924089675,29.778149774899802,30.135366439819336,2819002,0.0,0.0
2006-04-13,30.173373539151214,30.462185418980408,30.135371976015794,30.40898323059082,3106017,0.0,0.0
2006-04-17,30.363382855080804,30.743400542282846,30.158174404010204,30.3101806640625,2694640,0.0,0.0
2006-04-18,30.363381437635343,30.614191755013128,30.180973934087866,30.287378311157227,5303492,0.0,0.0
2006-04-19,30.32537141043924,30.918197668579083,30.051758194413583,30.826993942260742,5281079,0.0,0.0
2006-04-20,31.017001122846818,31.43502023102506,30.849794294403758,31.09300422668457,3764220,0.0,0.0
2006-04-21,31.389422012075308,31.427423568405004,31.169012985363064,31.24501609802246,2639064,0.0,0.0
2006-04-24,31.161415500592472,31.359023611430935,30.895402545085066,31.290620803833008,2677918,0.0,0.0
2006-04-25,31.54143072031304,31.731438504647347,31.176613737320316,31.313419342041016,3552875,0.0,0.0
2006-04-26,31.488224319170417,31.731436303316645,31.442622454093758,31.617431640625,3834199,0.0,0.0
2006-04-27,31.23741615069833,31.83024247341935,31.161413037153434,31.465425491333008,5587416,0.0,0.0
2006-04-28,31.38942912644458,31.39702943943312,30.78900236327867,30.865005493164062,5313821,0.0,0.0
2006-05-01,31.275421238055966,31.83784637884946,31.237419676993643,31.678239822387695,7047786,0.0,0.0
2006-05-02,31.67824737306893,31.792252083429542,31.48823748539634,31.769451141357422,3296002,0.0,0.0
2006-05-03,31.921445770849452,32.30146337042068,31.617433320849134,32.07345199584961,4103649,0.0,0.0
2006-05-04,32.210252270670274,32.491465759693014,32.20265196115805,32.26345443725586,3242604,0.0,0.0
2006-05-05,32.42307721789255,32.499080351178925,32.16466656471888,32.27867126464844,3014889,0.0,0.0
2006-05-08,32.347058103211054,32.757476857257274,32.347058103211054,32.575069427490234,3398372,0.0,0.0
2006-05-09,32.45347616615759,32.6814875868933,32.28626928480365,32.64348602294922,2028428,0.0,0.0
2006-05-10,32.51427493359048,32.51427493359048,31.792241272686276,32.119056701660156,2904369,0.0,0.0
2006-05-11,31.98224943061121,32.24826237116182,31.579432919627635,31.663036346435547,2964020,0.0,0.0
2006-05-12,31.731438536396617,31.731438536396617,31.123409551776753,31.25261688232422,3349681,0.0,0.0
2006-05-15,31.260223154234165,31.488232539139055,30.834603598673787,31.100614547729492,3188152,0.0,0.0
2006-05-16,31.655445405369232,31.86825419114743,31.131021717630027,31.44263458251953,2877880,0.0,0.0
2006-05-17,31.351424052365907,31.4198268616065,30.903003599162073,31.055009841918945,3433502,0.0,0.0
2006-05-18,31.275414300396548,31.457821753033226,30.781392079101572,30.826993942260742,3003296,0.0,0.0
2006-05-19,31.017012810235396,31.38943019644,30.933409364511608,31.191822052001953,3294667,0.0,0.0
2006-05-22,30.93340436266944,31.009407482856123,30.06696471839915,30.492584228515625,4153886,0.0,0.0
2006-05-23,30.93340547706074,30.971407038523108,30.264575958251953,30.264575958251953,3079107,0.0,0.0
2006-05-24,30.26457918581071,30.47738795269491,29.869360867383012,29.945363998413086,4974250,0.0,0.0
2006-05-25,30.234173932237198,30.370979549986604,29.94536003547295,30.188570022583008,2959102,0.0,0.0
2006-05-26,30.614179619888187,30.69018271623951,30.310167234482897,30.583778381347656,1912989,0.0,0.0
2006-05-30,30.47738642720004,30.52298830353556,30.013765314051064,30.044166564941406,2647074,0.0,0.0
2006-05-31,30.249358649570855,30.46216727638508,30.028947677586142,30.302560806274414,2524750,0.0,0.0
2006-06-01,30.32537685906001,30.56858683960694,30.05936390576581,30.545785903930664,2546952,0.0,0.0
2006-06-02,30.85739889141662,31.123409791802295,30.59138595396006,31.039806365966797,3333732,0.0,0.0
2006-06-05,31.047409042949468,31.047409042949468,30.439382044384946,30.492584228515625,2766939,0.0,0.0
2006-06-06,30.522988760685045,30.70539830583032,29.8845604453547,30.082168579101562,3710751,0.0,0.0
2006-06-07,29.831367145664537,30.044175968504238,29.489350929028866,29.70216178894043,6103200,0.0,0.0
2006-06-08,29.641347578635703,29.66414851651505,28.721705676693002,29.39053726196289,5454131,0.0,0.0
2006-06-09,29.337339285492334,29.527347128432673,28.964921876257776,29.05612564086914,2881815,0.0,0.0
2006-06-12,29.14732865541179,29.26133335824223,28.72931141170017,28.797714233398438,2288463,0.0,0.0
2006-06-13,28.805307885665513,28.873712733454024,28.22768211364746,28.22768211364746,4022709,0.0,0.0
2006-06-14,28.227685101751486,28.60770279414688,28.12888103136723,28.524099349975586,3533694,0.0,0.0
2006-06-15,28.69130052866646,29.177722507753217,28.607697101132487,29.07891845703125,3630513,0.0,0.0
2006-06-16,28.934523154049266,29.230937452053066,28.790117180774637,28.88132095336914,2872400,0.0,0.0
2006-06-19,28.99532459640438,29.13973056433658,28.425299001705675,28.615306854248047,3528214,0.0,0.0
2006-06-20,28.569692545057915,28.896507946374705,28.35688384275814,28.721698760986328,4437880,0.0,0.0
2006-06-21,28.805313251116402,29.390541481515626,28.744510741375496,29.05612564086914,4009500,0.0,0.0
2006-06-22,28.98011182884014,29.17771991270896,28.714098909638295,28.759700775146484,2734127,0.0,0.0
2006-06-23,28.691301495590892,29.185323802920674,28.584897129689,29.03331756591797,2458143,0.0,0.0
2006-06-26,29.040912849436666,29.352527618408203,28.87370601768496,29.352527618408203,2036578,0.0,0.0
2006-06-27,29.268941401966984,29.36774549697185,28.873722984875684,28.91932487487793,3794291,0.0,0.0
2006-06-28,29.076676328804133,29.283927336427713,28.846395374097174,28.976886749267578,2377202,0.53373,0.0
2006-06-29,29.207156707701586,29.813559633123013,29.138073064503192,29.729124069213867,3329165,0.0,0.0
2006-06-30,29.97476369530483,30.074551202686692,29.813566433725477,29.959409713745117,4489451,0.0,0.0
2006-07-03,30.15130639958338,30.35088138506303,29.99778717998365,30.297149658203125,1627309,0.0,0.0
2006-07-05,30.29714719285841,30.29714719285841,29.64468850530472,29.729124069213867,3029081,0.0,0.0
2006-07-06,29.729129804791157,29.782861537645143,29.345329655629918,29.45279312133789,3023320,0.0,0.0
2006-07-07,28.93850570184634,29.23787031302463,28.93850570184634,29.061323165893555,4068449,0.0,0.0
2006-07-10,29.283923270131194,29.498850211155844,29.199487686157227,29.199487686157227,2043042,0.0,0.0
2006-07-11,29.16877869843898,29.475817131522547,28.94617377710662,29.36067771911621,2158551,0.0,0.0
2006-07-12,29.360685001054872,29.460472516555996,28.861745366201962,28.88477325439453,2885679,0.0,0.0
2006-07-13,28.784973978864834,28.784973978864834,28.163219194334584,28.239978790283203,3214781,0.0,0.0
2006-07-14,28.132530415700792,28.401191222332674,27.825491845090298,28.332107543945312,3124074,0.0,0.0
2006-07-17,28.33209721688365,28.40118087008999,28.009704777907114,28.06343650817871,2364204,0.0,0.0
2006-07-18,28.00202965035322,28.16322690331549,27.648933354991826,27.833158493041992,2603231,0.0,0.0
2006-07-19,28.025066651531667,28.639147901653345,27.963658937989035,28.554712295532227,3268600,0.0,0.0
2006-07-20,28.593075459473468,28.915467848305838,28.40117645263672,28.40117645263672,2104942,0.0,0.0
2006-07-21,28.577731320511194,28.58540522497515,27.886890642827385,28.032733917236328,2614121,0.0,0.0
2006-07-24,28.263015810046113,28.877094833590277,28.170904265116555,28.723575592041016,3089154,0.0,0.0
2006-07-25,28.90011306909692,28.976872664238925,28.22462657450085,28.85405731201172,2559740,0.0,0.0
2006-07-26,28.923144451084617,28.984552134636502,28.531670468441355,28.616106033325195,2995146,0.0,0.0
2006-07-27,26.865991496461884,27.249791757061615,25.3307925114106,25.74529457092285,22255936,0.0,0.0
2006-07-28,25.79134025595519,26.22887000143365,25.79134025595519,26.12140655517578,7648937,0.0,0.0
2006-07-31,26.175140448948884,26.651054150822073,25.822046239106033,26.543588638305664,5350848,0.0,0.0
2006-08-01,26.543592185003906,26.620351806095766,26.136764135869928,26.30563735961914,5327451,0.0,0.0
2006-08-02,26.497538715222596,27.034858166910617,26.397751199130745,26.8736629486084,5234496,0.0,0.0
2006-08-03,26.873664268083772,27.487743377685547,26.74317289447972,27.487743377685547,4530413,0.0,0.0
2006-08-04,27.863856429987347,27.978995831006106,27.48773232931283,27.595195770263672,4048635,0.0,0.0
2006-08-07,27.595201853950083,27.702667375939537,27.257459536502466,27.664287567138672,2880620,0.0,0.0
2006-08-08,27.77942531455407,27.948296463071316,27.36492134721029,27.53379249572754,2977440,0.0,0.0
2006-08-09,27.833159565674233,27.932947071567376,27.610554610565508,27.74872398376465,2967674,0.0,0.0
2006-08-10,27.764078499014047,27.917597753177855,27.564501411253815,27.87154197692871,2783590,0.0,0.0
2006-08-11,27.90224412929127,27.986679713941587,27.510767997656284,27.648935317993164,2029763,0.0,0.0
2006-08-14,27.748721338458537,28.071113768726498,27.72569345467846,27.848508834838867,2807268,0.0,0.0
2006-08-15,28.09415265172218,28.347459472475837,27.89457552347766,28.332107543945312,3135526,0.0,0.0
2006-08-16,28.5547062526394,28.992236119038346,28.454916681902922,28.94618034362793,3255532,0.0,0.0
2006-08-17,28.946174757828363,29.314622947358767,28.700544003039326,28.907794952392578,2634357,0.0,0.0
2006-08-18,28.907802904535195,28.96921061012488,28.362807460079352,28.923154830932617,2479151,0.0,0.0
2006-08-21,28.91547773900674,28.923153701905814,28.378158278724083,28.454917907714844,2357881,0.0,0.0
2006-08-22,28.47794321078771,28.754279907412087,28.40118358876626,28.70054817199707,1705228,0.0,0.0
2006-08-23,28.70054711669724,28.7849826978162,28.255339267995662,28.50864601135254,1509060,0.0,0.0
2006-08-24,28.631469277323777,28.646821204283093,28.163233447717108,28.193937301635742,2328020,0.0,0.0
2006-08-25,28.28603967958759,28.316743523537415,28.20160410872556,28.3013916015625,1683869,0.0,0.0
2006-08-28,28.316743795919106,28.332095718041693,28.025055218243143,28.224632263183594,2036859,0.0,0.0
2006-08-29,28.301399725885098,28.946182691272487,28.286047799503194,28.831043243408203,2330971,0.0,0.0
2006-08-30,28.90780074647113,29.153433607839954,28.784985344460342,29.092023849487305,2614051,0.0,0.0
2006-08-31,29.153430519102702,29.48349687703693,29.05364301554119,29.268569946289062,2913151,0.0,0.0
2006-09-01,29.491177866766588,29.560263592203793,29.237871083770614,29.460474014282227,2089484,0.0,0.0
2006-09-05,29.40672701228592,29.468134685388115,29.06898275287752,29.237855911254883,2055267,0.0,0.0
2006-09-06,29.168792158320848,29.207171980166585,28.608444702025327,28.677528381347656,4181428,0.0,0.0
2006-09-07,28.623796243372983,28.631472207638243,28.1709122943748,28.332107543945312,2687403,0.0,0.0
2006-09-08,28.523991597161675,28.976875307152405,28.362796432661227,28.7542724609375,1671433,0.0,0.0
2006-09-11,28.677527668530008,28.77731520284858,27.733379959897402,28.316755294799805,3362961,0.0,0.0
2006-09-12,28.193935639817308,28.999913815022666,28.155555824681212,28.8924503326416,3645057,0.0,0.0
2006-09-13,28.9768881086235,29.621673166173025,28.93850829059645,29.27625274658203,3271411,0.0,0.0
2006-09-14,29.283923186464126,29.828918556995237,29.191811640573878,29.698427200317383,3237053,0.0,0.0
2006-09-15,29.859608897961788,30.082213757176728,29.483484865044275,29.60630226135254,3443269,0.0,0.0
2006-09-18,29.667720518810963,29.951733148866904,29.483495387274402,29.74448013305664,1824953,0.0,0.0
2006-09-19,29.74447970301564,29.821239316151537,29.268568044226164,29.544904708862305,2203447,0.0,0.0
2006-09-20,29.821233619342923,30.297145187218078,29.713770181481614,29.8596134185791,3552032,0.0,0.0
2006-09-21,29.944062046674595,29.951740067219596,29.283927154334688,29.38371467590332,4835837,0.0,0.0
2006-09-22,29.283923285467914,29.652371527621707,29.09970019306459,29.567935943603516,3883101,0.0,0.0
2006-09-25,29.798207900881103,30.051516651557332,29.552575110608803,30.00545883178711,3362469,0.0,0.0
2006-09-26,30.08990133721643,30.688628403243698,30.02849364401845,30.47370147705078,5431929,0.0,0.0
2006-09-27,30.415582572461624,30.671304824267892,30.082366652233176,30.3768367767334,3412705,0.53373,0.0
2006-09-28,30.407837629586147,30.59381747486909,30.330346027384923,30.38459014892578,3233119,0.0,0.0
2006-09-29,30.524077535319492,30.570572500451988,30.190861541570417,30.20635986328125,2276519,0.0,0.0
2006-10-02,30.20635572394633,30.24510152291387,29.880891012618996,30.051372528076172,2349379,0.0,0.0
2006-10-03,29.756910830598365,30.13662184529275,29.563181780737192,29.919645309448242,3838556,0.0,0.0
2006-10-04,29.80341339111328,29.99714247680101,29.547688921038603,29.80341339111328,4242063,0.0,0.0
2006-10-05,29.679416605584663,30.066876748264725,29.59417583112764,29.942890167236328,2803474,0.0,0.0
2006-10-06,29.756904500502067,30.376841482113484,29.756904500502067,30.167612075805664,2559810,0.0,0.0
2006-10-09,30.17536592971358,30.640317699759027,30.16761676816226,30.524080276489258,2109649,0.0,0.0
2006-10-10,30.632566074593957,30.68681020109062,30.152116020085906,30.4388370513916,2571824,0.0,0.0
2006-10-11,30.36910661520092,30.578334043017044,30.121131290451814,30.22187042236328,2296824,0.0,0.0
2006-10-12,30.431081143434348,30.555067690794168,30.183105971748954,30.493074417114258,3065758,0.0,0.0
2006-10-13,30.42332844340339,30.81853759408213,30.283843593857544,30.60930824279785,2395821,0.0,0.0
2006-10-16,30.70231056213379,30.934787482383484,30.632568109148785,30.70231056213379,2428984,0.0,0.0
2006-10-17,30.090118488537534,30.609314274455006,30.090118488537534,30.392337799072266,3258413,0.0,0.0
2006-10-18,30.66355887962398,30.942530715077904,30.56281980016999,30.624813079833984,2857013,0.0,0.0
2006-10-19,30.547321324674947,30.91928307773044,30.516324685000818,30.733301162719727,2028428,0.0,0.0
2006-10-20,30.756544513630278,30.865034814891626,30.446578158499733,30.841787338256836,2944769,0.0,0.0
2006-10-23,30.710042456547246,31.066505759456327,30.663547514032825,30.888275146484375,2737499,0.0,0.0
2006-10-24,31.07427413513685,31.717458724975586,30.99678251635302,31.717458724975586,5206462,0.0,0.0
2006-10-25,31.756194799157644,31.84143555368837,30.981274694946652,31.11301040649414,4613742,0.0,0.0
2006-10-26,31.965413999953142,31.965413999953142,31.205992407321634,31.554706573486328,6927921,0.0,0.0
2006-10-27,31.50046047123826,31.94216449981908,31.097502227886885,31.740686416625977,3593556,0.0,0.0
2006-10-30,31.818194773663922,31.965428835213253,31.461731284525587,31.918933868408203,2533251,0.0,0.0
2006-10-31,32.00417420952646,32.058418336734576,31.500476665627712,31.608964920043945,4048495,0.0,0.0
2006-11-01,31.62446493155477,31.965430112044306,31.322247635250122,31.49272918701172,3154567,0.0,0.0
2006-11-02,31.314494987836582,31.794945020828564,31.306745827255522,31.647708892822266,2138316,0.0,0.0
2006-11-03,31.639960142169873,31.895684521624222,31.39973616104459,31.469478607177734,2665482,0.0,0.0
2006-11-06,31.492727220903088,32.019672243144164,31.492727220903088,31.942180633544922,3351157,0.0,0.0
2006-11-07,31.91118395292676,32.10491297670159,31.63996124267578,31.63996124267578,2924744,0.0,0.0
2006-11-08,31.539222845738166,31.818194723091338,31.43073459003214,31.6942081451416,2353384,0.0,0.0
2006-11-09,31.585713147656826,31.903430783696397,31.508221547882773,31.56246566772461,2509503,0.0,0.0
2006-11-10,31.70970289600878,31.70970289600878,31.38423814422917,31.624462127685547,1618878,0.0,0.0
2006-11-13,31.787200135990968,32.00417666144655,31.663211473049955,31.77170181274414,2338910,0.0,0.0
2006-11-14,31.7716873121374,32.05065700325844,31.60895291535134,31.934419631958008,2343407,0.0,0.0
2006-11-15,31.83368802693162,32.19014938234297,31.77944390762989,32.04291534423828,3168760,0.0,0.0
2006-11-16,32.05066847145433,32.19790460475023,31.825942806530037,32.12041091918945,2606112,0.0,0.0
2006-11-17,31.841430442491227,31.957667816374666,31.54696035168769,31.91117286682129,3925468,0.0,0.0
2006-11-20,31.74845741831176,32.073922238176316,31.694213281667665,31.794952392578125,3293051,0.0,0.0
2006-11-21,31.453978475043094,31.50047343645519,30.85729105995512,31.05876922607422,7206083,0.0,0.0
2006-11-22,30.973521252998207,31.174999372214167,30.609308729757664,31.066511154174805,6379395,0.0,0.0
2006-11-24,30.934791767578975,31.074276692870924,30.67131816506088,31.051029205322266,1306780,0.0,0.0
2006-11-27,31.012270161149264,31.120758390089108,30.34584039212447,30.493074417114258,4018564,0.0,0.0
2006-11-28,30.307091163614913,30.92702590716845,30.29933992831705,30.725547790527344,4740633,0.0,0.0
2006-11-29,30.934785502158494,31.229255695100527,30.81079892701078,31.151762008666992,3083112,0.0,0.0
2006-11-30,31.035526598791673,31.252505196279223,30.8030517553761,31.00452995300293,3461326,0.0,0.0
2006-12-01,30.84954397572254,30.989028869345397,30.624816236808442,30.76430320739746,5319652,0.0,0.0
2006-12-04,30.91927892703947,31.105258740117797,30.779791990265068,30.841787338256836,5128262,0.0,0.0
2006-12-05,30.810786275645484,31.058759324119503,30.764291329056604,30.903776168823242,5376423,0.0,0.0
2006-12-06,30.911526356402884,31.36872875672388,30.90377719837991,31.18274688720703,4131543,0.0,0.0
2006-12-07,31.283499116972266,31.32224492083306,30.865042358309523,30.989028930664062,5801219,0.0,0.0
2006-12-08,30.841797417231785,31.058773936730216,30.756554564748203,30.927038192749023,2110984,0.0,0.0
2006-12-11,30.92703279007196,31.22150087223602,30.92703279007196,31.082015991210938,3164614,0.0,0.0
2006-12-12,30.98128864926636,30.989037812259465,30.57833009665823,30.826305389404297,5042052,0.0,0.0
2006-12-13,30.865034814891626,30.996770515822107,30.57056470055195,30.841787338256836,3077842,0.0,0.0
2006-12-14,30.841794162755786,31.12076394410214,30.68680887393058,31.01227569580078,5047743,0.0,0.0
2006-12-15,31.144008157530937,31.345488388769898,31.07426571951334,31.09751319885254,5772693,0.0,0.0
2006-12-18,31.345490231748194,31.345490231748194,30.98127762372072,31.05876922607422,3431535,0.0,0.0
2006-12-19,30.973518123199728,31.26798611383701,30.911524862012932,31.190494537353516,3363242,0.0,0.0
2006-12-20,31.04326900114367,31.500471503946628,31.03551984138372,31.322240829467773,3131522,0.0,0.0
2006-12-21,31.26799767331366,31.322243873871734,31.01227537638006,31.043272018432617,3371884,0.0,0.0
2006-12-22,30.996784210205078,31.159516618543808,30.950289236394013,30.996784210205078,2474022,0.0,0.0
2006-12-26,30.996777363595246,31.237003418857544,30.996777363595246,31.19825553894043,1798956,0.0,0.0
2006-12-27,31.42900650346425,31.475938614312483,31.249100078546032,31.39771842956543,2464958,0.53373,0.0
2006-12-28,31.28822139018024,31.405551709372862,31.28039936890073,31.303865432739258,1926690,0.0,0.0
2006-12-29,31.241273802667266,31.405536168251224,31.202163715623467,31.209985733032227,2786752,0.0,0.0
2007-01-03,31.288204723136005,31.804459949071973,31.28038270602324,31.499399185180664,5797425,0.0,0.0
2007-01-04,31.49940840980898,31.49940840980898,31.014443206795065,31.358612060546875,3914718,0.0,0.0
2007-01-05,31.26474332480841,31.288209379639067,30.983148570346742,31.061370849609375,3969030,0.0,0.0
2007-01-08,31.069194389929947,31.116128601551328,30.68591544972317,30.8892879486084,5062990,0.0,0.0
2007-01-09,30.904933724055933,31.014444095335705,30.56858688007149,30.81106948852539,3144379,0.0,0.0
2007-01-10,30.701563213591818,30.881469676744185,30.52165675043945,30.858003616333008,5235269,0.0,0.0
2007-01-11,31.053555092256573,31.3273257871444,30.92840067809937,31.311681747436523,3606836,0.0,0.0
2007-01-12,31.311678469624432,31.859221898575594,31.209992222168097,31.632383346557617,4235599,0.0,0.0
2007-01-16,31.585455076388357,32.07042454076486,31.561989014869596,31.741897583007812,4966803,0.0,0.0
2007-01-17,31.74971607873837,32.078243000023164,31.655851843083898,31.874868392944336,3637750,0.0,0.0
2007-01-18,31.8748666296722,32.250325648014375,31.85922259126186,32.02348709106445,3891813,0.0,0.0
2007-01-19,32.164279614141385,33.32194251191022,32.000015133861076,32.91519546508789,10459577,0.0,0.0
2007-01-22,33.321945728213336,33.321945728213336,32.47716347992634,32.63360595703125,3646182,0.0,0.0
2007-01-23,32.45370461026021,32.72747743345497,32.219043987374214,32.34419631958008,4674518,0.0,0.0
2007-01-24,32.39112561925692,32.899559020996094,32.25815127788517,32.899559020996094,3830546,0.0,0.0
2007-01-25,33.040341909626015,33.38451063099675,32.75092520652554,32.80567932128906,5906610,0.0,0.0
2007-01-26,32.67272365890089,32.813520034230315,32.15646818619855,32.61796951293945,3170165,0.0,0.0
2007-01-29,32.54756908616619,32.61796726898786,32.19557607556352,32.36766052246094,2969009,0.0,0.0
2007-01-30,32.39111486117174,32.51626714089588,32.01565802199933,32.258140563964844,3995588,0.0,0.0
2007-01-31,32.1329888556544,32.61795604470306,32.070412714679556,32.492801666259766,3707168,0.0,0.0
2007-02-01,32.4615346891909,32.813525688164255,32.44588854829726,32.5632209777832,2568382,0.0,0.0
2007-02-02,32.54755205162743,32.571018100286466,32.19555922524861,32.45368576049805,2724642,0.0,0.0
2007-02-05,32.51628061532048,32.82916354077997,32.14864564128654,32.26597595214844,5005516,0.0,0.0
2007-02-06,32.187748845611644,32.72747025638401,32.187748845611644,32.664894104003906,2934089,0.0,0.0
2007-02-07,32.657064613233715,32.907369165486074,32.633598561460055,32.72746276855469,2556437,0.0,0.0
2007-02-08,32.60231770352755,32.758758083287326,32.422409170309834,32.55538558959961,2466152,0.0,0.0
2007-02-09,32.524086892159076,32.89172166453496,32.48497680999143,32.868255615234375,3799139,0.0,0.0
2007-02-12,32.79005283894086,33.14986788218068,32.75094273603375,33.0872917175293,4409635,0.0,0.0
2007-02-13,33.24373656942937,33.61919570398105,33.188982418046066,33.400177001953125,4791853,0.0,0.0
2007-02-14,33.43927424380308,33.697400841965646,33.290653802912715,33.611358642578125,4012591,0.0,0.0
2007-02-15,33.63482932555258,34.065042478186925,33.63482932555258,34.057220458984375,4202858,0.0,0.0
2007-02-16,34.025928386559606,34.29969902650043,33.89295197923744,33.97899627685547,3919988,0.0,0.0
2007-02-20,33.83819393665615,33.98681436335312,33.67393157169445,33.93206024169922,2479361,0.0,0.0
2007-02-21,33.73651483261262,33.799090984855674,33.61136252812653,33.64265060424805,3379050,0.0,0.0
2007-02-22,33.71304684598319,33.96335144062942,33.43145208051234,33.63482666015625,3479102,0.0,0.0
2007-02-23,33.50967498209141,34.166726651673905,33.18897011778046,33.986820220947266,4352864,0.0,0.0
2007-02-26,36.309976673678214,36.967026362728106,35.01151504631112,35.19142150878906,26204801,0.0,0.0
2007-02-27,34.42486151545089,35.19924570076356,33.32977240854002,34.15108871459961,8127131,0.0,0.0
2007-02-28,34.23712350769567,34.49525221229297,33.79126636084129,34.24494552612305,5821244,0.0,0.0
2007-03-01,33.822557290442994,34.16672822680239,33.6348288323346,33.752159118652344,6072988,0.0,0.0
2007-03-02,33.64264575406559,33.861662255341166,32.98559205725153,33.134212493896484,5399679,0.0,0.0
2007-03-05,32.57885189448127,33.14203936239616,32.51627364560718,32.664894104003906,5769110,0.0,0.0
2007-03-06,32.99342766339588,33.32977455036295,32.95431756026017,33.181156158447266,4550719,0.0,0.0
2007-03-07,33.1889701425988,33.42363070459163,32.860443259314934,32.92301940917969,4661590,0.0,0.0
2007-03-08,33.228092526177,33.5253314444668,33.11858422341037,33.400177001953125,3944087,0.0,0.0
2007-03-09,33.564428492912,33.767800976062055,33.478384192008505,33.63482666015625,3243798,0.0,0.0
2007-03-12,34.119799118364725,34.44050402571594,33.98682478215571,34.33099365234375,5029897,0.0,0.0
2007-03-13,34.06503966818757,34.29970022490714,33.470564161337485,33.587894439697266,4974180,0.0,0.0
2007-03-14,34.0650345371444,34.205830849968706,33.50966920673276,33.93206024169922,7594133,0.0,0.0
2007-03-15,35.418259562193974,36.184821668901215,35.23835101656172,35.82500457763672,17598140,0.0,0.0
2007-03-16,35.879752308810325,35.879752308810325,35.19923467465687,35.39478302001953,10804417,0.0,0.0
2007-03-19,35.480834751795285,35.582518906391634,35.12101976682751,35.38697052001953,7946983,0.0,0.0
2007-03-20,35.512112059830024,36.0127211441552,35.17576323480563,35.66855239868164,7097109,0.0,0.0
2007-03-21,35.51212731716625,36.255221342465795,35.20706642884662,35.69985580444336,11169070,0.0,0.0
2007-03-22,35.56687914055031,35.793719824420364,34.948939540457765,35.504302978515625,8751328,0.0,0.0
2007-03-23,35.308747350808076,35.84064461937204,35.23834708641603,35.74678039550781,5941108,0.0,0.0
2007-03-26,35.69202301959555,36.967013966091365,35.54340259089314,36.82621765136719,8964710,0.0,0.0
2007-03-27,36.76365249996402,36.87316077748097,36.38037143216049,36.53681182861328,8275803,0.0,0.0
2007-03-28,36.76154710098616,36.76154710098616,36.24111140526378,36.548641204833984,6468626,0.53373,0.0
2007-03-29,36.54863492998181,36.682687550270806,35.94146287383019,36.3041877746582,5768056,0.0,0.0
2007-03-30,35.6812474284563,36.580178642919044,35.641822919657166,36.162254333496094,4656320,0.0,0.0
2007-04-02,36.09129370673612,36.19380082586398,35.649711247119235,35.95724105834961,4327781,0.0,0.0
2007-04-03,36.07552061608299,36.351504879392216,35.87049793784445,35.925697326660156,5350145,0.0,0.0
2007-04-04,35.98878094532889,36.138604238990816,35.145049027581315,35.34218215942383,6728240,0.0,0.0
2007-04-05,35.1687001400998,35.25543870611587,34.6798079272752,35.06618881225586,4556480,0.0,0.0
2007-04-09,37.13214586589388,37.53429942118948,36.509203283708615,36.76941680908203,15730890,0.0,0.0
2007-04-10,36.46189980935915,36.46189980935915,35.60239312915974,35.88626480102539,7009634,0.0,0.0
2007-04-11,36.0518656782785,36.07552376895947,35.28698696806159,35.55508804321289,5728429,0.0,0.0
2007-04-12,36.35150109997368,36.74577153843469,35.846840349204605,36.272647857666016,12324508,0.0,0.0
2007-04-13,36.50132470182013,36.50132470182013,35.87049453076749,36.17802429199219,5296466,0.0,0.0
2007-04-16,36.18591347223254,36.31207866713382,35.878383696199215,36.225337982177734,4831972,0.0,0.0
2007-04-17,36.11493500510716,36.18590502413164,35.7679808001299,35.89414596557617,3743844,0.0,0.0
2007-04-18,35.71279279800364,35.95723999735055,35.6575976340073,35.720680236816406,3669859,0.0,0.0
2007-04-19,35.641825598127724,35.7285620601577,35.231786582342586,35.45257568359375,4837593,0.0,0.0
2007-04-20,35.67336588211113,35.97300822527349,35.41314804958759,35.64970779418945,5753091,0.0,0.0
2007-04-23,35.56297233087511,35.77587399351943,35.42891969171728,35.57874298095703,2733073,0.0,0.0
2007-04-24,35.68912964314057,35.996659365226,35.30274668807454,35.80740737915039,3962917,0.0,0.0
2007-04-25,36.02820799544937,36.390932941027934,35.84684340919858,36.327850341796875,4646905,0.0,0.0
2007-04-26,35.99666979973036,36.154376311406615,35.350068874934365,35.95724105834961,4629481,0.0,0.0
2007-04-27,35.67337174709102,35.87050278654096,35.405268545669166,35.8153076171875,3757685,0.0,0.0
2007-04-30,35.87838817702873,35.94935822148556,35.1056220348252,35.17658996582031,4839139,0.0,0.0
2007-05-01,35.208128433179404,35.46046094763677,34.466905766792635,34.71923828125,7455228,0.0,0.0
2007-05-02,34.7113422489394,35.14503924519956,34.7113422489394,34.91636276245117,4352724,0.0,0.0
2007-05-03,35.09773529865303,35.34218249794074,34.98734074376383,35.24755859375,3492802,0.0,0.0
2007-05-04,35.39738360269336,35.507778169518865,35.13716572457139,35.42103958129883,3367036,0.0,0.0
2007-05-07,35.39735817749421,35.83105292054219,35.35004625426647,35.78374099731445,3267195,0.0,0.0
2007-05-08,35.6654798199144,35.87838571173214,35.40526409081242,35.83107376098633,2739748,0.0,0.0
2007-05-09,35.6339381588054,36.272651600871754,35.58662620853838,35.965126037597656,5263163,0.0,0.0
2007-05-10,35.87838327518487,36.17802560955927,35.60239480111545,35.799530029296875,3913805,0.0,0.0
2007-05-11,36.05186009367048,36.45401375756361,35.973006848487785,36.107059478759766,3798366,0.0,0.0
2007-05-14,36.20167566981243,36.39881085428319,35.79952209149147,35.89414596557617,3730776,0.0,0.0
2007-05-15,36.02031504147032,36.42246866345,35.9808905364493,36.28053283691406,3628687,0.0,0.0
2007-05-16,36.27265476961658,36.53287263227914,36.05186564908254,36.5013313293457,2858980,0.0,0.0
2007-05-17,36.343623452323804,36.493446749103164,36.15437564181723,36.31996536254883,2352892,0.0,0.0
2007-05-18,36.46978897094641,36.509217711933836,36.170146601750695,36.2647705078125,3862444,0.0,0.0
2007-05-21,36.201684812311356,36.469785856591855,36.08340282637317,36.20956802368164,3480788,0.0,0.0
2007-05-22,36.19380427856472,36.29631563439502,36.0912971496582,36.0912971496582,2415284,0.0,0.0
2007-05-23,36.03607125452908,36.09915381883273,35.594493304403485,35.78374099731445,4035426,0.0,0.0
2007-05-24,35.878384987648026,36.07552022523865,35.29486882676438,35.373722076416016,4215153,0.0,0.0
2007-05-25,35.36582299099145,35.720664589820316,35.21600187494711,35.64181137084961,2798977,0.0,0.0
2007-05-29,35.76008555533529,35.82316812428385,35.39736078388103,35.507755279541016,2192697,0.0,0.0
2007-05-30,35.27908185326662,35.8704809520146,35.066176064256794,35.83893966674805,3260661,0.0,0.0
2007-05-31,35.744312281164326,36.10704125283103,35.67334650978305,35.78374099731445,3000907,0.0,0.0
2007-06-01,35.9572427622657,36.48556171487842,35.838960759441754,36.21746063232422,3597210,0.0,0.0
2007-06-04,35.988776508753205,36.296306269977904,35.87838196853046,36.17802429199219,2233308,0.0,0.0
2007-06-05,36.46977485960258,36.91135714395178,36.39092163506196,36.6747932434082,5198944,0.0,0.0
2007-06-06,36.6038360312026,36.666918625615594,36.15437043254867,36.17802429199219,3117188,0.0,0.0
2007-06-07,35.98090794969006,36.34363301526996,35.42104546937056,35.460472106933594,4410478,0.0,0.0
2007-06-08,35.405258981070894,35.86260988573642,35.33429106519438,35.82318115234375,2948984,0.0,0.0
2007-06-11,35.89413548484585,36.185894458210605,35.484098816872084,35.78374099731445,3218364,0.0,0.0
2007-06-12,35.57084604323589,35.76009379368014,35.14503860473633,35.14503860473633,4013856,0.0,0.0
2007-06-13,35.31853172053455,35.53932086281157,35.105625791305485,35.47623825073242,3235718,0.0,0.0
2007-06-14,35.5393173917334,35.602399997651354,35.334298922500054,35.55508804321289,4187330,0.0,0.0
2007-06-15,35.37371595848746,35.89414942964017,35.37371595848746,35.7758674621582,4884808,0.0,0.0
2007-06-18,35.957232961719356,36.154368170386654,35.53142547607422,35.53142547607422,2423223,0.0,0.0
2007-06-19,35.48411537934373,35.94146418401615,35.48411537934373,35.88626480102539,2522150,0.0,0.0
2007-06-20,35.89414937557971,36.099167788906996,35.59450707917829,35.60239028930664,2669627,0.0,0.0
2007-06-21,35.80741464841412,35.99666667290978,35.42891905326883,35.94146728515625,3022196,0.0,0.0
2007-06-22,35.66546934854973,35.86260453224006,35.37371240461024,35.54719161987305,3509314,0.0,0.0
2007-06-25,35.61028430890508,35.95723861097793,35.32641049374755,35.53931427001953,3399496,0.0,0.0
2007-06-26,35.71278828131885,36.11494193682716,35.421031280225975,35.52354049682617,3850640,0.0,0.0
2007-06-27,35.45985587004111,35.523534236421646,35.06983894272956,35.46781539916992,3522523,0.59777,0.0
2007-06-28,35.730484303935306,35.730484303935306,35.04596262124987,35.35638427734375,2622693,0.0,0.0
2007-06-29,35.51557047741252,35.87375140041503,34.958401337936365,35.19718933105469,3551119,0.0,0.0
2007-07-02,35.38026304511333,35.881717681884766,35.268829629542005,35.881717681884766,3097937,0.0,0.0
2007-07-03,35.86580707996985,36.20010740551461,35.81804989060631,36.02499771118164,2170706,0.0,0.0
2007-07-05,35.87375936560849,36.47072628092632,35.8260021830511,36.44684982299805,3374483,0.0,0.0
2007-07-06,36.35930019411793,36.55829062829056,36.02499984873735,36.470733642578125,3427109,0.0,0.0
2007-07-09,36.41500916324856,37.46567137298323,36.231937842854464,36.940338134765625,6942535,0.0,0.0
2007-07-10,36.614002597490355,36.66972145108166,35.87376403808594,35.87376403808594,4192108,0.0,0.0
2007-07-11,35.770276362410655,36.33540714548307,35.658842964816046,36.176212310791016,3095970,0.0,0.0
2007-07-12,36.176223525451014,36.76523307631574,36.176223525451014,36.71747589111328,2904088,0.0,0.0
2007-07-13,36.72543380077112,37.027900244639035,36.6140003670781,36.87666702270508,2813521,0.0,0.0
2007-07-16,36.87666162683931,37.06769034236136,36.60603761318306,36.75727081298828,3290873,0.0,0.0
2007-07-17,37.37015598970652,38.1740706180292,37.234841852252025,37.33831787109375,4991464,0.0,0.0
2007-07-18,36.948321260120274,37.54528848059057,36.75729243224226,37.53732681274414,5034745,0.0,0.0
2007-07-19,37.61690206078825,38.0387592969923,37.40995427448267,37.94324493408203,4556269,0.0,0.0
2007-07-20,38.03081347435539,38.08652806965879,37.258736672507375,37.58507537841797,4613251,0.0,0.0
2007-07-23,37.63281953399928,38.08651487203749,37.32240000098414,37.46567153930664,3159696,0.0,0.0
2007-07-24,37.13933349440033,37.481595458113,36.53440487636154,36.70155715942383,3674075,0.0,0.0
2007-07-25,36.83686708294208,36.98809602003646,35.70660741956763,36.35133361816406,4504838,0.0,0.0
2007-07-26,35.67476847909852,35.98519014287287,33.95550150017798,34.58430862426758,7829155,0.0,0.0
2007-07-27,34.38532374792209,34.982290714838314,33.629166158721695,33.78835678100586,4860990,0.0,0.0
2007-07-30,34.22613577208964,34.92657669765045,33.8281570522559,34.83106231689453,5522214,0.0,0.0
2007-07-31,35.26087612274295,35.4439453367372,34.60023291280443,34.608192443847656,5288105,0.0,0.0
2007-08-01,34.433082480927794,35.244958957737985,33.931629864862835,35.149444580078125,5764473,0.0,0.0
2007-08-02,35.7543640334678,35.7543640334678,34.91064959764812,35.47578048706055,4880382,0.0,0.0
2007-08-03,35.40413824336861,35.412097772289954,34.106730762488425,34.13856887817383,3840242,0.0,0.0
2007-08-06,34.30572608600061,34.433078575101185,33.589364068108935,34.25796890258789,4878625,0.0,0.0
2007-08-07,33.94755608586905,34.552484871969384,33.62917475987008,34.27389907836914,4071540,0.0,0.0
2007-08-08,34.58432038744815,34.79922776623463,33.89183678910085,34.48880386352539,4064022,0.0,0.0
2007-08-09,34.2022440311976,34.2022440311976,33.334651139424295,33.549560546875,4891553,0.0,0.0
2007-08-10,33.36649289770796,33.63711903540367,31.193532800003442,33.38241195678711,5985724,0.0,0.0
2007-08-13,33.50178914126313,33.78833420325253,32.98441783120244,33.11973190307617,3406944,0.0,0.0
2007-08-14,33.11179832570412,33.34262475466507,32.594424476848566,32.61830520629883,3270568,0.0,0.0
2007-08-15,32.67401470813265,32.880962495249605,31.878057414059004,31.97357177734375,3772229,0.0,0.0
2007-08-16,31.67907441234197,32.037253334076766,30.9547527705768,31.7188720703125,8475554,0.0,0.0
2007-08-17,32.81730023171533,33.52570086117356,32.01338306493633,32.753623962402344,5644608,0.0,0.0
2007-08-20,32.93668221428935,33.509770579671255,32.41135103491005,33.2709846496582,3312935,0.0,0.0
2007-08-21,33.231178169804565,33.46200450751908,32.89687582321284,33.14362335205078,3481490,0.0,0.0
2007-08-22,33.501808493019304,34.44899687651694,33.430172719480055,34.20225143432617,3630865,0.0,0.0
2007-08-23,34.584311789258585,34.60819038096494,33.971423668761126,34.25796890258789,3262066,0.0,0.0
2007-08-24,34.226143080556255,34.632081418801555,34.090831012258235,34.56840515136719,2840923,0.0,0.0
2007-08-27,34.56839040863221,34.886771610020745,34.194290363650374,34.36940002441406,2233378,0.0,0.0
2007-08-28,34.074895410443496,34.26592412004927,33.16750477311569,33.191383361816406,3008073,0.0,0.0
2007-08-29,33.438144550782766,33.907759150092346,33.167520417857595,33.79632568359375,2340456,0.0,0.0
2007-08-30,33.39039045494834,34.12267185528853,33.215280705600264,33.82816696166992,2147309,0.0,0.0
2007-08-31,34.13857529038726,34.56043040245545,33.828151470797984,33.93162536621094,2814224,0.0,0.0
2007-09-04,33.72469224987004,34.433092898521785,33.15160367717454,34.30574035644531,3926030,0.0,0.0
2007-09-05,33.89183343079187,33.93959062134554,33.406299860145445,33.74856185913086,3775672,0.0,0.0
2007-09-06,33.42221231497337,34.09877664740585,33.42221231497337,33.9793815612793,3810803,0.0,0.0
2007-09-07,33.43017681961942,33.58936744700882,32.79341217671116,33.02423858642578,3666768,0.0,0.0
2007-09-10,33.12772200330418,33.31079126556146,32.39544068757276,32.59442901611328,2755556,0.0,0.0
2007-09-11,32.67401964318723,33.25506757428078,32.650141048759444,33.175472259521484,2942942,0.0,0.0
2007-09-12,33.215270087018915,33.61324666285369,32.79341278328334,33.350582122802734,2865655,0.0,0.0
2007-09-13,33.66101199921951,33.86795985562714,33.23915462011442,33.43018341064453,2770592,0.0,0.0
2007-09-14,33.23118403814059,33.66896033756698,33.11975061404852,33.41425323486328,2654100,0.0,0.0
2007-09-17,33.430178681837745,33.89183366033403,33.414259618212036,33.56549072265625,2909568,0.0,0.0
2007-09-18,33.76447160922734,34.7594170713563,33.6689572544662,34.735538482666016,3873124,0.0,0.0
2007-09-19,34.81512829861932,35.53149011327746,34.77533065706608,35.08575439453125,4642198,0.0,0.0
2007-09-20,35.02209480427927,35.14148778565319,34.52064001580707,34.66391372680664,2970976,0.0,0.0
2007-09-21,35.045962268989925,35.11759803506078,34.65594318703173,34.735538482666016,3386779,0.0,0.0
2007-09-24,34.711663280558106,35.22107535566762,34.56043007074797,35.02208709716797,3815088,0.0,0.0
2007-09-25,34.70370553736247,35.10168420820697,34.49675560451508,35.03800582885742,3598966,0.0,0.0
2007-09-26,35.335333131984676,35.56034894195542,35.08621086990667,35.30318832397461,3757053,0.59777,0.0
2007-09-27,35.3112444384186,35.584477614483966,34.877289285570114,35.34339141845703,3370057,0.0,0.0
2007-09-28,35.22284739055226,35.27910083824671,34.26653447194343,34.60405731201172,4347665,0.0,0.0
2007-10-01,34.628154323030486,35.42374283864076,34.55582848595698,35.415706634521484,4083906,0.0,0.0
2007-10-02,35.27106253763412,35.80949051607699,35.06212117288671,35.608585357666016,4472308,0.0,0.0
2007-10-03,35.53624997141813,35.5683947881441,35.246944466983564,35.439815521240234,3624401,0.0,0.0
2007-10-04,35.367496998147104,35.721090055261186,35.21480693321924,35.64072799682617,3200588,0.0,0.0
2007-10-05,35.94609013862615,36.146997350115946,35.8335811524757,35.89787292480469,3519783,0.0,0.0
2007-10-08,35.74519784839028,35.91396032111293,35.407677210747536,35.680908203125,2483155,0.0,0.0
2007-10-09,35.75323135734715,36.163082122802734,34.475470446272666,36.163082122802734,3828368,0.0,0.0
2007-10-10,36.03449848645703,36.33987641367738,35.825555013969115,36.00235366821289,2712978,0.0,0.0
2007-10-11,36.13898309780714,36.50061459656861,35.92200549089135,35.99433135986328,4345838,0.0,0.0
2007-10-12,36.19522853242572,38.01945362104501,35.86574195692301,37.3685188293457,10747436,0.0,0.0
2007-10-15,37.01491435325631,38.11588074334555,36.62917656812807,36.805973052978516,6452255,0.0,0.0
2007-10-16,36.621143103518584,36.72561592151745,36.07468116823785,36.22737121582031,4027416,0.0,0.0
2007-10-17,36.484520082143476,36.57291615899816,35.50409903323944,35.97823715209961,4641917,0.0,0.0
2007-10-18,35.8094907484709,36.03450668125294,35.35946319070976,35.938072204589844,3378699,0.0,0.0
2007-10-19,35.8094736581324,36.05859809118372,35.15853909741836,35.182647705078125,4791502,0.0,0.0
2007-10-22,34.59599594382133,34.997808146162924,34.3147267560122,34.91744613647461,3644636,0.0,0.0
2007-10-23,35.271068528015135,35.624663820773954,34.901402973755545,35.46393966674805,2990087,0.0,0.0
2007-10-24,35.47197072300473,35.72912933210012,34.92550652477551,35.34339141845703,3869119,0.0,0.0
2007-10-25,35.24695153284193,35.35946056783806,34.61208912133414,35.08622741699219,4354199,0.0,0.0
2007-10-26,34.95764619753635,36.12290028102379,34.909428965439034,35.785377502441406,3540228,0.0,0.0
2007-10-29,35.84162931522113,36.35594855727206,35.84162931522113,36.315765380859375,4107514,0.0,0.0
2007-10-30,36.227372830271214,36.31576893454604,35.664834152257924,35.761268615722656,4304736,0.0,0.0
2007-10-31,36.31577333138134,36.31577333138134,35.81752854315656,36.19523239135742,5075426,0.0,0.0
2007-11-01,35.7451890857979,35.962168739279015,35.28712332167192,35.47195816040039,3788600,0.0,0.0
2007-11-02,35.5362535003129,35.688941394923766,34.9094273580093,35.33534622192383,3803566,0.0,0.0
2007-11-05,35.21480970923532,35.35946357972288,34.756743786144625,35.12641143798828,3155340,0.0,0.0
2007-11-06,35.10230800140584,36.042548605844566,35.10230800140584,35.99433135986328,4009430,0.0,0.0
2007-11-07,35.359458368835,35.624653143494626,34.98175456617617,35.118370056152344,4781736,0.0,0.0
2007-11-08,35.04603981167092,35.35945393266735,34.282596096841566,34.7647705078125,4860568,0.0,0.0
2007-11-09,34.21027152439237,34.403142588259385,33.55130059477412,33.599517822265625,4064303,0.0,0.0
2007-11-12,33.31022080372379,33.83257638874737,32.73964797890434,32.836082458496094,4754475,0.0,0.0
2007-11-13,33.22985377247148,33.591485170810195,32.75571549808555,33.157527923583984,4461839,0.0,0.0
2007-11-14,33.65577535090119,33.65577535090119,32.88429530933098,33.31825256347656,4826703,0.0,0.0
2007-11-15,33.25396074744617,33.374505976876776,32.28961183540794,32.48248291015625,4606154,0.0,0.0
2007-11-16,32.57087757511047,32.86821928254037,32.088703172243605,32.313716888427734,3975353,0.0,0.0
2007-11-19,31.807433263093163,32.29764386070795,31.58241955122446,31.79136085510254,4605171,0.0,0.0
2007-11-20,31.863695903655625,32.58695657735677,31.79940410354989,32.522666931152344,4812651,0.0,0.0
2007-11-21,32.506591786693676,32.594990042792915,31.502061841400096,31.55831527709961,4395091,0.0,0.0
2007-11-23,31.694926476179823,32.30568013505429,31.646709252102955,32.265499114990234,1343596,0.0,0.0
2007-11-26,32.353908981274216,32.828047342250464,31.5743947581143,31.62261199951172,4356939,0.0,0.0
2007-11-27,31.85565053600315,32.35389733837868,31.542238579704552,32.04048538208008,4177353,0.0,0.0
2007-11-28,32.52266950793042,33.55934444291545,32.1530018590648,33.48701858520508,5353237,0.0,0.0
2007-11-29,33.020920742344074,33.83257984915982,33.020920742344074,33.535240173339844,3639085,0.0,0.0
2007-11-30,33.80042539828502,34.017405091699054,33.36646816535811,33.7039909362793,3601988,0.0,0.0
2007-12-03,33.382545471191406,33.73614070430108,33.14145928082217,33.382545471191406,2786331,0.0,0.0
2007-12-04,33.382543620354305,33.382543620354305,32.916443678149214,32.98876953125,3345606,0.0,0.0
2007-12-05,33.189659001588566,33.63165227121883,33.036971161609124,33.58343505859375,3104682,0.0,0.0
2007-12-06,33.3504059508497,33.88079777367797,33.294150347213396,33.864723205566406,2841134,0.0,0.0
2007-12-07,33.929003058966224,34.547792941873496,33.80845784097317,34.346885681152344,3069973,0.0,0.0
2007-12-10,34.049544805166455,34.55582780865864,34.049544805166455,34.419212341308594,2944558,0.0,0.0
2007-12-11,34.113847640757,34.571913597774774,33.22182434793808,33.31022262573242,3802442,0.0,0.0
2007-12-12,33.73612891549237,34.089724025041185,33.05304946090782,33.55129623413086,3948654,0.0,0.0
2007-12-13,36.171117521677616,36.56489373780001,35.134442723537774,35.67287063598633,11433602,0.0,0.0
2007-12-14,35.35141417720382,35.35945253507151,34.36295678147761,34.64422607421875,4586411,0.0,0.0
2007-12-17,34.73262352348209,34.73262352348209,33.077159082467375,33.2298469543457,4677258,0.0,0.0
2007-12-18,33.776322580233405,33.776322580233405,33.0048445978681,33.4227294921875,4922328,0.0,0.0
2007-12-19,33.15752300579789,33.47093712506066,32.627131372053825,32.94858169555664,3994464,0.0,0.0
2007-12-20,33.06911847126897,33.358421768901465,32.62712516820773,32.95661163330078,3874459,0.0,0.0
2007-12-21,33.39862255523416,33.42273117608829,32.876264795591396,33.149497985839844,6104043,0.0,0.0
2007-12-24,33.221825246896096,33.39862396117047,32.948594199047434,33.04502868652344,1906596,0.0,0.0
2007-12-26,32.94859203993962,32.95662824670268,32.58696058170048,32.884300231933594,2991281,0.0,0.0
2007-12-27,32.89242299877129,33.127889822183775,32.69755172729492,32.69755172729492,2669417,0.59777,0.0
2007-12-28,32.98984526414967,33.2090750909107,32.315921051117876,32.551387786865234,2704266,0.0,0.0
2007-12-31,32.47831329238497,32.5351500930996,31.90182356604169,32.00737762451172,3553227,0.0,0.0
2008-01-02,31.844980452433553,32.080447151572805,31.1385760025412,31.463359832763672,4134634,0.0,0.0
2008-01-03,31.46336658130677,31.755672308827062,31.130463138330573,31.28473663330078,4154729,0.0,0.0
2008-01-04,30.9437081256696,31.05738170866234,30.02619556761059,30.03431510925293,6804894,0.0,0.0
2008-01-07,29.7095320430766,30.456534246151698,29.7095320430766,30.188587188720703,5105287,0.0,0.0
2008-01-08,30.651407840208368,30.951833110040585,29.839451356958552,29.945005416870117,7044413,0.0,0.0
2008-01-09,30.424063270408105,30.424063270408105,29.141168825456436,29.693302154541016,9261210,0.0,0.0
2008-01-10,29.449718691243227,30.172360386669094,29.230490971939137,29.961252212524414,6128564,0.0,0.0
2008-01-11,29.571503869894695,29.823211877990722,29.238602608404683,29.425352096557617,4670302,0.0,0.0
2008-01-14,29.693306052980525,30.139881019162576,29.449717531552082,30.115522384643555,4124376,0.0,0.0
2008-01-15,29.701423680977108,29.928773114711742,29.214250986342,29.246726989746094,3870875,0.0,0.0
2008-01-16,29.198001334405507,29.644578352465793,28.710826603452254,29.09244728088379,5164306,0.0,0.0
2008-01-17,29.116801469779514,29.571497961100167,28.069376284345047,28.12621307373047,8680575,0.0,0.0
2008-01-18,28.24802074559792,28.800151974897737,27.882639048951276,28.369813919067383,6575914,0.0,0.0
2008-01-22,26.81897431484146,28.64587844559817,26.80273522504553,28.369813919067383,8175681,0.0,0.0
2008-01-23,28.028781014133624,29.742013090914405,27.41981318440176,29.522783279418945,9450071,0.0,0.0
2008-01-24,29.750135051325206,29.961243161697396,28.792024659468403,29.238601684570312,6936212,0.0,0.0
2008-01-25,29.360405530203867,29.83134135513254,29.133056075287378,29.48219871520996,4005776,0.0,0.0
2008-01-28,30.02620150473648,30.537734905587453,29.474070387646368,30.521495819091797,4620066,0.0,0.0
2008-01-29,31.236007339905964,32.47830356948039,30.643278705087102,30.80567169189453,8226058,0.0,0.0
2008-01-30,31.106100075244385,31.723187438453305,30.505251795903135,30.675762176513672,5888624,0.0,0.0
2008-01-31,30.245430852233824,31.80439194735143,30.042442259764307,31.374053955078125,5587556,0.0,0.0
2008-02-01,31.503969070150006,32.510796918483564,31.40653453829284,32.38900375366211,5973780,0.0,0.0
2008-02-04,32.47831065264012,32.47831065264012,31.85310371935648,31.869342803955078,3262488,0.0,0.0
2008-02-05,31.658240302444806,31.658240302444806,30.91124005122622,31.00055503845215,4534559,0.0,0.0
2008-02-06,31.171061110439602,31.63387724668539,30.71636669358963,30.894996643066406,5634139,0.0,0.0
2008-02-07,30.89499803553846,31.138584341258223,30.375345073765086,30.789443969726562,4724473,0.0,0.0
2008-02-08,30.894983340335134,31.479592372231075,30.700112212211927,31.26036262512207,3798507,0.0,0.0
2008-02-11,31.455245272814615,31.455245272814615,30.464656718810968,30.878755569458008,5956917,0.0,0.0
2008-02-12,30.911234307835816,31.71507121975221,30.911234307835816,31.43088722229004,5638987,0.0,0.0
2008-02-13,31.74755399570167,31.78003434778898,31.073629670590332,31.585163116455078,4531186,0.0,0.0
2008-02-14,31.82874633856645,31.82874633856645,31.211656747185263,31.300973892211914,3460764,0.0,0.0
2008-02-15,31.26037808844011,31.43901022560197,30.878759535557155,31.35781478881836,3213165,0.0,0.0
2008-02-19,31.78002564773912,32.13728548427872,31.463361343659802,31.812503814697266,4611073,0.0,0.0
2008-02-20,30.98431491718446,31.869349568129202,30.98431491718446,31.633880615234375,4142433,0.0,0.0
2008-02-21,31.51207771829187,31.674468548569322,31.04114213424992,31.162935256958008,4165830,0.0,0.0
2008-02-22,31.1385760025412,31.51207708086145,30.797555265856765,31.463359832763672,3734921,0.0,0.0
2008-02-25,31.820628627902472,31.820628627902472,31.16294128557149,31.66635513305664,5628518,0.0,0.0
2008-02-26,31.625757417633462,31.69883330539518,31.365932038925134,31.66635513305664,6715663,0.0,0.0
2008-02-27,31.60951874082061,31.83686812637243,31.341573815557645,31.80438995361328,6132499,0.0,0.0
2008-02-28,31.820627411334044,31.820627411334044,31.016788324212058,31.422767639160156,4053834,0.0,0.0
2008-02-29,31.300968927799364,31.300968927799364,30.448412735737428,30.602684020996094,4733748,0.0,0.0
2008-03-03,30.594561461915998,30.80567169189453,30.432170651345643,30.80567169189453,4428746,0.0,0.0
2008-03-04,30.740727940134413,30.870640641722918,30.17235551820876,30.594573974609375,6241192,0.0,0.0
2008-03-05,30.894993618538,31.292853370570214,30.36722118869529,30.618927001953125,5141611,0.0,0.0
2008-03-06,30.692000599966715,30.692000599966715,30.042432952820104,30.07491111755371,3760004,0.0,0.0
2008-03-07,29.97747905564114,30.237304394591483,29.246715937368457,29.376630783081055,5786605,0.0,0.0
2008-03-10,29.376631267088666,29.40098989301659,28.59715088492012,28.61338996887207,6301897,0.0,0.0
2008-03-11,29.37664162799502,30.115522384643555,28.824510402658976,30.115522384643555,5812391,0.0,0.0
2008-03-12,30.310392147625592,30.854403801390024,30.042445004844662,30.261674880981445,3603814,0.0,0.0
2008-03-13,30.042436189576467,30.708240814586073,29.603978742196364,30.391578674316406,4244944,0.0,0.0
2008-03-14,30.8544010458073,30.894998764385004,29.36039847343397,30.042442321777344,5731099,0.0,0.0
2008-03-17,29.271073655761267,30.18046884261686,29.230478124045792,29.57149887084961,5421601,0.0,0.0
2008-03-18,30.375341749820706,30.878755569458008,29.993721069715583,30.878755569458008,5132548,0.0,0.0
2008-03-19,30.85440089008323,31.06550902562182,29.555267373439698,29.563386917114258,6272388,0.0,0.0
2008-03-20,29.595865367772628,30.05056199402569,29.238605442760747,29.620223999023438,6056336,0.0,0.0
2008-03-24,29.92876912583796,31.28473947389817,29.58774610880631,30.57833480834961,5143087,0.0,0.0
2008-03-25,30.69200921017991,31.179181817853443,30.45654027356651,30.740726470947266,5571396,0.0,0.0
2008-03-26,30.57021965010319,31.130470430875388,30.529621925136965,30.700132369995117,3982379,0.0,0.0
2008-03-27,31.01214259717334,31.06140930676182,30.281383514404297,30.281383514404297,4103930,0.59777,0.0
2008-03-28,30.560538542841535,30.560538542841535,30.010416182130406,30.100736618041992,3913875,0.0,0.0
2008-03-31,30.10895658573035,30.48665113960446,30.010425370992458,30.256750106811523,3755156,0.0,0.0
2008-04-01,30.519491445460407,30.995714936937066,30.158216251242962,30.97108268737793,5146459,0.0,0.0
2008-04-02,31.200974326761497,31.652567602087313,30.88896374723449,31.25844955444336,4020109,0.0,0.0
2008-04-03,31.069613967957288,31.874271914032004,31.003927964307692,31.55405044555664,4437669,0.0,0.0
2008-04-04,31.545842209324046,32.16165294398668,31.471945449328633,31.898906707763672,3822325,0.0,0.0
2008-04-07,32.09597240429384,32.43261548095882,31.677223997586147,31.857860565185547,5045284,0.0,0.0
2008-04-08,31.734684173442623,32.14522383247513,31.570469190102916,32.02206039428711,3600020,0.0,0.0
2008-04-09,32.01384642469012,32.104164656441405,31.578676762615746,31.792156219482422,3557021,0.0,0.0
2008-04-10,31.890692035628884,32.16985973974887,31.529416830498164,31.693634033203125,4129224,0.0,0.0
2008-04-11,31.44731156739406,31.882483554402885,31.258464301630305,31.619739532470703,4990762,0.0,0.0
2008-04-14,31.471939667746373,31.603313862065537,31.028556988542164,31.159931182861328,3448538,0.0,0.0
2008-04-15,31.43088747657747,31.701844427555788,30.905397275322176,31.19277572631836,3261645,0.0,0.0
2008-04-16,31.504779810344854,32.432598832660545,31.480147563770977,32.366912841796875,4510459,0.0,0.0
2008-04-17,32.15342428440634,32.555753065424796,31.915310434137236,32.37511444091797,4137304,0.0,0.0
2008-04-18,32.64607710593676,33.05661450610712,32.57217817322317,32.82671356201172,4458536,0.0,0.0
2008-04-21,32.83492201365718,32.84313276108636,32.44080393637393,32.81850051879883,2864461,0.0,0.0
2008-04-22,32.73640563973063,32.74461639031886,31.874272426598647,32.26839065551758,3325512,0.0,0.0
2008-04-23,32.301230566231865,32.64608425861449,31.93995537424451,32.202701568603516,4690748,0.0,0.0
2008-04-24,32.71177199281018,33.08946870444388,31.95637856954276,32.5639762878418,4647959,0.0,0.0
2008-04-25,32.64608219337896,33.582112013000575,32.64608219337896,33.54926681518555,4249440,0.0,0.0
2008-04-28,33.442525074695325,33.491789567447015,32.8759812073677,32.974510192871094,2587493,0.0,0.0
2008-04-29,33.073048340977344,33.09768279486109,32.67893228977734,32.925254821777344,3444744,0.0,0.0
2008-04-30,33.17978264347422,33.41789436942152,32.769242984261155,32.96630096435547,4497531,0.0,0.0
2008-05-01,32.87599201395482,33.17979201980143,32.45724148723582,33.17158126831055,5237026,0.0,0.0
2008-05-02,33.31113911507612,34.017265415542475,33.17976718953488,33.49177551269531,4082782,0.0,0.0
2008-05-05,33.48359298706055,33.6231757755874,33.15516069572506,33.48359298706055,2660564,0.0,0.0
2008-05-06,33.23725836772318,33.729905525757644,33.10588417841292,33.5903205871582,4038166,0.0,0.0
2008-05-07,33.656004057622326,33.79558677594428,33.278307442656434,33.4096794128418,4354129,0.0,0.0
2008-05-08,33.66421222211154,34.02548511239447,33.43430909124869,33.885902404785156,3502288,0.0,0.0
2008-05-09,33.68884291873493,34.05011579243996,33.44251830416244,33.853057861328125,4409565,0.0,0.0
2008-05-12,33.87768982366563,34.36212610100794,33.787371605983324,34.29644012451172,4157891,0.0,0.0
2008-05-13,34.280027776138006,34.403189014927264,33.918752608339595,34.288238525390625,5730186,0.0,0.0
2008-05-14,34.08296279187685,35.22426337925709,34.08296279187685,34.838356018066406,5319231,0.0,0.0
2008-05-15,34.67413965736804,34.89583206176758,34.4278172087941,34.89583206176758,6108399,0.0,0.0
2008-05-16,34.9615229116907,35.659441014439686,34.71520042884987,35.207847595214844,4390735,0.0,0.0
2008-05-19,35.28995560067149,35.28995560067149,34.78088692807658,34.928680419921875,4645079,0.0,0.0
2008-05-20,34.82193761672396,35.04362783501654,34.48529471418911,34.90404510498047,4701779,0.0,0.0
2008-05-21,35.02721101266854,35.17500671194063,33.81201562290605,33.97623062133789,5446613,0.0,0.0
2008-05-22,34.05832995127798,34.4278158098077,33.877693496330664,34.173282623291016,2908725,0.0,0.0
2008-05-23,34.07474953984326,34.07474953984326,33.10587479624738,33.187984466552734,5534861,0.0,0.0
2008-05-27,33.17155584683936,33.401456712396495,32.83491309301994,33.0319709777832,4695175,0.0,0.0
2008-05-28,33.475370818145166,33.524635314941406,33.04840964522775,33.524635314941406,5676085,0.0,0.0
2008-05-29,33.92696413921691,33.92696413921691,33.196205238215185,33.36042022705078,3615829,0.0,0.0
2008-05-30,33.524643582418605,33.57390809136391,32.966310280354556,33.17158126831055,4452635,0.0,0.0
2008-06-02,33.09766495269574,33.09766495269574,32.49006529993745,32.71175765991211,4648240,0.0,0.0
2008-06-03,32.81029932457655,32.81851007439641,32.022062940503304,32.325862884521484,5007273,0.0,0.0
2008-06-04,32.169851785747376,32.65428812261723,32.169851785747376,32.30122375488281,3716583,0.0,0.0
2008-06-05,32.531125170828446,32.892400291852965,32.358699458847255,32.80208206176758,5994085,0.0,0.0
2008-06-06,32.46543048646653,32.670701336888385,31.841411590576172,31.841411590576172,5581865,0.0,0.0
2008-06-09,31.841427984512965,32.53113320342286,31.833217234295983,32.39976119995117,4974531,0.0,0.0
2008-06-10,32.104171117734204,32.350495818223365,31.529416417504113,32.178070068359375,4823330,0.0,0.0
2008-06-11,32.13701653541151,32.260177786146066,31.4390983798821,31.480152130126953,5620719,0.0,0.0
2008-06-12,31.70184471863434,32.063119923028076,31.35699101440925,31.570472717285156,5591913,0.0,0.0
2008-06-13,31.70183525501644,32.235536051860855,31.611514830367806,32.0631103515625,3754524,0.0,0.0
2008-06-16,32.35049250870239,32.35049250870239,31.61152068351668,31.939952850341797,3530603,0.0,0.0
2008-06-17,31.79215936557795,32.14522377986371,31.734684121503122,31.939952850341797,3779255,0.0,0.0
2008-06-18,31.833227753321843,31.98102130606465,31.3487911297584,31.38984489440918,5465654,0.0,0.0
2008-06-19,31.34878771515485,31.718273757450586,31.21741568258179,31.439105987548828,5286630,0.0,0.0
2008-06-20,31.242045748686166,31.439103783732392,30.700133951625187,30.856138229370117,5747891,0.0,0.0
2008-06-23,31.05318055280876,31.143500973857122,30.585165755685985,30.888965606689453,4281901,0.0,0.0
2008-06-24,31.11067205341233,31.217411816659432,29.837999043414907,30.035057067871094,8068182,0.0,0.0
2008-06-25,30.092537419698736,30.43739122156487,30.010429895607775,30.191068649291992,5867124,0.0,0.0
2008-06-26,30.13290484998114,30.3073227782335,29.1528377532959,29.1528377532959,5956496,0.59777,0.0
2008-06-27,29.186070673399897,29.202681910613954,28.779093135544937,28.92859649658203,5297309,0.0,0.0
2008-06-30,28.911988512835357,29.144545860001827,28.48839969009987,28.995044708251953,6142897,0.0,0.0
2008-07-01,28.862145461088176,29.34387123870632,28.637891579879952,29.210981369018555,9029560,0.0,0.0
2008-07-02,29.21928746160475,29.29403801452116,28.13124718360113,28.172775268554688,5737633,0.0,0.0
2008-07-03,28.35550717621347,28.513316171528224,27.6578329178326,28.322284698486328,3516832,0.0,0.0
2008-07-07,28.496695234655668,28.986728840473404,28.230913277178733,28.413639068603516,6441084,0.0,0.0
2008-07-08,28.455183552053178,29.069801761190362,28.114650848859952,29.019968032836914,7124721,0.0,0.0
2008-07-09,29.11130628832751,29.368780342935956,28.189378608316908,28.205989837646484,4643111,0.0,0.0
2008-07-10,26.785727297787336,28.74586157384154,26.34552742466229,27.009981155395508,19527149,0.0,0.0
2008-07-11,26.77742948003733,26.77742948003733,25.913642940304552,26.32892608642578,11461917,0.0,0.0
2008-07-14,26.677756691641516,26.777424092390895,25.82227371632251,26.079750061035156,6564532,0.0,0.0
2008-07-15,25.921951217568687,26.769126607397432,25.614641079128855,26.46181869506836,7788193,0.0,0.0
2008-07-16,26.544865820176376,27.36712407137498,26.23755578671003,27.308984756469727,8503518,0.0,0.0
2008-07-17,27.32560010939188,28.388723536423363,26.99337320365323,28.172775268554688,8745285,0.0,0.0
2008-07-18,28.446863613566546,28.878755708595016,28.014969292427857,28.19769287109375,6173601,0.0,0.0
2008-07-21,28.37212325889963,28.571458143653842,27.981756883478283,28.23923110961914,3166020,0.0,0.0
2008-07-22,28.1810851029811,28.75417498721608,28.073112065943153,28.662813186645508,4470692,0.0,0.0
2008-07-23,28.72926674793714,29.111327527370864,28.413653160409797,28.438570022583008,6665778,0.0,0.0
2008-07-24,28.388724576264966,28.538225687573817,27.49171345619139,27.500019073486328,5241452,0.0,0.0
2008-07-25,27.549865987130758,27.8322571105622,27.284083880142802,27.40867042541504,9378686,0.0,0.0
2008-07-28,27.583084769636468,27.583084769636468,26.785740781815047,26.79404640197754,3995940,0.0,0.0
2008-07-29,26.852175853642724,27.5083217765406,26.852175853642724,27.308984756469727,5781476,0.0,0.0
2008-07-30,27.69935447499085,28.006664547519822,27.574770212929224,27.97344207763672,4919306,0.0,0.0
2008-07-31,27.782420194549,28.206009057195825,27.57477968644323,27.666141510009766,3750589,0.0,0.0
2008-08-01,27.765805675372075,27.799028152746157,27.1677988565278,27.184410095214844,3948514,0.0,0.0
2008-08-04,27.20932432678215,27.433578253521198,26.578095091495126,26.6196231842041,5031864,0.0,0.0
2008-08-05,26.91862791104742,27.491717821507237,26.794041405730475,27.433578491210938,4855018,0.0,0.0
2008-08-06,27.583087753300905,27.799033900884655,27.358835984656242,27.49172592163086,4441674,0.0,0.0
2008-08-07,27.292385981277263,27.392055649862023,26.818963403415967,26.852188110351562,5326397,0.0,0.0
2008-08-08,26.86879135415519,28.0066677563532,26.70267898570754,27.931917190551758,4920922,0.0,0.0
2008-08-11,27.906995249341715,29.617959010867526,27.77410315269213,29.501680374145508,8645937,0.0,0.0
2008-08-12,29.22760528577741,29.89205714865907,29.210994044858147,29.402023315429688,6276463,0.0,0.0
2008-08-13,29.360493957420335,29.576440063762007,28.65451184985092,29.136240005493164,6793582,0.0,0.0
2008-08-14,29.028263505241892,29.29404329687053,28.637897210176774,28.978429794311523,3784314,0.0,0.0
2008-08-15,29.069793840186925,29.177766888865317,28.81231742107387,29.05318260192871,3831740,0.0,0.0
2008-08-18,29.13622372887166,29.13622372887166,28.637884612671563,28.820608139038086,4083274,0.0,0.0
2008-08-19,28.65450311558975,28.762476135849024,28.280748127043672,28.388723373413086,4036550,0.0,0.0
2008-08-20,28.44686560580152,28.679422904026744,27.915303840890648,28.305667877197266,3770684,0.0,0.0
2008-08-21,28.13124346653352,28.380411943331495,27.990047996348004,28.280744552612305,2976316,0.0,0.0
2008-08-22,28.505008493128642,28.654509632102062,28.15617027608001,28.33889389038086,3064423,0.0,0.0
2008-08-25,28.380421624562437,28.388729469399568,27.823945169886393,27.923612594604492,2540137,0.0,0.0
2008-08-26,27.95682885722329,27.990051324746958,27.657824423400154,27.865467071533203,3000064,0.0,0.0
2008-08-27,27.956834045818905,28.014973374775582,27.666135174924978,27.931917190551758,2826379,0.0,0.0
2008-08-28,28.139545879166377,28.795691686151986,27.95682235031483,28.770774841308594,3515778,0.0,0.0
2008-08-29,28.74586621039077,28.812311148959314,28.33888873554818,28.347196578979492,2930927,0.0,0.0
2008-09-02,28.74586663151429,29.277428373960213,28.480086873346462,28.52992057800293,4171100,0.0,0.0
2008-09-03,28.554841951004267,29.152848727665873,28.405338587255894,29.094709396362305,4330521,0.0,0.0
2008-09-04,29.053181193630838,29.053181193630838,27.84055418122879,27.923612594604492,6110367,0.0,0.0
2008-09-05,27.790717079703075,28.239222662348446,27.5913822545764,28.106332778930664,5718522,0.0,0.0
2008-09-08,28.546536332246617,29.152848727665873,28.421952050881828,29.094709396362305,5491580,0.0,0.0
2008-09-09,29.18607040272893,29.534908607099577,28.64620297216824,28.654508590698242,8553965,0.0,0.0
2008-09-10,28.903677414650357,29.277432478077206,28.56314705176221,28.92859649658203,6544859,0.0,0.0
2008-09-11,28.596368428166887,29.950190887461083,28.596368428166887,29.908662796020508,6826956,0.0,0.0
2008-09-12,29.6511810231667,30.157825872928235,29.410318136512736,30.10799217224121,4977904,0.0,0.0
2008-09-15,29.06977753449992,30.46512744384882,28.887054016152003,29.18605613708496,8240813,0.0,0.0
2008-09-16,29.06148837851672,29.52660527837752,28.33058943897372,29.451854705810547,8929509,0.0,0.0
2008-09-17,29.03657639337972,29.069798875650935,27.7491985270366,28.612987518310547,10037240,0.0,0.0
2008-09-18,29.036559769442725,30.423604288492314,28.604665521072743,29.750844955444336,10025085,0.0,0.0
2008-09-19,30.855502838657173,33.21430935904962,30.32394108807567,31.196035385131836,10398240,0.0,0.0
2008-09-22,31.063147250944887,31.12959219524052,29.692713596516157,29.825603485107422,5685640,0.0,0.0
2008-09-23,29.74253484984278,29.900343752571757,28.446854526432293,28.45516014099121,6304919,0.0,0.0
2008-09-24,28.870455007615874,28.945207801364212,28.23922576589765,28.729259490966797,5124679,0.0,0.0
2008-09-25,28.820628604359538,29.48508271519015,28.588071223846637,29.177772521972656,5736650,0.0,0.0
2008-09-26,28.984420284115874,29.18616936393877,28.194240706482653,28.555706024169922,5452375,0.59777,0.0
2008-09-29,28.017710460732467,28.39598799005564,25.907766018648015,26.02545166015625,10288703,0.0,0.0
2008-09-30,26.832443561429947,26.832443561429947,26.32807427073284,26.714757919311523,8559305,0.0,0.0
2008-10-01,26.496189288046526,27.13505627874645,26.143130206297,26.672719955444336,6135239,0.0,0.0
2008-10-02,26.185180976928994,26.58867477193123,25.445437846662948,25.529499053955078,8803812,0.0,0.0
2008-10-03,25.865746047409377,26.22721149057277,24.873819298670867,25.126005172729492,9015438,0.0,0.0
2008-10-06,24.613216584115257,25.01671016506421,23.537229195491836,24.646841049194336,11100566,0.0,0.0
2008-10-07,24.94105618511752,25.193241937040536,23.738977001046564,23.74738311767578,11876666,0.0,0.0
2008-10-08,23.14213796998779,24.84018010498818,22.948795055333502,23.39432144165039,12027868,0.0,0.0
2008-10-09,23.554042957975398,24.226536873658418,21.679471969604492,21.679471969604492,9044737,0.0,0.0
2008-10-10,20.63710285112738,21.998898013897314,19.754456252744024,20.511011123657227,15774452,0.0,0.0
2008-10-13,21.906437530486084,22.16702943433035,20.847262185667397,21.931655883789062,10878050,0.0,0.0
2008-10-14,23.007641346091606,23.45316779980982,21.242350018253006,21.82237434387207,11236380,0.0,0.0
2008-10-15,21.40206553312515,21.88962255568331,18.74572138572569,18.754127502441406,11733756,0.0,0.0
2008-10-16,19.283713552048745,20.536231600730417,18.493535264982544,20.401731491088867,13451631,0.0,0.0
2008-10-17,20.418543720673203,20.82203954345589,19.569523747973342,20.141141891479492,9787814,0.0,0.0
2008-10-20,20.393326540766125,22.242681186847257,20.191579744341205,21.444095611572266,8057011,0.0,0.0
2008-10-21,21.04900518930843,21.12466022737941,20.006642380904783,20.099109649658203,9039678,0.0,0.0
2008-10-22,19.695618136606548,19.998240607642973,18.258166468538548,18.58600616455078,10612394,0.0,0.0
2008-10-23,20.53624153137207,20.763206774129245,19.409814678545906,20.53624153137207,18683106,0.0,0.0
2008-10-24,19.334158074021364,20.595082749115733,19.258502999064213,20.05708885192871,10960818,0.0,0.0
2008-10-27,20.58667305644979,20.796826005965652,19.166032358581866,19.1744384765625,9589468,0.0,0.0
2008-10-28,20.090706009783265,21.32640962329157,18.913842957867313,21.116256713867188,11322941,0.0,0.0
2008-10-29,20.897693362472047,22.01571348886853,20.53623039411052,21.082630157470703,11127054,0.0,0.0
2008-10-30,22.14180904268323,22.15862127667084,21.133070497333563,21.82237434387207,7706269,0.0,0.0
2008-10-31,21.671061524284433,22.83951614619984,21.393657445179453,22.427614212036133,7723975,0.0,0.0
2008-11-03,22.36878111214571,22.56212411578137,21.80556884651499,22.091379165649414,4825227,0.0,0.0
2008-11-04,22.57051961271107,22.931982584995254,22.242678849918683,22.772266387939453,5944622,0.0,0.0
2008-11-05,22.578933489659626,22.578933489659626,21.35163342600766,21.486133575439453,5888413,0.0,0.0
2008-11-06,21.435690677162928,21.755123088876708,20.426952239342402,20.578262329101562,8292033,0.0,0.0
2008-11-07,20.780008777170913,20.7884148931318,19.98142550784014,20.368106842041016,8942015,0.0,0.0
2008-11-10,20.746387501221022,20.922915963525078,19.636775517787832,19.9730224609375,6711869,0.0,0.0
2008-11-11,19.771275552449925,20.115928650481273,18.922255364197515,19.166032791137695,8849271,0.0,0.0
2008-11-12,18.939057956591096,19.039933588315904,17.779010722216533,17.854665756225586,11547495,0.0,0.0
2008-11-13,18.07323640177414,18.728915998318744,17.37552507976371,18.69529151916504,12513861,0.0,0.0
2008-11-14,18.552380704972766,18.728909156038117,17.694952293705086,17.779014587402344,11441401,0.0,0.0
2008-11-17,17.62769999370515,17.938727379377028,17.283048147584754,17.367109298706055,9712706,0.0,0.0
2008-11-18,17.568861258516648,17.753796960355032,17.0224613965846,17.526830673217773,9720715,0.0,0.0
2008-11-19,17.014054853605302,17.442767939445027,16.022128559289786,16.106189727783203,12853993,0.0,0.0
2008-11-20,16.13141067135069,16.13141067135069,13.937404808813929,13.971029281616211,16554487,0.0,0.0
2008-11-21,14.727582480969517,14.727582480969517,13.794500032978057,14.609895706176758,16830541,0.0,0.0
2008-11-24,15.189925000729325,15.744731162667067,14.693961677613286,15.374860763549805,13247805,0.0,0.0
2008-11-25,15.904449470937271,15.963292313107065,14.811648198022308,15.324423789978027,12566205,0.0,0.0
2008-11-26,15.047011663006995,15.988501078799237,14.836857654854468,15.904439926147461,9593965,0.0,0.0
2008-11-28,15.845597968895024,15.946472491180446,15.50094607351763,15.593413352966309,4553178,0.0,0.0
2008-12-01,15.74472096211806,15.912843249829935,14.920918372760973,15.07222843170166,15173652,0.0,0.0
2008-12-02,15.19832822757091,15.677479219817583,15.131078155194837,15.63544750213623,10154154,0.0,0.0
2008-12-03,15.383263266577638,16.21547237476421,15.080641875102838,15.845602035522461,11333972,0.0,0.0
2008-12-04,15.383260644527509,16.022128918990106,15.173107718575986,15.400074005126953,8833463,0.0,0.0
2008-12-05,15.164698539185755,16.047345221602388,14.677142686693175,15.97169017791748,9168325,0.0,0.0
2008-12-08,16.58534298457492,17.367115341589713,16.434032859908253,17.123336791992188,12844157,0.0,0.0
2008-12-09,16.728244220476412,16.963616597201177,15.971690393830352,16.097782135009766,10591457,0.0,0.0
2008-12-10,16.31634428100655,16.442436037652893,15.94647400165395,16.408811569213867,10489649,0.0,0.0
2008-12-11,16.41721855102178,16.703028800853836,16.139815545265627,16.392000198364258,9232825,0.0,0.0
2008-12-12,15.828789256694423,16.686217817463717,15.551386230128907,16.568531036376953,7889439,0.0,0.0
2008-12-15,16.74505567314759,16.887959639832047,16.400403803444288,16.627368927001953,8307210,0.0,0.0
2008-12-16,16.913179145917407,17.543641245240103,16.694618996546467,17.484798431396484,8559937,0.0,0.0
2008-12-17,17.232610226341418,17.753791579122357,17.064486809581343,17.31667137145996,8212358,0.0,0.0
2008-12-18,17.8210420676442,17.8210420676442,16.728242578588805,16.845928192138672,7058254,0.0,0.0
2008-12-19,16.98883538692035,17.148551596564765,16.652589608514145,16.879554748535156,10352359,0.0,0.0
2008-12-22,17.207392168052568,17.207392168052568,16.181841674513862,16.51808738708496,6033291,0.0,0.0
2008-12-23,16.745062402943972,16.83752971266687,16.181850172493675,16.223880767822266,5027157,0.0,0.0
2008-12-24,16.349972379722683,16.635781551437557,16.013726494150525,16.064163208007812,3198621,0.0,0.0
2008-12-26,16.35837884673082,16.560126832975826,16.139818622175692,16.257505416870117,3865325,0.0,0.0
2008-12-29,14.504576625123395,14.607689278850469,12.828987941344414,13.164106369018555,58097139,0.59777,0.0
2008-12-30,13.25862252174613,13.456256203244216,12.94928349722274,13.361736297607422,22939784,0.0,0.0
2008-12-31,13.482037205618651,13.525000808160282,12.837580864433212,12.966471672058105,22763921,0.0,0.0
2009-01-02,13.04380609701722,13.31877430355742,12.674317965317426,13.241439819335938,13251037,0.0,0.0
2009-01-05,13.344552016195058,13.439073089706442,12.897729415300166,12.932100296020508,19384519,0.0,0.0
2009-01-06,13.499228069755363,14.33272574850013,13.224259751493884,13.7913818359375,25420901,0.0,0.0
2009-01-07,13.550778453521982,14.229606802413935,13.542185733340961,13.817153930664062,19847678,0.0,0.0
2009-01-08,13.602336917576478,13.782785221336924,13.37033228460751,13.585152626037598,13863851,0.0,0.0
2009-01-09,13.791377942871677,13.791377942871677,13.31877595539899,13.585152626037598,8729406,0.0,0.0
2009-01-12,13.619524294193106,13.834342344896529,13.387519647902714,13.54218864440918,12035948,0.0,0.0
2009-01-13,13.567961546269517,13.722631634296334,13.164102616109336,13.361736297607422,9644482,0.0,0.0
2009-01-14,13.164106129179398,13.224255176090992,12.906323348027728,12.983657836914062,8885596,0.0,0.0
2009-01-15,13.000842245102714,13.2414395651481,12.330607758321639,13.060991287231445,13711666,0.0,0.0
2009-01-16,13.284401248752898,13.473442219681148,12.682908611244267,12.914913177490234,15147375,0.0,0.0
2009-01-20,12.811806966618994,12.889142635412336,11.892382029017924,11.935345649719238,11936739,0.0,0.0
2009-01-21,12.22749742297784,12.751655812902564,11.978307312118673,12.73447036743164,11404725,0.0,0.0
2009-01-22,12.545430876766623,12.639951990148885,12.072829915979044,12.356390953063965,12433975,0.0,0.0
2009-01-23,11.935344099491585,12.442317060980638,11.36822207683318,12.313425064086914,20474896,0.0,0.0
2009-01-26,12.786022893881276,12.992249329612042,11.308069266126749,11.376811027526855,27600882,0.0,0.0
2009-01-27,11.204959076090057,11.608818164225582,10.749542504091307,11.333849906921387,18635048,0.0,0.0
2009-01-28,11.59163171211214,11.67755892519417,11.29947803610264,11.548666954040527,13625878,0.0,0.0
2009-01-29,11.290882466959369,11.411181698731454,10.491757202293204,10.57768440246582,18068114,0.0,0.0
2009-01-30,10.612058596710517,10.76672875685557,9.881673712550773,9.95900821685791,18913772,0.0,0.0
2009-02-02,9.941822763265188,10.251161895939847,9.409071139134994,9.494998931884766,22714809,0.0,0.0
2009-02-03,9.769970177677662,11.299482018828005,9.022399705776246,9.752784729003906,32018386,0.0,0.0
2009-02-04,9.752780343807451,10.208196831952574,9.185658489509612,9.254400253295898,21644948,0.0,0.0
2009-02-05,9.194250362773937,9.520775458414462,8.747427184058994,9.374698638916016,19344892,0.0,0.0
2009-02-06,9.37469802744665,9.555146291818899,9.202843058498724,9.348919868469238,11759401,0.0,0.0
2009-02-09,9.271584385209943,9.417660603560325,8.936466051816211,9.151285171508789,14440551,0.0,0.0
2009-02-10,9.64966905803256,9.64966905803256,8.798985530178188,8.893506050109863,16588423,0.0,0.0
2009-02-11,9.022394464578417,9.125507672486979,8.49823628145549,8.627127647399902,12247151,0.0,0.0
2009-02-12,8.635720366745185,8.841946782562308,8.231860830221386,8.627127647399902,20015110,0.0,0.0
2009-02-13,8.575572224661654,8.635721266344474,8.163119925826642,8.188898086547852,12914347,0.0,0.0
2009-02-17,7.982672227192338,7.999857668917367,7.398364905480259,7.406957626342773,20142984,0.0,0.0
2009-02-18,7.475701166995871,7.681927652274739,7.217918348279967,7.389773368835449,15087864,0.0,0.0
2009-02-19,7.664743399574026,7.690521572237172,6.9601371346205685,7.046064376831055,17432395,0.0,0.0
2009-02-20,7.0116941946672595,7.05465839591745,6.710947664743686,6.960137844085693,16230795,0.0,0.0
2009-02-23,6.87420812816962,7.071841326850627,6.332864292773975,6.36723518371582,18533591,0.0,0.0
2009-02-24,6.410197968400199,6.874207239169122,6.186786630405273,6.822650909423828,19711232,0.0,0.0
2009-02-25,6.805463266924309,6.994504249090785,6.324268667698933,6.435974597930908,18482371,0.0,0.0
2009-02-26,6.590645069348529,6.934355598786952,6.384418636532432,6.401604652404785,13982451,0.0,0.0
2009-02-27,6.264118806930294,6.410195596250263,6.109449299165921,6.1524128913879395,13669159,0.0,0.0
2009-03-02,6.075080569686356,6.530496535281509,5.9290037288062,5.963374614715576,21901892,0.0,0.0
2009-03-03,6.1438245127605,6.229751749848387,5.774335665986208,5.9547834396362305,25875488,0.0,0.0
2009-03-04,6.118044312160777,6.2641205667538715,5.95478146432031,6.066486835479736,16089641,0.0,0.0
2009-03-05,5.91181780155905,6.075080072019549,5.413437693638858,5.55951452255249,24070209,0.0,0.0
2009-03-06,5.679814390758642,7.286660424515736,5.4392175824369495,6.109452247619629,42365968,0.0,0.0
2009-03-09,6.118044456416775,6.289899453402521,5.41343787482118,5.439216613769531,20932926,0.0,0.0
2009-03-10,5.061134383091087,5.971966809755526,5.061134383091087,5.903224468231201,41176945,0.0,0.0
2009-03-11,5.843075547193497,5.920410611078907,5.344696007567903,5.525143146514893,26570367,0.0,0.0
2009-03-12,5.585292053985643,6.023523066991379,5.293138429158618,6.01492977142334,17088398,0.0,0.0
2009-03-13,6.212564279657234,6.62501661068347,6.01493054717253,6.496125221252441,20411380,0.0,0.0
2009-03-16,6.822650037581891,7.252287791186766,6.633609034475379,6.788278579711914,19790416,0.0,0.0
2009-03-17,6.805464927858835,6.9257636070251465,6.633609918663527,6.9257636070251465,11800504,0.0,0.0
2009-03-18,6.857023637869336,7.157770127034699,6.530498401141262,7.063249588012695,16273163,0.0,0.0
2009-03-19,7.2179164367150825,7.252287316570457,6.891391350793401,6.985911846160889,13154780,0.0,0.0
2009-03-20,7.0288757251396685,7.089024186583211,6.487531511435211,6.599237442016602,13519433,0.0,0.0
2009-03-23,6.8742051968665665,7.432734239564817,6.650793349481207,7.415548801422119,15247145,0.0,0.0
2009-03-24,7.18354495220864,7.77644550615577,7.097617752915728,7.424142837524414,15304548,0.0,0.0
2009-03-25,7.647553728014121,7.974078219632213,7.183544573249787,7.561625957489014,15370663,0.0,0.0
2009-03-26,7.776448115560757,8.068601842719925,7.699113034481965,8.051416397094727,12203590,0.0,0.0
2009-03-27,8.10381066025626,8.13874131242453,7.763241336392159,7.824368953704834,11237013,0.21349,0.0
2009-03-30,7.649719189656884,7.649719189656884,7.134498282472586,7.248021602630615,8704885,0.0,0.0
2009-03-31,7.422671271423715,7.5099970223107375,7.134497054168713,7.361543655395508,9862291,0.0,0.0
2009-04-01,7.221822263863537,7.798170655182883,7.108298971757399,7.693379878997803,14169275,0.0,0.0
2009-04-02,8.260995756543071,8.767483399618305,8.077611764877641,8.680157661437988,27296372,0.0,0.0
2009-04-03,8.636494118130058,9.632004847364113,8.51423833241608,9.605807304382324,24290617,0.0,0.0
2009-04-06,9.448622163565073,9.806656425683688,9.256505675720271,9.413691520690918,22612368,0.0,0.0
2009-04-07,9.177915266463343,9.265241022646771,8.68889255318059,8.7063570022583,13977112,0.0,0.0
2009-04-08,8.8024143582646,9.011995917211756,8.688891647728344,8.863542556762695,9636613,0.0,0.0
2009-04-09,9.21284320060327,9.62327313879098,9.125517470196327,9.553412437438965,12956293,0.0,0.0
2009-04-13,9.509750436091855,9.92891291398786,9.335099549918272,9.815389633178711,9165374,0.0,0.0
2009-04-14,9.841588541283764,10.252017951433094,9.265239576635006,9.308902740478516,15614187,0.0,0.0
2009-04-15,9.239042831744982,9.824124362945597,9.169182114607956,9.806658744812012,10647876,0.0,0.0
2009-04-16,10.103566840481768,10.540193869450842,9.666938641247729,10.400473594665527,14923102,0.0,0.0
2009-04-17,10.461597314710806,11.072875629536686,10.173423185134919,11.003015518188477,19478107,0.0,0.0
2009-04-20,10.67118269088035,10.784705413011011,9.902717676431779,10.024972915649414,19155399,0.0,0.0
2009-04-21,9.605808419482969,10.793435772048406,9.570878358119023,10.636250495910645,15512239,0.0,0.0
2009-04-22,10.47906248818261,11.38724862938912,10.356806121359636,10.889492988586426,19392670,0.0,0.0
2009-04-23,10.91569328651566,11.134006192628803,10.505262682493267,10.819634437561035,11670732,0.0,0.0
2009-04-24,10.758506940129623,11.483309307053602,10.671181776740536,11.343587875366211,13264597,0.0,0.0
2009-04-27,11.125276022038591,11.27372881387962,10.793438029158127,11.011752128601074,11574756,0.0,0.0
2009-04-28,10.837099203357186,11.631760416769685,10.784702942572734,11.35231876373291,13364789,0.0,0.0
2009-04-29,11.544434848821151,12.059655560847448,11.509504789736607,11.79767894744873,12604146,0.0,0.0
2009-04-30,13.60532655276867,14.138011470802503,13.38701237112276,13.97209358215332,32885966,0.0,0.0
2009-05-01,13.937154356485832,14.129270850722865,13.605317626632512,13.710107803344727,12734058,0.0,0.0
2009-05-04,13.823633143694035,14.434912802443787,13.823633143694035,14.31265640258789,12232326,0.0,0.0
2009-05-05,14.059415305661288,14.461113487673671,14.007020195902747,14.26026439666748,10160688,0.0,0.0
2009-05-06,13.753776732847783,13.972090872149844,13.090102966445299,13.264753341674805,29448037,0.0,0.0
2009-05-07,13.151228599429814,13.753774642944336,12.889251906128065,13.753774642944336,87893318,0.0,0.0
2009-05-08,13.972086745440714,15.281970024108885,13.841099002706313,15.281970024108887,29997968,0.0,0.0
2009-05-11,14.950138619897421,15.46535843035984,14.7580220244739,15.395498275756836,22993955,0.0,0.0
2009-05-12,15.369293948728885,15.500282851183727,14.63575913767009,14.880271911621094,29274493,0.0,0.0
2009-05-13,14.48730458078879,14.539699667177581,13.25601419932923,13.605317115783691,23813054,0.0,0.0
2009-05-14,13.40446726989384,14.565896292734866,13.40446726989384,14.426176071166992,13189278,0.0,0.0
2009-05-15,14.49604052870079,15.046191406620327,14.129273666842723,14.38251781463623,12444444,0.0,0.0
2009-05-18,14.600828802612709,15.430421268424928,14.469841072873013,15.412956237792969,11980512,0.0,0.0
2009-05-19,15.412953917554276,15.718593077867904,15.29069872153464,15.613802909851074,10193781,0.0,0.0
2009-05-20,15.805921774450804,16.583119148706885,15.404223729210708,15.509015083312988,15723934,0.0,0.0
2009-05-21,14.976334259116932,15.22957728710752,14.696892506241522,14.906474113464355,13122530,0.0,0.0
2009-05-22,15.019990310484554,15.360559542523,14.565897220923564,15.089850425720215,10152678,0.0,0.0
2009-05-26,14.827871144752743,14.932662468940885,14.33884808591311,14.792941093444824,18633362,0.0,0.0
2009-05-27,14.880276426569774,15.273240912637451,14.60956602404225,14.775485038757324,13525686,0.0,0.0
2009-05-28,14.845342824138342,15.124784530112773,14.56590111816391,14.731820106506348,11464517,0.0,0.0
2009-05-29,14.810414806749776,15.439158439636229,14.76675221700281,15.43915843963623,16484296,0.0,0.0
2009-06-01,15.805921824080258,15.805921824080258,14.932666778564453,14.932666778564453,16895603,0.0,0.0
2009-06-02,15.19464410416087,16.53945738045979,15.19464410416087,16.3560733795166,22995149,0.0,0.0
2009-06-03,16.102833314585325,16.155228422281684,15.273240598597758,15.43915843963623,16053598,0.0,0.0
2009-06-04,15.666200525052108,15.998038451249638,15.447887639744168,15.692398071289062,12026603,0.0,0.0
2009-06-05,15.989300963392095,16.04169721367115,15.238302475987226,15.334360122680664,11074780,0.0,0.0
2009-06-08,15.273233899471968,15.273233899471968,14.670688084721547,14.801675796508789,13731691,0.0,0.0
2009-06-09,14.941404682367677,15.770998685573021,14.932673333452444,15.605079650878906,12829894,0.0,0.0
2009-06-10,15.805918183340987,15.814650696676754,14.80167446866997,15.334360122680664,13644005,0.0,0.0
2009-06-11,15.351832027522539,15.622541232483185,15.159716648061096,15.220844268798828,10011033,0.0,0.0
2009-06-12,15.124776453810407,15.281962841477801,14.888997457441455,15.142241477966309,6973660,0.0,0.0
2009-06-15,14.941395293305092,14.950128977262612,14.417443301459379,14.565896034240723,8786739,0.0,0.0
2009-06-16,14.635757844438807,14.70561913236525,13.972084386122374,14.04194450378418,10434635,0.0,0.0
2009-06-17,13.989547969482086,14.347582205754604,13.561652452504468,14.08560562133789,12853783,0.0,0.0
2009-06-18,13.980816014609942,14.382514006231649,13.788699532953276,14.103071212768555,9318964,0.0,0.0
2009-06-19,14.32139050787621,14.539704612345952,14.068147504198699,14.2427978515625,11708392,0.0,0.0
2009-06-22,13.972085258671202,14.059410411201867,13.19488789035416,13.247282981872559,13210145,0.0,0.0
2009-06-23,12.967845635954735,13.439403956966022,12.897985490698275,13.32588005065918,10778842,0.0,0.0
2009-06-24,13.640244838680696,13.727569967715244,13.32587203362753,13.526721000671387,11890156,0.0,0.0
2009-06-25,13.404471453619303,13.884762205693455,13.32587763419261,13.867297172546387,7443845,0.0,0.0
2009-06-26,13.664529103083293,14.17584711873727,13.611634380379261,14.149399757385254,8765450,0.21349,0.0
2009-06-29,14.140587734452007,14.334536284086175,13.814402342856688,14.167035102844238,9319597,0.0,0.0
2009-06-30,14.255184227370751,14.431499893566386,14.043604246512336,14.228736877441406,8024340,0.0,0.0
2009-07-01,14.325717805670108,14.378612532526173,14.070058777774866,14.087690353393555,5057861,0.0,0.0
2009-07-02,13.876110005414434,13.876110005414434,13.32952880859375,13.32952880859375,6396890,0.0,0.0
2009-07-06,13.197291753201512,13.47939695268667,12.818210528544904,13.426502227783203,9217789,0.0,0.0
2009-07-07,13.417688880501215,13.417688880501215,12.985712890415401,13.029791831970215,7537011,0.0,0.0
2009-07-08,13.047422588063169,13.294265826670918,12.809395137211975,12.976896286010742,7675144,0.0,0.0
2009-07-09,13.100319144764324,13.241372949999155,12.959266520953907,13.012161254882812,8665258,0.0,0.0
2009-07-10,12.827025899453425,13.082684909608183,12.536103740508242,12.92400074005127,6466799,0.0,0.0
2009-07-13,12.906370370960037,13.523477895271451,12.738869217138692,13.479397773742676,8390820,0.0,0.0
2009-07-14,13.523478416077424,13.6645310298439,13.241372007120141,13.558741569519043,4814477,0.0,0.0
2009-07-15,13.708614043315793,14.651907141030598,13.708614043315793,14.59019660949707,11229214,0.0,0.0
2009-07-16,14.54611793261922,14.722433740324561,14.299274620407138,14.493223190307617,10075743,0.0,0.0
2009-07-17,14.431501661834892,15.083872069539938,14.369791171105133,14.978082656860352,9837559,0.0,0.0
2009-07-20,15.260197882518709,15.762700250102867,15.207303145178164,15.700989723205566,11716753,0.0,0.0
2009-07-21,16.124147301616663,16.432701066182325,15.648092381921389,16.16822624206543,12515407,0.0,0.0
2009-07-22,15.850857201378156,16.882309243769456,15.762699311062462,16.776519775390625,13895609,0.0,0.0
2009-07-23,16.68835866004181,17.843232788876918,16.68835866004181,17.684547424316406,15608355,0.0,0.0
2009-07-24,17.296653141363308,17.834418618046104,17.199679465098153,17.79915428161621,12214410,0.0,0.0
2009-07-27,17.852046499170086,17.852046499170086,17.517045414557444,17.74625587463379,6994177,0.0,0.0
2009-07-28,17.525863622212242,17.940206846389426,17.437704559351154,17.81678581237793,10581761,0.0,0.0
2009-07-29,17.852045017577087,18.125335571026465,17.543491319350252,17.86967658996582,15017603,0.0,0.0
2009-07-30,18.292839456224975,19.77389894502806,18.292839456224975,18.9804744720459,24762558,0.0,0.0
2009-07-31,19.08627182551816,19.14798354915102,18.58376933325998,18.66311264038086,10952527,0.0,0.0
2009-08-03,19.024555285126382,19.844428384523674,18.804159379589162,19.80916404724121,11613751,0.0,0.0
2009-08-04,19.632848355798895,20.320484665184495,19.51824309185095,20.3028507232666,11512575,0.0,0.0
2009-08-05,20.346928288443927,20.928772653464545,20.144162803626326,20.840612411499023,12498404,0.0,0.0
2009-08-06,20.761267281871408,20.937585377149666,19.967844123087925,20.52324104309082,12004752,0.0,0.0
2009-08-07,20.690735660027553,20.717183013080582,19.870865352536086,20.320472717285156,11397910,0.0,0.0
2009-08-10,20.126531276716623,20.249952307780347,19.465344818883832,19.685739517211914,10179096,0.0,0.0
2009-08-11,19.57995055750806,19.9061370821367,18.998106176349122,19.77389907836914,9995786,0.0,0.0
2009-08-12,19.60639792197671,19.99429496369887,19.509424252258324,19.77389907836914,6253769,0.0,0.0
2009-08-13,19.994294757289676,20.152978942463424,19.72100414584393,20.135347366333008,6547389,0.0,0.0
2009-08-14,20.18824423270122,20.258770544691767,19.244951265554388,19.50942611694336,8224583,0.0,0.0
2009-08-17,18.760082426168907,18.865873086397254,18.35455490932976,18.433897018432617,8969206,0.0,0.0
2009-08-18,18.477968647490414,18.689548702700595,18.37217921059736,18.601390838623047,8644953,0.0,0.0
2009-08-19,18.24876437243041,18.96284690345567,18.134159102951756,18.90995216369629,15851528,0.0,0.0
2009-08-20,18.81297342962225,19.033369314787713,18.768894488874018,18.9363956451416,7125424,0.0,0.0
2009-08-21,19.244947847083747,20.003109110583576,19.174421547620753,19.950214385986328,10517051,0.0,0.0
2009-08-24,19.994294595524543,20.276399811328815,19.491792317024622,19.632844924926758,5689083,0.0,0.0
2009-08-25,19.835610199669727,20.038375708364583,18.954028941838143,19.00692367553711,10661928,0.0,0.0
2009-08-26,18.989292097637453,19.21850379175738,18.909949997089004,19.00692367553711,8044996,0.0,0.0
2009-08-27,18.945209277862762,19.0245513621827,18.654287120598838,18.74244499206543,11738745,0.0,0.0
2009-08-28,18.98048000964995,19.368375980501764,18.77771564284292,19.297849655151367,9171346,0.0,0.0
2009-08-31,18.97165850125404,19.077447957396537,18.636656193954238,18.76889419555664,9908874,0.0,0.0
2009-09-01,18.539680659889072,18.95402501759387,17.816783752823074,17.878494262695312,8892341,0.0,0.0
2009-09-02,17.825601235735423,17.949022267221213,17.411256838613152,17.675731658935547,6557014,0.0,0.0
2009-09-03,17.975471308979586,17.975471308979586,17.472968985319977,17.772706985473633,8093406,0.0,0.0
2009-09-04,17.799154552773267,18.874685522523787,17.631654563945354,18.786527633666992,15427434,0.0,0.0
2009-09-08,19.218507539132172,19.4477192779456,18.865874730955557,19.297849655151367,10241207,0.0,0.0
2009-09-09,19.333103284563617,20.2763959652561,19.25376120766845,20.205869674682617,13201854,0.0,0.0
2009-09-10,20.197054140207158,20.84942706184282,19.87087004223747,20.708372116088867,10729308,0.0,0.0
2009-09-11,20.734823068878555,20.93758855479453,20.197057640503367,20.796533584594727,9269360,0.0,0.0
2009-09-14,20.60258512823229,22.401012862630537,20.505611465955905,22.22469711303711,18069870,0.0,0.0
2009-09-15,22.22469905436437,23.071017089187123,22.04838328936976,22.77128028869629,14727567,0.0,0.0
2009-09-16,23.035759839472874,23.441286161287046,22.78891536769351,22.885889053344727,13838347,0.0,0.0
2009-09-17,22.956406487926223,23.61759517814735,22.68311711592257,23.212066650390625,10431192,0.0,0.0
2009-09-18,23.282597276519578,23.59996563860409,23.132728883313003,23.58233642578125,10813481,0.0,0.0
2009-09-21,23.13272957742438,23.361940068029682,22.612595716663762,22.9211483001709,7320397,0.0,0.0
2009-09-22,23.256153207429954,23.802734493518237,23.23852162926094,23.758655548095703,8883207,0.0,0.0
2009-09-23,23.705764882092623,24.014317553005743,23.10628875861216,23.159183502197266,6919841,0.0,0.0
2009-09-24,23.203256299093436,23.397203640782358,22.436277994899058,22.76246452331543,8819621,0.0,0.0
2009-09-25,22.594958484093834,22.87706363267881,22.14535104068853,22.304035186767578,6828713,0.0,0.0
2009-09-28,22.3838594508305,23.412594946220054,22.357254345446705,23.40372657775879,6017271,0.21349,0.0
2009-09-29,23.40372336215959,23.944696140910175,23.00464445929346,23.368249893188477,9118229,0.0,0.0
2009-09-30,23.35938238331595,23.66090688063741,22.649908223971316,23.11993408203125,10092184,0.0,0.0
2009-10-01,22.862752224607373,23.02238284643644,21.603439231851087,21.665517807006836,10361845,0.0,0.0
2009-10-02,21.08906537776302,21.559091115462753,20.61903964006329,20.956037521362305,11530773,0.0,0.0
2009-10-05,21.160020810541628,22.162151246071744,21.06246875303616,22.05573081970215,9706733,0.0,0.0
2009-10-06,22.357249168740925,22.454801199227166,21.603435647133637,22.135540008544922,12213637,0.0,0.0
2009-10-07,22.073466263101036,22.268572764622665,21.860625399922874,22.215362548828125,5925932,0.0,0.0
2009-10-08,22.508017777875228,23.057859027962106,22.304045292676154,22.969175338745117,10986744,0.0,0.0
2009-10-09,22.79180284035712,23.456932737011204,22.7651977395686,23.190881729125977,8546799,0.0,0.0
2009-10-12,23.279558580748358,23.368242224071462,22.969163452177177,23.11105728149414,7133433,0.0,0.0
2009-10-13,22.986910669096897,23.182014773428023,22.69425451260021,22.995779037475586,7261167,0.0,0.0
2009-10-14,23.492410954198643,24.184146091489595,23.465805848031355,24.006778717041016,11346409,0.0,0.0
2009-10-15,23.70524435449057,24.015639539179674,23.36824644893522,23.944692611694336,6875366,0.0,0.0
2009-10-16,23.69638511392195,23.820542272379654,23.25296431391729,23.40372657775879,5972445,0.0,0.0
2009-10-19,23.465804573162558,24.033382517503682,23.32391068131262,23.971303939819336,5944762,0.0,0.0
2009-10-20,24.175280596836803,24.290569403934448,23.492413747085894,23.785072326660156,7879322,0.0,0.0
2009-10-21,23.394851878935157,23.98903478200265,22.241959537046544,22.61443328857422,17370425,0.0,0.0
2009-10-22,22.587823187056202,23.581082342882727,21.54134909276597,23.46579360961914,14486291,0.0,0.0
2009-10-23,23.54561706770243,23.54561706770243,22.268567440098998,22.304040908813477,7862318,0.0,0.0
2009-10-26,22.357253598157644,23.190884959535325,21.798544026831355,22.073463439941406,7994409,0.0,0.0
2009-10-27,22.055727774940667,22.53461962749353,21.91383151576158,22.037988662719727,6835247,0.0,0.0
2009-10-28,21.95817108074943,22.13554079212586,21.15114733212709,21.55022621154785,9416135,0.0,0.0
2009-10-29,21.949307986007607,22.632174764542135,21.72759876471118,22.392728805541992,8367072,0.0,0.0
2009-10-30,22.259699779740494,22.37498855672336,20.769806915600007,20.823017120361328,12183003,0.0,0.0
2009-11-02,21.06246366926288,21.62117077285009,20.592437855970775,21.124542236328125,8563310,0.0,0.0
2009-11-03,20.64564639837944,21.293039494155266,20.521489274219295,21.168882369995117,6557998,0.0,0.0
2009-11-04,21.310785528033797,21.621178473916284,20.752075848503516,20.99152183532715,8342832,0.0,0.0
2009-11-05,21.319653773803562,22.100072695849548,21.19549659617335,22.082338333129883,7044343,0.0,0.0
2009-11-06,21.789674167868093,22.241963290271734,21.638911919380607,21.9936466217041,7436960,0.0,0.0
2009-11-09,22.23309911751554,22.995781248350326,22.117810317508432,22.978044509887695,7438576,0.0,0.0
2009-11-10,22.720860112118455,23.13767343498619,22.61443968925861,23.022384643554688,6298314,0.0,0.0
2009-11-11,23.217489843174963,23.820541249588963,23.11106704926787,23.68751335144043,7684067,0.0,0.0
2009-11-12,25.008904676318902,25.611956018833737,24.742851285154114,25.3636417388916,16305201,0.0,0.0
2009-11-13,25.345902180259312,25.75384943847561,24.973430766921027,25.248350143432617,9634576,0.0,0.0
2009-11-16,25.461188810289368,25.718371407199275,25.204003836438854,25.60308265686035,7027972,0.0,0.0
2009-11-17,25.4700627387987,26.161797768859646,25.34590321898991,26.090850830078125,7287304,0.0,0.0
2009-11-18,26.01103483907136,26.16179708001248,25.452325333936734,25.594219207763672,6101514,0.0,0.0
2009-11-19,25.363640430931266,25.478929197816296,24.459062275336056,24.902482986450195,8071344,0.0,0.0
2009-11-20,24.68076938924894,25.150795161312402,24.583217363846114,24.769453048706055,6566991,0.0,0.0
2009-11-23,25.0798476332544,25.50553156539706,24.63642696964499,24.8049259185791,6596079,0.0,0.0
2009-11-24,24.583217107941337,25.008901045844986,24.30829776648612,24.813796997070312,5857850,0.0,0.0
2009-11-25,24.858138449521846,25.363637672443364,24.698505489639842,25.292688369750977,4495634,0.0,0.0
2009-11-27,24.20187408076562,24.920216441508597,23.989033308362153,24.441322326660156,3301272,0.0,0.0
2009-11-30,24.512275498822827,24.831539115746995,24.16640677856675,24.636432647705078,6953566,0.0,0.0
2009-12-01,25.000035019968298,25.11532378685333,24.698508175789577,24.902482986450195,5141611,0.0,0.0
2009-12-02,25.017776082955706,25.407984284558236,24.875879814522516,25.266090393066406,4851786,0.0,0.0
2009-12-03,25.274955741024524,25.328165943975545,24.46793195265963,24.51227378845215,4874972,0.0,0.0
2009-12-04,25.150799104118295,25.407981756861588,24.09545863725496,24.370380401611328,7422135,0.0,0.0
2009-12-07,24.725118429541457,25.248354549870065,24.494540847709825,24.849275588989258,6535795,0.0,0.0
2009-12-08,24.609835023082834,24.787202432529277,24.25510020418994,24.423599243164062,5898390,0.0,0.0
2009-12-09,24.574358227752825,24.574358227752825,23.891491416515198,24.281702041625977,6011580,0.0,0.0
2009-12-10,24.583217960295492,24.583217960295492,23.501272534786526,23.652034759521484,9175773,0.0,0.0
2009-12-11,23.820538315626166,23.962432187436864,23.119932569678785,23.634300231933594,9518294,0.0,0.0
2009-12-14,23.8648762720482,24.4324540439893,23.705243315263676,24.379243850708008,6335974,0.0,0.0
2009-12-15,24.219620782955268,24.308306851575843,23.545622349253552,23.740726470947266,5210045,0.0,0.0
2009-12-16,23.909224464503286,24.485670755443323,23.856014257057247,24.193012237548828,5273702,0.0,0.0
2009-12-17,23.935826761140383,24.024510429816694,23.483537673950195,23.483537673950195,5715712,0.0,0.0
2009-12-18,23.643170287779167,23.67864375826575,23.15540769164745,23.252962112426758,9166288,0.0,0.0
2009-12-21,23.572217815484585,23.918086448510422,23.448060697915544,23.72298240661621,6048116,0.0,0.0
2009-12-22,23.856018756857345,23.93583408308143,23.643175509984722,23.926965713500977,4696229,0.0,0.0
2009-12-23,23.997913254835847,24.7251219550927,23.90036118707407,24.698516845703125,5746978,0.0,0.0
2009-12-24,24.698508266102817,25.230612645997304,24.663034799239245,24.840404510498047,2085058,0.0,0.0
2009-12-28,24.92022185547162,25.31043002298474,24.92022185547162,25.283824920654297,5619876,0.0,0.0
2009-12-29,25.488872331219426,25.747417606354876,25.257075261350764,25.533451080322266,5001793,0.21349,0.0
2009-12-30,25.15900956427218,25.462128837123714,25.087687382424757,25.221416473388672,3353265,0.0,0.0
2009-12-31,25.257082466051646,25.283828289435093,24.633010864257812,24.633010864257812,2960718,0.0,0.0
2010-01-04,25.141176386326798,26.023790683784732,24.78456312491705,26.014875411987305,11897253,0.0,0.0
2010-01-05,25.854400771890287,27.218442149230647,25.854400771890287,27.17386817932129,13197639,0.0,0.0
2010-01-06,27.61963284724684,28.225873748466956,27.44132740262704,27.655296325683594,15435795,0.0,0.0
2010-01-07,27.646378496823196,27.904923779471847,27.343259242801828,27.673124313354492,7254844,0.0,0.0
2010-01-08,27.42350587392029,27.94059422282854,27.10255357857554,27.771203994750977,5432631,0.0,0.0
2010-01-11,28.20804846041963,28.20804846041963,27.173874299399326,27.42350196838379,7205170,0.0,0.0
2010-01-12,27.102550261408243,27.717706561807304,26.91532950592127,27.51265525817871,7219152,0.0,0.0
2010-01-13,27.485901563618288,27.78902318472077,26.870745439408577,27.414579391479492,4414061,0.0,0.0
2010-01-14,27.22737393433354,27.494832229605016,27.049066014638612,27.218456268310547,3733656,0.0,0.0
2010-01-15,27.227355121873916,27.227355121873916,26.52304398526764,26.73701286315918,6774963,0.0,0.0
2010-01-19,26.496309386249845,27.387841577443723,26.496309386249845,27.35218048095703,4273961,0.0,0.0
2010-01-20,27.245198597702487,27.254113872284304,26.5765482250394,27.066890716552734,5998441,0.0,0.0
2010-01-21,26.986650195826343,27.102548752293426,25.524540550599898,25.56020164489746,9931708,0.0,0.0
2010-01-22,25.39079548144844,25.774154429684963,24.73106320017787,24.74889373779297,7956679,0.0,0.0
2010-01-25,25.132267443961155,25.560202987523677,25.05202997757692,25.32840347290039,5777541,0.0,0.0
2010-01-26,25.060944255873018,25.631524161447768,24.873721118902132,25.043113708496094,5329208,0.0,0.0
2010-01-27,25.069854657671367,25.23032955287818,24.526020678846677,25.176837921142578,6918787,0.0,0.0
2010-01-28,25.32840012720607,25.372976491531325,24.107002965668162,24.401206970214844,6652288,0.0,0.0
2010-01-29,24.695410977571516,25.337312951331143,24.15157699584961,24.15157699584961,8916300,0.0,0.0
2010-02-01,24.534937991708475,25.55128385825375,24.42795232982509,25.524538040161133,9631906,0.0,0.0
2010-02-02,24.882628949847927,25.301649077384038,23.839537461274777,24.579509735107422,19673221,0.0,0.0
2010-02-03,24.695409849118388,25.034192559280797,24.1337453490548,24.58842658996582,9518435,0.0,0.0
2010-02-04,24.205073335266153,24.365548262536997,23.563171236669586,23.72364616394043,10375827,0.0,0.0
2010-02-05,23.545334115877747,24.071337509041733,22.796446551992986,23.643402099609375,15368415,0.0,0.0
2010-02-08,23.643413249669425,24.00002665729141,23.055002680277024,23.340293884277344,10514451,0.0,0.0
2010-02-09,23.661241637712173,24.96287890336651,23.5453430674212,24.77565574645996,14286751,0.0,0.0
2010-02-10,24.570594497870385,24.802391544755377,24.14265909872408,24.526018142700195,7914944,0.0,0.0
2010-02-11,24.463618878762993,24.936128391002573,24.10700553661613,24.83806037902832,6596431,0.0,0.0
2010-02-12,24.41904237143583,25.078777473657485,24.115923033751745,24.77565574645996,7033593,0.0,0.0
2010-02-16,24.989628318509588,25.408646286701224,24.8380662383733,25.39081573486328,6060833,0.0,0.0
2010-02-17,25.39080490557365,25.791994540331988,25.24816055170856,25.622604370117188,6035679,0.0,0.0
2010-02-18,25.622604615460393,26.407150958743408,25.524536621239115,26.33582878112793,7224070,0.0,0.0
2010-02-19,26.13077613807569,26.38931901825398,25.854400324924164,26.0594539642334,7147977,0.0,0.0
2010-02-22,26.211015092880764,26.398235809996955,25.863317085866473,26.17535400390625,4995469,0.0,0.0
2010-02-23,26.005968503020473,26.211019801459578,25.49779550433207,25.74742317199707,6042284,0.0,0.0
2010-02-24,25.87224072176008,26.07729204964992,25.533460266985564,25.85441017150879,6359582,0.0,0.0
2010-02-25,25.15901049266749,25.34623122692562,24.855888819117503,25.2481632232666,7994128,0.0,0.0
2010-02-26,25.301657100045944,25.631524621958814,25.132266896921802,25.23925018310547,5483500,0.0,0.0
2010-03-01,25.346233933442946,25.676101461396527,25.257081193323945,25.578033447265625,6419163,0.0,0.0
2010-03-02,25.91681337505546,26.059460146091542,25.68501625508082,25.74742317199707,7377027,0.0,0.0
2010-03-03,25.863311000724647,26.72809698391458,25.729581948534108,26.398229598999023,8362997,0.0,0.0
2010-03-04,26.487395423990392,26.719194952147703,26.17536081427746,26.353666305541992,6447899,0.0,0.0
2010-03-05,26.50522257554757,27.0490566437065,26.487392028706726,26.74593734741211,6929045,0.0,0.0
2010-03-08,26.701358649500456,26.82617246649116,26.246677355235708,26.300168991088867,4970035,0.0,0.0
2010-03-09,26.202114470558755,26.38933529235239,25.925738486968307,26.050552368164062,5957760,0.0,0.0
2010-03-10,26.032712255294577,26.344746815073144,25.76525167168563,25.907896041870117,5914269,0.0,0.0
2010-03-11,25.80091641157201,26.211021423339844,25.506712356476424,26.211021423339844,5343119,0.0,0.0
2010-03-12,26.46065187463509,26.942079131942172,26.326922744692464,26.603296279907227,6436025,0.0,0.0
2010-03-15,26.514137848967994,26.763767894252958,26.371493474241223,26.74593734741211,6333023,0.0,0.0
2010-03-16,26.80833763224896,27.25410358255522,26.665693292794966,27.138202667236328,7538768,0.0,0.0
2010-03-17,27.200614192180293,27.298682183619817,27.013391091737574,27.129289627075195,6966213,0.0,0.0
2010-03-18,27.13820937791073,27.27194086873019,26.621123519526186,26.74593734741211,7060924,0.0,0.0
2010-03-19,25.809823989868164,26.924237736198027,25.809823989868164,25.809823989868164,11351748,0.0,0.0
2010-03-22,25.488871574322985,26.505217321822744,25.319481412910573,26.380403518676758,7668329,0.0,0.0
2010-03-23,26.407149879014906,26.72810205467432,26.07728243151808,26.719186782836914,7832598,0.0,0.0
2010-03-24,26.4695649300576,27.316520794357018,26.389327458821253,27.066890716552734,8795662,0.0,0.0
2010-03-25,27.111459773226375,27.42349668889782,26.58545632533184,26.63895034790039,9574151,0.0,0.0
2010-03-26,26.61221009235048,27.20953584247193,26.44281749609757,26.79943084716797,6369629,0.0,0.0
2010-03-29,26.9069412249369,27.068220886585078,26.22598025203758,26.449979782104492,7286391,0.21349,0.0
2010-03-30,26.432069925420258,26.951751435360208,26.33351009450863,26.665029525756836,4054678,0.0,0.0
2010-03-31,26.5575051905623,26.82630708516331,26.369345545389077,26.49478530883789,4879258,0.0,0.0
2010-04-01,26.781506193342743,27.265345263292975,26.709823929631572,27.157825469970703,6988556,0.0,0.0
2010-04-05,27.13094023319122,27.85670109814528,27.10406029010018,27.767101287841797,5793350,0.0,0.0
2010-04-06,27.578944252029444,28.188225420273845,27.471424469662093,27.91942596435547,6906421,0.0,0.0
2010-04-07,27.749189403983518,27.973191396448396,27.399750042072935,27.587909698486328,5705524,0.0,0.0
2010-04-08,27.34599141210579,27.659590854046986,27.14886936138894,27.534151077270508,5040576,0.0,0.0
2010-04-09,27.525185266958687,27.686464945818948,27.381825552416235,27.57894515991211,3993972,0.0,0.0
2010-04-12,27.507264244496,27.847745954932886,27.399744462725213,27.54310417175293,3940082,0.0,0.0
2010-04-13,27.38183888691874,27.507278698230497,27.09511691670882,27.417678833007812,5061303,0.0,0.0
2010-04-14,27.53414726605065,27.95526885986328,27.471427386343965,27.95526885986328,5179833,0.0,0.0
2010-04-15,27.93735774722309,28.250957245132167,27.686475747398738,28.06279754638672,5913285,0.0,0.0
2010-04-16,27.93735398863679,28.11655367761884,27.256390367511464,27.36391258239746,7483472,0.0,0.0
2010-04-19,27.2295102568343,27.587912034224352,26.880070865338336,27.569992065429688,5161636,0.0,0.0
2010-04-20,27.578956619946517,27.68647645053166,27.05031505140575,27.202634811401367,8128747,0.0,0.0
2010-04-21,27.27430524606983,27.3011851944004,26.799426158896456,27.157825469970703,5681425,0.0,0.0
2010-04-22,26.84423142174345,27.202630804232108,26.225990085453724,27.130950927734375,7348080,0.0,0.0
2010-04-23,27.24742252156737,27.946305909947306,27.1757426666558,27.91942596435547,7731142,0.0,0.0
2010-04-26,28.00007267570737,28.313672117940396,27.89255286694176,28.071752548217773,5500222,0.0,0.0
2010-04-27,28.071747869947572,28.161347695653408,26.871105402496855,26.942785263061523,8997451,0.0,0.0
2010-04-28,27.793997010210507,28.636238033945787,27.534155033767647,28.519758224487305,11627592,0.0,0.0
2010-04-29,28.537669819355425,28.71686947361946,28.22406802289706,28.51078987121582,8809925,0.0,0.0
2010-04-30,28.66310571491839,28.707905622447505,27.561023186710216,27.623743057250977,9128839,0.0,0.0
2010-05-03,27.874633825849102,28.32263304393838,27.426632206263072,28.152393341064453,6472491,0.0,0.0
2010-05-04,27.59686984175892,27.659589727592856,25.804865899156844,26.26182746887207,15245810,0.0,0.0
2010-05-05,25.98406088425389,26.432062389438567,25.159740131970832,25.455419540405273,12066933,0.0,0.0
2010-05-06,25.177665106879164,25.634626685080327,20.966453482138846,23.90534019470215,21211018,0.0,0.0
2010-05-07,23.95909705171533,24.908860022793828,22.803254478127627,22.84805679321289,24313943,0.0,0.0
2010-05-10,24.227898196946484,24.873019334478247,24.02181860071291,24.586299896240234,16318200,0.0,0.0
2010-05-11,24.20998468581615,25.40166747165736,24.17414474648239,24.989505767822266,10812989,0.0,0.0
2010-05-12,25.177669531744925,25.87655079690913,24.962627479888763,25.831750869750977,9581248,0.0,0.0
2010-05-13,26.046781964488787,26.745665401586844,25.786942472321332,26.02886199951172,10742096,0.0,0.0
2010-05-14,25.48230723225449,25.536067141038036,24.26374449683382,24.4967041015625,11758137,0.0,0.0
2010-05-17,24.550467799610296,24.729669924711413,23.484227042669957,24.102468490600586,9326623,0.0,0.0
2010-05-18,24.43398152684657,25.07910276295693,23.761980339293967,23.95013999938965,7569682,0.0,0.0
2010-05-19,23.70821782719544,24.120379438779167,23.412538393871877,23.779897689819336,8753225,0.0,0.0
2010-05-20,23.00933414100198,23.744055050601517,22.64197248545418,23.027254104614258,19449511,0.0,0.0
2010-05-21,22.444855951475294,23.833658124116422,22.444855951475294,23.717178344726562,13710261,0.0,0.0
2010-05-24,23.49317406114243,23.717173592004542,23.0989324853292,23.170612335205078,9533892,0.0,0.0
2010-05-25,22.10437273749792,24.030778567923242,21.808693317002415,24.00389862060547,14990553,0.0,0.0
2010-05-26,24.30854341564006,24.44294318204136,23.681342104270545,23.761981964111328,10127947,0.0,0.0
2010-05-27,24.344378394334786,25.177661579274474,24.218938637912636,25.150781631469727,9549841,0.0,0.0
2010-05-28,24.962620455719023,25.061180267733455,23.968059951167923,24.111419677734375,9394495,0.0,0.0
2010-06-01,23.70821731049745,24.012856720009673,22.93765640258789,22.93765640258789,12139652,0.0,0.0
2010-06-02,23.322941590160237,23.73510329763307,23.15270187682235,23.708223342895508,8947074,0.0,0.0
2010-06-03,23.744054632435372,23.86053439386382,23.027253699071984,23.367733001708984,6300352,0.0,0.0
2010-06-04,22.78534012034736,23.206461813221296,22.176058744092195,22.256698608398438,15669482,0.0,0.0
2010-06-07,22.426935845827987,22.633015454235085,21.8803744829041,21.89829444885254,8507382,0.0,0.0
2010-06-08,21.907258734861927,22.54342005248317,21.58469688293581,22.534460067749023,10495200,0.0,0.0
2010-06-09,22.830130467258623,23.430454008239856,22.677810787470257,22.79429054260254,9703361,0.0,0.0
2010-06-10,23.29605841827758,23.663420150455796,23.054138859048194,23.64550018310547,7265453,0.0,0.0
2010-06-11,23.251257661750763,23.968061132917857,23.179577794933348,23.941181182861328,5360052,0.0,0.0
2010-06-14,24.22790599039278,24.272705917028365,23.134782977490488,23.206462860107422,8412039,0.0,0.0
2010-06-15,23.44837490637903,24.00389862060547,23.41253737811823,24.00389862060547,6682359,0.0,0.0
2010-06-16,23.71717919756043,24.093500899848333,23.573819463925602,23.941181182861328,4848203,0.0,0.0
2010-06-17,23.97701475096035,24.066616971165807,23.143734035467077,23.887414932250977,5746346,0.0,0.0
2010-06-18,23.959104171242632,24.209986163387512,23.887424288200386,24.192066192626953,6830329,0.0,0.0
2010-06-21,24.5414948702772,24.890936548506915,23.923253748406143,24.15621566772461,5822860,0.0,0.0
2010-06-22,24.129338138086805,24.44293752038494,23.4394170955347,23.511096954345703,5607159,0.0,0.0
2010-06-23,23.48422070363727,23.770940184010062,23.018299146534893,23.55590057373047,6623130,0.0,0.0
2010-06-24,23.296054162095306,23.43045629416407,22.597173161621438,22.659893035888672,7022140,0.0,0.0
2010-06-25,22.686772134995564,22.910771677586975,22.3014905202423,22.69573211669922,10183172,0.0,0.0
2010-06-28,22.957130970963366,23.14641154405016,22.551527327117327,23.002195358276367,6173953,0.21349,0.0
2010-06-29,22.49744460154738,22.53349803993462,21.61413052945467,21.776371002197266,10965666,0.0,0.0
2010-06-30,21.668201993457902,22.38927288770193,21.325692050396118,21.379772186279297,8384637,0.0,0.0
2010-07-01,21.271620316299114,21.767357506834347,20.487455620464896,20.965166091918945,11773243,0.0,0.0
2010-07-02,21.01924345634213,21.118390398115036,20.208037581769503,20.703773498535156,7672966,0.0,0.0
2010-07-06,21.06431148406791,21.280632096992946,20.505480818209133,20.784894943237305,7160414,0.0,0.0
2010-07-07,20.757851560150762,21.893539428710938,20.757851560150762,21.893539428710938,7138281,0.0,0.0
2010-07-08,22.127892523380147,22.569549521126717,21.947622931273997,22.52448272705078,7452698,0.0,0.0
2010-07-09,22.569544975625263,23.398776235417866,22.551518261625468,23.38976287841797,8289574,0.0,0.0
2010-07-12,23.245552792754832,23.515953544934646,22.957125323763034,23.20949935913086,7421784,0.0,0.0
2010-07-13,23.58805957278965,24.33617312546975,23.443845843425667,24.074783325195312,7487758,0.0,0.0
2010-07-14,23.99367149774007,24.561515671599906,23.65116377065821,24.336181640625,10250762,0.0,0.0
2010-07-15,24.390256692621413,24.5074303641532,23.597078654142145,24.0026798248291,9250109,0.0,0.0
2010-07-16,23.732282177897645,23.759322259513716,22.60560727895549,22.68672752380371,8892271,0.0,0.0
2010-07-19,22.749816042011034,22.89402977889924,22.353225849766115,22.65066909790039,5122290,0.0,0.0
2010-07-20,22.263097652305106,23.074304950233604,22.055790355355988,23.056278228759766,6037014,0.0,0.0
2010-07-21,23.335692117136958,23.398785641499224,22.731794539580942,23.002195358276367,7683294,0.0,0.0
2010-07-22,23.371744860899867,24.11084524151009,23.31766469877758,24.011695861816406,6977174,0.0,0.0
2010-07-23,23.894522984404393,24.327166711800743,23.804389377822428,24.273086547851562,5350286,0.0,0.0
2010-07-26,24.18294712215932,24.57052153720026,24.0747844044851,24.561508178710938,3933408,0.0,0.0
2010-07-27,25.192456948207322,25.489900327095803,24.498425618538743,24.651655197143555,8188328,0.0,0.0
2010-07-28,24.60657906071232,24.777835316274192,24.327164901105302,24.40828514099121,5227400,0.0,0.0
2010-07-29,24.624605649065202,24.940073215986274,24.03873247889253,24.57953643798828,6551885,0.0,0.0
2010-07-30,24.282094506309967,24.786845006676675,24.092811558795972,24.633615493774414,6483943,0.0,0.0
2010-08-02,25.1834382213232,25.688188830601685,25.057251172954302,25.534961700439453,7784118,0.0,0.0
2010-08-03,23.56101816921129,23.95760831838868,22.821920432118866,22.984163284301758,29894052,0.0,0.0
2010-08-04,23.029225284758695,23.227521546827237,22.281114267132466,22.344207763671875,19628324,0.0,0.0
2010-08-05,22.362241560347407,22.812911951326214,22.26309460580864,22.767845153808594,9282569,0.0,0.0
2010-08-06,22.650664448601642,23.119361413085443,22.497437384609466,22.930078506469727,7296790,0.0,0.0
2010-08-09,23.07429918718189,23.497927036011482,23.047256695922353,23.434833526611328,6734774,0.0,0.0
2010-08-10,23.029231095911218,23.642144334273347,23.029231095911218,23.42582130432129,7539541,0.0,0.0
2010-08-11,22.785871432036778,22.930085181303436,22.416323699540968,22.695737838745117,8376908,0.0,0.0
2010-08-12,22.10084981808036,22.605600267494125,21.93860937870519,22.515466690063477,7515371,0.0,0.0
2010-08-13,22.47040232898045,22.740803090485656,22.30815945627494,22.677709579467773,6175990,0.0,0.0
2010-08-16,22.578564167465956,22.848964947340942,22.245067456484254,22.695737838745117,3964533,0.0,0.0
2010-08-17,22.83994714727229,23.37173766010035,22.812907074542156,22.984163284301758,5940336,0.0,0.0
2010-08-18,22.80389916774927,23.236542850647716,22.749819009362298,23.182462692260742,4453197,0.0,0.0
2010-08-19,23.029240668020936,23.065296534501613,22.281129150665002,22.452383041381836,6539027,0.0,0.0
2010-08-20,22.299141772942665,22.416317829339274,21.821431437793173,22.01972770690918,7046521,0.0,0.0
2010-08-23,22.154928973383317,22.27210261880111,21.65919190389064,21.66820526123047,5741217,0.0,0.0
2010-08-24,21.361753096456944,21.45188667822981,20.775882399131063,20.83897590637207,11941166,0.0,0.0
2010-08-25,20.685746401555953,20.94713620449951,20.325212074464485,20.83897590637207,11306079,0.0,0.0
2010-08-26,21.064309504875858,21.523993179952342,21.046282788825884,21.39780616760254,10592370,0.0,0.0
2010-08-27,21.45188333920578,22.326181362118778,21.361749771462364,22.28111457824707,9642585,0.0,0.0
2010-08-30,22.154937597874106,22.452378505876524,21.920587800008636,21.929603576660156,6211121,0.0,0.0
2010-08-31,21.776365729617325,22.07380894009658,21.560045151670263,21.965648651123047,6350799,0.0,0.0
2010-09-01,22.389281746093854,23.227529015541677,22.18197447651988,23.065288543701172,7473776,0.0,0.0
2010-09-02,23.020218781946987,23.44384908635564,22.99317870395085,23.326675415039062,4526900,0.0,0.0
2010-09-03,23.55200910531079,23.86747664564889,23.407792956782526,23.858463287353516,5058633,0.0,0.0
2010-09-07,23.615101964672505,23.696224611203483,22.866990754373692,22.97515106201172,7642192,0.0,0.0
2010-09-08,22.975150387921776,23.407794021582596,22.975150387921776,23.21851348876953,4967084,0.0,0.0
2010-09-09,23.57004304992721,23.660176660521465,23.056279053736947,23.155426025390625,5131143,0.0,0.0
2010-09-10,23.173447254480074,23.506941534627394,23.119367100942668,23.42582130432129,3430481,0.0,0.0
2010-09-13,23.696224446408475,23.993665290344502,23.588061723720205,23.966625213623047,4612688,0.0,0.0
2010-09-14,23.858466001911562,24.038733188329406,23.49792921327332,23.912546157836914,5108800,0.0,0.0
2010-09-15,23.67820212267517,23.831429252531876,23.452865692377127,23.58806610107422,6149221,0.0,0.0
2010-09-16,23.732275460319546,23.975636125979356,23.506939094832344,23.80438232421875,5939984,0.0,0.0
2010-09-17,24.02070534144604,24.128865648216504,23.858464881290338,24.08380126953125,7806110,0.0,0.0
2010-09-20,24.110837936143408,24.606572605394554,24.002675228868334,24.489398956298828,5754636,0.0,0.0
2010-09-21,24.561508178710938,24.78684455674637,24.209987197627292,24.561508178710938,5576736,0.0,0.0
2010-09-22,24.462371541774935,24.831921811337875,24.43533145491448,24.66066551208496,5845203,0.0,0.0
2010-09-23,24.273080096612492,24.624603484658056,24.083799573096872,24.309133529663086,4904762,0.0,0.0
2010-09-24,24.651647189691083,25.318638215151623,24.61559133552857,25.30061149597168,5857006,0.0,0.0
2010-09-27,25.345680619626897,25.55298790921865,25.1383709142323,25.1654109954834,4804711,0.0,0.0
2010-09-28,25.22883750727091,25.410080799692157,24.902603952844512,25.24696159362793,6274144,0.21349,0.0
2010-09-29,25.065724460307074,25.23790330632222,24.793860695642294,24.821046829223633,5371996,0.0,0.0
2010-09-30,25.065726147492647,25.373838111005036,24.55824919096442,24.884485244750977,6289532,0.0,0.0
2010-10-01,25.10197223616007,25.26508903503418,24.811986815939427,25.26508903503418,5194237,0.0,0.0
2010-10-04,25.14728431958127,25.256028860213757,24.811988652631104,24.89354705810547,5091024,0.0,0.0
2010-10-05,25.219781759388386,25.836003278197765,25.065726986898948,25.799755096435547,6898692,0.0,0.0
2010-10-06,25.68195202706839,26.307235677053587,25.68195202706839,26.234739303588867,7147626,0.0,0.0
2010-10-07,26.34347921002099,26.461288224941324,25.87225043689428,26.41597557067871,5738687,0.0,0.0
2010-10-08,26.443163117932347,27.33124844111429,26.42503902680013,27.213441848754883,8395316,0.0,0.0
2010-10-11,27.17718828443184,27.258746678375324,26.841890236035212,27.05031967163086,3535240,0.0,0.0
2010-10-12,26.896265834572016,27.07750916133254,26.68783880197663,27.01407241821289,4803236,0.0,0.0
2010-10-13,27.231556002988324,27.231556002988324,26.841885756986162,27.02312660217285,8770579,0.0,0.0
2010-10-14,27.005014876583274,27.05938715013264,26.25286023478038,26.560972213745117,6743486,0.0,0.0
2010-10-15,26.742206506089254,27.014067806542364,26.34347416990695,26.669710159301758,5410429,0.0,0.0
2010-10-18,26.542847274022733,27.186254919306343,26.524723183419013,27.041259765625,4688500,0.0,0.0
2010-10-19,26.633460238182927,27.095624418625356,26.32534835570373,26.588150024414062,8936957,0.0,0.0
2010-10-20,26.733151101941097,27.775291203529864,26.57003428115903,27.358434677124023,7422205,0.0,0.0
2010-10-21,27.31312389987652,27.965593598735634,27.21344140029204,27.65748405456543,6484294,0.0,0.0
2010-10-22,27.684668583149993,27.729978807602652,27.19531573020977,27.367494583129883,3935515,0.0,0.0
2010-10-25,27.739042598667925,28.726810411618956,27.675608280441004,28.599939346313477,14827688,0.0,0.0
2010-10-26,28.309953381100566,28.663373147706555,27.974655276238163,28.54556655883789,6969796,0.0,0.0
2010-10-27,28.25557830162311,28.32807465680003,27.75716343093044,28.282764434814453,5357452,0.0,0.0
2010-10-28,28.59086714481649,28.908041052136344,27.684660491768344,27.96558380126953,7053969,0.0,0.0
2010-10-29,27.992778028276383,28.174018925561604,27.72997872721281,27.947467803955078,5512307,0.0,0.0
2010-11-01,28.174015840820267,28.608996375530747,27.811534085937545,27.992774963378906,4110675,0.0,0.0
2010-11-02,28.319010371025666,28.663368030861,28.183077286976346,28.445878982543945,4231032,0.0,0.0
2010-11-03,28.46400866439865,28.726810411618956,28.10152441710747,28.599939346313477,5906470,0.0,0.0
2010-11-04,28.953359183813173,29.877692603056243,28.889924870766297,29.696449279785156,9359083,0.0,0.0
2010-11-05,29.623955368434203,29.841446888550188,29.270535595129648,29.4517765045166,4964273,0.0,0.0
2010-11-08,28.980540355496746,29.45176902914848,28.980540355496746,29.31583595275879,4364598,0.0,0.0
2010-11-09,29.207092413385848,29.41552184211345,28.581808984905248,28.826486587524414,4998350,0.0,0.0
2010-11-10,28.473071500379344,28.926176214860305,28.146835425874574,28.71774673461914,4543833,0.0,0.0
2010-11-11,28.464002419757662,28.91710702225333,28.38244402850164,28.826486587524414,4701006,0.0,0.0
2010-11-12,28.409630973668772,28.59993389205711,28.101519057903147,28.364320755004883,6958133,0.0,0.0
2010-11-15,28.445876633420912,28.53649706273605,28.146826787829994,28.237449645996094,3846214,0.0,0.0
2010-11-16,27.92934640449807,27.992780724658157,27.439993505839976,27.69373321533203,6461530,0.0,0.0
2010-11-17,27.75716753549212,28.038090953343932,27.458117597314285,27.69373321533203,4002755,0.0,0.0
2010-11-18,28.10151391893822,28.808358058535628,28.056203708560275,28.41868782043457,6090061,0.0,0.0
2010-11-19,28.30993679424723,28.735855102539062,28.210254354377902,28.735855102539062,4111519,0.0,0.0
2010-11-22,28.137774520446367,28.681499667153325,27.938407095047808,28.54556655883789,4513059,0.0,0.0
2010-11-23,28.010894930702886,28.146825568788422,27.702785484375664,27.929336547851562,4976780,0.0,0.0
2010-11-24,28.092459872489048,28.708683766719126,28.083397827834236,28.69961929321289,3670703,0.0,0.0
2010-11-26,28.28277590850374,28.554637350705292,28.27371386043036,28.35527229309082,1635038,0.0,0.0
2010-11-29,28.029017505621717,28.445873868808665,27.77528032819967,28.34619140625,4059947,0.0,0.0
2010-11-30,27.911222638568166,28.47307190967667,27.856850363511057,28.255582809448242,4223655,0.0,0.0
2010-12-01,28.82649476025988,29.40646813580701,28.817432714217766,29.379281997680664,6580833,0.0,0.0
2010-12-02,29.45177038983264,30.158612218541112,29.36114995395349,30.122364044189453,8405434,0.0,0.0
2010-12-03,29.886751950817892,30.303605970366466,29.796129082934375,30.231109619140625,5244403,0.0,0.0
2010-12-06,29.995493976664445,30.43047447660249,29.995493976664445,30.385164260864258,4096483,0.0,0.0
2010-12-07,30.720464126458342,30.901705014597777,30.53016119391194,30.593595504760742,7266367,0.0,0.0
2010-12-08,30.63891038226883,30.76577902324367,30.33079839676392,30.4123592376709,4759042,0.0,0.0
2010-12-09,30.584538576780393,30.892648138160464,30.376109091700936,30.765779495239258,5126786,0.0,0.0
2010-12-10,30.80202299179274,30.965139793584264,30.64796823454519,30.87451934814453,4122901,0.0,0.0
2010-12-13,30.928889992436858,31.236999466568243,30.811080999947315,30.883577346801758,5913707,0.0,0.0
2010-12-14,30.94701454037064,31.13731745369974,30.76577124168229,30.865453720092773,4317664,0.0,0.0
2010-12-15,30.792973947563354,31.055775779140827,30.638919125276256,30.666105270385742,3625455,0.0,0.0
2010-12-16,30.79295591458874,31.173564152082154,30.430474192072154,31.128253936767578,4491208,0.0,0.0
2010-12-17,31.119201715085808,31.119201715085808,30.756717449316316,30.765779495239258,6452607,0.0,0.0
2010-12-20,30.937966721480628,30.9560932470727,30.611732980166767,30.666105270385742,3737240,0.0,0.0
2010-12-21,30.90170143351537,31.08294472950255,30.765770783163287,30.883577346801758,3484231,0.0,0.0
2010-12-22,30.856395429660584,31.173569419304695,30.820147251284276,31.14638328552246,3818531,0.0,0.0
2010-12-23,31.03764162669578,31.264192762542528,30.95608321779095,31.182634353637695,3233962,0.0,0.0
2010-12-27,31.010457341080194,31.128263938751132,30.82921399273467,31.110139846801758,2726890,0.0,0.0
2010-12-28,31.146379240762435,31.264185805186735,31.03763471975539,31.155441284179688,3020580,0.0,0.0
2010-12-29,31.291973878979583,31.392093195425137,31.119040514209985,31.155445098876953,2981023,0.21349,0.0
2010-12-30,31.091727328677667,31.273762403133112,31.091727328677667,31.173643112182617,2105715,0.0,0.0
2010-12-31,31.1281464670751,31.17365769647538,30.946111307456277,31.073535919189453,2165226,0.0,0.0
2011-01-03,31.392090998250183,32.17484684193759,31.337480465829415,31.83807945251465,5508935,0.0,0.0
2011-01-04,31.85627886312471,31.938194651212545,31.355679940871177,31.619630813598633,6827659,0.0,0.0
2011-01-05,31.437602649639466,31.82898060726725,31.319279818576096,31.565027236938477,5794896,0.0,0.0
2011-01-06,31.601435909033146,32.27496829307841,31.52861942147862,32.16574478149414,5490105,0.0,0.0
2011-01-07,32.15663646546481,32.311368725520545,31.437595448068254,31.792566299438477,4447997,0.0,0.0
2011-01-10,31.774368631222288,32.42059573418922,31.50131351702084,32.31137466430664,5130299,0.0,0.0
2011-01-11,32.39329035455118,32.67544478410417,32.238560506086635,32.30227279663086,5652126,0.0,0.0
2011-01-12,32.43880313773252,32.70275408828335,32.393294353154786,32.629940032958984,5024487,0.0,0.0
2011-01-13,32.429687729183435,32.71184207478939,32.34777195142687,32.44789123535156,3222861,0.0,0.0
2011-01-14,32.33868846010825,32.72096230551021,32.14755153740727,32.7027587890625,2686490,0.0,0.0
2011-01-18,32.72095534057678,32.92119641837424,32.65724304657149,32.757362365722656,4652175,0.0,0.0
2011-01-19,32.65724400041238,32.67544751351701,31.974609819493878,32.011016845703125,8180670,0.0,0.0
2011-01-20,32.029208911983005,32.138429951576555,31.17364166233926,31.21004867553711,7406607,0.0,0.0
2011-01-21,31.35568282347509,31.77436599613135,31.055322466712283,31.39208984375,6048326,0.0,0.0
2011-01-24,31.4831011210973,32.05651401566337,31.41938884831155,31.8471736907959,3869751,0.0,0.0
2011-01-25,32.18393997528498,32.2021459220894,31.747055799844656,32.11112594604492,5376282,0.0,0.0
2011-01-26,32.29317146847534,32.3022732243879,31.76526718605182,32.1384391784668,6688332,0.0,0.0
2011-01-27,32.120228559982245,32.693641495099904,31.98370225150053,32.37508010864258,6081911,0.0,0.0
2011-01-28,32.484307439973364,32.8392783501944,31.76526630336661,31.9108943939209,5938579,0.0,0.0
2011-01-31,31.810782949580325,32.49341723238776,31.810782949580325,32.29317855834961,4608192,0.0,0.0
2011-02-01,32.5298163621407,33.39448803262087,32.48430758364122,33.0941276550293,7380189,0.0,0.0
2011-02-02,32.839279180627,33.47640453240846,32.839279180627,33.34897994995117,5741217,0.0,0.0
2011-02-03,33.70394955633694,34.13173453695319,33.04862067086899,33.439998626708984,6880143,0.0,0.0
2011-02-04,33.549218899608164,33.77676279902424,33.46730309581838,33.68574523925781,5755199,0.0,0.0
2011-02-07,33.63112775937184,34.51400278580363,33.63112775937184,34.24094772338867,4942492,0.0,0.0
2011-02-08,34.341072000442836,34.75975518915524,34.17724040292293,34.53221130371094,5783935,0.0,0.0
2011-02-09,34.441199891416844,34.61413572693814,33.794972656245974,34.095333099365234,5075847,0.0,0.0
2011-02-10,33.85868104418115,34.950894200933725,33.85868104418115,34.70514678955078,4948956,0.0,0.0
2011-02-11,34.55040460803698,35.18752973856326,34.27734958667191,34.93267822265625,4250986,0.0,0.0
2011-02-14,34.55041097347686,35.114722186137506,34.54130921907095,35.032806396484375,3237475,0.0,0.0
2011-02-15,34.914481403245084,35.01460070243704,34.377475449902676,34.550411224365234,4348438,0.0,0.0
2011-02-16,34.65962851927872,34.9508846307966,34.41387873569114,34.859867095947266,3256797,0.0,0.0
2011-02-17,34.75066385577332,35.33317881670709,34.650544516151136,35.278568267822266,3535872,0.0,0.0
2011-02-18,35.27855049855326,35.49699258406661,34.84166388803216,35.078311920166016,4518539,0.0,0.0
2011-02-22,34.40478278395173,34.72334418705623,33.7585533443791,33.822265625,5737142,0.0,0.0
2011-02-23,33.49460984532121,33.85868253998605,31.98371096788151,32.78466796875,9709474,0.0,0.0
2011-02-24,32.38418859875915,32.92119462998402,31.719757986445824,32.30227279663086,8472884,0.0,0.0
2011-02-25,32.57532094024148,33.139632160365416,32.49340514950497,33.057716369628906,5324219,0.0,0.0
2011-02-28,33.312567380032796,33.840469133748826,33.303463186163775,33.822265625,6113247,0.0,0.0
2011-03-01,33.96790247655586,34.16814111017908,32.87568686871181,32.893890380859375,6029567,0.0,0.0
2011-03-02,32.74825255483826,33.467293510549695,32.74825255483826,33.33076477050781,4696299,0.0,0.0
2011-03-03,33.958801476502174,34.58682509906985,33.92239445139652,34.4867057800293,8019351,0.0,0.0
2011-03-04,34.48670022884245,34.5868195317672,33.676639171643686,34.149932861328125,6087391,0.0,0.0
2011-03-07,34.34106674087533,34.696037587297134,33.6766362576451,33.91328430175781,4563576,0.0,0.0
2011-03-08,34.00429982886912,35.02370109817044,33.6402272499774,34.859867095947266,6019238,0.0,0.0
2011-03-09,34.450287551390396,34.513999824605506,33.90417747341508,34.50489807128906,6555679,0.0,0.0
2011-03-10,34.10442241188937,34.15903293807467,33.44909365817119,33.5128059387207,5328646,0.0,0.0
2011-03-11,33.25795782817833,33.74035329903417,32.9484981476826,33.485504150390625,4699461,0.0,0.0
2011-03-14,33.121433279868356,33.767660381035824,32.81197114323444,33.32167434692383,5007343,0.0,0.0
2011-03-15,31.965506802942624,32.93029783844835,31.601436555200912,32.73005676269531,6496379,0.0,0.0
2011-03-16,32.6299347278922,32.82107403153798,31.537719196611587,32.00191116333008,7743789,0.0,0.0
2011-03-17,32.50249481201172,33.130518080173864,32.2021370243877,32.50249481201172,5740233,0.0,0.0
2011-03-18,33.094132075147115,33.18514964430258,32.54802422071907,32.629940032958984,5710021,0.0,0.0
2011-03-21,33.49460412185013,33.90418308892826,33.28526376089909,33.64933395385742,6632053,0.0,0.0
2011-03-22,33.722152956272105,33.82227227407298,33.23065568393637,33.4308967590332,3339142,0.0,0.0
2011-03-23,33.075925497898574,33.64023681389247,32.766465791431465,33.40359115600586,4103860,0.0,0.0
2011-03-24,33.6129283860522,33.74945471430712,33.11232940962264,33.45819854736328,4407668,0.0,0.0
2011-03-25,33.585619898726314,34.13172759885588,33.54011112700674,33.81316375732422,4568213,0.0,0.0
2011-03-28,33.75855580277404,34.34107056465157,33.71304702758789,33.71304702758789,5024627,0.0,0.0
2011-03-29,33.84098014672232,34.17911676511518,33.63078863627562,34.032894134521484,4011046,0.21349,0.0
2011-03-30,34.40760639008852,34.700049376880536,34.04205326895221,34.060333251953125,5263725,0.0,0.0
2011-03-31,34.11516095502077,34.590379209449544,33.96894070732407,34.49898910522461,4144471,0.0,0.0
2011-04-01,34.49899517267993,34.95593597651035,34.49899517267993,34.64521789550781,4105757,0.0,0.0
2011-04-04,34.71832365979691,35.06559676541719,34.70004612792216,34.86454391479492,3020720,0.0,0.0
2011-04-05,34.86453658310585,35.51339127762602,34.5903736626385,35.33061599731445,4293283,0.0,0.0
2011-04-06,35.46769525209128,35.64133175759018,34.87367317860214,35.175254821777344,3906217,0.0,0.0
2011-04-07,35.193533859415666,35.41286419156626,34.700038162662786,35.02903366088867,3994886,0.0,0.0
2011-04-08,35.193528473886985,35.59563402129709,35.04730582541509,35.202667236328125,4003387,0.0,0.0
2011-04-11,35.029037348282216,35.22095385853047,34.334488773945075,34.50812530517578,3962847,0.0,0.0
2011-04-12,33.90496602887879,34.36190674061145,33.70391319345877,33.77702331542969,4039712,0.0,0.0
2011-04-13,34.06032161611281,34.08773790712584,33.22868922322279,33.53940963745117,3945492,0.0,0.0
2011-04-14,33.29267013659828,33.95980252571723,32.972813316192145,33.749610900878906,4378720,0.0,0.0
2011-04-15,33.94152189540965,34.690905562225794,33.91410559901988,34.526405334472656,5268713,0.0,0.0
2011-04-18,34.0968850004962,34.1243012982069,33.292668702153165,33.82271957397461,4431205,0.0,0.0
2011-04-19,33.92323828075721,34.462427795806754,33.868405697811234,34.45328903198242,3466384,0.0,0.0
2011-04-20,34.98335023536172,35.24837691486473,34.79143613771163,34.93765640258789,6861384,0.0,0.0
2011-04-21,35.18439422115691,36.098275544854815,35.03817399317777,36.07999801635742,7710696,0.0,0.0
2011-04-25,35.933772980941356,36.189658345670956,35.54994248443313,35.96118927001953,4514886,0.0,0.0
2011-04-26,36.061718301139216,36.82937935030834,35.99774695527746,36.52779769897461,7939465,0.0,0.0
2011-04-27,36.64659534403134,36.69228915466992,35.915491924400335,36.48209762573242,5955793,0.0,0.0
2011-04-28,37.25890745092094,37.834652109004196,36.18966702170711,37.20407485961914,9498551,0.0,0.0
2011-04-29,37.52393611216066,37.569629940705944,37.03957908016612,37.459964752197266,6843959,0.0,0.0
2011-05-02,37.55134656664938,38.59316814479866,37.53306903807508,37.779815673828125,9957635,0.0,0.0
2011-05-03,37.00301992543705,37.76153984482412,36.78368712325955,37.021297454833984,7481505,0.0,0.0
2011-05-04,36.95733301816632,37.2406347768361,36.17139420818841,36.226226806640625,6201565,0.0,0.0
2011-05-05,36.19880505363173,36.7928272301156,35.741866802039816,35.851531982421875,5529521,0.0,0.0
2011-05-06,36.51866063865525,36.783684798158596,36.00688739847604,36.2993278503418,6052612,0.0,0.0
2011-05-09,36.18967640171532,36.63747846282695,36.006901050002426,36.418148040771484,3461115,0.0,0.0
2011-05-10,36.555223760010726,37.514799103226565,36.41814226795551,37.23149490356445,5364970,0.0,0.0
2011-05-11,36.97560540667062,37.030437997494126,35.467701810780895,35.64133834838867,7600948,0.0,0.0
2011-05-12,35.66874969925086,35.8149723705913,35.0655888343905,35.577362060546875,5356680,0.0,0.0
2011-05-13,35.73272213710285,35.96119369025108,34.95592473499279,35.065589904785156,4763679,0.0,0.0
2011-05-16,34.80970453397393,35.51339182340195,34.32534758429049,34.46242904663086,5479847,0.0,0.0
2011-05-17,34.243097152411906,34.30706849860008,33.31093835198472,33.38404846191406,9856951,0.0,0.0
2011-05-18,33.47543774098147,33.90495962645205,33.283521257633836,33.786155700683594,8691466,0.0,0.0
2011-05-19,34.13343141246566,34.49898195595389,33.60338067499376,33.676490783691406,6175920,0.0,0.0
2011-05-20,33.51199340276333,33.649074858058896,32.853997518516586,32.90883255004883,6895460,0.0,0.0
2011-05-23,32.15944723761676,32.67122042496114,31.867006815942187,32.543277740478516,6262130,0.0,0.0
2011-05-24,32.52500942747404,33.064199057086505,32.269121536609624,32.41534423828125,5266184,0.0,0.0
2011-05-25,32.29653384717888,33.384051737925155,32.2142849654372,33.073333740234375,6742643,0.0,0.0
2011-05-26,32.64381540497902,32.97281344235604,32.323956133934296,32.62553787231445,6383611,0.0,0.0
2011-05-27,32.84486336416633,33.04591864289591,32.40620264566037,32.53414535522461,5207305,0.0,0.0
2011-05-31,33.09160757598453,33.35663172090478,32.48844672778653,33.018497467041016,6661773,0.0,0.0
2011-06-01,32.89055430355118,33.00936068713812,32.03150802242603,32.07720184326172,5713745,0.0,0.0
2011-06-02,32.17772822321363,32.69864022973559,31.793900128502603,32.680362701416016,7561743,0.0,0.0
2011-06-03,32.086345470381815,32.406204714123135,31.867015097129148,32.16859436035156,8956489,0.0,0.0
2011-06-06,31.839592795137964,32.29653098656358,31.775618998924326,32.040645599365234,8384286,0.0,0.0
2011-06-07,32.20514309890391,32.461030933534886,32.10461669756868,32.15031051635742,6904664,0.0,0.0
2011-06-08,32.24169558610613,32.24169558610613,31.784757434610707,31.867006301879883,8403537,0.0,0.0
2011-06-09,32.01323541310446,32.38792725094478,31.894431460676774,32.141178131103516,5343611,0.0,0.0
2011-06-10,32.04066210426663,32.34224146595818,31.876164270616687,32.049800872802734,7475533,0.0,0.0
2011-06-13,32.1685929828794,32.259980634488095,31.739068570904163,31.949262619018555,5994085,0.0,0.0
2011-06-14,32.36965269275108,32.69864828353625,32.08634848460467,32.515872955322266,6240279,0.0,0.0
2011-06-15,32.04979098936239,32.113762349387805,31.26385468820703,31.6385440826416,10345544,0.0,0.0
2011-06-16,31.857864470261717,32.23255371839744,31.044509740115497,31.464895248413086,9482812,0.0,0.0
2011-06-17,31.976675144094035,32.132034133510246,31.400930557431607,31.611122131347656,7644932,0.0,0.0
2011-06-20,31.501460676721575,32.06806656610985,31.428350555434626,31.949262619018555,4347805,0.0,0.0
2011-06-21,32.21429016634693,33.073339079835215,32.19601263412014,32.97281265258789,4999052,0.0,0.0
2011-06-22,32.78089127368224,33.265248255576495,32.75347497939092,32.88142013549805,6305481,0.0,0.0
2011-06-23,32.2873911633816,32.60725033629897,31.729926588132834,32.55241775512695,7846369,0.0,0.0
2011-06-24,32.726061439931634,32.80831032972918,32.04979034107064,32.19601058959961,5754215,0.0,0.0
2011-06-27,32.04979442051955,32.296541121319265,31.675102536557,32.08634948730469,5386892,0.0,0.0
2011-06-28,32.12316350327158,32.638607025146484,31.856236204292152,32.638607025146484,5265622,0.35582,0.0
2011-06-29,32.81348441905363,33.12643073191836,32.57417006576505,32.942344665527344,4315204,0.0,0.0
2011-06-30,33.00678027051566,33.21848174900487,32.50054103688412,33.135643005371094,6923284,0.0,0.0
2011-07-01,33.0804060073481,33.531419293249336,32.8779113539549,33.430171966552734,5448862,0.0,0.0
2011-07-05,33.411781311035156,33.61427607321174,33.20008224148691,33.411781311035156,3770965,0.0,0.0
2011-07-06,33.282907148714045,33.68789897140855,33.015979879103924,33.55903625488281,4241571,0.0,0.0
2011-07-07,33.96402106165566,34.3321955941408,33.71550491743955,34.21253967285156,4471745,0.0,0.0
2011-07-08,33.67869536071488,33.71551504530555,33.12643462958245,33.48540496826172,5224027,0.0,0.0
2011-07-11,32.94234934301872,32.95155364764519,32.06793793652326,32.288841247558594,6369278,0.0,0.0
2011-07-12,31.598510842571812,31.81020981487261,30.98182006497623,31.340787887573242,14215577,0.0,0.0
2011-07-13,31.61691675711946,31.754981292517886,31.276355102823345,31.524873733520508,9062372,0.0,0.0
2011-07-14,31.653741260144244,32.086346037719146,31.524880997414016,31.801010131835938,6799835,0.0,0.0
2011-07-15,31.8930464657341,32.25201673192892,31.847024953014255,32.1691780090332,6770396,0.0,0.0
2011-07-18,31.957489212433217,32.224414071085654,31.294774284575862,31.543292999267578,5230210,0.0,0.0
2011-07-19,31.86543677894759,32.09554683278556,31.727372226832983,31.99429702758789,5288737,0.0,0.0
2011-07-20,32.03110913031594,32.472918093564,31.957477181251143,32.32564926147461,3702812,0.0,0.0
2011-07-21,32.5557630124058,33.10802370490821,32.500537189853596,32.9055290222168,4725246,0.0,0.0
2011-07-22,32.81349172204913,32.997577829410496,32.63860992005584,32.749061584472656,2754573,0.0,0.0
2011-07-25,32.26123096834169,33.39336546381646,32.13237069304751,33.12643814086914,6320868,0.0,0.0
2011-07-26,33.006762893752494,33.32891586081921,32.509730693617726,32.99755859375,8147085,0.0,0.0
2011-07-27,33.59585616146702,33.964030799511825,32.11395823897221,32.20600128173828,11671856,0.0,0.0
2011-07-28,32.41770628430288,33.43018487621559,32.39929767234013,32.55577087402344,9128417,0.0,0.0
2011-07-29,32.178393102482026,32.813492657974194,31.865444244060807,32.09555435180664,8465858,0.0,0.0
2011-08-01,32.89632347683391,33.31051959732259,31.754984919872452,32.34406280517578,7600878,0.0,0.0
2011-08-02,31.89304033071296,32.52813955105765,30.981812087166045,30.991016387939453,7387145,0.0,0.0
2011-08-03,30.972611503075374,31.165901842511584,29.776044858006877,31.08306312561035,8544269,0.0,0.0
2011-08-04,30.3743370942103,30.3743370942103,27.760302365022113,27.898366928100586,15630839,0.0,0.0
2011-08-05,28.432221683058128,28.57949303101792,26.94111932918358,27.81553077697754,12951305,0.0,0.0
2011-08-08,26.33362884763445,26.96872827024902,24.566392668383045,24.91615867614746,17147628,0.0,0.0
2011-08-09,25.3763766091421,27.06997591051291,24.962180470860982,27.023954391479492,13774901,0.0,0.0
2011-08-10,26.149540856141236,27.07918048382936,25.79057053712751,25.88261604309082,12871980,0.0,0.0
2011-08-11,26.16794508180167,27.613027952778,25.854998801666408,27.07917594909668,13973739,0.0,0.0
2011-08-12,27.30008746122018,27.751100880075867,26.701805160119616,27.088388442993164,8025464,0.0,0.0
2011-08-15,27.355303433981685,27.686660766601562,27.18042169933834,27.686660766601562,5877171,0.0,0.0
2011-08-16,27.419737176434126,27.65905152249991,26.812250708698173,26.98713493347168,7016801,0.0,0.0
2011-08-17,27.088385630059385,27.64985065229463,26.931912458922813,27.198837280273438,6503616,0.0,0.0
2011-08-18,26.287600218286865,26.370438936996564,24.455936703654913,24.750476837158203,13852047,0.0,0.0
2011-08-19,24.244250605560254,25.183092382179858,24.115387841177682,24.170616149902344,9432435,0.0,0.0
2011-08-22,24.860939038383176,24.870143344377706,23.434264208288408,23.553922653198242,11890719,0.0,0.0
2011-08-23,23.738007927044052,24.271860122680664,23.397446150403482,24.271860122680664,9076846,0.0,0.0
2011-08-24,24.12458412207616,24.74127488696142,23.96810850488128,24.695253372192383,8043591,0.0,0.0
2011-08-25,24.73206987281249,24.94376883466245,24.170604941795556,24.29946517944336,7823043,0.0,0.0
2011-08-26,24.041751669454072,24.87934847673882,23.42506068035635,24.686058044433594,8375152,0.0,0.0
2011-08-29,25.137058048794493,26.094310418922245,25.063423630627742,26.057493209838867,7234609,0.0,0.0
2011-08-30,25.882618158962043,26.2323817356898,25.68012098966536,26.011478424072266,7941713,0.0,0.0
2011-08-31,26.324426438004686,26.867480395663865,25.91943457887154,26.186359405517578,7780886,0.0,0.0
2011-09-01,26.112727580655875,26.407267816824273,25.348767774844703,25.403993606567383,7517619,0.0,0.0
2011-09-02,24.695250997321374,24.980584361449722,24.35468935380117,24.584796905517578,5814709,0.0,0.0
2011-09-06,23.74720198156748,24.13378511966103,23.4434600256924,24.060148239135742,7628420,0.0,0.0
2011-09-07,24.925362979852306,25.01740601690074,24.68605108352637,24.91615867614746,6512680,0.0,0.0
2011-09-08,24.796506551551197,24.906958213040724,24.345493133488226,24.759689331054688,9296340,0.0,0.0
2011-09-09,24.40071984077554,24.437537062594625,23.60914710468434,23.7195987701416,7594976,0.0,0.0
2011-09-12,23.286991524433535,23.885273783740175,23.185744174962966,23.710391998291016,6319041,0.0,0.0
2011-09-13,23.857660597398127,24.409921327902172,23.65516590077284,24.216630935668945,5287684,0.0,0.0
2011-09-14,24.34548993381535,25.18308405700856,23.839250751541492,24.768890380859375,7032398,0.0,0.0
2011-09-15,25.164687466409887,25.54206657409668,24.971396991902346,25.54206657409668,6272388,0.0,0.0
2011-09-16,25.643305975649664,26.2323839909208,25.57887583755541,26.048297882080078,9345101,0.0,0.0
2011-09-19,25.367177368245322,25.652510843200798,24.879346702147025,25.514446258544922,6214985,0.0,0.0
2011-09-20,25.624890348266145,25.855000388290108,25.08183400890259,25.100242614746094,6387686,0.0,0.0
2011-09-21,24.93456504860937,25.265922419263703,23.49868886539424,23.507890701293945,8844002,0.0,0.0
2011-09-22,22.964839901327643,23.038476809100672,20.709775284140548,21.188404083251953,19477896,0.0,0.0
2011-09-23,21.225211280597165,22.090420585857913,21.06873814961719,21.65781593322754,9470236,0.0,0.0
2011-09-26,21.95236593940935,22.559852600097656,21.24363191310315,22.559852600097656,10715959,0.0,0.0
2011-09-27,23.553922653198242,24.391516965681273,23.001661826545583,23.553922653198242,11613680,0.0,0.0
2011-09-28,23.674756950426197,23.73982024874362,22.038809622741255,22.085285186767578,8589658,0.35582,0.0
2011-09-29,22.652290797043147,22.98691487631823,21.908676749348274,22.066696166992188,12022457,0.0,0.0
2011-09-30,21.80642604145668,21.87149182133704,20.876911163330078,20.876911163330078,13588429,0.0,0.0
2011-10-03,20.718896086866884,21.258013841685504,19.98457848396453,19.993873596191406,10929411,0.0,0.0
2011-10-04,19.54770862002525,21.230131656819886,19.157312602878694,21.192951202392578,13068500,0.0,0.0
2011-10-05,21.34166814505071,22.94972990566315,21.12788058092892,22.773122787475586,15522637,0.0,0.0
2011-10-06,22.661582319684236,23.553918137101505,22.336253369504618,23.535327911376953,10465971,0.0,0.0
2011-10-07,23.702644417388875,23.935022258388514,22.62440625251123,23.014801025390625,9069328,0.0,0.0
2011-10-10,23.78629264311514,24.539199092474476,23.767699930610114,24.34400177001953,6740325,0.0,0.0
2011-10-11,24.26964478168105,25.096914824839892,24.07444740785052,24.53920555114746,7603689,0.0,0.0
2011-10-12,24.96677864250215,25.756865596620695,24.911005483220794,25.36646842956543,9010801,0.0,0.0
2011-10-13,25.03184799724672,25.03184799724672,24.204577988336784,24.790172576904297,7147205,0.0,0.0
2011-10-14,25.329292483385796,25.775460397654182,25.282816918495286,25.728984832763672,6028021,0.0,0.0
2011-10-17,25.728976821990596,25.728976821990596,24.557787968762955,24.6600341796875,10230527,0.0,0.0
2011-10-18,24.520613630597936,26.026429312905588,24.278938216950884,25.812639236450195,12848654,0.0,0.0
2011-10-19,25.821930138615492,25.821930138615492,24.548494965189608,24.71580696105957,7563781,0.0,0.0
2011-10-20,24.752993249690928,25.00396379407829,23.879250129172206,24.56709098815918,9169660,0.0,0.0
2011-10-21,24.957484615276595,25.51519381044455,24.920304168353343,25.31999397277832,8635046,0.0,0.0
2011-10-24,25.450139012515265,26.054324027101316,25.41295605822484,25.93348503112793,7464713,0.0,0.0
2011-10-25,25.849823783068157,25.933479807902078,24.557797972438202,24.62286376953125,11554942,0.0,0.0
2011-10-26,25.0039621656939,25.394359380805433,24.176692173114613,24.994667053222656,11296453,0.0,0.0
2011-10-27,26.481886784946628,27.476468680086278,25.84052161173405,27.048891067504883,12570632,0.0,0.0
2011-10-28,26.788626578415283,27.234794390812773,26.3703440985852,27.188316345214844,7396560,0.0,0.0
2011-10-31,26.714277052861956,26.770047741715448,25.887006852228527,25.914892196655273,8216152,0.0,0.0
2011-11-01,24.520609746255744,25.691798705414552,24.26034414904327,25.41294288635254,12548710,0.0,0.0
2011-11-02,25.97995207524028,26.45400531370073,25.580262229611552,26.026430130004883,7869063,0.0,0.0
2011-11-03,26.509778661106612,26.704978538565275,25.85911821599026,26.60272979736328,6078047,0.0,0.0
2011-11-04,26.277394941292158,26.454002060666642,25.812636872671796,26.19373893737793,7398597,0.0,0.0
2011-11-07,26.091498505886012,26.37035191420645,25.59885499320026,26.221630096435547,5235480,0.0,0.0
2011-11-08,26.333161256267438,26.695673037938647,25.9892396946143,26.556243896484375,6455839,0.0,0.0
2011-11-09,25.654624153265598,25.97065799728451,25.115505104502073,25.26422691345215,8708188,0.0,0.0
2011-11-10,25.76616824983666,25.933480302696704,25.096917547076707,25.47801971435547,7463167,0.0,0.0
2011-11-11,25.719688910981887,26.342463952249894,25.719688910981887,26.20303726196289,4532451,0.0,0.0
2011-11-14,26.110081780223002,26.295984002932503,25.60814328758836,25.896291732788086,4176369,0.0,0.0
2011-11-15,25.71039460680747,25.896296866369514,25.347882709342,25.728984832763672,5297590,0.0,0.0
2011-11-16,25.366475005137524,25.654626022290557,25.013260683148253,25.059736251831055,6464200,0.0,0.0
2011-11-17,24.96677667107557,25.152678882937423,24.167392177431932,24.34400177001953,11059042,0.0,0.0
2011-11-18,24.502020325622297,24.650742105281807,23.981491605494988,24.12091827392578,8036706,0.0,0.0
2011-11-21,23.618985647793583,23.665461215490726,23.247181106216427,23.47955894470215,8045348,0.0,0.0
2011-11-22,23.42378727227347,23.600394422049376,22.977619349941126,23.37731170654297,5765316,0.0,0.0
2011-11-23,23.042688412636448,23.265773651127038,22.69876917741494,22.86608123779297,7562446,0.0,0.0
2011-11-25,22.847481660399243,23.23787879952977,22.73594033245305,22.745235443115234,2051052,0.0,0.0
2011-11-28,23.935018841636836,24.083740638646397,23.591097194732924,23.84206771850586,5026524,0.0,0.0
2011-11-29,23.823482888460052,24.24176303726464,23.674761057773978,23.93502426147461,4585498,0.0,0.0
2011-11-30,25.02255199741868,25.78475369940228,25.02255199741868,25.756868362426758,7311825,0.0,0.0
2011-12-01,25.40364483749636,25.82192727205555,25.32928395869804,25.62672996520996,5258525,0.0,0.0
2011-12-02,25.933482662122437,26.13797768109831,25.654629215318966,25.794055938720703,5548913,0.0,0.0
2011-12-05,26.295985741895365,26.491183088648814,25.794047216067348,26.01712989807129,4614515,0.0,0.0
2011-12-06,26.02642580035137,26.41682046834654,25.608143307608987,26.072898864746094,5381201,0.0,0.0
2011-12-07,25.803345526186696,25.998542897135195,25.543082364922032,25.849821090698242,6031464,0.0,0.0
2011-12-08,25.54308332878197,25.65462468781866,24.790174172645205,24.88312530517578,5093202,0.0,0.0
2011-12-09,24.241760466917338,25.31999860770582,24.111628878864842,25.18986701965332,5578282,0.0,0.0
2011-12-12,24.780880222531604,24.845946018356997,24.232466023540752,24.483436584472656,4160280,0.0,0.0
2011-12-13,24.76229193598577,24.929606486827467,23.66546345203623,23.93502426147461,5376001,0.0,0.0
2011-12-14,23.59109115600586,24.11161980361636,23.45166450699912,23.59109115600586,6112404,0.0,0.0
2011-12-15,24.065150916127774,24.12092159116999,23.54462212441443,23.981494903564453,5380568,0.0,0.0
2011-12-16,24.31612333962356,24.57638651009784,24.027972338136053,24.502025604248047,11006276,0.0,0.0
2011-12-19,24.59497461580102,24.613564840660484,23.814182680384235,23.925724029541016,6503194,0.0,0.0
2011-12-20,24.40907579895219,25.13409716172353,24.40907579895219,25.059736251831055,8777886,0.0,0.0
2011-12-21,25.12480369046707,25.403657120793305,24.88312822619782,25.357181549072266,6784448,0.0,0.0
2011-12-22,25.487313159942165,26.119383365134155,25.385064420790265,26.082202911376953,6711518,0.0,0.0
2011-12-23,26.184441729249755,26.85369219829595,26.119375953637377,26.80721664428711,5909070,0.0,0.0
2011-12-27,26.76074109027827,27.058184635934847,26.639904649855286,26.80721664428711,4513832,0.0,0.0
2011-12-28,26.863484733535316,26.910369217199854,26.254019116259098,26.41341781616211,5298574,0.35582,0.0
2011-12-29,26.525931824279894,26.966624815436454,26.413415106479388,26.938495635986328,4258574,0.0,0.0
2011-12-30,27.051016579854206,27.060392974469085,26.8634861744517,26.966629028320312,3157659,0.0,0.0
2012-01-03,27.454203631878485,28.10117736328809,27.4448272374103,27.93239974975586,7147064,0.0,0.0
2012-01-04,27.932391752779697,28.119922101558814,27.61359443213235,28.082416534423828,5274334,0.0,0.0
2012-01-05,27.941769405069756,28.37308340778673,27.491700106521865,28.26056671142578,5761663,0.0,0.0
2012-01-06,28.269951200455694,28.504361051685542,27.810505378940373,28.429349899291992,5847872,0.0,0.0
2012-01-09,28.560619879815427,28.616878240073966,28.335583925676648,28.419971466064453,4589432,0.0,0.0
2012-01-10,28.926297961970686,29.704543604536227,28.879415997129932,29.04819107055664,9735470,0.0,0.0
2012-01-11,28.973181461027238,29.62015512319332,28.89817031330997,29.47013282775879,5468183,0.0,0.0
2012-01-12,29.667035625620535,30.539045200985072,29.53576612359713,30.5296688079834,8452087,0.0,0.0
2012-01-13,30.051463676023705,30.267120667872746,29.610770788271676,30.023334503173828,5970759,0.0,0.0
2012-01-17,30.679692028716293,30.942233553849267,30.36089214386295,30.595304489135742,6123786,0.0,0.0
2012-01-18,30.54841933083919,31.09225259775137,30.445279015461846,31.082876205444336,6192572,0.0,0.0
2012-01-19,31.045368356543687,31.111003097873326,30.707815745172812,30.92347526550293,5676788,0.0,0.0
2012-01-20,30.951624967522633,31.31730448316411,30.876613784826947,31.30792808532715,5660206,0.0,0.0
2012-01-23,31.354790907628725,31.364167299733985,30.93285326289192,31.035993576049805,5125522,0.0,0.0
2012-01-24,30.660942785078674,31.345422087207393,30.351521770862426,31.298540115356445,4675502,0.0,0.0
2012-01-25,31.27977820760707,31.664212777815333,30.942228108686397,31.636083602905273,5222763,0.0,0.0
2012-01-26,31.73922776617848,31.804862515607734,31.2516528287424,31.326663970947266,5582217,0.0,0.0
2012-01-27,31.186014948955847,31.598578702775168,31.064121855108205,31.37354278564453,6229248,0.0,0.0
2012-01-30,30.942234644927467,31.39230153856054,30.651563929684745,31.120386123657227,5946097,0.0,0.0
2012-01-31,31.476679945718214,31.598575540471078,30.979731228226548,31.420421600341797,5083295,0.0,0.0
2012-02-01,31.645456974343006,31.879866742888392,31.486058331732142,31.8236083984375,7345270,0.0,0.0
2012-02-02,31.054742755272724,31.879867677855525,30.951602454087872,31.448551177978516,8072258,0.0,0.0
2012-02-03,31.842365695551223,32.301811420159034,31.832989303479724,32.048648834228516,4913545,0.0,0.0
2012-02-06,31.514193698360273,31.879873009168687,31.514193698360273,31.861120223999023,3921042,0.0,0.0
2012-02-07,31.75798593721233,32.16117340804,31.326669283287714,31.74860954284668,4731640,0.0,0.0
2012-02-08,31.69234286043511,32.01114018521318,31.373543022552806,31.832988739013672,4207424,0.0,0.0
2012-02-09,31.87049804302449,32.41433135038968,31.720475754952588,32.273685455322266,5262109,0.0,0.0
2012-02-10,31.786111250863257,31.908004362778136,31.42042940201403,31.87987518310547,5292813,0.0,0.0
2012-02-13,32.02052741213357,32.25493727068598,31.89863177258142,32.05803298950195,4290332,0.0,0.0
2012-02-14,31.701720291763852,31.85174256716652,31.12975785368686,31.50481605529785,3970997,0.0,0.0
2012-02-15,31.617339297522445,31.898631122048748,31.345421354042184,31.561080932617188,4539688,0.0,0.0
2012-02-16,31.570446267869187,32.34868922288392,31.47667984610128,32.29243087768555,4691451,0.0,0.0
2012-02-17,32.358074351972,32.81752014160156,32.28306320478426,32.81752014160156,5766440,0.0,0.0
2012-02-21,32.686256173074895,32.91128965277257,32.292445070498914,32.489349365234375,5855180,0.0,0.0
2012-02-22,31.973640476958785,32.19867643702794,31.48606800853579,31.57045555114746,5811056,0.0,0.0
2012-02-23,31.561081655533762,31.973643007622186,31.31729288892207,31.74860954284668,4315345,0.0,0.0
2012-02-24,31.832985075981064,31.99238372002804,31.64545725945521,31.711091995239258,2604355,0.0,0.0
2012-02-27,31.420433148029606,32.16117332726501,31.19539968381929,32.05803298950195,4430221,0.0,0.0
2012-02-28,32.1424150250339,32.62998744718722,32.086156668631595,32.20804977416992,5329208,0.0,0.0
2012-02-29,32.33931293436451,32.358065716156645,31.176635437044002,31.420421600341797,9052606,0.0,0.0
2012-03-01,31.589202650504433,32.09552781500655,31.420425082566148,31.973634719848633,6578444,0.0,0.0
2012-03-02,31.87987023590568,32.208046460930795,31.739224359368144,32.06739807128906,4917269,0.0,0.0
2012-03-05,31.917376600985342,32.02989581813279,31.382919743675938,31.589202880859375,5068962,0.0,0.0
2012-03-06,30.979741252737888,31.073505192038976,30.229624712119616,30.473413467407227,7357706,0.0,0.0
2012-03-07,30.689062934558766,31.19539059461131,30.529664277186125,31.054744720458984,4973829,0.0,0.0
2012-03-08,31.411059345683427,31.879879063965724,31.33604567765336,31.74860954284668,4173629,0.0,0.0
2012-03-09,31.823610014369244,32.29243208836968,31.64545858122862,31.936126708984375,3602690,0.0,0.0
2012-03-12,31.861121022862736,31.964261343881947,31.467312524425747,31.51419448852539,4094656,0.0,0.0
2012-03-13,31.664212284913543,32.47058446622023,31.664212284913543,32.44245529174805,4130348,0.0,0.0
2012-03-14,32.47059777838033,32.55498784949889,32.114294755657056,32.301822662353516,3100045,0.0,0.0
2012-03-15,32.3299451717766,32.81752014160156,32.17992287740111,32.81752014160156,4507508,0.0,0.0
2012-03-16,32.87377487186062,33.492619280927386,32.87377487186062,33.09880828857422,7527737,0.0,0.0
2012-03-19,32.89252701924473,33.45511306323215,32.89252701924473,33.230079650878906,4740633,0.0,0.0
2012-03-20,32.97691518785435,33.33322061075525,32.91128044131288,33.09880828857422,4305368,0.0,0.0
2012-03-21,33.1644472322573,33.248837287309286,32.73313312897108,32.85502624511719,3485144,0.0,0.0
2012-03-22,32.386195192209556,32.48933549303244,32.001763161869704,32.320560455322266,5030740,0.0,0.0
2012-03-23,32.37681987737859,32.90190030303373,32.02051700814751,32.836265563964844,3888511,0.0,0.0
2012-03-26,32.93003574634936,33.47386905813404,32.93003574634936,33.455116271972656,5032778,0.0,0.0
2012-03-27,33.558256007803564,33.755162772152154,32.9675407409668,32.9675407409668,5068611,0.0,0.0
2012-03-28,33.08087158754373,33.09975867136602,31.966528579824995,32.22150421142578,7043359,0.35582,0.0
2012-03-29,31.8909799783819,32.3914902265973,31.645445359639325,32.278167724609375,8397354,0.0,0.0
2012-03-30,32.5898003479488,32.788117231624085,32.43870369836897,32.71256637573242,6826464,0.0,0.0
2012-04-02,32.637012806025865,33.09974875210209,32.47647264164682,33.024200439453125,6452747,0.0,0.0
2012-04-03,32.79756270166144,32.92977481912668,32.04207681991278,32.155399322509766,8487428,0.0,0.0
2012-04-04,31.64543241550286,31.853192781934556,31.42823104220263,31.730426788330078,7961386,0.0,0.0
2012-04-05,31.569885509212796,32.155387420345214,31.35268412629797,31.560441970825195,9815778,0.0,0.0
2012-04-09,30.99383633745434,31.17326615118635,30.474439040844228,30.682199478149414,15956989,0.0,0.0
2012-04-10,30.61609667485404,30.82385459452763,29.775616392152205,29.936159133911133,7490850,0.0,0.0
2012-04-11,30.493321711582333,30.568872561282326,29.973927021217936,30.09669303894043,5927548,0.0,0.0
2012-04-12,30.219466350915944,31.012726418775205,30.143918014081933,30.85218620300293,6622989,0.0,0.0
2012-04-13,31.484899304153373,31.83431281819219,31.07882454963825,31.352689743041992,10941215,0.0,0.0
2012-04-16,31.560440573776685,32.098724769143516,31.34323920047645,31.730426788330078,7347658,0.0,0.0
2012-04-17,31.96652837076329,32.8542263668091,31.94764128706453,32.69368362426758,6881900,0.0,0.0
2012-04-18,32.45758586439528,32.90143473642413,32.45758586439528,32.68423080444336,5680020,0.0,0.0
2012-04-19,32.67478910342193,33.10919446071995,32.50480538882329,33.0147590637207,8312268,0.0,0.0
2012-04-20,33.09031550321454,33.4491726309933,33.07142841917893,33.34529113769531,7546145,0.0,0.0
2012-04-23,32.68423647529488,32.939214608190106,32.6275752304519,32.825889587402344,5398204,0.0,0.0
2012-04-24,32.91087392123202,32.99586576250498,32.43869449417011,32.7031135559082,6521111,0.0,0.0
2012-04-25,32.93921125729408,34.07244110107422,32.882550018215234,34.07244110107422,11475829,0.0,0.0
2012-04-26,32.665346472351075,33.18474370139612,32.46703213313629,32.91088104248047,11341561,0.0,0.0
2012-04-27,33.18475710081042,33.18475710081042,32.59925485561173,32.797569274902344,7036052,0.0,0.0
2012-04-30,32.66535760713284,32.66535760713284,31.900428078315137,31.994863510131836,7928926,0.0,0.0
2012-05-01,32.13650977234378,32.5142539497782,31.824872914119446,31.96652603149414,6639360,0.0,0.0
2012-05-02,31.702096845574253,31.777647688063343,31.220476360477047,31.494338989257812,7575444,0.0,0.0
2012-05-03,31.560445506904625,31.61710674357864,31.031604766845703,31.031604766845703,6207748,0.0,0.0
2012-05-04,30.82384521154953,30.927724139764905,30.38943988972939,30.531095504760742,5597674,0.0,0.0
2012-05-07,30.540542603685456,30.691639244156953,30.276120951758745,30.493322372436523,6759295,0.0,0.0
2012-05-08,30.238351403748926,30.408335150206153,29.822833047973738,30.32334327697754,5883565,0.0,0.0
2012-05-09,30.228905447206518,30.899399369099893,29.95504023535888,30.342227935791016,8686688,0.0,0.0
2012-05-10,30.78606758845131,30.842728815641674,30.21945278544666,30.398880004882812,4708173,0.0,0.0
2012-05-11,30.162794465625584,30.68219162936924,30.077802616647737,30.361108779907227,5052521,0.0,0.0
2012-05-14,29.955037447106594,30.219459093626163,29.803940809724864,29.907819747924805,4296515,0.0,0.0
2012-05-15,29.888933431786207,30.07780421734396,29.029566295295666,29.152332305908203,6997479,0.0,0.0
2012-05-16,29.31288032457242,29.511197233625143,28.43462840540314,28.472402572631836,6320376,0.0,0.0
2012-05-17,28.61405105154676,28.661268752912378,27.688581573678952,27.75468635559082,6013618,0.0,0.0
2012-05-18,27.89632451957675,28.311842600161665,27.688566744834446,27.81133270263672,7563781,0.0,0.0
2012-05-21,27.76412960030838,28.897359483223074,27.641363578064638,28.8406982421875,6459282,0.0,0.0
2012-05-22,29.152330834908916,29.180661451313043,28.576272436923755,28.784032821655273,5872956,0.0,0.0
2012-05-23,28.472392499627972,28.9351284155742,27.76412458355987,28.821805953979492,8935270,0.0,0.0
2012-05-24,29.98336985943293,30.00225693864059,29.341204104169627,29.794496536254883,10891470,0.0,0.0
2012-05-25,29.756721153353777,29.973925086405394,29.416753741605564,29.558406829833984,4255904,0.0,0.0
2012-05-29,30.03059114172079,30.266679659994598,29.851161336730918,30.20057487487793,5044090,0.0,0.0
2012-05-30,29.78505384107543,29.964483629736595,29.38842516646996,29.482860565185547,4163933,0.0,0.0
2012-05-31,29.41675479357203,29.567851426419015,28.680153646240054,29.33176040649414,8550382,0.0,0.0
2012-06-01,28.64238089728126,29.076786269191274,28.453510096929772,28.670711517333984,7695449,0.0,0.0
2012-06-04,28.670717066388278,28.935138769159266,28.396854352874044,28.793485641479492,6875436,0.0,0.0
2012-06-05,28.680159202631742,29.20900005115339,28.529062540511827,29.124008178710938,5399187,0.0,0.0
2012-06-06,29.445095173961903,29.92671585083008,29.378990375176077,29.926715850830078,4429167,0.0,0.0
2012-06-07,30.36110907992768,30.701079010299814,30.002254602919553,30.068359375,8076614,0.0,0.0
2012-06-08,29.888940369364633,30.43666577461569,29.72839763327528,30.32334327697754,4018634,0.0,0.0
2012-06-11,30.738855558840704,30.823847415275164,29.766165917443395,29.794496536254883,4087349,0.0,0.0
2012-06-12,29.983375784063092,30.32334327697754,29.558413886818055,30.32334327697754,4265741,0.0,0.0
2012-06-13,30.058917256951695,30.219457425306878,29.709503771194903,29.898374557495117,6224330,0.0,0.0
2012-06-14,29.9361571134097,30.28556813655043,29.79450146481832,30.219463348388672,5930288,0.0,0.0
2012-06-15,30.464987243828233,31.258249551111714,30.332777702981392,31.059932708740234,8935973,0.0,0.0
2012-06-18,30.974946414632438,31.26769869581141,30.861623930731547,31.182706832885742,3883101,0.0,0.0
2012-06-19,31.399911242272314,32.09873582379375,31.277145206387804,31.749324798583984,4249792,0.0,0.0
2012-06-20,31.787099163602598,32.20261497998164,31.598225806873835,31.881534576416016,5357031,0.0,0.0
2012-06-21,31.834303507806,32.01373071683831,30.918275325807752,31.078815460205078,28175966,0.0,0.0
2012-06-22,31.20159588056984,31.428240862659944,30.719972762526538,30.99383544921875,16139737,0.0,0.0
2012-06-25,30.625533837674862,30.691638616529335,30.1061366155739,30.446104049682617,9712073,0.0,0.0
2012-06-26,30.030585801577548,30.313891973127628,29.445083849272724,29.577293395996094,11597661,0.0,0.0
2012-06-27,29.66315840174534,29.78719421629913,29.033448538096405,29.348304748535156,11980582,0.45545,0.0
2012-06-28,29.24336196207408,29.329231164979618,28.518241691420215,29.25290298461914,12971750,0.0,0.0
2012-06-29,29.84444362597558,30.054346084594727,29.548669422510656,30.054346084594727,7545864,0.0,0.0
2012-07-02,30.111593656328214,30.14021672024233,29.586834927340437,30.063888549804688,4881928,0.0,0.0
2012-07-03,30.082983167456092,30.264262648022456,29.958949838647523,30.235639572143555,2498824,0.0,0.0
2012-07-05,29.89215272446755,30.41691149836378,29.768119436891705,30.207006454467773,3405328,0.0,0.0
2012-07-06,29.77765791066352,30.187921826765855,29.586834927340437,30.063888549804688,3627422,0.0,0.0
2012-07-09,29.93031573882039,30.063890043723774,29.625003041898378,29.758577346801758,3338580,0.0,0.0
2012-07-10,29.939861978088587,30.0638952828279,28.98575451948094,29.157495498657227,6329931,0.0,0.0
2012-07-11,29.167030615052823,29.243358787126365,28.68043596085498,28.899879455566406,6060200,0.0,0.0
2012-07-12,28.661363360582566,28.718609508497984,28.003030102325397,28.4323787689209,6699925,0.0,0.0
2012-07-13,28.565946096121614,29.071620278476356,28.565946096121614,28.928504943847656,4127327,0.0,0.0
2012-07-16,28.89988184537718,28.909422867675346,28.38466408404698,28.537322998046875,6796674,0.0,0.0
2012-07-17,28.68044538527239,28.918971001381912,28.384671064066715,28.861724853515625,7679992,0.0,0.0
2012-07-18,28.661351532863865,29.50096391303588,28.5468592842807,29.329225540161133,5416120,0.0,0.0
2012-07-19,29.338767655408553,29.939854540123534,29.319685613266138,29.88260841369629,5368694,0.0,0.0
2012-07-20,29.63454707781843,29.691795776483307,29.415103535649784,29.500972747802734,5361106,0.0,0.0
2012-07-23,28.918970231728604,29.1097932767675,28.394211333023794,29.033462524414062,6696552,0.0,0.0
2012-07-24,29.00482844237372,29.062077124217343,28.441905659766107,28.6708927154541,4989427,0.0,0.0
2012-07-25,28.871257318028217,29.014372645261204,28.432370314513715,28.88079833984375,6812763,0.0,0.0
2012-07-26,28.04118239573292,29.186109986492006,27.67862105434199,27.840818405151367,14614658,0.0,0.0
2012-07-27,27.650008306634927,28.069815928440526,27.440105774347003,27.745418548583984,15177868,0.0,0.0
2012-07-30,27.764500342615253,27.936241333779936,27.382859378315345,27.516433715820312,7208402,0.0,0.0
2012-07-31,27.344690470114735,27.688167277543972,27.33514689045687,27.459182739257812,5467200,0.0,0.0
2012-08-01,27.58321601914113,28.203385033965954,27.497346817320206,27.955318450927734,9763504,0.0,0.0
2012-08-02,27.678631379219645,28.069815928440526,27.411482701762285,27.745418548583984,7546005,0.0,0.0
2012-08-03,28.232007628871912,28.728143343876464,28.19384353981227,28.460994720458984,6381222,0.0,0.0
2012-08-06,28.594571137048927,28.89988387200049,28.49915835014714,28.6136531829834,3844949,0.0,0.0
2012-08-07,28.756776737634308,28.985761354223744,28.594579300883453,28.680448532104492,4364668,0.0,0.0
2012-08-08,28.585035284074177,28.728150654467083,28.48008401245271,28.546871185302734,3652786,0.0,0.0
2012-08-09,28.53733296628925,28.794940658323465,28.45146117838104,28.489627838134766,4849327,0.0,0.0
2012-08-10,28.365577697753906,28.451446885294075,28.203380343511366,28.365577697753906,4904271,0.0,0.0
2012-08-13,28.241534451469313,28.33694462614677,27.955303927436933,28.098419189453125,4448489,0.0,0.0
2012-08-14,28.23201141858236,28.384667795312676,28.041190947669467,28.317880630493164,4290683,0.0,0.0
2012-08-15,28.19384398893182,28.413287504520422,28.117515809596657,28.30833625793457,3854294,0.0,0.0
2012-08-16,28.279708306690864,28.823549047760213,28.193839119768676,28.6708927154541,4010203,0.0,0.0
2012-08-17,28.756760625934714,28.8807938904279,28.64226838178716,28.775842666625977,3893429,0.0,0.0
2012-08-20,28.64227694790639,28.86172048148541,28.56594876231369,28.794933319091797,3902352,0.0,0.0
2012-08-21,28.84263801574707,29.138412287848045,28.73768676208298,28.84263801574707,5092710,0.0,0.0
2012-08-22,28.756772104587373,28.82355927366578,28.518246500735927,28.81401824951172,5311642,0.0,0.0
2012-08-23,28.689979860604,28.76630804033495,28.384664584450935,28.422828674316406,5696952,0.0,0.0
2012-08-24,28.375123985960965,28.594570063195647,28.174762511173466,28.51824188232422,3335348,0.0,0.0
2012-08-27,28.594569187504128,28.594569187504128,28.012564268953714,28.0793514251709,3891532,0.0,0.0
2012-08-28,28.022103644100152,28.25108816624196,27.907608825800153,27.917152404785156,3792675,0.0,0.0
2012-08-29,27.96486235793895,28.117518732478267,27.79312137935268,27.974403381347656,3159837,0.0,0.0
2012-08-30,27.821732669932302,28.184293963185244,27.812191650563236,28.022096633911133,4436615,0.0,0.0
2012-08-31,28.222456985378304,28.451441441673776,27.955308453033584,27.9648494720459,8931265,0.0,0.0
2012-09-04,27.926694245278313,28.003022421563323,27.325607299804688,27.325607299804688,9173103,0.0,0.0
2012-09-05,27.421023232294257,27.49735142447936,27.144330978393555,27.144330978393555,9256643,0.0,0.0
2012-09-06,27.30652085020112,28.174758911132812,27.30652085020112,28.174758911132812,9513797,0.0,0.0
2012-09-07,28.23202033066493,28.95714090626439,28.203397250992467,28.938058853149414,5779860,0.0,0.0
2012-09-10,28.899884712229003,29.21474103653128,28.766310386804182,28.909425735473633,5532191,0.0,0.0
2012-09-11,28.90942471104762,29.128868237897972,28.72814527582342,28.8521785736084,5094818,0.0,0.0
2012-09-12,29.033458899068993,29.090707595493,28.585030808711863,28.794933319091797,4094656,0.0,0.0
2012-09-13,28.861723826524432,29.98756980895996,28.7281494862561,29.98756980895996,20763387,0.0,0.0
2012-09-14,30.15930377108235,30.989377876891137,29.95894229041166,30.76993179321289,27193580,0.0,0.0
2012-09-17,30.531403568757167,30.607731745239267,29.69179107022489,29.701332092285156,25205341,0.0,0.0
2012-09-18,29.691796192874058,29.73950131140581,29.45326804298567,29.596385955810547,5430805,0.0,0.0
2012-09-19,29.634549035975216,29.76812593204683,29.4532695761184,29.539138793945312,4950151,0.0,0.0
2012-09-20,29.252917453290163,29.510525189421138,29.081178962536182,29.462820053100586,4183044,0.0,0.0
2012-09-21,29.701329845544493,29.76811699491425,28.8235507679411,28.87125587463379,9941123,0.0,0.0
2012-09-24,28.871269190235935,28.96667944762509,28.651825598240883,28.833105087280273,4369797,0.0,0.0
2012-09-25,28.871259287464998,29.04299769185962,28.394205606917303,28.422828674316406,7418903,0.0,0.0
2012-09-26,28.56750206672818,28.63501443874305,28.037045130185593,28.06597900390625,6399490,0.45545,0.0
2012-09-27,28.210648746403436,28.239585205504813,27.863442257153796,28.11420249938965,6654044,0.0,0.0
2012-09-28,27.998464438870418,28.094910677051647,27.834505833962325,27.930952072143555,5572661,0.0,0.0
2012-10-01,28.152779303993697,28.5578561020718,28.056333062783928,28.278162002563477,5694915,0.0,0.0
2012-10-02,28.35532539224197,28.538573291879633,27.844157613518195,28.123851776123047,4314783,0.0,0.0
2012-10-03,28.181716199711058,28.220297285331057,27.60303610537417,27.68984031677246,7437030,0.0,0.0
2012-10-04,27.911665980343166,28.28780893677562,27.709128857262698,28.143136978149414,5221709,0.0,0.0
2012-10-05,28.326386520365528,28.65430375665323,28.11420219424098,28.16242790222168,4981417,0.0,0.0
2012-10-08,28.017762777070942,28.20101068907138,27.844159492017894,27.969539642333984,3389449,0.0,0.0
2012-10-09,27.77663566380003,27.911660385454656,27.371558913839376,27.39084815979004,7814541,0.0,0.0
2012-10-10,27.38120531653177,27.40049456373619,27.033998866852237,27.08222198486328,6914150,0.0,0.0
2012-10-11,27.43907912320597,27.554814632014352,27.217252731323242,27.217252731323242,3352562,0.0,0.0
2012-10-12,27.25582520970305,27.468006928951656,27.014709619647817,27.08222198486328,3406241,0.0,0.0
2012-10-15,27.07258596297429,27.3812140163047,27.062941336307713,27.313701629638672,3421980,0.0,0.0
2012-10-16,27.525877177494763,28.924355482172903,27.487298679572376,28.847198486328125,13455285,0.0,0.0
2012-10-17,28.94364376762171,29.281205613205433,28.702525578636248,29.165470123291016,9215611,0.0,0.0
2012-10-18,28.98222818440964,29.396949692981178,28.770046409557867,29.14618682861328,5433826,0.0,0.0
2012-10-19,29.13653491358737,29.16546878473805,28.548210281859884,28.798973083496094,6181892,0.0,0.0
2012-10-22,28.577150007881258,28.914714492129534,28.31674511417352,28.68324089050293,4634540,0.0,0.0
2012-10-23,27.911671209890226,27.998472850330778,27.487305049405315,27.5355281829834,7763040,0.0,0.0
2012-10-24,28.953288747460572,29.773084396088983,28.567501191342842,28.81826400756836,14501538,0.0,0.0
2012-10-25,29.03044514608585,29.14618063504756,28.09491144031787,28.6060791015625,5290845,0.0,0.0
2012-10-26,28.34567433865487,28.625368437839985,27.98882066159402,28.519277572631836,6601349,0.0,0.0
2012-10-31,28.625376433781444,28.876139315679872,27.998473106532074,28.258880615234375,4469216,0.0,0.0
2012-11-01,28.364966134929123,29.07867096816659,28.25887526019072,29.04009246826172,5300120,0.0,0.0
2012-11-02,29.261910198952442,29.40658211585796,28.654296419938206,28.692874908447266,9671252,0.0,0.0
2012-11-05,28.43248001685784,29.040094007564164,28.364967638445744,28.991870880126953,4313026,0.0,0.0
2012-11-06,29.05937162169221,29.695919233954896,29.001503891940732,29.435514450073242,6028513,0.0,0.0
2012-11-07,29.040090381676205,29.435522562285918,28.827908647445064,29.213693618774414,8735168,0.0,0.0
2012-11-08,29.146182912107573,29.31978615911298,28.35532109075233,28.499990463256836,5212153,0.0,0.0
2012-11-09,28.36496888761756,28.78933501275124,28.20100766211286,28.31674575805664,4862395,0.0,0.0
2012-11-12,28.31674647426085,28.364969605041463,27.72842169373977,27.767000198364258,4170046,0.0,0.0
2012-11-13,28.220293927104294,28.413186407263183,27.795927885757678,27.805572509765625,7049612,0.0,0.0
2012-11-14,27.84415332296597,27.88273182220822,27.21725012528213,27.275117874145508,7094790,0.0,0.0
2012-11-15,27.265481439599924,27.294415322723047,26.715735075262536,26.898983001708984,6368715,0.0,0.0
2012-11-16,26.97613509733168,27.03400543800843,26.47461454811219,26.754308700561523,8466982,0.0,0.0
2012-11-19,27.255829733428484,27.815220580197217,27.207606607413712,27.757352828979492,5898882,0.0,0.0
2012-11-20,27.68019856295916,28.037049730735678,27.45836957637072,27.767000198364258,4140607,0.0,0.0
2012-11-21,27.81521820383608,27.91166444762585,27.60303388250143,27.795928955078125,3183374,0.0,0.0
2012-11-23,27.815213033386716,28.393892973554188,27.757345297869634,28.33602523803711,2271530,0.0,0.0
2012-11-26,28.18172233268255,28.538576126098636,27.98882978759165,28.538576126098633,3897083,0.0,0.0
2012-11-27,28.49035157127675,28.914717734345242,28.278169782241402,28.65431022644043,5342768,0.0,0.0
2012-11-28,28.37461794115505,28.827918014759025,28.123855043311206,28.808626174926758,4306492,0.0,0.0
2012-11-29,28.982223137509454,29.12689250426144,28.731460316808835,28.93400001525879,3887317,0.0,0.0
2012-11-30,28.934006352513858,29.223345149390106,28.856849340013525,29.11725425720215,4017510,0.0,0.0
2012-12-03,29.213701253815334,29.36801786767506,27.998473106532074,28.258880615234375,8634625,0.0,0.0
2012-12-04,28.229946734822764,28.78933767444504,28.18172101580561,28.258880615234375,4085030,0.0,0.0
2012-12-05,28.32638601265135,28.673592491909215,28.143135563601422,28.442121505737305,4311691,0.0,0.0
2012-12-06,28.49999227052907,28.721818655769336,28.38425676518632,28.586793899536133,2857997,0.0,0.0
2012-12-07,28.625371641431165,29.252274863726793,28.499991513971512,29.22334098815918,4722717,0.0,0.0
2012-12-10,29.184764836652313,29.522329330444336,29.155830958755647,29.522329330444336,3882187,0.0,0.0
2012-12-11,29.63805716243894,30.043133933029385,29.551255551240327,29.946687698364258,5770445,0.0,0.0
2012-12-12,30.120291679005494,30.33247340061021,29.90810737240381,30.043134689331055,6323959,0.0,0.0
2012-12-13,30.062426007870446,30.361409363457064,29.802018564781722,29.927398681640625,4300520,0.0,0.0
2012-12-14,29.782725140610005,30.51571907525011,29.782725140610005,30.303537368774414,5233864,0.0,0.0
2012-12-17,30.361409333952476,30.689329147338867,30.274607714672975,30.689329147338867,5535072,0.0,0.0
2012-12-18,30.698979780393987,31.682734243108456,30.66040127538548,31.624866485595703,9391263,0.0,0.0
2012-12-19,31.615222293331215,31.779180941868038,31.21014798518141,31.277660369873047,7162451,0.0,0.0
2012-12-20,31.24843693876299,31.65755072456267,31.160770258397154,31.647809982299805,4418347,0.45545,0.0
2012-12-21,31.219205315503004,31.316612708813672,30.917242396239924,31.1607608795166,6358949,0.0,0.0
2012-12-24,31.1607625820024,31.462728128521867,30.985429264463757,31.345836639404297,2068125,0.0,0.0
2012-12-26,31.404290104682524,31.745218708643392,31.297141935390577,31.579626083374023,4413570,0.0,0.0
2012-12-27,31.65754238179944,31.696505340582952,30.732166889174195,31.287391662597656,3942471,0.0,0.0
2012-12-28,31.024401326648675,31.24843840923733,30.732176434252057,30.80036163330078,4311902,0.0,0.0
2012-12-31,30.79062180718634,31.54066162980947,30.68347363406294,31.491960525512695,4719696,0.0,0.0
2013-01-02,32.13485007090596,32.46603531160224,31.862106673691063,32.193294525146484,6574298,0.0,0.0
2013-01-03,32.11537704034171,32.69008360242072,32.09589293970665,32.29071044921875,4772742,0.0,0.0
2013-01-04,32.33940430433195,32.78748104547467,32.29070059450764,32.75825881958008,3668243,0.0,0.0
2013-01-07,32.300437225077914,32.75825464991173,32.164066854927874,32.71929168701172,4667070,0.0,0.0
2013-01-08,32.63163291384202,32.70955885849176,32.183556121346676,32.242000579833984,5608494,0.0,0.0
2013-01-09,32.45630156198509,32.85567469609996,32.42707932856886,32.63163757324219,5769321,0.0,0.0
2013-01-10,32.93358448259106,33.04073261917776,32.602396722382814,32.962806701660156,4358836,0.0,0.0
2013-01-11,32.9335960890748,33.09918872215799,32.57318598278143,32.9822998046875,4699039,0.0,0.0
2013-01-14,32.953067283863646,33.40114393832263,32.806956182656975,33.39140319824219,4880382,0.0,0.0
2013-01-15,33.15764087757418,33.27453243293734,33.031011187587374,33.20634460449219,3631146,0.0,0.0
2013-01-16,33.011524136113636,33.099190829798815,32.71930182382971,32.7874870300293,5295904,0.0,0.0
2013-01-17,33.05047500269556,33.10891944374061,32.90436390008294,32.93358612060547,6288899,0.0,0.0
2013-01-18,32.875151113034526,33.03100300054278,32.62188918507431,32.92385482788086,5793772,0.0,0.0
2013-01-22,32.96280958718796,33.14788365749345,32.84592070067923,33.0699577331543,5154188,0.0,0.0
2013-01-23,32.972553370434795,33.28425709655541,32.787479283050686,33.196590423583984,6846278,0.0,0.0
2013-01-24,33.28425188433834,33.72258779131221,33.28425188433834,33.537513732910156,7739222,0.0,0.0
2013-01-25,33.673887341419466,33.82973919511425,33.54725771029245,33.68362808227539,5566408,0.0,0.0
2013-01-28,33.732334198086406,33.76155642274328,33.34270192523581,33.52777862548828,4964695,0.0,0.0
2013-01-29,33.459586697785554,33.90766332973303,33.352438562283815,33.829734802246094,6260233,0.0,0.0
2013-01-30,33.69337480755257,33.92715524037621,33.557004411348316,33.71285629272461,7209596,0.0,0.0
2013-01-31,31.579621028075028,32.29069773939634,31.17050729096519,31.36532211303711,20940584,0.0,0.0
2013-02-01,31.414034195082742,31.832888784983425,31.170515602558797,31.745222091674805,9689449,0.0,0.0
2013-02-04,31.58937269580047,31.735483862893606,31.277666261908738,31.297147750854492,6345600,0.0,0.0
2013-02-05,31.462724776311294,31.71598398577238,31.45298142672767,31.47246551513672,4634259,0.0,0.0
2013-02-06,31.394548418308744,31.6867733001709,31.31662247934794,31.6867733001709,5863822,0.0,0.0
2013-02-07,31.560139545867838,31.84262103787212,30.946470245582482,31.36532211303711,4535683,0.0,0.0
2013-02-08,31.482216045985755,31.677033510003064,31.306882678053483,31.579626083374023,3183023,0.0,0.0
2013-02-11,31.560133701690106,31.706244791187785,31.37505704423472,31.638059616088867,2995497,0.0,0.0
2013-02-12,31.647812317426776,31.920553120911276,31.47247894375817,31.910812377929688,4747238,0.0,0.0
2013-02-13,32.095878342465504,32.31991798489697,31.978989456375345,32.14458465576172,4058401,0.0,0.0
2013-02-14,31.959513734711663,32.008217446026016,31.63806924003693,31.647809982299805,5084700,0.0,0.0
2013-02-15,31.852365298334156,31.891328267053545,31.306881125503587,31.32636260986328,6348340,0.0,0.0
2013-02-19,31.31661840751913,31.657546956903797,31.31661840751913,31.36532211303711,4983876,0.0,0.0
2013-02-20,31.365321675134922,31.433506861908135,30.751652383417216,30.81983757019043,5163041,0.0,0.0
2013-02-21,30.67373162996964,30.68347237258039,29.865247382518227,30.04058074951172,8234771,0.0,0.0
2013-02-22,30.176938134789406,30.712681358145517,30.167197396378533,30.566570281982422,4085241,0.0,0.0
2013-02-25,30.790614813701293,30.907506314045616,29.836019604660184,29.845760345458984,4952329,0.0,0.0
2013-02-26,30.10876447376971,30.245137474403077,29.874986662556648,30.089282989501953,4670092,0.0,0.0
2013-02-27,30.12823942049669,31.082837163996246,30.099017200436,30.985429763793945,4575099,0.0,0.0
2013-02-28,30.985435400169226,31.073102076298216,30.69321053564694,30.89776611328125,4470410,0.0,0.0
2013-03-01,30.683464212408307,31.034133463895095,30.27435313155865,30.985429763793945,4165690,0.0,0.0
2013-03-04,30.88801955144079,31.151019508042584,30.74190585368152,31.092575073242188,3257780,0.0,0.0
2013-03-05,31.287396184208344,31.638065474696607,31.151025808757996,31.36532211303711,3392821,0.0,0.0
2013-03-06,31.618587766585133,31.99847671497014,31.618587766585133,31.862106323242188,4328976,0.0,0.0
2013-03-07,31.901061680928223,31.988728340408084,31.569876522893182,31.657543182373047,3286657,0.0,0.0
2013-03-08,31.862099230067567,32.04717590268408,31.832877009774204,31.920543670654297,3227147,0.0,0.0
2013-03-11,31.901072911365695,32.24200154012178,31.59910986685436,32.13485336303711,2795816,0.0,0.0
2013-03-12,32.13484982024953,32.43681283147019,31.930291621244148,32.37836837768555,2960507,0.0,0.0
2013-03-13,32.3296586862449,32.58291793913349,32.183547578809176,32.34914016723633,3069200,0.0,0.0
2013-03-14,32.49524896340849,32.836177467268215,32.37836008577377,32.79721450805664,4008165,0.0,0.0
2013-03-15,32.60239834392497,32.93358612060547,32.592657603750794,32.93358612060547,5684305,0.0,0.0
2013-03-18,32.51474094588018,32.6608547008795,32.33940757279216,32.4075927734375,3551400,0.0,0.0
2013-03-19,32.534217896418454,32.612143829150035,31.68677076720355,32.32966232299805,6867988,0.0,0.0
2013-03-20,32.660854263169405,32.709557977263366,32.427073824759134,32.573184967041016,2575408,0.0,0.0
2013-03-21,32.2419880634376,32.290691759936834,31.618578137489177,31.638059616088867,5936261,0.0,0.0
2013-03-22,31.823136358746503,31.969247460622277,31.68676599699578,31.93028450012207,12321136,0.0,0.0
2013-03-25,31.940025382733644,32.24199093871588,31.336096881527734,31.452985763549805,15362372,0.0,0.0
2013-03-26,31.65959220408747,31.925227310622677,31.413636213675996,31.48250389099121,4529570,0.45545,0.0
2013-03-27,31.197203623101622,31.28574780428821,30.882377230879985,31.266071319580078,4500201,0.0,0.0
2013-03-28,31.246390203205184,31.492346225598645,31.177519880043864,31.325096130371094,5415277,0.0,0.0
2013-04-01,31.344774064436383,31.344774064436383,30.71512398104487,30.86269760131836,3345676,0.0,0.0
2013-04-02,31.039773116064943,31.08896430249072,30.36093210649903,30.44947624206543,5327873,0.0,0.0
2013-04-03,30.52819865726742,30.646260205455278,30.14450719555463,30.49868392944336,6435814,0.0,0.0
2013-04-04,30.56754879618308,31.039787034515548,30.56754879618308,30.921728134155273,5220585,0.0,0.0
2013-04-05,30.439648219915302,30.616739187367624,30.29207461111426,30.40029525756836,4657936,0.0,0.0
2013-04-08,30.33141717085944,30.410123068559994,29.839502673340807,30.1838436126709,6986518,0.0,0.0
2013-04-09,30.331430860680666,30.98075744666818,30.272401410762836,30.93156623840332,4317312,0.0,0.0
2013-04-10,31.04962477505716,31.374289382699054,30.852859944299244,31.31525993347168,3817688,0.0,0.0
2013-04-11,31.325093951095965,31.610402917223542,31.187358588137826,31.344770431518555,3318626,0.0,0.0
2013-04-12,31.148004481757816,31.285742488201777,30.67576892900514,31.23655128479004,3670281,0.0,0.0
2013-04-15,30.97091093262324,31.010263888723873,29.632905151420335,29.69193458557129,7008159,0.0,0.0
2013-04-16,30.0559623921296,30.3707861490925,29.760812483085324,29.780488967895508,11025247,0.0,0.0
2013-04-17,29.52469803304601,29.888713043555097,29.327930525608704,29.810007095336914,6025773,0.0,0.0
2013-04-18,29.898537605099623,30.00675823437637,29.48533156604295,29.69193458557129,5337639,0.0,0.0
2013-04-19,29.918210291658745,30.193683586343518,29.859180864988506,30.05594825744629,7657227,0.0,0.0
2013-04-22,30.18385841469357,30.665934911407685,29.937899726872185,30.48884391784668,3781223,0.0,0.0
2013-04-23,30.705285580681203,31.17752116311084,30.498679876476977,31.148006439208984,4803236,0.0,0.0
2013-04-24,31.216876676603995,31.8071737898569,31.216876676603995,31.64975929260254,8527055,0.0,0.0
2013-04-25,32.712290742991506,33.676440910224194,32.50568770077542,33.42064666748047,13510229,0.0,0.0
2013-04-26,33.174689317818626,33.23371875605496,32.56471581915228,32.879539489746094,8072258,0.0,0.0
2013-04-29,32.859865684296835,33.33210386550664,32.45649782352456,33.322265625,6608305,0.0,0.0
2013-04-30,33.341952998642505,33.400982460966944,32.997611831524694,33.361629486083984,7350539,0.0,0.0
2013-05-01,33.07631449876049,33.233726370121495,32.57456152190584,32.613914489746094,6711447,0.0,0.0
2013-05-02,32.64342962951076,32.79100326078279,32.26957379339684,32.58440017700195,4010835,0.0,0.0
2013-05-03,32.92873591886628,33.735476976691984,32.918897677597464,33.41081237792969,6170229,0.0,0.0
2013-05-06,33.40097345276565,33.627255634206556,33.243561595687595,33.46000289916992,2974138,0.0,0.0
2013-05-07,33.65676434181813,34.13883806795696,33.62724962389127,33.98142623901367,4202506,0.0,0.0
2013-05-08,33.9519157409668,34.129004070538286,33.705959727673054,33.9519157409668,4357712,0.0,0.0
2013-05-09,33.873205468766265,34.493017179598844,33.794499554614916,34.355281829833984,7378714,0.0,0.0
2013-05-10,34.34545641846879,34.424162362016524,33.646935895699265,33.902732849121094,4614796,0.0,0.0
2013-05-13,33.78467164541823,33.86337758363487,33.54855119387678,33.79450988769531,3684966,0.0,0.0
2013-05-14,33.745311971579824,34.4339914310358,33.745311971579824,34.3651237487793,4274594,0.0,0.0
2013-05-15,34.24707064199741,35.171868025192616,34.20771503717814,34.768497467041016,5769743,0.0,0.0
2013-05-16,34.54221357644347,34.916069361838915,34.31593403919085,34.53237533569336,4747238,0.0,0.0
2013-05-17,34.58157302428178,35.309605613204134,34.542220053901744,35.24073791503906,5248829,0.0,0.0
2013-05-20,35.2407293258785,35.289920526864265,34.847199717992375,35.03412628173828,4352162,0.0,0.0
2013-05-21,35.14235604154884,35.34895913929198,34.94559118655537,35.201385498046875,3997907,0.0,0.0
2013-05-22,34.94559152426562,35.41782981770525,34.345456073844254,34.552059173583984,5145968,0.0,0.0
2013-05-23,34.00110769829609,34.640595983944614,33.755151679543246,34.53237533569336,5423427,0.0,0.0
2013-05-24,34.30609606981059,34.62091977630457,34.237225747123894,34.512699127197266,5328154,0.0,0.0
2013-05-28,34.886555468417924,35.073482047111064,34.335611336431185,34.47334671020508,3723749,0.0,0.0
2013-05-29,34.45367542215765,34.50286663449252,33.96176066191745,34.374969482421875,4029313,0.0,0.0
2013-05-30,34.49302915494253,34.61108806715743,34.19787923751365,34.23723220825195,3051705,0.0,0.0
2013-05-31,34.12901243682083,34.64060370677279,33.89289460617763,33.902732849121094,4142152,0.0,0.0
2013-06-03,33.81418651039909,33.89289244893728,33.371462969230194,33.784671783447266,5361387,0.0,0.0
2013-06-04,33.833847786716106,34.15851227414099,33.73546540776624,34.06012725830078,3937553,0.0,0.0
2013-06-05,33.86337441579417,33.87321265715091,32.97792741990545,33.115665435791016,3896099,0.0,0.0
2013-06-06,33.08614758241414,33.44032423775838,32.75164477103134,33.341941833496094,3720517,0.0,0.0
2013-06-07,33.410815801997664,34.00111297551399,33.273080410118546,33.79450988769531,4165128,0.0,0.0
2013-06-10,33.98143293067452,34.129006549369215,33.56822416143813,33.77482986450195,3047701,0.0,0.0
2013-06-11,33.410815640700804,33.8535391779236,33.086153647124526,33.45016860961914,3650819,0.0,0.0
2013-06-12,33.82401963683194,33.892887322636625,33.10582541940626,33.243560791015625,3093721,0.0,0.0
2013-06-13,33.145175525361914,34.2175489570848,32.997599288754344,34.08964920043945,4378580,0.0,0.0
2013-06-14,33.96175583049742,34.21755273514046,33.30259104209187,33.46000289916992,3851484,0.0,0.0
2013-06-17,33.82401098137042,33.93223160279874,33.302581713961715,33.587890625,3340758,0.0,0.0
2013-06-18,33.68627421829132,34.58155650362538,33.64691862982102,34.06012725830078,3095478,0.0,0.0
2013-06-19,34.001123011408424,34.168373179484945,33.548561096191406,33.548561096191406,3534186,0.0,0.0
2013-06-20,33.20421108409902,33.68628756890109,32.525369763415036,32.65326690673828,7360305,0.0,0.0
2013-06-21,32.98776078971087,33.01727550706314,31.669428837303983,32.10231399536133,9428079,0.0,0.0
2013-06-24,31.67928295244152,32.10233008339081,31.138179529810103,31.82685661315918,5978206,0.0,0.0
2013-06-25,32.15151078978563,32.18102551227758,31.610404907208896,31.974422454833984,4826773,0.0,0.0
2013-06-26,32.39173879191669,32.39173879191669,31.686274953057648,31.994293212890625,6416422,0.45545,0.0
2013-06-27,32.173153107648616,32.431493751079984,32.09366716143344,32.14334487915039,3022899,0.0,0.0
2013-06-28,32.08372187280783,32.36193461177895,31.785639648673996,31.964488983154297,4959917,0.0,0.0
2013-07-01,32.20295662161347,32.58052742942344,32.093659808826374,32.292381286621094,3552665,0.0,0.0
2013-07-02,32.212904486792176,32.4414342699077,31.924755575402305,32.2327766418457,3268390,0.0,0.0
2013-07-03,32.123463372190876,32.24269624157745,31.845250680509785,32.22282409667969,1676140,0.0,0.0
2013-07-05,32.52091113534096,32.66001883354851,32.15327639973345,32.48116683959961,1829098,0.0,0.0
2013-07-08,32.68982332041134,33.027649795614806,32.52090741969709,32.87860870361328,3211338,0.0,0.0
2013-07-09,33.26612263119695,33.91197282704704,33.26612263119695,33.80267333984375,4918744,0.0,0.0
2013-07-10,33.762924036809636,33.82254047747875,33.38535324590521,33.57413864135742,3097024,0.0,0.0
2013-07-11,34.12063314428475,34.15044137143379,33.85235643683005,33.98152542114258,2866006,0.0,0.0
2013-07-12,33.97158612590755,34.0013943478949,33.64369302093381,33.90203094482422,2492289,0.0,0.0
2013-07-15,34.011332316819534,34.25973686311702,33.862291186908955,34.18024826049805,2197897,0.0,0.0
2013-07-16,34.09081220475521,34.289533644979436,33.60394201309355,33.75298309326172,4210165,0.0,0.0
2013-07-17,34.10075014509372,34.557812145763464,33.93183691164863,34.50812911987305,5580601,0.0,0.0
2013-07-18,34.52801246542296,34.86583901584344,34.27960792700067,34.35909652709961,4122268,0.0,0.0
2013-07-19,34.36902825565666,34.49819987759494,34.12062641176145,34.448516845703125,3016645,0.0,0.0
2013-07-22,34.38889451349294,34.786340058768836,34.27959772089796,34.369022369384766,3117399,0.0,0.0
2013-07-23,34.706858141581925,34.865835324950496,34.28954037212661,34.32928466796875,3893289,0.0,0.0
2013-07-24,34.36903003531393,34.43858255520608,33.81260721306385,34.15043640136719,5774801,0.0,0.0
2013-07-25,34.72672375972681,34.875764841110175,34.42863893384775,34.7664680480957,5585027,0.0,0.0
2013-07-26,34.56774839200156,34.66710911805673,34.150430679457415,34.47832107543945,3811013,0.0,0.0
2013-07-29,34.478324280185106,34.865833810931555,34.418707839010686,34.77640914916992,3004350,0.0,0.0
2013-07-30,34.62736769603685,34.91551382546578,34.43857963778108,34.83602523803711,3139040,0.0,0.0
2013-07-31,34.8956430705799,35.26328046521507,34.776410184680756,34.81615447998047,5152502,0.0,0.0
2013-08-01,35.15398534238901,35.40238719994864,35.024813713345075,35.17385482788086,3755297,0.0,0.0
2013-08-02,35.05461323514726,36.01841752947313,34.9353803731141,35.988609313964844,5524392,0.0,0.0
2013-08-05,36.03829831300025,36.44568001905853,35.89919327394573,36.24695587158203,4862606,0.0,0.0
2013-08-06,36.20720638630304,36.20720638630304,35.66071971950048,35.82963562011719,3515005,0.0,0.0
2013-08-07,35.68060061144809,36.296639938820476,35.59117593437821,36.05817413330078,3843825,0.0,0.0
2013-08-08,36.237015898356944,36.733822218923805,35.9985501427789,36.6742057800293,5257542,0.0,0.0
2013-08-09,36.61458764987051,38.254044969966586,36.56490728641987,37.7969856262207,13162087,0.0,0.0
2013-08-12,37.36973903822065,37.8466732823599,37.14120932231224,37.240570068359375,6385719,0.0,0.0
2013-08-13,37.459159944353004,37.84666947809825,37.24056632502184,37.63801193237305,5448019,0.0,0.0
2013-08-14,37.5684550925637,38.03545319450378,37.3995418487325,37.50883865356445,3981536,0.0,0.0
2013-08-15,37.1312663995991,37.19088283623234,36.61458795233185,36.91267013549805,3999453,0.0,0.0
2013-08-16,36.76363565682411,36.902740700656715,36.39600089812366,36.65433883666992,4087208,0.0,0.0
2013-08-19,36.54503719246823,36.982224415375036,36.35624913764583,36.39599609375,3147260,0.0,0.0
2013-08-20,36.445684701873645,36.95242455211058,36.2767687553481,36.713958740234375,5099455,0.0,0.0
2013-08-21,36.58478609452651,37.31012219611466,36.58478609452651,36.902740478515625,5635685,0.0,0.0
2013-08-22,36.932545983317624,37.26043639402622,36.654333274755324,36.952415466308594,4476102,0.0,0.0
2013-08-23,37.06171936199565,38.71111301192387,37.01203632768689,38.49251937866211,11584241,0.0,0.0
2013-08-26,38.42295976077398,38.949574261276794,38.01557812911428,38.4030876159668,7240792,0.0,0.0
2013-08-27,37.98577654569684,38.244117136418964,37.29024869286675,37.3200569152832,5029897,0.0,0.0
2013-08-28,37.230634173231,37.4790360395463,36.98222964380269,37.21076202392578,3535943,0.0,0.0
2013-08-29,37.09152997645239,37.508845121406935,36.99216922765369,37.28031539916992,2809657,0.0,0.0
2013-08-30,37.469097702369965,37.618141476272335,37.03191044405403,37.16107940673828,3583369,0.0,0.0
2013-09-03,37.63801853066458,37.68769890740382,37.06172349737623,37.200828552246094,4205457,0.0,0.0
2013-09-04,37.14120754749881,37.667822139497055,36.882866957008204,37.53865051269531,2976456,0.0,0.0
2013-09-05,37.54858779618652,38.34347907840706,37.439290977237256,38.16462707519531,3941698,0.0,0.0
2013-09-06,38.48258437884245,38.5720090494917,37.87648117021793,38.31367111206055,5930780,0.0,0.0
2013-09-09,38.303738607097664,38.73098985112658,38.293802531655125,38.562076568603516,3723679,0.0,0.0
2013-09-10,38.75085732874447,39.76434222788526,38.641560512057566,39.7245979309082,7191539,0.0,0.0
2013-09-11,39.635168944746816,39.804082188497446,39.247659428323935,39.59542465209961,5393988,0.0,0.0
2013-09-12,39.446383206141306,39.982931152137894,38.5024509378851,38.61174774169922,9870652,0.0,0.0
2013-09-13,38.72104353070677,39.78420864798753,38.60181065694351,39.61529541015625,5844430,0.0,0.0
2013-09-16,40.01274130667528,40.07236041111556,39.45632118761804,39.545745849609375,5043879,0.0,0.0
2013-09-17,39.5457425561552,39.77427222887841,39.25759378395691,39.45631790161133,4448278,0.0,0.0
2013-09-18,39.17810111325312,40.64864504961262,39.09861253973231,40.59896469116211,5451602,0.0,0.0
2013-09-19,40.45987131340512,40.817572660144364,40.11210870432403,40.3505744934082,4809559,0.0,0.0
2013-09-20,40.350573672968096,40.40025404468383,39.28740839202565,39.446388244628906,14646345,0.0,0.0
2013-09-23,39.317216933026344,39.43644982610837,38.88996573281576,38.98932647705078,13794925,0.0,0.0
2013-09-24,38.94958168160819,39.50600450532655,38.7309853839717,38.86015701293945,11910813,0.0,0.0
2013-09-25,38.969446820081274,39.98292887912699,38.82040306933159,39.6053581237793,5968159,0.0,0.0
2013-09-26,39.88582628603996,40.266452797276926,39.745595466110544,40.05610656738281,4162177,0.45545,0.0
2013-09-27,39.8958529680761,39.905869457773505,38.9542975671874,39.08451461791992,6503616,0.0,0.0
2013-09-30,38.57366213451073,38.844107294473226,38.32324726469465,38.463478088378906,7606429,0.0,0.0
2013-10-01,38.52357532660897,38.60370721676538,38.1028802186225,38.37332534790039,7302621,0.0,0.0
2013-10-02,38.22308402308984,38.77399353861506,38.21306753525604,38.76397705078125,5829464,0.0,0.0
2013-10-03,38.67381598959781,38.8741456806401,38.31321986105686,38.83407974243164,5607089,0.0,0.0
2013-10-04,38.86413922865173,40.08615602879626,38.58367758879291,40.05610656738281,6696201,0.0,0.0
2013-10-07,39.47515325267814,39.9158814341973,39.1846750842976,39.41505432128906,4283447,0.0,0.0
2013-10-08,39.34493882809315,39.35495531663935,38.55363354827742,38.583683013916016,6861735,0.0,0.0
2013-10-09,38.693866300226254,39.154624796122754,38.142956718292645,38.984344482421875,6715312,0.0,0.0
2013-10-10,39.50520846359949,40.50686283508616,39.49519197357795,40.466796875,5458909,0.0,0.0
2013-10-11,40.58699171161436,41.16795077396353,40.27647785956592,41.137901306152344,5649948,0.0,0.0
2013-10-14,40.75726354135831,40.98764274660012,40.43673595145666,40.88747787475586,3422261,0.0,0.0
2013-10-15,40.84740699571235,40.86743996766321,40.3866459561773,40.496829986572266,3280826,0.0,0.0
2013-10-16,40.79732447994426,41.36826686400703,40.56694530299436,41.1979866027832,5672080,0.0,0.0
2013-10-17,41.15792897515504,41.498489566414875,41.027714631438045,41.45842361450195,4121074,0.0,0.0
2013-10-18,41.61868664519117,41.69881854235205,41.258090423301645,41.37828826904297,3446430,0.0,0.0
2013-10-21,41.2580911449979,41.568604936593445,41.077794373232116,41.42837142944336,4045614,0.0,0.0
2013-10-22,41.50849882808401,41.80899609978243,41.45841639691182,41.618682861328125,4749908,0.0,0.0
2013-10-23,41.36827782490963,41.51852515403418,40.987648573128176,41.10784912109375,5157420,0.0,0.0
2013-10-24,40.24642846389253,41.09783542273461,39.20471089323789,40.687156677246094,9944636,0.0,0.0
2013-10-25,40.45676685827871,40.80734389181737,39.08450281481084,39.5853271484375,7673809,0.0,0.0
2013-10-28,39.67548030826853,39.755612211302434,39.12457079024471,39.17465591430664,5591913,0.0,0.0
2013-10-29,39.445106123843324,39.66546888532496,39.23475985151994,39.525238037109375,4973618,0.0,0.0
2013-10-30,39.68549127964132,40.026054504860944,38.994351027380546,39.32489776611328,4151848,0.0,0.0
2013-10-31,39.41505375637621,39.865798419999955,39.26480643005692,39.53525161743164,3733937,0.0,0.0
2013-11-01,39.6354139651283,39.65544694068884,38.904207672502984,39.01438903808594,3644987,0.0,0.0
2013-11-04,39.154618404059796,39.154618404059796,38.22308239063447,38.463478088378906,7681748,0.0,0.0
2013-11-05,38.38334962405868,39.004374583472995,38.31323420594192,38.78401184082031,3166863,0.0,0.0
2013-11-06,38.914219135485425,39.46512857692974,38.914219135485425,39.32489776611328,3489149,0.0,0.0
2013-11-07,39.445098136619734,39.595345443570054,38.643776481552464,38.733924865722656,4736418,0.0,0.0
2013-11-08,38.71389224829392,39.73557662963867,38.71389224829392,39.73557662963867,3831248,0.0,0.0
2013-11-11,39.47514705978286,39.91587517216021,39.284833806907294,39.72555923461914,3443339,0.0,0.0
2013-11-12,39.66546562296475,39.76563319097493,39.29485555459078,39.40503692626953,3705130,0.0,0.0
2013-11-13,39.23474975621781,39.74559325651232,39.14460137698914,39.66545867919922,5110416,0.0,0.0
2013-11-14,39.87580835204893,40.196335928828994,39.76562699753078,40.16628646850586,5278479,0.0,0.0
2013-11-15,40.23640223848018,40.36661925238586,40.10618790923997,40.29650115966797,4520647,0.0,0.0
2013-11-18,40.226387402233804,40.376637396033985,39.85577737303511,39.935909271240234,4947481,0.0,0.0
2013-11-19,39.96596239325406,40.01604483421894,39.57531666906216,39.76563262939453,4226957,0.0,0.0
2013-11-20,39.82572477512314,39.89584018053137,39.174650468809936,39.32489776611328,4606857,0.0,0.0
2013-11-21,39.46513924219498,39.83575202703161,39.455122753001184,39.695518493652344,4409003,0.0,0.0
2013-11-22,39.58532841671082,39.765627867258445,39.57531192971737,39.72555923461914,3239091,0.0,0.0
2013-11-25,39.77564525353358,39.77564525353358,38.98433739382938,39.074485778808594,4276210,0.0,0.0
2013-11-26,39.09451784958643,39.26480081305445,38.66380890908595,38.854122161865234,4136742,0.0,0.0
2013-11-27,38.9442757759425,39.3449379939622,38.904209822607115,39.16463851928711,5017812,0.0,0.0
2013-11-29,39.384992616234214,39.43507504349473,38.98433051348501,39.12456130981445,2174500,0.0,0.0
2013-12-02,39.445097273053875,40.41669918806037,39.38499835158948,40.04608917236328,10061691,0.0,0.0
2013-12-03,39.87581443511302,39.935913364927394,38.52358314495806,38.78401184082031,7653152,0.0,0.0
2013-12-04,38.643781158750315,39.294855585669175,38.643781158750315,38.95429229736328,6908177,0.0,0.0
2013-12-05,38.89419852716047,39.07449534124169,38.483519765975906,38.67383575439453,4867876,0.0,0.0
2013-12-06,39.17466277110559,39.51522341860851,39.05446221085011,39.33492660522461,4197377,0.0,0.0
2013-12-09,39.35495556476718,40.87746720272068,39.334922587548476,40.86745071411133,9803412,0.0,0.0
2013-12-10,40.67712585545313,42.069422745293124,40.58697748362157,41.84906005859375,10832592,0.0,0.0
2013-12-11,41.9392135029698,42.019345398734245,41.017691332347695,41.11785888671875,8233506,0.0,0.0
2013-12-12,41.017694400710305,41.04774654853554,40.32655406337515,40.8273811340332,4933850,0.0,0.0
2013-12-13,41.03772769809333,41.74890096992281,40.74724688627632,41.5886344909668,9448806,0.0,0.0
2013-12-16,41.68880281107923,42.03937986751451,41.33822306997835,41.66876983642578,7683364,0.0,0.0
2013-12-17,41.65875063008813,42.36992386853369,41.64873414341517,42.26975631713867,9949414,0.0,0.0
2013-12-18,42.35991510173298,43.63201451036315,42.31984914773933,43.581932067871094,10861047,0.0,0.0
2013-12-19,43.221340551375604,44.64369012859861,43.13119214497405,43.97257995605469,9307371,0.0,0.0
2013-12-20,44.032667983952386,44.393264204882065,43.682090934806695,43.85237121582031,8231468,0.0,0.0
2013-12-23,44.112800191860615,44.563542087936426,43.94251723534436,43.95253372192383,4343590,0.0,0.0
2013-12-24,44.07274617053672,44.513471699282476,44.01264455013254,44.493438720703125,1942921,0.0,0.0
2013-12-26,44.65369020326515,45.06436883526154,44.4132945267787,44.93415451049805,4585287,0.0,0.0
2013-12-27,44.89379511271448,45.20653975223412,44.823175965973675,44.99468231201172,4272767,0.45545,0.0
2013-12-30,44.792910617370474,45.09556680735572,44.71220302109527,44.99468231201172,4195691,0.0,0.0
2013-12-31,45.024963915343626,45.09558308757907,44.64159999068269,44.79292678833008,5565073,0.0,0.0
2014-01-02,44.591165275947034,44.77275746387504,44.14727055705723,44.258243560791016,4563365,0.0,0.0
2014-01-03,44.41964830580916,44.57097508398699,44.00601907483591,44.056461334228516,3930035,0.0,0.0
2014-01-06,44.187615107016626,44.38938686634185,43.66301285909761,43.97575759887695,5180887,0.0,0.0
2014-01-07,44.147260607572086,44.17752596540584,43.14849839115013,43.49150848388672,6989048,0.0,0.0
2014-01-08,43.491507963377515,43.73363352710383,43.20903129364319,43.54195022583008,5331386,0.0,0.0
2014-01-09,43.73363289454347,44.006021107847474,42.95681665610183,42.976993560791016,7374287,0.0,0.0
2014-01-10,42.89629391815157,43.340188607805224,42.84585164704939,43.087974548339844,4025098,0.0,0.0
2014-01-13,42.845848490247384,43.138413641084355,42.19009631027918,42.26071548461914,4557534,0.0,0.0
2014-01-14,42.381767899071725,43.19893786457205,42.36159099641511,43.02743148803711,6558841,0.0,0.0
2014-01-15,43.047612972443254,43.642834368119175,43.047612972443254,43.43097686767578,8602164,0.0,0.0
2014-01-16,43.25946744826584,43.55203252918323,43.19893674186913,43.4713249206543,9307231,0.0,0.0
2014-01-17,43.40070673036173,43.854689742407515,43.38052982777987,43.451148986816406,8970260,0.0,0.0
2014-01-21,46.26583824971557,47.11327357589598,45.3780545258106,46.33646011352539,24931887,0.0,0.0
2014-01-22,46.56851024434053,47.26461629043587,45.932934923648745,46.084259033203125,14075687,0.0,0.0
2014-01-23,45.60000155705063,46.15486910183315,44.369205047668416,45.115753173828125,14089318,0.0,0.0
2014-01-24,44.611341735723904,44.70213782877205,43.68319848776689,43.79417419433594,9488222,0.0,0.0
2014-01-27,43.89505555908188,44.207797634680084,42.91647010817214,43.48142623901367,10619772,0.0,0.0
2014-01-28,43.58229742599544,43.6730934846397,43.19893628949748,43.44105911254883,7085094,0.0,0.0
2014-01-29,45.72106828326271,46.06407567922087,44.671863781835405,45.12584686279297,21727434,0.0,0.0
2014-01-30,45.64036299226045,46.15487681643617,45.287264421487535,45.71097946166992,15253890,0.0,0.0
2014-01-31,44.73239102231604,46.548317797110236,44.65168340600997,45.912742614746094,8926136,0.0,0.0
2014-02-03,45.82195478684753,46.053991915717525,45.0148731183625,45.08549499511719,9298237,0.0,0.0
2014-02-04,45.58991404520004,45.90265877534421,45.11575677968596,45.357879638671875,5724354,0.0,0.0
2014-02-05,44.98460381487155,45.347790804245285,44.38938512487809,45.24690628051758,6506918,0.0,0.0
2014-02-06,45.32761828002778,46.185139518539394,45.32761828002778,45.99346160888672,7870047,0.0,0.0
2014-02-07,46.34654739831256,46.36672430179786,45.52938010320417,46.0035400390625,6454363,0.0,0.0
2014-02-10,45.700886297363915,46.34654720621734,45.66053249056058,46.245662689208984,6561581,0.0,0.0
2014-02-11,46.17504203433918,47.73876001770138,46.17504203433918,47.25450897216797,9459064,0.0,0.0
2014-02-12,46.649213985394645,47.25452118891804,46.286024255372055,46.78036117553711,8487147,0.0,0.0
2014-02-13,46.23557972264368,47.04265590725804,46.104427138689864,46.709739685058594,4140115,0.0,0.0
2014-02-14,46.56850132226786,47.254516078741005,46.31628731078699,47.12336349487305,3594962,0.0,0.0
2014-02-18,46.901417167019524,47.41593093419011,46.4171714604627,47.19398498535156,5563457,0.0,0.0
2014-02-19,47.12336820139563,47.48655792841648,46.790451946163564,46.850982666015625,5803960,0.0,0.0
2014-02-20,46.9216031801235,47.658063039098025,46.9216031801235,47.55717849731445,7815595,0.0,0.0
2014-02-21,47.72866685643761,48.01114346651087,47.36548264348628,47.37556838989258,6146621,0.0,0.0
2014-02-24,47.3150488068072,47.75894072695156,47.22425543618631,47.36549377441406,5887429,0.0,0.0
2014-02-25,47.45629767262661,47.99098848991458,47.25452857325556,47.63788986206055,4657374,0.0,0.0
2014-02-26,47.65805541963629,48.767790609742555,47.617701609374535,48.25327682495117,6397522,0.0,0.0
2014-02-27,48.20284450005245,48.949390101931634,48.122136867416856,48.93930435180664,7117765,0.0,0.0
2014-02-28,48.69717179870036,49.66566860621224,48.69717179870036,49.14106369018555,7193366,0.0,0.0
2014-03-03,48.46513712851892,49.20159687120476,48.35416144612582,48.868675231933594,5034675,0.0,0.0
2014-03-04,49.31257103153684,49.998585786167546,49.31257103153684,49.897701263427734,5447597,0.0,0.0
2014-03-05,49.837178349259055,50.46266789604239,49.62531811439554,50.35169219970703,6206202,0.0,0.0
2014-03-06,50.41222241825694,50.90655935605155,50.18018527801021,50.22053909301758,4596599,0.0,0.0
2014-03-07,50.35168876132167,50.42231063742319,49.736290414369485,49.948150634765625,4080253,0.0,0.0
2014-03-10,49.786735085993605,50.38195652305348,49.61522867928014,50.27098083496094,4376402,0.0,0.0
2014-03-11,50.10955971368689,50.31132875211421,49.57486905790064,49.69593048095703,5440149,0.0,0.0
2014-03-12,49.4336312382601,49.65557718280762,49.19150838966281,49.46389389038086,4585076,0.0,0.0
2014-03-13,49.68583397219918,50.09946316036688,48.89893480710892,49.17132568359375,4506033,0.0,0.0
2014-03-14,49.00989496993339,49.453792123148276,48.888833584849166,49.08051681518555,6437009,0.0,0.0
2014-03-17,49.3831831214176,49.69592781817649,49.050261521897085,49.43362808227539,4543482,0.0,0.0
2014-03-18,49.57487501482847,50.210450266199246,49.56478385774067,50.10956573486328,4005565,0.0,0.0
2014-03-19,50.28106200022785,50.7047823998541,49.847261260279666,50.04903030395508,6215969,0.0,0.0
2014-03-20,49.938050029289606,50.724954635098726,49.8169886142278,50.684600830078125,3763658,0.0,0.0
2014-03-21,51.0881373017971,51.28990632066598,50.4727390902934,50.65433120727539,6127229,0.0,0.0
2014-03-24,50.704785437304984,51.007439020948446,50.25080235788568,50.60390090942383,4793118,0.0,0.0
2014-03-25,50.856105296233814,51.41097285739426,50.71486696894487,51.08814239501953,4909751,0.0,0.0
2014-03-26,50.8560998252897,51.400881579848864,49.85734048580748,49.867431640625,5704822,0.0,0.0
2014-03-27,49.80645751302384,49.87760655948435,48.38341664817944,48.77983093261719,10062745,0.52661,0.0
2014-03-28,48.9932861328125,49.57266752876188,48.80016263329183,48.9932861328125,5091164,0.0,0.0
2014-03-31,49.38969039916992,49.66413556635345,49.23721965102529,49.38969039916992,5761944,0.0,0.0
2014-04-01,49.664156283479535,50.56880299306574,49.664156283479535,50.52814483642578,4497110,0.0,0.0
2014-04-02,50.56879473265328,50.80258181949106,50.152045970822485,50.72126007080078,4032616,0.0,0.0
2014-04-03,50.82290883790243,51.259981208352606,50.0808949061102,50.37566375732422,3663677,0.0,0.0
2014-04-04,51.04652280661457,51.188826309550265,49.39986253823749,49.49134063720703,4987811,0.0,0.0
2014-04-07,49.48119009367652,49.8674425467466,48.33258909966429,48.718841552734375,6007154,0.0,0.0
2014-04-08,48.87131064776623,49.27789216314657,48.29192926400246,48.861148834228516,5857709,0.0,0.0
2014-04-09,49.115250012355276,49.836934786256094,48.86113933897106,49.77594757080078,4976007,0.0,0.0
2014-04-10,49.704807816152204,49.90809857226022,48.41390334182597,48.48505783081055,5671588,0.0,0.0
2014-04-11,48.18011268106313,48.77981757501671,47.67188043720125,47.72270584106445,5691542,0.0,0.0
2014-04-14,48.13945220887003,48.50538097380181,47.81418703887989,48.281761169433594,4962376,0.0,0.0
2014-04-15,48.38340923856909,48.52571275839124,47.32629192833984,48.35291290283203,8444148,0.0,0.0
2014-04-16,48.82048725079504,49.38970133231392,48.3834094281393,49.2982177734375,4787708,0.0,0.0
2014-04-17,49.20674337088186,49.77595749528986,49.145756143266716,49.521846771240234,4982330,0.0,0.0
2014-04-21,49.70480461339034,49.76579183629299,49.09492693567061,49.55233383178711,2421396,0.0,0.0
2014-04-22,49.70480236349254,50.213029198009664,49.39986626278226,49.745460510253906,5729202,0.0,0.0
2014-04-23,51.03635813986027,51.473435931148614,50.080891714452314,50.18253707885742,9358943,0.0,0.0
2014-04-24,50.477318042771124,50.477318042771124,49.39987692112983,50.05040740966797,4291808,0.0,0.0
2014-04-25,49.78612100628973,49.82677915496966,49.06443614287456,49.2982177734375,4668686,0.0,0.0
2014-04-28,49.45069239508538,49.684479492494646,47.78370272107692,48.06830978393555,9859480,0.0,0.0
2014-04-29,48.678174991951714,49.755621307846766,48.58669688795077,49.50151062011719,7637344,0.0,0.0
2014-04-30,49.51167738400022,50.77208548264553,49.3287157090072,50.72126007080078,7359884,0.0,0.0
2014-05-01,50.68061066452142,50.71110155465595,49.46086063657189,49.511680603027344,6142757,0.0,0.0
2014-05-02,49.84710211889255,50.12154731318624,49.48117882562932,49.49134063720703,5264919,0.0,0.0
2014-05-05,49.32872289502084,50.24353685194581,49.07460669616519,50.17238235473633,4600955,0.0,0.0
2014-05-06,50.01990021908157,50.4366489472533,49.74546045310408,49.91825485229492,3008144,0.0,0.0
2014-05-07,49.9995742582438,50.33500671386719,49.653979989655625,50.33500671386719,3581190,0.0,0.0
2014-05-08,50.26385560976863,50.965211379757484,49.694636095047024,50.019901275634766,9997543,0.0,0.0
2014-05-09,50.06056376067045,50.56879609806729,49.46085875634731,50.08089828491211,7400986,0.0,0.0
2014-05-12,50.49764015602513,50.94488525390625,50.40616204303795,50.94488525390625,9104458,0.0,0.0
2014-05-13,50.944872730945455,51.229479710468205,50.68059482138862,50.87371826171875,9428712,0.0,0.0
2014-05-14,50.802583323904074,51.46328100529075,50.61961619479948,51.02620315551758,8889812,0.0,0.0
2014-05-15,50.995715422220336,51.00588268608323,49.094938359749165,49.41004180908203,10135043,0.0,0.0
2014-05-16,49.46086754592771,49.98942360410767,48.91197695989249,49.7861328125,6507340,0.0,0.0
2014-05-19,49.7149645833025,50.528132973887615,49.684473697328045,50.152042388916016,6382346,0.0,0.0
2014-05-20,50.58912441948975,51.05669315012681,50.406162742283946,50.55862808227539,4838998,0.0,0.0
2014-05-21,50.82290433137979,51.13800222883033,50.67043356422851,50.76191711425781,4997647,0.0,0.0
2014-05-22,50.639947093095564,50.98554683944923,50.528139897611275,50.59928894042969,4877712,0.0,0.0
2014-05-23,50.589115997685866,51.57507870728166,50.57894873740919,51.51409149169922,5310589,0.0,0.0
2014-05-27,51.58525350595895,52.123976713343026,51.55475716936488,51.76821517944336,7391642,0.0,0.0
2014-05-28,51.646235046997354,52.69318500995888,51.636067786353756,52.62203598022461,7442440,0.0,0.0
2014-05-29,52.63220511713842,53.41487724529839,52.32726898578262,53.333560943603516,7254001,0.0,0.0
2014-05-30,53.323413545025005,53.35390444205637,52.68304477172176,52.977813720703125,5268081,0.0,0.0
2014-06-02,53.01844508236778,53.719800743902034,52.91679972915211,53.37420654296875,5755409,0.0,0.0
2014-06-03,53.23191930288998,53.75031348692823,53.21159022603934,53.475868225097656,4901601,0.0,0.0
2014-06-04,53.008290859146584,53.587672179756275,52.683025682297064,53.34372329711914,4369446,0.0,0.0
2014-06-05,53.47586331677423,53.74014674026897,52.78467476729376,53.48603057861328,4328835,0.0,0.0
2014-06-06,53.56734342578523,54.02475030780524,53.56734342578523,54.00442123413086,5133391,0.0,0.0
2014-06-09,53.94343406210536,54.177215685226535,53.709646990291155,53.862117767333984,4643322,0.0,0.0
2014-06-10,53.801137545540705,54.10607369060416,53.43520872277082,54.024757385253906,3215272,0.0,0.0
2014-06-11,53.78079661449644,53.95359646712983,53.41487328400665,53.729976654052734,3074610,0.0,0.0
2014-06-12,53.60800860485095,53.963770165164014,52.65253656813372,52.85582733154297,5327732,0.0,0.0
2014-06-13,52.79483883162294,53.56734916267568,52.77450975577138,53.262413024902344,4481793,0.0,0.0
2014-06-16,53.00828059629834,53.40470017818003,52.72367362165732,53.16075134277344,3861531,0.0,0.0
2014-06-17,52.99813086592945,53.242085230714295,52.67286564447464,52.85582733154297,2859331,0.0,0.0
2014-06-18,52.754188703423786,53.475873730263544,52.59155607187618,53.384395599365234,3031611,0.0,0.0
2014-06-19,53.14042397088717,53.41486917197346,52.784667929089125,52.926971435546875,3462520,0.0,0.0
2014-06-20,53.028624812247706,53.54701895989932,52.85582494679934,53.333560943603516,5610180,0.0,0.0
2014-06-23,53.5368401186071,53.831614372842445,53.25223312423134,53.760459899902344,4062336,0.0,0.0
2014-06-24,53.64866165395131,54.228042998898175,53.17092568103958,53.181087493896484,3833216,0.0,0.0
2014-06-25,53.201428411960954,53.72998441007759,53.18109388641644,53.475868225097656,3649203,0.0,0.0
2014-06-26,53.62940490705898,53.690824076783144,52.851423269935474,53.3530158996582,4430502,0.52661,0.0
2014-06-27,52.984498537135494,53.05615697561866,52.073444816225766,52.83094787597656,5257752,0.0,0.0
2014-06-30,52.8514475162953,53.056183663252185,52.30890852452558,52.67742919921875,4019477,0.0,0.0
2014-07-01,52.769522570844,52.95378553771484,52.48289982481866,52.7592887878418,3758739,0.0,0.0
2014-07-02,52.91285647921683,53.209718621959816,52.7285989211546,52.73883819580078,3060347,0.0,0.0
2014-07-03,52.98451374893941,53.42468731583693,52.93333383871523,53.281375885009766,2221294,0.0,0.0
2014-07-07,52.84119823817448,52.994748931561816,52.37031785895681,52.44197082519531,3645830,0.0,0.0
2014-07-08,52.48290420304143,52.51361652917635,51.68445505821983,52.19628143310547,4152481,0.0,0.0
2014-07-09,52.37032020513794,52.61599693573605,52.09393113957251,52.4112663269043,3852678,0.0,0.0
2014-07-10,51.817540413047595,52.81048657769627,51.674228991459074,52.32937240600586,4176158,0.0,0.0
2014-07-11,52.4112519379625,52.90260526426297,52.216755169326746,52.82071304321289,2899240,0.0,0.0
2014-07-14,53.16875283971163,53.16875283971163,52.66716026235475,52.718345642089844,3634518,0.0,0.0
2014-07-15,52.974253103719256,53.29158817331744,52.52384593139371,52.7592887878418,3257921,0.0,0.0
2014-07-16,52.943564252653715,53.44515697223348,52.85143273792071,53.30184555053711,3746444,0.0,0.0
2014-07-17,52.9230785458564,53.36325197952483,52.76952788708901,52.87189865112305,3148103,0.0,0.0
2014-07-18,52.94356175882887,53.39396906294456,52.73883116604901,52.91284942626953,4532521,0.0,0.0
2014-07-21,52.923076221132156,53.28135741766226,52.82071094887833,53.08686065673828,3799912,0.0,0.0
2014-07-22,53.312060521816555,53.59868875133577,53.01520399671346,53.537269592285156,4223022,0.0,0.0
2014-07-23,54.29478638548581,55.564121483177416,53.54751701636195,55.164894104003906,9859972,0.0,0.0
2014-07-24,55.257023713499784,55.400335116208545,54.66329955785066,55.113712310791016,5957620,0.0,0.0
2014-07-25,54.90898744621254,55.42081393768981,54.76567602859891,54.98064041137695,5166554,0.0,0.0
2014-07-28,55.113713168855995,55.43104830915097,54.837324144258154,54.970401763916016,6135871,0.0,0.0
2014-07-29,55.164907820348766,55.30821926360871,54.70426115194177,54.714500427246094,3867714,0.0,0.0
2014-07-30,54.99088139880682,55.0727736399956,53.49633702254156,53.7215461730957,5094466,0.0,0.0
2014-07-31,53.35302519925842,53.35302519925842,52.206528343951874,52.2781867980957,6014039,0.0,0.0
2014-08-01,52.41126232278435,52.462442227439674,51.54114907079668,52.175819396972656,4919658,0.0,0.0
2014-08-04,52.40102568600617,53.05616910446434,51.99156447902294,52.902618408203125,4242766,0.0,0.0
2014-08-05,52.66717257645177,53.04592691574097,52.13487303662376,52.30889129638672,4437950,0.0,0.0
2014-08-06,51.909672889769716,52.76954143523706,51.530918524909424,52.70812225341797,7465837,0.0,0.0
2014-08-07,52.96403766147334,53.36326508246888,52.40102575746116,52.53410339355469,4168851,0.0,0.0
2014-08-08,52.58528436126528,53.53728991892466,52.4522122097733,53.51681137084961,5341714,0.0,0.0
2014-08-11,53.68057956816187,54.04909451288725,53.01520261876626,53.02543640136719,3814316,0.0,0.0
2014-08-12,53.02543640136719,53.23016692621462,52.62620913427324,53.02543640136719,2989735,0.0,0.0
2014-08-13,53.281369267391725,53.916034096514345,53.219950090379854,53.74201583862305,2760756,0.0,0.0
2014-08-14,53.80344338661978,53.9160424850179,53.29161134460309,53.3632698059082,3636415,0.0,0.0
2014-08-15,53.43492131196553,53.76249578527988,52.87191486087085,53.25066375732422,5431156,0.0,0.0
2014-08-18,53.57822796082965,54.141234304007966,53.445150342120854,54.13100051879883,3818039,0.0,0.0
2014-08-19,54.24361310609116,54.458577500133636,54.1002961936827,54.33573913574219,2559388,0.0,0.0
2014-08-20,54.26407558036789,54.663297443112775,54.22312946689231,54.56093215942383,2608290,0.0,0.0
2014-08-21,54.59164258721026,54.73495397938447,54.30501980286183,54.32549285888672,2555946,0.0,0.0
2014-08-22,54.25384287939234,54.53023192246979,54.100292191619374,54.36644744873047,2355070,0.0,0.0
2014-08-25,54.44834774509318,54.663312155052914,54.253850910095785,54.38692855834961,2038054,0.0,0.0
2014-08-26,54.38692113409159,54.540466336347585,54.171951266191485,54.35620880126953,2588195,0.0,0.0
2014-08-27,54.54046838137794,55.205845582195366,54.34597705292313,54.90898895263672,4614164,0.0,0.0
2014-08-28,54.796384377780015,55.09324649462363,54.48928847446851,54.90898895263672,3459569,0.0,0.0
2014-08-29,55.04204855126931,55.14441382903466,54.75542577352634,54.81684494018555,2967603,0.0,0.0
2014-09-02,54.82708421160394,54.90897643381622,54.50974910688951,54.81684494018555,3402166,0.0,0.0
2014-09-03,54.97040597200392,55.533417849581326,54.91922057982199,55.17513656616211,5483149,0.0,0.0
2014-09-04,55.24677410324177,56.27043227546888,55.14440883474738,55.57434844970703,7102800,0.0,0.0
2014-09-05,55.594848233728044,56.21927941541552,55.48224364060167,56.096435546875,7282105,0.0,0.0
2014-09-08,56.06570986263286,56.23973358793168,55.54364417402039,55.59482955932617,4490716,0.0,0.0
2014-09-09,55.58460167399797,55.58460167399797,54.63260160039021,54.724727630615234,4278739,0.0,0.0
2014-09-10,54.601894795953584,54.72473317355239,54.243618938266586,54.62236785888672,5080414,0.0,0.0
2014-09-11,54.15147357650139,54.29478498041932,53.60893480374135,54.13100051879883,6751285,0.0,0.0
2014-09-12,54.29479287942572,54.663307971684766,53.61918187695079,53.916038513183594,5452867,0.0,0.0
2014-09-15,53.94674256774026,54.55070050877451,53.67035354732546,54.29478454589844,4762484,0.0,0.0
2014-09-16,54.284559981615764,55.07277557438577,54.253847646448726,54.745201110839844,5490878,0.0,0.0
2014-09-17,55.18537475643649,55.78933280104594,54.970410359056984,55.43105697631836,10310343,0.0,0.0
2014-09-18,55.75862347821587,55.87122256534894,54.837330284585555,54.85780334472656,6140087,0.0,0.0
2014-09-19,55.19560561802937,55.61530604922315,54.61212072340082,54.75543212890625,13899403,0.0,0.0
2014-09-22,54.560938150963764,54.91921942686131,53.99792628520609,54.110530853271484,5734823,0.0,0.0
2014-09-23,53.99792183584134,54.61211904209724,53.99792183584134,54.03886795043945,4333683,0.0,0.0
2014-09-24,54.26407263763958,55.011341911686685,54.14122881659059,54.7861328125,6207678,0.0,0.0
2014-09-25,54.74520440404434,54.939701239041725,54.07982713734626,54.38692855834961,6679198,0.0,0.0
2014-09-26,54.40752976435033,55.324972656433964,54.40752976435033,55.22188949584961,7239878,0.52661,0.0
2014-09-29,54.73739084395847,55.283734307690594,54.45906357309592,55.067256927490234,4759323,0.0,0.0
2014-09-30,54.984808913902526,55.458997094351346,54.05706024169922,54.05706024169922,9717273,0.0,0.0
2014-10-01,53.850879188614044,53.912734615344746,51.830443564673836,52.00568771362305,10400418,0.0,0.0
2014-10-02,51.12947067269977,52.12938565797775,50.00586141566666,51.97475814819336,9639775,0.0,0.0
2014-10-03,52.13968638519322,52.582946714829376,52.00568104649935,52.1809196472168,5216509,0.0,0.0
2014-10-06,52.54171405620815,52.66541384369947,51.912904040244506,52.057220458984375,4490013,0.0,0.0
2014-10-07,51.85104545435709,51.91289533773443,51.00575818910209,51.02637481689453,5122360,0.0,0.0
2014-10-08,50.882075065806184,51.59335172018561,50.03678752405876,51.541812896728516,10342031,0.0,0.0
2014-10-09,51.531501089847474,51.6448953410802,49.03687729462462,49.71723175048828,12546532,0.0,0.0
2014-10-10,48.634845769427784,49.634760728627974,47.97511353318768,49.03687286376953,12583700,0.0,0.0
2014-10-13,48.902873342803915,49.24304505476278,46.15053877739228,46.27423858642578,15921578,0.0,0.0
2014-10-14,46.52163330767312,47.129826734286596,45.1196967604267,45.284629821777344,20424027,0.0,0.0
2014-10-15,44.3568862704031,45.60419828863943,42.728163718858795,45.4495735168457,20445457,0.0,0.0
2014-10-16,44.583656754313175,46.40823960084897,44.28471561275866,46.140220642089844,11443439,0.0,0.0
2014-10-17,46.86181159470385,48.129737296079455,46.81026724895527,47.47000503540039,13007443,0.0,0.0
2014-10-20,47.573099126541535,48.1812927069129,47.470015937136836,47.94419860839844,5788432,0.0,0.0
2014-10-21,48.55238186404669,50.016168368084706,48.46991533005954,49.69661331176758,13040395,0.0,0.0
2014-10-22,51.60366923039189,51.73767460869115,48.964728629411255,49.07811737060547,12961844,0.0,0.0
2014-10-23,50.27388171746719,50.45943142878449,48.861639485113415,49.150272369384766,9608930,0.0,0.0
2014-10-24,49.09872541459461,49.7069188656329,48.41837650920065,49.69661331176758,7422767,0.0,0.0
2014-10-27,49.01626356039984,49.21212436020206,47.707104445479786,47.92357635498047,13313710,0.0,0.0
2014-10-28,48.72762143464793,49.48013124948018,48.5420717506056,49.45951461791992,7881570,0.0,0.0
2014-10-29,49.42859767067944,49.58322520393404,48.24313833495025,48.841026306152344,12864603,0.0,0.0
2014-10-30,48.882251548335596,50.16049396945571,48.63485192841553,49.737850189208984,6292201,0.0,0.0
2014-10-31,50.25326592782137,50.96454259604678,49.933705323407565,50.923309326171875,8008039,0.0,0.0
2014-11-03,50.820221714130305,51.49026505397616,50.49035558393322,50.64497756958008,6111280,0.0,0.0
2014-11-04,50.25327929141473,50.737773104167076,48.975042059611084,49.047203063964844,8489325,0.0,0.0
2014-11-05,49.67599762840758,50.71714040279199,49.3976703079944,50.675907135009766,5947643,0.0,0.0
2014-11-06,50.63467444014775,51.43872317099885,50.366658196530715,51.345951080322266,8841753,0.0,0.0
2014-11-07,51.37685748936616,51.67580135523897,50.82020853897005,51.02637481689453,4690256,0.0,0.0
2014-11-10,51.09854924937238,51.376871035068696,50.686216584810374,51.00577163696289,4893661,0.0,0.0
2014-11-11,51.0779324123088,51.531498341516965,50.727444123063705,51.04700469970703,3656580,0.0,0.0
2014-11-12,51.820146550941125,52.54173445049327,51.22226401266257,51.43873596191406,8851098,0.0,0.0
2014-11-13,51.933521467445,52.933430861207576,50.675901416242965,51.500572204589844,11695113,0.0,0.0
2014-11-14,52.09846267932386,53.09837222968654,51.80982979221639,52.95405578613281,10061058,0.0,0.0
2014-11-17,52.97466806691109,53.02621241254136,52.31493580774633,52.696346282958984,4156626,0.0,0.0
2014-11-18,52.665423282892526,53.7890326502053,52.50049020334324,53.67564392089844,9648768,0.0,0.0
2014-11-19,53.71687439212684,54.01581834611816,52.87158687770985,53.067447662353516,5266395,0.0,0.0
2014-11-20,52.57264292371854,53.139603118013746,52.19123796001535,53.067447662353516,4526760,0.0,0.0
2014-11-21,54.922956869044334,55.45899494015199,53.92304724273679,54.469390869140625,9968806,0.0,0.0
2014-11-24,54.10859216788322,54.42815276597449,53.70656503167373,53.871498107910156,7159992,0.0,0.0
2014-11-25,53.974589335032434,54.09828914800508,52.97467422485351,52.974674224853516,5588400,0.0,0.0
2014-11-26,52.97466483492247,53.387002997509704,52.5107878556154,53.356075286865234,4025941,0.0,0.0
2014-11-28,51.72736741073098,51.79952287542423,49.97494226090521,50.17080307006836,9352057,0.0,0.0
2014-12-01,49.84092244353279,50.4903490664104,48.82039094632131,49.60382843017578,8981853,0.0,0.0
2014-12-02,49.624453072293385,50.510973851652736,49.583219804684404,50.31511306762695,6489775,0.0,0.0
2014-12-03,50.33572294235335,51.20162697163467,50.24295086557368,50.94391632080078,5670394,0.0,0.0
2014-12-04,50.583126533523355,51.43871955237918,50.552204347395254,51.30471420288086,3566787,0.0,0.0
2014-12-05,51.58304534246277,52.345860808123675,51.50057880563456,51.70674514770508,6048467,0.0,0.0
2014-12-08,51.613962778808066,51.77889583727914,49.6038328400431,49.871849060058594,8771633,0.0,0.0
2014-12-09,49.191497415320136,49.72752982507373,48.366826643779845,49.665679931640625,7688564,0.0,0.0
2014-12-10,49.10903816465557,49.1811936214656,47.33599657209012,47.768951416015625,9908803,0.0,0.0
2014-12-11,48.253438946784776,48.3359054730908,47.253524026675876,47.428768157958984,5916236,0.0,0.0
2014-12-12,47.1092192307083,47.129835867372336,44.42904541284922,44.6867561340332,16095895,0.0,0.0
2014-12-15,44.95476996789503,45.13001137001703,44.17133505434865,44.78983688354492,11007400,0.0,0.0
2014-12-16,44.44965947606213,46.10930692008107,43.88269923774221,44.027015686035156,11422079,0.0,0.0
2014-12-17,44.32595714703082,46.31547064563971,44.1713323897801,45.92375183105469,12096091,0.0,0.0
2014-12-18,47.366924701053534,47.72771856556208,46.0165296234894,46.88243103027344,8790955,0.0,0.0
2014-12-19,46.87212189495586,47.52154866770983,46.87212189495586,47.25353240966797,8887212,0.0,0.0
2014-12-22,47.459695389187445,47.624628459338055,46.59379677089676,47.181373596191406,6109383,0.0,0.0
2014-12-23,47.212288915603295,47.604010425990275,47.07828357848389,47.3978385925293,4955350,0.0,0.0
2014-12-24,47.36691826322947,47.58339565766558,47.160751947464426,47.428768157958984,2401583,0.0,0.0
2014-12-26,47.604019522332926,48.19159637442422,47.418464284184964,47.91326904296875,4452143,0.0,0.0
2014-12-29,47.91325539422277,48.266939578408895,47.74681840220683,47.8508415222168,4088965,0.59777,0.0
2014-12-30,47.69481700829148,48.048495671036676,47.445161481647816,47.923667907714844,3127657,0.0,0.0
2014-12-31,47.92366246917662,47.94446709403595,47.3619375979748,47.44515609741211,4166252,0.0,0.0
2015-01-02,47.5283776842766,47.89245585488898,47.101880058879026,47.424354553222656,4273821,0.0,0.0
2015-01-05,46.956246318798385,47.06026944684701,45.7287650435956,45.957618713378906,8517922,0.0,0.0
2015-01-06,45.999231483912084,46.082449992717876,44.70933902126924,45.21905517578125,8104437,0.0,0.0
2015-01-07,45.82239063720006,45.92641656417285,44.979800424064514,45.146240234375,6416563,0.0,0.0
2015-01-08,45.89521196286004,46.664986018021715,45.614346685441475,46.26969528198242,8559165,0.0,0.0
2015-01-09,46.63377264465921,46.81061475349321,45.770377878766205,46.19687271118164,4518961,0.0,0.0
2015-01-12,46.165675367540345,46.29050314931412,45.052622070570315,45.926422119140625,5768478,0.0,0.0
2015-01-13,46.31129443771319,46.59215965386621,44.84456284827057,45.364681243896484,7544178,0.0,0.0
2015-01-14,44.7301459765169,45.49992001111103,43.63789741544012,45.17744827270508,9036516,0.0,0.0
2015-01-15,45.56231685095021,46.04082591055295,45.000589309342764,45.0526008605957,5421530,0.0,0.0
2015-01-16,45.000597160979815,46.63376851950251,44.99019484891424,46.592159271240234,6981319,0.0,0.0
2015-01-20,46.81061596009949,46.84182011178466,45.4375022463585,45.905609130859375,6180627,0.0,0.0
2015-01-21,45.7183651718039,46.5921650702193,45.4062957709959,46.54015350341797,4919447,0.0,0.0
2015-01-22,46.789808857989655,47.299519392384845,46.17606683233054,47.185096740722656,4378158,0.0,0.0
2015-01-23,46.966645911128566,47.1538875418856,46.35290666668195,46.363311767578125,5120533,0.0,0.0
2015-01-26,46.2176752108443,46.38411221095901,45.6871544849024,46.3529052734375,8352528,0.0,0.0
2015-01-27,45.56232389240804,46.44652318843288,45.052607823279146,45.94721221923828,4934975,0.0,0.0
2015-01-28,46.020042037697344,46.25929528132566,44.63652857447543,44.761356353759766,7999608,0.0,0.0
2015-01-29,45.8431904579012,47.16428967916018,44.844562913794235,46.82101058959961,12424068,0.0,0.0
2015-01-30,46.269691694080436,47.55958415829975,45.91601303122357,46.977054595947266,8583123,0.0,0.0
2015-02-02,47.1434823441965,47.50756603715556,46.21767103848471,47.039459228515625,5532964,0.0,0.0
2015-02-03,47.72602639451906,48.94310558459735,47.61160372033673,48.776668548583984,7412017,0.0,0.0
2015-02-04,48.40216553046142,48.53739837087399,47.85084022132108,48.07969665527344,4651472,0.0,0.0
2015-02-05,48.464582259875456,49.9521212875608,48.33975451189308,49.723270416259766,11126773,0.0,0.0
2015-02-06,49.95212800232521,50.451439061374124,49.77528588083547,50.347415924072266,6085705,0.0,0.0
2015-02-09,50.149765825849904,50.83631840985268,50.13936072589499,50.20177459716797,6464621,0.0,0.0
2015-02-10,50.45143127441406,50.586664120110456,49.900105943732314,50.45143127441406,4403171,0.0,0.0
2015-02-11,50.14976684182256,50.34740798344821,49.69205953372928,50.01453399658203,4413499,0.0,0.0
2015-02-12,50.50344761268032,51.45006084138967,50.33701061212945,51.127586364746094,4921344,0.0,0.0
2015-02-13,51.0339572050556,51.81413326298964,50.919529004067385,51.42924499511719,5796161,0.0,0.0
2015-02-17,50.46184798627521,51.75174056269634,50.46184798627521,51.56449890136719,6328105,0.0,0.0
2015-02-18,51.096374778512775,51.6997088176988,50.961141947171086,51.39804458618164,4289208,0.0,0.0
2015-02-19,50.87793224153961,51.88696494892961,50.65948646047801,51.67891311645508,5346773,0.0,0.0
2015-02-20,51.55407707015742,51.81413763680518,50.92993840158495,51.52287292480469,4263914,0.0,0.0
2015-02-23,51.17961136616421,51.72053173052211,51.085987745794654,51.48128128051758,5451883,0.0,0.0
2015-02-24,51.69971590952418,52.240641732939864,51.59569278505049,51.814144134521484,8722310,0.0,0.0
2015-02-25,51.855743408203125,52.15741319921726,51.574878238081304,51.855743408203125,3605922,0.0,0.0
2015-02-26,51.59569307022893,51.8557536709268,51.01316356995652,51.23160934448242,5070437,0.0,0.0
2015-02-27,51.221221923828125,51.65811915227295,51.07558951434651,51.221221923828125,4680560,0.0,0.0
2015-03-02,51.22120030514803,51.43965161524669,50.867521745682346,51.335628509521484,4038939,0.0,0.0
2015-03-03,51.10678159442404,51.48127042075168,50.89873534432675,51.23160934448242,3449030,0.0,0.0
2015-03-04,51.08598685737241,52.14702851439124,50.815526679896955,51.56449890136719,7468999,0.0,0.0
2015-03-05,51.79333799769947,51.87655649484915,50.669882710026506,50.85712432861328,5533666,0.0,0.0
2015-03-06,51.398048499738394,51.398048499738394,49.68165868644721,49.868900299072266,8907869,0.0,0.0
2015-03-09,49.98334066443045,50.32661986404183,49.76489482698567,49.85851287841797,6723532,0.0,0.0
2015-03-10,49.27596087388627,49.56722557588699,48.73504071302779,49.00550079345703,6404408,0.0,0.0
2015-03-11,48.984698252045746,49.327971734476655,48.579005326098134,48.66222381591797,5134796,0.0,0.0
2015-03-12,48.92228855033277,49.55683237731529,48.766251080558334,49.369590759277344,5168170,0.0,0.0
2015-03-13,49.04711546556299,49.119928861047,48.599813264189066,48.943092346191406,4850591,0.0,0.0
2015-03-16,48.8910848884134,48.98470849711786,48.24614145742081,48.92229461669922,5344665,0.0,0.0
2015-03-17,48.63102840165386,48.73505153260523,48.11090717074413,48.506195068359375,4469638,0.0,0.0
2015-03-18,48.152518453570394,49.97293168621009,47.778035166354606,49.452816009521484,6172056,0.0,0.0
2015-03-19,48.96389842593028,49.0783210725651,48.37096383980616,48.61021423339844,4637561,0.0,0.0
2015-03-20,48.641427461290895,49.49442270308392,48.433381201378644,49.192752838134766,8668420,0.0,0.0
2015-03-23,49.17195746537894,49.411213497377894,48.99511532309877,49.130348205566406,3823871,0.0,0.0
2015-03-24,48.99510317839053,49.36959200003034,48.62061993290315,49.10953140258789,3963830,0.0,0.0
2015-03-25,49.40079747772109,49.66085808215792,48.703839741798575,48.7142448425293,4976358,0.0,0.0
2015-03-26,48.61021621337375,49.23436054973587,48.495793562078305,48.74544906616211,5287894,0.0,0.0
2015-03-27,50.81324965444935,51.26459726806932,50.09948945990503,50.1309814453125,13999173,0.59777,0.0
2015-03-30,51.432529794284235,51.69493669900856,50.91820393368319,51.09664535522461,7925202,0.0,0.0
2015-03-31,51.075656631119884,51.075656631119884,50.235939840249365,50.36189651489258,5738828,0.0,0.0
2015-04-01,50.4143871066488,50.48785902873021,49.55367743712535,50.277931213378906,4817358,0.0,0.0
2015-04-02,49.97354346157812,50.792267738313726,49.88957231797285,50.63481903076172,4261244,0.0,0.0
2015-04-06,50.61380584749441,51.66345034613772,50.393384497652534,51.09664535522461,5265060,0.0,0.0
2015-04-07,50.99168928642919,51.537507270399054,50.8447398055944,50.9287109375,5817660,0.0,0.0
2015-04-08,50.92871381989512,51.26460399311126,50.60332847863696,50.771270751953125,3932002,0.0,0.0
2015-04-09,50.77126436499542,51.568990062894365,50.77126436499542,51.15963363647461,4333683,0.0,0.0
2015-04-10,51.21211101766082,51.42203882568556,50.75026984000638,50.79225540161133,4861201,0.0,0.0
2015-04-13,50.97069041611062,50.99168319657989,50.582326790720586,50.666297912597656,3768506,0.0,0.0
2015-04-14,50.813237238864176,51.422027751021886,50.75025891002028,51.254085540771484,3731829,0.0,0.0
2015-04-15,51.42203216262463,52.933517811133434,51.42203216262463,52.597633361816406,9988268,0.0,0.0
2015-04-16,52.36670650899257,52.57663426458464,51.768409592264426,52.219757080078125,5873518,0.0,0.0
2015-04-17,52.08331960984291,52.38771777618758,51.77892707008173,52.12530517578125,4277334,0.0,0.0
2015-04-20,52.37722207670696,52.69211946890215,52.167294232966064,52.576656341552734,5967878,0.0,0.0
2015-04-21,52.57664831462648,52.67111864317894,51.663459520479066,52.11480712890625,5515328,0.0,0.0
2015-04-22,51.95735969285818,52.75509102284424,51.65296154537339,52.503177642822266,6897428,0.0,0.0
2015-04-23,53.37437535700735,53.95167960627911,52.597636889287436,53.53181838989258,8743950,0.0,0.0
2015-04-24,53.68926223202512,53.98316111851747,53.206428347073405,53.65777587890625,5292461,0.0,0.0
2015-04-27,53.951693623847646,54.4765132474597,53.74176577440282,54.02516555786133,5279814,0.0,0.0
2015-04-28,53.85720228384113,54.413513681302156,53.27989810961897,54.392520904541016,5620860,0.0,0.0
2015-04-29,53.836219391985765,54.49749479466971,53.66827714706068,54.17210388183594,5256909,0.0,0.0
2015-04-30,54.0986290627105,54.23507931610553,53.40586171295138,53.53181838989258,4967505,0.0,0.0
2015-05-01,53.804727261827814,54.39252505600278,53.71025694590143,54.25606918334961,4477577,0.0,0.0
2015-05-04,54.413513189381106,54.52897627381443,54.161599870524874,54.21408462524414,2872119,0.0,0.0
2015-05-05,54.424014052247166,54.94883348255107,53.731246777664076,53.89918899536133,4928370,0.0,0.0
2015-05-06,54.29807409079716,54.487009143822064,53.048995022590326,53.4058723449707,6134326,0.0,0.0
2015-05-07,53.19593529761807,53.29040562106521,52.79707247696029,53.15394973754883,4074842,0.0,0.0
2015-05-08,53.75225560598367,54.51849501632718,53.75225560598367,54.42403030395508,5712480,0.0,0.0
2015-05-11,54.39252653441055,54.56046876588241,53.99366373466488,54.476497650146484,6081279,0.0,0.0
2015-05-12,54.07764434698063,54.151116272860776,53.37438331590127,53.479347229003906,4610721,0.0,0.0
2015-05-13,53.48983870739748,53.68927294775584,53.04899028967094,53.2484245300293,4148335,0.0,0.0
2015-05-14,53.64727369307811,53.93067898829586,53.46883228005551,53.783729553222656,3551821,0.0,0.0
2015-05-15,53.689268629927234,54.07763787522046,53.29040580787127,54.067138671875,2880972,0.0,0.0
2015-05-18,54.067137080183926,54.151108198144726,53.51082561040238,53.53181838989258,3333100,0.0,0.0
2015-05-19,53.458352347994314,53.53182427099049,52.95452558487826,53.2484245300293,4352794,0.0,0.0
2015-05-20,53.38486793611597,53.97267137744265,53.23791848242991,53.57380294799805,3702952,0.0,0.0
2015-05-21,53.60529605454671,54.203593084683135,53.38486905610196,53.930686950683594,2991211,0.0,0.0
2015-05-22,53.6997733309135,53.96218029583928,53.48983988175626,53.83622360229492,2075432,0.0,0.0
2015-05-26,53.510831344508695,53.741757570229,52.76558477945632,53.13296127319336,4602641,0.0,0.0
2015-05-27,53.111959833700645,53.83621349895307,52.99650236624431,53.74174880981445,6649829,0.0,0.0
2015-05-28,53.752241689510974,54.20358923078743,53.54231390905266,54.13011169433594,3680469,0.0,0.0
2015-05-29,54.151120553624594,54.82289527717011,53.80474242629565,54.65495300292969,7539189,0.0,0.0
2015-06-01,54.6549453225409,54.938350683787974,54.03565546001317,54.854373931884766,6876771,0.0,0.0
2015-06-02,54.47649332002019,55.32670361255776,54.413514988224144,55.26372528076172,5042263,0.0,0.0
2015-06-03,55.347708434336816,56.02997665722367,55.22175174333461,55.6416130065918,4965257,0.0,0.0
2015-06-04,55.21125338633837,56.04047101027978,54.266572659015104,55.68359375,14926826,0.0,0.0
2015-06-05,55.263743747051215,55.44218522672358,54.51849709181743,54.65495300292969,5719225,0.0,0.0
2015-06-08,54.68643037341348,54.68643037341348,53.86771192112161,53.951683044433594,5242365,0.0,0.0
2015-06-09,54.11962609572751,54.44501701669094,53.88870550318614,54.077640533447266,3319750,0.0,0.0
2015-06-10,54.47649450020077,54.875357276883356,54.434508944760495,54.57096481323242,6721635,0.0,0.0
2015-06-11,54.6549440214789,55.04331328013104,54.47650257112983,54.74940872192383,3570722,0.0,0.0
2015-06-12,54.66543416713884,54.72841250567648,54.17210103530272,54.41352081298828,3185482,0.0,0.0
2015-06-15,54.10912978308547,54.54998383716729,53.72076612453317,54.43452072143555,4139974,0.0,0.0
2015-06-16,54.58145491231594,55.26372295805535,54.20358493742136,55.20074462890625,6650110,0.0,0.0
2015-06-17,55.44216652671518,56.18741293058588,55.32670343882735,55.998477935791016,9617643,0.0,0.0
2015-06-18,56.01948375495552,56.43933939669122,55.88302785809981,56.250404357910156,9035181,0.0,0.0
2015-06-19,56.260904642269395,56.40785411969783,55.914520917896404,55.92501449584961,6312015,0.0,0.0
2015-06-22,56.25040904974127,56.43934410428135,55.91452450833668,56.092960357666016,4535261,0.0,0.0
2015-06-23,56.06146982066072,56.35536877250495,55.96699948713343,56.22941207885742,6017341,0.0,0.0
2015-06-24,56.05096423857263,56.11394257823052,55.41068163875947,55.7360725402832,4072032,0.0,0.0
2015-06-25,55.83054367230287,56.04047147420532,55.557637529829705,55.862030029296875,3829562,0.0,0.0
2015-06-26,56.294633961195096,56.41204449947648,56.00643457509883,56.219913482666016,4493878,1.26,0.0
2015-06-29,55.344651202099705,55.590149090423836,54.11713887343404,54.21320724487305,6806440,0.0,0.0
2015-06-30,54.789610982979774,55.10982941389644,54.35197626651248,54.61882781982422,4853051,0.0,0.0
2015-07-01,55.14184088957815,55.440711353402634,54.71488308411461,54.853641510009766,4137585,0.0,0.0
2015-07-02,55.08846968517837,55.13117118855709,54.35196459139443,54.84297180175781,3747427,0.0,0.0
2015-07-06,54.19185719976562,54.704206569046846,53.786241560656954,53.97837829589844,5202738,0.0,0.0
2015-07-07,53.94635648668009,54.51207847308641,52.36660679175277,54.26657485961914,9720645,0.0,0.0
2015-07-08,53.56208334741517,53.81825799271728,52.64411847998913,52.85759735107422,5531559,0.0,0.0
2015-07-09,53.86096656218014,54.15983705269913,53.49805239512136,53.64748764038086,5825108,0.0,0.0
2015-07-10,54.48004973105095,55.00307589557635,53.86096092265488,54.8749885559082,6049521,0.0,0.0
2015-07-13,55.184548680159,55.64353128180302,54.928373941128534,55.44072341918945,4210867,0.0,0.0
2015-07-14,55.48342017714287,56.78564751169882,55.29128911951758,56.614864349365234,4980012,0.0,0.0
2015-07-15,56.38003349878034,56.48677296766148,55.536788833738385,55.61150360107422,4781314,0.0,0.0
2015-07-16,55.86767948116318,56.14520207756764,55.53678429380021,55.75026321411133,3722836,0.0,0.0
2015-07-17,55.536793043547696,55.536793043547696,54.29860938890755,54.61882781982422,6039193,0.0,0.0
2015-07-20,54.554772507260566,54.74690352486477,53.71152795800596,53.92500686645508,4965749,0.0,0.0
2015-07-21,53.91433828733718,54.53342715060898,53.11378376080912,53.47670364379883,5820119,0.0,0.0
2015-07-22,53.466011966488004,53.562080313915516,52.84692327540346,53.36994934082031,6910918,0.0,0.0
2015-07-23,52.793565167964026,53.43400764222249,50.274502497952774,50.97898864746094,14207426,0.0,0.0
2015-07-24,51.22447497369984,51.30987224317561,48.37452348604929,49.06833267211914,11440769,0.0,0.0
2015-07-27,48.57733981091028,49.50598174756188,47.96892485483546,48.7054328918457,9002369,0.0,0.0
2015-07-28,48.92958917766839,50.16777286339356,48.31050019568706,49.79418182373047,7019400,0.0,0.0
2015-07-29,50.09303472323533,50.74414810628963,49.82618328769378,50.626731872558594,5574418,0.0,0.0
2015-07-30,50.765506934786316,50.797525909767494,50.349220207703496,50.616065979003906,6399911,0.0,0.0
2015-07-31,50.90427690458402,51.02169319024694,50.103727965645604,50.231815338134766,5952139,0.0,0.0
2015-08-03,49.964956749466396,50.02900041935958,49.12170651323134,49.591365814208984,5224589,0.0,0.0
2015-08-04,49.75147291023547,50.43461112159713,49.57001870356579,49.83686447143555,4742390,0.0,0.0
2015-08-05,50.466624854427636,50.78684889742873,50.00764812152953,50.3065185546875,3537418,0.0,0.0
2015-08-06,50.21045636035839,50.54135152713531,49.66608228655155,49.74080276489258,4672902,0.0,0.0
2015-08-07,49.42057928138234,49.77281658058803,48.4278938839539,48.56665802001953,4698266,0.0,0.0
2015-08-10,49.07900700492378,49.89023248370551,48.684073931464724,49.78349304199219,4819044,0.0,0.0
2015-08-11,48.822836801123835,48.865532581706226,48.07566064093195,48.342506408691406,6685872,0.0,0.0
2015-08-12,48.129037714319274,49.02565501848998,47.89421087130753,48.7801513671875,6764002,0.0,0.0
2015-08-13,48.68407660172232,48.71609557511228,47.862177133689144,48.000938415527344,5567602,0.0,0.0
2015-08-14,48.150380441123716,48.21442411870761,47.59533237451582,47.92622756958008,4211500,0.0,0.0
2015-08-17,47.68072183899866,48.60935792811753,47.264435117183716,48.534637451171875,4616342,0.0,0.0
2015-08-18,48.235763014570814,48.41722292809443,47.45656222175146,47.766109466552734,5753302,0.0,0.0
2015-08-19,47.41387641925563,47.52061588444211,46.63467546251348,47.104331970214844,5013245,0.0,0.0
2015-08-20,46.84814617921178,47.285780770628705,46.54927572908926,46.613319396972656,5251288,0.0,0.0
2015-08-21,46.17568522068505,46.463884589631675,45.48187595149704,45.492549896240234,7215428,0.0,0.0
2015-08-24,42.36507390741066,44.87346260983892,37.47638671282574,43.069557189941406,10124012,0.0,0.0
2015-08-25,46.036921700911996,46.11163931048191,42.00215361885486,42.04484939575195,7725591,0.0,0.0
2015-08-26,43.17629477632472,43.955495593929456,42.66394257403654,43.816734313964844,9043753,0.0,0.0
2015-08-27,45.05492061449375,47.00826119147647,45.012221972316134,46.538604736328125,9188841,0.0,0.0
2015-08-28,46.39984277293622,47.56330565725722,46.13299128282625,46.9655647277832,6695709,0.0,0.0
2015-08-31,46.55995349558259,47.06163179606287,45.503227167005036,46.709388732910156,4913686,0.0,0.0
2015-09-01,45.183006912497504,45.66333730185153,44.083584847786,44.46784973144531,7632425,0.0,0.0
2015-09-02,45.38581252702909,45.68468299352383,44.72402506176735,45.24705123901367,17656808,0.0,0.0
2015-09-03,45.716705322265625,46.218380722183916,45.353788342295424,45.716705322265625,20580147,0.0,0.0
2015-09-04,44.69200391547009,45.36446533633686,44.54256867991759,44.91615676879883,7676900,0.0,0.0
2015-09-08,45.876824050431566,47.14702945364136,45.791432475208175,47.06163787841797,13712439,0.0,0.0
2015-09-09,47.89419720000004,48.33183177975381,46.5919702659818,46.74140548706055,11774718,0.0,0.0
2015-09-10,46.517257713489,47.20039308786704,46.346471724234036,46.709388732910156,8141113,0.0,0.0
2015-09-11,46.271756129603375,46.7520836694693,45.96220885414256,46.730735778808594,11533794,0.0,0.0
2015-09-14,46.645346153635785,46.69871588250433,45.898167088595486,45.983558654785156,9649752,0.0,0.0
2015-09-15,46.004904191798616,46.869496616099816,46.004904191798616,46.549278259277344,12168038,0.0,0.0
2015-09-16,46.64533852038293,48.07565560263842,46.59196880024804,48.01161193847656,9053730,0.0,0.0
2015-09-17,47.78745968660602,48.35318162156367,47.040280690151896,47.20038986206055,10124153,0.0,0.0
2015-09-18,46.64534019014859,46.97623532771014,45.90883516504228,46.22905349731445,18560782,0.0,0.0
2015-09-21,46.64534551360962,47.32848089463429,46.49591027482811,46.98691177368164,15063062,0.0,0.0
2015-09-22,46.197035625070995,46.613322353598,45.9622088279371,46.538604736328125,14602924,0.0,0.0
2015-09-23,46.59197756668077,46.720064919104544,45.36446805085811,45.449859619140625,9731887,0.0,0.0
2015-09-24,45.01222117797376,45.577943131057076,43.96617169377483,45.353790283203125,15238854,0.0,0.0
2015-09-25,45.95154137267054,45.99423715999784,44.8841409677262,45.172340393066406,11369384,0.0,0.0
2015-09-28,45.276204186186796,45.319809263690665,43.5100714400719,43.6299934387207,19859623,1.26,0.0
2015-09-29,43.94616939224658,44.29503350767096,43.43377230071123,44.218719482421875,11253875,0.0,0.0
2015-09-30,44.82924220033612,46.44274485150711,44.82924220033612,46.22470474243164,25213421,0.0,0.0
2015-10-01,46.43183644103779,47.06415559213798,45.95214826724211,46.857017517089844,9656497,0.0,0.0
2015-10-02,46.540848839184754,48.50321799399135,45.963042724707584,48.45960998535156,12126514,0.0,0.0
2015-10-05,48.666748497795766,50.72723264628139,48.666748497795766,50.487388610839844,56102787,0.0,0.0
2015-10-06,50.64002932487665,52.06820065986125,50.36747629428924,51.32685852050781,13353688,0.0,0.0
2015-10-07,51.62121760575252,52.17722277130148,50.83626741791511,51.77384567260742,21687034,0.0,0.0
2015-10-08,51.56669765920039,52.41705976024517,51.5448936526098,52.10089874267578,6692617,0.0,0.0
2015-10-09,52.297139829063646,52.46067281621849,51.03250732524587,51.32685852050781,9743128,0.0,0.0
2015-10-12,51.163323545171345,51.20693155586876,50.356569503258044,50.80355453491211,6257422,0.0,0.0
2015-10-13,50.25844408526639,51.04339405198737,50.19303207504052,50.70542907714844,5144984,0.0,0.0
2015-10-14,50.61821234144303,51.71932326388693,50.367463383815526,51.359554290771484,6569240,0.0,0.0
2015-10-15,51.65391202266672,51.91556006372837,50.836253128333205,51.871952056884766,4095710,0.0,0.0
2015-10-16,52.07909261147522,52.11180154203244,51.42497244044262,51.915565490722656,4019336,0.0,0.0
2015-10-19,51.381358141237435,51.752026192795334,51.16331811090926,51.66481018066406,3703023,0.0,0.0
2015-10-20,51.66481083052082,52.46065987323434,51.54488589032664,51.99187088012695,6087321,0.0,0.0
2015-10-21,52.00278352511467,52.52607968218305,51.64301449512446,51.762939453125,5538866,0.0,0.0
2015-10-22,54.597474357276376,56.134659807266345,53.2238160414491,54.42304229736328,18763555,0.0,0.0
2015-10-23,55.251591528397164,56.09104869234103,54.793707396430875,54.8591194152832,11706144,0.0,0.0
2015-10-26,54.76099315820262,55.3279031106625,54.57566204475349,55.0008430480957,6969656,0.0,0.0
2015-10-27,54.651982695364595,55.33881186887894,54.630178687380194,55.26250076293945,8238284,0.0,0.0
2015-10-28,55.54596098028868,56.603458444005526,55.13168476807218,56.00384521484375,10652724,0.0,0.0
2015-10-29,55.589553134200216,56.03653815758196,55.15347303529655,55.491432189941406,7946631,0.0,0.0
2015-10-30,55.742182507855674,56.75607168416784,55.27339346826749,56.33089065551758,8602796,0.0,0.0
2015-11-02,56.22186359979586,56.54892948495438,56.03653249848377,56.24366760253906,7544108,0.0,0.0
2015-11-03,56.025625155223516,57.22485109831291,55.774882056512006,56.668846130371094,7252034,0.0,0.0
2015-11-04,56.66884476978348,56.86508078128494,55.96021180624547,56.01472473144531,9277721,0.0,0.0
2015-11-05,55.98202796334251,56.483525945639315,55.66586695415687,56.265480041503906,6604581,0.0,0.0
2015-11-06,55.905711794487466,56.95230398817302,55.88390779045235,56.5162239074707,4943827,0.0,0.0
2015-11-09,56.35268913150577,56.67975502545867,56.014730001903935,56.36359405517578,5318809,0.0,0.0
2015-11-10,56.17825839617147,56.69065540819762,55.862103262632054,56.3745002746582,6821546,0.0,0.0
2015-11-11,56.41810114149424,56.73426211177712,56.23277003519884,56.36359405517578,4567511,0.0,0.0
2015-11-12,55.6658634925136,56.06924050066446,54.924527334192305,54.979034423828125,6835809,0.0,0.0
2015-11-13,55.044449241193014,55.8948053758238,54.56475532123687,55.753082275390625,5189881,0.0,0.0
2015-11-16,55.589551672364166,56.43991368687536,55.567747667992364,56.30908966064453,3798366,0.0,0.0
2015-11-17,56.46171769124716,56.91960178305505,55.96021974668484,56.30908966064453,4812791,0.0,0.0
2015-11-18,56.33088845280924,58.0970245147559,56.33088845280924,57.95529556274414,7587037,0.0,0.0
2015-11-19,57.78085855138728,58.39137647209591,57.69364254043039,58.129722595214844,8345993,0.0,0.0
2015-11-20,58.20603952680732,58.467687559678,57.95529057330106,58.129722595214844,4795929,0.0,0.0
2015-11-23,57.966201680636914,58.39138270141619,57.726351780907365,57.78086471557617,4541374,0.0,0.0
2015-11-24,57.1812441841396,58.51129416337805,57.1812441841396,58.195133209228516,5565495,0.0,0.0
2015-11-25,58.06431734327544,58.19514137493327,55.52414196256934,56.60344314575195,10173897,0.0,0.0
2015-11-27,56.43990912809608,56.94140118814094,56.28727526581122,56.70155715942383,1854603,0.0,0.0
2015-11-30,56.712461070265135,57.377486128550906,56.6252450523923,56.8323860168457,6702665,0.0,0.0
2015-12-01,57.37748931148677,58.32597232448587,56.75607222766517,58.23875045776367,10803223,0.0,0.0
2015-12-02,57.80267366842086,58.347773841713256,56.64705545702946,57.0068244934082,6188848,0.0,0.0
2015-12-03,57.26846578462978,57.617329854162136,56.18916464750866,56.538028717041016,4500552,0.0,0.0
2015-12-04,56.63615339712731,58.26055475011867,56.516228443303966,58.118831634521484,7187815,0.0,0.0
2015-12-07,57.78087069010452,57.78087069010452,56.30909727400877,56.72337341308594,5335180,0.0,0.0
2015-12-08,55.80759318365205,56.60344228615673,54.75009602180517,55.491432189941406,6978930,0.0,0.0
2015-12-09,60.735308959475795,62.250689907854294,60.135696027035316,62.10896682739258,44408026,0.0,0.0
2015-12-10,61.356754102497995,61.6838142585637,59.252658332456654,59.8631706237793,18787092,0.0,0.0
2015-12-11,57.10492609045861,58.838346975978034,56.42899626067607,58.184226989746094,20007732,0.0,0.0
2015-12-14,57.170349712294644,57.617328871756335,55.20797766661301,55.91661071777344,15628731,0.0,0.0
2015-12-15,56.41810045695423,56.70155834080885,54.9681313311308,55.13166427612305,9833624,0.0,0.0
2015-12-16,55.57864093097423,55.622254779163775,53.430937959126936,55.295188903808594,14386451,0.0,0.0
2015-12-17,55.48052503844937,55.99292200212576,54.71737913237558,54.78279113769531,9037921,0.0,0.0
2015-12-18,54.782808269026965,55.1098742419138,53.95425594254393,54.10688400268555,13596298,0.0,0.0
2015-12-21,54.41212344880309,55.56774139404296,53.856118478093144,55.56774139404297,13674780,0.0,0.0
2015-12-22,55.8948122258279,56.78878232093095,55.55684720889732,56.14556121826172,6839322,0.0,0.0
2015-12-23,56.723378164894484,57.39930244843313,56.32000107367989,57.26847839355469,4610229,0.0,0.0
2015-12-24,57.410194671217255,57.50830976865902,56.963209660619206,57.028621673583984,2227477,0.0,0.0
2015-12-28,56.766978016620016,56.99591715771578,56.40720899545505,56.941410064697266,4789043,0.0,0.0
2015-12-29,57.451939981378835,58.90712512658924,57.451939981378835,58.64052200317383,4056504,1.38,0.0
2015-12-30,58.26285955766648,58.38505293940071,57.01873312136203,57.38530731201172,6829204,0.0,0.0
2015-12-31,57.32974469899688,57.79629568330484,56.963176581463415,57.185340881347656,3278226,0.0,0.0
2016-01-04,55.84123750390752,56.05229656444287,54.86371459196719,55.463558197021484,8600127,0.0,0.0
2016-01-05,55.74127880022504,55.74127880022504,54.53047417721876,55.04145812988281,6152031,0.0,0.0
2016-01-06,54.40827969663023,54.41938493526189,53.48629479903817,53.83064651489258,8978621,0.0,0.0
2016-01-07,52.86422817916115,53.28634037905594,51.353504877617794,51.80894470214844,8602586,0.0,0.0
2016-01-08,52.27548695792972,52.87533653275059,51.26463639834779,51.4090461730957,6825129,0.0,0.0
2016-01-11,51.497913194411446,51.66453344919401,49.76502264917895,50.4315185546875,7152263,0.0,0.0
2016-01-12,51.042472814173465,51.05357805224463,49.50953314176515,49.75391387939453,6894547,0.0,0.0
2016-01-13,50.2315859053451,50.27601878069837,48.35428798983946,48.465370178222656,6447197,0.0,0.0
2016-01-14,48.49867635561564,49.653936629172975,47.80996407277867,49.1429557800293,9978221,0.0,0.0
2016-01-15,47.61001770397133,48.4542450177835,46.87686956242795,47.721099853515625,6997128,0.0,0.0
2016-01-19,48.29873505543668,48.3987090004734,46.26592257452914,46.73246765136719,7409277,0.0,0.0
2016-01-20,46.18816965231976,46.36590112782738,44.7218760475535,45.89935302734375,10460702,0.0,0.0
2016-01-21,45.93267185729299,46.8102238836632,45.277284147149224,46.65470886230469,6617720,0.0,0.0
2016-01-22,47.843291170559496,49.03187614889885,47.110145991694935,48.00991439819336,6936282,0.0,0.0
2016-01-25,47.59890572515598,48.07655893042625,46.7546755008254,46.854652404785156,5133812,0.0,0.0
2016-01-26,47.04350099763994,47.498937861439195,46.01043093739724,47.16569137573242,4912491,0.0,0.0
2016-01-27,47.31008462918183,47.7988489787689,45.97709311378073,45.99930953979492,5522214,0.0,0.0
2016-01-28,46.65471212315603,46.810227155384,45.210638012201535,46.154842376708984,5516453,0.0,0.0
2016-01-29,46.465869193512205,46.65470886230469,45.19952663646997,46.65470886230469,9442975,0.0,0.0
2016-02-01,46.1881675093227,47.510048274355334,45.78826873070857,47.29899215698242,6124770,0.0,0.0
2016-02-02,49.03188121190552,50.1871416640097,47.565590702768,50.02051544189453,11530492,0.0,0.0
2016-02-03,50.79808841078974,52.26437868530507,50.76476078987878,51.920021057128906,11768886,0.0,0.0
2016-02-04,52.13107766635564,52.91976383935802,51.90890743131859,52.64205551147461,9258470,0.0,0.0
2016-02-05,52.74203310141319,52.76424952975099,51.55344525351493,51.86447525024414,5642360,0.0,0.0
2016-02-08,51.60899228413592,52.14218659505662,50.20935126341812,51.35350036621094,9493141,0.0,0.0
2016-02-09,50.77588068190107,52.431007910007196,50.77588068190107,51.7645149230957,5762225,0.0,0.0
2016-02-10,51.94224600323684,52.419902284276965,51.07579917208946,51.275753021240234,7230955,0.0,0.0
2016-02-11,50.164917163712204,50.90917051491083,49.32068690441266,49.765018463134766,7565326,0.0,0.0
2016-02-12,50.29822802290575,51.209101837341855,49.86500457291,51.109130859375,5048516,0.0,0.0
2016-02-16,51.30906873825785,52.075538555875205,51.086904436709496,52.02000045776367,4613742,0.0,0.0
2016-02-17,52.31992144313045,53.452965382258924,52.15330118738007,53.308555603027344,7341897,0.0,0.0
2016-02-18,53.23081254695654,53.3530059214602,52.66429045526253,52.84202194213867,3756421,0.0,0.0
2016-02-19,52.664280705095415,52.7198247617372,52.19773563842083,52.297706604003906,3716161,0.0,0.0
2016-02-22,52.84201252295921,53.69734812836191,52.775363227261,53.19747543334961,5452375,0.0,0.0
2016-02-23,52.875349529347126,52.875349529347126,51.77562702338422,52.1866340637207,4448419,0.0,0.0
2016-02-24,51.5423469717805,52.464331849487806,51.29796622708779,52.419898986816406,4353005,0.0,0.0
2016-02-25,52.58651015702954,53.430740356445305,52.16439803459684,53.43074035644531,3773283,0.0,0.0
2016-02-26,53.83064188324773,54.49714073489852,53.67512687392445,54.14167785644531,3967133,0.0,0.0
2016-02-29,54.01948892317146,55.252503860706504,53.886190332873156,53.99727249145508,6130602,0.0,0.0
2016-03-01,54.64154311584438,55.66350481908804,54.48602811060852,55.61907196044922,5126084,0.0,0.0
2016-03-02,55.04146617809761,55.54133900922712,54.37496708507386,55.11922073364258,4896542,0.0,0.0
2016-03-03,55.16363797293325,55.46356277750534,54.67487647659849,55.096988677978516,3356988,0.0,0.0
2016-03-04,55.09699064416406,56.20781822093544,54.6082291303874,55.863460540771484,5447386,0.0,0.0
2016-03-07,55.496885675729615,56.03007998995673,54.97479659910673,55.274715423583984,7553452,0.0,0.0
2016-03-08,54.863711770418604,55.13030891450987,53.81953366817711,54.24164581298828,6757468,0.0,0.0
2016-03-09,54.563799722698704,54.93037385853344,54.319418950326245,54.49715042114258,2458705,0.0,0.0
2016-03-10,54.819292124372055,55.35248654105301,54.05282217311712,54.57490539550781,3794572,0.0,0.0
2016-03-11,55.07477718517693,56.45220202564745,55.07477718517693,56.230037689208984,4857407,0.0,0.0
2016-03-14,55.7745878465153,56.285571683482374,55.719049749615124,55.85234832763672,2940412,0.0,0.0
2016-03-15,55.45246529382762,55.774600620549506,55.21918975158734,55.752384185791016,3974721,0.0,0.0
2016-03-16,55.63019092794683,56.46331012114711,55.31915491945001,56.27446746826172,3424087,0.0,0.0
2016-03-17,56.30778747225462,57.18533941151724,56.207810562600876,57.096473693847656,4099785,0.0,0.0
2016-03-18,57.3297632417999,58.018478748751015,57.174248181580964,57.38530731201172,7118538,0.0,0.0
2016-03-21,57.21866746155042,57.4297265418364,56.274466128702684,57.25199508666992,5003057,0.0,0.0
2016-03-22,56.77432510220539,57.25198124979939,56.57437726346723,56.929840087890625,4022498,0.0,0.0
2016-03-23,56.84099299283537,57.34086573062569,56.707694390031556,56.85210418701172,3016153,0.0,0.0
2016-03-24,56.485536350031296,57.018730820696476,56.107856933310124,57.007625579833984,3686582,0.0,0.0
2016-03-28,57.39639163680385,57.60745069032,57.163122108760525,57.27420425415039,3582666,0.0,0.0
2016-03-29,57.534143661282314,58.00963646421835,56.95676387819907,57.873783111572266,4574888,1.38,0.0
2016-03-30,58.23604566790881,58.47379201609779,57.98698124387308,58.28133010864258,3636486,0.0,0.0
2016-03-31,58.51907728741579,58.53040143327101,57.217146428488746,57.57942199707031,3939661,0.0,0.0
2016-04-01,57.04732705333152,58.08887538773828,56.65109118222683,57.896419525146484,4243890,0.0,0.0
2016-04-04,57.59074315613516,57.99830314965241,57.386963159376535,57.81716537475586,3404766,0.0,0.0
2016-04-05,57.38697047051738,58.054919134882454,57.31904379627727,57.443572998046875,3189206,0.0,0.0
2016-04-06,57.44355677997139,57.839798635504785,56.69636357428565,57.658660888671875,4462963,0.0,0.0
2016-04-07,57.13790699277183,57.319050881812245,56.71902881751514,57.103946685791016,4096483,0.0,0.0
2016-04-08,57.749238092549135,58.02094475199281,57.21714285013509,57.47753143310547,2888560,0.0,0.0
2016-04-11,57.669989413734534,58.0096288192642,57.33035607687881,57.466209411621094,2510276,0.0,0.0
2016-04-12,57.6473619808342,58.496448575145514,57.534150839504385,58.43984603881836,3625947,0.0,0.0
2016-04-13,58.847403254041936,59.26628749070318,58.70023181188744,59.107791900634766,4004863,0.0,0.0
2016-04-14,59.20968790866194,59.71913501065358,58.994583705651785,59.27761459350586,3723117,0.0,0.0
2016-04-15,59.504025518152105,59.537985819753956,58.8360768770143,59.28892135620117,3112762,0.0,0.0
2016-04-18,59.288941347941886,59.49272143228894,58.60967440011837,59.48140335083008,5266395,0.0,0.0
2016-04-19,59.843665041965664,60.37576039415791,59.76441421560726,60.05876922607422,4441112,0.0,0.0
2016-04-20,60.37575238621309,60.39839460950162,58.79079068734125,58.80210876464844,6232901,0.0,0.0
2016-04-21,59.09646515300552,59.492707145083024,58.530409499091164,58.8474006652832,4143768,0.0,0.0
2016-04-22,59.27760222352527,59.7983733653214,59.16438503706927,59.56062698364258,3797664,0.0,0.0
2016-04-25,59.33422581113012,59.48140335083007,58.46249686041842,59.48140335083008,5023503,0.0,0.0
2016-04-26,60.002159733815965,60.99842374451161,59.968199429220874,60.760677337646484,5458066,0.0,0.0
2016-04-27,60.62481459679426,61.11162541380304,60.26253903759663,60.68142318725586,5023644,0.0,0.0
2016-04-28,60.07006686595948,60.98707975309559,59.36815808974246,60.47762680053711,6409326,0.0,0.0
2016-04-29,60.57953311235271,60.78331312435989,59.18702726062563,59.56062698364258,5027578,0.0,0.0
2016-05-02,59.866303690711476,59.95687259046594,59.26628169550082,59.60591506958008,7684629,0.0,0.0
2016-05-03,58.79079508746299,59.07381986541527,58.28134199100444,58.609657287597656,4512005,0.0,0.0
2016-05-04,57.839806224801954,58.43982812425266,57.65866845420153,58.179439544677734,4353637,0.0,0.0
2016-05-05,58.51909266651939,58.84740802116636,57.39829929733315,57.568119049072266,3390503,0.0,0.0
2016-05-06,57.45490251249993,58.02095818405148,57.398293911007215,57.919071197509766,2992124,0.0,0.0
2016-05-09,57.794535814166,57.907746948277946,57.38697573136299,57.55678939819336,2779164,0.0,0.0
2016-05-10,58.22473459263536,58.53040767053701,57.81717453454964,58.34926986694336,2232184,0.0,0.0
2016-05-11,58.485118939459156,58.64361450600425,57.87377889707095,58.02095031738281,2531916,0.0,0.0
2016-05-12,58.82475660137669,58.96060995407193,57.964352034306856,58.34926986694336,3405328,0.0,0.0
2016-05-13,58.258694018059465,58.42850765434164,57.03600792092741,57.22846984863281,3515778,0.0,0.0
2016-05-16,57.31904343875228,58.45115466902603,57.28507706750681,58.41719436645508,3615688,0.0,0.0
2016-05-17,58.236055237823294,59.03985722727294,58.168128565560274,58.31529998779297,3802090,0.0,0.0
2016-05-18,57.99830235695036,58.564363964439124,57.16054015950406,57.5228157043457,3676675,0.0,0.0
2016-05-19,57.00203871040533,57.48884950957876,56.61712094286013,57.47753143310547,4492683,0.0,0.0
2016-05-20,57.771885201638185,58.564369094066286,57.68131630749488,58.145484924316406,3856402,0.0,0.0
2016-05-23,58.032264313578,59.50401467132834,57.93037128999758,59.16437530517578,5571186,0.0,0.0
2016-05-24,59.470047514410595,59.90024968548246,59.39080278039183,59.798362731933594,4818482,0.0,0.0
2016-05-25,59.90028388225199,60.57955692462163,59.809714952426255,59.84368133544922,6881057,0.0,0.0
2016-05-26,60.07007699031441,60.12668558066092,58.7568220222189,58.85871505737305,3591589,0.0,0.0
2016-05-27,58.564374975106695,59.25496589663568,58.49644222900318,59.073822021484375,3365701,0.0,0.0
2016-05-31,59.00588941867777,59.06249801185444,57.839811872245654,58.145484924316406,5195853,0.0,0.0
2016-06-01,57.81717813364706,58.53041131403292,57.31904914275618,58.39455795288086,3569246,0.0,0.0
2016-06-02,58.31529851365302,59.15306685239359,57.828493742411034,59.14174270629883,5590859,0.0,0.0
2016-06-03,59.23231291154769,60.28518543132755,59.028532895398975,60.183292388916016,6797376,0.0,0.0
2016-06-06,60.341781929026396,60.99841242858405,60.31913970727177,60.71538162231445,6554836,0.0,0.0
2016-06-07,60.9191840774156,60.98711076772225,60.71540400649566,60.794654846191406,4730305,0.0,0.0
2016-06-08,60.839926034619815,60.941813013515905,60.46632628509327,60.77199935913086,7371547,0.0,0.0
2016-06-09,60.28518716114308,60.771998025803995,59.88894519514702,60.67010498046875,4490997,0.0,0.0
2016-06-10,60.39839367331933,60.78331146325821,60.13800507520012,60.43235397338867,5219812,0.0,0.0
2016-06-13,60.02481060129294,60.37576818845905,59.54932378778372,59.65121078491211,3874318,0.0,0.0
2016-06-14,59.54931103569905,59.75309105499345,58.49643849966629,59.017215728759766,5352042,0.0,0.0
2016-06-15,59.00589296049922,59.300247952807794,58.54173038449062,58.711544036865234,4510108,0.0,0.0
2016-06-16,58.47380019287787,59.16438497630022,58.077558246711554,59.085140228271484,5077323,0.0,0.0
2016-06-17,59.10778266416471,59.93422686042908,58.960605176333694,59.922908782958984,5888413,0.0,0.0
2016-06-20,60.34180350739214,61.06636093131702,60.0814208984375,60.0814208984375,6699644,0.0,0.0
2016-06-21,60.27386825095661,60.602183571477454,60.047445984623295,60.30783462524414,4483690,0.0,0.0
2016-06-22,60.43235467402846,60.670101051966476,60.17197214156449,60.251216888427734,3485495,0.0,0.0
2016-06-23,60.851244112863974,61.06634828624964,60.56821933266402,60.77199935913086,5340309,0.0,0.0
2016-06-24,58.75682420518487,59.4813814177002,58.16812640081391,58.38322448730469,10740269,0.0,0.0
2016-06-27,57.80584643045018,58.04359281572954,56.06238912153307,56.571842193603516,8599705,0.0,0.0
2016-06-28,57.714355195125776,57.81826445892986,55.12823371192933,55.99412155151367,9893346,1.38,0.0
2016-06-29,56.64066103606348,57.46036844301629,56.49057123656464,57.03319549560547,7404359,0.0,0.0
2016-06-30,57.07936879673465,57.725902248802036,56.77919542448427,57.391090393066406,7859719,0.0,0.0
2016-07-01,57.34491401007938,57.910628500654134,57.09092113831832,57.19482421875,6815714,0.0,0.0
2016-07-05,56.88310478959441,57.09091712460709,56.23657133635162,56.2943000793457,5735807,0.0,0.0
2016-07-06,55.7285847004251,55.85557803088287,54.85114866733682,55.55540466308594,6213931,0.0,0.0
2016-07-07,55.613126194164686,56.14420208371384,55.18595336253962,55.64775848388672,3847408,0.0,0.0
2016-07-08,56.30584913795665,57.275646344408294,55.520780218872666,57.03319549560547,6631772,0.0,0.0
2016-07-11,57.16018851611788,58.00298608931189,57.09091773703723,57.5527229309082,3983152,0.0,0.0
2016-07-12,58.01452760036586,59.29604628491217,57.97989530551807,58.82269287109375,5026946,0.0,0.0
2016-07-13,59.09977979855892,59.21523110343301,58.75342588393665,59.08823776245117,3114519,0.0,0.0
2016-07-14,59.66549742832146,60.265844245276114,59.41150454422525,59.804039001464844,3449522,0.0,0.0
2016-07-15,59.93103223137867,60.196567124248226,59.677033185251034,60.10420608520508,2523907,0.0,0.0
2016-07-18,60.092679545963264,60.88929680751571,59.79250609166651,60.727664947509766,2758507,0.0,0.0
2016-07-19,60.26584848295299,60.76229224933807,60.150397163882054,60.45057678222656,2339472,0.0,0.0
2016-07-20,60.473652233447126,61.362630266924505,60.21965320494626,61.13172149658203,3478961,0.0,0.0
2016-07-21,61.17791233344323,61.18945436892267,60.36974705455971,60.61219787597656,3374764,0.0,0.0
2016-07-22,60.773817732048,61.48961564241252,60.53136695835211,61.32798385620117,2713611,0.0,0.0
2016-07-25,61.14328039781564,61.558905117249445,60.8892875137172,61.501182556152344,2963317,0.0,0.0
2016-07-26,61.755170357472124,62.32088482896443,61.70898983689149,61.81289291381836,4716674,0.0,0.0
2016-07-27,61.72051213506836,62.20541363485758,61.30488758275516,61.91678237915039,3187660,0.0,0.0
2016-07-28,62.22851177007883,62.470956361926085,61.628158929713116,61.96297073364258,4599058,0.0,0.0
2016-07-29,62.332414826939676,62.55177535171379,61.8706097103183,61.96297073364258,6811147,0.0,0.0
2016-08-01,62.089966304175206,62.343959102236674,61.5704324864889,61.939876556396484,7110950,0.0,0.0
2016-08-02,61.93988142026391,61.93988142026391,60.83154293475065,61.339534759521484,2868044,0.0,0.0
2016-08-03,61.454987629957635,61.92834098831908,61.08553733272542,61.685890197753906,1974327,0.0,0.0
2016-08-04,61.58198126428427,61.93988334058654,61.351078695301595,61.75516128540039,1901115,0.0,0.0
2016-08-05,61.928348541259766,62.08998035843019,61.708987980720444,61.928348541259766,2740942,0.0,0.0
2016-08-08,61.72052600603742,62.182337356707066,61.70898397136891,61.882164001464844,3509314,0.0,0.0
2016-08-09,61.98606715929408,61.99761538273804,61.45499122231854,61.639713287353516,1992735,0.0,0.0
2016-08-10,61.835991534831635,61.870623832103995,61.512721690653365,61.70899200439453,2214900,0.0,0.0
2016-08-11,61.824439278699316,61.97452906045132,61.25872482422338,61.928348541259766,4145314,0.0,0.0
2016-08-12,61.755176944809875,61.859086221579716,60.208123151577524,60.41593551635742,5171753,0.0,0.0
2016-08-15,60.38129037344166,61.327990944963624,60.335103668999196,60.946998596191406,4110394,0.0,0.0
2016-08-16,60.947014359851565,61.27028424201026,60.43902855593944,60.45057678222656,2620445,0.0,0.0
2016-08-17,60.462108809555886,61.0162750493478,60.1619354296686,60.77383041381836,2702791,0.0,0.0
2016-08-18,60.60063713569982,61.45498275756837,60.60063713569982,61.45498275756836,4263774,0.0,0.0
2016-08-19,61.131700064778386,61.847504005497605,61.131700064778386,61.67432403564453,3111287,0.0,0.0
2016-08-22,61.547347843138844,61.87061143377859,61.212536029882905,61.76670837402344,2333078,0.0,0.0
2016-08-23,61.97452597217852,62.332421883699126,61.47808232122835,62.0899772644043,3479874,0.0,0.0
2016-08-24,62.05533143597751,62.1246022031124,61.73206785601467,61.893699645996094,3353967,0.0,0.0
2016-08-25,61.93989251938817,62.48251673128743,61.859079702647776,62.3670654296875,4255342,0.0,0.0
2016-08-26,62.50558692263934,62.78266995751481,61.651241376349496,61.91678237915039,3665925,0.0,0.0
2016-08-29,62.00914375493149,62.817308800154805,62.00914375493149,62.49404525756836,3572478,0.0,0.0
2016-08-30,62.41323552642542,62.92122116862428,62.251603731180325,62.33241653442383,4448489,0.0,0.0
2016-08-31,62.06689009883441,62.24006395142325,61.674349496947315,61.928348541259766,3659531,0.0,0.0
2016-09-01,62.043796851501554,62.41324098724325,61.68589475062247,62.113067626953125,2596064,0.0,0.0
2016-09-02,62.47096170398485,62.713412505322644,62.2285170914055,62.551780700683594,2708411,0.0,0.0
2016-09-06,62.56333128489204,62.759595389266565,62.020707111604935,62.228519439697266,2903877,0.0,0.0
2016-09-07,62.05533940524098,62.29779021572805,61.74361781872314,62.228519439697266,3740963,0.0,0.0
2016-09-08,62.240054731266405,62.713408077237325,61.732069095411674,62.678775787353516,6995582,0.0,0.0
2016-09-09,62.25161602982362,63.025142868553374,61.42036044415077,61.662811279296875,8838802,0.0,0.0
2016-09-12,61.189446206035036,61.31644571192048,60.300468231111346,61.08553695678711,5078728,0.0,0.0
2016-09-13,60.61221712708961,60.63530739414118,59.53851042605024,60.08113479614258,4750048,0.0,0.0
2016-09-14,60.15038587917299,60.66991981190339,59.80403198693902,60.473655700683594,4238199,0.0,0.0
2016-09-15,60.427490089644785,61.17792680233633,60.277400271602296,61.01628875732422,3835464,0.0,0.0
2016-09-16,60.773830823425854,61.01627546058934,60.41592869676851,60.86619186401367,5266957,0.0,0.0
2016-09-19,61.177932834351175,61.431925776361254,61.06247530831283,61.20102310180664,5668778,0.0,0.0
2016-09-20,61.61662883856263,61.69744165525535,60.681470201775205,60.69301223754883,3496737,0.0,0.0
2016-09-21,60.69300811820277,61.15481948174526,60.381292719603074,60.889278411865234,5030459,0.0,0.0
2016-09-22,61.23561980153046,61.43189005515585,60.66990548344076,60.681453704833984,2910692,0.0,0.0
2016-09-23,60.45055945067269,60.90081637157784,60.13883788417365,60.31201171875,4238972,0.0,0.0
2016-09-26,60.27738529924821,60.34665607757841,60.05802474015646,60.18502426147461,3541915,0.0,0.0
2016-09-27,60.208116771115115,60.73919275816156,60.05802698474417,60.69301223754883,2812046,0.0,0.0
2016-09-28,61.657039757091376,61.727612174458756,60.76311616538852,61.551177978515625,4160069,1.38,0.0
2016-09-29,61.55116778235415,61.8922708956496,60.7513471846835,60.84544372558594,3568403,0.0,0.0
2016-09-30,61.21007403561021,61.49236370151432,60.91602545281807,60.96307373046875,4672059,0.0,0.0
2016-10-03,61.56293165939263,62.22160743133952,61.327684007220576,61.65702819824219,4929916,0.0,0.0
2016-10-04,61.71584524134638,62.04518317993017,60.85721103465689,60.998355865478516,4836750,0.0,0.0
2016-10-05,61.198308370395736,62.33923213014002,61.139494877293096,61.98637008666992,4472589,0.0,0.0
2016-10-06,61.9275623149305,63.05672726340468,61.60998959899179,63.033203125,5705665,0.0,0.0
2016-10-07,63.03320834140323,63.197877323863466,62.09223642229507,62.327484130859375,4784827,0.0,0.0
2016-10-10,62.96262920616165,63.39782890877986,62.774436103418424,62.974388122558594,3664379,0.0,0.0
2016-10-11,62.856758716803995,62.96262047494138,62.24513121770478,62.95085525512695,3487603,0.0,0.0
2016-10-12,62.939093232979296,63.15081043375321,62.20983879193246,62.58623123168945,2147309,0.0,0.0
2016-10-13,61.86874318283622,62.40979826173843,61.37473006661669,62.23336410522461,3176840,0.0,0.0
2016-10-14,62.36274800747708,63.23314723781554,62.36274800747708,62.78618240356445,3269795,0.0,0.0
2016-10-17,62.609756460622705,63.22138394022706,62.08046029690267,62.33922576904297,3351086,0.0,0.0
2016-10-18,62.986145113015,63.397820623992814,62.774427900095944,63.150814056396484,2994513,0.0,0.0
2016-10-19,63.37429828268791,63.71539509396407,63.04496038660482,63.43310546875,4516010,0.0,0.0
2016-10-20,63.186116941350384,63.480165536401806,62.93911032086162,63.30373764038086,2630281,0.0,0.0
2016-10-21,62.927332656685685,63.75067730461488,62.72737437537905,63.633056640625,4617677,0.0,0.0
2016-10-24,63.903583606755845,63.95063186961773,63.50366706738256,63.79772186279297,3751432,0.0,0.0
2016-10-25,63.833043506884486,63.86832656935767,63.22140947519477,63.64484405517578,5273842,0.0,0.0
2016-10-26,63.33901739735671,63.52721050599988,62.92734812472438,63.23316192626953,4561117,0.0,0.0
2016-10-27,63.78597296496068,64.91513145094076,63.43310463304363,64.17411804199219,7812504,0.0,0.0
2016-10-28,64.12708037156136,64.62109359588332,63.35078378413293,63.421356201171875,5716906,0.0,0.0
2016-10-31,63.691885961364136,63.691885961364136,63.04496899604782,63.291969299316406,4183044,0.0,0.0
2016-11-01,63.550716586998426,63.550716586998426,62.68032370684106,63.25666809082031,4998279,0.0,0.0
2016-11-02,63.127291342993075,63.221387884186875,62.821477584113225,63.044960021972656,4358977,0.0,0.0
2016-11-03,63.174346301601865,63.19787043939073,62.62152591103927,62.645050048828125,3407576,0.0,0.0
2016-11-04,62.62151367427064,62.78618260661493,62.26865167639,62.49213409423828,4363052,0.0,0.0
2016-11-07,63.20964444108791,63.444885851653204,62.59801046856829,63.103782653808594,5274615,0.0,0.0
2016-11-08,63.092015451282066,63.19787091961178,62.668574662816084,62.845008850097656,5745643,0.0,0.0
2016-11-09,61.233586151383705,63.574246962496645,60.69253106463555,63.36252975463867,7850163,0.0,0.0
2016-11-10,63.291966443157406,63.90360032542684,63.04496615103513,63.6918830871582,7753695,0.0,0.0
2016-11-11,63.38607234648695,63.59778961599571,62.19810007060729,63.103782653808594,8692660,0.0,0.0
2016-11-14,63.23316702671981,63.597788051602045,62.42158102770821,62.88029861450195,5581655,0.0,0.0
2016-11-15,62.85676106117017,62.95085760300264,61.53940317046721,62.539188385009766,5947362,0.0,0.0
2016-11-16,62.527432587071225,63.174349562178136,62.36276361405029,62.55095672607422,3288203,0.0,0.0
2016-11-17,62.71562795931211,62.84501388101618,62.009903763788685,62.76267623901367,2990016,0.0,0.0
2016-11-18,62.56270439022715,62.903801157518956,62.350987198617474,62.6097526550293,4454321,0.0,0.0
2016-11-21,62.98616461927741,63.6566058203416,62.9391163351694,63.51546096801758,5237588,0.0,0.0
2016-11-22,63.40957803254858,64.17411554689645,63.10376428781904,63.90359115600586,7826345,0.0,0.0
2016-11-23,63.60952827966421,63.93886611694462,63.38604588041461,63.59776306152344,3415797,0.0,0.0
2016-11-25,63.57424376091081,63.8682985762068,63.327243516706076,63.72715377807617,1752584,0.0,0.0
2016-11-28,63.66836571016118,64.03298672892754,63.39783494667842,63.891841888427734,4685338,0.0,0.0
2016-11-29,63.574253592840854,63.85654953780765,63.150819132963704,63.50368118286133,3900244,0.0,0.0
2016-11-30,63.8447917305442,65.9619768858727,63.66836383763311,65.53853607177734,12869662,0.0,0.0
2016-12-01,65.87964796423425,66.43246846562012,65.62088239668242,65.99726867675781,7718987,0.0,0.0
2016-12-02,65.8561100187017,65.9031582938501,65.12685544885254,65.1856689453125,5357171,0.0,0.0
2016-12-05,65.5620459620194,66.49125241855378,65.53852182774065,65.93843841552734,7960824,0.0,0.0
2016-12-06,65.73848131525867,66.15015682513555,64.97394378479365,66.12663269042969,6976330,0.0,0.0
2016-12-07,65.93843147166304,67.03230675295447,65.7972803758069,66.92644500732422,5758290,0.0,0.0
2016-12-08,67.02053910619945,67.90269716931486,66.45595996342067,67.54983520507812,5688240,0.0,0.0
2016-12-09,67.59689890175152,67.92623681023868,67.1969885843028,67.87918853759766,4645360,0.0,0.0
2016-12-12,68.11444543271948,68.89074203645448,67.96153537339846,68.53787994384766,7247958,0.0,0.0
2016-12-13,68.42025265286517,68.8554523443328,67.85566705405216,68.396728515625,5099174,0.0,0.0
2016-12-14,68.18500842904963,68.49082220038312,67.5380915294737,67.82038116455078,6884359,0.0,0.0
2016-12-15,67.53807515517508,68.78486037953668,67.53807515517508,68.63195037841797,4125852,0.0,0.0
2016-12-16,69.32593028279048,69.39650268961825,68.13795828199903,68.7025375366211,6942324,0.0,0.0
2016-12-19,69.32591123384711,69.32591123384711,68.63194627153334,69.1377182006836,4103087,0.0,0.0
2016-12-20,69.27888319225784,69.39650387230866,68.97306942412573,69.16126251220703,3495753,0.0,0.0
2016-12-21,69.32593924477997,69.78466310098533,68.98483608182609,69.49060821533203,3738012,0.0,0.0
2016-12-22,69.4200494848604,69.57295956875663,68.70255996205582,69.10247039794922,3892165,0.0,0.0
2016-12-23,69.5803517973084,69.90326001530858,69.4129195685663,69.87934112548828,2160167,1.38,0.0
2016-12-27,69.91523127918654,70.44144692006279,69.81954929726507,69.86739349365234,1479972,0.0,0.0
2016-12-28,70.0706882556941,70.23812047490611,69.22156450997863,69.2454833984375,2348114,0.0,0.0
2016-12-29,69.36507257840655,69.53250478491645,68.61162444368627,68.67142486572266,2296824,0.0,0.0
2016-12-30,68.83886323799834,68.86278212678498,68.06149614700648,68.43223571777344,3479031,0.0,0.0
2017-01-03,68.40832569828623,69.28136837579991,67.59507703946203,68.88670349121094,4977763,0.0,0.0
2017-01-04,69.2215662411623,69.68798778320088,69.0062962396488,69.43683624267578,3686371,0.0,0.0
2017-01-05,69.47271974571846,69.59231419438473,68.67143373422832,69.12589263916016,2905704,0.0,0.0
2017-01-06,69.12589832699155,69.23353654507403,68.30069335786847,68.69535827636719,3579434,0.0,0.0
2017-01-09,68.6475146057847,70.65670774724367,68.63555195553356,69.11392974853516,7799435,0.0,0.0
2017-01-10,69.01826625445916,69.1617860282994,68.36049346867591,68.97042846679688,4151778,0.0,0.0
2017-01-11,69.24547022150523,69.72384789965047,68.68337324425923,69.67601013183594,4561679,0.0,0.0
2017-01-12,69.68799517090727,70.09461632798359,69.4368436037573,69.7119140625,4255483,0.0,0.0
2017-01-13,69.68798975331775,69.75974642251751,69.04217331966764,69.12589263916016,4053905,0.0,0.0
2017-01-17,68.79104496920046,68.79104496920046,68.13327213560093,68.56381225585938,3705833,0.0,0.0
2017-01-18,68.81494977582041,69.01825714111328,68.27677153025532,69.01825714111328,2733635,0.0,0.0
2017-01-19,69.2215709326232,69.36508427669207,67.88210664379449,68.27677154541016,2870854,0.0,0.0
2017-01-20,68.43224627014797,68.9225867713115,68.14521956044824,68.62360382080078,4961955,0.0,0.0
2017-01-23,68.62359619902455,68.9704168959651,67.98974241341101,68.33656311035156,3449311,0.0,0.0
2017-01-24,68.86280151315017,71.48193018890667,68.5877310092395,71.32645416259766,6467362,0.0,0.0
2017-01-25,71.06331846749727,72.17554987881944,70.97960557140382,72.00811767578125,6121608,0.0,0.0
2017-01-26,72.31907273684803,73.73029349153357,72.00812079260932,73.4552230834961,7329320,0.0,0.0
2017-01-27,73.44325623327614,73.82596481717351,73.21603002345557,73.32366180419922,3697191,0.0,0.0
2017-01-30,72.76158345685464,72.85725902467195,71.52975731578033,71.9363784790039,3826119,0.0,0.0
2017-01-31,71.56563520068606,71.69718589428355,70.81218693721478,71.31448364257812,4038377,0.0,0.0
2017-02-01,71.29057105340367,72.1636138477034,70.95570655356188,72.11577606201172,3936499,0.0,0.0
2017-02-02,72.09184285363312,72.46258882454985,71.4460328750362,71.58954620361328,2956010,0.0,0.0
2017-02-03,71.7210910420015,72.09183698272598,71.17095666059032,72.00811767578125,3194756,0.0,0.0
2017-02-06,71.79287054809413,71.93638391065628,71.5178064752767,71.78091430664062,2788368,0.0,0.0
2017-02-07,71.64934983465477,72.00813320425067,71.35036048789853,71.5058364868164,2205204,0.0,0.0
2017-02-08,71.57758009410064,71.75697495157603,71.15899636722575,71.43406677246094,3319961,0.0,0.0
2017-02-09,71.58955431279519,72.17556393210498,71.31448386310505,72.06793212890625,2698083,0.0,0.0
2017-02-10,72.40278585186118,73.31170997839334,72.25927252833267,73.1801528930664,3348979,0.0,0.0
2017-02-13,73.21604426730558,73.96949252249577,73.19212537683688,73.62266540527344,2819915,0.0,0.0
2017-02-14,73.01272464813356,73.83792950867115,72.5104279885004,73.81401062011719,3174802,0.0,0.0
2017-02-15,73.52697622978113,73.59873288790138,73.02467962293936,73.07251739501953,5480549,0.0,0.0
2017-02-16,72.73764226175489,73.47913409583231,72.71372337713468,73.44325256347656,3239793,0.0,0.0
2017-02-17,73.19212120133986,73.33563453596483,72.35495367184211,73.26387786865234,2854765,0.0,0.0
2017-02-21,73.2279901736678,73.98143832253643,73.00076395170606,73.21603393554688,3514232,0.0,0.0
2017-02-22,73.18015558430119,76.97131538072999,73.04860490498801,76.14611053466797,13197147,0.0,0.0
2017-02-23,76.09826852650184,76.39725781698043,75.380701922375,75.78732299804688,4388697,0.0,0.0
2017-02-24,75.29699117713122,76.0504394025845,75.12955895045852,76.00260162353516,3701688,0.0,0.0
2017-02-27,75.58402623652816,76.07436673160718,74.99801017273644,75.2372055053711,5101422,0.0,0.0
2017-02-28,74.8664523662329,75.20131682494817,74.11300412869745,74.45983123779297,5127770,0.0,0.0
2017-03-01,75.18935571348966,76.11023612071385,75.00996084537574,75.89496612548828,6233323,0.0,0.0
2017-03-02,75.84710246974366,76.146091702906,75.61987629408847,75.76338958740234,3974159,0.0,0.0
2017-03-03,75.88300198852131,76.07435309163786,75.40462423072994,75.65576934814453,2509222,0.0,0.0
2017-03-06,75.59598196998515,76.50489978957745,75.17739818974675,75.95476531982422,5128051,0.0,0.0
2017-03-07,75.7275383317423,75.94281476862297,75.4763931734695,75.52423095703125,5361738,0.0,0.0
2017-03-08,75.60794608135042,76.60058332467811,75.3448382640754,75.67970275878906,4866049,0.0,0.0
2017-03-09,75.66773814413924,76.17003483062263,75.11760367799077,75.99064636230469,4194778,0.0,0.0
2017-03-10,76.33746361972787,76.60057139603035,75.85908584463246,76.34942626953125,3863709,0.0,0.0
2017-03-13,76.39726994572219,76.82780997655033,76.26571284198734,76.6723403930664,3083042,0.0,0.0
2017-03-14,76.52882065365843,76.68429664802541,75.89497325801855,76.1580810546875,2478588,0.0,0.0
2017-03-15,76.44510259945095,77.1387503803706,76.26570772654571,77.0669937133789,3111919,0.0,0.0
2017-03-16,77.03111706122229,77.11482996563028,76.13415553614686,76.37334442138672,3374905,0.0,0.0
2017-03-17,76.72018877848477,76.99525285299569,76.3255238235824,76.57667541503906,7688002,0.0,0.0
2017-03-20,76.48099066362789,77.33012098293075,76.20592659906104,77.13876342773438,4620768,0.0,0.0
2017-03-21,77.18659136155645,77.41382402188616,75.23719862195777,75.44050598144531,6969656,0.0,0.0
2017-03-22,75.17740187848759,75.26112120298406,74.1130080163121,75.09368896484375,6510010,0.0,0.0
2017-03-23,74.92625002432767,76.45706546364998,74.74686154673019,76.33747100830078,5372769,0.0,0.0
2017-03-24,76.14611644157195,76.8517269016986,75.11760417200854,75.44050598144531,4169694,0.0,0.0
2017-03-27,74.89037608268369,77.33011583226453,74.5315927109373,76.56470489501953,5839441,0.0,0.0
2017-03-28,76.38529808126016,78.23902149556051,75.96672075164861,77.73672485351562,5968791,0.0,0.0
2017-03-29,78.03974158123826,78.53750705205503,77.77264966000051,78.20970916748047,2717897,1.38,0.0
2017-03-30,78.16117640735973,78.39185004372743,77.68769184214793,77.91836547851562,3253354,0.0,0.0
2017-03-31,77.66338221432795,77.77265034612651,77.11706107912283,77.14134216308594,4663979,0.0,0.0
2017-04-03,77.17778006045829,77.43273476053704,75.63592758475991,76.55860900878906,3936007,0.0,0.0
2017-04-04,76.55860902936834,76.78928263940308,75.97586286666696,76.72857666015625,3573883,0.0,0.0
2017-04-05,77.06849563443151,78.2218503276055,76.92280262891819,77.11705780029297,4435350,0.0,0.0
2017-04-06,77.09278327525521,77.6998104001601,76.92280917235233,77.22632598876953,2679323,0.0,0.0
2017-04-07,77.00781902909388,77.17778667440189,76.60717775404497,76.71644592285156,1899570,0.0,0.0
2017-04-10,76.67999600963495,77.01993769725816,76.52217221588457,76.81354522705078,2798837,0.0,0.0
2017-04-11,76.54646941769792,76.64359377520374,75.70876858024495,75.86659240722656,3445025,0.0,0.0
2017-04-12,76.17009148670567,76.17009148670567,75.01673675675762,75.174560546875,3470038,0.0,0.0
2017-04-13,74.90747262531323,74.91961642177861,74.09405302380681,74.13047790527344,3918723,0.0,0.0
2017-04-17,74.23974305564188,74.98031943727646,73.89980784949843,74.94390106201172,3392821,0.0,0.0
2017-04-18,74.7860750139984,75.12601023953243,74.2033289130829,74.64038848876953,3111989,0.0,0.0
2017-04-19,75.0046092129932,75.18672063420468,74.44614416677155,74.72537994384766,3311881,0.0,0.0
2017-04-20,75.08958328219602,75.87872179098116,74.65251724851987,75.19884490966797,3574586,0.0,0.0
2017-04-21,75.15030456944685,75.6602140055302,74.90749365127922,75.4659652709961,4100558,0.0,0.0
2017-04-24,76.0365611956768,76.71643821654541,76.01228010592902,76.2672348022461,3466455,0.0,0.0
2017-04-25,77.67554381091622,78.80461772791101,77.469151295967,78.68321228027344,5436355,0.0,0.0
2017-04-26,78.31899366659914,78.76819706379942,77.90621515659939,78.1004638671875,3301904,0.0,0.0
2017-04-27,77.7362583026311,77.95478813231283,76.49791609316982,76.71644592285156,4896893,0.0,0.0
2017-04-28,76.69215383446853,77.2020566972822,75.74518486702691,76.24295043945312,3339142,0.0,0.0
2017-05-01,76.68000997466899,76.70429106335493,75.89087133841053,75.90301513671875,3337315,0.0,0.0
2017-05-02,76.27937526531615,76.48576126518142,75.64806045155109,75.90301513671875,4051305,0.0,0.0
2017-05-03,75.56306870809928,75.81801684759171,74.32472686052054,74.91961669921875,6049240,0.0,0.0
2017-05-04,75.13815951186602,75.21100277978785,74.33687705679523,74.56755065917969,5456309,0.0,0.0
2017-05-05,74.88320517217552,76.7528555655551,74.67681265812816,76.59503173828125,7160343,0.0,0.0
2017-05-08,76.29151799743785,76.41292344952723,75.49024201364803,75.72090911865234,3495964,0.0,0.0
2017-05-09,75.69661586662463,76.1822441048908,74.95603947389688,75.0653076171875,2755065,0.0,0.0
2017-05-10,75.24740809398466,75.41738219755231,74.59181879652331,74.91961669921875,3032032,0.0,0.0
2017-05-11,75.05316054636967,75.35667736855629,73.57200782551763,75.10172271728516,4924365,0.0,0.0
2017-05-12,75.01674875335439,75.36882126941413,74.81035625489197,75.32025909423828,2147871,0.0,0.0
2017-05-15,75.68448857896793,76.43720236045957,75.56308313034025,75.75733184814453,2420413,0.0,0.0
2017-05-16,75.91514690920155,76.15795777841228,75.47808734462222,75.63591766357422,2552573,0.0,0.0
2017-05-17,75.63593046722312,75.63593046722312,73.00141582049102,73.0864028930664,5161074,0.0,0.0
2017-05-18,72.6371930344253,73.88767236597351,71.98160363452745,73.54773712158203,3577396,0.0,0.0
2017-05-19,73.6084303215911,75.18670733311298,73.5598681522498,74.40970611572266,5603576,0.0,0.0
2017-05-22,75.04103175687655,75.15029339984673,73.99693845600818,74.03336334228516,3595453,0.0,0.0
2017-05-23,74.2640193767143,74.59181727271327,73.74197280395427,73.79053497314453,3733164,0.0,0.0
2017-05-24,74.02121207172279,75.15028581337269,73.98478718912293,74.60395812988281,3846284,0.0,0.0
2017-05-25,74.93177792742166,75.12602667021062,73.31708199902263,73.63273620605469,3167425,0.0,0.0
2017-05-26,73.4020388473066,74.25188333027965,73.37775776230536,74.13047790527344,2194595,0.0,0.0
2017-05-30,73.76625721346701,74.17904217811939,73.5841523247601,73.92408752441406,2786752,0.0,0.0
2017-05-31,74.04550086609274,75.24741799013997,73.5234542140111,75.22313690185547,7733601,0.0,0.0
2017-06-01,75.22314680547501,76.3158024300625,75.12602243955001,76.19439697265625,4110184,0.0,0.0
2017-06-02,76.4493462830305,77.00781134762178,76.24295376606396,76.54647064208984,3267968,0.0,0.0
2017-06-05,76.48576034475592,76.89853884744961,76.30365543576802,76.74071502685547,3897083,0.0,0.0
2017-06-06,76.48576154192389,77.77266575486577,76.31579392050729,77.37202453613281,4406052,0.0,0.0
2017-06-07,77.62698255913442,77.82123127767488,76.77713790758908,77.67554473876953,4496126,0.0,0.0
2017-06-08,77.6755349106189,77.9790517489003,77.1899131757126,77.66339111328125,3820639,0.0,0.0
2017-06-09,77.784808735256,78.79247716273758,77.68767787325167,78.59822845458984,5874572,0.0,0.0
2017-06-12,78.59823047594348,78.59823047594348,77.37202571233027,77.71196746826172,3849938,0.0,0.0
2017-06-13,77.65125320076213,79.2902363048138,77.65125320076213,79.22953033447266,3817969,0.0,0.0
2017-06-14,79.3266720819102,79.42379644941745,77.94264333700049,78.3432846069336,3693467,0.0,0.0
2017-06-15,77.80908310870268,78.30684212640847,76.70428391456305,77.82122039794922,5114561,0.0,0.0
2017-06-16,78.48894050912742,78.610345921104,77.50555341815264,78.17328643798828,6640062,0.0,0.0
2017-06-19,78.50112149728052,79.4845090541738,78.50112149728052,79.18099212646484,3064704,0.0,0.0
2017-06-20,79.10812921332861,79.37522117994102,78.6103636579494,79.03528594970703,5162198,0.0,0.0
2017-06-21,79.0352888842257,79.14455052974971,77.12921365346146,77.31132507324219,4206160,0.0,0.0
2017-06-22,77.3598807388559,77.85764627081625,77.17776933440481,77.49342346191406,3362188,0.0,0.0
2017-06-23,77.50557701120879,77.69982572950154,76.83784378811205,77.0563735961914,5044581,0.0,0.0
2017-06-26,77.14133889274748,77.65124163435569,76.84995938961383,77.1777572631836,3224125,0.0,0.0
2017-06-27,77.28704604075689,77.38417039844255,76.47362629117418,76.59503173828125,3700142,0.0,0.0
2017-06-28,78.1974308080791,78.37005793353215,77.75354948136285,77.98782348632812,3594399,1.38,0.0
2017-06-29,78.02481403529625,78.8262697739591,77.06307111460572,77.3219985961914,3116697,0.0,0.0
2017-06-30,77.53161038969968,78.2220990769857,77.18636935081064,77.76588439941406,4713161,0.0,0.0
2017-07-03,78.19745432814983,79.20852426373001,78.06182718672457,78.838623046875,2117729,0.0,0.0
2017-07-05,78.91259764137175,79.03589803816377,77.72890722265912,78.19744873046875,2706444,0.0,0.0
2017-07-06,78.02481611457662,78.85093195014412,77.48229445254997,78.37006378173828,2366733,0.0,0.0
2017-07-07,78.4317135803963,78.88792829971688,78.00015893753879,78.7769546508789,2315443,0.0,0.0
2017-07-10,78.77696849342446,79.94833224551172,78.34542038424466,79.55376434326172,2526506,0.0,0.0
2017-07-11,79.62772319566412,79.66471661167603,78.81394074798952,79.59073638916016,2317129,0.0,0.0
2017-07-12,80.03462883538687,81.89647460810986,79.80036140298412,81.7238540649414,4802252,0.0,0.0
2017-07-13,81.71151813055167,81.97045224184872,80.70045498119438,80.89773559570312,3406733,0.0,0.0
2017-07-14,81.05802150919173,81.89647071711164,80.79909401149546,81.67453002929688,2207382,0.0,0.0
2017-07-17,81.686852735857,81.94578683029724,81.21831130690119,81.52656555175781,2050419,0.0,0.0
2017-07-18,81.3539601280573,81.5512407663466,80.87308526747242,81.07036590576172,1711692,0.0,0.0
2017-07-19,81.29231105961648,82.35270115779191,81.19367073508946,82.32804107666016,2230638,0.0,0.0
2017-07-20,82.32801455279407,82.47597499191576,81.69917938177306,81.85946655273438,3054797,0.0,0.0
2017-07-21,81.74851199987047,82.04443292326016,81.45259107648079,81.55123138427734,2157005,0.0,0.0
2017-07-24,81.47725128724439,82.1430733659647,81.2183171740988,81.64987182617188,2477605,0.0,0.0
2017-07-25,82.71025278979678,83.22811435050161,82.15539781285904,82.4266586303711,3576132,0.0,0.0
2017-07-26,82.27869593306012,82.37733622763812,81.35393986663735,81.8964614868164,3447133,0.0,0.0
2017-07-27,83.49758511509738,84.1357359583319,82.17123264513626,82.70928192138672,4087560,1.38,0.0
2017-07-28,83.38498739452808,83.71031756485145,81.6081774491845,82.18376159667969,2698926,0.0,0.0
2017-07-31,82.54662665235232,82.62170283953304,80.34438512096105,80.38191986083984,4972072,0.0,0.0
2017-08-01,80.65718906766698,81.08262744893011,80.18170660866838,80.94498443603516,3653700,0.0,0.0
2017-08-02,80.49454981486399,80.71977841087701,79.96900971674279,80.4570083618164,2432708,0.0,0.0
2017-08-03,80.46951713261366,80.7447965028272,79.13064831634883,79.36839294433594,4345698,0.0,0.0
2017-08-04,79.51854335521507,80.28182130740002,79.4810086139199,80.2192611694336,2821320,0.0,0.0
2017-08-07,80.26931901678361,80.344395213395,79.593626539857,79.93147277832031,2732370,0.0,0.0
2017-08-08,79.83137481354812,80.09414486735074,79.03055530584813,79.34337615966797,2950530,0.0,0.0
2017-08-09,79.16819819911595,79.65619685200681,79.01804579936864,79.45599365234375,2272514,0.0,0.0
2017-08-10,79.15568183517777,79.3308663416206,78.22974204036525,78.9679946899414,3691078,0.0,0.0
2017-08-11,78.88039080813965,79.40593083514432,78.86788146376601,79.15567016601562,3506222,0.0,0.0
2017-08-14,79.49352855971966,79.9565018135912,79.13065690588259,79.34337615966797,2226493,0.0,0.0
2017-08-15,79.60614102963942,79.743777367012,79.08060095625656,79.668701171875,2615386,0.0,0.0
2017-08-16,79.81886740519057,80.10666289017357,79.54358797527966,80.00656127929688,3621028,0.0,0.0
2017-08-17,79.58112792311081,80.01906910867442,79.03056236631035,79.05558776855469,4207143,0.0,0.0
2017-08-18,78.73025523829655,79.56860954269162,78.61764428520077,79.33087158203125,3816564,0.0,0.0
2017-08-21,79.45599117903772,80.05660075933116,79.04306873887396,79.90644836425781,3633745,0.0,0.0
2017-08-22,80.23177237081319,81.27032971041665,80.11916143689815,81.0576171875,4094586,0.0,0.0
2017-08-23,80.70726381744154,81.55813412519664,80.70726381744154,80.80736541748047,3382634,0.0,0.0
2017-08-24,80.81987416996,81.1076695977847,80.46951860147477,80.51956939697266,2074730,0.0,0.0
2017-08-25,80.81987580931424,81.00756964995036,80.41946943720926,80.75730895996094,1880529,0.0,0.0
2017-08-28,80.98252685788758,81.10765382229502,80.43196150707242,80.91996002197266,3097164,0.0,0.0
2017-08-29,80.53208086503233,80.60715706025825,80.13167449049415,80.35690307617188,2225931,0.0,0.0
2017-08-30,79.89392785649447,81.30787289240396,79.76880086757643,81.20777130126953,3035967,0.0,0.0
2017-08-31,81.40797000889592,83.39749908447266,81.38294461248785,83.39749908447266,30775684,0.0,0.0
2017-09-01,83.41000198157427,84.21082131215452,82.15872555046795,84.0606689453125,5157912,0.0,0.0
2017-09-05,83.86047282276216,84.0481599433443,81.30786895751953,81.30786895751953,7401267,0.0,0.0
2017-09-06,81.58315712188435,81.74582557086777,80.09414251145752,81.17023468017578,7269107,0.0,0.0
2017-09-07,80.8323935221056,81.27033464687695,80.35690423804262,80.9324951171875,4484392,0.0,0.0
2017-09-08,81.20776184821193,81.58314277126955,80.88243171489533,81.14519500732422,5691121,0.0,0.0
2017-09-11,81.64571248693608,84.03564784235452,81.58314564384534,83.64775085449219,8127061,0.0,0.0
2017-09-12,85.33698313176174,86.65082669633803,84.83647513045133,85.73739624023438,10279850,0.0,0.0
2017-09-13,86.2128545490313,87.08875001194521,85.4495767083918,86.963623046875,6480571,0.0,0.0
2017-09-14,87.0887702136659,87.96465917233472,86.61328092867885,87.61430358886719,8617340,0.0,0.0
2017-09-15,87.91459327862209,88.46515195810444,86.96362828678895,87.4140853881836,22751906,0.0,0.0
2017-09-18,87.58930155939777,88.05227491478733,87.11381885497306,87.30150604248047,5053926,0.0,0.0
2017-09-19,87.61429783851324,87.7269087720963,87.13881529215732,87.6518325805664,4716815,0.0,0.0
2017-09-20,87.93963410462086,88.21491349266753,87.16384673830753,88.10230255126953,4786443,0.0,0.0
2017-09-21,88.10228742929687,88.21489835136622,87.71439045900726,87.98966979980469,3126674,0.0,0.0
2017-09-22,87.76445894365268,87.87707659585126,87.18887475138838,87.53923034667969,2865795,0.0,0.0
2017-09-25,87.6768556366863,88.06475263627857,86.60076358682403,88.01470184326172,4510178,0.0,0.0
2017-09-26,87.9146142766177,88.18989368210808,86.75092979969618,86.77595520019531,3684685,0.0,0.0
2017-09-27,86.98865229500784,86.98865229500784,85.42456168800028,86.08773803710938,4949167,0.0,0.0
2017-09-28,85.63728337869559,86.42558673080998,84.79892923303181,86.41307067871094,5540552,0.0,0.0
2017-09-29,86.33799042456228,86.85101438800768,85.79994106552009,86.62578582763672,4037604,0.0,0.0
2017-10-02,86.83851266485237,88.11481475830078,86.52569852198992,88.11481475830078,4246981,0.0,0.0
2017-10-03,88.10230837124173,88.3650717234777,87.46415730308397,88.03974151611328,4775131,0.0,0.0
2017-10-04,88.31501311498464,88.72793554154018,88.13983532650552,88.15235137939453,4215083,0.0,0.0
2017-10-05,88.61531429170292,88.84054285068356,87.88957111645331,88.8030014038086,3851413,0.0,0.0
2017-10-06,88.59029699760734,89.12834644326865,88.36506840097744,89.11583709716797,2984185,0.0,0.0
2017-10-09,89.0907967596911,89.94166020429537,88.84054280539573,89.69140625,3708924,0.0,0.0
2017-10-10,89.54125592094431,89.77900053666228,89.0407480009309,89.55377197265625,3392892,0.0,0.0
2017-10-11,89.46618063030243,89.62884905964998,88.74044413900374,89.6163330078125,3577045,0.0,0.0
2017-10-12,89.46618380943518,89.62885224456308,89.10331219717975,89.34105682373047,3136932,0.0,0.0
2017-10-13,89.50372042376944,89.71643293426473,89.02823119635444,89.37859344482422,3608733,0.0,0.0
2017-10-16,89.841568378183,89.85408443096837,88.60280781619635,88.75296020507812,3047209,0.0,0.0
2017-10-17,88.5902984917017,88.76548299945922,88.25245894477119,88.6904067993164,3939309,0.0,0.0
2017-10-18,88.66537105873098,88.80300738922891,88.28998339437196,88.56526947021484,3341039,0.0,0.0
2017-10-19,88.4026065925263,88.94065601833634,87.95214941588604,88.70291137695312,4220142,0.0,0.0
2017-10-20,89.09081366922234,89.32855161721434,88.8405596674285,89.06578826904297,5181238,0.0,0.0
2017-10-23,90.0292478120502,90.31704319840087,89.34104611941873,89.52873992919922,7872928,0.0,0.0
2017-10-24,89.89163109267568,90.24199342060945,89.60384232954128,89.91665649414062,7282386,0.0,0.0
2017-10-25,89.9166366146766,90.21694807328532,88.75295235012112,88.95315551757812,5365532,0.0,0.0
2017-10-26,90.50474908250004,92.40669284687472,90.12936809246193,91.40567016601562,11836829,0.0,0.0
2017-10-27,91.34310126163645,91.46822825550443,90.37962005514105,90.76751708984375,6033501,0.0,0.0
2017-10-30,90.49222561116827,90.85509049118502,89.4912030865637,89.69140625,4117842,0.0,0.0
2017-10-31,89.9792055098865,90.67991661196336,89.59130851038226,90.4797134399414,4220985,0.0,0.0
2017-11-01,91.48074497190844,92.06884520106408,90.49223835947201,91.74351501464844,5598728,0.0,0.0
2017-11-02,90.11684411614392,91.59335596199601,89.5412599820233,90.14187622070312,7246905,0.0,0.0
2017-11-03,90.2044328717137,90.42966143722545,88.66536765367184,89.0407485961914,6055844,0.0,0.0
2017-11-06,89.34105955898576,89.75398197816506,87.75193673074821,87.88957977294922,6513874,0.0,0.0
2017-11-07,88.70291097544946,89.02824115710597,87.9896837619521,89.01573181152344,4720820,0.0,0.0
2017-11-08,89.22844871606966,89.46619336802107,88.47768672162981,88.60281372070312,4279863,0.0,0.0
2017-11-09,88.21492239040097,88.26497319327598,87.60179670146984,87.87708282470703,3193000,0.0,0.0
2017-11-10,87.87707946739374,88.20240967365214,87.26395380188686,87.55174255371094,5007554,0.0,0.0
2017-11-13,86.8885540025659,88.4026005822508,86.7258922757723,88.16485595703125,4556129,0.0,0.0
2017-11-14,88.34329100348126,88.5078231062918,86.48276407454084,86.7865219116211,5714307,1.14,0.0
2017-11-15,86.34352474688164,87.5079363902541,86.065080106728,87.29277801513672,10469625,0.0,0.0
2017-11-16,87.78638702796775,89.57097433860665,87.41934973314515,89.45706176757812,6742081,0.0,0.0
2017-11-17,89.41909135006952,90.12785954106151,89.22923933520823,89.53299713134766,6171775,0.0,0.0
2017-11-20,89.43175523853738,90.2038097884221,89.27987632228619,89.67223358154297,3934743,0.0,0.0
2017-11-21,90.3683465447666,90.84929643490038,89.98864926308202,90.19115447998047,5685430,0.0,0.0
2017-11-22,90.30506543675992,90.3430317719728,89.3558120727539,89.3558120727539,4499498,0.0,0.0
2017-11-24,89.35580025804875,90.35567300861825,89.26720763123323,90.0645751953125,1852214,0.0,0.0
2017-11-27,89.90006995381526,89.92538311159146,88.62175209384208,88.76097106933594,4823682,0.0,0.0
2017-11-28,88.97610983896803,90.1152083846507,88.76094466959067,89.97598266601562,5997879,0.0,0.0
2017-11-29,90.07723447241936,91.03914095788491,89.69753722205732,90.84928894042969,4523176,0.0,0.0
2017-11-30,90.89992584907348,92.17825025130345,90.41897594248502,91.07711791992188,6286581,0.0,0.0
2017-12-01,91.5327545428339,91.89979184101578,89.44440940307031,89.8747329711914,5364760,0.0,0.0
2017-12-04,90.77334390983624,92.38073901437276,90.49489927668884,91.29226684570312,6020433,0.0,0.0
2017-12-05,92.3174595340611,92.64653727287173,90.49490592590679,90.5455322265625,6080295,0.0,0.0
2017-12-06,90.69739144186839,90.8619302755591,89.79877140800849,89.96331024169922,4018002,0.0,0.0
2017-12-07,90.40630664254377,90.49489926990094,89.67221855248043,90.33036041259766,4355815,0.0,0.0
2017-12-08,89.90004485585534,90.52022044050908,89.00142461339857,89.52034759521484,6010737,0.0,0.0
2017-12-11,90.203815095377,90.38101395931095,89.45707365426782,89.62161254882812,4663487,0.0,0.0
2017-12-12,89.50769794966904,90.05192731915521,89.44441167812013,89.5962905883789,6486262,0.0,0.0
2017-12-13,89.45707760132152,89.9253743669175,89.12800658223102,89.3051986694336,6821265,0.0,0.0
2017-12-14,89.41908942033501,89.77347350818313,88.68500131095865,89.00141906738281,4948535,0.0,0.0
2017-12-15,88.6850129293802,89.1533096419469,88.41922822094836,88.59642028808594,11500069,0.0,0.0
2017-12-18,89.17861746230786,90.73538642161638,88.90017280202588,90.35568237304688,4989848,0.0,0.0
2017-12-19,90.36831783737426,90.81130125089109,90.1404995407348,90.39363098144531,3630303,0.0,0.0
2017-12-20,90.68476067134716,91.20368366093975,90.16583768175458,90.20380401611328,4101612,0.0,0.0
2017-12-21,90.6594506981224,90.87460909764387,89.87473620231778,90.67210388183594,5094115,0.0,0.0
2017-12-22,90.93789679260124,91.57072560190174,90.82398421465264,91.2669677734375,3076297,0.0,0.0
2017-12-26,91.26695444417936,91.3428938902047,90.25442171262682,90.41896057128906,2270125,0.0,0.0
2017-12-27,90.68475202465176,90.81131776802732,90.22910856395171,90.41896057128906,2992827,0.0,0.0
2017-12-28,90.34303710101116,90.65945490767761,89.72286145652856,90.50757598876953,3051635,0.0,0.0
2017-12-29,90.88727487052329,90.93790117770857,90.14053344726562,90.14053344726562,3334294,0.0,0.0
2018-01-02,90.58350371673238,91.36821136279646,90.36833855053742,91.00116729736328,5220795,0.0,0.0
2018-01-03,91.14040480835423,92.57060135353558,90.73539435797356,92.45669555664062,5540622,0.0,0.0
2018-01-04,92.60856636297412,94.59565888790775,92.57059324430278,94.2286148071289,6826956,0.0,0.0
2018-01-05,94.29190226111506,95.60819300533794,94.27924907685433,95.45631408691406,6421973,0.0,0.0
2018-01-08,95.35505377183027,95.54490579679845,94.25392830993164,95.12723541259766,4090862,0.0,0.0
2018-01-09,94.84879372629916,96.62072113823456,94.49440960082187,95.35505676269531,5321128,0.0,0.0
2018-01-10,94.92473379158031,95.39303049552964,93.53250364799798,93.91220092773438,5012823,0.0,0.0
2018-01-11,94.16533239056155,95.21583837401973,93.92486083914851,95.20317840576172,4185363,0.0,0.0
2018-01-12,95.64615449192273,95.72209394189669,94.91206635762612,95.44364929199219,3500882,0.0,0.0
2018-01-16,95.88664305634394,96.63337766861581,94.08939564579504,94.8614501953125,5085122,0.0,0.0
2018-01-17,96.15241585840621,96.63336570007137,95.03863049315972,95.89928436279297,5457996,0.0,0.0
2018-01-18,95.64614538396054,97.01306213787466,95.07659617111736,96.22834777832031,7180859,0.0,0.0
2018-01-19,96.81057879900283,96.81057879900283,95.88664531157573,96.20305633544922,5746627,0.0,0.0
2018-01-22,95.92461064372803,96.41822052001953,95.29178181806532,96.41822052001953,4267989,0.0,0.0
2018-01-23,96.01320772420324,96.65869650287247,95.69678992683329,96.36759185791016,3979288,0.0,0.0
2018-01-24,96.5447872971638,97.55732021338699,95.69679326961224,96.20305633544922,6501719,0.0,0.0
2018-01-25,96.60808155488219,97.41810252714907,96.45619583803233,97.01309204101562,4679436,0.0,0.0
2018-01-26,96.91180457613936,97.48135375976562,95.2537833178252,97.48135375976562,4356869,0.0,0.0
2018-01-29,97.48138787428248,97.5320141845643,95.97524496657365,96.02587127685547,4133580,0.0,0.0
2018-01-30,95.54490827569681,96.16508388419474,94.82348006046853,95.08927154541016,5295272,0.0,0.0
2018-01-31,95.40568196129632,96.25367592971239,94.65894059898672,95.6588134765625,7145659,0.0,0.0
2018-02-01,94.51972794108633,96.19040283745036,92.93764568868028,93.0262451171875,9315451,0.0,0.0
2018-02-02,92.46934956149177,92.76045421756068,89.40644443421002,89.72286224365234,8989582,0.0,0.0
2018-02-05,88.83689148041618,90.96320289952394,84.83739336176637,85.86257934570312,13425986,0.0,0.0
2018-02-06,84.3311390107944,91.06446484965504,83.7742428600249,90.988525390625,16266699,0.0,0.0
2018-02-07,89.81145558715046,91.3049383195335,89.25455946612108,89.3558120727539,7879813,0.0,0.0
2018-02-08,89.44441039620524,90.46959641803343,86.21696663808987,86.33087921142578,9189614,0.0,0.0
2018-02-09,87.1535628516176,88.87486398363897,85.10319074140294,87.93827056884766,9230506,0.0,0.0
2018-02-12,88.84956167663688,91.19103871487185,88.81158855147424,90.92524719238281,7196457,0.0,0.0
2018-02-13,90.29241096733104,90.81133400020035,89.35581751439139,89.54566955566406,4650629,0.0,0.0
2018-02-14,88.58377400742457,90.49492748939787,88.4698681960815,90.2797622680664,5257893,0.0,0.0
2018-02-15,91.20367291712189,91.44414443186255,89.71019039427287,90.93788146972656,4500833,0.0,0.0
2018-02-16,90.69740146269402,92.3174496955731,90.50755624774156,91.06444549560547,4875464,0.0,0.0
2018-02-20,90.6214687718705,91.55806208851894,90.27973786112739,90.64678192138672,4737682,0.0,0.0
2018-02-21,90.4948944866181,91.95040383875603,89.76081321990401,89.81143951416016,5128192,0.0,0.0
2018-02-22,90.2797450924774,91.97573981500882,90.11521299971717,91.03914642333984,4571516,0.0,0.0
2018-02-23,91.70994793203604,92.86169971453577,90.74804139301335,92.72248077392578,4230751,0.0,0.0
2018-02-26,92.92497981823746,93.81094005961225,92.45668315552236,93.73500061035156,4670232,0.0,0.0
2018-02-27,93.74904590380383,94.45277187711781,92.58470153808594,92.58470153808594,4726651,1.14,0.0
2018-02-28,92.76383278301167,93.35240074072654,89.88495748435892,89.94892883300781,5729062,0.0,0.0
2018-03-01,89.7442266943155,90.19205365535036,87.46671730309073,87.978515625,7702686,0.0,0.0
2018-03-02,87.3515550950395,88.02969126866726,86.55826773382539,87.5562744140625,6666691,0.0,0.0
2018-03-05,86.9804918703861,89.55228842542571,86.40471539618314,89.13005828857422,6519425,0.0,0.0
2018-03-06,89.70582570447382,91.74023403444681,89.11725771751435,90.57588958740234,4691662,0.0,0.0
2018-03-07,89.13005345404495,90.20482974611403,88.82296765472644,89.7825927734375,5443873,0.0,0.0
2018-03-08,90.20482267317398,90.58867131881546,89.18122628479672,90.30718231201172,4032405,0.0,0.0
2018-03-09,90.652654748055,92.4695453008847,90.3455758138405,92.41836547851562,3701126,0.0,0.0
2018-03-12,92.43115479989436,93.69785870868286,91.07488278137919,91.27960205078125,4915161,0.0,0.0
2018-03-13,92.20085410661598,92.6742640313106,90.26880553574716,90.29439544677734,8104156,0.0,0.0
2018-03-14,90.74223364148455,90.74223364148455,88.10645875904494,88.27279663085938,5897617,0.0,0.0
2018-03-15,88.40073903558401,88.64383977163237,86.83974753578941,86.8525390625,6346302,0.0,0.0
2018-03-16,86.43029083002489,87.86333258250362,86.21278003444364,86.95488739013672,12445076,0.0,0.0
2018-03-19,86.7117892956565,86.82694045943563,84.21675596408488,85.16358947753906,9039116,0.0,0.0
2018-03-20,85.56024015446617,85.95688719934775,84.57502516397722,84.94607543945312,7300724,0.0,0.0
2018-03-21,84.94608160541236,87.72260426239498,84.65180104061133,86.27676391601562,5750070,0.0,0.0
2018-03-22,85.4962471815135,86.37910237680157,83.80730650971343,83.96084594726562,6270069,0.0,0.0
2018-03-23,84.01203515506967,84.25514272107762,80.55738370635069,80.68533325195312,9351425,0.0,0.0
2018-03-26,81.55540864024215,82.59180353664375,79.87925906595379,82.50223541259766,7280911,0.0,0.0
2018-03-27,82.79651573225844,83.80732062913519,80.78769746442643,81.42745208740234,8050336,0.0,0.0
2018-03-28,81.74731297339297,82.47662876864942,79.75129332380075,79.85365295410156,7784048,0.0,0.0
2018-03-29,80.12235999087525,81.92645897867953,79.72571294668106,81.51701354980469,8455530,0.0,0.0
2018-04-02,81.33787973887533,82.04160567229637,78.39502645899884,79.38024139404297,8219384,0.0,0.0
2018-04-03,79.6745391610542,81.61937937531209,78.63814427249332,81.01801300048828,8289293,0.0,0.0
2018-04-04,79.34188004053684,81.60659786941821,78.45902451900074,81.49143981933594,7479889,0.0,0.0
2018-04-05,81.90087806209404,83.9480779963759,81.81130993567464,83.73056030273438,7277960,0.0,0.0
2018-04-06,82.93726387809542,83.1547746891229,80.86446739926812,81.51701354980469,7957030,0.0,0.0
2018-04-09,81.90088532950638,82.48945339095431,81.20995074646953,81.49143981933594,8881029,0.0,0.0
2018-04-10,82.9756531124583,85.06124131323581,82.9756531124583,84.30633544921875,6393799,0.0,0.0
2018-04-11,83.33391129420134,83.50024915712005,82.47664578420847,82.82211303710938,4828530,0.0,0.0
2018-04-12,83.41068529025604,85.5346618830561,83.29553410589656,85.04844665527344,5652126,0.0,0.0
2018-04-13,85.72657368218415,86.17440056167942,84.29353864176295,84.66458892822266,4274383,0.0,0.0
2018-04-16,85.32994126251276,86.07204876180603,84.54944546320243,85.7393798828125,3869611,0.0,0.0
2018-04-17,86.22556334174821,86.85251947737592,85.77773655076759,86.43028259277344,7693763,0.0,0.0
2018-04-18,86.59662409457353,87.4666878071406,86.22556700695476,87.08283233642578,4673042,0.0,0.0
2018-04-19,86.69899659519673,86.7885647139872,84.70297665781379,85.12521362304688,7127391,0.0,0.0
2018-04-20,85.16360590504868,85.67540419551582,83.94808153582518,84.4982681274414,6129407,0.0,0.0
2018-04-23,84.28074710802599,84.5238547157952,83.82012866473175,83.9352798461914,3719534,0.0,0.0
2018-04-24,84.45987216991784,84.67738985301222,79.76410613373766,80.83888244628906,8739524,0.0,0.0
2018-04-25,81.04359657012598,81.56819316617357,79.89205059447801,81.42745208740234,5624795,0.0,0.0
2018-04-26,81.63218341798327,82.71975820705742,81.35069436017594,81.93926239013672,9421615,0.0,0.0
2018-04-27,81.82410664049368,83.12919916746758,81.45305630143503,82.29752349853516,4913194,0.0,0.0
2018-04-30,82.82211590523669,83.03963360139723,80.91565704345703,80.91565704345703,5178077,0.0,0.0
2018-05-01,80.87726099972011,81.08198027268399,79.29067977552329,80.68533325195312,5034253,0.0,0.0
2018-05-02,80.39106751168117,81.79851277216046,80.39106751168117,81.23553466796875,6091256,0.0,0.0
2018-05-03,81.63216735290133,83.79452497769202,79.04757279513119,81.20993041992188,10871727,0.0,0.0
2018-05-04,80.87726213267314,83.4490583233985,80.25030592107531,82.48943328857422,5565565,0.0,0.0
2018-05-07,82.52782106537155,83.66658241278468,82.38707998178525,83.06521606445312,4711826,0.0,0.0
2018-05-08,82.60460321984623,82.96286889267726,81.56820822111344,82.182373046875,4215715,0.0,0.0
2018-05-09,82.82211477425363,84.63900548376596,82.75814342013919,84.48546600341797,7245499,0.0,0.0
2018-05-10,84.63899439596213,86.62222271207686,84.54943314018898,85.66259765625,5269978,0.0,0.0
2018-05-11,85.86731785981974,86.507065617674,85.35551965353632,85.63700866699219,4532662,0.0,0.0
2018-05-14,85.9696879634162,86.68620553941174,85.77776018333921,86.40471649169922,4657093,0.0,0.0
2018-05-15,85.81614316025221,86.2895599586789,85.09962562869738,85.91850280761719,4195269,0.0,0.0
2018-05-16,85.84171637126931,87.12121857312697,85.48345767519245,87.04444885253906,4253164,0.0,0.0
2018-05-17,86.76297253543564,87.83774878047193,86.64781450838966,87.2107925415039,5705524,0.0,0.0
2018-05-18,86.9804834379577,87.37713048197952,86.19998773458916,86.45588684082031,4224006,0.0,0.0
2018-05-21,87.00607108423294,88.00408443128804,87.00607108423294,87.8121566772461,5723651,0.0,0.0
2018-05-22,87.83776132341907,87.927329452659,86.13602859641284,86.32794952392578,4306000,0.0,0.0
2018-05-23,85.57303644048841,85.90571215654231,84.65179960481512,85.77775573730469,5038328,0.0,0.0
2018-05-24,85.35552555294929,86.12322291543441,84.38310203507403,84.93328857421875,3691992,0.0,0.0
2018-05-25,84.6006082134439,84.63898964698546,83.6921630286667,84.07601165771484,5011348,0.0,0.0
2018-05-29,83.23156119971901,83.69218654272002,81.28672074072855,81.81131744384766,6952231,0.0,0.0
2018-05-30,82.9398487019269,84.33923384135623,82.92688795924956,83.95051574707031,5047954,1.14,0.0
2018-05-31,83.89868511328447,84.09304762969393,82.99166929768766,83.06941986083984,8383583,0.0,0.0
2018-06-01,84.05418005788057,86.23101543668615,83.5358892275631,85.73863220214844,6255385,0.0,0.0
2018-06-04,86.1662247930398,87.37125443497041,86.02369134318586,86.98253631591797,6561230,0.0,0.0
2018-06-05,87.24167870945516,89.28893434468492,87.00844784609508,87.96729278564453,7270723,0.0,0.0
2018-06-06,88.16164496414635,90.90860002920982,87.92841410978474,90.75311279296875,9779875,0.0,0.0
2018-06-07,90.62353775969291,91.21957214991707,89.32780387868765,89.94975280761719,6543243,0.0,0.0
2018-06-08,89.97567648238386,90.71424438334901,88.79656137869412,90.04046630859375,4375629,0.0,0.0
2018-06-11,90.09229539126724,90.53284259399183,89.34076674676568,90.04046630859375,4761501,0.0,0.0
2018-06-12,90.2477812590662,90.74015753693402,89.71652969691978,90.41622924804688,5285716,0.0,0.0
2018-06-13,90.40327582941046,90.49398020291899,88.80952795957768,88.84839630126953,6601349,0.0,0.0
2018-06-14,89.2630283685891,89.40556182718566,88.16165682418388,88.60221099853516,5243630,0.0,0.0
2018-06-15,88.04504103496693,88.27827191058708,86.76226080045178,87.785888671875,12154829,0.0,0.0
2018-06-18,87.03438017560005,88.05800820243631,86.77523471889937,87.83773803710938,4611705,0.0,0.0
2018-06-19,86.5679134812999,86.5679134812999,84.18376152236473,85.98483276367188,7546918,0.0,0.0
2018-06-20,86.16622862072299,86.16622862072299,84.80571167073441,85.3758316040039,5052732,0.0,0.0
2018-06-21,85.18147611438667,85.18147611438667,84.24855250999,84.58544158935547,4339655,0.0,0.0
2018-06-22,85.58315779329803,87.11212291786494,85.58315779329803,86.81410217285156,9956932,0.0,0.0
2018-06-25,85.99778465686506,86.24397629428654,84.31333237471226,85.4924545288086,6081279,0.0,0.0
2018-06-26,86.23101776825308,86.23101776825308,85.28512655874393,85.92003631591797,4072735,0.0,0.0
2018-06-27,86.21805300624517,87.4619579204068,85.00006263309243,85.01302337646484,5536266,0.0,0.0
2018-06-28,85.05187574562011,86.03663506479292,83.71727366138269,85.71269989013672,4788692,0.0,0.0
2018-06-29,85.81635995669845,87.21575188550253,85.3887666278932,85.41468811035156,4681895,0.0,0.0
2018-07-02,84.90935483058433,85.32398743602919,83.91164165086508,85.22032928466797,4481160,0.0,0.0
2018-07-03,86.10142810318388,86.45127088135281,84.33922568797499,84.4169692993164,2518075,0.0,0.0
2018-07-05,85.15554664214561,85.86819996566753,84.33923515852858,85.60905456542969,4151497,0.0,0.0
2018-07-06,85.5183624496287,85.94594891366,84.62430729051647,85.42765808105469,4314572,0.0,0.0
2018-07-09,85.86820215886252,86.54198716242604,85.63497129269143,86.49015808105469,4149670,0.0,0.0
2018-07-10,86.61972735278107,88.29121863365403,86.61972735278107,87.86363220214844,5658731,0.0,0.0
2018-07-11,86.85295814431831,86.89182648090973,85.20737445860772,85.90707397460938,4854456,0.0,0.0
2018-07-12,86.56789152648966,86.56789152648966,85.24624316115263,85.84227752685547,3338440,0.0,0.0
2018-07-13,85.79047020921692,86.65861091317186,85.69977277734496,85.98483276367188,2852305,0.0,0.0
2018-07-16,86.20509740318516,86.29579482194869,84.48177004358375,85.15554809570312,4047089,0.0,0.0
2018-07-17,84.93527913944234,87.57856924897449,84.62430464958396,86.89183044433594,4335159,0.0,0.0
2018-07-18,86.86591057390483,87.07323383349282,86.1532642179047,86.2828369140625,3625455,0.0,0.0
2018-07-19,86.23101198971912,86.23101198971912,84.92231727687663,85.69976043701172,4998490,0.0,0.0
2018-07-20,84.70202927936403,85.62199874511218,83.96346155869101,85.28510284423828,4363403,0.0,0.0
2018-07-23,85.36287649582458,85.55723208813419,84.8575394534943,85.129638671875,4395231,0.0,0.0
2018-07-24,85.53131880762355,87.30647538103338,85.12963992746364,86.71043395996094,4610229,0.0,0.0
2018-07-25,86.39946007098223,87.75998397565878,86.2051044744116,87.5008316040039,3915561,0.0,0.0
2018-07-26,87.95433150046544,88.82247207048933,87.29350725215046,88.43375396728516,6817822,0.0,0.0
2018-07-27,88.82247188927872,89.30189435512033,88.35601016638536,88.58924102783203,5194658,0.0,0.0
2018-07-30,88.47262771043405,89.54809161361369,88.03208049988514,88.17461395263672,4645079,0.0,0.0
2018-07-31,88.58924548661703,89.53512972295931,88.45967277929181,89.10753631591797,5225854,0.0,0.0
2018-08-01,88.73176834180609,89.35371726269835,87.74700893799138,88.0579833984375,4297639,0.0,0.0
2018-08-02,85.54427274118096,86.42536711283476,84.39106527732447,86.0884780883789,7851569,0.0,0.0
2018-08-03,86.55494940942127,87.63040642573127,85.76455236848136,86.58086395263672,5310307,0.0,0.0
2018-08-06,85.97186536897792,88.29122731511866,85.89412174235659,87.7988510131836,4015121,0.0,0.0
2018-08-07,88.01912241590145,88.95204587516604,87.91546425376093,88.29122161865234,5664913,0.0,0.0
2018-08-08,88.3560044900793,88.6151498750383,87.50081777397929,87.66926574707031,4485235,0.0,0.0
2018-08-09,88.53741005957676,90.05342104525705,88.2912184604315,89.43146514892578,5694142,0.0,0.0
2018-08-10,89.02979269391757,89.02979269391757,87.61744671116647,87.77293395996094,4966873,0.0,0.0
2018-08-13,87.69518277505024,87.91545983138626,85.58313740907488,86.2828369140625,4577839,0.0,0.0
2018-08-14,86.59381158276446,88.21347376130666,86.59381158276446,87.5396957397461,4930970,0.0,0.0
2018-08-15,86.56791075327497,86.64565438345964,85.12964317625365,86.1144027709961,5751123,0.0,0.0
2018-08-16,86.801128596942,87.56561098505189,86.25692326744763,86.9177474975586,5059828,0.0,0.0
2018-08-17,87.02142637563364,88.17462713082024,86.68453033618552,87.83773803710938,4555145,0.0,0.0
2018-08-20,88.1098250504645,89.17232822103422,88.00616688218805,88.73178100585938,5125873,0.0,0.0
2018-08-21,88.73178643449933,89.97568452991864,88.53742388422171,89.18528747558594,5802484,0.0,0.0
2018-08-22,89.19825504534272,89.45740050171709,88.34306809357007,89.09459686279297,3190611,0.0,0.0
2018-08-23,88.82246972314833,89.01683224248183,87.90250009700956,88.25234985351562,3880220,0.0,0.0
2018-08-24,88.73178144735229,90.28666092497153,88.6281232785601,89.67766571044922,4361647,0.0,0.0
2018-08-27,90.27370333083314,92.3598344691698,90.10525532780018,91.75083923339844,7322013,0.0,0.0
2018-08-28,92.1654627454642,92.74854338007181,91.16774946250837,91.66012573242188,4175737,0.0,0.0
2018-08-29,91.75081963624783,93.20204068574309,91.06408091785092,92.56713104248047,6105589,0.0,0.0
2018-08-30,92.67325393200464,92.89602168541043,91.46766123456904,91.99182891845703,6065048,1.14,0.0
2018-08-31,91.63801685281284,92.42427544289136,91.50697492521535,91.90010070800781,5712761,0.0,0.0
2018-09-04,91.40214018123822,92.05735683510343,90.73382284703231,91.36283111572266,7048769,0.0,0.0
2018-09-05,91.24488911364502,92.46358252641855,90.89107240447116,91.7952651977539,5139152,0.0,0.0
2018-09-06,91.79527100499766,92.77808901532912,91.37593681914827,91.83458709716797,4249159,0.0,0.0
2018-09-07,91.1400593884408,91.9132102892956,90.44553364574953,91.72975158691406,5316069,0.0,0.0
2018-09-10,92.16218154637478,92.46357443476465,91.69042363392956,91.80836486816406,5984670,0.0,0.0
2018-09-11,91.0876445663768,92.4504876948812,90.65520267497268,91.83458709716797,5375650,0.0,0.0
2018-09-12,91.71664367062338,91.83458491984418,90.5503669816343,90.73382568359375,5513080,0.0,0.0
2018-09-13,91.28419315309668,92.05734391952961,90.18343410569433,90.3144760131836,5001301,0.0,0.0
2018-09-14,90.74691893455402,91.14004466184957,89.65926757679003,89.86893463134766,5226557,0.0,0.0
2018-09-17,89.86894055952699,91.3759261258141,89.64616578711794,90.18344116210938,4826351,0.0,0.0
2018-09-18,90.78624391069759,91.29731095802285,89.09579947473004,89.1482162475586,5857006,0.0,0.0
2018-09-19,89.16130562316008,90.66829818763986,88.5454051082719,90.06549835205078,7359462,0.0,0.0
2018-09-20,90.93037477662725,92.20148476755948,90.93037477662725,91.76904296875,6126878,0.0,0.0
2018-09-21,92.35875159298843,92.59462706426302,90.93039106024547,91.32351684570312,9345734,0.0,0.0
2018-09-24,90.98280552534109,91.23178869539969,89.16131222881941,89.37097930908203,4725035,0.0,0.0
2018-09-25,89.3971751144251,90.0130755882757,88.96474033448102,89.04336547851562,4285835,0.0,0.0
2018-09-26,88.1654020915967,88.71577823031039,87.221893115022,87.65433502197266,9134038,0.0,0.0
2018-09-27,87.79845738453017,87.86398185055397,85.47901210855817,85.61005401611328,10734508,0.0,0.0
2018-09-28,85.23003942533128,85.30866457950766,84.01134602335091,84.27342987060547,9094973,0.0,0.0
2018-10-01,84.87621747334893,86.17353594932236,84.8107000278314,84.94174194335938,8201959,0.0,0.0
2018-10-02,85.04657547578176,85.76730952343209,84.7844916447258,84.94174194335938,4899914,0.0,0.0
2018-10-03,85.24313438940999,85.45280145315427,83.99823268618188,84.37825775146484,7851077,0.0,0.0
2018-10-04,84.2210190842287,84.27343585740331,82.96300950354426,83.88031005859375,6234236,0.0,0.0
2018-10-05,83.57890649848528,84.14239029807406,82.41262983336786,82.80575561523438,5393215,0.0,0.0
2018-10-08,82.55675903680624,83.18576721015727,82.12431723471974,82.76642608642578,6914993,0.0,0.0
2018-10-09,82.26847703538914,82.34710218873693,79.42485678590435,79.72624969482422,10606774,0.0,0.0
2018-10-10,79.32002331483221,79.66073231295921,77.3281720460262,77.73440551757812,13421068,0.0,0.0
2018-10-11,77.44613737966972,78.94002278373256,77.06611217437414,77.28888702392578,10517542,0.0,0.0
2018-10-12,79.09724736686097,80.06696460247666,77.3805946970867,78.17994689941406,7937146,0.0,0.0
2018-10-15,78.2192604494351,78.7565358179762,77.21023418268409,77.23644256591797,4465352,0.0,0.0
2018-10-16,77.668890822054,79.39865128297464,77.22334124575346,78.9662094116211,6002025,0.0,0.0
2018-10-17,78.50755424267956,78.67791224936977,77.31506926932742,78.06201171875,5483149,0.0,0.0
2018-10-18,77.57713870078096,78.12751465754741,76.3584455699808,76.76467895507812,6191869,0.0,0.0
2018-10-19,75.07425036144465,76.86953538762162,74.94320842790917,75.33633422851562,9862080,0.0,0.0
2018-10-22,75.71636801791637,75.92603513558107,73.0824143155115,73.47554016113281,9339832,0.0,0.0
2018-10-23,72.09957939192238,72.38787161154691,70.3567113456345,71.6540298461914,12737642,0.0,0.0
2018-10-24,71.48368239061809,71.70645717447088,68.90214594173676,69.03318786621094,13692134,0.0,0.0
2018-10-25,69.96358730960088,70.2780879205504,68.82351908266226,69.34768676757812,9061740,0.0,0.0
2018-10-26,68.65315681710929,69.32147408619564,67.25100483463008,68.14208984375,15733138,0.0,0.0
2018-10-29,69.22974426681641,69.89806156517291,67.39515037849209,68.23382568359375,9259735,0.0,0.0
2018-10-30,68.20762342838401,69.60977559825851,67.55240675079325,68.96766662597656,10781231,0.0,0.0
2018-10-31,70.08152767318765,71.54920434417265,69.68840187502038,70.65811920166016,11251135,0.0,0.0
2018-11-01,76.69917612374351,77.98339407615602,73.89486474236199,76.35846710205078,16394503,0.0,0.0
2018-11-02,76.89574200659186,77.59026775061058,74.4059312776675,75.65083312988281,10531103,0.0,0.0
2018-11-05,76.07016609309935,76.12258285963144,74.96940697143268,75.51978302001953,6315950,0.0,0.0
2018-11-06,75.36252839491803,76.58122165908733,75.20527810434733,76.03084564208984,5231264,0.0,0.0
2018-11-07,77.05298236808223,78.46824205937472,76.31914062747106,78.40271759033203,8518413,0.0,0.0
2018-11-08,77.83923819989523,79.21518890625514,77.57715435806284,77.89165496826172,8643759,0.0,0.0
2018-11-09,78.10132237186095,78.10132237186095,75.69014399231769,76.89573669433594,8194652,0.0,0.0
2018-11-12,76.94814571944839,77.38058752902873,75.3887364741413,75.61151123046875,6766953,0.0,0.0
2018-11-13,75.781877575209,77.1578212760665,75.27081056433545,75.31011962890625,6416844,0.0,0.0
2018-11-14,76.22742250429098,76.83021536773933,74.91699621143148,75.97843933105469,6923565,0.0,0.0
2018-11-15,75.29702940207326,77.70820813943823,74.79906300209481,76.96126556396484,9110641,0.0,0.0
2018-11-16,76.67296427853232,77.86544931290747,76.43708881261679,77.56405639648438,7925483,0.0,0.0
2018-11-19,77.35438829074114,78.15374761058831,75.53290187265111,75.74256896972656,6165170,0.0,0.0
2018-11-20,74.58937873582597,74.82525417520843,73.08239324974728,73.86864471435547,10165466,0.0,0.0
2018-11-21,74.23557365155385,75.7163580110996,73.9210730166218,74.65491485595703,6372720,0.0,0.0
2018-11-23,73.64588035804292,74.57628147944011,73.27895596656091,73.94727325439453,2735673,0.0,0.0
2018-11-26,74.39282075050163,76.03084817748262,74.32729628166585,75.55909729003906,7072798,0.0,0.0
2018-11-27,74.89079042013888,75.21839876082487,74.0128059676752,74.93009948730469,5079993,0.0,0.0
2018-11-28,74.96941274733852,75.88671325681496,73.60656968801324,74.98251342773438,10442644,0.0,0.0
2018-11-29,75.6881952694488,76.64509188183067,75.43567732351626,76.0736083984375,6913096,1.14,0.0
2018-11-30,75.64832097675604,77.1102534802609,75.64832097675604,76.88432312011719,9617713,0.0,0.0
2018-12-03,79.21012113395085,80.02082881174118,77.72161521663564,78.62535095214844,9147950,0.0,0.0
2018-12-04,78.34623063374626,78.34623063374626,74.8774705202917,75.07682037353516,8340513,0.0,0.0
2018-12-06,73.46873802832229,74.3193130493164,71.43532143242639,74.3193130493164,10412292,0.0,0.0
2018-12-07,74.62497247665556,76.11348549800111,71.11633718499081,71.435302734375,12293383,0.0,0.0
2018-12-10,71.02329933045921,71.86058742818055,69.40188405791253,71.50175476074219,10615345,0.0,0.0
2018-12-11,73.04341052820067,73.94714599323208,70.53154685818444,70.7840576171875,8483986,0.0,0.0
2018-12-12,72.11310378539633,73.09658796152505,71.59478123646954,72.23271942138672,11007471,0.0,0.0
2018-12-13,72.47194481173618,72.89723219282688,71.02329898356737,71.47517395019531,7284002,0.0,0.0
2018-12-14,70.79735819128729,71.68780707633282,69.8670350580311,70.14613342285156,8320348,0.0,0.0
2018-12-17,69.90692008413616,70.86381669810487,68.0595673236179,68.68421173095703,10722985,0.0,0.0
2018-12-18,69.46833073547528,70.77078031993986,68.91014110965543,69.49491119384766,11224225,0.0,0.0
2018-12-19,69.70756381269183,72.1795610072137,68.89685616611399,69.3221435546875,13445940,0.0,0.0
2018-12-20,68.55131304546683,70.11956748099561,67.10267425511377,67.83363342285156,14756444,0.0,0.0
2018-12-21,67.55454601756011,69.5347941801034,67.1558390510299,67.23558044433594,17107579,0.0,0.0
2018-12-24,66.95646998801296,67.27543550398778,65.12241114693907,65.24201965332031,5870215,0.0,0.0
2018-12-26,65.6806038261135,69.41517639160156,64.97621805043869,69.41517639160156,9478386,0.0,0.0
2018-12-27,67.96654200471204,70.89040001145968,67.8735068236128,70.87711334228516,8739875,0.0,0.0
2018-12-28,71.34227314498693,71.86058858948952,70.15943190510718,70.4651107788086,7481856,0.0,0.0
2018-12-31,70.54485255152424,71.76756092881976,70.09298469712648,71.07646179199219,7673317,0.0,0.0
2019-01-02,69.7607286038674,73.00355936996452,69.52150443453199,72.45865631103516,8263226,0.0,0.0
2019-01-03,72.033383278161,72.07325754311972,69.46835737526118,69.78732299804688,8369671,0.0,0.0
2019-01-04,71.42202581818407,73.03014757803358,71.19608829440804,72.73776245117188,9745517,0.0,0.0
2019-01-07,72.8307793321933,73.77439641934787,71.9403374174674,72.77761840820312,7724397,0.0,0.0
2019-01-08,73.65477293249545,74.6116765866078,73.1364504166937,73.61489868164062,7120716,0.0,0.0
2019-01-09,73.86741708425792,74.5053552325377,72.99026192617372,73.92057800292969,5250445,0.0,0.0
2019-01-10,73.08328347746688,74.08005417609752,72.445352510093,74.00031280517578,7244586,0.0,0.0
2019-01-11,73.41555855702929,74.05348966174027,72.71117273346788,73.46871948242188,5030951,0.0,0.0
2019-01-14,72.47195028175928,74.13323280164433,72.15298472186643,73.60162353515625,6295785,0.0,0.0
2019-01-15,72.88394817273429,73.77439722135964,72.27259041598182,73.10987854003906,4400642,0.0,0.0
2019-01-16,72.81748910298725,74.41232386893448,72.7643281815963,73.6281967163086,5499871,0.0,0.0
2019-01-17,73.66807709631053,75.87426264173834,73.53516765756042,75.80780792236328,7495838,0.0,0.0
2019-01-18,76.59193052133668,77.78805840419942,76.35270636960793,77.16341400146484,8474430,0.0,0.0
2019-01-22,76.65838342264317,76.83115285491594,74.26612771352856,74.74458312988281,8282056,0.0,0.0
2019-01-23,74.87748469094495,75.2363173443797,74.10664421481648,74.9970932006836,6779671,0.0,0.0
2019-01-24,74.54523122736883,75.40909982066059,74.31929373402691,74.86419677734375,6362884,0.0,0.0
2019-01-25,75.95400936437181,77.48238965091511,75.9008484348263,76.76471710205078,5421460,0.0,0.0
2019-01-28,75.87425576825429,77.41592960136805,75.67489875240845,77.2564468383789,11686400,0.0,0.0
2019-01-29,77.0703944094689,78.23993483519651,77.0703944094689,77.7747802734375,6006310,0.0,0.0
2019-01-30,77.84121826058723,79.83475995523952,77.64186836565338,78.78482818603516,11459809,0.0,0.0
2019-01-31,72.39219984087792,75.74135204946086,71.31568764872179,71.5150375366211,24418913,0.0,0.0
2019-02-01,71.02329713367054,71.80742428424242,70.13284814059527,71.06317138671875,14778435,0.0,0.0
2019-02-04,70.65118763399884,70.65118763399884,69.78731889430891,70.61132049560547,11337626,0.0,0.0
2019-02-05,70.59802727697213,72.28589763175312,70.50499920381355,72.11312103271484,10028247,0.0,0.0
2019-02-06,71.42201427838091,72.16626720832383,70.65117376243512,70.7176284790039,8085748,0.0,0.0
2019-02-07,70.15942429730488,70.3853617608739,68.43168733839374,69.34871673583984,9045861,0.0,0.0
2019-02-08,68.69749536223463,69.1094960593647,67.55453556830635,68.72408294677734,7318360,0.0,0.0
2019-02-11,69.52149777346939,69.52149777346939,68.84369246318512,69.1094970703125,8186361,0.0,0.0
2019-02-12,69.81389173587895,71.14292206505854,69.25570198979585,70.91698455810547,8390890,0.0,0.0
2019-02-13,71.5150447034739,71.56820562880371,70.57143471676004,70.62459564208984,6606829,0.0,0.0
2019-02-14,70.19930751749169,70.9169800020633,69.97337002505392,69.98666381835938,5567040,0.0,0.0
2019-02-15,70.71763512024845,72.15298731558312,70.61131326312884,72.08653259277344,9441710,0.0,0.0
2019-02-19,71.34228204886459,73.1364670116321,71.34228204886459,72.55169677734375,7128937,0.0,0.0
2019-02-20,72.55168443793404,75.2894790115942,72.39220167388893,74.74458312988281,8213482,0.0,0.0
2019-02-21,74.79774938718455,75.51542187658522,73.01685127074867,73.442138671875,7731212,0.0,0.0
2019-02-22,73.98704794078589,74.33259398326983,72.57827618182361,73.05672454833984,6296066,0.0,0.0
2019-02-25,73.40225642295067,74.9572240003235,73.20290653749012,74.53193664550781,7748847,0.0,0.0
2019-02-26,74.35914843763939,74.78443572577947,73.8807002384818,74.26611328125,5300471,0.0,0.0
2019-02-27,74.73936792306662,74.8337488073342,73.31010972283642,73.78203582763672,7676690,1.14,0.0
2019-02-28,73.66068465812587,73.66068465812587,71.27409423474396,71.77298736572266,9489698,0.0,0.0
2019-03-01,72.58199793687153,72.87863494924126,70.81565574930482,71.92130279541016,7992863,0.0,0.0
2019-03-04,72.3392981322811,73.47191945752142,71.55725506501578,73.1483154296875,6895531,0.0,0.0
2019-03-05,72.86515147977215,73.06740759217165,72.17748937099896,72.37974548339844,4949167,0.0,0.0
2019-03-06,72.59548217340522,74.17305529055976,72.59548217340522,73.4449462890625,6632615,0.0,0.0
2019-03-07,72.99999419818181,73.72810326973658,71.82692596898828,73.51236724853516,8607153,0.0,0.0
2019-03-08,73.05392856807624,73.78204487108654,72.0831092400031,73.72810363769531,7450520,0.0,0.0
2019-03-11,74.33486631363473,75.6832237078916,73.98429527036163,74.9416275024414,8329061,0.0,0.0
2019-03-12,75.33265140547411,75.96637958701706,74.79331134791488,74.92814636230469,8596473,0.0,0.0
2019-03-13,75.4674654903851,75.91242452838132,74.83373748459465,75.37307739257812,7115517,0.0,0.0
2019-03-14,75.1843343810086,75.61581368417664,74.02475317851672,74.20003509521484,5750491,0.0,0.0
2019-03-15,74.20003346840464,75.41355588153091,74.132619572021,74.53712463378906,12058993,0.0,0.0
2019-03-18,74.56408889262185,75.00904805809535,73.70113756479988,74.44273376464844,7168704,0.0,0.0
2019-03-19,74.86072246661948,75.97985665848704,73.9033902860228,74.26744842529297,13890831,0.0,0.0
2019-03-20,74.03821493623109,74.69891000372223,73.22920499307078,74.17304992675781,9529255,0.0,0.0
2019-03-21,73.5798012093727,76.37089731246851,73.53934708442702,75.40007781982422,11595623,0.0,0.0
2019-03-22,74.56409203304628,74.69892705435016,72.28536933127737,72.70336151123047,9458924,0.0,0.0
2019-03-25,72.35277967430004,73.05392168060065,71.79995255542173,71.82691955566406,11207222,0.0,0.0
2019-03-26,72.86517018182474,72.90561707799345,71.07185339320608,71.70558166503906,9737508,0.0,0.0
2019-03-27,71.78647579807618,71.97524482700635,70.4381183636101,71.00443267822266,7738308,0.0,0.0
2019-03-28,70.78868253271887,71.26060139705145,70.19540133225006,71.08531951904297,7119662,0.0,0.0
2019-03-29,69.14369778709496,71.9347933798507,69.10324366954613,71.880859375,13915423,0.0,0.0
2019-04-01,72.66290376779568,74.03822814434076,72.19097760285229,73.37753295898438,22446623,0.0,0.0
2019-04-02,73.22279335989666,74.52604178428516,72.36063717440317,73.16264343261719,10662104,0.0,1.487
2019-04-03,73.72405684644158,75.86941189065406,73.24285733622327,74.886962890625,13240206,0.0,0.0
2019-04-04,75.04734300077419,75.76914207637296,73.72403746768917,75.74909210205078,10384652,0.0,0.0
2019-04-05,76.08995020023839,76.89195649090439,75.50850087967605,75.98970031738281,8341043,0.0,0.0
2019-04-08,75.46839510859127,76.55109375996504,75.24784538331141,76.47089385986328,5601110,0.0,0.0
2019-04-09,76.08994492063044,76.99220103154772,75.48844566523287,76.63129425048828,6611787,0.0,0.0
2019-04-10,76.45084691391492,77.33305307780923,76.37064701063552,77.19270324707031,5061515,0.0,0.0
2019-04-11,76.93206389804561,78.2553624799545,76.3907072503517,77.97466278076172,5634563,0.0,0.0
2019-04-12,78.47590912034964,79.23781550137198,77.83430983344392,79.13756561279297,6282974,0.0,0.0
2019-04-15,79.13756883372722,79.2578687049183,77.73406310867584,77.99471282958984,3502595,0.0,0.0
2019-04-16,77.69396489106354,78.59621394519665,77.41326518533324,78.49596405029297,4564586,0.0,0.0
2019-04-17,78.9771634582083,79.3180130693088,78.27540703106212,78.59620666503906,3931247,0.0,0.0
2019-04-18,78.736546924278,78.77664686996471,77.4332914616402,78.1951904296875,3387589,0.0,0.0
2019-04-22,77.51350153437886,77.6338013872403,76.67139533652781,76.83180236816406,3132486,0.0,0.0
2019-04-23,76.23030316219857,77.03230948575231,75.90950352390576,76.7516098022461,4869396,0.0,0.0
2019-04-24,77.0122595800177,77.49345903790467,76.33055312018945,76.77165985107422,3412348,0.0,0.0
2019-04-25,76.76851958922325,76.82898288324019,75.49879041486759,75.78095245361328,4734403,0.42,0.0
2019-04-26,75.57942120321445,76.72822398809294,75.43834015945744,76.58714294433594,3664001,0.0,0.0
2019-04-29,76.66775860653544,76.9096118178523,76.04297114396694,76.50652313232422,6408565,0.0,0.0
2019-04-30,76.68791024152688,77.5747125827957,76.20420383654958,77.49409484863281,6754246,0.0,0.0
2019-05-01,77.37316544241004,77.91733512828192,75.19647216796875,75.19647216796875,6509302,0.0,0.0
2019-05-02,74.50223779932497,74.50223779932497,68.60666838933109,69.99980163574219,12036040,0.14,0.0
2019-05-03,70.32284359982238,71.17083329852674,69.39408569905014,70.44398498535156,7001978,0.0,0.0
2019-05-06,68.64705059076206,68.97009430167503,67.43562939645632,67.87982177734375,9459734,0.0,0.0
2019-05-07,67.09239759756366,67.13277806271815,64.68975264248928,64.89165496826172,11295160,0.0,0.0
2019-05-08,65.01279024967539,65.2752632484956,63.92251779303758,63.96289825439453,10960488,0.0,0.0
2019-05-09,63.094709165498294,63.599464917329584,62.22652927234847,62.56976318359375,9402089,0.0,0.0
2019-05-10,62.14576598006605,64.06384504219683,61.39872021748768,63.55908203125,8772955,0.0,0.0
2019-05-13,61.883284152153465,61.92366460973517,60.77282156865658,61.055484771728516,6918487,0.0,0.0
2019-05-14,61.358335303627825,62.75146830273431,61.19681348093497,62.10538101196289,6717958,0.0,0.0
2019-05-15,61.27758291455233,61.9640507564685,60.692066225859136,60.7728271484375,7327766,0.0,0.0
2019-05-16,61.358339111416996,62.34766761518731,61.0958661332525,62.1861457824707,8207939,0.0,0.0
2019-05-17,61.479481588472844,63.215848599695946,61.35834021176294,62.529380798339844,6622324,0.0,0.0
2019-05-20,61.84291142315766,63.296615356151186,61.80253096052955,62.65052795410156,5892359,0.0,0.0
2019-05-21,63.559089430263995,65.23488593584537,63.498518735304984,64.58879852294922,7549652,0.0,0.0
2019-05-22,64.24557299726433,65.17432377491463,64.04367065429688,64.04367065429688,6343880,0.0,0.0
2019-05-23,63.13508090616051,63.21584181529976,61.86308930883695,62.46880340576172,8326301,0.0,0.0
2019-05-24,63.31680273920441,63.35718320001603,61.964050023633746,62.7514762878418,4512895,0.0,0.0
2019-05-28,62.75147313037386,62.953375424272814,61.96404690578676,62.12557601928711,8003489,0.0,0.0
2019-05-29,61.35834405201595,63.07452094119828,61.03530036057112,62.77166748046875,6848462,0.0,0.0
2019-05-30,62.953371990984095,63.39755701333727,62.61013811007482,62.93318176269531,6934032,0.0,0.0
2019-05-31,61.88329209978721,61.94386279393883,60.8939707619775,61.620819091796875,7657524,0.0,0.0
2019-06-03,62.64865572835602,72.59879302978516,62.48647882782822,72.59879302978516,10946100,0.0,0.4725
2019-06-04,72.78005075735373,72.98038820450937,69.99439585635915,70.70034790039062,12732500,0.0,0.0
2019-06-05,70.71941524658969,72.01684478203504,69.27889275224848,71.41583251953125,6699800,0.0,0.0
2019-06-06,71.34906272252897,71.34906272252897,68.06732790566804,69.31706237792969,9096300,0.0,0.0
2019-06-07,70.13748672669071,70.6908038184277,69.44107666155722,70.25196838378906,4921400,0.0,0.0
2019-06-10,71.24411583999645,71.61617210111186,70.26150534123624,70.35690307617188,4831200,0.0,0.0
2019-06-11,70.88162008629587,71.00563644633041,70.14704205044598,70.33784484863281,4867700,0.0,0.0
2019-06-12,70.12795611389328,70.46185186848197,69.16442212632452,70.08025360107422,3391100,0.0,0.0
2019-06-13,70.09934205220422,71.3872299194336,69.89899730810934,71.3872299194336,3624700,0.0,0.0
2019-06-14,71.32999750374859,71.88331475690828,70.75760360803106,71.62574005126953,3412600,0.0,0.0
2019-06-17,71.07239984110447,72.00731514888446,70.8529784914564,71.31089782714844,3627000,0.0,0.0
2019-06-18,71.3776832458952,71.82606066360925,70.73851033392823,70.83390808105469,5370000,0.0,0.0
2019-06-19,71.22504948119116,71.26320275796593,69.126262617877,69.61280059814453,4716400,0.0,0.0
2019-06-20,69.9753076858908,71.70203805504308,69.9753076858908,71.53031921386719,4571100,0.0,0.0
2019-06-21,71.74018864532839,72.59878281910309,71.15825299856891,71.2059555053711,5420200,0.0,0.0
2019-06-24,71.07239575662659,72.14086929291635,70.37597847491317,71.26319122314453,2942900,0.0,0.0
2019-06-25,70.9769956346732,71.0342328170262,69.70818471772664,70.71941375732422,2704800,0.0,0.0
2019-06-26,70.91977563415377,70.97702011463062,69.6605062394044,70.44277954101562,3521700,0.0,0.0
2019-06-27,70.70035177931972,70.9674683901824,70.2519743489223,70.43323516845703,2980100,0.0,0.0
2019-06-28,70.52863010289033,71.6734176118557,70.35691124870739,71.61618041992188,5285300,0.0,0.0
2019-07-01,71.4253831858289,73.48600210738452,71.4253831858289,72.33167266845703,4096600,0.0,0.0
2019-07-02,72.36029300797642,72.47477467019294,71.02470272897628,71.39675903320312,3510100,0.0,0.0
2019-07-03,71.3586056604647,71.3586056604647,69.49831686347902,70.76712799072266,2920100,0.0,0.0
2019-07-05,69.67003290286897,70.43322939568012,69.40291631389941,70.34736633300781,3062800,0.0,0.0
2019-07-08,70.04210102899279,70.19474326470473,68.37261478740116,68.79237365722656,3700900,0.0,0.0
2019-07-09,68.13411654804034,68.33445402302313,66.75083086337628,66.77944946289062,4957900,0.0,0.0
2019-07-10,67.32321223706421,67.6857265611678,66.36922027832539,66.44554138183594,4124100,0.0,0.0
2019-07-11,66.36923888149143,66.5886602959924,65.96856389332416,66.30245971679688,3718500,0.0,0.0
2019-07-12,66.70312163912922,68.45847077614927,66.66496108415251,68.22950744628906,4927300,0.0,0.0
2019-07-15,68.21996354630562,68.80189919388302,67.06563420820082,68.63018035888672,2596800,0.0,0.0
2019-07-16,68.68742153153978,70.32828887711199,68.49662604974905,68.9926986694336,4159500,0.0,0.0
2019-07-17,69.2121126325272,69.2121126325272,67.59032209698078,68.01962280273438,3052800,0.0,0.0
2019-07-18,67.71435703499549,68.41076713630288,67.46631707092226,68.28675079345703,2354100,0.0,0.0
2019-07-19,68.37261180425946,68.887768409737,68.22951153411869,68.27721405029297,3377100,0.0,0.0
2019-07-22,68.44892644127391,68.85914329505373,67.76205103230477,68.65880584716797,2231100,0.0,0.0
2019-07-23,68.372609340624,70.29013542330016,68.28675354866238,69.87037658691406,2658600,0.0,0.0
2019-07-24,69.46969479724311,70.94838525854044,69.38383901377247,70.81482696533203,2736800,0.0,0.0
2019-07-25,70.03256299220895,70.76713370082166,68.64927009128857,69.7845230102539,2972900,0.0,0.0
2019-07-26,69.64141365877359,70.08979104824091,68.27720485350072,69.84175109863281,2336300,0.0,0.0
2019-07-29,69.52693458638659,70.0325564620203,69.00224335155438,69.7272720336914,2347000,0.0,0.0
2019-07-30,69.02800815745223,70.34994808994595,68.58736394941462,70.31163024902344,2171600,0.3,0.0
2019-07-31,70.18709114498927,70.69479702486626,68.52988664966578,69.1238021850586,3344500,0.0,0.0
2019-08-01,70.12002080450101,70.46487396488206,68.04132786603323,68.6735610961914,5325000,0.0,0.0
2019-08-02,68.39576530822522,68.52987406443049,65.24419492064344,66.14464569091797,4424400,0.0,0.0
2019-08-05,65.30166494018134,65.50282806502099,63.11759980377516,63.28044509887695,4647800,0.0,0.0
2019-08-06,63.7019382091396,66.33622888696117,62.772750873440046,65.64652252197266,7196700,0.0,0.0
2019-08-07,64.315005893809,66.9876142786333,64.1808971411694,66.83434295654297,4840700,0.0,0.0
2019-08-08,67.22710194948579,68.11797150003056,66.69066688537438,67.78269958496094,4378200,0.0,0.0
2019-08-09,67.28456886265359,67.67732114733678,66.02010967890845,66.13506317138672,2732700,0.0,0.0
2019-08-12,65.25377117895636,66.13505931138275,64.87060020143836,65.08134460449219,2510300,0.0,0.0
2019-08-13,65.6081991590938,67.50489150292715,64.51616660937657,65.59862518310547,3273800,0.0,0.0
2019-08-14,64.39163870907072,64.81312751781257,62.71527206678378,63.01222610473633,4310800,0.0,0.0
2019-08-15,63.414554973300305,63.414554973300305,61.75735083092891,62.427894592285156,3138800,0.0,0.0
2019-08-16,62.8972846697761,63.96057343935922,62.2363148622917,63.337928771972656,2860500,0.0,0.0
2019-08-19,64.00845471511272,64.88974267386564,64.00845471511272,64.59278869628906,2730300,0.0,0.0
2019-08-20,64.30542416767027,64.48743203430845,63.65403567001548,64.27668762207031,2966000,0.0,0.0
2019-08-21,64.73649370762338,65.70399150675,64.26710577235494,64.90892028808594,2686500,0.0,0.0
2019-08-22,65.45494140771972,66.01053902005287,64.26711051754964,64.82270812988281,3092900,0.0,0.0
2019-08-23,64.11383072002509,64.88974654429705,62.83979050091919,63.22296142578125,4571900,0.0,0.0
2019-08-26,63.711515269501554,64.16174063392384,60.923953447250575,61.55618667602539,5761600,0.0,0.0
2019-08-27,61.83398915978538,62.72485865738597,61.077224766052986,61.2688102722168,4451100,0.0,0.0
2019-08-28,60.923957029461874,61.90104347531397,60.61742168159006,61.364601135253906,6097700,0.0,0.0
2019-08-29,62.226720129234984,63.318752517888576,62.226720129234984,63.00263595581055,2813400,0.0,0.0
2019-08-30,64.91849077351195,66.4511746544882,64.48742799972388,65.07176208496094,3869300,0.0,0.0
2019-09-03,64.38205408268946,64.7556437589072,63.778564753809654,64.61195373535156,2217100,0.0,0.0
2019-09-04,66.09674234450792,66.09674234450792,65.11008199769135,65.59862518310547,2201600,0.0,0.0
2019-09-05,66.32665657112851,67.15047180644925,66.00096591494042,66.0392837524414,3365600,0.0,0.0
2019-09-06,66.36495294186926,66.58527860913719,65.43576578107567,66.30747985839844,1812300,0.0,0.0
2019-09-09,66.47033554473703,67.8689034924748,66.0105361881986,67.543212890625,2791300,0.0,0.0
2019-09-10,67.90720883184034,68.93218687320062,67.66772791275262,68.395751953125,4044900,0.0,0.0
2019-09-11,68.23292386721485,68.8459945898164,67.64858969280095,68.53945922851562,2901300,0.0,0.0
2019-09-12,68.97052275531904,69.1716859030165,67.73480001228069,68.29039764404297,3166000,0.0,0.0
2019-09-13,68.57776849716306,70.66604289162568,68.51071411649416,70.44572448730469,3831500,0.0,0.0
2019-09-16,69.94760763950082,70.66605064335442,69.03758275797163,69.1046371459961,4241100,0.0,0.0
2019-09-17,68.95136283054426,69.5165344013326,67.98385768318386,68.2520751953125,5795000,0.0,0.0
2019-09-18,68.05092027365284,68.98010770164719,67.57195828465616,68.96094512939453,2305400,0.0,0.0
2019-09-19,69.21000011166015,69.72727988223377,67.91680433941569,68.070068359375,2256000,0.0,0.0
2019-09-20,67.90721630058671,68.91303919473116,67.84016192820232,68.58734130859375,5327900,0.0,0.0
2019-09-23,67.56236913901726,68.72145614054733,67.53363259236117,67.93595886230469,4631300,0.0,0.0
2019-09-24,68.02217586179097,68.63524655217887,67.26541512963549,67.3612060546875,3362100,0.0,0.0
2019-09-25,67.58153080017438,68.22333802812615,67.21751505841503,67.92638397216797,3102100,0.0,0.0
2019-09-26,67.90721999527905,67.90721999527905,66.7385517486703,67.15045928955078,3025700,0.0,0.0
2019-09-27,67.0259337941304,68.0604933191114,66.75771628210845,67.29415130615234,1958500,0.0,0.0
2019-09-30,67.58153056014149,68.38618308634925,67.34204959757312,68.3095474243164,2798500,0.0,0.0
2019-10-01,68.71186955542481,68.82681572095679,65.05260134897557,65.09091186523438,3370900,0.0,0.0
2019-10-02,63.85519928130953,64.64069644673162,62.94516735375909,64.4107894897461,4754000,0.0,0.0
2019-10-03,64.5544889106327,65.29209438203674,63.51035540203678,65.25377655029297,2624400,0.0,0.0
2019-10-04,65.27292756569024,65.71357163950907,64.81312823143521,65.28250885009766,3386400,0.0,0.0
2019-10-07,64.98555300200219,65.07176995221056,63.883946378385325,63.89352035522461,4609800,0.0,0.0
2019-10-08,63.098443713097645,63.184653347589744,62.092620793751266,62.188411712646484,5206500,0.0,0.0
2019-10-09,62.95476022125684,63.08886898331912,61.85314626856295,62.083045959472656,4790900,0.0,0.0
2019-10-10,62.130944792940014,62.226735721347815,60.22467462243148,60.483314514160156,7573900,0.0,0.0
2019-10-11,61.144279265844894,63.11759999898537,60.95269377075248,62.41831970214844,4957700,0.0,0.0
2019-10-14,62.02556813967349,62.6194835466991,61.805242442564015,62.07346725463867,2247600,0.0,0.0
2019-10-15,62.111776836162136,63.51035204147911,61.81482279133474,62.801483154296875,2704700,0.0,0.0
2019-10-16,62.77275243844313,64.96639906185221,62.60990712831069,63.80731201171875,4206900,0.0,0.0
2019-10-17,64.07553197134715,64.60239306342095,63.39540684872986,63.44330596923828,2257100,0.0,0.0
2019-10-18,63.47203850444424,63.83604694879864,62.61948683364058,62.77275085449219,2181700,0.0,0.0
2019-10-21,63.23256265513823,63.721098612775776,62.85897289535431,63.16550827026367,2666800,0.0,0.0
2019-10-22,63.16549644996324,63.31876045454738,61.83398297920916,63.09844207763672,3076800,0.0,0.0
2019-10-23,63.39540022075806,63.97015306487034,62.648220792574214,63.83604431152344,3607400,0.0,0.0
2019-10-24,64.17131475129801,65.27292860761911,61.987249607776576,63.4720344543457,4443900,0.0,0.0
2019-10-25,63.52952521866017,64.83230256290473,62.973927493653946,64.03722381591797,2799700,0.0,0.0
2019-10-28,64.42996153910146,65.8093669421299,64.42038025405581,64.7460708618164,4323900,0.0,0.0
2019-10-29,64.14258334657495,65.24419729118269,63.759412325618435,64.506591796875,3368500,0.0,0.0
2019-10-30,64.2192170790999,64.24795362584013,62.830223083496094,62.830223083496094,4537500,0.0,0.0
2019-10-31,64.49701853763631,65.09092668376742,62.60990726783902,63.13676834106445,6390500,0.0,0.0
2019-11-01,63.70192840507747,66.84391708789718,63.60613749321162,66.70980834960938,4033300,0.0,0.0
2019-11-04,66.68107146163541,68.57775635524438,66.68107146163541,68.29996490478516,4774900,0.0,0.0
2019-11-05,68.81724630279795,70.39782212677683,68.37660220607046,69.33452606201172,5301700,0.0,0.0
2019-11-06,68.76935656906741,69.52611731508989,67.24625379182793,67.37078857421875,4234300,0.0,0.0
2019-11-07,68.06048126965722,68.63523402343252,67.74436469714858,68.59691619873047,2975900,0.0,0.0
2019-11-08,68.37660407845327,68.48197629016258,67.57195152545044,68.13712310791016,2234800,0.0,0.0
2019-11-11,67.29415099837995,69.35368875395635,67.10256915020592,69.1429443359375,5853100,0.0,0.0
2019-11-12,69.19085325636158,70.35951438922626,68.98010880848071,69.54528045654297,5961700,0.0,0.0
2019-11-13,68.52028863968567,68.74061433064246,66.96845675210152,67.00676727294922,3634000,0.0,0.0
2019-11-14,66.94928479392215,67.44740919562588,66.67148605227537,67.05465698242188,2707400,0.0,0.0
2019-11-15,67.5336309782296,67.78269322392804,64.54490595498515,64.7939682006836,6668800,0.0,0.0
2019-11-18,64.56408498762745,64.88977566949819,63.86479718775675,64.03722381591797,3956000,0.0,0.0
2019-11-19,64.32458411323522,64.6502746945885,63.0984428284582,63.23255157470703,3676900,0.0,0.0
2019-11-20,63.251707553994954,63.8839407721091,62.30336503520236,62.31294631958008,3805200,0.0,0.0
2019-11-21,62.27462549932915,63.481604171318615,61.9201910781637,62.9260139465332,4413100,0.0,0.0
2019-11-22,63.060123443603516,64.14257467115087,62.81106121741109,63.060123443603516,3559600,0.0,0.0
2019-11-25,63.318755879569224,63.68277156736488,62.274622541872674,62.45662307739258,5020700,0.0,0.0
2019-11-26,62.447053398876164,63.337922804357206,62.09261897015672,62.33209991455078,5709300,0.0,0.0
2019-11-27,62.17813070372987,63.255977422622436,61.802810586180605,63.1404914855957,7936200,0.3,0.0
2019-11-29,62.75554360768644,62.96726414737997,62.00490339766745,62.37059783935547,2067300,0.0,0.0
2019-12-02,62.33210395794106,63.25597676001718,62.2262510278963,62.41872024536133,4511700,0.0,0.0
2019-12-03,61.78356172304987,61.78356172304987,60.13792927260808,60.21491622924805,5292900,0.0,0.0
2019-12-04,60.94630629105039,61.51409559280354,60.3688876551374,60.40738296508789,4737600,0.0,0.0
2019-12-05,61.01367835467354,61.138782619912355,59.31029923766302,59.6567497253418,5831500,0.0,0.0
2019-12-06,60.38813856211409,61.542972225014964,60.38813856211409,61.1965217590332,6531700,0.0,0.0
2019-12-09,61.60071031376541,62.43795942171262,61.321624830373196,61.43710708618164,4708400,0.0,0.0
2019-12-10,61.36974361622274,62.39946562284712,61.215766047713565,61.629581451416016,4069900,0.0,0.0
2019-12-11,61.68732611708606,62.25512280985802,61.321631654477684,61.90867233276367,3584300,0.0,0.0
2019-12-12,62.10113196145806,63.766019127040444,61.76430720027928,63.69865417480469,4433700,0.0,0.0
2019-12-13,63.90075284603429,64.21833364363029,62.1781262877697,62.36097717285156,5083900,0.0,0.0
2019-12-16,63.81414040764073,64.08360024889966,62.18775569654789,62.44758987426758,11187600,0.0,0.0
2019-12-17,62.3320969996078,62.986502545057476,60.89818166554497,61.80280303955078,6703700,0.0,0.0
2019-12-18,62.50532701770957,62.50532701770957,61.27350644740259,61.50447463989258,4660300,0.0,0.0
2019-12-19,61.302382369894794,61.966409985948225,61.16765244818381,61.542972564697266,5107800,0.0,0.0
2019-12-20,61.812436952841665,61.96641086173176,61.02329772531064,61.15802764892578,7029800,0.0,0.0
2019-12-23,61.21576583345619,61.69694619225258,60.715337819774156,61.514095306396484,4148900,0.0,0.0
2019-12-24,61.100289796595135,61.456362270448246,61.08104213974968,61.379371643066406,1227600,0.0,0.0
2019-12-26,61.206145120440624,61.437113326632726,60.95593292892135,61.33125305175781,1856700,0.0,0.0
2019-12-27,61.25426609710384,61.71619516725785,61.206145120440624,61.33125305175781,2834000,0.0,0.0
2019-12-30,61.30238219169578,61.77394058742849,59.90695833167473,59.94545364379883,3710800,0.0,0.0
2019-12-31,59.69523680353913,61.81243488213601,59.66636715547875,61.7835578918457,5139100,0.0,0.0
2020-01-02,62.360973213251135,62.707423635498124,61.09065377464065,61.109901428222656,5967300,0.0,0.0
2020-01-03,60.388135996903564,60.580608877730214,59.55088318708973,59.820343017578125,6005300,0.0,0.0
2020-01-06,59.55088155792513,60.11867452171716,59.377656337031645,59.39690399169922,5619000,0.0,0.0
2020-01-07,59.5893748415113,59.5893748415113,58.088094447134495,58.482662200927734,9185300,0.0,0.0
2020-01-08,59.06970221988409,59.47389196150636,58.56927420326974,59.185184478759766,6361700,0.0,0.0
2020-01-09,59.146686117299026,59.4642669017162,58.5788931730409,58.6558837890625,5572300,0.0,0.0
2020-01-10,58.809865247079394,58.93497317084758,57.30858117520585,57.46255874633789,6599300,0.0,0.0
2020-01-13,57.29895989694645,58.1458347131655,57.07761736513136,58.126590728759766,8087700,0.0,0.0
2020-01-14,58.27094486123116,58.646264980413065,57.424066341593104,57.90524673461914,7003200,0.0,0.0
2020-01-15,57.90524635665872,59.752980962798,57.760894442362165,58.83873748779297,5748500,0.0,0.0
2020-01-16,59.09857714297068,60.15717256458808,58.82911729116592,59.377662658691406,8621700,0.0,0.0
2020-01-17,59.52200937146599,59.69523459565128,58.906099094858206,59.24292755126953,7188300,0.0,0.0
2020-01-21,59.108192807929136,59.57975116921981,58.906097940710886,59.45464324951172,6843100,0.0,0.0
2020-01-22,59.396904285712075,59.47389123364873,58.19395339639428,58.49228286743164,5447400,0.0,0.0
2020-01-23,58.47303889497902,58.62701647166377,57.75126831593521,58.261322021484375,5122900,0.0,0.0
2020-01-24,58.26131833710699,58.309435638444036,57.05836744810717,57.15460205078125,4405300,0.0,0.0
2020-01-27,56.01901291631844,56.288476396412264,55.21062981826609,55.22987747192383,6733900,0.0,0.0
2020-01-28,55.662947367274,56.2114927152799,55.4031095175162,55.75918197631836,4919300,0.0,0.0
2020-01-29,55.97089589045257,56.6734187323677,55.40310295368355,55.518585205078125,4828700,0.0,0.0
2020-01-30,53.16081411105778,53.228179075781014,49.77330353321222,50.73566436767578,22861000,0.0,0.0
2020-01-31,50.23523237757638,50.360340304217225,49.02265576484347,49.253623962402344,11620900,0.0,0.0
2020-02-03,49.523080610833205,50.11974688646835,48.88792269734638,49.85990905761719,11306100,0.0,0.0
2020-02-04,50.45657754612134,51.06286588414291,49.90803217828306,50.71641540527344,9403500,0.0,0.0
2020-02-05,51.264958202356176,52.429413842629025,50.77415215819823,52.044471740722656,9275800,0.0,0.0
2020-02-06,52.44865737334316,52.44865737334316,51.178341561843105,51.784629821777344,7749800,0.0,0.0
2020-02-07,51.2649567196018,51.332321677264865,50.16786607067198,50.57205581665039,5476000,0.0,0.0
2020-02-10,50.341093132481994,50.716413244897964,49.55195759583432,49.83103942871094,5506000,0.0,0.0
2020-02-11,50.138990342298804,51.582531373318325,50.119746359132805,50.706783294677734,5609000,0.0,0.0
2020-02-12,50.918502151697545,51.84236750020103,50.88963250678011,51.5344123840332,3871900,0.0,0.0
2020-02-13,51.15909335162091,51.6306516978039,50.74527796755664,51.26495361328125,4241600,0.0,0.0
2020-02-14,51.34193903865463,51.62102450729586,50.649041869312185,51.101348876953125,5914400,0.0,0.0
2020-02-18,51.409306880360184,52.01559514984423,50.59130175303444,51.42855453491211,8327800,0.0,0.0
2020-02-19,51.63065700670193,51.90973884118563,51.28420654059525,51.48630142211914,6395500,0.0,0.0
2020-02-20,51.24570906439594,51.630654826283354,50.29297032283776,50.57205581665039,4971900,0.0,0.0
2020-02-21,50.25447861362011,50.63942070385708,50.06200573294419,50.456573486328125,4033500,0.0,0.0
2020-02-24,48.69545359771007,49.07077738254946,47.73309282565165,48.55110168457031,7087800,0.0,0.0
2020-02-25,48.59921756518977,48.59921756518977,45.25020261707286,45.683265686035156,10657600,0.0,0.0
2020-02-26,46.43390558502856,46.47240089559668,44.884504210253375,45.48116683959961,9556100,0.0,0.0
2020-02-27,44.37706584080729,45.68455103439249,43.611943124173685,43.65068435668945,8843600,0.3,0.0
2020-02-28,41.76209206582777,42.323828857730696,40.735475258590064,41.54902267456055,13559800,0.0,0.0
2020-03-02,41.70398132626425,43.573203205496704,41.17129864469509,43.534461975097656,9803300,0.0,0.0
2020-03-03,43.505406432437724,44.8032081607149,42.10107185695945,42.265716552734375,10211000,0.0,0.0
2020-03-04,43.19548297792959,43.19548297792959,41.13256227723857,42.76934051513672,15079800,0.0,0.0
2020-03-05,41.28752659618904,42.37225529732158,40.93886287575457,41.084136962890625,8795200,0.0,0.0
2020-03-06,39.74759732224306,40.79358478095081,38.653181473627534,39.22460174560547,14571900,0.0,0.0
2020-03-09,35.8057647641568,36.735532150076835,33.90748506636108,34.0430793762207,16269500,0.0,0.0
2020-03-10,35.84451026875058,37.03577938406292,34.83726389072291,36.9195556640625,9931300,0.0,0.0
2020-03-11,35.47647723023725,36.42561538016903,34.9341109897472,35.505531311035156,10566100,0.0,0.0
2020-03-12,33.219851161878616,34.401433082302624,31.892995137929482,32.231971740722656,12437100,0.0,0.0
2020-03-13,34.207726846017046,35.99946645573047,33.10362752374456,35.931671142578125,10537300,0.0,0.0
2020-03-16,31.863935859687796,34.83725710066688,30.633927591397626,33.17142105102539,9270100,0.0,0.0
2020-03-17,33.97528968664922,36.11569319813702,32.222287469404286,34.875999450683594,8886000,0.0,0.0
2020-03-18,32.396612764942354,33.65567318100167,28.144858839304746,31.050386428833008,8937100,0.0,0.0
2020-03-19,30.740465469003645,32.57094814152018,29.171482432313724,30.66298484802246,6826300,0.0,0.0
2020-03-20,31.50558438438803,32.91960978455263,29.32644182573983,30.478965759277344,9584800,0.0,0.0
2020-03-23,29.394235588978727,30.10124640461754,27.4378478262424,27.563753128051758,7299600,0.0,0.0
2020-03-24,29.40392679612746,31.825198716828762,29.055263048415632,31.437793731689453,10167900,0.0,0.0
2020-03-25,31.718656659447866,34.32394346417973,30.63392621432,32.18354034423828,7815300,0.0,0.0
2020-03-26,32.47408996427741,34.9922143695353,31.486210816203183,34.8178825378418,8622700,0.0,0.0
2020-03-27,33.05520028502559,33.704099288013836,32.09637512416724,32.7646484375,5997000,0.0,0.0
2020-03-30,32.24165806295105,32.73559591345688,31.08913025415783,32.56126403808594,6377800,0.0,0.0
2020-03-31,34.06244997180368,35.476475513481866,32.832447146355555,33.026145935058594,8274600,0.0,0.0
2020-04-01,31.36999585106581,32.46441170430611,31.234405225712887,31.49590301513672,7712600,0.0,0.0
2020-04-02,31.457161513264335,33.26827171212491,30.88574124373283,31.486215591430664,6649100,0.0,0.0
2020-04-03,31.46684732410165,32.41598534749788,30.527392761491182,30.866371154785156,5357100,0.0,0.0
2020-04-06,32.9196141034535,34.507967865475464,32.42567257101515,34.2755241394043,7307400,0.0,0.0
2020-04-07,36.36749633428405,37.52970736581628,35.989778580313654,36.08662796020508,9583400,0.0,0.0
2020-04-08,36.56119685781251,37.94616434560758,35.99946013932027,37.6362419128418,6819700,0.0,0.0
2020-04-09,38.93404785781601,40.24153303696719,38.61443823494021,39.49578094482422,9293500,0.0,0.0
2020-04-13,38.94372746524522,39.147113371732644,36.76458325256509,37.11324691772461,5924600,0.0,0.0
2020-04-14,38.2173542386865,38.77909108487984,36.948610145676824,37.219791412353516,4801400,0.0,0.0
2020-04-15,35.921985564206715,35.97041025723775,34.38205668058919,34.449851989746094,5471800,0.0,0.0
2020-04-16,34.50796360916137,35.17623323551714,33.73315744210383,35.079383850097656,5324800,0.0,0.0
2020-04-17,36.309387569743045,37.53939019073136,36.154426347798825,37.1519889831543,7130800,0.0,0.0
2020-04-20,37.6556183661885,39.36987916645855,37.15199341120232,38.46916580200195,7998800,0.0,0.0
2020-04-21,37.326321759075476,38.19797726898655,37.074507457974214,37.839630126953125,5031200,0.0,0.0
2020-04-22,38.75971487206053,39.12774917697688,38.072074648202275,38.614437103271484,3728500,0.0,0.0
2020-04-23,38.89531120233955,40.65799682951374,38.750033412198775,39.90256118774414,5083600,0.0,0.0
2020-04-24,40.38681433241829,40.9098099275196,39.72822810775017,40.58051681518555,5332200,0.0,0.0
2020-04-27,40.91949362983856,42.895252315466635,40.73547830213924,42.4400520324707,5664900,0.0,0.0
2020-04-28,43.582892977315744,45.51991044297422,43.582892977315744,44.948490142822266,9603400,0.0,0.0
2020-04-29,46.38187966744187,47.582832045205,46.062273727156715,46.65306091308594,8298100,0.0,0.0
2020-04-30,45.607075251804595,46.58526742222509,45.07439620080066,45.53927993774414,6973100,0.0,0.0
2020-05-01,44.57076830881884,45.34557448629775,43.398873734471536,43.65068435668945,4583100,0.0,0.0
2020-05-04,43.10832072227158,43.36013505387707,42.25603572416796,43.311710357666016,5797700,0.0,0.0
2020-05-05,44.5320270320333,45.68455098897699,43.0017852948546,43.282649993896484,7990800,0.0,0.0
2020-05-06,43.38918301809906,44.144622211888304,42.46909914148116,42.65311813354492,5608300,0.0,0.0
2020-05-07,43.05989294267285,43.873440342292476,42.96304355718583,43.35044479370117,4262900,0.0,0.0
2020-05-08,43.863756728840336,45.568330291620555,43.62162957139861,45.452110290527344,4776600,0.0,0.0
2020-05-11,44.6288819211384,45.15187380249855,43.59257423051118,44.74510192871094,4656800,0.0,0.0
2020-05-12,45.01628031035193,46.06227139557714,44.2124200752108,44.24147415161133,3936700,0.0,0.0
2020-05-13,43.699110420891515,43.91218351184505,42.01390739383098,42.51753234863281,4420900,0.0,0.0
2020-05-14,41.549025808935674,43.86376107214868,40.51272176803753,43.82501983642578,7872700,0.0,0.0
2020-05-15,43.35044163213355,44.39643265303156,43.00178165306785,44.018714904785156,2926700,0.0,0.0
2020-05-18,45.665185821293754,47.05015353172993,45.5973905091382,46.58526611328125,11273800,0.0,0.0
2020-05-19,46.29471164983121,47.36975681735331,45.306832406555955,46.27534103393555,6162300,0.0,0.0
2020-05-20,47.09857273826059,47.62156455757542,46.933924360379145,47.33101272583008,5417000,0.0,0.0
2020-05-21,47.301958651025636,48.299521294692546,46.78865029178996,47.33101272583008,6392300,0.0,0.0
2020-05-22,46.96298610099001,47.2922791900313,46.197863380193006,47.15668487548828,2958700,0.0,0.0
2020-05-26,48.764412341328764,49.510164495515994,48.64819232996262,48.783782958984375,5998400,0.0,0.0
2020-05-27,49.36488931429547,50.10095429610869,47.708736639722645,47.90243911743164,6723600,0.0,0.0
2020-05-28,48.48708869166681,49.78306776959458,47.00597505562588,49.208160400390625,7270500,0.3,0.0
2020-05-29,48.9255793302701,49.54920692398683,48.16553366506704,49.43227767944336,6564700,0.0,0.0
2020-06-01,49.052250673823934,49.792807449082815,48.76966828286312,49.57843780517578,5492800,0.0,0.0
2020-06-02,49.646644893111784,51.30315780639648,49.51996939227182,51.303157806396484,7516200,0.0,0.0
2020-06-03,51.99499598606958,53.66125150549119,51.89755186039055,53.18378829956055,6853100,0.0,0.0
2020-06-04,52.76478541629847,53.64176020424864,52.69657639002834,53.573551177978516,3941900,0.0,0.0
2020-06-05,54.65516010504451,57.169159111482486,54.5674622491738,54.703880310058594,11223800,0.0,0.0
2020-06-08,55.1716022288264,55.78548723393925,54.392067779460426,55.58086013793945,7314600,0.0,0.0
2020-06-09,54.50899868871182,55.6100932230747,53.885371110099996,54.4992561340332,6118500,0.0,0.0
2020-06-10,54.49925503926942,54.57720662647325,52.248345808138964,52.30681228637695,8753700,0.0,0.0
2020-06-11,49.812294969643986,50.83543410906479,47.88294592233563,48.70145797729492,8205800,0.0,0.0
2020-06-12,50.83543836912121,50.9036511201046,48.516323783320324,49.70511245727539,5708800,0.0,0.0
2020-06-15,48.13630025621486,51.04006844037826,47.756273722502385,50.6600456237793,5641000,0.0,0.0
2020-06-16,52.7453045231803,53.183793841645986,51.001093521457726,51.7708854675293,5628000,0.0,0.0
2020-06-17,52.452971281311136,52.49194521238697,51.25443276073591,51.42008590698242,2776400,0.0,0.0
2020-06-18,50.9523686270245,51.93653014720826,50.68927506013655,51.23495101928711,4795300,0.0,0.0
2020-06-19,52.794012395906584,53.427386120921696,50.981592781174434,51.25442886352539,9136800,0.0,0.0
2020-06-22,51.26418751447381,52.375024651887266,50.26053706876055,51.62472152709961,4791700,0.0,0.0
2020-06-23,52.39451576572941,52.53093384580529,51.22521209532856,51.556514739990234,5469400,0.0,0.0
2020-06-24,51.195976645613584,51.468812784096535,50.10462465745458,50.2215576171875,4932800,0.0,0.0
2020-06-25,50.42618151247824,51.86832113673319,49.51022902219983,51.731903076171875,4460000,0.0,0.0
2020-06-26,51.49804523896903,51.49804523896903,49.636905004563594,50.1046257019043,7590100,0.0,0.0
2020-06-29,50.660044985815524,51.62471770547805,50.455414172666195,51.12776565551758,3489000,0.0,0.0
2020-06-30,50.77697758471164,52.10218809513519,50.562604202992034,51.7708854675293,5196100,0.0,0.0
2020-07-01,51.761136170632426,52.45297648472209,50.73799696541063,50.98160171508789,4538000,0.0,0.0
2020-07-02,51.65395053489923,52.8330003722847,51.55651011989514,52.34579086303711,5073300,0.0,0.0
2020-07-06,53.32994955982805,53.53457665056819,52.267832738269206,53.21302032470703,4077200,0.0,0.0
2020-07-07,52.51143780725879,52.988904739077014,51.76113475275208,52.23860168457031,3926100,0.0,0.0
2020-07-08,52.15090364955241,52.39450839172122,50.31899494765121,50.91339111328125,4927800,0.0,0.0
2020-07-09,51.049809466156894,51.11801849698524,49.451762943126994,49.607669830322266,5594300,0.0,0.0
2020-07-10,49.69537094826259,51.04981281662411,49.51023266916527,50.90365219116211,3777800,0.0,0.0
2020-07-13,51.38110640955732,52.15089820657497,50.9718522696419,51.17647933959961,5037000,0.0,0.0
2020-07-14,51.06929907900461,52.43348715082928,50.65029861624903,52.27758026123047,2989700,0.0,0.0
2020-07-15,53.32995138139913,53.78792950051006,52.4432302407911,53.456626892089844,3390100,0.0,0.0
2020-07-16,53.10583361791524,53.95357707707921,52.80376240045987,53.37866973876953,2227100,0.0,0.0
2020-07-17,53.58330236808195,54.060765595808284,53.105835423242134,53.12532424926758,2659400,0.0,0.0
2020-07-20,52.6868385108262,53.018141141382145,51.7611396562922,51.790374755859375,2858100,0.0,0.0
2020-07-21,52.0729518910903,52.98890816292282,51.829347132345674,52.550418853759766,4549200,0.0,0.0
2020-07-22,52.17039207834138,53.09609083496768,52.014485193223194,53.03762435913086,1781200,0.0,0.0
2020-07-23,52.910946721268154,54.05101879290897,52.65759943707753,53.934085845947266,4279100,0.0,0.0
2020-07-24,53.73920991092786,53.992557218104366,52.78427600966667,53.15455627441406,4979400,0.0,0.0
2020-07-27,53.213017925249424,54.333597455283424,52.64785316627412,53.934085845947266,2696300,0.0,0.0
2020-07-28,53.23251111510211,53.826907301005,52.58939472252645,52.63811492919922,4178000,0.0,0.0
2020-07-29,52.26783045787303,54.21666830472654,52.26783045787303,54.09973907470703,4231600,0.0,0.0
2020-07-30,52.46362231317883,53.32577066669066,51.101822051124,52.66936111450195,6584500,0.3,0.0
2020-07-31,52.67915620560623,53.84501305900353,51.83660262361003,52.39503860473633,4830800,0.0,0.0
2020-08-03,51.954165023644194,52.24808183332564,51.317353989718505,51.395729064941406,4768500,0.0,0.0
2020-08-04,51.30755752720438,52.434228725386916,51.06262933084363,52.0815315246582,4692800,0.0,0.0
2020-08-05,52.72814754454738,54.24670177957322,52.67916264741263,53.619686126708984,4917100,0.0,0.0
2020-08-06,54.040957718148356,54.10953731493486,53.27678293263723,53.6000862121582,5691200,0.0,0.0
2020-08-07,53.35515829104203,54.74635241304937,52.71834721223319,54.73655319213867,3194500,0.0,0.0
2020-08-10,54.87371496887937,56.62740186365148,54.814934589879854,56.500038146972656,4120700,0.0,0.0
2020-08-11,57.78346052853429,58.61621865139468,56.01997823498838,56.137542724609375,9855500,0.0,0.0
2020-08-12,57.803059367674194,58.29291580299347,57.136854316655345,57.16624450683594,5353700,0.0,0.0
2020-08-13,56.5784183602522,57.28381282405884,56.31389543632471,56.84294128417969,4071700,0.0,0.0
2020-08-14,56.313893693017754,57.39158006128357,56.04937077727909,56.980098724365234,2664300,0.0,0.0
2020-08-17,56.93111107587925,57.27400905896801,56.25510685592181,56.29429626464844,2419500,0.0,0.0
2020-08-18,56.470647362492805,56.7449657610881,55.78484762869668,55.843631744384766,2986500,0.0,0.0
2020-08-19,55.716267054298974,56.04936956275477,55.0010771438249,55.128440856933594,3864100,0.0,0.0
2020-08-20,54.49163016866839,55.19702464894504,54.12913744399649,54.9716911315918,2383600,0.0,0.0
2020-08-21,54.8639197709798,55.05006386762905,53.91359710757964,54.021366119384766,3058800,0.0,0.0
2020-08-24,54.6091952111018,55.83383625807628,53.942990182563044,55.735862731933594,5856000,0.0,0.0
2020-08-25,56.06896710440089,56.500039421791364,54.90311013447401,55.05986404418945,2958600,0.0,0.0
2020-08-26,54.90310968821906,56.019981753027125,54.58960187133638,55.75545883178711,2525600,0.0,0.0
2020-08-27,55.78484910064193,56.3040994596513,55.00107955732624,55.43215560913086,2507200,0.0,0.0
2020-08-28,55.6672803675987,56.098352649293886,55.15782926888201,56.01997756958008,2076200,0.0,0.0
2020-08-31,55.677084203753985,55.74566380567888,54.60919702581309,54.628787994384766,3019500,0.0,0.0
2020-09-01,54.28589081185339,56.108157376040026,53.80582985375693,56.098358154296875,4524000,0.0,0.0
2020-09-02,56.264906298972065,59.12566587577589,56.117947884320635,58.93952178955078,6824300,0.0,0.0
2020-09-03,58.782770881577775,59.233437894715976,56.25510993976213,56.931114196777344,6023400,0.0,0.0
2020-09-04,57.69528718753213,57.9206206869354,56.803748673672324,57.607112884521484,4802800,0.0,0.0
2020-09-08,56.793953341829926,56.82334353047616,55.43215312070674,55.66728210449219,5007200,0.0,0.0
2020-09-09,56.37267715104631,57.2838103821878,56.166938353642195,56.754764556884766,2913700,0.0,0.0
2020-09-10,56.931114562926524,57.391580800398884,56.421663430199395,56.55882263183594,4153000,0.0,0.0
2020-09-11,56.98010040428683,57.88143818863398,56.46085377881028,57.38178253173828,2989300,0.0,0.0
2020-09-14,57.98920198942203,58.8709450454428,57.665898693753014,58.224334716796875,2997500,0.0,0.0
2020-09-15,58.22433537546275,58.74358199360015,58.018596572499774,58.34189987182617,2308400,0.0,0.0
2020-09-16,58.537840346197264,59.74288665296422,57.95001415563555,58.949317932128906,3529300,0.0,0.0
2020-09-17,58.12635870594504,59.68409837601183,57.83244189385714,59.53714370727539,4321500,0.0,0.0
2020-09-18,58.91013237265728,59.25303036158871,57.4797488282244,58.08717346191406,5603900,0.0,0.0
2020-09-21,56.1963294006989,56.509837212189744,54.74635483822676,55.04026794433594,5953900,0.0,0.0
2020-09-22,55.07945875500155,55.148038356926456,54.25649979459474,54.628787994384766,3102500,0.0,0.0
2020-09-23,54.46223772522234,55.04026845880677,53.20820646753731,53.26698684692383,5227300,0.0,0.0
2020-09-24,53.14942132516965,53.91359614091099,52.502811003240545,53.19840621948242,3728100,0.0,0.0
2020-09-25,52.71835068700056,54.14873057500653,52.404842868733716,53.923397064208984,2942200,0.0,0.0
2020-09-28,54.83452805643317,56.1277486875156,54.73655453146763,55.40275955200195,3544800,0.0,0.0
2020-09-29,55.48113953765496,55.539919916561445,53.90380125699373,54.070350646972656,4098400,0.0,0.0
2020-09-30,54.41325341664467,55.18722747691432,53.90380227839027,54.354469299316406,4128500,0.0,0.0
2020-10-01,54.824726143367094,55.16762785794812,53.32576678941828,53.423736572265625,4579500,0.0,0.0
2020-10-02,52.63997222667333,54.44264406278907,52.43423342026262,53.65887451171875,4846900,0.0,0.0
2020-10-05,54.491628133973435,55.35377649575173,54.27609384650984,54.942298889160156,5455300,0.0,0.0
2020-10-06,55.53012155118381,56.421660045648835,54.903105959996246,55.001075744628906,7715900,0.0,0.0
2020-10-07,55.383165452677915,56.98989390660554,55.33418055831336,56.49024200439453,6312800,0.0,0.0
2020-10-08,57.14664868726577,58.08717206628695,56.960500865768786,58.06757736206055,4741600,0.0,0.0
2020-10-09,58.4300728537644,58.97871338653546,57.98920133076158,58.10676956176758,3091900,0.0,0.0
2020-10-12,58.21453489110137,58.3418986061617,57.117257561795135,57.24462127685547,3193000,0.0,0.0
2020-10-13,56.725374667423466,57.558129082632014,56.353082743506626,57.1368522644043,3694900,0.0,0.0
2020-10-14,57.08786803337117,58.14595596454949,56.45105318800727,57.57772445678711,3736800,0.0,0.0
2020-10-15,56.813550566493234,58.243930449436434,56.50003901202806,58.07737731933594,2952600,0.0,0.0
2020-10-16,58.243926617131315,58.72398379549446,57.734475513444494,57.9696044921875,2805300,0.0,0.0
2020-10-19,58.14595208639823,58.98850567644726,57.029080113470975,57.25441360473633,3827900,0.0,0.0
2020-10-20,57.48955348364441,58.880744012882666,57.362189759727,58.27332305908203,3722700,0.0,0.0
2020-10-21,57.95980802052796,58.851346502454156,57.381777329786296,57.46995162963867,4201800,0.0,0.0
2020-10-22,57.71488700300097,58.4104822676201,57.06827663610141,58.27332305908203,2977100,0.0,0.0
2020-10-23,58.72398309759346,58.91992640242245,58.04798262010653,58.60641860961914,2377000,0.0,0.0
2020-10-26,57.92062282675089,57.92062282675089,56.66659157076636,57.313201904296875,3543700,0.0,0.0
2020-10-27,57.04867943076708,57.215232560488225,55.98079226309898,56.18653106689453,6740400,0.0,0.0
2020-10-28,54.86391969799551,55.71626883257172,54.50142698929426,54.7757453918457,5259300,0.0,0.0
2020-10-29,54.138931314450915,57.509145964353735,54.10954112441832,56.784156799316406,6488900,0.0,0.0
2020-10-30,56.411870176660706,56.93111681404721,55.04027063144476,55.726070404052734,5363100,0.0,0.0
2020-11-02,56.72537359172274,57.861840309800165,55.990588979069905,57.607112884521484,4526800,0.0,0.0
2020-11-03,58.381089650954074,58.92973019962071,57.84224832380913,58.40068435668945,3122000,0.0,0.0
2020-11-04,57.98920175538807,58.537842292176556,56.872329713807865,56.980098724365234,3622600,0.0,0.0
2020-11-05,57.82264807152879,59.76247890556022,57.63650399086025,58.968910217285156,4926100,0.0,0.0
2020-11-06,58.97871190826653,59.46856831325661,58.21453337511273,58.41047668457031,3817300,0.0,0.0
2020-11-09,60.80097856990631,63.338434907142606,60.25233804874708,60.40909194946289,7970300,0.0,0.0
2020-11-10,60.663814903459965,61.55535714105907,60.095583421723155,60.50706100463867,6267500,0.0,0.0
2020-11-11,60.61483264736789,60.78138577434564,58.61622128479026,59.086483001708984,4033900,0.0,0.0
2020-11-12,58.763175964355476,59.899642714477785,58.21453542600722,58.76317596435547,2880700,0.0,0.0
2020-11-13,59.16486169071904,60.64423026905487,59.16486169071904,60.37970733642578,2211600,0.0,0.0
2020-11-16,61.721910907147304,62.14318774089501,60.840167827836275,62.13338851928711,3881900,0.0,0.0
2020-11-17,61.44758981019054,62.26074951458748,60.55605128559215,61.878662109375,3101400,0.0,0.0
2020-11-18,62.21176332305237,62.99553655948822,60.87935330588074,60.88915252685547,3602700,0.0,0.0
2020-11-19,60.644221171076445,61.21245262690379,60.007406383915935,60.791175842285156,2265600,0.0,0.0
2020-11-20,60.64422528391224,61.47697968916101,60.477672160477795,61.281036376953125,2721700,0.0,0.0
2020-11-23,61.741505975528774,62.70162414679968,61.702316563483095,62.29994201660156,3807400,0.0,0.0
2020-11-24,63.28945341586239,64.98436006375955,62.985744801201825,64.5042953491211,5753800,0.0,0.0
2020-11-25,64.1907828433305,64.1907828433305,63.05431982058699,63.57356643676758,3323600,0.0,0.0
2020-11-27,63.770415018005664,64.36097144900121,63.20938528216003,63.524349212646484,1544100,0.3,0.0
2020-11-30,63.13064688940919,63.35703075046512,62.02827305470124,62.4416618347168,5259400,0.0,0.0
2020-12-01,63.8196292646769,64.20349886325366,62.3333970768189,62.53024673461914,4505200,0.0,0.0
2020-12-02,62.48103761947511,63.27829229246466,62.2546574973176,62.95348358154297,5959500,0.0,0.0
2020-12-03,62.94363813446588,63.9082157079225,62.79599713912736,63.17986297607422,4191000,0.0,0.0
2020-12-04,63.63262784306337,65.12870484891207,63.52435827251728,64.98106384277344,6714900,0.0,0.0
2020-12-07,64.55782306402621,65.19759567939371,64.04600947733181,64.40034484863281,4037200,0.0,0.0
2020-12-08,64.29207862692074,66.11296423490555,64.18380906288564,65.75862884521484,4906400,0.0,0.0
2020-12-09,66.09327932440098,66.68383577776184,65.51256009690768,66.50666809082031,3697500,0.0,0.0
2020-12-10,65.90626961770522,66.04406587885578,65.29602366880066,65.52240753173828,3239400,0.0,0.0
2020-12-11,64.9416908985617,65.48303116678687,64.2527021353672,65.3550796508789,3173800,0.0,0.0
2020-12-14,66.11296608202433,66.16218225226372,64.71531395549172,64.72515869140625,5356500,0.0,0.0
2020-12-15,65.33539847966155,66.9692792453922,64.98106307286052,66.95943450927734,5027400,0.0,0.0
2020-12-16,66.78225862100045,67.74683989003542,66.50666611822832,67.30391693115234,4283700,0.0,0.0
2020-12-17,67.77637824887076,68.51457579804433,67.40236086064964,68.3964614868164,4159100,0.0,0.0
2020-12-18,70.13860614057693,70.35514527202184,68.81968938965476,70.20750427246094,17438100,0.0,0.0
2020-12-21,68.88858652214851,69.82364116624706,68.20944994895385,69.34134674072266,6392000,0.0,0.0
2020-12-22,69.46929907236388,69.96143067671444,68.98700469338105,69.31181335449219,6129500,0.0,0.0
2020-12-23,69.31182356733841,69.92206955001028,68.07165714836027,68.09133911132812,7201800,0.0,0.0
2020-12-24,68.30787200905289,68.53424835449877,67.79605090665454,68.45551300048828,2409700,0.0,0.0
2020-12-28,68.82953512402986,68.94764942725884,67.55983452431818,67.5696792602539,4712300,0.0,0.0
2020-12-29,67.66810660348281,68.5244184376797,67.56968176847172,68.21929168701172,5159500,0.0,0.0
2020-12-30,68.24881851255847,69.29214279173573,68.1799203769902,69.19371795654297,4683000,0.0,0.0
2020-12-31,69.22324259219508,70.42404507001068,68.89843388734332,69.990966796875,9596100,0.0,0.0
2021-01-04,70.55199283849562,71.18192074255364,69.03622647268944,69.21339416503906,12044800,0.0,0.0
2021-01-05,68.87875360760734,73.02250147438868,68.87875360760734,72.61894989013672,13269700,0.0,0.0
2021-01-06,73.27840200240554,76.85128270055189,73.23903807737173,76.52647399902344,21014200,0.0,0.0
2021-01-07,76.74301347955533,79.66627678783132,76.74301347955533,79.60721588134766,19333900,0.0,0.0
2021-01-08,79.19381962518797,81.61510630168075,79.19381962518797,80.50289154052734,14651700,0.0,0.0
2021-01-11,78.90838387408577,84.12498216389253,78.79027708867592,82.65843200683594,15477100,0.0,0.0
2021-01-12,82.24503640391613,85.89665223297342,82.15645631413283,85.0009765625,16403600,0.0,0.0
2021-01-13,83.22930897674574,84.20373512927881,80.47337601944088,82.1761474609375,15219200,0.0,0.0
2021-01-14,80.8277030259906,81.92023586441526,80.29619995518945,81.30998992919922,13975100,0.0,0.0
2021-01-15,80.63084645230207,81.27061908900083,79.21351242917407,81.04423522949219,13375800,0.0,0.0
2021-01-19,81.89070081469487,83.22929945862734,80.71943263325356,83.13087463378906,13628200,0.0,0.0
2021-01-20,83.57380033112658,84.14466733751192,81.98913581882769,82.96355438232422,14360400,0.0,0.0
2021-01-21,81.73322262810463,81.99897040620299,79.49894080582317,79.70564270019531,19681800,0.0,0.0
2021-01-22,78.74106046424806,79.99107149501161,78.29814500286975,79.81390380859375,16853000,0.0,0.0
2021-01-25,79.1544589777476,80.52258447105939,79.1544589777476,80.06982421875,23606100,0.0,0.0
2021-01-26,80.37494167191772,80.91628196104121,78.29814558596054,78.57373809814453,26750000,0.0,0.0
2021-01-27,77.10718881854208,78.64264478243186,75.67016519914114,76.67411804199219,38646100,0.0,0.0
2021-01-28,77.00875424122539,80.12887443719814,76.78237789993986,79.84343719482422,38708500,0.0,0.0
2021-01-29,79.25287607079211,80.18793069320945,77.12687128898624,78.19971466064453,36614700,0.0,0.0
2021-02-01,73.06186452172605,76.26072009167437,70.7488398713742,71.989013671875,64983700,0.0,0.0
2021-02-02,72.81580134080224,75.55205207959031,71.30003497636096,75.2469253540039,47660500,0.0,0.0
2021-02-03,74.50872342903345,75.19771219490953,73.26855716725503,73.76068878173828,35336900,0.0,0.0
2021-02-04,73.33746125963559,75.98512445462299,71.94964638940074,75.76859283447266,18721700,0.0,0.0
2021-02-05,75.73906308952145,75.91623079596089,74.37093761009108,74.64653015136719,19036600,0.0,0.0
2021-02-08,75.83749544458068,76.05402707751904,74.3217289580109,74.56779479980469,11786100,0.0,0.0
2021-02-09,73.81975698504444,74.17409241931936,71.9988711479468,72.31383514404297,9967300,0.0,0.0
2021-02-10,73.17997401723765,73.62289700277822,69.12481407353073,69.21339416503906,10209900,0.0,0.0
2021-02-11,70.56184597373274,70.97523480198102,69.80395894594373,69.84333038330078,8973400,0.0,0.0
2021-02-12,69.84332238494038,70.69963415339147,69.31181930548794,70.34529876708984,4205700,0.0,0.0
2021-02-16,70.92601766987666,71.13271208120875,69.86301891293071,69.87285614013672,6325200,0.0,0.0
2021-02-17,69.88268827213011,70.57166951896745,68.74093933813408,68.88858032226562,6065100,0.0,0.0
2021-02-18,68.54409700940413,68.8787504430835,67.04802006699394,67.75668334960938,11030300,0.0,0.0
2021-02-19,68.17007598388038,69.42993176431064,67.91416543181398,68.69173431396484,8471200,0.0,0.0
2021-02-22,68.3275509178097,69.64646753722417,68.03227645746253,68.30786895751953,5788600,0.0,0.0
2021-02-23,68.12086053624061,68.71141700088778,66.09328058752993,67.60904693603516,6746900,0.0,0.0
2021-02-24,67.85510762061726,70.73899910590002,67.7665200274908,70.55198669433594,6801800,0.0,0.0
2021-02-25,70.92601250665508,71.00475537457326,68.45551697772136,68.6523666381836,4557200,0.0,0.0
2021-02-26,69.07742586218777,70.21421962674988,67.89121087241834,69.51237487792969,7084600,0.3,0.0
2021-03-01,70.41192130025932,73.09079583720808,70.29329679443404,72.68550109863281,6869200,0.0,0.0
2021-03-02,72.98206671423688,73.59494120811297,72.09240167596539,72.14183044433594,6964500,0.0,0.0
2021-03-03,72.65585170863447,74.99863494815447,72.29998570916888,73.72344970703125,5943400,0.0,0.0
2021-03-04,73.76298890148696,74.2275845967887,70.18456203749554,71.82550048828125,4442700,0.0,0.0
2021-03-05,72.95240956873315,73.39723829929322,70.4316933175036,73.17976379394531,4740600,0.0,0.0
2021-03-08,73.67401578332975,75.62139138247679,73.4664285551354,74.33631896972656,4657100,0.0,0.0
2021-03-09,74.66253350333012,76.27381771014171,73.79264305611662,74.77127075195312,3715500,0.0,0.0
2021-03-10,75.42369910557193,76.35289809674205,75.12714158261632,75.80921936035156,3516100,0.0,0.0
2021-03-11,76.4616281934377,77.12393138535464,75.74989623839905,76.00691223144531,3286600,0.0,0.0
2021-03-12,75.89818190631563,76.85704268085011,75.7202489013322,76.17496490478516,2799800,0.0,0.0
2021-03-15,76.16508615383675,76.60991490106998,75.03817962185948,75.82898712158203,2698000,0.0,0.0
2021-03-16,76.26393536491803,76.35289809674205,75.32484157007266,75.80921936035156,4455600,0.0,0.0
2021-03-17,75.6807079477271,77.63797101682434,75.65105370364203,77.47980499267578,3913000,0.0,0.0
2021-03-18,77.40072917694441,78.75498992925974,77.37106739122058,77.46992492675781,4442300,0.0,0.0
2021-03-19,77.3809561052206,77.4501518563325,75.42370054990057,76.21450805664062,5176000,0.0,0.0
2021-03-22,76.1156615657139,77.14371815940628,75.3347337433388,76.66922760009766,3207300,0.0,0.0
2021-03-23,75.81909639059548,76.10576664147654,74.21770694040792,74.45494842529297,3813600,0.0,0.0
2021-03-24,75.334728401225,76.75819243643902,75.334728401225,75.79933166503906,5008200,0.0,0.0
2021-03-25,75.65105048330466,76.5209484955494,74.5834524910611,76.29358673095703,3467800,0.0,0.0
2021-03-26,77.10416811696784,77.68738833267443,76.34301490393588,77.56877136230469,2859400,0.0,0.0
2021-03-29,77.47980883207552,77.94441212382075,76.98555129477575,77.2030258178711,2258700,0.0,0.0
2021-03-30,77.19313231244035,77.92463883855898,77.0053195918604,77.42049407958984,2197100,0.0,0.0
2021-03-31,77.34140660153103,77.58853533591635,76.15519169318974,76.3924331665039,2523700,0.0,0.0
2021-04-01,76.7779576535054,77.27221514973,75.90806717518761,77.23267364501953,2263300,0.0,0.0
2021-04-05,78.16188262667623,78.42877836471092,76.48141010300034,76.73841857910156,3566400,0.0,0.0
2021-04-06,76.73841781519197,77.46992435556429,75.73013581937782,76.16508483886719,2390400,0.0,0.0
2021-04-07,75.67082131369206,75.82897978161894,74.30666587624914,74.73172760009766,2193600,0.0,0.0
2021-04-08,74.68231184196186,74.76138731082504,73.80253408852688,74.49449157714844,2480000,0.0,0.0
2021-04-09,74.76138488032744,75.01840088564741,74.17816466484567,74.9887466430664,2911700,0.0,0.0
2021-04-12,75.49289000544682,75.75978572554374,74.70207502288383,75.32483673095703,2554200,0.0,0.0
2021-04-13,75.07770764629905,75.65104812893155,74.2078172028974,75.31495666503906,2216700,0.0,0.0
2021-04-14,75.17656544587079,76.30347189274934,75.13702394260498,75.69058990478516,1760700,0.0,0.0
2021-04-15,76.20462079454714,76.42209530997631,75.35450479878867,76.21450805664062,1667800,0.0,0.0
2021-04-16,76.94600374882407,77.49957727556551,75.82898451721685,76.13542175292969,2403600,0.0,0.0
2021-04-19,76.36278152039151,76.65933902844112,75.1765665717345,76.08599853515625,1817400,0.0,0.0
2021-04-20,75.81909621305081,75.82898347458102,73.6542535277239,74.26712799072266,1844100,0.0,0.0
2021-04-21,74.55380314310516,76.70876625036901,74.30667438099587,76.60002899169922,2134600,0.0,0.0
2021-04-22,76.74830476227848,76.97566653292579,74.65265022633527,74.68231201171875,2973200,0.0,0.0
2021-04-23,75.39404213616596,76.45175297434515,74.66254308572272,75.92784118652344,2073100,0.0,0.0
2021-04-26,76.09588414749479,77.10416607782578,75.88828937129641,76.04645538330078,1870800,0.0,0.0
2021-04-27,75.63128703018077,76.30347755201329,75.24576677195915,76.19474029541016,1930900,0.0,0.0
2021-04-28,76.51106358538327,76.60991357842057,75.789444306846,76.16508483886719,3111400,0.0,0.0
2021-04-29,76.84715245110716,77.38095144544194,76.22439072860199,77.02508544921875,2758700,0.0,0.0
2021-04-30,76.9064735466264,77.48969380334549,75.9772669906102,76.22439575195312,2671400,0.0,0.0
2021-05-03,77.01520521423087,78.13222441937599,76.84715193697092,77.38095092773438,3509100,0.0,0.0
2021-05-04,76.37267303316555,78.74511060431459,75.02829199424013,78.58694458007812,4860100,0.0,0.0
2021-05-05,79.0416576190447,80.75179186847213,78.73522038580734,79.99063110351562,3817500,0.0,0.0
2021-05-06,80.04004908909977,80.56396075604486,78.59681830449466,80.4651107788086,2963400,0.0,0.0
2021-05-07,80.10925077942903,82.15547638150997,79.72373056032468,81.8984603881836,2827900,0.0,0.0
2021-05-10,82.53111494262556,82.81778519661104,80.71225096919193,80.74190521240234,4197900,0.0,0.0
2021-05-11,80.84074894432956,82.24443832059032,80.48488296981694,81.87869262695312,4781700,0.0,0.0
2021-05-12,81.62168020576229,81.82926744301166,79.31843853159396,79.38763427734375,2651400,0.0,0.0
2021-05-13,79.72373357490765,82.19502099172581,79.72373357490765,80.6825942993164,4270600,0.0,0.0
2021-05-14,81.27570694081878,82.70905071703777,80.91984092681922,82.28398895263672,3003100,0.0,0.0
2021-05-17,82.65962982995849,84.58723112889335,82.54100531088127,84.3203353881836,4592000,0.0,0.0
2021-05-18,84.71572751999922,85.23964677439163,84.05342431882701,84.13250732421875,5135600,0.0,0.0
2021-05-19,83.14399485321974,83.91503532427872,82.57065435974536,83.27249908447266,3129800,0.0,0.0
2021-05-20,83.22307898751451,83.87549495579177,82.5508884961487,83.11434173583984,3353100,0.0,0.0
2021-05-21,83.68767621672932,84.63664962890105,83.09456123507297,83.15387725830078,2536400,0.0,0.0
2021-05-24,83.5591729574635,84.62677098300114,83.12422393777683,84.28079223632812,2403600,0.0,0.0
2021-05-25,84.29066438536087,84.95297511724128,82.30375481503073,82.44214630126953,3147200,0.0,0.0
2021-05-26,81.62168319562524,82.7189354482584,81.25592993082387,82.5904312133789,2943300,0.0,0.0
2021-05-27,83.4336841807357,84.39600019704308,83.20551068201301,84.04877471923828,6255400,0.3,0.0
2021-05-28,84.02892889321734,84.42576125433061,83.3840848214745,83.9197998046875,2248500,0.0,0.0
2021-06-01,84.83251892821986,85.1995826283488,83.88012577572226,84.7531509399414,2216300,0.0,0.0
2021-06-02,84.87220466104323,84.88211998307018,83.65194641534474,83.95948791503906,1779600,0.0,0.0
2021-06-03,83.68171104169814,84.92180755259747,83.28487864442066,84.69363403320312,2483400,0.0,0.0
2021-06-04,85.11030225821389,85.59641795755242,84.08846397291225,84.89204406738281,1693100,0.0,0.0
2021-06-07,85.31863698448836,85.44760429231799,83.77099901474013,84.29679870605469,1730400,0.0,0.0
2021-06-08,83.80076301935205,84.65395002424232,82.95749890585309,84.17774963378906,2379500,0.0,0.0
2021-06-09,83.86028407684489,84.19759425897601,83.20551706404076,83.50313568115234,1492900,0.0,0.0
2021-06-10,84.2174300997531,84.37616607956564,82.12414667190109,82.1539077758789,2024600,0.0,0.0
2021-06-11,82.68963214214823,83.5328962385271,81.59834874866095,81.87612915039062,3202900,0.0,0.0
2021-06-14,81.74715655898494,82.124143141411,80.33840885897686,80.90389251708984,2700300,0.0,0.0
2021-06-15,81.24119800925698,81.59834639229533,80.52690124318026,80.91381072998047,2399300,0.0,0.0
2021-06-16,80.72532362747796,80.74516184092901,78.999103868254,79.55467224121094,2139300,0.0,0.0
2021-06-17,79.56459000924926,79.61419689782419,75.9732753173,77.16376495361328,4855400,0.0,0.0
2021-06-18,76.03279820037358,76.5486825978974,75.5566053692193,75.824462890625,6310800,0.0,0.0
2021-06-21,76.24112761785761,77.51098516139338,76.12208320374363,76.70740509033203,2181600,0.0,0.0
2021-06-22,76.94550559992156,77.03479648422727,76.00303528272416,76.23120880126953,2111300,0.0,0.0
2021-06-23,76.38994901627053,76.65780654611999,75.5863688577734,75.62605285644531,2166000,0.0,0.0
2021-06-24,76.19153302173451,76.67764873702707,75.65581041818929,75.7947006225586,3549600,0.0,0.0
2021-06-25,76.23120472482981,77.5109851591541,75.72525082696403,75.93358612060547,3460700,0.0,0.0
2021-06-28,75.98318779139447,76.55859437391938,74.95143418204059,76.50899505615234,2092300,0.0,0.0
2021-06-29,77.05463587622366,77.56059737783018,76.25105574992688,76.51891326904297,2165100,0.0,0.0
2021-06-30,76.38994423968421,76.96535083102424,76.27089225111266,76.79669952392578,1860600,0.0,0.0
2021-07-01,77.4117882916394,78.1657691373584,76.99511765411663,77.9772720336914,2285200,0.0,0.0
2021-07-02,77.98718965540304,78.34433805455788,77.22328596928637,78.16576385498047,2032000,0.0,0.0
2021-07-06,77.62012022418938,77.86813953126854,75.80462464877081,76.46931457519531,3148700,0.0,0.0
2021-07-07,76.04271927388187,77.14392557690202,75.725254871053,77.13400268554688,1884700,0.0,0.0
2021-07-08,75.90382561881559,76.78677368555911,75.22921284736512,76.01295471191406,3422900,0.0,0.0
2021-07-09,77.24313236490104,78.22528668589591,76.7470937586887,77.85822296142578,2273900,0.0,0.0
2021-07-12,77.20344196063047,79.0586289187148,76.77684849193504,78.79076385498047,2678500,0.0,0.0
2021-07-13,79.06854366541417,79.24711785028926,77.97726034404322,78.45346069335938,1841000,0.0,0.0
2021-07-14,78.9395804969995,79.8622125723322,78.37409681011482,78.88005828857422,2811300,0.0,0.0
2021-07-15,78.43361552587804,79.0189449688051,78.0764671533339,78.91973876953125,2511500,0.0,0.0
2021-07-16,78.96934221511528,79.03878731513402,75.01095637615029,75.606201171875,3569000,0.0,0.0
2021-07-19,73.72125484896664,73.89982904903026,71.776784431023,72.23313903808594,6030800,0.0,0.0
2021-07-20,72.19345212092273,73.77085875249519,71.98511682410148,73.12600708007812,4789200,0.0,0.0
2021-07-21,73.79070165872253,75.2292181839064,73.73117944697306,74.27682495117188,3596000,0.0,0.0
2021-07-22,74.38594993892589,74.40578815209592,72.96727927540134,73.85022735595703,1660400,0.0,0.0
2021-07-23,74.326416599096,74.4553914698381,73.12600418271774,73.63196563720703,1846300,0.0,0.0
2021-07-26,73.7609370499117,74.25697564146316,73.40378865847879,74.05856323242188,2080500,0.0,0.0
2021-07-27,73.19545335654244,74.02880212618196,72.26289838238469,73.41371154785156,2355900,0.0,0.0
2021-07-28,73.42363151013757,74.20737336178057,72.5109147857122,73.66172790527344,3575800,0.0,0.0
2021-07-29,74.46857914059426,75.33518291781394,74.0402550255399,74.79728698730469,4056900,0.3,0.0
2021-07-30,74.2992327540035,75.29533459609812,74.02032545416164,74.7574462890625,2356000,0.0,0.0
2021-08-02,75.10608521842417,75.75355297713517,74.1099833126086,74.3590087890625,2642600,0.0,0.0
2021-08-03,74.4088028650171,75.15587922952392,72.22734504842177,74.10001373291016,4088700,0.0,0.0
2021-08-04,74.15978183813631,75.00647451485497,73.61193036457897,73.97052764892578,2649900,0.0,0.0
2021-08-05,74.73751852245381,75.64397482871684,73.82110666971704,73.92071533203125,3465200,0.0,0.0
2021-08-06,74.4685770157715,76.0723016147747,74.38888704323188,75.77346801757812,2208000,0.0,0.0
2021-08-09,75.9726869196046,76.28148366966488,75.20569181710582,75.24553680419922,2178200,0.0,0.0
2021-08-10,75.17580610517813,77.13812792045744,75.09611613509533,76.92894744873047,2062900,0.0,0.0
2021-08-11,77.22777877843897,78.08442701694364,76.47073920960023,77.99478149414062,2203000,0.0,0.0
2021-08-12,77.82543624677018,77.98481619355749,76.76957069809373,77.6959457397461,1593500,0.0,0.0
2021-08-13,77.51664663658514,77.80551708867169,76.48069978761566,76.77953338623047,1640300,0.0,0.0
2021-08-16,76.11214743705746,76.53050839800466,75.30529975562595,76.42093658447266,1711800,0.0,0.0
2021-08-17,75.70374480754805,76.04241580753715,73.80118652047159,74.99651336669922,2036700,0.0,0.0
2021-08-18,74.68772356195919,75.12600322876303,73.52227856702756,73.62189483642578,2026000,0.0,0.0
2021-08-19,72.72539530225228,73.45254536800867,72.27714492779828,72.6357421875,1907500,0.0,0.0
2021-08-20,72.4564453410701,73.17363987812637,72.26719116020806,72.5660171508789,1948000,0.0,0.0
2021-08-23,73.13379883983615,73.8111484280957,72.86485467375196,73.43263244628906,1522500,0.0,0.0
2021-08-24,73.86095096669501,74.68771729554535,73.75137915927371,74.45861053466797,2105900,0.0,0.0
2021-08-25,74.45861101699637,75.13596055832778,74.22950425463488,74.73751831054688,1862400,0.0,0.0
2021-08-26,74.53830109640334,74.56818293509157,73.7712984383546,74.01036834716797,1985400,0.0,0.0
2021-08-27,74.4586134035109,75.2355716317768,74.16974295460234,74.8570556640625,1888500,0.0,0.0
2021-08-30,75.03635770588987,75.20569320441986,73.56212355485597,73.62189483642578,1789100,0.0,0.0
2021-08-31,73.55215431135565,73.90079602604229,73.02422156578385,73.73145294189453,2948300,0.0,0.0
2021-09-01,73.73145798642594,73.8410298014549,72.82500922532331,73.15372467041016,1893400,0.0,0.0
2021-09-02,73.2035262640546,74.28928128332942,73.17364442309687,73.62189483642578,1506200,0.0,0.0
2021-09-03,73.64181347696956,73.65177662383302,71.51015602745261,71.79902648925781,3181400,0.0,0.0
2021-09-07,71.30097388059116,71.56991804240555,70.74315166404541,71.14159393310547,2291400,0.0,0.0
2021-09-08,70.96229724749548,70.96229724749548,69.86658667712683,70.34471893310547,1688800,0.0,0.0
2021-09-09,70.16541648008925,70.77303921425978,69.97615469741693,70.02596282958984,1677000,0.0,0.0
2021-09-10,70.7033129707499,71.10174763279564,70.10564577837323,70.21521759033203,2658200,0.0,0.0
2021-09-13,71.10174739351226,71.10174739351226,69.74704826808453,70.39451599121094,2917800,0.0,0.0
2021-09-14,70.56385098919323,70.59374042822597,67.97398771442793,68.20309448242188,2801200,0.0,0.0
2021-09-15,68.50191932672148,69.90642655119487,68.50191932672148,69.73709106445312,2466500,0.0,0.0
2021-09-16,69.87654389104378,71.05194433755186,69.51794662942072,70.36463165283203,2568500,0.0,0.0
2021-09-17,70.3247872241277,70.92244679833908,68.16324809089721,68.6413803100586,5710500,0.0,0.0
2021-09-20,66.78863238370562,67.77477109175186,66.11128281866333,67.66519927978516,4188100,0.0,0.0
2021-09-21,68.0735944188878,68.0735944188878,66.74878478009815,67.08745574951172,2595900,0.0,0.0
2021-09-22,68.06363938016372,68.7310257775652,67.95406757167646,68.00386810302734,1982500,0.0,0.0
2021-09-23,68.53180765959819,69.5179463249152,68.53180765959819,68.63141632080078,4008700,0.0,0.0
2021-09-24,68.19313587252164,68.53181447387048,67.74489305271331,67.98395538330078,2092100,0.0,0.0
2021-09-27,68.48200133239632,70.22517954813004,68.48200133239632,69.83670043945312,2371100,0.0,0.0
2021-09-28,69.98612037832012,70.84276860507069,68.63142121041942,68.78083801269531,2718500,0.0,0.0
2021-09-29,68.83063925320758,69.4482251624456,68.52185009841574,68.88044738769531,2515200,0.0,0.0
2021-09-30,69.26892118147279,69.43825666623891,67.70504163468043,67.72496032714844,4658500,0.0,0.0
2021-10-01,68.0437161812847,69.27888796953891,67.47593842042663,68.86051940917969,2071900,0.0,0.0
2021-10-04,71.23124271006346,71.28104324087545,69.41833771605587,69.90642547607422,3941800,0.0,0.0
2021-10-05,70.0259653089212,71.14159455241627,69.63748618311071,70.69335174560547,3323200,0.0,0.0
2021-10-06,69.86658695419136,70.53397340610336,68.51188775647645,69.52791595458984,3087100,0.0,0.0
2021-10-07,70.46423959908729,71.13163358456515,69.99607053451837,70.26502227783203,2546000,0.0,0.0
2021-10-08,70.22518252801436,70.67342533407616,69.86658524330322,70.14549255371094,1928300,0.0,0.0
2021-10-11,70.50408817658342,71.25116456884672,69.4282963478073,69.48806762695312,3279600,0.0,0.0
2021-10-12,69.51795018431135,69.90642930432608,68.4222396509453,68.9501724243164,1881600,0.0,0.0
2021-10-13,69.51794875607963,70.0658002116801,68.29274014144426,69.38845825195312,1775700,0.0,0.0
2021-10-14,70.16541964040336,71.69941746464342,69.72713237643354,71.43046569824219,2353200,0.0,0.0
2021-10-15,72.06796981166897,72.60586574116812,71.68945383149742,71.7890625,1644300,0.0,0.0
2021-10-18,71.3806615894179,72.23730218118259,70.68338574077389,71.56991577148438,3452400,0.0,0.0
2021-10-19,72.03808688508353,72.14765869868083,71.30097362969146,71.9583969116211,1723900,0.0,0.0
2021-10-20,71.97832438389614,73.00430811015562,71.75918075311174,72.97442626953125,2538700,0.0,0.0
2021-10-21,73.01427006086288,73.01427006086288,71.42050099023095,71.9583969116211,1459200,0.0,0.0
2021-10-22,72.06796550830424,72.54609772808216,71.7392500821853,71.82890319824219,1208000,0.0,0.0
2021-10-25,72.23730122809323,72.46640799239798,71.41054248652856,71.64960479736328,1796700,0.0,0.0
2021-10-26,71.71933162134233,72.36679932952133,71.49022485703757,71.64960479736328,1052000,0.0,0.0
2021-10-27,71.32089398450782,71.59980129846875,68.8505655468644,68.88044738769531,2273300,0.0,0.0
2021-10-28,68.9900166987776,69.84666490321183,68.87048174014001,69.48806762695312,2017300,0.0,0.0
2021-10-29,69.41834269653509,69.63748632686092,68.67126628387209,69.32868957519531,3398900,0.0,0.0
2021-11-01,69.61755872173349,71.5599543181993,69.38845954863963,70.95233917236328,2830500,0.0,0.0
2021-11-02,72.27714501135777,77.88520307394377,72.06796454289889,77.18792724609375,9980200,0.0,0.0
2021-11-03,79.05064120961977,81.25202532449651,78.53266400632302,79.83756256103516,8885600,0.0,0.0
2021-11-04,79.89732621883371,79.89732621883371,78.37329164734393,79.20005798339844,3822100,0.0,0.0
2021-11-05,79.28970907455553,80.61452641468698,79.06060989522713,80.08659362792969,3129900,0.0,0.0
2021-11-08,80.80378335431499,81.16238062183659,78.74185286589274,79.21001434326172,3872600,0.0,0.0
2021-11-09,78.9311101130004,80.95319569474673,78.60240227137893,80.70417022705078,3837500,0.0,0.0
2021-11-10,80.66432913129621,81.15241689763677,79.58853733639332,79.65826416015625,2507500,0.0,0.0
2021-11-11,79.84752633228021,80.74401189946333,79.54869274344993,80.6643295288086,2709500,0.0,0.0
2021-11-12,80.68424940255944,80.93327486367845,80.00689984432957,80.40534210205078,2611200,0.0,0.0
2021-11-15,80.35553136443502,80.4352213333261,78.14418412545656,78.46293640136719,2464500,0.0,0.0
2021-11-16,78.48286336573862,79.02075926088074,76.96878434245254,77.28753662109375,5478800,0.0,0.0
2021-11-17,76.87914331197668,79.36939800904815,76.87914331197668,78.98091888427734,3176400,0.0,0.0
2021-11-18,79.27974116752127,79.68814656650848,78.44301927640677,79.21001434326172,2896900,0.0,0.0
2021-11-19,79.03071926736136,80.75397885828873,78.7617751044396,79.70806884765625,3449500,0.0,0.0
2021-11-22,79.68815211483115,80.55476350495553,78.84146701854195,78.91119384765625,1876700,0.0,0.0
2021-11-23,78.9709512205247,79.51881026240511,78.81157888084826,79.20005798339844,1684200,0.0,0.0
2021-11-24,78.76177177952499,79.12036904805205,78.37329267189632,78.3932113647461,1300000,0.0,0.0
2021-11-26,76.35120689686956,77.08832012420372,75.4945587138918,76.65999603271484,2129600,0.0,0.0
2021-11-29,77.31999969482422,77.77999877929688,75.97000122070312,77.04000091552734,2886900,0.3,0.0
2021-11-30,75.9000015258789,76.23999786376953,73.0199966430664,73.95999908447266,6205300,0.0,0.0
2021-12-01,75.08999633789062,77.06999969482422,73.79000091552734,73.79000091552734,2934300,0.0,0.0
2021-12-02,74.18000030517578,76.19999694824219,74.05999755859375,75.27999877929688,2275400,0.0,0.0
2021-12-03,75.37999725341797,76.63999938964844,74.83000183105469,75.4800033569336,3776500,0.0,0.0
2021-12-06,76.61000061035156,77.22000122070312,75.01000213623047,76.38999938964844,3522600,0.0,0.0
2021-12-07,77.0,78.20999908447266,76.5999984741211,77.54000091552734,2395500,0.0,0.0
2021-12-08,77.81999969482422,78.77999877929688,77.04000091552734,78.26000213623047,3564400,0.0,0.0
2021-12-09,77.44999694824219,79.56999969482422,77.2300033569336,78.63999938964844,4622800,0.0,0.0
2021-12-10,79.48999786376953,80.26000213623047,79.05000305175781,80.04000091552734,2928800,0.0,0.0
2021-12-13,79.68000030517578,79.87999725341797,77.62000274658203,77.62999725341797,3179700,0.0,0.0
2021-12-14,77.23999786376953,78.8499984741211,77.04000091552734,77.63999938964844,2421500,0.0,0.0
2021-12-15,77.52999877929688,78.54000091552734,76.91999816894531,78.33999633789062,1994000,0.0,0.0
2021-12-16,78.9000015258789,80.19000244140625,78.44999694824219,78.70999908447266,3015100,0.0,0.0
2021-12-17,78.44000244140625,78.44000244140625,76.31999969482422,76.51000213623047,4948700,0.0,0.0
2021-12-20,75.76000213623047,75.76000213623047,74.01000213623047,75.20999908447266,2375400,0.0,0.0
2021-12-21,76.05000305175781,77.01000213623047,76.05000305175781,76.48999786376953,1970100,0.0,0.0
2021-12-22,76.3499984741211,77.05000305175781,75.98999786376953,77.0,1444400,0.0,0.0
2021-12-23,77.47000122070312,79.0,77.0,78.54000091552734,2456500,0.0,0.0
2021-12-27,78.5999984741211,79.86000061035156,78.44000244140625,79.80999755859375,1937400,0.0,0.0
2021-12-28,79.56999969482422,80.8499984741211,79.5199966430664,80.44999694824219,2105400,0.0,0.0
2021-12-29,80.30000305175781,81.18000030517578,80.30000305175781,80.58999633789062,1126100,0.0,0.0
2021-12-30,80.88999938964844,81.38999938964844,80.05000305175781,80.12999725341797,1331300,0.0,0.0
2021-12-31,79.97000122070312,81.08000183105469,79.79000091552734,80.77999877929688,1608200,0.0,0.0
2022-01-03,81.04000091552734,82.25,80.55999755859375,80.66000366210938,2420000,0.0,0.0
2022-01-04,81.06999969482422,82.88999938964844,80.93000030517578,82.54000091552734,2702900,0.0,0.0
2022-01-05,82.58999633789062,83.70999908447266,81.7300033569336,81.79000091552734,2346300,0.0,0.0
2022-01-06,82.76000213623047,82.97000122070312,81.23999786376953,81.98999786376953,1666900,0.0,0.0
2022-01-07,82.41000366210938,83.62999725341797,81.9800033569336,83.19000244140625,3085700,0.0,0.0
2022-01-10,82.19000244140625,83.45999908447266,81.12999725341797,81.97000122070312,2269300,0.0,0.0
2022-01-11,82.05999755859375,83.08999633789062,81.5,83.02999877929688,1981700,0.0,0.0
2022-01-12,83.16000366210938,83.87000274658203,82.66999816894531,83.72000122070312,2137700,0.0,0.0
2022-01-13,83.80000305175781,84.95999908447266,83.69999694824219,84.01000213623047,1898200,0.0,0.0
2022-01-14,82.9000015258789,85.16000366210938,82.29000091552734,84.97000122070312,2544200,0.0,0.0
2022-01-18,84.45999908447266,84.45999908447266,83.25,83.7699966430664,4331400,0.0,0.0
2022-01-19,83.91000366210938,83.91000366210938,81.4800033569336,81.58000183105469,3371400,0.0,0.0
2022-01-20,81.7699966430664,81.83999633789062,79.0199966430664,79.18000030517578,3676800,0.0,0.0
2022-01-21,78.43000030517578,78.9000015258789,76.91999816894531,77.47000122070312,3068400,0.0,0.0
2022-01-24,76.02999877929688,77.45999908447266,74.19000244140625,77.1500015258789,3807300,0.0,0.0
2022-01-25,76.0,77.4800033569336,74.4000015258789,76.83000183105469,2629000,0.0,0.0
2022-01-26,77.2300033569336,78.31999969482422,75.80000305175781,76.73999786376953,2384200,0.0,0.0
2022-01-27,77.91999816894531,78.7300033569336,75.55999755859375,76.48999786376953,2355900,0.0,0.0
2022-01-28,76.11000061035156,76.18000030517578,74.19000244140625,76.06999969482422,2201100,0.0,0.0
2022-01-31,75.36000061035156,76.62000274658203,74.58000183105469,76.5999984741211,4476900,0.0,0.0
2022-02-01,76.87999725341797,78.20999908447266,76.41000366210938,77.88999938964844,2985200,0.0,0.0
2022-02-02,78.05000305175781,79.37000274658203,77.30000305175781,79.1500015258789,2632600,0.0,0.0
2022-02-03,78.4800033569336,79.08000183105469,77.66000366210938,77.72000122070312,2295800,0.0,0.0
2022-02-04,76.98999786376953,77.68000030517578,75.91000366210938,76.05999755859375,3252100,0.0,0.0
2022-02-07,76.02999877929688,76.48999786376953,75.26000213623047,75.37000274658203,3582600,0.0,0.0
2022-02-08,77.91999816894531,80.47000122070312,76.86000061035156,80.12999725341797,4903600,0.0,0.0
2022-02-09,80.69000244140625,82.0199966430664,80.4800033569336,81.48999786376953,2889200,0.0,0.0
2022-02-10,80.8499984741211,82.52999877929688,80.06999969482422,80.33000183105469,3303300,0.0,0.0
2022-02-11,80.52999877929688,81.54000091552734,78.93000030517578,79.27999877929688,3852700,0.0,0.0
2022-02-14,79.04000091552734,80.20999908447266,78.87000274658203,79.30000305175781,1630576,0.0,0.0
