Date,Open,High,Low,Close,Volume,Dividends,Stock Splits
2007-03-30,4929.60009765625,4992.0,4914.0,4992.0,10,0,0.0
2007-04-02,4992.0,4992.0,4898.39990234375,4992.0,11,0,0.0
2007-04-03,4976.39990234375,4992.0,4742.39990234375,4758.0,44,0,0.0
2007-04-04,4773.60009765625,4945.2001953125,4742.39990234375,4914.0,30,0,0.0
2007-04-05,4945.2001953125,4945.2001953125,4758.0,4836.0,14,0,0.0
2007-04-09,4898.39990234375,4914.0,4773.60009765625,4789.2001953125,18,0,0.0
2007-04-10,4851.60009765625,4945.2001953125,4820.39990234375,4914.0,7,0,0.0
2007-04-11,4914.0,5038.7998046875,4914.0,4960.7998046875,33,0,0.0
2007-04-12,4836.0,5148.0,4836.0,5148.0,35,0,0.0
2007-04-13,5163.60009765625,5569.2001953125,5163.60009765625,5444.39990234375,111,0,0.0
2007-04-16,5460.0,5460.0,5382.0,5460.0,79,0,0.0
2007-04-17,5460.0,5600.39990234375,5382.0,5538.0,76,0,0.0
2007-04-18,5631.60009765625,5865.60009765625,5538.0,5818.7998046875,89,0,0.0
2007-04-19,5818.7998046875,5896.7998046875,5709.60009765625,5725.2001953125,18,0,0.0
2007-04-20,5772.0,5772.0,5397.60009765625,5694.0,69,0,0.0
2007-04-23,5850.0,5850.0,5475.60009765625,5491.2001953125,8,0,0.0
2007-04-24,5569.2001953125,5772.0,5444.39990234375,5694.0,12,0,0.0
2007-04-25,5725.2001953125,5725.2001953125,5600.39990234375,5600.39990234375,14,0,0.0
2007-04-26,5616.0,6318.0,5522.39990234375,6302.39990234375,113,0,0.0
2007-04-27,6505.2001953125,6505.2001953125,5522.39990234375,6162.0,80,0,0.0
2007-04-30,5850.0,6193.2001953125,5631.60009765625,6006.0,14,0,0.0
2007-05-01,5772.0,5850.0,5616.0,5662.7998046875,40,0,0.0
2007-05-02,5506.7998046875,5694.0,5506.7998046875,5616.0,24,0,0.0
2007-05-03,5616.0,5616.0,5304.0,5600.39990234375,23,0,0.0
2007-05-04,5382.0,5678.39990234375,5226.0,5460.0,19,0,0.0
2007-05-07,5460.0,5928.0,5460.0,5631.60009765625,31,0,0.0
2007-05-08,5600.39990234375,5772.0,5382.0,5678.39990234375,21,0,0.0
2007-05-09,5444.39990234375,5616.0,5226.0,5616.0,38,0,0.0
2007-05-10,5475.60009765625,6006.0,5226.0,5928.0,31,0,0.0
2007-05-11,5928.0,6084.0,5725.2001953125,6006.0,32,0,0.0
2007-05-14,5974.7998046875,6052.7998046875,5756.39990234375,5850.0,17,0,0.0
2007-05-15,5850.0,5943.60009765625,5475.60009765625,5834.39990234375,25,0,0.0
2007-05-16,5616.0,5974.7998046875,5538.0,5974.7998046875,17,0,0.0
2007-05-17,5974.7998046875,6193.2001953125,5647.2001953125,5850.0,64,0,0.0
2007-05-18,5850.0,5850.0,5647.2001953125,5756.39990234375,4,0,0.0
2007-05-21,5850.0,5928.0,5569.2001953125,5928.0,84,0,0.0
2007-05-22,5928.0,6037.2001953125,5694.0,5772.0,46,0,0.0
2007-05-23,5834.39990234375,5834.39990234375,5694.0,5772.0,25,0,0.0
2007-05-24,5709.60009765625,5896.7998046875,5553.60009765625,5896.7998046875,74,0,0.0
2007-05-25,5881.2001953125,5912.39990234375,5756.39990234375,5881.2001953125,20,0,0.0
2007-05-29,5881.2001953125,5896.7998046875,5803.2001953125,5850.0,32,0,0.0
2007-05-30,5896.7998046875,6084.0,5553.60009765625,5694.0,138,0,0.0
2007-05-31,5725.2001953125,5896.7998046875,5475.60009765625,5475.60009765625,58,0,0.0
2007-06-01,5491.2001953125,5491.2001953125,5179.2001953125,5179.2001953125,65,0,0.0
2007-06-04,5491.2001953125,5538.0,5148.0,5538.0,31,0,0.0
2007-06-05,5491.2001953125,5491.2001953125,5163.60009765625,5163.60009765625,18,0,0.0
2007-06-06,5210.39990234375,5210.39990234375,5054.39990234375,5054.39990234375,34,0,0.0
2007-06-07,5007.60009765625,5070.0,4976.39990234375,4976.39990234375,27,0,0.0
2007-06-08,4898.39990234375,4992.0,4726.7998046875,4914.0,21,0,0.0
2007-06-11,4836.0,4898.39990234375,4680.0,4898.39990234375,21,0,0.0
2007-06-12,4898.39990234375,5054.39990234375,4680.0,5054.39990234375,12,0,0.0
2007-06-13,5038.7998046875,5148.0,4960.7998046875,4992.0,25,0,0.0
2007-06-14,5070.0,5148.0,4992.0,4992.0,18,0,0.0
2007-06-15,4758.0,4992.0,4680.0,4758.0,14,0,0.0
2007-06-18,4758.0,4867.2001953125,4680.0,4804.7998046875,14,0,0.0
2007-06-19,4758.0,4758.0,4430.39990234375,4633.2001953125,54,0,0.0
2007-06-20,4524.0,4914.0,4461.60009765625,4680.0,33,0,0.0
2007-06-21,4680.0,4680.0,4555.2001953125,4570.7998046875,8,0,0.0
2007-06-22,4680.0,4680.0,4477.2001953125,4570.7998046875,15,0,0.0
2007-06-25,4570.7998046875,4570.7998046875,4477.2001953125,4524.0,21,0,0.0
2007-06-26,4524.0,4664.39990234375,4368.0,4368.0,73,0,0.0
2007-06-27,4524.0,4524.0,4368.0,4446.0,15,0,0.0
2007-06-28,4446.0,4524.0,4321.2001953125,4321.2001953125,22,0,0.0
2007-06-29,4368.0,4368.0,4290.0,4290.0,32,0,0.0
2007-07-02,4368.0,4368.0,4134.0,4134.0,9,0,0.0
2007-07-03,4134.0,4212.0,4056.0,4071.60009765625,10,0,0.0
2007-07-05,4196.39990234375,4446.0,4196.39990234375,4290.0,31,0,0.0
2007-07-06,4368.0,4368.0,4290.0,4321.2001953125,9,0,0.0
2007-07-09,4321.2001953125,4368.0,3822.0,3900.0,53,0,0.0
2007-07-10,3915.60009765625,4290.0,3822.0,4274.39990234375,23,0,0.0
2007-07-11,4056.0,4274.39990234375,3900.0,4134.0,19,0,0.0
2007-07-12,4290.0,4321.2001953125,4087.199951171875,4290.0,10,0,0.0
2007-07-13,4290.0,4305.60009765625,4212.0,4212.0,20,0,0.0
2007-07-16,4212.0,4212.0,3978.0,4009.199951171875,20,0,0.0
2007-07-17,4009.199951171875,4212.0,4009.199951171875,4212.0,3,0,0.0
2007-07-18,4134.0,4134.0,3978.0,4056.0,8,0,0.0
2007-07-19,4056.0,4274.39990234375,3978.0,4134.0,13,0,0.0
2007-07-20,4134.0,4227.60009765625,4056.0,4212.0,16,0,0.0
2007-07-23,4258.7998046875,4399.2001953125,4258.7998046875,4368.0,42,0,0.0
2007-07-24,4305.60009765625,4305.60009765625,4102.7998046875,4102.7998046875,11,0,0.0
2007-07-25,3978.0,4134.0,3978.0,4118.39990234375,10,0,0.0
2007-07-26,4071.60009765625,4118.39990234375,4056.0,4102.7998046875,12,0,0.0
2007-07-27,4087.199951171875,4102.7998046875,3931.199951171875,3962.39990234375,55,0,0.0
2007-07-30,3962.39990234375,3978.0,3775.199951171875,3806.39990234375,43,0,0.0
2007-07-31,3822.0,3822.0,3650.39990234375,3681.60009765625,38,0,0.0
2007-08-01,3666.0,3666.0,3510.0,3588.0,20,0,0.0
2007-08-02,3666.0,3744.0,3588.0,3666.0,23,0,0.0
2007-08-03,3603.60009765625,3666.0,3588.0,3666.0,30,0,0.0
2007-08-06,3666.0,3744.0,3650.39990234375,3666.0,28,0,0.0
2007-08-07,3588.0,3603.60009765625,3432.0,3494.39990234375,19,0,0.0
2007-08-08,3572.39990234375,3868.800048828125,3556.800048828125,3822.0,188,0,0.0
2007-08-09,3744.0,3884.39990234375,3588.0,3666.0,11,0,0.0
2007-08-10,3697.199951171875,3697.199951171875,3666.0,3697.199951171875,12,0,0.0
2007-08-13,3666.0,3837.60009765625,3619.199951171875,3728.39990234375,53,0,0.0
2007-08-14,3744.0,3884.39990234375,3744.0,3868.800048828125,27,0,0.0
2007-08-15,3900.0,4134.0,3822.0,4134.0,27,0,0.0
2007-08-16,4056.0,4134.0,3900.0,4118.39990234375,19,0,0.0
2007-08-17,4118.39990234375,4118.39990234375,3884.39990234375,4009.199951171875,90,0,0.0
2007-08-20,4009.199951171875,4056.0,3900.0,4056.0,19,0,0.0
2007-08-21,3900.0,4071.60009765625,3900.0,4071.60009765625,5,0,0.0
2007-08-22,4071.60009765625,4414.7998046875,4071.60009765625,4414.7998046875,54,0,0.0
2007-08-23,4414.7998046875,4414.7998046875,4321.2001953125,4336.7998046875,9,0,0.0
2007-08-24,4336.7998046875,4664.39990234375,4336.7998046875,4602.0,80,0,0.0
2007-08-27,4617.60009765625,4633.2001953125,3915.60009765625,4446.0,17,0,0.0
2007-08-28,4524.0,4570.7998046875,4290.0,4570.7998046875,19,0,0.0
2007-08-29,4524.0,4758.0,4524.0,4664.39990234375,16,0,0.0
2007-08-30,4914.0,4976.39990234375,4758.0,4836.0,10,0,0.0
2007-08-31,4914.0,5085.60009765625,4914.0,5085.60009765625,19,0,0.0
2007-09-04,5085.60009765625,5101.2001953125,4836.0,4976.39990234375,53,0,0.0
2007-09-05,4976.39990234375,5101.2001953125,4804.7998046875,5101.2001953125,70,0,0.0
2007-09-06,5070.0,5148.0,5054.39990234375,5148.0,15,0,0.0
2007-09-07,5210.39990234375,5210.39990234375,4680.0,4851.60009765625,7,0,0.0
2007-09-10,4758.0,4914.0,4602.0,4602.0,11,0,0.0
2007-09-11,4726.7998046875,5116.7998046875,4726.7998046875,5023.2001953125,21,0,0.0
2007-09-12,5007.60009765625,5070.0,4960.7998046875,4992.0,9,0,0.0
2007-09-13,4992.0,4992.0,4758.0,4867.2001953125,6,0,0.0
2007-09-14,4789.2001953125,4867.2001953125,4555.2001953125,4680.0,11,0,0.0
2007-09-17,4726.7998046875,4867.2001953125,4617.60009765625,4726.7998046875,10,0,0.0
2007-09-18,4680.0,4804.7998046875,4680.0,4726.7998046875,1,0,0.0
2007-09-19,4726.7998046875,4804.7998046875,4524.0,4680.0,46,0,0.0
2007-09-20,4680.0,4680.0,4446.0,4680.0,19,0,0.0
2007-09-21,4680.0,4960.7998046875,4290.0,4290.0,33,0,0.0
2007-09-24,4602.0,5382.0,4602.0,4742.39990234375,25,0,0.0
2007-09-25,4742.39990234375,4867.2001953125,4680.0,4836.0,10,0,0.0
2007-09-26,4836.0,4914.0,4524.0,4804.7998046875,41,0,0.0
2007-09-27,4836.0,4992.0,4836.0,4992.0,11,0,0.0
2007-09-28,5070.0,5132.39990234375,4836.0,5132.39990234375,18,0,0.0
2007-10-01,4992.0,4992.0,4789.2001953125,4914.0,9,0,0.0
2007-10-02,4820.39990234375,4992.0,4804.7998046875,4836.0,15,0,0.0
2007-10-03,4804.7998046875,4960.7998046875,4680.0,4836.0,13,0,0.0
2007-10-04,4820.39990234375,4836.0,4680.0,4789.2001953125,8,0,0.0
2007-10-05,4695.60009765625,4836.0,4680.0,4773.60009765625,15,0,0.0
2007-10-08,4836.0,4992.0,4836.0,4992.0,21,0,0.0
2007-10-09,4945.2001953125,5054.39990234375,4914.0,4914.0,18,0,0.0
2007-10-10,4914.0,4976.39990234375,4758.0,4898.39990234375,18,0,0.0
2007-10-11,4867.2001953125,4914.0,4773.60009765625,4773.60009765625,38,0,0.0
2007-10-12,4820.39990234375,4929.60009765625,4820.39990234375,4851.60009765625,8,0,0.0
2007-10-15,4836.0,4836.0,4680.0,4680.0,19,0,0.0
2007-10-16,4789.2001953125,4836.0,4617.60009765625,4836.0,35,0,0.0
2007-10-17,4758.0,4882.7998046875,4758.0,4867.2001953125,9,0,0.0
2007-10-18,4758.0,5257.2001953125,4758.0,5226.0,65,0,0.0
2007-10-19,5226.0,5226.0,4960.7998046875,5007.60009765625,24,0,0.0
2007-10-22,4820.39990234375,5085.60009765625,4820.39990234375,5085.60009765625,11,0,0.0
2007-10-23,5070.0,5085.60009765625,5023.2001953125,5023.2001953125,4,0,0.0
2007-10-24,4976.39990234375,5054.39990234375,4898.39990234375,5054.39990234375,2,0,0.0
2007-10-25,4992.0,4992.0,4804.7998046875,4976.39990234375,4,0,0.0
2007-10-26,4867.2001953125,4914.0,4836.0,4898.39990234375,5,0,0.0
2007-10-29,4945.2001953125,4945.2001953125,4851.60009765625,4914.0,11,0,0.0
2007-10-30,4914.0,4929.60009765625,4820.39990234375,4914.0,19,0,0.0
2007-10-31,4836.0,4914.0,4804.7998046875,4820.39990234375,40,0,0.0
2007-11-01,4836.0,4914.0,4758.0,4851.60009765625,14,0,0.0
2007-11-02,4789.2001953125,4836.0,4711.2001953125,4836.0,17,0,0.0
2007-11-05,4836.0,4836.0,4711.2001953125,4742.39990234375,2,0,0.0
2007-11-06,4711.2001953125,4711.2001953125,4617.60009765625,4617.60009765625,25,0,0.0
2007-11-07,4570.7998046875,4648.7998046875,4492.7998046875,4648.7998046875,11,0,0.0
2007-11-08,4524.0,4602.0,4446.0,4461.60009765625,9,0,0.0
2007-11-09,4399.2001953125,4461.60009765625,4212.0,4368.0,34,0,0.0
2007-11-12,4305.60009765625,4352.39990234375,4196.39990234375,4336.7998046875,14,0,0.0
2007-11-13,4305.60009765625,4368.0,4196.39990234375,4368.0,23,0,0.0
2007-11-14,4305.60009765625,4368.0,4165.2001953125,4227.60009765625,16,0,0.0
2007-11-15,4274.39990234375,4446.0,4243.2001953125,4446.0,14,0,0.0
2007-11-16,4368.0,4446.0,4336.7998046875,4383.60009765625,7,0,0.0
2007-11-19,4196.39990234375,4446.0,3900.0,4102.7998046875,9,0,0.0
2007-11-20,4212.0,4352.39990234375,4056.0,4352.39990234375,22,0,0.0
2007-11-21,4352.39990234375,4352.39990234375,4134.0,4212.0,4,0,0.0
2007-11-23,4212.0,4368.0,4212.0,4352.39990234375,9,0,0.0
2007-11-26,4352.39990234375,4352.39990234375,4056.0,4087.199951171875,11,0,0.0
2007-11-27,4087.199951171875,4336.7998046875,4056.0,4336.7998046875,10,0,0.0
2007-11-28,4321.2001953125,4399.2001953125,4134.0,4258.7998046875,17,0,0.0
2007-11-29,4368.0,4368.0,4134.0,4290.0,9,0,0.0
2007-11-30,4212.0,4243.2001953125,4056.0,4212.0,15,0,0.0
2007-12-03,4336.7998046875,4336.7998046875,4134.0,4212.0,4,0,0.0
2007-12-04,4180.7998046875,4212.0,3510.0,3868.800048828125,129,0,0.0
2007-12-05,3962.39990234375,4196.39990234375,3931.199951171875,4071.60009765625,33,0,0.0
2007-12-06,4024.800048828125,4134.0,3822.0,3884.39990234375,33,0,0.0
2007-12-07,4024.800048828125,4446.0,3775.199951171875,4399.2001953125,69,0,0.0
2007-12-10,4929.60009765625,4929.60009765625,4368.0,4446.0,159,0,0.0
2007-12-11,4524.0,4524.0,4212.0,4414.7998046875,27,0,0.0
2007-12-12,4461.60009765625,4570.7998046875,4227.60009765625,4336.7998046875,17,0,0.0
2007-12-13,4212.0,4446.0,4040.39990234375,4414.7998046875,35,0,0.0
2007-12-14,4414.7998046875,4680.0,4399.2001953125,4680.0,29,0,0.0
2007-12-17,4742.39990234375,4742.39990234375,4368.0,4492.7998046875,26,0,0.0
2007-12-18,4524.0,4570.7998046875,4383.60009765625,4446.0,35,0,0.0
2007-12-19,4446.0,4524.0,4321.2001953125,4430.39990234375,9,0,0.0
2007-12-20,4305.60009765625,4368.0,4212.0,4227.60009765625,19,0,0.0
2007-12-21,4149.60009765625,4243.2001953125,3978.0,4056.0,35,0,0.0
2007-12-24,4212.0,4212.0,3978.0,4134.0,15,0,0.0
2007-12-26,4212.0,5070.0,4212.0,4976.39990234375,547,0,0.0
2007-12-27,5319.60009765625,5678.39990234375,5054.39990234375,5335.2001953125,451,0,0.0
2007-12-28,5444.39990234375,5740.7998046875,4758.0,5335.2001953125,380,0,0.0
2007-12-31,5257.2001953125,6162.0,5257.2001953125,5818.7998046875,132,0,0.0
2008-01-02,5928.0,5928.0,5241.60009765625,5709.60009765625,161,0,0.0
2008-01-03,5818.7998046875,5818.7998046875,5304.0,5335.2001953125,101,0,0.0
2008-01-04,5226.0,5319.60009765625,4851.60009765625,4992.0,101,0,0.0
2008-01-07,4836.0,5038.7998046875,4602.0,4758.0,83,0,0.0
2008-01-08,4836.0,4992.0,4586.39990234375,4617.60009765625,72,0,0.0
2008-01-09,4680.0,4711.2001953125,4446.0,4664.39990234375,79,0,0.0
2008-01-10,4586.39990234375,4992.0,4524.0,4960.7998046875,43,0,0.0
2008-01-11,4914.0,5038.7998046875,4820.39990234375,4914.0,26,0,0.0
2008-01-14,5054.39990234375,5179.2001953125,4836.0,4960.7998046875,36,0,0.0
2008-01-15,4867.2001953125,5382.0,4836.0,5023.2001953125,73,0,0.0
2008-01-16,4867.2001953125,5148.0,4836.0,5023.2001953125,44,0,0.0
2008-01-17,4992.0,5023.2001953125,4758.0,4804.7998046875,19,0,0.0
2008-01-18,4758.0,4914.0,4602.0,4773.60009765625,32,0,0.0
2008-01-22,4695.60009765625,4695.60009765625,4399.2001953125,4602.0,38,0,0.0
2008-01-23,4461.60009765625,4680.0,4290.0,4617.60009765625,49,0,0.0
2008-01-24,4602.0,4602.0,4305.60009765625,4539.60009765625,18,0,0.0
2008-01-25,4602.0,4773.60009765625,4555.2001953125,4773.60009765625,30,0,0.0
2008-01-28,4539.60009765625,4836.0,4524.0,4758.0,27,0,0.0
2008-01-29,4914.0,5101.2001953125,4680.0,4929.60009765625,36,0,0.0
2008-01-30,4929.60009765625,5007.60009765625,4836.0,4914.0,24,0,0.0
2008-01-31,5179.2001953125,5179.2001953125,4914.0,4976.39990234375,24,0,0.0
2008-02-01,4992.0,5023.2001953125,4836.0,4992.0,60,0,0.0
2008-02-04,4992.0,4992.0,4680.0,4758.0,31,0,0.0
2008-02-05,4711.2001953125,4820.39990234375,4680.0,4680.0,31,0,0.0
2008-02-06,4680.0,4836.0,4680.0,4789.2001953125,21,0,0.0
2008-02-07,4773.60009765625,4804.7998046875,4633.2001953125,4680.0,48,0,0.0
2008-02-08,4726.7998046875,4726.7998046875,4586.39990234375,4680.0,31,0,0.0
2008-02-11,4695.60009765625,4773.60009765625,4602.0,4758.0,74,0,0.0
2008-02-12,4758.0,4976.39990234375,4680.0,4836.0,112,0,0.0
2008-02-13,4836.0,4882.7998046875,4758.0,4789.2001953125,37,0,0.0
2008-02-14,4789.2001953125,4960.7998046875,4789.2001953125,4851.60009765625,92,0,0.0
2008-02-15,4882.7998046875,4945.2001953125,4836.0,4929.60009765625,29,0,0.0
2008-02-19,5023.2001953125,5085.60009765625,4836.0,4992.0,59,0,0.0
2008-02-20,5148.0,5304.0,4726.7998046875,4758.0,212,0,0.0
2008-02-21,4711.2001953125,4945.2001953125,4711.2001953125,4898.39990234375,26,0,0.0
2008-02-22,4976.39990234375,4976.39990234375,4726.7998046875,4882.7998046875,25,0,0.0
2008-02-25,4882.7998046875,4882.7998046875,4648.7998046875,4726.7998046875,27,0,0.0
2008-02-26,4758.0,4851.60009765625,4680.0,4820.39990234375,18,0,0.0
2008-02-27,4758.0,4914.0,4758.0,4914.0,25,0,0.0
2008-02-28,4914.0,4992.0,4851.60009765625,4914.0,33,0,0.0
2008-02-29,4960.7998046875,4960.7998046875,4836.0,4929.60009765625,14,0,0.0
2008-03-03,5007.60009765625,5007.60009765625,4867.2001953125,4914.0,15,0,0.0
2008-03-04,4820.39990234375,4914.0,4695.60009765625,4758.0,24,0,0.0
2008-03-05,4804.7998046875,4804.7998046875,4680.0,4742.39990234375,12,0,0.0
2008-03-06,4680.0,4680.0,4492.7998046875,4524.0,35,0,0.0
2008-03-07,4446.0,4524.0,4258.7998046875,4430.39990234375,38,0,0.0
2008-03-10,4524.0,4524.0,4056.0,4056.0,61,0,0.0
2008-03-11,4056.0,4056.0,3775.199951171875,4024.800048828125,45,0,0.0
2008-03-12,4024.800048828125,4040.39990234375,3900.0,4009.199951171875,16,0,0.0
2008-03-13,3915.60009765625,4165.2001953125,3915.60009765625,4165.2001953125,28,0,0.0
2008-03-14,4258.7998046875,4258.7998046875,3915.60009765625,3993.60009765625,20,0,0.0
2008-03-17,3915.60009765625,3946.800048828125,3588.0,3603.60009765625,33,0,0.0
2008-03-18,3556.800048828125,3744.0,3432.0,3712.800048828125,41,0,0.0
2008-03-19,3666.0,3728.39990234375,3556.800048828125,3619.199951171875,7,0,0.0
2008-03-20,3884.39990234375,4009.199951171875,3681.60009765625,4009.199951171875,44,0,0.0
2008-03-24,4118.39990234375,4243.2001953125,4024.800048828125,4056.0,27,0,0.0
2008-03-25,4118.39990234375,4290.0,3931.199951171875,4009.199951171875,21,0,0.0
2008-03-26,4056.0,4212.0,3978.0,4009.199951171875,29,0,0.0
2008-03-27,4134.0,4134.0,3900.0,3946.800048828125,35,0,0.0
2008-03-28,3853.199951171875,4102.7998046875,3588.0,3728.39990234375,46,0,0.0
2008-03-31,3775.199951171875,4040.39990234375,3744.0,4040.39990234375,17,0,0.0
2008-04-01,4056.0,4118.39990234375,3900.0,4056.0,14,0,0.0
2008-04-02,4134.0,4165.2001953125,3853.199951171875,3868.800048828125,23,0,0.0
2008-04-03,3900.0,4024.800048828125,3837.60009765625,4009.199951171875,27,0,0.0
2008-04-04,4024.800048828125,4024.800048828125,3837.60009765625,3900.0,28,0,0.0
2008-04-07,4056.0,4056.0,3619.199951171875,3681.60009765625,51,0,0.0
2008-04-08,3712.800048828125,3744.0,3525.60009765625,3650.39990234375,35,0,0.0
2008-04-09,3603.60009765625,3666.0,3510.0,3666.0,12,0,0.0
2008-04-10,3634.800048828125,3915.60009765625,3603.60009765625,3619.199951171875,72,0,0.0
2008-04-11,3619.199951171875,3728.39990234375,3510.0,3572.39990234375,63,0,0.0
2008-04-14,3510.0,3603.60009765625,3494.39990234375,3510.0,24,0,0.0
2008-04-15,3510.0,3572.39990234375,2262.0,2761.199951171875,328,0,0.0
2008-04-16,3042.0,3354.0,2745.60009765625,2995.199951171875,108,0,0.0
2008-04-17,3120.0,3229.199951171875,2979.60009765625,3229.199951171875,84,0,0.0
2008-04-18,3276.0,3322.800048828125,3135.60009765625,3244.800048828125,39,0,0.0
2008-04-21,3322.800048828125,3354.0,3073.199951171875,3198.0,56,0,0.0
2008-04-22,3307.199951171875,3307.199951171875,3120.0,3166.800048828125,18,0,0.0
2008-04-23,3166.800048828125,3166.800048828125,2808.0,2823.60009765625,71,0,0.0
2008-04-24,2854.800048828125,3010.800048828125,2730.0,3010.800048828125,43,0,0.0
2008-04-25,3135.60009765625,3135.60009765625,2901.60009765625,2964.0,34,0,0.0
2008-04-28,3104.39990234375,3120.0,2808.0,3010.800048828125,39,0,0.0
2008-04-29,3010.800048828125,3120.0,2932.800048828125,2964.0,15,0,0.0
2008-04-30,2964.0,2964.0,2730.0,2823.60009765625,27,0,0.0
2008-05-01,2792.39990234375,2932.800048828125,2776.800048828125,2792.39990234375,24,0,0.0
2008-05-02,2761.199951171875,2823.60009765625,2730.0,2730.0,24,0,0.0
2008-05-05,2698.800048828125,2823.60009765625,2652.0,2652.0,18,0,0.0
2008-05-06,2730.0,2730.0,2277.60009765625,2418.0,92,0,0.0
2008-05-07,2511.60009765625,2667.60009765625,2449.199951171875,2542.800048828125,46,0,0.0
2008-05-08,2636.39990234375,2714.39990234375,2449.199951171875,2464.800048828125,40,0,0.0
2008-05-09,2558.39990234375,2652.0,2418.0,2496.0,10,0,0.0
2008-05-12,2589.60009765625,2652.0,2340.0,2449.199951171875,31,0,0.0
2008-05-13,2480.39990234375,2496.0,2418.0,2464.800048828125,11,0,0.0
2008-05-14,2496.0,2496.0,2277.60009765625,2277.60009765625,25,0,0.0
2008-05-15,2262.0,2340.0,2262.0,2277.60009765625,28,0,0.0
2008-05-16,2402.39990234375,2402.39990234375,1996.800048828125,2043.5999755859375,42,0,0.0
2008-05-19,1918.800048828125,2168.39990234375,1918.800048828125,2106.0,16,0,0.0
2008-05-20,1996.800048828125,2137.199951171875,1996.800048828125,2106.0,41,0,0.0
2008-05-21,2106.0,2168.39990234375,2028.0,2152.800048828125,41,0,0.0
2008-05-22,2168.39990234375,2168.39990234375,2106.0,2106.0,24,0,0.0
2008-05-23,2074.800048828125,2106.0,2028.0,2028.0,7,0,0.0
2008-05-27,2043.5999755859375,2059.199951171875,2012.4000244140625,2012.4000244140625,11,0,0.0
2008-05-28,2028.0,2074.800048828125,2028.0,2059.199951171875,8,0,0.0
2008-05-29,2090.39990234375,2308.800048828125,2074.800048828125,2308.800048828125,23,0,0.0
2008-05-30,2340.0,2605.199951171875,2262.0,2589.60009765625,37,0,0.0
2008-06-02,2620.800048828125,2964.0,2589.60009765625,2964.0,37,0,0.0
2008-06-03,3042.0,3042.0,2714.39990234375,2808.0,64,0,0.0
2008-06-04,2714.39990234375,2808.0,2652.0,2652.0,18,0,0.0
2008-06-05,2620.800048828125,2730.0,2589.60009765625,2730.0,16,0,0.0
2008-06-06,2667.60009765625,2776.800048828125,2667.60009765625,2730.0,7,0,0.0
2008-06-09,2761.199951171875,2761.199951171875,2667.60009765625,2683.199951171875,11,0,0.0
2008-06-10,2714.39990234375,2730.0,2480.39990234375,2636.39990234375,22,0,0.0
2008-06-11,2605.199951171875,2605.199951171875,2324.39990234375,2418.0,33,0,0.0
2008-06-12,2480.39990234375,2480.39990234375,2402.39990234375,2449.199951171875,15,0,0.0
2008-06-13,2418.0,2480.39990234375,2371.199951171875,2480.39990234375,7,0,0.0
2008-06-16,2511.60009765625,2574.0,2402.39990234375,2558.39990234375,24,0,0.0
2008-06-17,2527.199951171875,2558.39990234375,2464.800048828125,2558.39990234375,8,0,0.0
2008-06-18,2511.60009765625,2542.800048828125,2340.0,2480.39990234375,9,0,0.0
2008-06-19,2449.199951171875,2480.39990234375,2293.199951171875,2371.199951171875,12,0,0.0
2008-06-20,2402.39990234375,2464.800048828125,2262.0,2262.0,9,0,0.0
2008-06-23,2246.39990234375,2308.800048828125,2246.39990234375,2246.39990234375,7,0,0.0
2008-06-24,2246.39990234375,2277.60009765625,2184.0,2199.60009765625,16,0,0.0
2008-06-25,2215.199951171875,2386.800048828125,2215.199951171875,2355.60009765625,9,0,0.0
2008-06-26,2386.800048828125,2386.800048828125,2262.0,2308.800048828125,24,0,0.0
2008-06-27,2308.800048828125,2371.199951171875,2262.0,2308.800048828125,10,0,0.0
2008-06-30,2262.0,2308.800048828125,2262.0,2293.199951171875,10,0,0.0
2008-07-01,2262.0,2308.800048828125,2199.60009765625,2293.199951171875,5,0,0.0
2008-07-02,2293.199951171875,2340.0,2230.800048828125,2246.39990234375,28,0,0.0
2008-07-03,2293.199951171875,2308.800048828125,2121.60009765625,2121.60009765625,14,0,0.0
2008-07-07,2121.60009765625,2199.60009765625,2043.5999755859375,2059.199951171875,63,0,0.0
2008-07-08,2090.39990234375,2090.39990234375,1965.5999755859375,2043.5999755859375,19,0,0.0
2008-07-09,2012.4000244140625,2215.199951171875,2012.4000244140625,2106.0,15,0,0.0
2008-07-10,2152.800048828125,2277.60009765625,1996.800048828125,2090.39990234375,22,0,0.0
2008-07-11,2059.199951171875,2059.199951171875,1996.800048828125,2043.5999755859375,13,0,0.0
2008-07-14,2028.0,2074.800048828125,2028.0,2028.0,17,0,0.0
2008-07-15,2028.0,2106.0,2028.0,2028.0,16,0,0.0
2008-07-16,2059.199951171875,2074.800048828125,1950.0,2012.4000244140625,12,0,0.0
2008-07-17,1981.199951171875,2184.0,1981.199951171875,2106.0,22,0,0.0
2008-07-18,2090.39990234375,2199.60009765625,2059.199951171875,2168.39990234375,12,0,0.0
2008-07-21,2168.39990234375,2246.39990234375,2106.0,2168.39990234375,12,0,0.0
2008-07-22,2184.0,2184.0,2028.0,2090.39990234375,25,0,0.0
2008-07-23,2137.199951171875,2137.199951171875,2028.0,2059.199951171875,9,0,0.0
2008-07-24,2028.0,2106.0,2028.0,2090.39990234375,24,0,0.0
2008-07-25,2043.5999755859375,2215.199951171875,2043.5999755859375,2199.60009765625,11,0,0.0
2008-07-28,2152.800048828125,2340.0,2137.199951171875,2324.39990234375,19,0,0.0
2008-07-29,2340.0,2449.199951171875,2340.0,2418.0,21,0,0.0
2008-07-30,2418.0,2464.800048828125,2308.800048828125,2324.39990234375,16,0,0.0
2008-07-31,2371.199951171875,2464.800048828125,2371.199951171875,2433.60009765625,32,0,0.0
2008-08-01,2433.60009765625,2480.39990234375,2418.0,2464.800048828125,17,0,0.0
2008-08-04,2480.39990234375,2652.0,2386.800048828125,2542.800048828125,68,0,0.0
2008-08-05,2496.0,2854.800048828125,2433.60009765625,2761.199951171875,28,0,0.0
2008-08-06,2808.0,2854.800048828125,2683.199951171875,2808.0,22,0,0.0
2008-08-07,2823.60009765625,2886.0,2340.0,2620.800048828125,31,0,0.0
2008-08-08,2667.60009765625,2667.60009765625,2542.800048828125,2652.0,15,0,0.0
2008-08-11,2652.0,2964.0,2652.0,2948.39990234375,50,0,0.0
2008-08-12,2948.39990234375,2964.0,2808.0,2886.0,37,0,0.0
2008-08-13,2932.800048828125,2932.800048828125,2839.199951171875,2917.199951171875,20,0,0.0
2008-08-14,2870.39990234375,2932.800048828125,2870.39990234375,2932.800048828125,25,0,0.0
2008-08-15,2964.0,2964.0,2776.800048828125,2886.0,31,0,0.0
2008-08-18,2948.39990234375,2948.39990234375,2683.199951171875,2698.800048828125,12,0,0.0
2008-08-19,2698.800048828125,2714.39990234375,2589.60009765625,2636.39990234375,5,0,0.0
2008-08-20,2574.0,2886.0,2574.0,2730.0,12,0,0.0
2008-08-21,2776.800048828125,2917.199951171875,2652.0,2917.199951171875,14,0,0.0
2008-08-22,2854.800048828125,2886.0,2667.60009765625,2808.0,16,0,0.0
2008-08-25,2761.199951171875,2808.0,2730.0,2792.39990234375,18,0,0.0
2008-08-26,2808.0,2901.60009765625,2776.800048828125,2808.0,12,0,0.0
2008-08-27,2854.800048828125,2886.0,2776.800048828125,2870.39990234375,18,0,0.0
2008-08-28,2870.39990234375,2917.199951171875,2683.199951171875,2745.60009765625,39,0,0.0
2008-08-29,2808.0,2808.0,2683.199951171875,2792.39990234375,12,0,0.0
2008-09-02,2745.60009765625,2745.60009765625,2652.0,2730.0,30,0,0.0
2008-09-03,2808.0,2808.0,2589.60009765625,2667.60009765625,25,0,0.0
2008-09-04,2667.60009765625,2667.60009765625,2527.199951171875,2652.0,11,0,0.0
2008-09-05,2574.0,2870.39990234375,2574.0,2870.39990234375,18,0,0.0
2008-09-08,2917.199951171875,2917.199951171875,2761.199951171875,2776.800048828125,26,0,0.0
2008-09-09,2730.0,2808.0,2480.39990234375,2605.199951171875,16,0,0.0
2008-09-10,2652.0,2683.199951171875,2574.0,2683.199951171875,17,0,0.0
2008-09-11,2589.60009765625,2730.0,2589.60009765625,2698.800048828125,4,0,0.0
2008-09-12,2652.0,2714.39990234375,2620.800048828125,2652.0,12,0,0.0
2008-09-15,2542.800048828125,2652.0,2511.60009765625,2574.0,9,0,0.0
2008-09-16,2574.0,2574.0,2386.800048828125,2449.199951171875,17,0,0.0
2008-09-17,2418.0,2496.0,2121.60009765625,2215.199951171875,23,0,0.0
2008-09-18,2433.60009765625,2496.0,2184.0,2480.39990234375,23,0,0.0
2008-09-19,2527.199951171875,2574.0,2340.0,2480.39990234375,24,0,0.0
2008-09-22,2418.0,2464.800048828125,2293.199951171875,2371.199951171875,18,0,0.0
2008-09-23,2293.199951171875,2308.800048828125,2106.0,2293.199951171875,25,0,0.0
2008-09-24,2230.800048828125,2574.0,2199.60009765625,2386.800048828125,13,0,0.0
2008-09-25,2262.0,2496.0,2262.0,2386.800048828125,7,0,0.0
2008-09-26,2293.199951171875,2464.800048828125,2293.199951171875,2464.800048828125,27,0,0.0
2008-09-29,2355.60009765625,2558.39990234375,2074.800048828125,2137.199951171875,27,0,0.0
2008-09-30,2137.199951171875,2137.199951171875,1638.0,2137.199951171875,56,0,0.0
2008-10-01,2074.800048828125,2184.0,2074.800048828125,2152.800048828125,3,0,0.0
2008-10-02,2262.0,2277.60009765625,2043.5999755859375,2090.39990234375,11,0,0.0
2008-10-03,2340.0,2340.0,2090.39990234375,2090.39990234375,6,0,0.0
2008-10-06,2293.199951171875,2293.199951171875,1716.0,1903.199951171875,33,0,0.0
2008-10-07,1840.800048828125,1903.199951171875,1731.5999755859375,1840.800048828125,13,0,0.0
2008-10-08,1731.5999755859375,1887.5999755859375,1653.5999755859375,1872.0,13,0,0.0
2008-10-09,1950.0,1950.0,1700.4000244140625,1731.5999755859375,26,0,0.0
2008-10-10,1544.4000244140625,1716.0,1482.0,1684.800048828125,22,0,0.0
2008-10-13,1872.0,1872.0,1669.199951171875,1747.199951171875,13,0,0.0
2008-10-14,1840.800048828125,2262.0,1840.800048828125,1965.5999755859375,13,0,0.0
2008-10-15,1747.199951171875,2028.0,1747.199951171875,1934.4000244140625,13,0,0.0
2008-10-16,2121.60009765625,2121.60009765625,1684.800048828125,1825.199951171875,24,0,0.0
2008-10-17,1872.0,1872.0,1809.5999755859375,1825.199951171875,6,0,0.0
2008-10-20,1950.0,1996.800048828125,1934.4000244140625,1965.5999755859375,42,0,0.0
2008-10-21,2028.0,2043.5999755859375,1934.4000244140625,1934.4000244140625,2,0,0.0
2008-10-22,2028.0,2028.0,1794.0,1794.0,23,0,0.0
2008-10-23,1716.0,1903.199951171875,1638.0,1887.5999755859375,19,0,0.0
2008-10-24,1794.0,2137.199951171875,1794.0,2137.199951171875,25,0,0.0
2008-10-27,2043.5999755859375,2714.39990234375,2012.4000244140625,2652.0,29,0,0.0
2008-10-28,2652.0,2652.0,2355.60009765625,2558.39990234375,12,0,0.0
2008-10-29,2652.0,2652.0,2386.800048828125,2652.0,21,0,0.0
2008-10-30,2542.800048828125,2652.0,2496.0,2558.39990234375,20,0,0.0
2008-10-31,2496.0,2558.39990234375,2496.0,2496.0,6,0,0.0
2008-11-03,2730.0,2917.199951171875,2496.0,2808.0,48,0,0.0
2008-11-04,2932.800048828125,3432.0,2808.0,3042.0,118,0,0.0
2008-11-05,3322.800048828125,3322.800048828125,2932.800048828125,2932.800048828125,42,0,0.0
2008-11-06,2808.0,2917.199951171875,2683.199951171875,2714.39990234375,15,0,0.0
2008-11-07,2808.0,2886.0,2776.800048828125,2870.39990234375,4,0,0.0
2008-11-10,3182.39990234375,3432.0,2964.0,3120.0,36,0,0.0
2008-11-11,3182.39990234375,3182.39990234375,3057.60009765625,3057.60009765625,19,0,0.0
2008-11-12,3042.0,3166.800048828125,2620.800048828125,2620.800048828125,17,0,0.0
2008-11-13,2730.0,2730.0,2340.0,2496.0,32,0,0.0
2008-11-14,2730.0,2730.0,2418.0,2511.60009765625,12,0,0.0
2008-11-17,2745.60009765625,2745.60009765625,2558.39990234375,2652.0,16,0,0.0
2008-11-18,3042.0,3042.0,2496.0,2511.60009765625,12,0,0.0
2008-11-19,2932.800048828125,2932.800048828125,2511.60009765625,2636.39990234375,26,0,0.0
2008-11-20,2527.199951171875,2808.0,2215.199951171875,2293.199951171875,33,0,0.0
2008-11-21,2277.60009765625,2277.60009765625,2028.0,2121.60009765625,23,0,0.0
2008-11-24,2324.39990234375,2324.39990234375,1872.0,1950.0,29,0,0.0
2008-11-25,1872.0,1950.0,1794.0,1825.199951171875,32,0,0.0
2008-11-26,1840.800048828125,2293.199951171875,1794.0,2262.0,33,0,0.0
2008-11-28,2340.0,2558.39990234375,2262.0,2496.0,12,0,0.0
2008-12-01,2652.0,2652.0,2496.0,2496.0,8,0,0.0
2008-12-02,2558.39990234375,2574.0,2496.0,2574.0,3,0,0.0
2008-12-03,2808.0,2808.0,2574.0,2620.800048828125,46,0,0.0
2008-12-04,2870.39990234375,2964.0,2714.39990234375,2792.39990234375,58,0,0.0
2008-12-05,2964.0,3151.199951171875,2854.800048828125,3057.60009765625,62,0,0.0
2008-12-08,3120.0,3432.0,3042.0,3088.800048828125,78,0,0.0
2008-12-09,3042.0,3042.0,2964.0,2995.199951171875,19,0,0.0
2008-12-10,3104.39990234375,3120.0,2808.0,2964.0,38,0,0.0
2008-12-11,2964.0,2979.60009765625,2839.199951171875,2886.0,24,0,0.0
2008-12-12,2761.199951171875,3120.0,2761.199951171875,3088.800048828125,29,0,0.0
2008-12-15,3244.800048828125,3260.39990234375,3088.800048828125,3104.39990234375,15,0,0.0
2008-12-16,3276.0,3276.0,3166.800048828125,3276.0,18,0,0.0
2008-12-17,3400.800048828125,3400.800048828125,3260.39990234375,3400.800048828125,39,0,0.0
2008-12-18,3494.39990234375,3494.39990234375,2652.0,2761.199951171875,154,0,0.0
2008-12-19,2948.39990234375,2948.39990234375,2574.0,2574.0,61,0,0.0
2008-12-22,2667.60009765625,2698.800048828125,2386.800048828125,2527.199951171875,40,0,0.0
2008-12-23,2714.39990234375,2714.39990234375,2480.39990234375,2605.199951171875,10,0,0.0
2008-12-24,2652.0,2730.0,2511.60009765625,2511.60009765625,26,0,0.0
2008-12-26,2605.199951171875,2652.0,2464.800048828125,2480.39990234375,19,0,0.0
2008-12-29,2386.800048828125,2511.60009765625,2355.60009765625,2418.0,28,0,0.0
2008-12-30,2355.60009765625,2433.60009765625,2340.0,2418.0,15,0,0.0
2008-12-31,2652.0,2652.0,2418.0,2574.0,32,0,0.0
2009-01-02,2698.800048828125,2698.800048828125,2574.0,2605.199951171875,21,0,0.0
2009-01-05,2558.39990234375,2652.0,2527.199951171875,2558.39990234375,20,0,0.0
2009-01-06,2558.39990234375,2574.0,2433.60009765625,2449.199951171875,52,0,0.0
2009-01-07,2636.39990234375,2636.39990234375,2340.0,2386.800048828125,31,0,0.0
2009-01-08,2464.800048828125,2527.199951171875,2386.800048828125,2449.199951171875,30,0,0.0
2009-01-09,2511.60009765625,2511.60009765625,2371.199951171875,2418.0,14,0,0.0
2009-01-12,2511.60009765625,2511.60009765625,2355.60009765625,2371.199951171875,8,0,0.0
2009-01-13,2355.60009765625,2371.199951171875,2308.800048828125,2355.60009765625,19,0,0.0
2009-01-14,2340.0,2433.60009765625,2106.0,2137.199951171875,40,0,0.0
2009-01-15,2090.39990234375,2168.39990234375,2028.0,2106.0,13,0,0.0
2009-01-16,2043.5999755859375,2230.800048828125,2043.5999755859375,2199.60009765625,12,0,0.0
2009-01-20,2433.60009765625,2496.0,2262.0,2308.800048828125,63,0,0.0
2009-01-21,2464.800048828125,2464.800048828125,2262.0,2308.800048828125,18,0,0.0
2009-01-22,2418.0,2418.0,2230.800048828125,2230.800048828125,32,0,0.0
2009-01-23,2277.60009765625,2652.0,2230.800048828125,2308.800048828125,254,0,0.0
2009-01-26,2964.0,2964.0,2496.0,2574.0,1095,0,0.0
2009-01-27,2433.60009765625,2730.0,2184.0,2340.0,361,0,0.0
2009-01-28,2464.800048828125,2464.800048828125,2262.0,2386.800048828125,151,0,0.0
2009-01-29,2402.39990234375,2808.0,2277.60009765625,2792.39990234375,126,0,0.0
2009-01-30,2792.39990234375,2964.0,2433.60009765625,2714.39990234375,177,0,0.0
2009-02-02,2714.39990234375,2730.0,2574.0,2652.0,77,0,0.0
2009-02-03,2511.60009765625,2667.60009765625,2449.199951171875,2527.199951171875,67,0,0.0
2009-02-04,2433.60009765625,2652.0,2433.60009765625,2496.0,38,0,0.0
2009-02-05,2558.39990234375,2605.199951171875,2418.0,2496.0,60,0,0.0
2009-02-06,2511.60009765625,2605.199951171875,2418.0,2418.0,55,0,0.0
2009-02-09,2402.39990234375,2402.39990234375,1794.0,2121.60009765625,303,0,0.0
2009-02-10,2152.800048828125,2184.0,2059.199951171875,2121.60009765625,70,0,0.0
2009-02-11,2074.800048828125,2152.800048828125,2043.5999755859375,2043.5999755859375,20,0,0.0
2009-02-12,2168.39990234375,2184.0,2028.0,2184.0,46,0,0.0
2009-02-13,1965.5999755859375,2184.0,1965.5999755859375,2028.0,33,0,0.0
2009-02-17,2184.0,2262.0,2043.5999755859375,2168.39990234375,55,0,0.0
2009-02-18,2246.39990234375,2340.0,2028.0,2152.800048828125,50,0,0.0
2009-02-19,2168.39990234375,2199.60009765625,1872.0,2028.0,54,0,0.0
2009-02-20,1950.0,1965.5999755859375,1638.0,1794.0,159,0,0.0
2009-02-23,1747.199951171875,1794.0,1638.0,1638.0,64,0,0.0
2009-02-24,1716.0,1794.0,1591.199951171875,1762.800048828125,36,0,0.0
2009-02-25,1809.5999755859375,1809.5999755859375,1638.0,1700.4000244140625,16,0,0.0
2009-02-26,1638.0,1747.199951171875,1606.800048828125,1606.800048828125,19,0,0.0
2009-02-27,1653.5999755859375,1653.5999755859375,1404.0,1466.4000244140625,80,0,0.0
2009-03-02,1513.199951171875,1513.199951171875,1248.0,1435.199951171875,64,0,0.0
2009-03-03,1513.199951171875,1560.0,1388.4000244140625,1435.199951171875,25,0,0.0
2009-03-04,1435.199951171875,1435.199951171875,1388.4000244140625,1404.0,16,0,0.0
2009-03-05,1326.0,1404.0,1170.0,1248.0,41,0,0.0
2009-03-06,1248.0,1372.800048828125,1248.0,1341.5999755859375,25,0,0.0
2009-03-09,1918.800048828125,1918.800048828125,1513.199951171875,1638.0,381,0,0.0
2009-03-10,1731.5999755859375,2262.0,1560.0,1606.800048828125,83,0,0.0
2009-03-11,1684.800048828125,1684.800048828125,1404.0,1513.199951171875,45,0,0.0
2009-03-12,1497.5999755859375,1528.800048828125,1372.800048828125,1482.0,34,0,0.0
2009-03-13,1528.800048828125,1528.800048828125,1450.800048828125,1466.4000244140625,17,0,0.0
2009-03-16,1513.199951171875,1560.0,1419.5999755859375,1513.199951171875,29,0,0.0
2009-03-17,1513.199951171875,1575.5999755859375,1482.0,1497.5999755859375,31,0,0.0
2009-03-18,1544.4000244140625,1684.800048828125,1497.5999755859375,1591.199951171875,71,0,0.0
2009-03-19,1669.199951171875,1669.199951171875,1513.199951171875,1575.5999755859375,19,0,0.0
2009-03-20,1560.0,1638.0,1560.0,1560.0,9,0,0.0
2009-03-23,1591.199951171875,1684.800048828125,1560.0,1638.0,23,0,0.0
2009-03-24,1638.0,1700.4000244140625,1638.0,1684.800048828125,21,0,0.0
2009-03-25,1684.800048828125,1716.0,1669.199951171875,1669.199951171875,39,0,0.0
2009-03-26,1622.4000244140625,1731.5999755859375,1591.199951171875,1591.199951171875,14,0,0.0
2009-03-27,1653.5999755859375,1653.5999755859375,1560.0,1653.5999755859375,13,0,0.0
2009-03-30,1700.4000244140625,1700.4000244140625,1528.800048828125,1575.5999755859375,17,0,0.0
2009-03-31,1419.5999755859375,1669.199951171875,1419.5999755859375,1528.800048828125,19,0,0.0
2009-04-01,1528.800048828125,1669.199951171875,1528.800048828125,1669.199951171875,27,0,0.0
2009-04-02,1716.0,1762.800048828125,1638.0,1684.800048828125,14,0,0.0
2009-04-03,1747.199951171875,2074.800048828125,1747.199951171875,1981.199951171875,80,0,0.0
2009-04-06,2043.5999755859375,2043.5999755859375,1887.5999755859375,1918.800048828125,72,0,0.0
2009-04-07,1918.800048828125,1918.800048828125,1716.0,1731.5999755859375,38,0,0.0
2009-04-08,1809.5999755859375,1872.0,1762.800048828125,1825.199951171875,20,0,0.0
2009-04-09,1794.0,1934.4000244140625,1794.0,1918.800048828125,31,0,0.0
2009-04-13,1981.199951171875,2028.0,1825.199951171875,1825.199951171875,25,0,0.0
2009-04-14,1762.800048828125,1981.199951171875,1762.800048828125,1778.4000244140625,42,0,0.0
2009-04-15,1716.0,1794.0,1653.5999755859375,1747.199951171875,12,0,0.0
2009-04-16,1731.5999755859375,1825.199951171875,1731.5999755859375,1825.199951171875,30,0,0.0
2009-04-17,1887.5999755859375,1887.5999755859375,1825.199951171875,1872.0,25,0,0.0
2009-04-20,1762.800048828125,1856.4000244140625,1716.0,1716.0,11,0,0.0
2009-04-21,1778.4000244140625,1856.4000244140625,1653.5999755859375,1778.4000244140625,13,0,0.0
2009-04-22,1840.800048828125,1840.800048828125,1747.199951171875,1825.199951171875,10,0,0.0
2009-04-23,1825.199951171875,1825.199951171875,1762.800048828125,1794.0,9,0,0.0
2009-04-24,1856.4000244140625,1872.0,1794.0,1840.800048828125,14,0,0.0
2009-04-27,1731.5999755859375,1981.199951171875,1731.5999755859375,1825.199951171875,26,0,0.0
2009-04-28,1794.0,1840.800048828125,1747.199951171875,1778.4000244140625,11,0,0.0
2009-04-29,1762.800048828125,1840.800048828125,1762.800048828125,1840.800048828125,5,0,0.0
2009-04-30,1934.4000244140625,1934.4000244140625,1778.4000244140625,1825.199951171875,13,0,0.0
2009-05-01,1887.5999755859375,1887.5999755859375,1778.4000244140625,1794.0,19,0,0.0
2009-05-04,1887.5999755859375,1903.199951171875,1794.0,1856.4000244140625,17,0,0.0
2009-05-05,1872.0,2059.199951171875,1856.4000244140625,2028.0,71,0,0.0
2009-05-06,1981.199951171875,1981.199951171875,1872.0,1950.0,60,0,0.0
2009-05-07,1965.5999755859375,2106.0,1825.199951171875,1872.0,32,0,0.0
2009-05-08,1934.4000244140625,1996.800048828125,1872.0,1887.5999755859375,38,0,0.0
2009-05-11,1965.5999755859375,2090.39990234375,1903.199951171875,1903.199951171875,32,0,0.0
2009-05-12,1950.0,1996.800048828125,1903.199951171875,1965.5999755859375,31,0,0.0
2009-05-13,1887.5999755859375,1950.0,1840.800048828125,1918.800048828125,24,0,0.0
2009-05-14,1950.0,1950.0,1856.4000244140625,1887.5999755859375,12,0,0.0
2009-05-15,1809.5999755859375,1965.5999755859375,1575.5999755859375,1840.800048828125,34,0,0.0
2009-05-18,1825.199951171875,1981.199951171875,1778.4000244140625,1903.199951171875,19,0,0.0
2009-05-19,1903.199951171875,1918.800048828125,1840.800048828125,1872.0,14,0,0.0
2009-05-20,1872.0,1872.0,1840.800048828125,1840.800048828125,29,0,0.0
2009-05-21,1794.0,1794.0,1716.0,1716.0,35,0,0.0
2009-05-22,1716.0,1747.199951171875,1560.0,1716.0,87,0,0.0
2009-05-26,1638.0,1700.4000244140625,1591.199951171875,1653.5999755859375,79,0,0.0
2009-05-27,1700.4000244140625,1700.4000244140625,1591.199951171875,1638.0,28,0,0.0
2009-05-28,1638.0,1653.5999755859375,1560.0,1638.0,25,0,0.0
2009-05-29,1731.5999755859375,1747.199951171875,1591.199951171875,1638.0,36,0,0.0
2009-06-01,1762.800048828125,1762.800048828125,1606.800048828125,1653.5999755859375,50,0,0.0
2009-06-02,1560.0,1684.800048828125,1560.0,1669.199951171875,16,0,0.0
2009-06-03,1731.5999755859375,1762.800048828125,1653.5999755859375,1762.800048828125,39,0,0.0
2009-06-04,1762.800048828125,1872.0,1762.800048828125,1872.0,69,0,0.0
2009-06-05,1887.5999755859375,1934.4000244140625,1825.199951171875,1856.4000244140625,75,0,0.0
2009-06-08,1794.0,1872.0,1794.0,1809.5999755859375,32,0,0.0
2009-06-09,1794.0,1809.5999755859375,1622.4000244140625,1653.5999755859375,65,0,0.0
2009-06-10,1747.199951171875,1809.5999755859375,1638.0,1700.4000244140625,29,0,0.0
2009-06-11,1700.4000244140625,1794.0,1700.4000244140625,1731.5999755859375,29,0,0.0
2009-06-12,1856.4000244140625,1856.4000244140625,1700.4000244140625,1700.4000244140625,34,0,0.0
2009-06-15,1684.800048828125,1778.4000244140625,1669.199951171875,1778.4000244140625,23,0,0.0
2009-06-16,1762.800048828125,1762.800048828125,1653.5999755859375,1669.199951171875,18,0,0.0
2009-06-17,1747.199951171875,1794.0,1638.0,1669.199951171875,20,0,0.0
2009-06-18,1716.0,1716.0,1638.0,1700.4000244140625,33,0,0.0
2009-06-19,1794.0,1794.0,1606.800048828125,1606.800048828125,47,0,0.0
2009-06-22,1560.0,1747.199951171875,1560.0,1684.800048828125,20,0,0.0
2009-06-23,1716.0,1716.0,1575.5999755859375,1606.800048828125,21,0,0.0
2009-06-24,1716.0,1716.0,1622.4000244140625,1622.4000244140625,32,0,0.0
2009-06-25,1638.0,1700.4000244140625,1575.5999755859375,1700.4000244140625,47,0,0.0
2009-06-26,1731.5999755859375,1872.0,1591.199951171875,1872.0,73,0,0.0
2009-06-29,1825.199951171875,1825.199951171875,1622.4000244140625,1622.4000244140625,67,0,0.0
2009-06-30,1700.4000244140625,1762.800048828125,1622.4000244140625,1622.4000244140625,36,0,0.0
2009-07-01,1794.0,1840.800048828125,1622.4000244140625,1840.800048828125,92,0,0.0
2009-07-02,1825.199951171875,1825.199951171875,1731.5999755859375,1825.199951171875,62,0,0.0
2009-07-06,1840.800048828125,1840.800048828125,1622.4000244140625,1778.4000244140625,43,0,0.0
2009-07-07,1778.4000244140625,1778.4000244140625,1591.199951171875,1638.0,45,0,0.0
2009-07-08,1638.0,1669.199951171875,1606.800048828125,1669.199951171875,24,0,0.0
2009-07-09,1684.800048828125,1778.4000244140625,1622.4000244140625,1778.4000244140625,24,0,0.0
2009-07-10,1778.4000244140625,1778.4000244140625,1606.800048828125,1778.4000244140625,57,0,0.0
2009-07-13,1731.5999755859375,1731.5999755859375,1622.4000244140625,1653.5999755859375,26,0,0.0
2009-07-14,1622.4000244140625,1778.4000244140625,1622.4000244140625,1716.0,35,0,0.0
2009-07-15,1778.4000244140625,1778.4000244140625,1638.0,1700.4000244140625,57,0,0.0
2009-07-16,1700.4000244140625,1716.0,1622.4000244140625,1684.800048828125,13,0,0.0
2009-07-17,1638.0,1684.800048828125,1622.4000244140625,1622.4000244140625,25,0,0.0
2009-07-20,1700.4000244140625,1700.4000244140625,1606.800048828125,1638.0,25,0,0.0
2009-07-21,1653.5999755859375,1731.5999755859375,1653.5999755859375,1669.199951171875,17,0,0.0
2009-07-22,1762.800048828125,1762.800048828125,1638.0,1638.0,16,0,0.0
2009-07-23,1622.4000244140625,1684.800048828125,1606.800048828125,1684.800048828125,105,0,0.0
2009-07-24,1684.800048828125,1700.4000244140625,1638.0,1669.199951171875,42,0,0.0
2009-07-27,1747.199951171875,1794.0,1638.0,1747.199951171875,121,0,0.0
2009-07-28,1731.5999755859375,1747.199951171875,1669.199951171875,1700.4000244140625,46,0,0.0
2009-07-29,1794.0,1794.0,1684.800048828125,1716.0,36,0,0.0
2009-07-30,1778.4000244140625,1809.5999755859375,1747.199951171875,1778.4000244140625,73,0,0.0
2009-07-31,1825.199951171875,1825.199951171875,1794.0,1809.5999755859375,49,0,0.0
2009-08-03,1840.800048828125,1934.4000244140625,1809.5999755859375,1887.5999755859375,42,0,0.0
2009-08-04,1872.0,2090.39990234375,1872.0,1934.4000244140625,98,0,0.0
2009-08-05,1950.0,1950.0,1794.0,1872.0,63,0,0.0
2009-08-06,1840.800048828125,1918.800048828125,1716.0,1794.0,38,0,0.0
2009-08-07,1809.5999755859375,2028.0,1809.5999755859375,1903.199951171875,67,0,0.0
2009-08-10,1981.199951171875,2262.0,1903.199951171875,1918.800048828125,70,0,0.0
2009-08-11,1903.199951171875,2028.0,1794.0,2028.0,85,0,0.0
2009-08-12,2028.0,2028.0,1840.800048828125,1872.0,70,0,0.0
2009-08-13,1856.4000244140625,1918.800048828125,1809.5999755859375,1840.800048828125,41,0,0.0
2009-08-14,1794.0,1856.4000244140625,1794.0,1840.800048828125,42,0,0.0
2009-08-17,1887.5999755859375,1887.5999755859375,1716.0,1778.4000244140625,35,0,0.0
2009-08-18,1747.199951171875,1794.0,1638.0,1716.0,117,0,0.0
2009-08-19,1716.0,1825.199951171875,1716.0,1731.5999755859375,68,0,0.0
2009-08-20,1794.0,1794.0,1669.199951171875,1716.0,29,0,0.0
2009-08-21,1747.199951171875,1747.199951171875,1653.5999755859375,1700.4000244140625,69,0,0.0
2009-08-24,1669.199951171875,1716.0,1622.4000244140625,1669.199951171875,73,0,0.0
2009-08-25,1669.199951171875,1716.0,1622.4000244140625,1700.4000244140625,28,0,0.0
2009-08-26,1700.4000244140625,1747.199951171875,1684.800048828125,1700.4000244140625,56,0,0.0
2009-08-27,1794.0,1794.0,1669.199951171875,1716.0,39,0,0.0
2009-08-28,1731.5999755859375,1794.0,1684.800048828125,1716.0,74,0,0.0
2009-08-31,1809.5999755859375,1809.5999755859375,1653.5999755859375,1716.0,19,0,0.0
2009-09-01,1731.5999755859375,1731.5999755859375,1653.5999755859375,1669.199951171875,30,0,0.0
2009-09-02,1716.0,1716.0,1653.5999755859375,1716.0,33,0,0.0
2009-09-03,1731.5999755859375,1731.5999755859375,1684.800048828125,1716.0,10,0,0.0
2009-09-04,1716.0,1872.0,1716.0,1778.4000244140625,110,0,0.0
2009-09-08,1872.0,1872.0,1716.0,1762.800048828125,50,0,0.0
2009-09-09,1840.800048828125,1903.199951171875,1794.0,1856.4000244140625,175,0,0.0
2009-09-10,1887.5999755859375,1918.800048828125,1809.5999755859375,1840.800048828125,86,0,0.0
2009-09-11,1934.4000244140625,1934.4000244140625,1825.199951171875,1840.800048828125,149,0,0.0
2009-09-14,1934.4000244140625,2184.0,1825.199951171875,2028.0,563,0,0.0
2009-09-15,2043.5999755859375,2496.0,1981.199951171875,2480.39990234375,421,0,0.0
2009-09-16,2574.0,2730.0,2496.0,2698.800048828125,265,0,0.0
2009-09-17,2620.800048828125,2776.800048828125,2402.39990234375,2527.199951171875,132,0,0.0
2009-09-18,2636.39990234375,3042.0,2574.0,2917.199951171875,402,0,0.0
2009-09-21,3900.0,4602.0,3166.800048828125,3244.800048828125,3965,0,0.0
2009-09-22,3354.0,3354.0,2808.0,3057.60009765625,720,0,0.0
2009-09-23,3057.60009765625,3057.60009765625,2730.0,2745.60009765625,271,0,0.0
2009-09-24,2901.60009765625,2901.60009765625,2730.0,2823.60009765625,257,0,0.0
2009-09-25,2745.60009765625,2839.199951171875,2620.800048828125,2652.0,239,0,0.0
2009-09-28,2714.39990234375,2714.39990234375,2574.0,2589.60009765625,119,0,0.0
2009-09-29,2589.60009765625,2698.800048828125,2574.0,2636.39990234375,104,0,0.0
2009-09-30,2730.0,2730.0,2418.0,2449.199951171875,132,0,0.0
2009-10-01,2496.0,2496.0,2184.0,2324.39990234375,175,0,0.0
2009-10-02,2199.60009765625,2324.39990234375,2106.0,2262.0,108,0,0.0
2009-10-05,2199.60009765625,2324.39990234375,2137.199951171875,2246.39990234375,99,0,0.0
2009-10-06,2324.39990234375,2480.39990234375,2262.0,2324.39990234375,96,0,0.0
2009-10-07,2324.39990234375,2324.39990234375,2199.60009765625,2262.0,34,0,0.0
2009-10-08,2215.199951171875,2340.0,2199.60009765625,2324.39990234375,89,0,0.0
2009-10-09,2340.0,2418.0,2293.199951171875,2371.199951171875,75,0,0.0
2009-10-12,2605.199951171875,2605.199951171875,2293.199951171875,2340.0,56,0,0.0
2009-10-13,2418.0,2418.0,2293.199951171875,2386.800048828125,52,0,0.0
2009-10-14,2418.0,2480.39990234375,2355.60009765625,2449.199951171875,55,0,0.0
2009-10-15,2464.800048828125,2464.800048828125,2355.60009765625,2402.39990234375,60,0,0.0
2009-10-16,2402.39990234375,2418.0,2371.199951171875,2402.39990234375,33,0,0.0
2009-10-19,2496.0,2496.0,2262.0,2355.60009765625,43,0,0.0
2009-10-20,2324.39990234375,2418.0,2324.39990234375,2324.39990234375,25,0,0.0
2009-10-21,2355.60009765625,2355.60009765625,2215.199951171875,2215.199951171875,44,0,0.0
2009-10-22,2230.800048828125,2246.39990234375,2106.0,2215.199951171875,52,0,0.0
2009-10-23,2324.39990234375,2418.0,2168.39990234375,2324.39990234375,52,0,0.0
2009-10-26,2324.39990234375,2371.199951171875,2152.800048828125,2184.0,43,0,0.0
2009-10-27,2184.0,2230.800048828125,2106.0,2137.199951171875,48,0,0.0
2009-10-28,2121.60009765625,2121.60009765625,1950.0,2012.4000244140625,122,0,0.0
2009-10-29,1996.800048828125,2012.4000244140625,1950.0,1965.5999755859375,55,0,0.0
2009-10-30,1981.199951171875,2028.0,1950.0,1981.199951171875,70,0,0.0
2009-11-02,2184.0,2184.0,1918.800048828125,2074.800048828125,51,0,0.0
2009-11-03,2059.199951171875,2074.800048828125,1981.199951171875,2012.4000244140625,16,0,0.0
2009-11-04,1981.199951171875,2184.0,1981.199951171875,2074.800048828125,63,0,0.0
2009-11-05,2106.0,2574.0,2106.0,2449.199951171875,209,0,0.0
2009-11-06,2340.0,2558.39990234375,2215.199951171875,2542.800048828125,120,0,0.0
2009-11-09,2480.39990234375,2574.0,2386.800048828125,2496.0,72,0,0.0
2009-11-10,2496.0,2886.0,2496.0,2839.199951171875,292,0,0.0
2009-11-11,2932.800048828125,2932.800048828125,2402.39990234375,2605.199951171875,199,0,0.0
2009-11-12,2636.39990234375,2636.39990234375,2496.0,2574.0,71,0,0.0
2009-11-13,2558.39990234375,2652.0,2527.199951171875,2652.0,34,0,0.0
2009-11-16,2886.0,2886.0,2667.60009765625,2886.0,103,0,0.0
2009-11-17,2964.0,2964.0,2496.0,2808.0,111,0,0.0
2009-11-18,2808.0,2870.39990234375,2683.199951171875,2808.0,59,0,0.0
2009-11-19,2776.800048828125,2808.0,2574.0,2620.800048828125,69,0,0.0
2009-11-20,2496.0,2870.39990234375,2449.199951171875,2808.0,78,0,0.0
2009-11-23,2808.0,2808.0,2605.199951171875,2683.199951171875,49,0,0.0
2009-11-24,2698.800048828125,2776.800048828125,2667.60009765625,2776.800048828125,62,0,0.0
2009-11-25,2808.0,3010.800048828125,2683.199951171875,2979.60009765625,148,0,0.0
2009-11-27,3010.800048828125,3010.800048828125,2808.0,2886.0,28,0,0.0
2009-11-30,2932.800048828125,2932.800048828125,2745.60009765625,2792.39990234375,41,0,0.0
2009-12-01,2964.0,2964.0,2620.800048828125,2683.199951171875,34,0,0.0
2009-12-02,2636.39990234375,2886.0,2620.800048828125,2730.0,81,0,0.0
2009-12-03,2698.800048828125,2808.0,2620.800048828125,2652.0,55,0,0.0
2009-12-04,2886.0,2886.0,2620.800048828125,2745.60009765625,44,0,0.0
2009-12-07,2745.60009765625,2870.39990234375,2683.199951171875,2698.800048828125,23,0,0.0
2009-12-08,2652.0,2823.60009765625,2652.0,2683.199951171875,32,0,0.0
2009-12-09,2730.0,2792.39990234375,2667.60009765625,2745.60009765625,35,0,0.0
2009-12-10,2730.0,2839.199951171875,2730.0,2761.199951171875,39,0,0.0
2009-12-11,2823.60009765625,2886.0,2761.199951171875,2870.39990234375,43,0,0.0
2009-12-14,2870.39990234375,2886.0,2652.0,2745.60009765625,55,0,0.0
2009-12-15,2839.199951171875,2839.199951171875,2652.0,2714.39990234375,25,0,0.0
2009-12-16,2730.0,2745.60009765625,2636.39990234375,2683.199951171875,36,0,0.0
2009-12-17,2698.800048828125,2808.0,2636.39990234375,2761.199951171875,61,0,0.0
2009-12-18,2776.800048828125,3572.39990234375,2714.39990234375,2792.39990234375,1869,0,0.0
2009-12-21,2730.0,2823.60009765625,2667.60009765625,2714.39990234375,167,0,0.0
2009-12-22,2730.0,2730.0,2542.800048828125,2558.39990234375,146,0,0.0
2009-12-23,2683.199951171875,2714.39990234375,2558.39990234375,2683.199951171875,77,0,0.0
2009-12-24,2698.800048828125,2698.800048828125,2652.0,2683.199951171875,14,0,0.0
2009-12-28,2792.39990234375,2792.39990234375,2574.0,2574.0,69,0,0.0
2009-12-29,2496.0,2839.199951171875,2496.0,2839.199951171875,160,0,0.0
2009-12-30,2854.800048828125,2854.800048828125,2714.39990234375,2808.0,81,0,0.0
2009-12-31,2761.199951171875,2808.0,2730.0,2792.39990234375,99,0,0.0
2010-01-04,2792.39990234375,2886.0,2730.0,2886.0,90,0,0.0
2010-01-05,2823.60009765625,2886.0,2808.0,2870.39990234375,23,0,0.0
2010-01-06,2839.199951171875,2886.0,2808.0,2839.199951171875,29,0,0.0
2010-01-07,2839.199951171875,2854.800048828125,2808.0,2808.0,47,0,0.0
2010-01-08,2761.199951171875,3135.60009765625,2761.199951171875,3042.0,212,0,0.0
2010-01-11,3073.199951171875,3276.0,2886.0,3260.39990234375,211,0,0.0
2010-01-12,3276.0,3322.800048828125,3135.60009765625,3244.800048828125,135,0,0.0
2010-01-13,3354.0,3510.0,3260.39990234375,3494.39990234375,316,0,0.0
2010-01-14,3510.0,3712.800048828125,3354.0,3697.199951171875,462,0,0.0
2010-01-15,3712.800048828125,3806.39990234375,3510.0,3744.0,251,0,0.0
2010-01-19,3790.800048828125,3900.0,3744.0,3900.0,227,0,0.0
2010-01-20,3884.39990234375,3900.0,3666.0,3822.0,155,0,0.0
2010-01-21,3681.60009765625,3822.0,3619.199951171875,3681.60009765625,101,0,0.0
2010-01-22,3588.0,3666.0,3088.800048828125,3166.800048828125,266,0,0.0
2010-01-25,3166.800048828125,3385.199951171875,3166.800048828125,3276.0,65,0,0.0
2010-01-26,3276.0,3354.0,3026.39990234375,3120.0,115,0,0.0
2010-01-27,3213.60009765625,3213.60009765625,2886.0,2964.0,136,0,0.0
2010-01-28,2964.0,3042.0,2886.0,2948.39990234375,83,0,0.0
2010-01-29,2870.39990234375,3042.0,2870.39990234375,2917.199951171875,60,0,0.0
2010-02-01,2917.199951171875,2995.199951171875,2870.39990234375,2901.60009765625,87,0,0.0
2010-02-02,2870.39990234375,2979.60009765625,2854.800048828125,2854.800048828125,48,0,0.0
2010-02-03,2854.800048828125,2932.800048828125,2776.800048828125,2932.800048828125,138,0,0.0
2010-02-04,2886.0,2886.0,2730.0,2839.199951171875,131,0,0.0
2010-02-05,2761.199951171875,2886.0,2730.0,2823.60009765625,41,0,0.0
2010-02-08,2823.60009765625,2964.0,2761.199951171875,2901.60009765625,54,0,0.0
2010-02-09,2901.60009765625,2995.199951171875,2901.60009765625,2979.60009765625,92,0,0.0
2010-02-10,2995.199951171875,3416.39990234375,2932.800048828125,3338.39990234375,137,0,0.0
2010-02-11,3572.39990234375,3572.39990234375,3151.199951171875,3291.60009765625,111,0,0.0
2010-02-12,3291.60009765625,3416.39990234375,3120.0,3416.39990234375,62,0,0.0
2010-02-16,3354.0,3385.199951171875,3182.39990234375,3291.60009765625,45,0,0.0
2010-02-17,3229.199951171875,3354.0,3213.60009765625,3307.199951171875,45,0,0.0
2010-02-18,3385.199951171875,3385.199951171875,3104.39990234375,3229.199951171875,104,0,0.0
2010-02-19,3291.60009765625,3354.0,3120.0,3354.0,127,0,0.0
2010-02-22,3354.0,3385.199951171875,3276.0,3369.60009765625,92,0,0.0
2010-02-23,3369.60009765625,3385.199951171875,3198.0,3291.60009765625,55,0,0.0
2010-02-24,3244.800048828125,3307.199951171875,3213.60009765625,3213.60009765625,71,0,0.0
2010-02-25,3260.39990234375,3260.39990234375,3135.60009765625,3182.39990234375,50,0,0.0
2010-02-26,3229.199951171875,3244.800048828125,3057.60009765625,3244.800048828125,77,0,0.0
2010-03-01,3198.0,3198.0,3057.60009765625,3088.800048828125,38,0,0.0
2010-03-02,3229.199951171875,3229.199951171875,3088.800048828125,3166.800048828125,31,0,0.0
2010-03-03,3260.39990234375,3260.39990234375,3073.199951171875,3135.60009765625,49,0,0.0
2010-03-04,3182.39990234375,3198.0,3120.0,3182.39990234375,24,0,0.0
2010-03-05,3135.60009765625,3229.199951171875,3120.0,3198.0,50,0,0.0
2010-03-08,3229.199951171875,3229.199951171875,3088.800048828125,3135.60009765625,46,0,0.0
2010-03-09,3182.39990234375,3213.60009765625,3120.0,3166.800048828125,45,0,0.0
2010-03-10,3182.39990234375,3182.39990234375,3088.800048828125,3166.800048828125,44,0,0.0
2010-03-11,3166.800048828125,3198.0,3135.60009765625,3166.800048828125,25,0,0.0
2010-03-12,3151.199951171875,3198.0,3120.0,3166.800048828125,99,0,0.0
2010-03-15,3166.800048828125,3244.800048828125,3135.60009765625,3213.60009765625,47,0,0.0
2010-03-16,3151.199951171875,3307.199951171875,3151.199951171875,3276.0,172,0,0.0
2010-03-17,3338.39990234375,3338.39990234375,3166.800048828125,3229.199951171875,61,0,0.0
2010-03-18,3244.800048828125,3244.800048828125,3120.0,3198.0,89,0,0.0
2010-03-19,3166.800048828125,3260.39990234375,3120.0,3166.800048828125,47,0,0.0
2010-03-22,3135.60009765625,3166.800048828125,2964.0,3151.199951171875,60,0,0.0
2010-03-23,3151.199951171875,3213.60009765625,3104.39990234375,3120.0,58,0,0.0
2010-03-24,3120.0,3135.60009765625,3104.39990234375,3135.60009765625,124,0,0.0
2010-03-25,3120.0,3166.800048828125,3120.0,3166.800048828125,126,0,0.0
2010-03-26,3135.60009765625,3260.39990234375,3120.0,3260.39990234375,231,0,0.0
2010-03-29,3276.0,3276.0,3151.199951171875,3182.39990234375,34,0,0.0
2010-03-30,3244.800048828125,3244.800048828125,3120.0,3166.800048828125,24,0,0.0
2010-03-31,3104.39990234375,3213.60009765625,3104.39990234375,3198.0,45,0,0.0
2010-04-01,3151.199951171875,3166.800048828125,3088.800048828125,3151.199951171875,155,0,0.0
2010-04-05,3120.0,3135.60009765625,3088.800048828125,3135.60009765625,29,0,0.0
2010-04-06,3135.60009765625,3151.199951171875,3104.39990234375,3135.60009765625,21,0,0.0
2010-04-07,3120.0,3135.60009765625,2995.199951171875,3120.0,68,0,0.0
2010-04-08,3104.39990234375,3182.39990234375,3104.39990234375,3182.39990234375,37,0,0.0
2010-04-09,3198.0,3198.0,3088.800048828125,3135.60009765625,155,0,0.0
2010-04-12,3104.39990234375,3229.199951171875,3104.39990234375,3198.0,71,0,0.0
2010-04-13,3151.199951171875,3260.39990234375,3151.199951171875,3244.800048828125,65,0,0.0
2010-04-14,3260.39990234375,3260.39990234375,3198.0,3244.800048828125,95,0,0.0
2010-04-15,3198.0,3697.199951171875,3198.0,3556.800048828125,457,0,0.0
2010-04-16,3900.0,3900.0,3494.39990234375,3650.39990234375,272,0,0.0
2010-04-19,3525.60009765625,3619.199951171875,3400.800048828125,3556.800048828125,165,0,0.0
2010-04-20,3510.0,4492.7998046875,3322.800048828125,4368.0,2152,0,0.0
2010-04-21,4368.0,4430.39990234375,3978.0,4258.7998046875,767,0,0.0
2010-04-22,4274.39990234375,4664.39990234375,4056.0,4664.39990234375,303,0,0.0
2010-04-23,4680.0,4680.0,4258.7998046875,4383.60009765625,551,0,0.0
2010-04-26,4430.39990234375,4633.2001953125,4087.199951171875,4243.2001953125,246,0,0.0
2010-04-27,4243.2001953125,4321.2001953125,4071.60009765625,4118.39990234375,232,0,0.0
2010-04-28,4118.39990234375,4461.60009765625,3993.60009765625,4383.60009765625,275,0,0.0
2010-04-29,4524.0,4633.2001953125,4321.2001953125,4633.2001953125,284,0,0.0
2010-04-30,4711.2001953125,4836.0,4399.2001953125,4570.7998046875,439,0,0.0
2010-05-03,4508.39990234375,4836.0,4446.0,4695.60009765625,492,0,0.0
2010-05-04,4758.0,5070.0,4617.60009765625,4960.7998046875,573,0,0.0
2010-05-05,5023.2001953125,5054.39990234375,4680.0,4836.0,302,0,0.0
2010-05-06,4758.0,4914.0,4087.199951171875,4524.0,460,0,0.0
2010-05-07,4664.39990234375,4758.0,4336.7998046875,4524.0,225,0,0.0
2010-05-10,4726.7998046875,5070.0,4617.60009765625,5038.7998046875,504,0,0.0
2010-05-11,4976.39990234375,5132.39990234375,4524.0,5070.0,361,0,0.0
2010-05-12,5194.7998046875,5194.7998046875,4836.0,5023.2001953125,270,0,0.0
2010-05-13,5070.0,5101.2001953125,4960.7998046875,5023.2001953125,228,0,0.0
2010-05-14,4914.0,5023.2001953125,4836.0,4945.2001953125,148,0,0.0
2010-05-17,4882.7998046875,4976.39990234375,4789.2001953125,4898.39990234375,169,0,0.0
2010-05-18,4914.0,4945.2001953125,4773.60009765625,4867.2001953125,90,0,0.0
2010-05-19,4820.39990234375,4882.7998046875,4680.0,4789.2001953125,116,0,0.0
2010-05-20,4758.0,4773.60009765625,4539.60009765625,4617.60009765625,257,0,0.0
2010-05-21,4586.39990234375,4617.60009765625,4212.0,4321.2001953125,288,0,0.0
2010-05-24,4368.0,4477.2001953125,4212.0,4243.2001953125,217,0,0.0
2010-05-25,4212.0,4274.39990234375,3946.800048828125,4243.2001953125,314,0,0.0
2010-05-26,4243.2001953125,4492.7998046875,4212.0,4305.60009765625,161,0,0.0
2010-05-27,4368.0,4555.2001953125,4368.0,4492.7998046875,157,0,0.0
2010-05-28,4680.0,4680.0,4492.7998046875,4633.2001953125,158,0,0.0
2010-06-01,4602.0,4602.0,4305.60009765625,4508.39990234375,105,0,0.0
2010-06-02,4477.2001953125,4508.39990234375,4368.0,4446.0,43,0,0.0
2010-06-03,4477.2001953125,4524.0,4383.60009765625,4477.2001953125,67,0,0.0
2010-06-04,4321.2001953125,4602.0,4290.0,4524.0,331,0,0.0
2010-06-07,4633.2001953125,4726.7998046875,4492.7998046875,4711.2001953125,271,0,0.0
2010-06-08,4742.39990234375,4820.39990234375,4664.39990234375,4742.39990234375,248,0,0.0
2010-06-09,4711.2001953125,4758.0,4664.39990234375,4758.0,143,0,0.0
2010-06-10,4773.60009765625,4773.60009765625,4617.60009765625,4742.39990234375,68,0,0.0
2010-06-11,4711.2001953125,4758.0,4680.0,4742.39990234375,80,0,0.0
2010-06-14,4742.39990234375,5226.0,4711.2001953125,5101.2001953125,391,0,0.0
2010-06-15,5132.39990234375,5366.39990234375,5085.60009765625,5366.39990234375,208,0,0.0
2010-06-16,5397.60009765625,5444.39990234375,5179.2001953125,5226.0,129,0,0.0
2010-06-17,5226.0,5241.60009765625,4945.2001953125,5163.60009765625,100,0,0.0
2010-06-18,5194.7998046875,5194.7998046875,5023.2001953125,5038.7998046875,131,0,0.0
2010-06-21,5148.0,5148.0,4976.39990234375,5007.60009765625,108,0,0.0
2010-06-22,4945.2001953125,5070.0,4836.0,4914.0,102,0,0.0
2010-06-23,4914.0,4960.7998046875,4695.60009765625,4882.7998046875,117,0,0.0
2010-06-24,4836.0,5179.2001953125,4773.60009765625,5148.0,177,0,0.0
2010-06-25,4758.0,4914.0,4305.60009765625,4570.7998046875,3505,0,0.0
2010-06-28,4539.60009765625,4570.7998046875,4134.0,4336.7998046875,468,0,0.0
2010-06-29,4508.39990234375,4508.39990234375,3900.0,3931.199951171875,601,0,0.0
2010-06-30,3900.0,4180.7998046875,3900.0,3900.0,308,0,0.0
2010-07-01,3900.0,4009.199951171875,3744.0,3775.199951171875,224,0,0.0
2010-07-02,3884.39990234375,4102.7998046875,3822.0,3900.0,121,0,0.0
2010-07-06,4056.0,4165.2001953125,3744.0,3744.0,132,0,0.0
2010-07-07,3900.0,3931.199951171875,3775.199951171875,3915.60009765625,167,0,0.0
2010-07-08,3946.800048828125,4040.39990234375,3915.60009765625,4009.199951171875,139,0,0.0
2010-07-09,4024.800048828125,4024.800048828125,3931.199951171875,3978.0,83,0,0.0
2010-07-12,3993.60009765625,4056.0,3900.0,3915.60009765625,143,0,0.0
2010-07-13,3962.39990234375,3962.39990234375,3697.199951171875,3759.60009765625,208,0,0.0
2010-07-14,3806.39990234375,3806.39990234375,3681.60009765625,3728.39990234375,93,0,0.0
2010-07-15,3759.60009765625,3806.39990234375,3588.0,3744.0,219,0,0.0
2010-07-16,3790.800048828125,3790.800048828125,3510.0,3510.0,176,0,0.0
2010-07-19,3556.800048828125,3619.199951171875,3510.0,3588.0,116,0,0.0
2010-07-20,3494.39990234375,3666.0,3400.800048828125,3666.0,311,0,0.0
2010-07-21,3697.199951171875,3744.0,3556.800048828125,3572.39990234375,140,0,0.0
2010-07-22,3666.0,3666.0,3525.60009765625,3588.0,110,0,0.0
2010-07-23,3572.39990234375,3697.199951171875,3541.199951171875,3697.199951171875,109,0,0.0
2010-07-26,3744.0,3853.199951171875,3619.199951171875,3806.39990234375,154,0,0.0
2010-07-27,3868.800048828125,3884.39990234375,3744.0,3868.800048828125,129,0,0.0
2010-07-28,3884.39990234375,4040.39990234375,3759.60009765625,3868.800048828125,141,0,0.0
2010-07-29,3962.39990234375,4040.39990234375,3868.800048828125,3993.60009765625,168,0,0.0
2010-07-30,3931.199951171875,3993.60009765625,3790.800048828125,3822.0,244,0,0.0
2010-08-02,3775.199951171875,3946.800048828125,3775.199951171875,3868.800048828125,161,0,0.0
2010-08-03,3884.39990234375,3900.0,3775.199951171875,3775.199951171875,57,0,0.0
2010-08-04,3806.39990234375,3993.60009765625,3790.800048828125,3978.0,165,0,0.0
2010-08-05,3993.60009765625,3993.60009765625,3806.39990234375,3822.0,103,0,0.0
2010-08-06,3822.0,3853.199951171875,3666.0,3681.60009765625,117,0,0.0
2010-08-09,3728.39990234375,3744.0,3572.39990234375,3619.199951171875,70,0,0.0
2010-08-10,3541.199951171875,3619.199951171875,3510.0,3541.199951171875,59,0,0.0
2010-08-11,3510.0,3510.0,3307.199951171875,3307.199951171875,151,0,0.0
2010-08-12,3291.60009765625,3432.0,3276.0,3322.800048828125,115,0,0.0
2010-08-13,3291.60009765625,3432.0,3291.60009765625,3385.199951171875,92,0,0.0
2010-08-16,3369.60009765625,3478.800048828125,3276.0,3354.0,93,0,0.0
2010-08-17,3369.60009765625,3510.0,3198.0,3213.60009765625,163,0,0.0
2010-08-18,3400.800048828125,3416.39990234375,3213.60009765625,3244.800048828125,95,0,0.0
2010-08-19,3244.800048828125,3260.39990234375,2932.800048828125,2932.800048828125,214,0,0.0
2010-08-20,2917.199951171875,3026.39990234375,2808.0,2870.39990234375,189,0,0.0
2010-08-23,2886.0,2932.800048828125,2761.199951171875,2808.0,130,0,0.0
2010-08-24,2730.0,2839.199951171875,2667.60009765625,2808.0,214,0,0.0
2010-08-25,2870.39990234375,3307.199951171875,2870.39990234375,2995.199951171875,247,0,0.0
2010-08-26,3010.800048828125,3120.0,2964.0,2979.60009765625,118,0,0.0
2010-08-27,3088.800048828125,3244.800048828125,2932.800048828125,3151.199951171875,110,0,0.0
2010-08-30,3151.199951171875,3166.800048828125,2870.39990234375,2870.39990234375,98,0,0.0
2010-08-31,2854.800048828125,3042.0,2854.800048828125,2886.0,132,0,0.0
2010-09-01,2964.0,3042.0,2901.60009765625,3026.39990234375,86,0,0.0
2010-09-02,3010.800048828125,3088.800048828125,2964.0,3088.800048828125,58,0,0.0
2010-09-03,3104.39990234375,3260.39990234375,3057.60009765625,3135.60009765625,90,0,0.0
2010-09-07,3260.39990234375,3260.39990234375,2917.199951171875,2917.199951171875,86,0,0.0
2010-09-08,2964.0,3026.39990234375,2886.0,2932.800048828125,49,0,0.0
2010-09-09,2979.60009765625,3104.39990234375,2964.0,3073.199951171875,59,0,0.0
2010-09-10,3120.0,3244.800048828125,3057.60009765625,3229.199951171875,74,0,0.0
2010-09-13,3244.800048828125,3666.0,3229.199951171875,3650.39990234375,254,0,0.0
2010-09-14,3697.199951171875,3822.0,3510.0,3681.60009765625,245,0,0.0
2010-09-15,3744.0,4118.39990234375,3603.60009765625,3712.800048828125,305,0,0.0
2010-09-16,3712.800048828125,3728.39990234375,3510.0,3603.60009765625,101,0,0.0
2010-09-17,3634.800048828125,3634.800048828125,3432.0,3494.39990234375,150,0,0.0
2010-09-20,3510.0,3556.800048828125,3354.0,3556.800048828125,136,0,0.0
2010-09-21,3619.199951171875,3744.0,3432.0,3697.199951171875,116,0,0.0
2010-09-22,3681.60009765625,3712.800048828125,3432.0,3447.60009765625,77,0,0.0
2010-09-23,3447.60009765625,3666.0,3369.60009765625,3463.199951171875,70,0,0.0
2010-09-24,3510.0,3666.0,3463.199951171875,3650.39990234375,78,0,0.0
2010-09-27,3666.0,3712.800048828125,3478.800048828125,3510.0,38,0,0.0
2010-09-28,3541.199951171875,3666.0,3432.0,3650.39990234375,52,0,0.0
2010-09-29,3728.39990234375,3978.0,3619.199951171875,3900.0,128,0,0.0
2010-09-30,3931.199951171875,4056.0,3790.800048828125,3931.199951171875,270,0,0.0
2010-10-01,3931.199951171875,3962.39990234375,3712.800048828125,3806.39990234375,87,0,0.0
2010-10-04,3806.39990234375,3806.39990234375,3525.60009765625,3603.60009765625,70,0,0.0
2010-10-05,3650.39990234375,3759.60009765625,3650.39990234375,3744.0,69,0,0.0
2010-10-06,3712.800048828125,3900.0,3712.800048828125,3884.39990234375,80,0,0.0
2010-10-07,3900.0,3946.800048828125,3884.39990234375,3900.0,54,0,0.0
2010-10-08,3900.0,3931.199951171875,3806.39990234375,3884.39990234375,47,0,0.0
2010-10-11,3853.199951171875,3868.800048828125,3681.60009765625,3853.199951171875,52,0,0.0
2010-10-12,3853.199951171875,3931.199951171875,3712.800048828125,3884.39990234375,71,0,0.0
2010-10-13,3915.60009765625,4118.39990234375,3775.199951171875,4087.199951171875,102,0,0.0
2010-10-14,4102.7998046875,4212.0,4009.199951171875,4118.39990234375,92,0,0.0
2010-10-15,4227.60009765625,4227.60009765625,3946.800048828125,4118.39990234375,175,0,0.0
2010-10-18,4134.0,4134.0,4024.800048828125,4134.0,67,0,0.0
2010-10-19,4071.60009765625,4071.60009765625,3806.39990234375,3868.800048828125,80,0,0.0
2010-10-20,3900.0,3900.0,3806.39990234375,3837.60009765625,103,0,0.0
2010-10-21,3837.60009765625,3884.39990234375,3603.60009765625,3603.60009765625,205,0,0.0
2010-10-22,3556.800048828125,3650.39990234375,3463.199951171875,3572.39990234375,101,0,0.0
2010-10-25,3603.60009765625,3775.199951171875,3603.60009765625,3697.199951171875,50,0,0.0
2010-10-26,3666.0,3712.800048828125,3619.199951171875,3666.0,43,0,0.0
2010-10-27,3619.199951171875,3650.39990234375,3478.800048828125,3588.0,80,0,0.0
2010-10-28,3634.800048828125,3650.39990234375,3478.800048828125,3556.800048828125,51,0,0.0
2010-10-29,3541.199951171875,3556.800048828125,3463.199951171875,3478.800048828125,121,0,0.0
2010-11-01,3478.800048828125,3541.199951171875,3291.60009765625,3307.199951171875,123,0,0.0
2010-11-02,3322.800048828125,3556.800048828125,3322.800048828125,3494.39990234375,75,0,0.0
2010-11-03,3510.0,3634.800048828125,3400.800048828125,3416.39990234375,83,0,0.0
2010-11-04,3494.39990234375,3634.800048828125,3494.39990234375,3619.199951171875,129,0,0.0
2010-11-05,3634.800048828125,3634.800048828125,3556.800048828125,3588.0,46,0,0.0
2010-11-08,3634.800048828125,3790.800048828125,3525.60009765625,3588.0,56,0,0.0
2010-11-09,3603.60009765625,3728.39990234375,3400.800048828125,3416.39990234375,94,0,0.0
2010-11-10,3541.199951171875,3541.199951171875,3369.60009765625,3478.800048828125,84,0,0.0
2010-11-11,3447.60009765625,3478.800048828125,3400.800048828125,3447.60009765625,36,0,0.0
2010-11-12,3385.199951171875,3510.0,3385.199951171875,3400.800048828125,44,0,0.0
2010-11-15,3416.39990234375,3478.800048828125,3354.0,3385.199951171875,47,0,0.0
2010-11-16,3400.800048828125,3510.0,3354.0,3385.199951171875,77,0,0.0
2010-11-17,3416.39990234375,3556.800048828125,3322.800048828125,3369.60009765625,83,0,0.0
2010-11-18,3338.39990234375,3525.60009765625,3338.39990234375,3478.800048828125,93,0,0.0
2010-11-19,3494.39990234375,3510.0,3338.39990234375,3369.60009765625,87,0,0.0
2010-11-22,3354.0,3416.39990234375,3276.0,3338.39990234375,66,0,0.0
2010-11-23,3291.60009765625,3354.0,3229.199951171875,3291.60009765625,61,0,0.0
2010-11-24,3338.39990234375,3432.0,3276.0,3369.60009765625,72,0,0.0
2010-11-26,3432.0,3432.0,3322.800048828125,3416.39990234375,16,0,0.0
2010-11-29,3354.0,3385.199951171875,3182.39990234375,3213.60009765625,202,0,0.0
2010-11-30,3151.199951171875,3229.199951171875,3010.800048828125,3135.60009765625,302,0,0.0
2010-12-01,3198.0,3198.0,3057.60009765625,3120.0,135,0,0.0
2010-12-02,3073.199951171875,3198.0,3026.39990234375,3073.199951171875,136,0,0.0
2010-12-03,3073.199951171875,3182.39990234375,3057.60009765625,3135.60009765625,60,0,0.0
2010-12-06,3120.0,3151.199951171875,3042.0,3104.39990234375,130,0,0.0
2010-12-07,3104.39990234375,3104.39990234375,3042.0,3104.39990234375,84,0,0.0
2010-12-08,3042.0,3073.199951171875,2854.800048828125,3010.800048828125,87,0,0.0
2010-12-09,3042.0,3104.39990234375,3026.39990234375,3057.60009765625,117,0,0.0
2010-12-10,3088.800048828125,3088.800048828125,3042.0,3088.800048828125,47,0,0.0
2010-12-13,3088.800048828125,3135.60009765625,3057.60009765625,3104.39990234375,51,0,0.0
2010-12-14,3073.199951171875,3213.60009765625,3073.199951171875,3182.39990234375,70,0,0.0
2010-12-15,3198.0,3400.800048828125,3198.0,3385.199951171875,89,0,0.0
2010-12-16,3759.60009765625,4196.39990234375,3494.39990234375,3603.60009765625,607,0,0.0
2010-12-17,3634.800048828125,3666.0,3525.60009765625,3666.0,224,0,0.0
2010-12-20,3666.0,3681.60009765625,3510.0,3525.60009765625,70,0,0.0
2010-12-21,3525.60009765625,3588.0,3369.60009765625,3525.60009765625,144,0,0.0
2010-12-22,3525.60009765625,3603.60009765625,3447.60009765625,3572.39990234375,55,0,0.0
2010-12-23,3291.60009765625,3432.0,3135.60009765625,3354.0,210,0,0.0
2010-12-27,3354.0,3354.0,3291.60009765625,3338.39990234375,65,0,0.0
2010-12-28,3338.39990234375,3416.39990234375,3229.199951171875,3369.60009765625,54,0,0.0
2010-12-29,3385.199951171875,3432.0,3213.60009765625,3307.199951171875,56,0,0.0
2010-12-30,3229.199951171875,3322.800048828125,3213.60009765625,3229.199951171875,47,0,0.0
2010-12-31,3229.199951171875,3307.199951171875,3198.0,3307.199951171875,70,0,0.0
2011-01-03,3354.0,3400.800048828125,3307.199951171875,3385.199951171875,75,0,0.0
2011-01-04,3400.800048828125,3463.199951171875,3276.0,3307.199951171875,75,0,0.0
2011-01-05,3322.800048828125,3369.60009765625,3276.0,3322.800048828125,46,0,0.0
2011-01-06,3291.60009765625,3338.39990234375,3260.39990234375,3291.60009765625,45,0,0.0
2011-01-07,3307.199951171875,3385.199951171875,3260.39990234375,3322.800048828125,36,0,0.0
2011-01-10,3260.39990234375,3322.800048828125,3260.39990234375,3276.0,55,0,0.0
2011-01-11,3276.0,3338.39990234375,3213.60009765625,3276.0,55,0,0.0
2011-01-12,3244.800048828125,3322.800048828125,3244.800048828125,3244.800048828125,53,0,0.0
2011-01-13,3260.39990234375,3307.199951171875,3213.60009765625,3291.60009765625,49,0,0.0
2011-01-14,3276.0,3572.39990234375,3276.0,3541.199951171875,224,0,0.0
2011-01-18,3525.60009765625,3588.0,3432.0,3478.800048828125,76,0,0.0
2011-01-19,3463.199951171875,3478.800048828125,3213.60009765625,3244.800048828125,127,0,0.0
2011-01-20,3244.800048828125,3307.199951171875,3198.0,3198.0,88,0,0.0
2011-01-21,3244.800048828125,3260.39990234375,3166.800048828125,3182.39990234375,176,0,0.0
2011-01-24,3213.60009765625,3260.39990234375,3151.199951171875,3182.39990234375,84,0,0.0
2011-01-25,3182.39990234375,3182.39990234375,3042.0,3073.199951171875,152,0,0.0
2011-01-26,3120.0,3291.60009765625,3088.800048828125,3182.39990234375,114,0,0.0
2011-01-27,3369.60009765625,3369.60009765625,3120.0,3151.199951171875,49,0,0.0
2011-01-28,3182.39990234375,3182.39990234375,2979.60009765625,2995.199951171875,119,0,0.0
2011-01-31,2964.0,3057.60009765625,2964.0,3042.0,74,0,0.0
2011-02-01,3042.0,3073.199951171875,2995.199951171875,3057.60009765625,67,0,0.0
2011-02-02,3026.39990234375,3120.0,2995.199951171875,3073.199951171875,51,0,0.0
2011-02-03,3073.199951171875,3088.800048828125,3073.199951171875,3088.800048828125,34,0,0.0
2011-02-04,3073.199951171875,3120.0,3010.800048828125,3042.0,52,0,0.0
2011-02-07,3026.39990234375,3151.199951171875,3026.39990234375,3057.60009765625,43,0,0.0
2011-02-08,3010.800048828125,3073.199951171875,2979.60009765625,3010.800048828125,46,0,0.0
2011-02-09,3026.39990234375,3666.0,2979.60009765625,3494.39990234375,1277,0,0.0
2011-02-10,3369.60009765625,3556.800048828125,3244.800048828125,3354.0,258,0,0.0
2011-02-11,3354.0,3385.199951171875,3213.60009765625,3276.0,109,0,0.0
2011-02-14,3510.0,3510.0,3135.60009765625,3151.199951171875,114,0,0.0
2011-02-15,3151.199951171875,3151.199951171875,3057.60009765625,3073.199951171875,113,0,0.0
2011-02-16,3073.199951171875,3104.39990234375,3042.0,3104.39990234375,65,0,0.0
2011-02-17,3104.39990234375,3104.39990234375,3042.0,3073.199951171875,46,0,0.0
2011-02-18,3073.199951171875,3120.0,3042.0,3088.800048828125,72,0,0.0
2011-02-22,3057.60009765625,3151.199951171875,2964.0,2964.0,160,0,0.0
2011-02-23,2948.39990234375,3088.800048828125,2886.0,2948.39990234375,82,0,0.0
2011-02-24,2917.199951171875,3198.0,2917.199951171875,3166.800048828125,124,0,0.0
2011-02-25,3198.0,3229.199951171875,3120.0,3182.39990234375,79,0,0.0
2011-02-28,3151.199951171875,3307.199951171875,3151.199951171875,3198.0,93,0,0.0
2011-03-01,3198.0,3198.0,2964.0,2964.0,88,0,0.0
2011-03-02,2964.0,3042.0,2964.0,2995.199951171875,100,0,0.0
2011-03-03,3042.0,3057.60009765625,2964.0,3026.39990234375,57,0,0.0
2011-03-04,3042.0,3057.60009765625,2964.0,3026.39990234375,87,0,0.0
2011-03-07,3042.0,3042.0,2964.0,2979.60009765625,121,0,0.0
2011-03-08,2995.199951171875,3057.60009765625,2964.0,2964.0,60,0,0.0
2011-03-09,2964.0,3026.39990234375,2932.800048828125,2995.199951171875,35,0,0.0
2011-03-10,3135.60009765625,3135.60009765625,2901.60009765625,2901.60009765625,93,0,0.0
2011-03-11,2886.0,2964.0,2839.199951171875,2854.800048828125,125,0,0.0
2011-03-14,2808.0,2901.60009765625,2730.0,2823.60009765625,205,0,0.0
2011-03-15,2730.0,2792.39990234375,2698.800048828125,2714.39990234375,72,0,0.0
2011-03-16,2714.39990234375,2745.60009765625,2620.800048828125,2636.39990234375,323,0,0.0
2011-03-17,2652.0,2730.0,2620.800048828125,2652.0,110,0,0.0
2011-03-18,2652.0,2776.800048828125,2605.199951171875,2761.199951171875,162,0,0.0
2011-03-21,2839.199951171875,2839.199951171875,2667.60009765625,2745.60009765625,94,0,0.0
2011-03-22,2761.199951171875,2761.199951171875,2698.800048828125,2714.39990234375,22,0,0.0
2011-03-23,2714.39990234375,2745.60009765625,2698.800048828125,2730.0,36,0,0.0
2011-03-24,2745.60009765625,2792.39990234375,2714.39990234375,2792.39990234375,54,0,0.0
2011-03-25,2823.60009765625,2886.0,2730.0,2823.60009765625,86,0,0.0
2011-03-28,2839.199951171875,2854.800048828125,2730.0,2792.39990234375,48,0,0.0
2011-03-29,2808.0,2839.199951171875,2745.60009765625,2792.39990234375,30,0,0.0
2011-03-30,2776.800048828125,2886.0,2745.60009765625,2886.0,72,0,0.0
2011-03-31,2886.0,2886.0,2761.199951171875,2808.0,67,0,0.0
2011-04-01,2854.800048828125,2964.0,2776.800048828125,2839.199951171875,56,0,0.0
2011-04-04,2839.199951171875,2917.199951171875,2792.39990234375,2792.39990234375,42,0,0.0
2011-04-05,2792.39990234375,2886.0,2761.199951171875,2776.800048828125,47,0,0.0
2011-04-06,2776.800048828125,2948.39990234375,2745.60009765625,2932.800048828125,75,0,0.0
2011-04-07,2932.800048828125,3120.0,2901.60009765625,3073.199951171875,145,0,0.0
2011-04-08,3244.800048828125,3307.199951171875,3073.199951171875,3229.199951171875,387,0,0.0
2011-04-11,3213.60009765625,3213.60009765625,2901.60009765625,2932.800048828125,134,0,0.0
2011-04-12,2917.199951171875,2948.39990234375,2808.0,2823.60009765625,77,0,0.0
2011-04-13,2839.199951171875,2901.60009765625,2745.60009765625,2745.60009765625,63,0,0.0
2011-04-14,2745.60009765625,2808.0,2730.0,2745.60009765625,61,0,0.0
2011-04-15,2730.0,2761.199951171875,2730.0,2730.0,95,0,0.0
2011-04-18,2698.800048828125,2714.39990234375,2652.0,2683.199951171875,58,0,0.0
2011-04-19,2698.800048828125,2792.39990234375,2652.0,2652.0,92,0,0.0
2011-04-20,2698.800048828125,3088.800048828125,2698.800048828125,2776.800048828125,202,0,0.0
2011-04-21,2823.60009765625,2839.199951171875,2714.39990234375,2808.0,50,0,0.0
2011-04-25,2792.39990234375,2901.60009765625,2698.800048828125,2870.39990234375,62,0,0.0
2011-04-26,2870.39990234375,2886.0,2776.800048828125,2792.39990234375,35,0,0.0
2011-04-27,2776.800048828125,2792.39990234375,2698.800048828125,2745.60009765625,100,0,0.0
2011-04-28,2745.60009765625,2761.199951171875,2698.800048828125,2714.39990234375,47,0,0.0
2011-04-29,2698.800048828125,2854.800048828125,2667.60009765625,2792.39990234375,129,0,0.0
2011-05-02,2776.800048828125,2792.39990234375,2605.199951171875,2636.39990234375,111,0,0.0
2011-05-03,2636.39990234375,2714.39990234375,2433.60009765625,2449.199951171875,150,0,0.0
2011-05-04,2464.800048828125,2636.39990234375,2355.60009765625,2371.199951171875,188,0,0.0
2011-05-05,2355.60009765625,2402.39990234375,2215.199951171875,2262.0,141,0,0.0
2011-05-06,2262.0,2402.39990234375,2184.0,2215.199951171875,162,0,0.0
2011-05-09,2262.0,2324.39990234375,2152.800048828125,2168.39990234375,130,0,0.0
2011-05-10,2168.39990234375,2308.800048828125,2106.0,2137.199951171875,119,0,0.0
2011-05-11,2184.0,2371.199951171875,2137.199951171875,2293.199951171875,127,0,0.0
2011-05-12,2293.199951171875,2418.0,2293.199951171875,2371.199951171875,98,0,0.0
2011-05-13,2340.0,2386.800048828125,2308.800048828125,2308.800048828125,76,0,0.0
2011-05-16,2340.0,2340.0,2215.199951171875,2215.199951171875,119,0,0.0
2011-05-17,2215.199951171875,2262.0,2137.199951171875,2137.199951171875,91,0,0.0
2011-05-18,2152.800048828125,2308.800048828125,2137.199951171875,2199.60009765625,83,0,0.0
2011-05-19,2230.800048828125,2230.800048828125,2137.199951171875,2137.199951171875,85,0,0.0
2011-05-20,2152.800048828125,2293.199951171875,2106.0,2246.39990234375,116,0,0.0
2011-05-23,2246.39990234375,2324.39990234375,2090.39990234375,2090.39990234375,118,0,0.0
2011-05-24,2090.39990234375,2246.39990234375,1950.0,1965.5999755859375,165,0,0.0
2011-05-25,1950.0,2137.199951171875,1950.0,2012.4000244140625,108,0,0.0
2011-05-26,2028.0,2106.0,1981.199951171875,2074.800048828125,93,0,0.0
2011-05-27,2028.0,2121.60009765625,2028.0,2059.199951171875,82,0,0.0
2011-05-31,2043.5999755859375,2184.0,2028.0,2137.199951171875,105,0,0.0
2011-06-01,2152.800048828125,2215.199951171875,2012.4000244140625,2012.4000244140625,122,0,0.0
2011-06-02,2028.0,2090.39990234375,1950.0,1981.199951171875,108,0,0.0
2011-06-03,1950.0,2059.199951171875,1950.0,1950.0,110,0,0.0
2011-06-06,1965.5999755859375,1981.199951171875,1747.199951171875,1747.199951171875,199,0,0.0
2011-06-07,1778.4000244140625,1965.5999755859375,1731.5999755859375,1731.5999755859375,224,0,0.0
2011-06-08,1731.5999755859375,1778.4000244140625,1653.5999755859375,1716.0,151,0,0.0
2011-06-09,1731.5999755859375,1996.800048828125,1716.0,1872.0,144,0,0.0
2011-06-10,1856.4000244140625,1981.199951171875,1840.800048828125,1903.199951171875,144,0,0.0
2011-06-13,1903.199951171875,1965.5999755859375,1778.4000244140625,1778.4000244140625,218,0,0.0
2011-06-14,1825.199951171875,1965.5999755859375,1825.199951171875,1887.5999755859375,73,0,0.0
2011-06-15,1872.0,2059.199951171875,1840.800048828125,2012.4000244140625,129,0,0.0
2011-06-16,2028.0,2308.800048828125,2028.0,2246.39990234375,149,0,0.0
2011-06-17,2262.0,2340.0,2199.60009765625,2246.39990234375,251,0,0.0
2011-06-20,2246.39990234375,2355.60009765625,2059.199951171875,2215.199951171875,116,0,0.0
2011-06-21,2262.0,2464.800048828125,2168.39990234375,2464.800048828125,147,0,0.0
2011-06-22,2496.0,2948.39990234375,2418.0,2839.199951171875,416,0,0.0
2011-06-23,2792.39990234375,2808.0,2652.0,2808.0,134,0,0.0
2011-06-24,2854.800048828125,3166.800048828125,2496.0,2589.60009765625,2464,0,0.0
2011-06-27,2589.60009765625,2761.199951171875,2293.199951171875,2449.199951171875,231,0,0.0
2011-06-28,2574.0,2574.0,2230.800048828125,2418.0,153,0,0.0
2011-06-29,2574.0,2574.0,2386.800048828125,2418.0,70,0,0.0
2011-06-30,2511.60009765625,2558.39990234375,2340.0,2340.0,80,0,0.0
2011-07-01,2340.0,2527.199951171875,2340.0,2340.0,92,0,0.0
2011-07-05,2620.800048828125,2620.800048828125,2324.39990234375,2340.0,129,0,0.0
2011-07-06,2324.39990234375,2371.199951171875,2277.60009765625,2293.199951171875,94,0,0.0
2011-07-07,2277.60009765625,2293.199951171875,2152.800048828125,2184.0,167,0,0.0
2011-07-08,2168.39990234375,2262.0,2106.0,2137.199951171875,76,0,0.0
2011-07-11,2121.60009765625,2152.800048828125,2028.0,2106.0,71,0,0.0
2011-07-12,2106.0,2199.60009765625,2028.0,2152.800048828125,64,0,0.0
2011-07-13,2152.800048828125,2184.0,2106.0,2137.199951171875,148,0,0.0
2011-07-14,2199.60009765625,2340.0,2152.800048828125,2340.0,93,0,0.0
2011-07-15,2355.60009765625,2355.60009765625,2246.39990234375,2262.0,97,0,0.0
2011-07-18,2262.0,2340.0,2184.0,2340.0,16,0,0.0
2011-07-19,2340.0,2355.60009765625,2199.60009765625,2230.800048828125,55,0,0.0
2011-07-20,2199.60009765625,2277.60009765625,2121.60009765625,2184.0,66,0,0.0
2011-07-21,2184.0,2262.0,2168.39990234375,2215.199951171875,55,0,0.0
2011-07-22,2230.800048828125,2262.0,2121.60009765625,2152.800048828125,55,0,0.0
2011-07-25,2215.199951171875,2215.199951171875,2059.199951171875,2074.800048828125,61,0,0.0
2011-07-26,2106.0,2152.800048828125,2012.4000244140625,2012.4000244140625,87,0,0.0
2011-07-27,2028.0,2043.5999755859375,1856.4000244140625,1872.0,92,0,0.0
2011-07-28,1872.0,1981.199951171875,1762.800048828125,1794.0,108,0,0.0
2011-07-29,1794.0,1856.4000244140625,1778.4000244140625,1778.4000244140625,91,0,0.0
2011-08-01,1825.199951171875,2215.199951171875,1778.4000244140625,2121.60009765625,98,0,0.0
2011-08-02,2168.39990234375,2215.199951171875,1887.5999755859375,1887.5999755859375,117,0,0.0
2011-08-03,2028.0,2168.39990234375,1903.199951171875,1918.800048828125,127,0,0.0
2011-08-04,1809.5999755859375,1903.199951171875,1778.4000244140625,1794.0,95,0,0.0
2011-08-05,1794.0,1903.199951171875,1778.4000244140625,1825.199951171875,46,0,0.0
2011-08-08,1794.0,1872.0,1622.4000244140625,1684.800048828125,101,0,0.0
2011-08-09,1653.5999755859375,1809.5999755859375,1622.4000244140625,1716.0,80,0,0.0
2011-08-10,2277.60009765625,2277.60009765625,1684.800048828125,1794.0,86,0,0.0
2011-08-11,1872.0,1996.800048828125,1809.5999755859375,1825.199951171875,31,0,0.0
2011-08-12,1825.199951171875,1950.0,1825.199951171875,1887.5999755859375,22,0,0.0
2011-08-15,1887.5999755859375,2012.4000244140625,1887.5999755859375,1887.5999755859375,29,0,0.0
2011-08-16,1887.5999755859375,1918.800048828125,1794.0,1794.0,27,0,0.0
2011-08-17,1794.0,1950.0,1794.0,1809.5999755859375,32,0,0.0
2011-08-18,1794.0,1872.0,1794.0,1794.0,65,0,0.0
2011-08-19,1794.0,1872.0,1794.0,1794.0,55,0,0.0
2011-08-22,1809.5999755859375,1856.4000244140625,1700.4000244140625,1762.800048828125,41,0,0.0
2011-08-23,1762.800048828125,1950.0,1716.0,1809.5999755859375,15,0,0.0
2011-08-24,1809.5999755859375,1918.800048828125,1747.199951171875,1856.4000244140625,22,0,0.0
2011-08-25,1934.4000244140625,1950.0,1809.5999755859375,1856.4000244140625,28,0,0.0
2011-08-26,1840.800048828125,1934.4000244140625,1794.0,1794.0,22,0,0.0
2011-08-29,1856.4000244140625,1934.4000244140625,1856.4000244140625,1903.199951171875,41,0,0.0
2011-08-30,1918.800048828125,1981.199951171875,1794.0,1903.199951171875,106,0,0.0
2011-08-31,1965.5999755859375,2074.800048828125,1872.0,1996.800048828125,84,0,0.0
2011-09-01,1965.5999755859375,1981.199951171875,1903.199951171875,1903.199951171875,42,0,0.0
2011-09-02,1872.0,1981.199951171875,1840.800048828125,1934.4000244140625,50,0,0.0
2011-09-06,2090.39990234375,2090.39990234375,1918.800048828125,1996.800048828125,44,0,0.0
2011-09-07,2012.4000244140625,2106.0,2012.4000244140625,2059.199951171875,33,0,0.0
2011-09-08,2012.4000244140625,2059.199951171875,1825.199951171875,1965.5999755859375,24,0,0.0
2011-09-09,1996.800048828125,1996.800048828125,1918.800048828125,1934.4000244140625,27,0,0.0
2011-09-12,1981.199951171875,1981.199951171875,1903.199951171875,1950.0,28,0,0.0
2011-09-13,1934.4000244140625,2028.0,1934.4000244140625,2012.4000244140625,52,0,0.0
2011-09-14,2262.0,2308.800048828125,1996.800048828125,2293.199951171875,113,0,0.0
2011-09-15,2308.800048828125,2308.800048828125,2215.199951171875,2230.800048828125,33,0,0.0
2011-09-16,2246.39990234375,2340.0,2215.199951171875,2340.0,31,0,0.0
2011-09-19,2464.800048828125,2464.800048828125,2277.60009765625,2371.199951171875,93,0,0.0
2011-09-20,2402.39990234375,2464.800048828125,2308.800048828125,2386.800048828125,58,0,0.0
2011-09-21,2355.60009765625,2402.39990234375,2308.800048828125,2371.199951171875,36,0,0.0
2011-09-22,2246.39990234375,2371.199951171875,2246.39990234375,2324.39990234375,69,0,0.0
2011-09-23,2371.199951171875,2449.199951171875,2340.0,2402.39990234375,90,0,0.0
2011-09-26,2433.60009765625,2433.60009765625,2215.199951171875,2262.0,54,0,0.0
2011-09-27,2262.0,2262.0,2028.0,2106.0,159,0,0.0
2011-09-28,2121.60009765625,2137.199951171875,2012.4000244140625,2012.4000244140625,179,0,0.0
2011-09-29,2028.0,2106.0,1981.199951171875,2028.0,30,0,0.0
2011-09-30,2074.800048828125,2106.0,2012.4000244140625,2028.0,44,0,0.0
2011-10-03,2043.5999755859375,2043.5999755859375,1716.0,1840.800048828125,63,0,0.0
2011-10-04,1856.4000244140625,2168.39990234375,1809.5999755859375,2168.39990234375,74,0,0.0
2011-10-05,2262.0,2496.0,2152.800048828125,2152.800048828125,62,0,0.0
2011-10-06,2152.800048828125,2184.0,2074.800048828125,2137.199951171875,19,0,0.0
2011-10-07,2496.0,2496.0,1934.4000244140625,2090.39990234375,46,0,0.0
2011-10-10,2090.39990234375,2090.39990234375,1981.199951171875,2028.0,16,0,0.0
2011-10-11,2012.4000244140625,2137.199951171875,1872.0,1996.800048828125,42,0,0.0
2011-10-12,2106.0,2184.0,1996.800048828125,2152.800048828125,35,0,0.0
2011-10-13,2184.0,2184.0,1996.800048828125,2074.800048828125,38,0,0.0
2011-10-14,2106.0,2106.0,1950.0,1950.0,27,0,0.0
2011-10-17,1965.5999755859375,2043.5999755859375,1950.0,2043.5999755859375,15,0,0.0
2011-10-18,1981.199951171875,2074.800048828125,1918.800048828125,1981.199951171875,43,0,0.0
2011-10-19,2028.0,2059.199951171875,1950.0,1965.5999755859375,35,0,0.0
2011-10-20,1996.800048828125,2137.199951171875,1872.0,1903.199951171875,16,0,0.0
2011-10-21,1918.800048828125,1981.199951171875,1903.199951171875,1918.800048828125,11,0,0.0
2011-10-24,1981.199951171875,2137.199951171875,1872.0,2028.0,71,0,0.0
2011-10-25,2121.60009765625,2121.60009765625,2028.0,2028.0,35,0,0.0
2011-10-26,2028.0,2106.0,2028.0,2059.199951171875,26,0,0.0
2011-10-27,2074.800048828125,2106.0,1996.800048828125,2090.39990234375,55,0,0.0
2011-10-28,2074.800048828125,2106.0,2028.0,2106.0,38,0,0.0
2011-10-31,2106.0,2106.0,2028.0,2059.199951171875,37,0,0.0
2011-11-01,1872.0,2028.0,1872.0,2012.4000244140625,49,0,0.0
2011-11-02,2028.0,2059.199951171875,1965.5999755859375,1996.800048828125,23,0,0.0
2011-11-03,2028.0,2059.199951171875,1965.5999755859375,2043.5999755859375,10,0,0.0
2011-11-04,2043.5999755859375,2043.5999755859375,1981.199951171875,1981.199951171875,15,0,0.0
2011-11-07,1950.0,2012.4000244140625,1887.5999755859375,1918.800048828125,36,0,0.0
2011-11-08,1934.4000244140625,2012.4000244140625,1903.199951171875,1996.800048828125,23,0,0.0
2011-11-09,1934.4000244140625,1981.199951171875,1887.5999755859375,1965.5999755859375,36,0,0.0
2011-11-10,1934.4000244140625,1950.0,1856.4000244140625,1918.800048828125,29,0,0.0
2011-11-11,1950.0,2028.0,1887.5999755859375,1950.0,60,0,0.0
2011-11-14,1996.800048828125,1996.800048828125,1872.0,1903.199951171875,43,0,0.0
2011-11-15,1887.5999755859375,1918.800048828125,1809.5999755859375,1840.800048828125,52,0,0.0
2011-11-16,1856.4000244140625,1856.4000244140625,1731.5999755859375,1747.199951171875,64,0,0.0
2011-11-17,1825.199951171875,1825.199951171875,1731.5999755859375,1762.800048828125,40,0,0.0
2011-11-18,1856.4000244140625,1856.4000244140625,1700.4000244140625,1762.800048828125,64,0,0.0
2011-11-21,1840.800048828125,1872.0,1762.800048828125,1840.800048828125,48,0,0.0
2011-11-22,1809.5999755859375,1872.0,1762.800048828125,1778.4000244140625,36,0,0.0
2011-11-23,1809.5999755859375,1809.5999755859375,1669.199951171875,1684.800048828125,86,0,0.0
2011-11-25,1700.4000244140625,1700.4000244140625,1622.4000244140625,1669.199951171875,18,0,0.0
2011-11-28,1716.0,1762.800048828125,1669.199951171875,1684.800048828125,39,0,0.0
2011-11-29,1731.5999755859375,1762.800048828125,1638.0,1716.0,24,0,0.0
2011-11-30,1716.0,1840.800048828125,1716.0,1825.199951171875,43,0,0.0
2011-12-01,1731.5999755859375,1872.0,1700.4000244140625,1778.4000244140625,53,0,0.0
2011-12-02,1778.4000244140625,1794.0,1669.199951171875,1700.4000244140625,71,0,0.0
2011-12-05,1700.4000244140625,1700.4000244140625,1560.0,1560.0,87,0,0.0
2011-12-06,1606.800048828125,1638.0,1544.4000244140625,1622.4000244140625,114,0,0.0
2011-12-07,1606.800048828125,1653.5999755859375,1560.0,1591.199951171875,50,0,0.0
2011-12-08,1606.800048828125,1622.4000244140625,1560.0,1575.5999755859375,33,0,0.0
2011-12-09,1622.4000244140625,1638.0,1560.0,1591.199951171875,51,0,0.0
2011-12-12,1591.199951171875,1606.800048828125,1560.0,1606.800048828125,43,0,0.0
2011-12-13,1575.5999755859375,1575.5999755859375,1528.800048828125,1575.5999755859375,69,0,0.0
2011-12-14,1544.4000244140625,1606.800048828125,1513.199951171875,1606.800048828125,76,0,0.0
2011-12-15,1575.5999755859375,1638.0,1575.5999755859375,1591.199951171875,26,0,0.0
2011-12-16,1606.800048828125,1638.0,1560.0,1638.0,35,0,0.0
2011-12-19,1622.4000244140625,1638.0,1560.0,1575.5999755859375,27,0,0.0
2011-12-20,1544.4000244140625,1638.0,1544.4000244140625,1544.4000244140625,44,0,0.0
2011-12-21,1544.4000244140625,1575.5999755859375,1513.199951171875,1528.800048828125,53,0,0.0
2011-12-22,1528.800048828125,1528.800048828125,1419.5999755859375,1528.800048828125,60,0,0.0
2011-12-23,1497.5999755859375,1513.199951171875,1372.800048828125,1482.0,80,0,0.0
2011-12-27,1450.800048828125,1560.0,1419.5999755859375,1466.4000244140625,78,0,0.0
2011-12-28,1435.199951171875,1482.0,1341.5999755859375,1482.0,153,0,0.0
2011-12-29,1466.4000244140625,1482.0,1388.4000244140625,1388.4000244140625,119,0,0.0
2011-12-30,1404.0,1513.199951171875,1388.4000244140625,1513.199951171875,91,0,0.0
2012-01-03,1482.0,1560.0,1419.5999755859375,1560.0,44,0,0.0
2012-01-04,1528.800048828125,1591.199951171875,1482.0,1575.5999755859375,29,0,0.0
2012-01-05,1544.4000244140625,1638.0,1528.800048828125,1560.0,45,0,0.0
2012-01-06,1560.0,1606.800048828125,1513.199951171875,1528.800048828125,18,0,0.0
2012-01-09,1560.0,1575.5999755859375,1513.199951171875,1544.4000244140625,22,0,0.0
2012-01-10,1560.0,1950.0,1560.0,1716.0,163,0,0.0
2012-01-11,1762.800048828125,1809.5999755859375,1606.800048828125,1606.800048828125,59,0,0.0
2012-01-12,1653.5999755859375,1778.4000244140625,1622.4000244140625,1622.4000244140625,26,0,0.0
2012-01-13,1638.0,1716.0,1591.199951171875,1653.5999755859375,27,0,0.0
2012-01-17,1731.5999755859375,1762.800048828125,1638.0,1716.0,48,0,0.0
2012-01-18,1716.0,1778.4000244140625,1700.4000244140625,1716.0,13,0,0.0
2012-01-19,1591.199951171875,1700.4000244140625,1591.199951171875,1606.800048828125,22,0,0.0
2012-01-20,1638.0,1684.800048828125,1638.0,1653.5999755859375,16,0,0.0
2012-01-23,1653.5999755859375,1716.0,1544.4000244140625,1544.4000244140625,49,0,0.0
2012-01-24,1528.800048828125,1638.0,1528.800048828125,1622.4000244140625,16,0,0.0
2012-01-25,1575.5999755859375,1638.0,1575.5999755859375,1575.5999755859375,18,0,0.0
2012-01-26,1606.800048828125,1684.800048828125,1528.800048828125,1528.800048828125,42,0,0.0
2012-01-27,1606.800048828125,1669.199951171875,1528.800048828125,1575.5999755859375,112,0,0.0
2012-01-30,1606.800048828125,1606.800048828125,1528.800048828125,1560.0,29,0,0.0
2012-01-31,1591.199951171875,1669.199951171875,1575.5999755859375,1606.800048828125,26,0,0.0
2012-02-01,1653.5999755859375,1653.5999755859375,1575.5999755859375,1606.800048828125,34,0,0.0
2012-02-02,1638.0,1638.0,1482.0,1591.199951171875,41,0,0.0
2012-02-03,1575.5999755859375,1622.4000244140625,1560.0,1591.199951171875,53,0,0.0
2012-02-06,1544.4000244140625,1716.0,1544.4000244140625,1700.4000244140625,145,0,0.0
2012-02-07,1731.5999755859375,1856.4000244140625,1653.5999755859375,1856.4000244140625,110,0,0.0
2012-02-08,1840.800048828125,1856.4000244140625,1731.5999755859375,1809.5999755859375,70,0,0.0
2012-02-09,1809.5999755859375,1856.4000244140625,1778.4000244140625,1856.4000244140625,60,0,0.0
2012-02-10,1872.0,1887.5999755859375,1794.0,1887.5999755859375,84,0,0.0
2012-02-13,2028.0,2028.0,1887.5999755859375,1950.0,138,0,0.0
2012-02-14,1950.0,1950.0,1794.0,1856.4000244140625,73,0,0.0
2012-02-15,1950.0,1965.5999755859375,1747.199951171875,1809.5999755859375,92,0,0.0
2012-02-16,1825.199951171875,1856.4000244140625,1762.800048828125,1809.5999755859375,76,0,0.0
2012-02-17,1778.4000244140625,1934.4000244140625,1747.199951171875,1856.4000244140625,70,0,0.0
2012-02-21,1809.5999755859375,1934.4000244140625,1809.5999755859375,1825.199951171875,85,0,0.0
2012-02-22,1794.0,1825.199951171875,1778.4000244140625,1825.199951171875,17,0,0.0
2012-02-23,1825.199951171875,1872.0,1762.800048828125,1809.5999755859375,42,0,0.0
2012-02-24,1825.199951171875,1903.199951171875,1778.4000244140625,1825.199951171875,28,0,0.0
2012-02-27,1887.5999755859375,1887.5999755859375,1794.0,1825.199951171875,102,0,0.0
2012-02-28,1840.800048828125,1887.5999755859375,1809.5999755859375,1825.199951171875,64,0,0.0
2012-02-29,1809.5999755859375,1840.800048828125,1778.4000244140625,1794.0,33,0,0.0
2012-03-01,1778.4000244140625,1856.4000244140625,1778.4000244140625,1778.4000244140625,70,0,0.0
2012-03-02,1778.4000244140625,1840.800048828125,1778.4000244140625,1794.0,47,0,0.0
2012-03-05,1794.0,1856.4000244140625,1762.800048828125,1794.0,66,0,0.0
2012-03-06,1794.0,1825.199951171875,1762.800048828125,1825.199951171875,98,0,0.0
2012-03-07,1825.199951171875,1825.199951171875,1762.800048828125,1794.0,54,0,0.0
2012-03-08,1809.5999755859375,1825.199951171875,1778.4000244140625,1809.5999755859375,33,0,0.0
2012-03-09,1809.5999755859375,1856.4000244140625,1762.800048828125,1794.0,144,0,0.0
2012-03-12,1778.4000244140625,1840.800048828125,1778.4000244140625,1778.4000244140625,43,0,0.0
2012-03-13,1778.4000244140625,1809.5999755859375,1762.800048828125,1778.4000244140625,32,0,0.0
2012-03-14,1794.0,1825.199951171875,1778.4000244140625,1809.5999755859375,33,0,0.0
2012-03-15,1825.199951171875,1825.199951171875,1762.800048828125,1809.5999755859375,46,0,0.0
2012-03-16,1778.4000244140625,1809.5999755859375,1762.800048828125,1809.5999755859375,53,0,0.0
2012-03-19,1809.5999755859375,1809.5999755859375,1747.199951171875,1778.4000244140625,91,0,0.0
2012-03-20,1747.199951171875,1794.0,1747.199951171875,1778.4000244140625,19,0,0.0
2012-03-21,1794.0,1809.5999755859375,1747.199951171875,1778.4000244140625,61,0,0.0
2012-03-22,1778.4000244140625,1794.0,1762.800048828125,1778.4000244140625,17,0,0.0
2012-03-23,1778.4000244140625,1794.0,1747.199951171875,1747.199951171875,55,0,0.0
2012-03-26,1794.0,1794.0,1716.0,1716.0,80,0,0.0
2012-03-27,1684.800048828125,1762.800048828125,1638.0,1638.0,58,0,0.0
2012-03-28,1653.5999755859375,1794.0,1653.5999755859375,1684.800048828125,39,0,0.0
2012-03-29,1700.4000244140625,1716.0,1638.0,1716.0,19,0,0.0
2012-03-30,1731.5999755859375,1794.0,1716.0,1747.199951171875,29,0,0.0
2012-04-02,1794.0,1872.0,1747.199951171875,1778.4000244140625,77,0,0.0
2012-04-03,1794.0,1825.199951171875,1762.800048828125,1778.4000244140625,16,0,0.0
2012-04-04,1762.800048828125,1794.0,1747.199951171875,1794.0,8,0,0.0
2012-04-05,1778.4000244140625,1809.5999755859375,1747.199951171875,1778.4000244140625,24,0,0.0
2012-04-09,1762.800048828125,1778.4000244140625,1731.5999755859375,1762.800048828125,10,0,0.0
2012-04-10,1762.800048828125,1794.0,1653.5999755859375,1669.199951171875,44,0,0.0
2012-04-11,1684.800048828125,1731.5999755859375,1684.800048828125,1700.4000244140625,28,0,0.0
2012-04-12,1653.5999755859375,1731.5999755859375,1653.5999755859375,1669.199951171875,18,0,0.0
2012-04-13,1669.199951171875,1731.5999755859375,1653.5999755859375,1684.800048828125,14,0,0.0
2012-04-16,1669.199951171875,1716.0,1575.5999755859375,1653.5999755859375,60,0,0.0
2012-04-17,1622.4000244140625,1653.5999755859375,1575.5999755859375,1638.0,41,0,0.0
2012-04-18,1591.199951171875,1638.0,1591.199951171875,1606.800048828125,10,0,0.0
2012-04-19,1622.4000244140625,1622.4000244140625,1560.0,1606.800048828125,22,0,0.0
2012-04-20,1606.800048828125,1606.800048828125,1575.5999755859375,1606.800048828125,24,0,0.0
2012-04-23,1560.0,1622.4000244140625,1560.0,1606.800048828125,61,0,0.0
2012-04-24,1544.4000244140625,1606.800048828125,1544.4000244140625,1591.199951171875,34,0,0.0
2012-04-25,1591.199951171875,1638.0,1591.199951171875,1622.4000244140625,8,0,0.0
2012-04-26,1622.4000244140625,1622.4000244140625,1544.4000244140625,1575.5999755859375,28,0,0.0
2012-04-27,1560.0,1606.800048828125,1544.4000244140625,1591.199951171875,33,0,0.0
2012-04-30,1591.199951171875,1606.800048828125,1544.4000244140625,1544.4000244140625,69,0,0.0
2012-05-01,1528.800048828125,1606.800048828125,1419.5999755859375,1497.5999755859375,18,0,0.0
2012-05-02,1497.5999755859375,1575.5999755859375,1435.199951171875,1528.800048828125,38,0,0.0
2012-05-03,1560.0,1560.0,1435.199951171875,1497.5999755859375,41,0,0.0
2012-05-04,1528.800048828125,1528.800048828125,1450.800048828125,1497.5999755859375,15,0,0.0
2012-05-07,1497.5999755859375,1528.800048828125,1450.800048828125,1497.5999755859375,33,0,0.0
2012-05-08,1482.0,1513.199951171875,1482.0,1497.5999755859375,24,0,0.0
2012-05-09,1497.5999755859375,1528.800048828125,1450.800048828125,1513.199951171875,28,0,0.0
2012-05-10,1466.4000244140625,1528.800048828125,1450.800048828125,1528.800048828125,16,0,0.0
2012-05-11,1482.0,1513.199951171875,1435.199951171875,1513.199951171875,53,0,0.0
2012-05-14,1497.5999755859375,1528.800048828125,1466.4000244140625,1482.0,22,0,0.0
2012-05-15,1497.5999755859375,1497.5999755859375,1435.199951171875,1450.800048828125,28,0,0.0
2012-05-16,1482.0,1497.5999755859375,1404.0,1466.4000244140625,58,0,0.0
2012-05-17,1482.0,1482.0,1341.5999755859375,1404.0,34,0,0.0
2012-05-18,1357.199951171875,1435.199951171875,1357.199951171875,1419.5999755859375,24,0,0.0
2012-05-21,1263.5999755859375,1404.0,1248.0,1404.0,61,0,0.0
2012-05-22,1372.800048828125,1435.199951171875,1326.0,1404.0,28,0,0.0
2012-05-23,1372.800048828125,1482.0,1372.800048828125,1419.5999755859375,27,0,0.0
2012-05-24,1450.800048828125,1513.199951171875,1435.199951171875,1482.0,42,0,0.0
2012-05-25,1450.800048828125,1528.800048828125,1450.800048828125,1466.4000244140625,31,0,0.0
2012-05-29,1497.5999755859375,1497.5999755859375,1419.5999755859375,1419.5999755859375,26,0,0.0
2012-05-30,1450.800048828125,1450.800048828125,1388.4000244140625,1435.199951171875,41,0,0.0
2012-05-31,1404.0,1544.4000244140625,1372.800048828125,1544.4000244140625,32,0,0.0
2012-06-01,1482.0,1482.0,1404.0,1450.800048828125,29,0,0.0
2012-06-04,1482.0,1482.0,1419.5999755859375,1435.199951171875,23,0,0.0
2012-06-05,1419.5999755859375,1466.4000244140625,1372.800048828125,1450.800048828125,15,0,0.0
2012-06-06,1435.199951171875,1450.800048828125,1388.4000244140625,1419.5999755859375,46,0,0.0
2012-06-07,1419.5999755859375,1435.199951171875,1372.800048828125,1404.0,24,0,0.0
2012-06-08,1419.5999755859375,1435.199951171875,1404.0,1435.199951171875,26,0,0.0
2012-06-11,1404.0,1466.4000244140625,1404.0,1419.5999755859375,27,0,0.0
2012-06-12,1404.0,1450.800048828125,1388.4000244140625,1388.4000244140625,17,0,0.0
2012-06-13,1404.0,1435.199951171875,1388.4000244140625,1435.199951171875,26,0,0.0
2012-06-14,1435.199951171875,1435.199951171875,1372.800048828125,1404.0,36,0,0.0
2012-06-15,1372.800048828125,1404.0,1357.199951171875,1404.0,21,0,0.0
2012-06-18,1357.199951171875,1404.0,1357.199951171875,1372.800048828125,18,0,0.0
2012-06-19,1326.0,1372.800048828125,1279.199951171875,1279.199951171875,61,0,0.0
2012-06-20,1263.5999755859375,1341.5999755859375,1263.5999755859375,1279.199951171875,39,0,0.0
2012-06-21,1279.199951171875,1372.800048828125,1248.0,1341.5999755859375,44,0,0.0
2012-06-22,1294.800048828125,1404.0,1263.5999755859375,1341.5999755859375,198,0,0.0
2012-06-25,1248.0,1326.0,1029.5999755859375,1185.5999755859375,98,0,0.0
2012-06-26,1170.0,1357.199951171875,1170.0,1326.0,119,0,0.0
2012-06-27,1341.5999755859375,1341.5999755859375,1232.4000244140625,1263.5999755859375,113,0,0.0
2012-06-28,1248.0,1357.199951171875,1232.4000244140625,1341.5999755859375,33,0,0.0
2012-06-29,1326.0,1450.800048828125,1326.0,1435.199951171875,108,0,0.0
2012-07-02,1482.0,1575.5999755859375,1450.800048828125,1482.0,81,0,0.0
2012-07-03,1435.199951171875,1560.0,1404.0,1560.0,54,0,0.0
2012-07-05,1560.0,1560.0,1513.199951171875,1560.0,34,0,0.0
2012-07-06,1575.5999755859375,1575.5999755859375,1482.0,1560.0,26,0,0.0
2012-07-09,1560.0,1560.0,1497.5999755859375,1528.800048828125,35,0,0.0
2012-07-10,1528.800048828125,1544.4000244140625,1466.4000244140625,1497.5999755859375,13,0,0.0
2012-07-11,1497.5999755859375,1528.800048828125,1435.199951171875,1497.5999755859375,17,0,0.0
2012-07-12,1388.4000244140625,1482.0,1388.4000244140625,1419.5999755859375,46,0,0.0
2012-07-13,1482.0,1513.199951171875,1404.0,1482.0,23,0,0.0
2012-07-16,1482.0,1497.5999755859375,1450.800048828125,1466.4000244140625,19,0,0.0
2012-07-17,1466.4000244140625,1560.0,1466.4000244140625,1544.4000244140625,116,0,0.0
2012-07-18,1513.199951171875,1528.800048828125,1419.5999755859375,1482.0,78,0,0.0
2012-07-19,1482.0,1497.5999755859375,1419.5999755859375,1466.4000244140625,26,0,0.0
2012-07-20,1466.4000244140625,1466.4000244140625,1419.5999755859375,1435.199951171875,7,0,0.0
2012-07-23,1450.800048828125,1513.199951171875,1404.0,1450.800048828125,63,0,0.0
2012-07-24,1450.800048828125,1450.800048828125,1310.4000244140625,1435.199951171875,31,0,0.0
2012-07-25,1419.5999755859375,1450.800048828125,1419.5999755859375,1435.199951171875,22,0,0.0
2012-07-26,1482.0,1544.4000244140625,1435.199951171875,1513.199951171875,112,0,0.0
2012-07-27,1544.4000244140625,1544.4000244140625,1482.0,1513.199951171875,36,0,0.0
2012-07-30,1528.800048828125,1528.800048828125,1404.0,1513.199951171875,34,0,0.0
2012-07-31,1513.199951171875,1513.199951171875,1419.5999755859375,1450.800048828125,28,0,0.0
2012-08-01,1450.800048828125,1482.0,1404.0,1450.800048828125,38,0,0.0
2012-08-02,1404.0,1466.4000244140625,1404.0,1404.0,18,0,0.0
2012-08-03,1450.800048828125,1450.800048828125,1404.0,1419.5999755859375,10,0,0.0
2012-08-06,1419.5999755859375,1435.199951171875,1326.0,1357.199951171875,77,0,0.0
2012-08-07,1372.800048828125,1372.800048828125,1326.0,1341.5999755859375,53,0,0.0
2012-08-08,1372.800048828125,1372.800048828125,1185.5999755859375,1248.0,74,0,0.0
2012-08-09,1294.800048828125,1294.800048828125,1216.800048828125,1232.4000244140625,17,0,0.0
2012-08-10,1326.0,1326.0,1154.4000244140625,1170.0,82,0,0.0
2012-08-13,1170.0,1185.5999755859375,1138.800048828125,1170.0,28,0,0.0
2012-08-14,1216.800048828125,1248.0,1014.0,1029.5999755859375,171,0,0.0
2012-08-15,764.4000244140625,904.7999877929688,717.5999755859375,811.2000122070312,447,0,0.0
2012-08-16,811.2000122070312,842.4000244140625,764.4000244140625,764.4000244140625,216,0,0.0
2012-08-17,780.0,795.5999755859375,748.7999877929688,764.4000244140625,145,0,0.0
2012-08-20,764.4000244140625,826.7999877929688,748.7999877929688,811.2000122070312,199,0,0.0
2012-08-21,826.7999877929688,904.7999877929688,826.7999877929688,889.2000122070312,253,0,0.0
2012-08-22,858.0,904.7999877929688,826.7999877929688,889.2000122070312,111,0,0.0
2012-08-23,858.0,858.0,780.0,842.4000244140625,248,0,0.0
2012-08-24,811.2000122070312,826.7999877929688,702.0,702.0,309,0,0.0
2012-08-27,748.7999877929688,780.0,655.2000122070312,764.4000244140625,429,0,0.0
2012-08-28,826.7999877929688,826.7999877929688,780.0,811.2000122070312,201,0,0.0
2012-08-29,842.4000244140625,842.4000244140625,780.0,780.0,95,0,0.0
2012-08-30,780.0,858.0,764.4000244140625,858.0,246,0,0.0
2012-08-31,873.5999755859375,1029.5999755859375,858.0,998.4000244140625,1003,0,0.0
2012-09-04,1045.199951171875,1107.5999755859375,967.2000122070312,1045.199951171875,845,0,0.0
2012-09-05,1092.0,1092.0,951.5999755859375,967.2000122070312,350,0,0.0
2012-09-06,1014.0,1060.800048828125,982.7999877929688,1014.0,311,0,0.0
2012-09-07,1060.800048828125,1060.800048828125,982.7999877929688,1045.199951171875,124,0,0.0
2012-09-10,1060.800048828125,1482.0,1060.800048828125,1216.800048828125,1542,0,0.0
2012-09-11,1279.199951171875,1310.4000244140625,1060.800048828125,1232.4000244140625,2324,0,0.0
2012-09-12,1419.5999755859375,1560.0,1294.800048828125,1560.0,1829,0,0.0
2012-09-13,1591.199951171875,3057.60009765625,1560.0,2152.800048828125,10225,0,0.0
2012-09-14,1840.800048828125,2059.199951171875,1669.199951171875,1794.0,7446,0,0.0
2012-09-17,1684.800048828125,2106.0,1653.5999755859375,2043.5999755859375,2952,0,0.0
2012-09-18,2074.800048828125,2371.199951171875,1981.199951171875,2184.0,2922,0,0.0
2012-09-19,2152.800048828125,2418.0,2074.800048828125,2215.199951171875,2339,0,0.0
2012-09-20,2215.199951171875,2215.199951171875,1965.5999755859375,2028.0,1441,0,0.0
2012-09-21,2028.0,2106.0,1856.4000244140625,1965.5999755859375,913,0,0.0
2012-09-24,1856.4000244140625,1918.800048828125,1731.5999755859375,1840.800048828125,1090,0,0.0
2012-09-25,1950.0,2028.0,1856.4000244140625,1903.199951171875,682,0,0.0
2012-09-26,1872.0,1950.0,1794.0,1872.0,575,0,0.0
2012-09-27,1996.800048828125,2152.800048828125,1872.0,2028.0,1692,0,0.0
2012-09-28,2059.199951171875,2059.199951171875,1903.199951171875,1950.0,563,0,0.0
2012-10-01,1934.4000244140625,1950.0,1809.5999755859375,1840.800048828125,708,0,0.0
2012-10-02,1840.800048828125,1887.5999755859375,1638.0,1747.199951171875,1529,0,0.0
2012-10-03,1794.0,1887.5999755859375,1653.5999755859375,1778.4000244140625,1256,0,0.0
2012-10-04,1903.199951171875,2074.800048828125,1903.199951171875,1996.800048828125,2866,0,0.0
2012-10-05,2074.800048828125,2215.199951171875,1950.0,2028.0,1949,0,0.0
2012-10-08,2090.39990234375,2262.0,1918.800048828125,1996.800048828125,739,0,0.0
2012-10-09,1918.800048828125,2043.5999755859375,1809.5999755859375,1856.4000244140625,1233,0,0.0
2012-10-10,1872.0,1950.0,1731.5999755859375,1794.0,759,0,0.0
2012-10-11,1778.4000244140625,1809.5999755859375,1716.0,1762.800048828125,600,0,0.0
2012-10-12,1731.5999755859375,1762.800048828125,1684.800048828125,1716.0,469,0,0.0
2012-10-15,1747.199951171875,1887.5999755859375,1731.5999755859375,1856.4000244140625,920,0,0.0
2012-10-16,1934.4000244140625,1950.0,1638.0,1809.5999755859375,811,0,0.0
2012-10-17,1887.5999755859375,1918.800048828125,1778.4000244140625,1794.0,576,0,0.0
2012-10-18,1778.4000244140625,1809.5999755859375,1747.199951171875,1778.4000244140625,248,0,0.0
2012-10-19,1762.800048828125,1778.4000244140625,1716.0,1747.199951171875,296,0,0.0
2012-10-22,1747.199951171875,1747.199951171875,1684.800048828125,1700.4000244140625,298,0,0.0
2012-10-23,1684.800048828125,1700.4000244140625,1591.199951171875,1669.199951171875,703,0,0.0
2012-10-24,1700.4000244140625,1700.4000244140625,1591.199951171875,1622.4000244140625,217,0,0.0
2012-10-25,1622.4000244140625,1684.800048828125,1560.0,1575.5999755859375,447,0,0.0
2012-10-26,1560.0,1606.800048828125,1466.4000244140625,1513.199951171875,516,0,0.0
2012-10-31,1466.4000244140625,1544.4000244140625,1372.800048828125,1404.0,342,0,0.0
2012-11-01,1404.0,1466.4000244140625,1388.4000244140625,1404.0,185,0,0.0
2012-11-02,1419.5999755859375,1482.0,1404.0,1435.199951171875,165,0,0.0
2012-11-05,1482.0,1544.4000244140625,1435.199951171875,1513.199951171875,233,0,0.0
2012-11-06,1544.4000244140625,1669.199951171875,1528.800048828125,1653.5999755859375,261,0,0.0
2012-11-07,1638.0,1653.5999755859375,1528.800048828125,1575.5999755859375,277,0,0.0
2012-11-08,1575.5999755859375,1606.800048828125,1497.5999755859375,1544.4000244140625,227,0,0.0
2012-11-09,1513.199951171875,1716.0,1513.199951171875,1528.800048828125,178,0,0.0
2012-11-12,1528.800048828125,1560.0,1419.5999755859375,1435.199951171875,215,0,0.0
2012-11-13,1419.5999755859375,1809.5999755859375,1372.800048828125,1622.4000244140625,1654,0,0.0
2012-11-14,1560.0,1638.0,1560.0,1575.5999755859375,262,0,0.0
2012-11-15,1560.0,1606.800048828125,1482.0,1497.5999755859375,199,0,0.0
2012-11-16,1497.5999755859375,1560.0,1482.0,1544.4000244140625,142,0,0.0
2012-11-19,1544.4000244140625,1606.800048828125,1544.4000244140625,1560.0,132,0,0.0
2012-11-20,1560.0,1684.800048828125,1560.0,1606.800048828125,415,0,0.0
2012-11-21,1606.800048828125,1638.0,1575.5999755859375,1622.4000244140625,127,0,0.0
2012-11-23,1669.199951171875,1669.199951171875,1622.4000244140625,1653.5999755859375,76,0,0.0
2012-11-26,1700.4000244140625,1716.0,1622.4000244140625,1700.4000244140625,261,0,0.0
2012-11-27,1731.5999755859375,1918.800048828125,1700.4000244140625,1872.0,1105,0,0.0
2012-11-28,2012.4000244140625,2059.199951171875,1903.199951171875,1965.5999755859375,1189,0,0.0
2012-11-29,2043.5999755859375,2059.199951171875,1856.4000244140625,1965.5999755859375,512,0,0.0
2012-11-30,1965.5999755859375,1965.5999755859375,1872.0,1950.0,191,0,0.0
2012-12-03,1965.5999755859375,2371.199951171875,1918.800048828125,2324.39990234375,2810,0,0.0
2012-12-04,2386.800048828125,2449.199951171875,1794.0,1872.0,4596,0,0.0
2012-12-05,1887.5999755859375,1981.199951171875,1762.800048828125,1918.800048828125,1016,0,0.0
2012-12-06,1934.4000244140625,1934.4000244140625,1794.0,1856.4000244140625,531,0,0.0
2012-12-07,1825.199951171875,1840.800048828125,1669.199951171875,1809.5999755859375,744,0,0.0
2012-12-10,1809.5999755859375,1872.0,1716.0,1856.4000244140625,411,0,0.0
2012-12-11,1887.5999755859375,1934.4000244140625,1794.0,1887.5999755859375,345,0,0.0
2012-12-12,1887.5999755859375,1965.5999755859375,1840.800048828125,1903.199951171875,433,0,0.0
2012-12-13,1903.199951171875,1950.0,1809.5999755859375,1840.800048828125,293,0,0.0
2012-12-14,1825.199951171875,1887.5999755859375,1794.0,1840.800048828125,154,0,0.0
2012-12-17,1872.0,1872.0,1794.0,1872.0,193,0,0.0
2012-12-18,1840.800048828125,1903.199951171875,1809.5999755859375,1809.5999755859375,275,0,0.0
2012-12-19,1872.0,1872.0,1778.4000244140625,1825.199951171875,202,0,0.0
2012-12-20,1872.0,1872.0,1747.199951171875,1809.5999755859375,119,0,0.0
2012-12-21,1747.199951171875,1809.5999755859375,1684.800048828125,1762.800048828125,241,0,0.0
2012-12-24,1716.0,1778.4000244140625,1700.4000244140625,1747.199951171875,63,0,0.0
2012-12-26,1684.800048828125,1778.4000244140625,1684.800048828125,1716.0,155,0,0.0
2012-12-27,1700.4000244140625,1778.4000244140625,1684.800048828125,1747.199951171875,217,0,0.0
2012-12-28,1700.4000244140625,1747.199951171875,1700.4000244140625,1716.0,157,0,0.0
2012-12-31,1700.4000244140625,1762.800048828125,1684.800048828125,1700.4000244140625,189,0,0.0
2013-01-02,1794.0,1934.4000244140625,1700.4000244140625,1887.5999755859375,502,0,0.0
2013-01-03,1872.0,1887.5999755859375,1794.0,1887.5999755859375,262,0,0.0
2013-01-04,1887.5999755859375,2059.199951171875,1887.5999755859375,2028.0,781,0,0.0
2013-01-07,2059.199951171875,2059.199951171875,1903.199951171875,2043.5999755859375,310,0,0.0
2013-01-08,2074.800048828125,2090.39990234375,1981.199951171875,2059.199951171875,216,0,0.0
2013-01-09,2028.0,2028.0,1918.800048828125,1965.5999755859375,294,0,0.0
2013-01-10,1965.5999755859375,1996.800048828125,1809.5999755859375,1856.4000244140625,299,0,0.0
2013-01-11,1887.5999755859375,1934.4000244140625,1840.800048828125,1934.4000244140625,188,0,0.0
2013-01-14,2137.199951171875,2184.0,1996.800048828125,2012.4000244140625,1097,0,0.0
2013-01-15,2028.0,2168.39990234375,1981.199951171875,2090.39990234375,938,0,0.0
2013-01-16,2121.60009765625,2137.199951171875,2028.0,2043.5999755859375,323,0,0.0
2013-01-17,2043.5999755859375,2074.800048828125,2012.4000244140625,2074.800048828125,240,0,0.0
2013-01-18,2074.800048828125,2074.800048828125,1981.199951171875,2028.0,238,0,0.0
2013-01-22,2059.199951171875,2059.199951171875,1965.5999755859375,1996.800048828125,196,0,0.0
2013-01-23,2028.0,2028.0,1950.0,1981.199951171875,168,0,0.0
2013-01-24,2012.4000244140625,2012.4000244140625,1950.0,1981.199951171875,167,0,0.0
2013-01-25,1950.0,1981.199951171875,1918.800048828125,1965.5999755859375,173,0,0.0
2013-01-28,1965.5999755859375,2106.0,1950.0,2012.4000244140625,427,0,0.0
2013-01-29,2012.4000244140625,2028.0,1965.5999755859375,2012.4000244140625,175,0,0.0
2013-01-30,1981.199951171875,2012.4000244140625,1934.4000244140625,1981.199951171875,134,0,0.0
2013-01-31,1981.199951171875,1981.199951171875,1903.199951171875,1918.800048828125,259,0,0.0
2013-02-01,1918.800048828125,1996.800048828125,1903.199951171875,1950.0,231,0,0.0
2013-02-04,1934.4000244140625,1981.199951171875,1903.199951171875,1981.199951171875,167,0,0.0
2013-02-05,1981.199951171875,1981.199951171875,1903.199951171875,1965.5999755859375,248,0,0.0
2013-02-06,1981.199951171875,1981.199951171875,1918.800048828125,1981.199951171875,160,0,0.0
2013-02-07,1918.800048828125,1965.5999755859375,1903.199951171875,1950.0,172,0,0.0
2013-02-08,1965.5999755859375,1981.199951171875,1918.800048828125,1965.5999755859375,154,0,0.0
2013-02-11,1950.0,1965.5999755859375,1918.800048828125,1965.5999755859375,190,0,0.0
2013-02-12,1950.0,2059.199951171875,1903.199951171875,1950.0,516,0,0.0
2013-02-13,1950.0,1950.0,1840.800048828125,1856.4000244140625,340,0,0.0
2013-02-14,1856.4000244140625,1872.0,1794.0,1872.0,246,0,0.0
2013-02-15,1903.199951171875,1903.199951171875,1825.199951171875,1856.4000244140625,190,0,0.0
2013-02-19,1856.4000244140625,1887.5999755859375,1809.5999755859375,1825.199951171875,240,0,0.0
2013-02-20,1825.199951171875,1872.0,1794.0,1840.800048828125,131,0,0.0
2013-02-21,1840.800048828125,1840.800048828125,1794.0,1809.5999755859375,169,0,0.0
2013-02-22,1840.800048828125,1840.800048828125,1794.0,1794.0,110,0,0.0
2013-02-25,1809.5999755859375,1825.199951171875,1731.5999755859375,1747.199951171875,202,0,0.0
2013-02-26,1716.0,1778.4000244140625,1716.0,1731.5999755859375,120,0,0.0
2013-02-27,1731.5999755859375,1762.800048828125,1700.4000244140625,1747.199951171875,187,0,0.0
2013-02-28,1716.0,1731.5999755859375,1653.5999755859375,1653.5999755859375,168,0,0.0
2013-03-01,1606.800048828125,1716.0,1606.800048828125,1669.199951171875,163,0,0.0
2013-03-04,1716.0,1747.199951171875,1638.0,1747.199951171875,112,0,0.0
2013-03-05,1762.800048828125,1825.199951171875,1747.199951171875,1794.0,356,0,0.0
2013-03-06,1887.5999755859375,1887.5999755859375,1794.0,1825.199951171875,87,0,0.0
2013-03-07,1809.5999755859375,1996.800048828125,1794.0,1981.199951171875,523,0,0.0
2013-03-08,1950.0,2012.4000244140625,1872.0,1918.800048828125,231,0,0.0
2013-03-11,1887.5999755859375,1903.199951171875,1794.0,1825.199951171875,299,0,0.0
2013-03-12,1872.0,1872.0,1794.0,1825.199951171875,158,0,0.0
2013-03-13,1840.800048828125,1840.800048828125,1700.4000244140625,1794.0,133,0,0.0
2013-03-14,1762.800048828125,1856.4000244140625,1731.5999755859375,1840.800048828125,250,0,0.0
2013-03-15,1840.800048828125,1872.0,1762.800048828125,1825.199951171875,105,0,0.0
2013-03-18,1856.4000244140625,1872.0,1778.4000244140625,1778.4000244140625,444,0,0.0
2013-03-19,1840.800048828125,1840.800048828125,1778.4000244140625,1794.0,106,0,0.0
2013-03-20,1794.0,1809.5999755859375,1700.4000244140625,1809.5999755859375,432,0,0.0
2013-03-21,1778.4000244140625,1809.5999755859375,1731.5999755859375,1762.800048828125,210,0,0.0
2013-03-22,1762.800048828125,1778.4000244140625,1700.4000244140625,1762.800048828125,252,0,0.0
2013-03-25,1778.4000244140625,1809.5999755859375,1700.4000244140625,1747.199951171875,210,0,0.0
2013-03-26,1747.199951171875,1778.4000244140625,1716.0,1778.4000244140625,67,0,0.0
2013-03-27,1747.199951171875,1762.800048828125,1700.4000244140625,1731.5999755859375,118,0,0.0
2013-03-28,1747.199951171875,1762.800048828125,1716.0,1747.199951171875,123,0,0.0
2013-04-01,1747.199951171875,1762.800048828125,1716.0,1762.800048828125,73,0,0.0
2013-04-02,1716.0,1747.199951171875,1684.800048828125,1731.5999755859375,193,0,0.0
2013-04-03,1716.0,1747.199951171875,1684.800048828125,1684.800048828125,64,0,0.0
2013-04-04,1684.800048828125,1700.4000244140625,1606.800048828125,1684.800048828125,201,0,0.0
2013-04-05,1653.5999755859375,1716.0,1638.0,1716.0,104,0,0.0
2013-04-08,1669.199951171875,1684.800048828125,1560.0,1638.0,125,0,0.0
2013-04-09,1669.199951171875,1700.4000244140625,1622.4000244140625,1622.4000244140625,128,0,0.0
2013-04-10,1638.0,1700.4000244140625,1622.4000244140625,1700.4000244140625,132,0,0.0
2013-04-11,1716.0,1747.199951171875,1684.800048828125,1716.0,134,0,0.0
2013-04-12,1716.0,1747.199951171875,1669.199951171875,1684.800048828125,107,0,0.0
2013-04-15,1669.199951171875,1716.0,1638.0,1716.0,121,0,0.0
2013-04-16,1700.4000244140625,1747.199951171875,1638.0,1653.5999755859375,200,0,0.0
2013-04-17,1794.0,1809.5999755859375,1669.199951171875,1794.0,591,0,0.0
2013-04-18,1778.4000244140625,1794.0,1716.0,1762.800048828125,114,0,0.0
2013-04-19,1762.800048828125,1762.800048828125,1669.199951171875,1731.5999755859375,149,0,0.0
2013-04-22,1825.199951171875,1825.199951171875,1731.5999755859375,1778.4000244140625,287,0,0.0
2013-04-23,1794.0,1825.199951171875,1747.199951171875,1794.0,101,0,0.0
2013-04-24,1794.0,1996.800048828125,1731.5999755859375,1965.5999755859375,931,0,0.0
2013-04-25,2012.4000244140625,2012.4000244140625,1872.0,1903.199951171875,226,0,0.0
2013-04-26,1903.199951171875,1903.199951171875,1794.0,1872.0,192,0,0.0
2013-04-29,1903.199951171875,1918.800048828125,1840.800048828125,1887.5999755859375,153,0,0.0
2013-04-30,1872.0,1903.199951171875,1809.5999755859375,1856.4000244140625,185,0,0.0
2013-05-01,1825.199951171875,1856.4000244140625,1809.5999755859375,1840.800048828125,137,0,0.0
2013-05-02,1840.800048828125,1872.0,1809.5999755859375,1872.0,95,0,0.0
2013-05-03,1856.4000244140625,1856.4000244140625,1809.5999755859375,1840.800048828125,109,0,0.0
2013-05-06,1872.0,1872.0,1809.5999755859375,1825.199951171875,101,0,0.0
2013-05-07,1825.199951171875,1872.0,1809.5999755859375,1825.199951171875,139,0,0.0
2013-05-08,1840.800048828125,1934.4000244140625,1840.800048828125,1934.4000244140625,227,0,0.0
2013-05-09,1950.0,2059.199951171875,1918.800048828125,2059.199951171875,951,0,0.0
2013-05-10,2059.199951171875,2074.800048828125,1996.800048828125,2012.4000244140625,218,0,0.0
2013-05-13,2012.4000244140625,2090.39990234375,1996.800048828125,2074.800048828125,463,0,0.0
2013-05-14,2090.39990234375,2215.199951171875,2074.800048828125,2168.39990234375,945,0,0.0
2013-05-15,2152.800048828125,2168.39990234375,1950.0,2028.0,521,0,0.0
2013-05-16,2012.4000244140625,2340.0,1996.800048828125,2262.0,1149,0,0.0
2013-05-17,2371.199951171875,2480.39990234375,2184.0,2324.39990234375,1368,0,0.0
2013-05-20,2433.60009765625,2464.800048828125,2137.199951171875,2262.0,745,0,0.0
2013-05-21,2371.199951171875,2371.199951171875,2152.800048828125,2230.800048828125,443,0,0.0
2013-05-22,2277.60009765625,2308.800048828125,2184.0,2230.800048828125,516,0,0.0
2013-05-23,2246.39990234375,2262.0,2152.800048828125,2246.39990234375,237,0,0.0
2013-05-24,2246.39990234375,2277.60009765625,2168.39990234375,2184.0,323,0,0.0
2013-05-28,2246.39990234375,2246.39990234375,2168.39990234375,2184.0,287,0,0.0
2013-05-29,2184.0,2199.60009765625,2137.199951171875,2168.39990234375,269,0,0.0
2013-05-30,2137.199951171875,2246.39990234375,2090.39990234375,2199.60009765625,543,0,0.0
2013-05-31,2262.0,2371.199951171875,2184.0,2371.199951171875,860,0,0.0
2013-06-03,2386.800048828125,2402.39990234375,2262.0,2355.60009765625,323,0,0.0
2013-06-04,2340.0,2371.199951171875,2262.0,2293.199951171875,221,0,0.0
2013-06-05,2277.60009765625,2308.800048828125,2230.800048828125,2246.39990234375,119,0,0.0
2013-06-06,2277.60009765625,2277.60009765625,2152.800048828125,2215.199951171875,171,0,0.0
2013-06-07,2246.39990234375,2308.800048828125,2152.800048828125,2308.800048828125,183,0,0.0
2013-06-10,2340.0,2464.800048828125,2308.800048828125,2386.800048828125,708,0,0.0
2013-06-11,2386.800048828125,2386.800048828125,2246.39990234375,2386.800048828125,273,0,0.0
2013-06-12,2386.800048828125,2386.800048828125,2246.39990234375,2371.199951171875,339,0,0.0
2013-06-13,2340.0,2371.199951171875,2262.0,2340.0,351,0,0.0
2013-06-14,2340.0,2340.0,2262.0,2277.60009765625,132,0,0.0
2013-06-17,2308.800048828125,2324.39990234375,2152.800048828125,2215.199951171875,235,0,0.0
2013-06-18,2184.0,2184.0,2106.0,2168.39990234375,181,0,0.0
2013-06-19,2152.800048828125,2246.39990234375,2121.60009765625,2246.39990234375,187,0,0.0
2013-06-20,2246.39990234375,2262.0,2137.199951171875,2215.199951171875,116,0,0.0
2013-06-21,2246.39990234375,2464.800048828125,2137.199951171875,2464.800048828125,100,0,0.0
2013-06-24,2324.39990234375,2324.39990234375,2152.800048828125,2215.199951171875,216,0,0.0
2013-06-25,2199.60009765625,2262.0,2168.39990234375,2215.199951171875,99,0,0.0
2013-06-26,2215.199951171875,2246.39990234375,2137.199951171875,2137.199951171875,97,0,0.0
2013-06-27,2137.199951171875,2184.0,2137.199951171875,2168.39990234375,94,0,0.0
2013-06-28,2168.39990234375,2340.0,2137.199951171875,2324.39990234375,438,0,0.0
2013-07-01,2324.39990234375,2340.0,2246.39990234375,2277.60009765625,78,0,0.0
2013-07-02,2293.199951171875,2293.199951171875,2184.0,2246.39990234375,151,0,0.0
2013-07-03,2277.60009765625,2324.39990234375,2184.0,2277.60009765625,66,0,0.0
2013-07-05,2277.60009765625,2340.0,2246.39990234375,2308.800048828125,152,0,0.0
2013-07-08,2308.800048828125,2511.60009765625,2262.0,2496.0,1683,0,0.0
2013-07-09,2449.199951171875,2652.0,2433.60009765625,2620.800048828125,1395,0,0.0
2013-07-10,2620.800048828125,2667.60009765625,2558.39990234375,2652.0,399,0,0.0
2013-07-11,2652.0,2652.0,2511.60009765625,2558.39990234375,337,0,0.0
2013-07-12,2589.60009765625,2745.60009765625,2589.60009765625,2652.0,620,0,0.0
2013-07-15,2698.800048828125,2776.800048828125,2667.60009765625,2761.199951171875,480,0,0.0
2013-07-16,2792.39990234375,2792.39990234375,2496.0,2620.800048828125,639,0,0.0
2013-07-17,2589.60009765625,2605.199951171875,2527.199951171875,2558.39990234375,109,0,0.0
2013-07-18,2574.0,2605.199951171875,2464.800048828125,2558.39990234375,163,0,0.0
2013-07-19,2527.199951171875,2558.39990234375,2464.800048828125,2558.39990234375,183,0,0.0
2013-07-22,2636.39990234375,2636.39990234375,2480.39990234375,2558.39990234375,224,0,0.0
2013-07-23,2558.39990234375,2558.39990234375,2418.0,2496.0,259,0,0.0
2013-07-24,2464.800048828125,2480.39990234375,2418.0,2449.199951171875,149,0,0.0
2013-07-25,2449.199951171875,2464.800048828125,2386.800048828125,2386.800048828125,115,0,0.0
2013-07-26,2418.0,2449.199951171875,2386.800048828125,2418.0,237,0,0.0
2013-07-29,2418.0,2418.0,2028.0,2277.60009765625,681,0,0.0
2013-07-30,2262.0,2324.39990234375,2152.800048828125,2262.0,309,0,0.0
2013-07-31,2277.60009765625,2480.39990234375,2230.800048828125,2480.39990234375,344,0,0.0
2013-08-01,2558.39990234375,2589.60009765625,2355.60009765625,2402.39990234375,231,0,0.0
2013-08-02,2371.199951171875,2464.800048828125,2371.199951171875,2433.60009765625,129,0,0.0
2013-08-05,2464.800048828125,2464.800048828125,2402.39990234375,2464.800048828125,142,0,0.0
2013-08-06,2480.39990234375,2558.39990234375,2433.60009765625,2496.0,419,0,0.0
2013-08-07,2511.60009765625,2527.199951171875,2433.60009765625,2480.39990234375,96,0,0.0
2013-08-08,2511.60009765625,2511.60009765625,2355.60009765625,2449.199951171875,134,0,0.0
2013-08-09,2386.800048828125,2449.199951171875,2386.800048828125,2433.60009765625,117,0,0.0
2013-08-12,2449.199951171875,2449.199951171875,2355.60009765625,2371.199951171875,151,0,0.0
2013-08-13,2355.60009765625,2402.39990234375,2277.60009765625,2340.0,309,0,0.0
2013-08-14,2371.199951171875,2371.199951171875,2308.800048828125,2324.39990234375,74,0,0.0
2013-08-15,2293.199951171875,2324.39990234375,2230.800048828125,2308.800048828125,136,0,0.0
2013-08-16,2262.0,2418.0,2262.0,2371.199951171875,176,0,0.0
2013-08-19,2340.0,2464.800048828125,2308.800048828125,2418.0,201,0,0.0
2013-08-20,2464.800048828125,2496.0,2371.199951171875,2496.0,243,0,0.0
2013-08-21,2496.0,2558.39990234375,2496.0,2496.0,230,0,0.0
2013-08-22,2511.60009765625,2574.0,2496.0,2542.800048828125,274,0,0.0
2013-08-23,2558.39990234375,2683.199951171875,2542.800048828125,2667.60009765625,616,0,0.0
2013-08-26,2714.39990234375,2730.0,2574.0,2636.39990234375,427,0,0.0
2013-08-27,2683.199951171875,2683.199951171875,2496.0,2527.199951171875,231,0,0.0
2013-08-28,2527.199951171875,2620.800048828125,2418.0,2527.199951171875,204,0,0.0
2013-08-29,2496.0,2683.199951171875,2480.39990234375,2683.199951171875,379,0,0.0
2013-08-30,2667.60009765625,2714.39990234375,2605.199951171875,2652.0,442,0,0.0
2013-09-03,2605.199951171875,2636.39990234375,2511.60009765625,2558.39990234375,312,0,0.0
2013-09-04,2558.39990234375,2620.800048828125,2464.800048828125,2496.0,361,0,0.0
2013-09-05,2511.60009765625,2636.39990234375,2496.0,2589.60009765625,511,0,0.0
2013-09-06,2636.39990234375,2901.60009765625,2574.0,2886.0,878,0,0.0
2013-09-09,2932.800048828125,3494.39990234375,2886.0,3416.39990234375,2597,0,0.0
2013-09-10,3541.199951171875,3931.199951171875,3166.800048828125,3338.39990234375,4047,0,0.0
2013-09-11,3322.800048828125,3541.199951171875,3151.199951171875,3416.39990234375,1177,0,0.0
2013-09-12,3463.199951171875,3759.60009765625,3369.60009765625,3759.60009765625,1339,0,0.0
2013-09-13,3853.199951171875,4383.60009765625,3822.0,4243.2001953125,2832,0,0.0
2013-09-16,4430.39990234375,4711.2001953125,4134.0,4212.0,2901,0,0.0
2013-09-17,4212.0,4368.0,3744.0,4243.2001953125,1703,0,0.0
2013-09-18,4336.7998046875,4492.7998046875,4071.60009765625,4180.7998046875,937,0,0.0
2013-09-19,4212.0,4212.0,3946.800048828125,4009.199951171875,694,0,0.0
2013-09-20,4102.7998046875,4212.0,3915.60009765625,4024.800048828125,717,0,0.0
2013-09-23,4056.0,4056.0,3759.60009765625,3868.800048828125,780,0,0.0
2013-09-24,3868.800048828125,3884.39990234375,3603.60009765625,3712.800048828125,791,0,0.0
2013-09-25,3697.199951171875,3900.0,3603.60009765625,3900.0,516,0,0.0
2013-09-26,3931.199951171875,4352.39990234375,3915.60009765625,4352.39990234375,1092,0,0.0
2013-09-27,4352.39990234375,4633.2001953125,4305.60009765625,4492.7998046875,1056,0,0.0
2013-09-30,4492.7998046875,4492.7998046875,4212.0,4227.60009765625,621,0,0.0
2013-10-01,4212.0,4290.0,3962.39990234375,4196.39990234375,775,0,0.0
2013-10-02,4149.60009765625,4274.39990234375,4071.60009765625,4087.199951171875,385,0,0.0
2013-10-03,4040.39990234375,4118.39990234375,3775.199951171875,3931.199951171875,711,0,0.0
2013-10-04,3946.800048828125,4009.199951171875,3837.60009765625,3868.800048828125,300,0,0.0
2013-10-07,3822.0,3868.800048828125,3744.0,3853.199951171875,355,0,0.0
2013-10-08,3822.0,3822.0,3432.0,3447.60009765625,913,0,0.0
2013-10-09,3541.199951171875,4071.60009765625,3229.199951171875,3900.0,1149,0,0.0
2013-10-10,4212.0,4290.0,3915.60009765625,4118.39990234375,1047,0,0.0
2013-10-11,4087.199951171875,4165.2001953125,3946.800048828125,4040.39990234375,343,0,0.0
2013-10-14,4024.800048828125,4040.39990234375,3900.0,3915.60009765625,309,0,0.0
2013-10-15,3978.0,4024.800048828125,3744.0,3884.39990234375,319,0,0.0
2013-10-16,3931.199951171875,4040.39990234375,3806.39990234375,3931.199951171875,428,0,0.0
2013-10-17,3978.0,3978.0,3790.800048828125,3868.800048828125,381,0,0.0
2013-10-18,3884.39990234375,3900.0,3634.800048828125,3744.0,539,0,0.0
2013-10-21,3744.0,3744.0,3525.60009765625,3603.60009765625,491,0,0.0
2013-10-22,3572.39990234375,3603.60009765625,3447.60009765625,3447.60009765625,444,0,0.0
2013-10-23,3463.199951171875,3697.199951171875,3354.0,3650.39990234375,412,0,0.0
2013-10-24,3666.0,3681.60009765625,3510.0,3556.800048828125,240,0,0.0
2013-10-25,3541.199951171875,3619.199951171875,3494.39990234375,3572.39990234375,137,0,0.0
2013-10-28,3650.39990234375,3993.60009765625,3603.60009765625,3853.199951171875,748,0,0.0
2013-10-29,3884.39990234375,3884.39990234375,3572.39990234375,3666.0,585,0,0.0
2013-10-30,3666.0,3728.39990234375,3510.0,3525.60009765625,396,0,0.0
2013-10-31,3478.800048828125,3525.60009765625,3385.199951171875,3478.800048828125,321,0,0.0
2013-11-01,3447.60009765625,3494.39990234375,3400.800048828125,3494.39990234375,244,0,0.0
2013-11-04,3494.39990234375,3884.39990234375,3494.39990234375,3868.800048828125,1028,0,0.0
2013-11-05,3900.0,3978.0,3728.39990234375,3775.199951171875,450,0,0.0
2013-11-06,3806.39990234375,3837.60009765625,3634.800048828125,3712.800048828125,306,0,0.0
2013-11-07,3837.60009765625,3837.60009765625,3556.800048828125,3619.199951171875,423,0,0.0
2013-11-08,3619.199951171875,3868.800048828125,3619.199951171875,3790.800048828125,286,0,0.0
2013-11-11,3868.800048828125,3946.800048828125,3744.0,3900.0,390,0,0.0
2013-11-12,3900.0,3900.0,3681.60009765625,3775.199951171875,370,0,0.0
2013-11-13,3634.800048828125,4056.0,3619.199951171875,3900.0,662,0,0.0
2013-11-14,3868.800048828125,3931.199951171875,3775.199951171875,3822.0,302,0,0.0
2013-11-15,3853.199951171875,3884.39990234375,3759.60009765625,3822.0,279,0,0.0
2013-11-18,3900.0,3915.60009765625,3681.60009765625,3712.800048828125,280,0,0.0
2013-11-19,3744.0,3853.199951171875,3697.199951171875,3712.800048828125,179,0,0.0
2013-11-20,3712.800048828125,3915.60009765625,3712.800048828125,3806.39990234375,358,0,0.0
2013-11-21,3837.60009765625,4196.39990234375,3822.0,4196.39990234375,2369,0,0.0
2013-11-22,4290.0,4321.2001953125,3993.60009765625,4040.39990234375,753,0,0.0
2013-11-25,4180.7998046875,4212.0,3900.0,4024.800048828125,491,0,0.0
2013-11-26,4009.199951171875,4149.60009765625,3993.60009765625,4134.0,336,0,0.0
2013-11-27,4165.2001953125,4274.39990234375,4056.0,4243.2001953125,847,0,0.0
2013-11-29,4274.39990234375,4368.0,4180.7998046875,4227.60009765625,272,0,0.0
2013-12-02,4212.0,4274.39990234375,4134.0,4227.60009765625,334,0,0.0
2013-12-03,4180.7998046875,4336.7998046875,4165.2001953125,4165.2001953125,348,0,0.0
2013-12-04,4149.60009765625,4414.7998046875,4087.199951171875,4290.0,682,0,0.0
2013-12-05,4305.60009765625,4305.60009765625,4149.60009765625,4258.7998046875,349,0,0.0
2013-12-06,4352.39990234375,4352.39990234375,3915.60009765625,3962.39990234375,945,0,0.0
2013-12-09,3978.0,4087.199951171875,3822.0,3884.39990234375,542,0,0.0
2013-12-10,3868.800048828125,3931.199951171875,3837.60009765625,3884.39990234375,279,0,0.0
2013-12-11,3868.800048828125,3915.60009765625,3744.0,3806.39990234375,358,0,0.0
2013-12-12,3853.199951171875,3853.199951171875,3588.0,3790.800048828125,513,0,0.0
2013-12-13,3806.39990234375,3806.39990234375,3666.0,3744.0,234,0,0.0
2013-12-16,3759.60009765625,3900.0,3759.60009765625,3822.0,355,0,0.0
2013-12-17,3806.39990234375,3853.199951171875,3775.199951171875,3822.0,117,0,0.0
2013-12-18,3822.0,3962.39990234375,3790.800048828125,3868.800048828125,282,0,0.0
2013-12-19,3868.800048828125,3962.39990234375,3853.199951171875,3946.800048828125,160,0,0.0
2013-12-20,3931.199951171875,3946.800048828125,3853.199951171875,3868.800048828125,304,0,0.0
2013-12-23,3884.39990234375,3900.0,3822.0,3884.39990234375,220,0,0.0
2013-12-24,3884.39990234375,3915.60009765625,3853.199951171875,3900.0,119,0,0.0
2013-12-26,3900.0,4180.7998046875,3884.39990234375,4180.7998046875,531,0,0.0
2013-12-27,4180.7998046875,4180.7998046875,4040.39990234375,4180.7998046875,311,0,0.0
2013-12-30,4180.7998046875,4602.0,4134.0,4586.39990234375,1371,0,0.0
2013-12-31,4648.7998046875,4742.39990234375,4446.0,4539.60009765625,690,0,0.0
2014-01-02,4524.0,4929.60009765625,4461.60009765625,4929.60009765625,949,0,0.0
2014-01-03,4539.60009765625,4789.2001953125,4461.60009765625,4633.2001953125,1320,0,0.0
2014-01-06,4742.39990234375,5116.7998046875,4633.2001953125,5023.2001953125,1460,0,0.0
2014-01-07,5148.0,5226.0,4976.39990234375,5226.0,807,0,0.0
2014-01-08,5288.39990234375,5460.0,5132.39990234375,5444.39990234375,860,0,0.0
2014-01-09,5460.0,5850.0,5382.0,5834.39990234375,1149,0,0.0
2014-01-10,5725.2001953125,5850.0,5070.0,5506.7998046875,1749,0,0.0
2014-01-13,5382.0,5725.2001953125,5163.60009765625,5194.7998046875,1123,0,0.0
2014-01-14,5226.0,5584.7998046875,5210.39990234375,5475.60009765625,533,0,0.0
2014-01-15,5491.2001953125,5678.39990234375,5319.60009765625,5366.39990234375,639,0,0.0
2014-01-16,5397.60009765625,5553.60009765625,5304.0,5522.39990234375,365,0,0.0
2014-01-17,5538.0,5678.39990234375,5428.7998046875,5428.7998046875,635,0,0.0
2014-01-21,5444.39990234375,5600.39990234375,5272.7998046875,5382.0,547,0,0.0
2014-01-22,5288.39990234375,5382.0,5085.60009765625,5272.7998046875,576,0,0.0
2014-01-23,5272.7998046875,5350.7998046875,4882.7998046875,5163.60009765625,1091,0,0.0
2014-01-24,5023.2001953125,5070.0,4648.7998046875,4742.39990234375,1286,0,0.0
2014-01-27,4758.0,4914.0,4305.60009765625,4758.0,1206,0,0.0
2014-01-28,4820.39990234375,5070.0,4820.39990234375,5023.2001953125,580,0,0.0
2014-01-29,4882.7998046875,5038.7998046875,4680.0,4836.0,488,0,0.0
2014-01-30,4945.2001953125,5148.0,4914.0,5054.39990234375,495,0,0.0
2014-01-31,4898.39990234375,5163.60009765625,4851.60009765625,5132.39990234375,457,0,0.0
2014-02-03,5148.0,5179.2001953125,4804.7998046875,4867.2001953125,462,0,0.0
2014-02-04,4882.7998046875,4992.0,4820.39990234375,4960.7998046875,282,0,0.0
2014-02-05,4992.0,4992.0,4680.0,4804.7998046875,378,0,0.0
2014-02-06,4836.0,5070.0,4836.0,4851.60009765625,294,0,0.0
2014-02-07,4914.0,5148.0,4867.2001953125,4976.39990234375,433,0,0.0
2014-02-10,5054.39990234375,5397.60009765625,5007.60009765625,5382.0,801,0,0.0
2014-02-11,5475.60009765625,5506.7998046875,5210.39990234375,5226.0,713,0,0.0
2014-02-12,5272.7998046875,5350.7998046875,5070.0,5210.39990234375,486,0,0.0
2014-02-13,5116.7998046875,5304.0,5085.60009765625,5241.60009765625,385,0,0.0
2014-02-14,5304.0,5304.0,5116.7998046875,5210.39990234375,317,0,0.0
2014-02-18,5288.39990234375,5304.0,5070.0,5194.7998046875,302,0,0.0
2014-02-19,5194.7998046875,5272.7998046875,5023.2001953125,5194.7998046875,465,0,0.0
2014-02-20,5132.39990234375,5335.2001953125,5085.60009765625,5288.39990234375,304,0,0.0
2014-02-21,5335.2001953125,5522.39990234375,5163.60009765625,5491.2001953125,581,0,0.0
2014-02-24,5522.39990234375,5990.39990234375,5522.39990234375,5647.2001953125,1262,0,0.0
2014-02-25,5631.60009765625,5725.2001953125,5366.39990234375,5506.7998046875,327,0,0.0
2014-02-26,5506.7998046875,5756.39990234375,5491.2001953125,5662.7998046875,485,0,0.0
2014-02-27,5694.0,5709.60009765625,5491.2001953125,5553.60009765625,230,0,0.0
2014-02-28,5600.39990234375,5896.7998046875,5428.7998046875,5569.2001953125,689,0,0.0
2014-03-03,5460.0,5678.39990234375,5319.60009765625,5678.39990234375,457,0,0.0
2014-03-04,5772.0,5865.60009765625,5709.60009765625,5772.0,442,0,0.0
2014-03-05,5818.7998046875,5818.7998046875,5631.60009765625,5740.7998046875,194,0,0.0
2014-03-06,5818.7998046875,5850.0,5538.0,5569.2001953125,352,0,0.0
2014-03-07,5538.0,5678.39990234375,5444.39990234375,5522.39990234375,330,0,0.0
2014-03-10,5538.0,5756.39990234375,5506.7998046875,5569.2001953125,338,0,0.0
2014-03-11,5569.2001953125,5959.2001953125,5538.0,5725.2001953125,881,0,0.0
2014-03-12,5725.2001953125,5896.7998046875,5678.39990234375,5787.60009765625,375,0,0.0
2014-03-13,5865.60009765625,5881.2001953125,5616.0,5616.0,417,0,0.0
2014-03-14,5631.60009765625,6130.7998046875,5616.0,6084.0,772,0,0.0
2014-03-17,6411.60009765625,7254.0,6240.0,6817.2001953125,2584,0,0.0
2014-03-18,6739.2001953125,6942.0,6396.0,6552.0,1046,0,0.0
2014-03-19,6630.0,6676.7998046875,6318.0,6411.60009765625,521,0,0.0
2014-03-20,6349.2001953125,7410.0,6162.0,7191.60009765625,1494,0,0.0
2014-03-21,7363.2001953125,7472.39990234375,6411.60009765625,6614.39990234375,1635,0,0.0
2014-03-24,6988.7998046875,7488.0,5725.2001953125,6505.2001953125,1224,0,0.0
2014-03-25,6520.7998046875,6692.39990234375,6193.2001953125,6240.0,608,0,0.0
2014-03-26,6286.7998046875,6427.2001953125,5943.60009765625,5943.60009765625,579,0,0.0
2014-03-27,5896.7998046875,5990.39990234375,5460.0,5834.39990234375,690,0,0.0
2014-03-28,6115.2001953125,6708.0,5928.0,6052.7998046875,1631,0,0.0
2014-03-31,6333.60009765625,6536.39990234375,6052.7998046875,6536.39990234375,794,0,0.0
2014-04-01,6630.0,6645.60009765625,6240.0,6614.39990234375,596,0,0.0
2014-04-02,6474.0,7020.0,6474.0,6910.7998046875,1058,0,0.0
2014-04-03,6910.7998046875,6988.7998046875,6552.0,6942.0,827,0,0.0
2014-04-04,6988.7998046875,7098.0,6286.7998046875,6520.7998046875,1329,0,0.0
2014-04-07,6396.0,6832.7998046875,6333.60009765625,6786.0,604,0,0.0
2014-04-08,6848.39990234375,6910.7998046875,6630.0,6708.0,511,0,0.0
2014-04-09,6801.60009765625,7316.39990234375,6661.2001953125,7269.60009765625,1086,0,0.0
2014-04-10,7035.60009765625,7035.60009765625,6349.2001953125,6411.60009765625,1407,0,0.0
2014-04-11,6255.60009765625,6520.7998046875,6084.0,6193.2001953125,823,0,0.0
2014-04-14,6255.60009765625,6427.2001953125,5850.0,5881.2001953125,834,0,0.0
2014-04-15,6006.0,6130.7998046875,4882.7998046875,5538.0,1664,0,0.0
2014-04-16,5647.2001953125,5974.7998046875,5553.60009765625,5896.7998046875,526,0,0.0
2014-04-17,5850.0,6037.2001953125,5787.60009765625,5912.39990234375,403,0,0.0
2014-04-21,6068.39990234375,6286.7998046875,5787.60009765625,6286.7998046875,492,0,0.0
2014-04-22,6396.0,6676.7998046875,6396.0,6630.0,1139,0,0.0
2014-04-23,6598.7998046875,6676.7998046875,6255.60009765625,6427.2001953125,463,0,0.0
2014-04-24,6458.39990234375,6536.39990234375,5928.0,6333.60009765625,517,0,0.0
2014-04-25,6286.7998046875,6396.0,5990.39990234375,6052.7998046875,490,0,0.0
2014-04-28,6052.7998046875,6084.0,5694.0,5959.2001953125,565,0,0.0
2014-04-29,5881.2001953125,6084.0,5818.7998046875,5834.39990234375,429,0,0.0
2014-04-30,5772.0,5943.60009765625,5569.2001953125,5616.0,605,0,0.0
2014-05-01,5616.0,5740.7998046875,5444.39990234375,5600.39990234375,662,0,0.0
2014-05-02,5569.2001953125,5647.2001953125,5350.7998046875,5382.0,476,0,0.0
2014-05-05,5257.2001953125,5491.2001953125,5163.60009765625,5460.0,405,0,0.0
2014-05-06,5475.60009765625,5553.60009765625,5226.0,5288.39990234375,393,0,0.0
2014-05-07,5288.39990234375,5382.0,4758.0,4914.0,751,0,0.0
2014-05-08,5054.39990234375,5335.2001953125,5038.7998046875,5132.39990234375,638,0,0.0
2014-05-09,5070.0,5179.2001953125,4726.7998046875,4914.0,595,0,0.0
2014-05-12,4929.60009765625,4960.7998046875,4617.60009765625,4914.0,840,0,0.0
2014-05-13,4898.39990234375,4929.60009765625,4773.60009765625,4914.0,455,0,0.0
2014-05-14,4929.60009765625,5694.0,4851.60009765625,5397.60009765625,672,0,0.0
2014-05-15,5335.2001953125,5584.7998046875,5116.7998046875,5257.2001953125,379,0,0.0
2014-05-16,5257.2001953125,5319.60009765625,5085.60009765625,5288.39990234375,451,0,0.0
2014-05-19,5304.0,5616.0,5241.60009765625,5460.0,417,0,0.0
2014-05-20,5553.60009765625,5834.39990234375,5413.2001953125,5803.2001953125,538,0,0.0
2014-05-21,5803.2001953125,5850.0,5600.39990234375,5803.2001953125,350,0,0.0
2014-05-22,5740.7998046875,6006.0,5522.39990234375,5990.39990234375,338,0,0.0
2014-05-23,5990.39990234375,6380.39990234375,5881.2001953125,6021.60009765625,794,0,0.0
2014-05-27,6146.39990234375,6396.0,5990.39990234375,6302.39990234375,656,0,0.0
2014-05-28,6474.0,7020.0,6380.39990234375,6786.0,1420,0,0.0
2014-05-29,6957.60009765625,7176.0,6708.0,7004.39990234375,865,0,0.0
2014-05-30,7020.0,7066.7998046875,6598.7998046875,6708.0,573,0,0.0
2014-06-02,6630.0,6848.39990234375,6442.7998046875,6770.39990234375,626,0,0.0
2014-06-03,6645.60009765625,7035.60009765625,6567.60009765625,7020.0,525,0,0.0
2014-06-04,7020.0,7503.60009765625,6926.39990234375,7129.2001953125,844,0,0.0
2014-06-05,7238.39990234375,7410.0,7051.2001953125,7238.39990234375,615,0,0.0
2014-06-06,7191.60009765625,7285.2001953125,6926.39990234375,7035.60009765625,697,0,0.0
2014-06-09,7176.0,7191.60009765625,6598.7998046875,6723.60009765625,1071,0,0.0
2014-06-10,6786.0,6957.60009765625,6739.2001953125,6817.2001953125,278,0,0.0
2014-06-11,6801.60009765625,6926.39990234375,6552.0,6708.0,344,0,0.0
2014-06-12,6676.7998046875,6895.2001953125,6645.60009765625,6879.60009765625,364,0,0.0
2014-06-13,6817.2001953125,6817.2001953125,6474.0,6676.7998046875,340,0,0.0
2014-06-16,6770.39990234375,6895.2001953125,6630.0,6832.7998046875,389,0,0.0
2014-06-17,6864.0,7066.7998046875,6786.0,6926.39990234375,505,0,0.0
2014-06-18,6988.7998046875,7129.2001953125,6676.7998046875,6786.0,589,0,0.0
2014-06-19,6786.0,6879.60009765625,6489.60009765625,6614.39990234375,477,0,0.0
2014-06-20,6536.39990234375,6926.39990234375,6536.39990234375,6895.2001953125,448,0,0.0
2014-06-23,6864.0,6879.60009765625,6708.0,6817.2001953125,287,0,0.0
2014-06-24,6786.0,6942.0,6661.2001953125,6739.2001953125,399,0,0.0
2014-06-25,7020.0,7378.7998046875,6723.60009765625,7020.0,1449,0,0.0
2014-06-26,7129.2001953125,7207.2001953125,6645.60009765625,6926.39990234375,838,0,0.0
2014-06-27,6864.0,6864.0,6489.60009765625,6505.2001953125,4148,0,0.0
2014-06-30,6567.60009765625,6692.39990234375,6427.2001953125,6583.2001953125,760,0,0.0
2014-07-01,6536.39990234375,6630.0,6224.39990234375,6255.60009765625,881,0,0.0
2014-07-02,6240.0,6333.60009765625,6006.0,6021.60009765625,684,0,0.0
2014-07-03,6021.60009765625,6021.60009765625,5787.60009765625,5881.2001953125,561,0,0.0
2014-07-07,5865.60009765625,5881.2001953125,5460.0,5538.0,946,0,0.0
2014-07-08,5428.7998046875,5506.7998046875,5101.2001953125,5257.2001953125,977,0,0.0
2014-07-09,5210.39990234375,5584.7998046875,5148.0,5553.60009765625,783,0,0.0
2014-07-10,5413.2001953125,5475.60009765625,5210.39990234375,5288.39990234375,520,0,0.0
2014-07-11,5304.0,5444.39990234375,5288.39990234375,5397.60009765625,307,0,0.0
2014-07-14,5491.2001953125,5662.7998046875,5304.0,5350.7998046875,269,0,0.0
2014-07-15,5366.39990234375,5413.2001953125,5163.60009765625,5194.7998046875,323,0,0.0
2014-07-16,5179.2001953125,5319.60009765625,4758.0,4820.39990234375,939,0,0.0
2014-07-17,4929.60009765625,5023.2001953125,4789.2001953125,4898.39990234375,479,0,0.0
2014-07-18,4836.0,4914.0,4586.39990234375,4882.7998046875,757,0,0.0
2014-07-21,4882.7998046875,5163.60009765625,4804.7998046875,5132.39990234375,348,0,0.0
2014-07-22,5132.39990234375,5304.0,5023.2001953125,5054.39990234375,355,0,0.0
2014-07-23,5148.0,5194.7998046875,4992.0,5179.2001953125,232,0,0.0
2014-07-24,5226.0,5257.2001953125,4992.0,5070.0,264,0,0.0
2014-07-25,5023.2001953125,5054.39990234375,4929.60009765625,4992.0,174,0,0.0
2014-07-28,5070.0,5210.39990234375,4945.2001953125,5148.0,345,0,0.0
2014-07-29,5210.39990234375,5210.39990234375,4851.60009765625,4914.0,284,0,0.0
2014-07-30,4945.2001953125,4945.2001953125,4430.39990234375,4726.7998046875,859,0,0.0
2014-07-31,4664.39990234375,4680.0,4461.60009765625,4461.60009765625,370,0,0.0
2014-08-01,4368.0,4726.7998046875,4165.2001953125,4695.60009765625,1104,0,0.0
2014-08-04,4882.7998046875,5007.60009765625,4695.60009765625,4929.60009765625,439,0,0.0
2014-08-05,4898.39990234375,4992.0,4758.0,4992.0,317,0,0.0
2014-08-06,4992.0,5070.0,4867.2001953125,4976.39990234375,176,0,0.0
2014-08-07,5070.0,5070.0,4726.7998046875,4726.7998046875,309,0,0.0
2014-08-08,4742.39990234375,5257.2001953125,4726.7998046875,5148.0,495,0,0.0
2014-08-11,5148.0,5335.2001953125,5038.7998046875,5319.60009765625,301,0,0.0
2014-08-12,5335.2001953125,5475.60009765625,5148.0,5163.60009765625,287,0,0.0
2014-08-13,5163.60009765625,5366.39990234375,5148.0,5366.39990234375,210,0,0.0
2014-08-14,5366.39990234375,5538.0,5272.7998046875,5506.7998046875,223,0,0.0
2014-08-15,5584.7998046875,5616.0,5366.39990234375,5522.39990234375,319,0,0.0
2014-08-18,5616.0,5616.0,5413.2001953125,5600.39990234375,310,0,0.0
2014-08-19,5631.60009765625,5834.39990234375,5506.7998046875,5647.2001953125,270,0,0.0
2014-08-20,5647.2001953125,5756.39990234375,5538.0,5538.0,235,0,0.0
2014-08-21,5538.0,5553.60009765625,5194.7998046875,5304.0,274,0,0.0
2014-08-22,5241.60009765625,5553.60009765625,5241.60009765625,5382.0,234,0,0.0
2014-08-25,5444.39990234375,5616.0,5444.39990234375,5506.7998046875,395,0,0.0
2014-08-26,5538.0,5709.60009765625,5506.7998046875,5662.7998046875,301,0,0.0
2014-08-27,5740.7998046875,6224.39990234375,5647.2001953125,6037.2001953125,1152,0,0.0
2014-08-28,6068.39990234375,6302.39990234375,5912.39990234375,6255.60009765625,562,0,0.0
2014-08-29,6240.0,6396.0,6099.60009765625,6349.2001953125,430,0,0.0
2014-09-02,6380.39990234375,6411.60009765625,6162.0,6286.7998046875,568,0,0.0
2014-09-03,6286.7998046875,6318.0,5943.60009765625,6084.0,415,0,0.0
2014-09-04,6130.7998046875,6240.0,5818.7998046875,5834.39990234375,431,0,0.0
2014-09-05,5818.7998046875,6021.60009765625,5787.60009765625,5896.7998046875,260,0,0.0
2014-09-08,5850.0,6052.7998046875,5850.0,6006.0,165,0,0.0
2014-09-09,6006.0,6052.7998046875,5725.2001953125,5725.2001953125,295,0,0.0
2014-09-10,5662.7998046875,5896.7998046875,5584.7998046875,5740.7998046875,339,0,0.0
2014-09-11,5772.0,5834.39990234375,5506.7998046875,5756.39990234375,257,0,0.0
2014-09-12,5772.0,5803.2001953125,5553.60009765625,5553.60009765625,286,0,0.0
2014-09-15,5506.7998046875,5506.7998046875,5163.60009765625,5194.7998046875,388,0,0.0
2014-09-16,5194.7998046875,5226.0,5038.7998046875,5132.39990234375,347,0,0.0
2014-09-17,5148.0,5304.0,5070.0,5210.39990234375,196,0,0.0
2014-09-18,5257.2001953125,5257.2001953125,5070.0,5085.60009765625,157,0,0.0
2014-09-19,5163.60009765625,5382.0,5023.2001953125,5179.2001953125,313,0,0.0
2014-09-22,5350.7998046875,5491.2001953125,5085.60009765625,5101.2001953125,341,0,0.0
2014-09-23,5101.2001953125,5179.2001953125,4836.0,5132.39990234375,431,0,0.0
2014-09-24,5163.60009765625,5257.2001953125,5070.0,5194.7998046875,239,0,0.0
2014-09-25,5194.7998046875,5226.0,5023.2001953125,5116.7998046875,316,0,0.0
2014-09-26,5054.39990234375,5210.39990234375,5054.39990234375,5210.39990234375,238,0,0.0
2014-09-29,5101.2001953125,5584.7998046875,5101.2001953125,5382.0,484,0,0.0
2014-09-30,5428.7998046875,5460.0,5116.7998046875,5116.7998046875,360,0,0.0
2014-10-01,5007.60009765625,5179.2001953125,4804.7998046875,4867.2001953125,535,0,0.0
2014-10-02,4882.7998046875,5163.60009765625,4820.39990234375,5116.7998046875,312,0,0.0
2014-10-03,5163.60009765625,5288.39990234375,5070.0,5210.39990234375,183,0,0.0
2014-10-06,5226.0,5288.39990234375,5070.0,5070.0,153,0,0.0
2014-10-07,5007.60009765625,5085.60009765625,4867.2001953125,4867.2001953125,209,0,0.0
2014-10-08,4851.60009765625,5023.2001953125,4680.0,5007.60009765625,349,0,0.0
2014-10-09,4945.2001953125,5023.2001953125,4711.2001953125,4758.0,276,0,0.0
2014-10-10,4758.0,4914.0,4555.2001953125,4602.0,434,0,0.0
2014-10-13,4633.2001953125,4711.2001953125,4321.2001953125,4508.39990234375,458,0,0.0
2014-10-14,4539.60009765625,4586.39990234375,3915.60009765625,4383.60009765625,619,0,0.0
2014-10-15,4383.60009765625,4602.0,4383.60009765625,4602.0,360,0,0.0
2014-10-16,4570.7998046875,4914.0,4570.7998046875,4851.60009765625,344,0,0.0
2014-10-17,4976.39990234375,4992.0,4695.60009765625,4758.0,306,0,0.0
2014-10-20,4680.0,4804.7998046875,3307.199951171875,4149.60009765625,2406,0,0.0
2014-10-21,4227.60009765625,4290.0,3962.39990234375,4196.39990234375,510,0,0.0
2014-10-22,4243.2001953125,4305.60009765625,4087.199951171875,4134.0,336,0,0.0
2014-10-23,4196.39990234375,4524.0,4196.39990234375,4383.60009765625,623,0,0.0
2014-10-24,4383.60009765625,4399.2001953125,4305.60009765625,4321.2001953125,216,0,0.0
2014-10-27,4321.2001953125,4399.2001953125,4196.39990234375,4274.39990234375,227,0,0.0
2014-10-28,4258.7998046875,4414.7998046875,4243.2001953125,4414.7998046875,249,0,0.0
2014-10-29,4414.7998046875,4461.60009765625,4274.39990234375,4414.7998046875,219,0,0.0
2014-10-30,4383.60009765625,4492.7998046875,4336.7998046875,4477.2001953125,128,0,0.0
2014-10-31,4617.60009765625,4617.60009765625,4258.7998046875,4290.0,276,0,0.0
2014-11-03,4305.60009765625,4399.2001953125,4258.7998046875,4352.39990234375,209,0,0.0
2014-11-04,4321.2001953125,4336.7998046875,4149.60009765625,4290.0,172,0,0.0
2014-11-05,4321.2001953125,4368.0,4212.0,4243.2001953125,197,0,0.0
2014-11-06,4212.0,4352.39990234375,4149.60009765625,4336.7998046875,134,0,0.0
2014-11-07,4290.0,4290.0,4102.7998046875,4165.2001953125,305,0,0.0
2014-11-10,4243.2001953125,4633.2001953125,4180.7998046875,4617.60009765625,349,0,0.0
2014-11-11,4648.7998046875,4898.39990234375,4477.2001953125,4742.39990234375,598,0,0.0
2014-11-12,4680.0,4820.39990234375,4539.60009765625,4570.7998046875,287,0,0.0
2014-11-13,4570.7998046875,4711.2001953125,4383.60009765625,4383.60009765625,326,0,0.0
2014-11-14,4368.0,4570.7998046875,4368.0,4461.60009765625,240,0,0.0
2014-11-17,4414.7998046875,4555.2001953125,4399.2001953125,4399.2001953125,171,0,0.0
2014-11-18,4446.0,4508.39990234375,4352.39990234375,4446.0,164,0,0.0
2014-11-19,4414.7998046875,4446.0,4305.60009765625,4321.2001953125,207,0,0.0
2014-11-20,4290.0,4446.0,4243.2001953125,4368.0,165,0,0.0
2014-11-21,4414.7998046875,4446.0,4290.0,4336.7998046875,114,0,0.0
2014-11-24,4352.39990234375,4446.0,4336.7998046875,4414.7998046875,128,0,0.0
2014-11-25,4399.2001953125,4430.39990234375,4321.2001953125,4352.39990234375,96,0,0.0
2014-11-26,4368.0,4492.7998046875,4336.7998046875,4477.2001953125,329,0,0.0
2014-11-28,4492.7998046875,4586.39990234375,4383.60009765625,4383.60009765625,137,0,0.0
2014-12-01,4383.60009765625,4414.7998046875,4134.0,4134.0,275,0,0.0
2014-12-02,4149.60009765625,4399.2001953125,4149.60009765625,4258.7998046875,193,0,0.0
2014-12-03,4243.2001953125,4258.7998046875,4118.39990234375,4196.39990234375,170,0,0.0
2014-12-04,4165.2001953125,4243.2001953125,4165.2001953125,4180.7998046875,121,0,0.0
2014-12-05,4165.2001953125,4399.2001953125,4165.2001953125,4383.60009765625,187,0,0.0
2014-12-08,4383.60009765625,4414.7998046875,4212.0,4227.60009765625,248,0,0.0
2014-12-09,4212.0,4524.0,4134.0,4477.2001953125,411,0,0.0
2014-12-10,4508.39990234375,4524.0,4196.39990234375,4258.7998046875,300,0,0.0
2014-12-11,4274.39990234375,4383.60009765625,4118.39990234375,4165.2001953125,459,0,0.0
2014-12-12,4149.60009765625,4212.0,3946.800048828125,4024.800048828125,399,0,0.0
2014-12-15,4040.39990234375,4102.7998046875,3697.199951171875,3728.39990234375,513,0,0.0
2014-12-16,3728.39990234375,3931.199951171875,3588.0,3697.199951171875,451,0,0.0
2014-12-17,3759.60009765625,4212.0,3697.199951171875,4212.0,475,0,0.0
2014-12-18,4243.2001953125,4258.7998046875,3900.0,4118.39990234375,331,0,0.0
2014-12-19,4056.0,4461.60009765625,3962.39990234375,4446.0,572,0,0.0
2014-12-22,4430.39990234375,4430.39990234375,4149.60009765625,4290.0,353,0,0.0
2014-12-23,4321.2001953125,4383.60009765625,3978.0,4102.7998046875,441,0,0.0
2014-12-24,4102.7998046875,4243.2001953125,3978.0,4212.0,116,0,0.0
2014-12-26,4243.2001953125,4321.2001953125,4118.39990234375,4290.0,276,0,0.0
2014-12-29,4321.2001953125,4336.7998046875,4071.60009765625,4102.7998046875,209,0,0.0
2014-12-30,3993.60009765625,4165.2001953125,3978.0,4056.0,241,0,0.0
2014-12-31,4056.0,4399.2001953125,4040.39990234375,4243.2001953125,1248,0,0.0
2015-01-02,4430.39990234375,4820.39990234375,4368.0,4383.60009765625,1536,0,0.0
2015-01-05,4383.60009765625,4804.7998046875,4290.0,4648.7998046875,1328,0,0.0
2015-01-06,4867.2001953125,5288.39990234375,4804.7998046875,5226.0,2188,0,0.0
2015-01-07,5444.39990234375,5631.60009765625,5116.7998046875,5600.39990234375,1686,0,0.0
2015-01-08,5647.2001953125,5647.2001953125,5304.0,5460.0,976,0,0.0
2015-01-09,5600.39990234375,5600.39990234375,5163.60009765625,5304.0,696,0,0.0
2015-01-12,5335.2001953125,5444.39990234375,4914.0,5023.2001953125,1009,0,0.0
2015-01-13,5148.0,5366.39990234375,4695.60009765625,4804.7998046875,1096,0,0.0
2015-01-14,4680.0,4914.0,4492.7998046875,4820.39990234375,469,0,0.0
2015-01-15,4820.39990234375,4851.60009765625,4446.0,4508.39990234375,722,0,0.0
2015-01-16,4508.39990234375,4726.7998046875,4446.0,4695.60009765625,458,0,0.0
2015-01-20,4758.0,4945.2001953125,4648.7998046875,4914.0,634,0,0.0
2015-01-21,4664.39990234375,5070.0,4664.39990234375,4758.0,506,0,0.0
2015-01-22,4758.0,4976.39990234375,4648.7998046875,4882.7998046875,347,0,0.0
2015-01-23,4914.0,4945.2001953125,4773.60009765625,4867.2001953125,213,0,0.0
2015-01-26,4867.2001953125,5241.60009765625,4804.7998046875,5241.60009765625,569,0,0.0
2015-01-27,5179.2001953125,5257.2001953125,4992.0,5101.2001953125,416,0,0.0
2015-01-28,5163.60009765625,5210.39990234375,4882.7998046875,4992.0,401,0,0.0
2015-01-29,4992.0,5038.7998046875,4851.60009765625,4945.2001953125,287,0,0.0
2015-01-30,5054.39990234375,5116.7998046875,4836.0,4836.0,392,0,0.0
2015-02-02,4882.7998046875,4898.39990234375,4633.2001953125,4789.2001953125,445,0,0.0
2015-02-03,4789.2001953125,4960.7998046875,4726.7998046875,4914.0,673,0,0.0
2015-02-04,4898.39990234375,4929.60009765625,4680.0,4695.60009765625,465,0,0.0
2015-02-05,4695.60009765625,4914.0,4695.60009765625,4898.39990234375,393,0,0.0
2015-02-06,4882.7998046875,4960.7998046875,4758.0,4789.2001953125,337,0,0.0
2015-02-09,4836.0,5085.60009765625,4742.39990234375,4992.0,574,0,0.0
2015-02-10,5148.0,5444.39990234375,5085.60009765625,5257.2001953125,1431,0,0.0
2015-02-11,5288.39990234375,5366.39990234375,5070.0,5132.39990234375,404,0,0.0
2015-02-12,5179.2001953125,5350.7998046875,5054.39990234375,5116.7998046875,432,0,0.0
2015-02-13,5116.7998046875,5397.60009765625,5085.60009765625,5319.60009765625,552,0,0.0
2015-02-17,5444.39990234375,5662.7998046875,5350.7998046875,5522.39990234375,868,0,0.0
2015-02-18,5850.0,6052.7998046875,5647.2001953125,5974.7998046875,1851,0,0.0
2015-02-19,5974.7998046875,6115.2001953125,5725.2001953125,5974.7998046875,824,0,0.0
2015-02-20,6006.0,6021.60009765625,5772.0,5928.0,415,0,0.0
2015-02-23,5928.0,6006.0,5740.7998046875,5896.7998046875,471,0,0.0
2015-02-24,5896.7998046875,5912.39990234375,5538.0,5725.2001953125,586,0,0.0
2015-02-25,5740.7998046875,5818.7998046875,5569.2001953125,5740.7998046875,357,0,0.0
2015-02-26,5709.60009765625,5943.60009765625,5647.2001953125,5896.7998046875,462,0,0.0
2015-02-27,5928.0,5959.2001953125,5740.7998046875,5865.60009765625,378,0,0.0
2015-03-02,5928.0,5943.60009765625,5709.60009765625,5803.2001953125,499,0,0.0
2015-03-03,5740.7998046875,5803.2001953125,5491.2001953125,5740.7998046875,444,0,0.0
2015-03-04,5694.0,5787.60009765625,5553.60009765625,5725.2001953125,341,0,0.0
2015-03-05,5740.7998046875,5896.7998046875,5694.0,5881.2001953125,438,0,0.0
2015-03-06,5818.7998046875,6084.0,5787.60009765625,5912.39990234375,759,0,0.0
2015-03-09,6006.0,6006.0,5647.2001953125,5881.2001953125,512,0,0.0
2015-03-10,5881.2001953125,5974.7998046875,5694.0,5756.39990234375,522,0,0.0
2015-03-11,5818.7998046875,5943.60009765625,5740.7998046875,5834.39990234375,387,0,0.0
2015-03-12,5725.2001953125,5772.0,3666.0,3697.199951171875,7237,0,0.0
2015-03-13,3837.60009765625,4087.199951171875,3307.199951171875,3993.60009765625,4428,0,0.0
2015-03-16,4368.0,4368.0,3588.0,3697.199951171875,1929,0,0.0
2015-03-17,3759.60009765625,3822.0,3525.60009765625,3759.60009765625,1216,0,0.0
2015-03-18,3728.39990234375,3728.39990234375,3369.60009765625,3416.39990234375,1719,0,0.0
2015-03-19,3432.0,3603.60009765625,3432.0,3556.800048828125,760,0,0.0
2015-03-20,3588.0,3806.39990234375,3556.800048828125,3775.199951171875,1195,0,0.0
2015-03-23,3806.39990234375,3837.60009765625,3666.0,3697.199951171875,540,0,0.0
2015-03-24,3712.800048828125,3728.39990234375,3494.39990234375,3510.0,660,0,0.0
2015-03-25,3478.800048828125,3494.39990234375,3307.199951171875,3307.199951171875,765,0,0.0
2015-03-26,3276.0,3307.199951171875,2776.800048828125,3151.199951171875,1651,0,0.0
2015-03-27,3135.60009765625,3166.800048828125,2901.60009765625,3135.60009765625,498,0,0.0
2015-03-30,3120.0,3135.60009765625,2917.199951171875,3042.0,686,0,0.0
2015-03-31,3042.0,3073.199951171875,2948.39990234375,2964.0,525,0,0.0
2015-04-01,2995.199951171875,2995.199951171875,2589.60009765625,2886.0,716,0,0.0
2015-04-02,2854.800048828125,3042.0,2730.0,3042.0,512,0,0.0
2015-04-06,3026.39990234375,3057.60009765625,2901.60009765625,2917.199951171875,359,0,0.0
2015-04-07,2870.39990234375,3026.39990234375,2808.0,2870.39990234375,382,0,0.0
2015-04-08,2839.199951171875,2964.0,2839.199951171875,2870.39990234375,315,0,0.0
2015-04-09,2870.39990234375,2964.0,2870.39990234375,2917.199951171875,254,0,0.0
2015-04-10,2932.800048828125,3026.39990234375,2917.199951171875,3026.39990234375,478,0,0.0
2015-04-13,3042.0,3057.60009765625,2932.800048828125,3057.60009765625,392,0,0.0
2015-04-14,2979.60009765625,3572.39990234375,2979.60009765625,3556.800048828125,906,0,0.0
2015-04-15,3619.199951171875,3728.39990234375,3338.39990234375,3478.800048828125,680,0,0.0
2015-04-16,3463.199951171875,3494.39990234375,3369.60009765625,3400.800048828125,258,0,0.0
2015-04-17,3354.0,3369.60009765625,3166.800048828125,3166.800048828125,430,0,0.0
2015-04-20,3260.39990234375,3260.39990234375,2979.60009765625,3073.199951171875,508,0,0.0
2015-04-21,3104.39990234375,3229.199951171875,3057.60009765625,3120.0,195,0,0.0
2015-04-22,3166.800048828125,3166.800048828125,3026.39990234375,3057.60009765625,206,0,0.0
2015-04-23,3073.199951171875,3120.0,2979.60009765625,3120.0,140,0,0.0
2015-04-24,3120.0,3151.199951171875,3026.39990234375,3026.39990234375,199,0,0.0
2015-04-27,3026.39990234375,3026.39990234375,2745.60009765625,2823.60009765625,654,0,0.0
2015-04-28,2886.0,2964.0,2776.800048828125,2839.199951171875,395,0,0.0
2015-04-29,2808.0,2964.0,2808.0,2870.39990234375,219,0,0.0
2015-04-30,2886.0,2901.60009765625,2449.199951171875,2636.39990234375,752,0,0.0
2015-05-01,2730.0,2995.199951171875,2652.0,2948.39990234375,681,0,0.0
2015-05-04,2979.60009765625,3088.800048828125,2886.0,2917.199951171875,288,0,0.0
2015-05-05,2964.0,2964.0,2698.800048828125,2745.60009765625,444,0,0.0
2015-05-06,2776.800048828125,2964.0,2761.199951171875,2886.0,334,0,0.0
2015-05-07,2886.0,2901.60009765625,2792.39990234375,2886.0,223,0,0.0
2015-05-08,2979.60009765625,3026.39990234375,2776.800048828125,2901.60009765625,253,0,0.0
2015-05-11,2886.0,2932.800048828125,2776.800048828125,2854.800048828125,188,0,0.0
2015-05-12,2761.199951171875,2870.39990234375,2714.39990234375,2745.60009765625,285,0,0.0
2015-05-13,2730.0,2808.0,2730.0,2730.0,195,0,0.0
2015-05-14,2730.0,2745.60009765625,2652.0,2714.39990234375,177,0,0.0
2015-05-15,2698.800048828125,2730.0,2589.60009765625,2652.0,307,0,0.0
2015-05-18,2636.39990234375,2776.800048828125,2620.800048828125,2667.60009765625,325,0,0.0
2015-05-19,2683.199951171875,2714.39990234375,2527.199951171875,2542.800048828125,401,0,0.0
2015-05-20,2542.800048828125,2542.800048828125,2418.0,2527.199951171875,441,0,0.0
2015-05-21,2574.0,2574.0,2464.800048828125,2496.0,185,0,0.0
2015-05-22,2464.800048828125,2558.39990234375,2418.0,2558.39990234375,443,0,0.0
2015-05-26,2527.199951171875,2527.199951171875,2449.199951171875,2480.39990234375,248,0,0.0
2015-05-27,2418.0,2620.800048828125,2418.0,2542.800048828125,473,0,0.0
2015-05-28,2496.0,2527.199951171875,2371.199951171875,2480.39990234375,617,0,0.0
2015-05-29,2511.60009765625,2511.60009765625,2386.800048828125,2402.39990234375,487,0,0.0
2015-06-01,2418.0,2449.199951171875,2308.800048828125,2355.60009765625,491,0,0.0
2015-06-02,2293.199951171875,2589.60009765625,2277.60009765625,2527.199951171875,464,0,0.0
2015-06-03,2558.39990234375,2745.60009765625,2527.199951171875,2745.60009765625,424,0,0.0
2015-06-04,2745.60009765625,2745.60009765625,2652.0,2730.0,215,0,0.0
2015-06-05,2730.0,2808.0,2636.39990234375,2808.0,291,0,0.0
2015-06-08,2808.0,3104.39990234375,2761.199951171875,3073.199951171875,383,0,0.0
2015-06-09,3104.39990234375,3697.199951171875,2964.0,3666.0,1772,0,0.0
2015-06-10,3619.199951171875,3619.199951171875,3166.800048828125,3432.0,891,0,0.0
2015-06-11,3369.60009765625,3369.60009765625,2854.800048828125,2979.60009765625,778,0,0.0
2015-06-12,3073.199951171875,3073.199951171875,2823.60009765625,2839.199951171875,366,0,0.0
2015-06-15,2839.199951171875,3198.0,2761.199951171875,3026.39990234375,505,0,0.0
2015-06-16,3010.800048828125,3166.800048828125,2995.199951171875,2995.199951171875,309,0,0.0
2015-06-17,3057.60009765625,3088.800048828125,2854.800048828125,2870.39990234375,284,0,0.0
2015-06-18,2901.60009765625,3073.199951171875,2854.800048828125,2901.60009765625,391,0,0.0
2015-06-19,2995.199951171875,3088.800048828125,2932.800048828125,2964.0,416,0,0.0
2015-06-22,2948.39990234375,3120.0,2901.60009765625,3120.0,379,0,0.0
2015-06-23,3042.0,3400.800048828125,3042.0,3307.199951171875,507,0,0.0
2015-06-24,3276.0,3400.800048828125,3166.800048828125,3213.60009765625,246,0,0.0
2015-06-25,3260.39990234375,3260.39990234375,3151.199951171875,3166.800048828125,292,0,0.0
2015-06-26,3416.39990234375,3525.60009765625,2964.0,3151.199951171875,4536,0,0.0
2015-06-29,3042.0,3166.800048828125,2776.800048828125,2776.800048828125,727,0,0.0
2015-06-30,2948.39990234375,3073.199951171875,2808.0,3026.39990234375,332,0,0.0
2015-07-01,3104.39990234375,3151.199951171875,2917.199951171875,2917.199951171875,201,0,0.0
2015-07-02,2917.199951171875,3088.800048828125,2886.0,3042.0,165,0,0.0
2015-07-06,2948.39990234375,3042.0,2808.0,2932.800048828125,379,0,0.0
2015-07-07,2886.0,3088.800048828125,2730.0,2761.199951171875,600,0,0.0
2015-07-08,2730.0,2854.800048828125,2620.800048828125,2620.800048828125,398,0,0.0
2015-07-09,2652.0,2823.60009765625,2620.800048828125,2652.0,215,0,0.0
2015-07-10,2714.39990234375,2792.39990234375,2620.800048828125,2636.39990234375,268,0,0.0
2015-07-13,2589.60009765625,2714.39990234375,2574.0,2714.39990234375,256,0,0.0
2015-07-14,2698.800048828125,2854.800048828125,2652.0,2730.0,267,0,0.0
2015-07-15,2776.800048828125,2932.800048828125,2776.800048828125,2870.39990234375,282,0,0.0
2015-07-16,2870.39990234375,2948.39990234375,2823.60009765625,2870.39990234375,137,0,0.0
2015-07-17,2823.60009765625,2932.800048828125,2745.60009765625,2823.60009765625,148,0,0.0
2015-07-20,2823.60009765625,2854.800048828125,2667.60009765625,2730.0,200,0,0.0
2015-07-21,2683.199951171875,2808.0,2620.800048828125,2683.199951171875,170,0,0.0
2015-07-22,2636.39990234375,2698.800048828125,2620.800048828125,2620.800048828125,185,0,0.0
2015-07-23,2730.0,3026.39990234375,2652.0,3010.800048828125,757,0,0.0
2015-07-24,2979.60009765625,3010.800048828125,2761.199951171875,2776.800048828125,374,0,0.0
2015-07-27,2870.39990234375,2870.39990234375,2574.0,2652.0,327,0,0.0
2015-07-28,2667.60009765625,2714.39990234375,2589.60009765625,2698.800048828125,179,0,0.0
2015-07-29,2730.0,2730.0,2574.0,2589.60009765625,204,0,0.0
2015-07-30,2574.0,2698.800048828125,2464.800048828125,2652.0,307,0,0.0
2015-07-31,2636.39990234375,2730.0,2605.199951171875,2698.800048828125,236,0,0.0
2015-08-03,2652.0,2683.199951171875,2496.0,2511.60009765625,255,0,0.0
2015-08-04,2527.199951171875,2558.39990234375,2418.0,2433.60009765625,337,0,0.0
2015-08-05,2418.0,2464.800048828125,2355.60009765625,2402.39990234375,330,0,0.0
2015-08-06,2402.39990234375,2464.800048828125,2293.199951171875,2308.800048828125,341,0,0.0
2015-08-07,2340.0,2340.0,1950.0,2121.60009765625,812,0,0.0
2015-08-10,2106.0,2121.60009765625,2028.0,2028.0,294,0,0.0
2015-08-11,2028.0,2074.800048828125,2028.0,2074.800048828125,206,0,0.0
2015-08-12,2090.39990234375,2246.39990234375,2043.5999755859375,2152.800048828125,334,0,0.0
2015-08-13,2199.60009765625,2215.199951171875,2059.199951171875,2074.800048828125,267,0,0.0
2015-08-14,2043.5999755859375,2152.800048828125,1996.800048828125,2059.199951171875,196,0,0.0
2015-08-17,2059.199951171875,2137.199951171875,2043.5999755859375,2059.199951171875,132,0,0.0
2015-08-18,2090.39990234375,2184.0,2074.800048828125,2152.800048828125,219,0,0.0
2015-08-19,2184.0,2199.60009765625,2106.0,2199.60009765625,236,0,0.0
2015-08-20,2199.60009765625,2199.60009765625,2090.39990234375,2121.60009765625,184,0,0.0
2015-08-21,2121.60009765625,2199.60009765625,2043.5999755859375,2184.0,333,0,0.0
2015-08-24,2028.0,2121.60009765625,1996.800048828125,2106.0,317,0,0.0
2015-08-25,2184.0,2184.0,2074.800048828125,2090.39990234375,142,0,0.0
2015-08-26,2121.60009765625,2137.199951171875,2028.0,2106.0,156,0,0.0
2015-08-27,2106.0,2340.0,2106.0,2308.800048828125,336,0,0.0
2015-08-28,2262.0,2496.0,2230.800048828125,2355.60009765625,340,0,0.0
2015-08-31,2386.800048828125,2433.60009765625,2262.0,2277.60009765625,114,0,0.0
2015-09-01,2184.0,2324.39990234375,2184.0,2308.800048828125,98,0,0.0
2015-09-02,2386.800048828125,2418.0,2262.0,2371.199951171875,123,0,0.0
2015-09-03,2340.0,2418.0,2340.0,2371.199951171875,101,0,0.0
2015-09-04,2340.0,2386.800048828125,2277.60009765625,2277.60009765625,129,0,0.0
2015-09-08,2293.199951171875,2449.199951171875,2293.199951171875,2433.60009765625,95,0,0.0
2015-09-09,2433.60009765625,2480.39990234375,2277.60009765625,2324.39990234375,167,0,0.0
2015-09-10,2340.0,2371.199951171875,2277.60009765625,2355.60009765625,104,0,0.0
2015-09-11,2308.800048828125,2386.800048828125,2293.199951171875,2386.800048828125,183,0,0.0
2015-09-14,2355.60009765625,2386.800048828125,2262.0,2277.60009765625,154,0,0.0
2015-09-15,2262.0,2340.0,2246.39990234375,2324.39990234375,72,0,0.0
2015-09-16,2293.199951171875,2371.199951171875,2293.199951171875,2355.60009765625,100,0,0.0
2015-09-17,2308.800048828125,2464.800048828125,2308.800048828125,2418.0,178,0,0.0
2015-09-18,2340.0,2464.800048828125,2324.39990234375,2449.199951171875,160,0,0.0
2015-09-21,2449.199951171875,2511.60009765625,2324.39990234375,2355.60009765625,301,0,0.0
2015-09-22,2386.800048828125,2449.199951171875,2324.39990234375,2433.60009765625,132,0,0.0
2015-09-23,2433.60009765625,2480.39990234375,2340.0,2386.800048828125,131,0,0.0
2015-09-24,2418.0,3026.39990234375,2418.0,3010.800048828125,1481,0,0.0
2015-09-25,3057.60009765625,3057.60009765625,2652.0,2823.60009765625,1157,0,0.0
2015-09-28,2823.60009765625,2839.199951171875,2324.39990234375,2464.800048828125,496,0,0.0
2015-09-29,2527.199951171875,2574.0,2121.60009765625,2152.800048828125,877,0,0.0
2015-09-30,2137.199951171875,2230.800048828125,1872.0,1903.199951171875,1015,0,0.0
2015-10-01,1934.4000244140625,1981.199951171875,1903.199951171875,1934.4000244140625,252,0,0.0
2015-10-02,1981.199951171875,1981.199951171875,1918.800048828125,1950.0,219,0,0.0
2015-10-05,1950.0,2059.199951171875,1950.0,1996.800048828125,380,0,0.0
2015-10-06,1965.5999755859375,1996.800048828125,1934.4000244140625,1965.5999755859375,194,0,0.0
2015-10-07,1950.0,2012.4000244140625,1950.0,1981.199951171875,137,0,0.0
2015-10-08,1981.199951171875,2028.0,1950.0,2028.0,131,0,0.0
2015-10-09,1996.800048828125,2106.0,1996.800048828125,2074.800048828125,131,0,0.0
2015-10-12,2043.5999755859375,2106.0,2028.0,2043.5999755859375,109,0,0.0
2015-10-13,2012.4000244140625,2043.5999755859375,1965.5999755859375,1981.199951171875,250,0,0.0
2015-10-14,1996.800048828125,2012.4000244140625,1950.0,1996.800048828125,138,0,0.0
2015-10-15,1965.5999755859375,1996.800048828125,1950.0,1996.800048828125,133,0,0.0
2015-10-16,2012.4000244140625,2028.0,1887.5999755859375,1903.199951171875,250,0,0.0
2015-10-19,1887.5999755859375,1965.5999755859375,1856.4000244140625,1934.4000244140625,185,0,0.0
2015-10-20,1903.199951171875,1934.4000244140625,1872.0,1887.5999755859375,122,0,0.0
2015-10-21,1872.0,1981.199951171875,1856.4000244140625,1934.4000244140625,222,0,0.0
2015-10-22,1918.800048828125,1981.199951171875,1903.199951171875,1934.4000244140625,124,0,0.0
2015-10-23,1950.0,1965.5999755859375,1872.0,1903.199951171875,133,0,0.0
2015-10-26,1872.0,1918.800048828125,1638.0,1716.0,496,0,0.0
2015-10-27,1638.0,1700.4000244140625,1528.800048828125,1591.199951171875,556,0,0.0
2015-10-28,1591.199951171875,1747.199951171875,1591.199951171875,1747.199951171875,355,0,0.0
2015-10-29,1716.0,1840.800048828125,1716.0,1778.4000244140625,373,0,0.0
2015-10-30,1778.4000244140625,1856.4000244140625,1747.199951171875,1840.800048828125,225,0,0.0
2015-11-02,1809.5999755859375,1887.5999755859375,1747.199951171875,1887.5999755859375,169,0,0.0
2015-11-03,1872.0,1981.199951171875,1840.800048828125,1981.199951171875,173,0,0.0
2015-11-04,1950.0,1965.5999755859375,1872.0,1887.5999755859375,175,0,0.0
2015-11-05,1887.5999755859375,1934.4000244140625,1762.800048828125,1825.199951171875,126,0,0.0
2015-11-06,1794.0,1825.199951171875,1731.5999755859375,1809.5999755859375,90,0,0.0
2015-11-09,1778.4000244140625,1965.5999755859375,1762.800048828125,1887.5999755859375,213,0,0.0
2015-11-10,1840.800048828125,1872.0,1700.4000244140625,1747.199951171875,202,0,0.0
2015-11-11,1747.199951171875,1840.800048828125,1747.199951171875,1778.4000244140625,95,0,0.0
2015-11-12,1778.4000244140625,1825.199951171875,1762.800048828125,1794.0,92,0,0.0
2015-11-13,1794.0,1840.800048828125,1700.4000244140625,1700.4000244140625,240,0,0.0
2015-11-16,1700.4000244140625,1794.0,1669.199951171875,1700.4000244140625,162,0,0.0
2015-11-17,1700.4000244140625,1731.5999755859375,1638.0,1684.800048828125,122,0,0.0
2015-11-18,1669.199951171875,1731.5999755859375,1669.199951171875,1700.4000244140625,149,0,0.0
2015-11-19,1731.5999755859375,1731.5999755859375,1653.5999755859375,1700.4000244140625,155,0,0.0
2015-11-20,1700.4000244140625,1731.5999755859375,1669.199951171875,1731.5999755859375,95,0,0.0
2015-11-23,1700.4000244140625,1794.0,1700.4000244140625,1762.800048828125,191,0,0.0
2015-11-24,1762.800048828125,1778.4000244140625,1716.0,1747.199951171875,92,0,0.0
2015-11-25,1716.0,1778.4000244140625,1716.0,1762.800048828125,88,0,0.0
2015-11-27,1716.0,1809.5999755859375,1716.0,1778.4000244140625,102,0,0.0
2015-11-30,1778.4000244140625,1809.5999755859375,1716.0,1716.0,134,0,0.0
2015-12-01,1716.0,1778.4000244140625,1684.800048828125,1778.4000244140625,102,0,0.0
2015-12-02,1778.4000244140625,1809.5999755859375,1731.5999755859375,1762.800048828125,146,0,0.0
2015-12-03,1762.800048828125,1762.800048828125,1684.800048828125,1731.5999755859375,126,0,0.0
2015-12-04,1731.5999755859375,1731.5999755859375,1684.800048828125,1731.5999755859375,111,0,0.0
2015-12-07,1700.4000244140625,1716.0,1638.0,1669.199951171875,278,0,0.0
2015-12-08,1591.199951171875,1747.199951171875,1575.5999755859375,1700.4000244140625,257,0,0.0
2015-12-09,1700.4000244140625,1716.0,1606.800048828125,1653.5999755859375,216,0,0.0
2015-12-10,1622.4000244140625,1669.199951171875,1622.4000244140625,1638.0,151,0,0.0
2015-12-11,1606.800048828125,1653.5999755859375,1560.0,1591.199951171875,331,0,0.0
2015-12-14,1575.5999755859375,1638.0,1560.0,1575.5999755859375,236,0,0.0
2015-12-15,1560.0,1622.4000244140625,1544.4000244140625,1591.199951171875,362,0,0.0
2015-12-16,1591.199951171875,1638.0,1575.5999755859375,1606.800048828125,216,0,0.0
2015-12-17,1606.800048828125,1669.199951171875,1606.800048828125,1638.0,155,0,0.0
2015-12-18,1653.5999755859375,1700.4000244140625,1606.800048828125,1700.4000244140625,224,0,0.0
2015-12-21,1700.4000244140625,1872.0,1684.800048828125,1856.4000244140625,330,0,0.0
2015-12-22,1856.4000244140625,1856.4000244140625,1669.199951171875,1778.4000244140625,185,0,0.0
2015-12-23,1809.5999755859375,1840.800048828125,1762.800048828125,1809.5999755859375,130,0,0.0
2015-12-24,1762.800048828125,1872.0,1762.800048828125,1809.5999755859375,211,0,0.0
2015-12-28,1778.4000244140625,1825.199951171875,1638.0,1653.5999755859375,201,0,0.0
2015-12-29,1684.800048828125,1731.5999755859375,1606.800048828125,1638.0,366,0,0.0
2015-12-30,1606.800048828125,1638.0,1544.4000244140625,1591.199951171875,544,0,0.0
2015-12-31,1575.5999755859375,1606.800048828125,1544.4000244140625,1606.800048828125,491,0,0.0
2016-01-04,1560.0,1638.0,1560.0,1606.800048828125,163,0,0.0
2016-01-05,1591.199951171875,1638.0,1591.199951171875,1622.4000244140625,141,0,0.0
2016-01-06,1606.800048828125,1700.4000244140625,1575.5999755859375,1684.800048828125,288,0,0.0
2016-01-07,1638.0,1669.199951171875,1575.5999755859375,1606.800048828125,298,0,0.0
2016-01-08,1622.4000244140625,1638.0,1591.199951171875,1606.800048828125,123,0,0.0
2016-01-11,1622.4000244140625,1622.4000244140625,1560.0,1591.199951171875,246,0,0.0
2016-01-12,1591.199951171875,1606.800048828125,1560.0,1591.199951171875,259,0,0.0
2016-01-13,1560.0,1622.4000244140625,1045.199951171875,1232.4000244140625,866,0,0.0
2016-01-14,1279.199951171875,1279.199951171875,998.4000244140625,1029.5999755859375,452,0,0.0
2016-01-15,1029.5999755859375,1076.4000244140625,936.0,982.7999877929688,386,0,0.0
2016-01-19,1014.0,1076.4000244140625,873.5999755859375,920.4000244140625,369,0,0.0
2016-01-20,889.2000122070312,936.0,811.2000122070312,920.4000244140625,233,0,0.0
2016-01-21,936.0,1076.4000244140625,936.0,1014.0,150,0,0.0
2016-01-22,1060.800048828125,1107.5999755859375,1014.0,1076.4000244140625,161,0,0.0
2016-01-25,1076.4000244140625,1092.0,1014.0,1029.5999755859375,97,0,0.0
2016-01-26,1060.800048828125,1076.4000244140625,998.4000244140625,1045.199951171875,65,0,0.0
2016-01-27,1060.800048828125,1076.4000244140625,1014.0,1045.199951171875,120,0,0.0
2016-01-28,1014.0,1076.4000244140625,1014.0,1045.199951171875,49,0,0.0
2016-01-29,1076.4000244140625,1232.4000244140625,1060.800048828125,1216.800048828125,256,0,0.0
2016-02-01,1216.800048828125,1450.800048828125,1170.0,1404.0,179,0,0.0
2016-02-02,1372.800048828125,1450.800048828125,1279.199951171875,1450.800048828125,153,0,0.0
2016-02-03,1435.199951171875,1450.800048828125,1357.199951171875,1388.4000244140625,66,0,0.0
2016-02-04,1341.5999755859375,1450.800048828125,1326.0,1404.0,70,0,0.0
2016-02-05,1388.4000244140625,1419.5999755859375,1357.199951171875,1388.4000244140625,85,0,0.0
2016-02-08,1372.800048828125,1372.800048828125,1248.0,1310.4000244140625,80,0,0.0
2016-02-09,1248.0,1279.199951171875,1107.5999755859375,1123.199951171875,102,0,0.0
2016-02-10,1092.0,1154.4000244140625,1076.4000244140625,1138.800048828125,76,0,0.0
2016-02-11,1123.199951171875,1123.199951171875,1029.5999755859375,1076.4000244140625,57,0,0.0
2016-02-12,1045.199951171875,1076.4000244140625,1045.199951171875,1076.4000244140625,45,0,0.0
2016-02-16,1076.4000244140625,1326.0,1076.4000244140625,1263.5999755859375,172,0,0.0
2016-02-17,1279.199951171875,1310.4000244140625,1216.800048828125,1279.199951171875,96,0,0.0
2016-02-18,1294.800048828125,1326.0,1248.0,1326.0,52,0,0.0
2016-02-19,1326.0,1622.4000244140625,1326.0,1560.0,488,0,0.0
2016-02-22,1622.4000244140625,1700.4000244140625,1560.0,1591.199951171875,299,0,0.0
2016-02-23,1560.0,1591.199951171875,1450.800048828125,1513.199951171875,93,0,0.0
2016-02-24,1497.5999755859375,1544.4000244140625,1404.0,1528.800048828125,69,0,0.0
2016-02-25,1544.4000244140625,1669.199951171875,1544.4000244140625,1591.199951171875,82,0,0.0
2016-02-26,1638.0,1638.0,1513.199951171875,1544.4000244140625,64,0,0.0
2016-02-29,1560.0,1606.800048828125,1560.0,1560.0,48,0,0.0
2016-03-01,1591.199951171875,1591.199951171875,1544.4000244140625,1560.0,75,0,0.0
2016-03-02,1560.0,1591.199951171875,1544.4000244140625,1591.199951171875,105,0,0.0
2016-03-03,1544.4000244140625,1591.199951171875,1544.4000244140625,1544.4000244140625,109,0,0.0
2016-03-04,1528.800048828125,1560.0,1513.199951171875,1528.800048828125,71,0,0.0
2016-03-07,1528.800048828125,1544.4000244140625,1419.5999755859375,1466.4000244140625,134,0,0.0
2016-03-08,1404.0,1482.0,1388.4000244140625,1466.4000244140625,80,0,0.0
2016-03-09,1482.0,1513.199951171875,1450.800048828125,1497.5999755859375,39,0,0.0
2016-03-10,1497.5999755859375,1544.4000244140625,1482.0,1544.4000244140625,60,0,0.0
2016-03-11,1560.0,1560.0,1513.199951171875,1544.4000244140625,73,0,0.0
2016-03-14,1544.4000244140625,1560.0,1450.800048828125,1528.800048828125,83,0,0.0
2016-03-15,1528.800048828125,1528.800048828125,1279.199951171875,1404.0,202,0,0.0
2016-03-16,1404.0,1404.0,1076.4000244140625,1263.5999755859375,207,0,0.0
2016-03-17,1263.5999755859375,1263.5999755859375,1170.0,1248.0,134,0,0.0
2016-03-18,1248.0,1248.0,1201.199951171875,1232.4000244140625,66,0,0.0
2016-03-21,1248.0,1388.4000244140625,1232.4000244140625,1326.0,98,0,0.0
2016-03-22,1326.0,1341.5999755859375,1201.199951171875,1263.5999755859375,107,0,0.0
2016-03-23,1263.5999755859375,1326.0,1201.199951171875,1248.0,95,0,0.0
2016-03-24,1232.4000244140625,1279.199951171875,1216.800048828125,1263.5999755859375,24,0,0.0
2016-03-28,1248.0,1279.199951171875,1201.199951171875,1216.800048828125,57,0,0.0
2016-03-29,1201.199951171875,1248.0,1170.0,1170.0,52,0,0.0
2016-03-30,1170.0,1201.199951171875,1107.5999755859375,1138.800048828125,54,0,0.0
2016-03-31,1138.800048828125,1201.199951171875,1092.0,1170.0,89,0,0.0
2016-04-01,1185.5999755859375,1201.199951171875,1123.199951171875,1154.4000244140625,31,0,0.0
2016-04-04,1185.5999755859375,1248.0,1154.4000244140625,1216.800048828125,55,0,0.0
2016-04-05,1216.800048828125,1216.800048828125,1107.5999755859375,1107.5999755859375,60,0,0.0
2016-04-06,1138.800048828125,1185.5999755859375,1107.5999755859375,1154.4000244140625,123,0,0.0
2016-04-07,1123.199951171875,1154.4000244140625,1045.199951171875,1092.0,99,0,0.0
2016-04-08,1092.0,1154.4000244140625,1092.0,1123.199951171875,81,0,0.0
2016-04-11,1123.199951171875,1123.199951171875,1045.199951171875,1076.4000244140625,70,0,0.0
2016-04-12,1045.199951171875,1092.0,1045.199951171875,1076.4000244140625,63,0,0.0
2016-04-13,1092.0,1170.0,1076.4000244140625,1154.4000244140625,140,0,0.0
2016-04-14,1154.4000244140625,1232.4000244140625,1154.4000244140625,1216.800048828125,104,0,0.0
2016-04-15,1216.800048828125,1216.800048828125,1170.0,1170.0,75,0,0.0
2016-04-18,1216.800048828125,1232.4000244140625,1154.4000244140625,1185.5999755859375,90,0,0.0
2016-04-19,1170.0,1232.4000244140625,1107.5999755859375,1170.0,128,0,0.0
2016-04-20,1170.0,1170.0,1107.5999755859375,1107.5999755859375,78,0,0.0
2016-04-21,1107.5999755859375,1123.199951171875,1076.4000244140625,1092.0,86,0,0.0
2016-04-22,1092.0,1123.199951171875,1045.199951171875,1076.4000244140625,132,0,0.0
2016-04-25,1107.5999755859375,1107.5999755859375,1060.800048828125,1092.0,47,0,0.0
2016-04-26,1092.0,1092.0,904.7999877929688,982.7999877929688,250,0,0.0
2016-04-27,967.2000122070312,1029.5999755859375,920.4000244140625,967.2000122070312,210,0,0.0
2016-04-28,920.4000244140625,982.7999877929688,904.7999877929688,920.4000244140625,121,0,0.0
2016-04-29,904.7999877929688,967.2000122070312,858.0,936.0,97,0,0.0
2016-05-02,967.2000122070312,982.7999877929688,889.2000122070312,920.4000244140625,135,0,0.0
2016-05-03,561.5999755859375,577.2000122070312,530.4000244140625,546.0,4124,0,0.0
2016-05-04,561.5999755859375,561.5999755859375,499.20001220703125,546.0,1095,0,0.0
2016-05-05,561.5999755859375,561.5999755859375,499.20001220703125,530.4000244140625,762,0,0.0
2016-05-06,546.0,546.0,499.20001220703125,514.7999877929688,475,0,0.0
2016-05-09,499.20001220703125,530.4000244140625,468.0,514.7999877929688,689,0,0.0
2016-05-10,530.4000244140625,530.4000244140625,483.6000061035156,514.7999877929688,335,0,0.0
2016-05-11,514.7999877929688,514.7999877929688,499.20001220703125,514.7999877929688,127,0,0.0
2016-05-12,530.4000244140625,546.0,499.20001220703125,499.20001220703125,319,0,0.0
2016-05-13,499.20001220703125,514.7999877929688,499.20001220703125,499.20001220703125,132,0,0.0
2016-05-16,499.20001220703125,514.7999877929688,499.20001220703125,514.7999877929688,139,0,0.0
2016-05-17,514.7999877929688,514.7999877929688,499.20001220703125,514.7999877929688,141,0,0.0
2016-05-18,514.7999877929688,514.7999877929688,499.20001220703125,499.20001220703125,84,0,0.0
2016-05-19,514.7999877929688,514.7999877929688,499.20001220703125,514.7999877929688,146,0,0.0
2016-05-20,514.7999877929688,514.7999877929688,499.20001220703125,499.20001220703125,132,0,0.0
2016-05-23,514.7999877929688,514.7999877929688,499.20001220703125,499.20001220703125,127,0,0.0
2016-05-24,499.20001220703125,514.7999877929688,499.20001220703125,499.20001220703125,79,0,0.0
2016-05-25,499.20001220703125,530.4000244140625,499.20001220703125,530.4000244140625,228,0,0.0
2016-05-26,530.4000244140625,592.7999877929688,514.7999877929688,561.5999755859375,2232,0,0.0
2016-05-27,577.2000122070312,577.2000122070312,530.4000244140625,530.4000244140625,715,0,0.0
2016-05-31,546.0,561.5999755859375,514.7999877929688,530.4000244140625,544,0,0.0
2016-06-01,530.4000244140625,530.4000244140625,514.7999877929688,530.4000244140625,198,0,0.0
2016-06-02,546.0,546.0,530.4000244140625,530.4000244140625,372,0,0.0
2016-06-03,530.4000244140625,546.0,514.7999877929688,546.0,364,0,0.0
2016-06-06,530.4000244140625,577.2000122070312,530.4000244140625,561.5999755859375,468,0,0.0
2016-06-07,561.5999755859375,577.2000122070312,530.4000244140625,577.2000122070312,363,0,0.0
2016-06-08,546.0,577.2000122070312,530.4000244140625,546.0,608,0,0.0
2016-06-09,546.0,561.5999755859375,499.20001220703125,530.4000244140625,305,0,0.0
2016-06-10,546.0,546.0,514.7999877929688,514.7999877929688,143,0,0.0
2016-06-13,530.4000244140625,546.0,468.0,499.20001220703125,524,0,0.0
2016-06-14,499.20001220703125,499.20001220703125,483.6000061035156,483.6000061035156,201,0,0.0
2016-06-15,468.0,514.7999877929688,468.0,499.20001220703125,157,0,0.0
2016-06-16,499.20001220703125,499.20001220703125,483.6000061035156,499.20001220703125,61,0,0.0
2016-06-17,499.20001220703125,499.20001220703125,468.0,468.0,229,0,0.0
2016-06-20,483.6000061035156,514.7999877929688,468.0,499.20001220703125,226,0,0.0
2016-06-21,514.7999877929688,546.0,499.20001220703125,514.7999877929688,602,0,0.0
2016-06-22,514.7999877929688,514.7999877929688,405.6000061035156,468.0,812,0,0.0
2016-06-23,468.0,483.6000061035156,436.79998779296875,452.3999938964844,253,0,0.0
2016-06-24,452.3999938964844,468.0,390.0,421.20001220703125,568,0,0.0
2016-06-27,421.20001220703125,436.79998779296875,405.6000061035156,421.20001220703125,258,0,0.0
2016-06-28,452.3999938964844,452.3999938964844,421.20001220703125,436.79998779296875,164,0,0.0
2016-06-29,436.79998779296875,468.0,436.79998779296875,468.0,166,0,0.0
2016-06-30,468.0,499.20001220703125,452.3999938964844,452.3999938964844,284,0,0.0
2016-07-01,468.0,483.6000061035156,452.3999938964844,468.0,183,0,0.0
2016-07-05,468.0,483.6000061035156,421.20001220703125,452.3999938964844,240,0,0.0
2016-07-06,452.3999938964844,468.0,421.20001220703125,452.3999938964844,95,0,0.0
2016-07-07,452.3999938964844,468.0,436.79998779296875,452.3999938964844,100,0,0.0
2016-07-08,452.3999938964844,452.3999938964844,436.79998779296875,452.3999938964844,116,0,0.0
2016-07-11,452.3999938964844,452.3999938964844,421.20001220703125,436.79998779296875,200,0,0.0
2016-07-12,452.3999938964844,452.3999938964844,421.20001220703125,421.20001220703125,489,0,0.0
2016-07-13,421.20001220703125,436.79998779296875,421.20001220703125,421.20001220703125,209,0,0.0
2016-07-14,421.20001220703125,436.79998779296875,421.20001220703125,421.20001220703125,270,0,0.0
2016-07-15,421.20001220703125,421.20001220703125,405.6000061035156,405.6000061035156,215,0,0.0
2016-07-18,405.6000061035156,421.20001220703125,390.0,390.0,355,0,0.0
2016-07-19,405.6000061035156,421.20001220703125,374.3999938964844,405.6000061035156,239,0,0.0
2016-07-20,421.20001220703125,421.20001220703125,390.0,405.6000061035156,215,0,0.0
2016-07-21,421.20001220703125,421.20001220703125,390.0,405.6000061035156,90,0,0.0
2016-07-22,390.0,405.6000061035156,390.0,405.6000061035156,117,0,0.0
2016-07-25,390.0,405.6000061035156,374.3999938964844,390.0,256,0,0.0
2016-07-26,390.0,421.20001220703125,374.3999938964844,390.0,591,0,0.0
2016-07-27,390.0,390.0,343.20001220703125,358.79998779296875,521,0,0.0
2016-07-28,343.20001220703125,374.3999938964844,343.20001220703125,374.3999938964844,279,0,0.0
2016-07-29,374.3999938964844,374.3999938964844,358.79998779296875,374.3999938964844,116,0,0.0
2016-08-01,374.3999938964844,374.3999938964844,343.20001220703125,358.79998779296875,203,0,0.0
2016-08-02,358.79998779296875,358.79998779296875,327.6000061035156,343.20001220703125,251,0,0.0
2016-08-03,343.20001220703125,358.79998779296875,312.0,343.20001220703125,164,0,0.0
2016-08-04,358.79998779296875,358.79998779296875,327.6000061035156,327.6000061035156,135,0,0.0
2016-08-05,358.79998779296875,358.79998779296875,327.6000061035156,343.20001220703125,183,0,0.0
2016-08-08,343.20001220703125,405.6000061035156,327.6000061035156,390.0,733,0,0.0
2016-08-09,358.79998779296875,390.0,312.0,358.79998779296875,310,0,0.0
2016-08-10,327.6000061035156,358.79998779296875,327.6000061035156,343.20001220703125,242,0,0.0
2016-08-11,343.20001220703125,343.20001220703125,296.3999938964844,343.20001220703125,583,0,0.0
2016-08-12,343.20001220703125,358.79998779296875,296.3999938964844,312.0,789,0,0.0
2016-08-15,312.0,327.6000061035156,296.3999938964844,327.6000061035156,351,0,0.0
2016-08-16,327.6000061035156,483.6000061035156,312.0,452.3999938964844,3393,0,0.0
2016-08-17,421.20001220703125,436.79998779296875,390.0,405.6000061035156,1148,0,0.0
2016-08-18,436.79998779296875,436.79998779296875,421.20001220703125,421.20001220703125,536,0,0.0
2016-08-19,436.79998779296875,436.79998779296875,405.6000061035156,421.20001220703125,141,0,0.0
2016-08-22,421.20001220703125,452.3999938964844,390.0,436.79998779296875,422,0,0.0
2016-08-23,436.79998779296875,452.3999938964844,421.20001220703125,421.20001220703125,183,0,0.0
2016-08-24,421.20001220703125,421.20001220703125,405.6000061035156,421.20001220703125,356,0,0.0
2016-08-25,421.20001220703125,421.20001220703125,405.6000061035156,405.6000061035156,162,0,0.0
2016-08-26,405.6000061035156,405.6000061035156,374.3999938964844,390.0,180,0,0.0
2016-08-29,421.20001220703125,452.3999938964844,390.0,421.20001220703125,914,0,0.0
2016-08-30,421.20001220703125,499.20001220703125,421.20001220703125,468.0,1574,0,0.0
2016-08-31,468.0,483.6000061035156,436.79998779296875,436.79998779296875,387,0,0.0
2016-09-01,452.3999938964844,452.3999938964844,405.6000061035156,421.20001220703125,476,0,0.0
2016-09-02,390.0,421.20001220703125,390.0,390.0,166,0,0.0
2016-09-06,421.20001220703125,421.20001220703125,390.0,390.0,431,0,0.0
2016-09-07,390.0,421.20001220703125,390.0,390.0,380,0,0.0
2016-09-08,390.0,421.20001220703125,390.0,405.6000061035156,229,0,0.0
2016-09-09,405.6000061035156,452.3999938964844,405.6000061035156,436.79998779296875,447,0,0.0
2016-09-12,483.6000061035156,546.0,452.3999938964844,468.0,4100,0,0.0
2016-09-13,483.6000061035156,483.6000061035156,421.20001220703125,436.79998779296875,682,0,0.0
2016-09-14,468.0,468.0,421.20001220703125,436.79998779296875,342,0,0.0
2016-09-15,421.20001220703125,436.79998779296875,405.6000061035156,436.79998779296875,254,0,0.0
2016-09-16,436.79998779296875,483.6000061035156,421.20001220703125,468.0,1086,0,0.0
2016-09-19,468.0,514.7999877929688,452.3999938964844,499.20001220703125,1400,0,0.0
2016-09-20,499.20001220703125,514.7999877929688,468.0,483.6000061035156,587,0,0.0
2016-09-21,483.6000061035156,483.6000061035156,436.79998779296875,483.6000061035156,233,0,0.0
2016-09-22,483.6000061035156,499.20001220703125,468.0,483.6000061035156,556,0,0.0
2016-09-23,499.20001220703125,499.20001220703125,483.6000061035156,499.20001220703125,472,0,0.0
2016-09-26,499.20001220703125,514.7999877929688,483.6000061035156,499.20001220703125,260,0,0.0
2016-09-27,499.20001220703125,514.7999877929688,499.20001220703125,499.20001220703125,432,0,0.0
2016-09-28,499.20001220703125,499.20001220703125,483.6000061035156,499.20001220703125,443,0,0.0
2016-09-29,499.20001220703125,499.20001220703125,499.20001220703125,499.20001220703125,134,0,0.0
2016-09-30,499.20001220703125,499.20001220703125,483.6000061035156,499.20001220703125,394,0,0.0
2016-10-03,514.7999877929688,514.7999877929688,483.6000061035156,483.6000061035156,316,0,0.0
2016-10-04,514.7999877929688,514.7999877929688,499.20001220703125,499.20001220703125,704,0,0.0
2016-10-05,499.20001220703125,499.20001220703125,436.79998779296875,499.20001220703125,731,0,0.0
2016-10-06,499.20001220703125,499.20001220703125,483.6000061035156,499.20001220703125,283,0,0.0
2016-10-07,499.20001220703125,499.20001220703125,483.6000061035156,499.20001220703125,328,0,0.0
2016-10-10,499.20001220703125,514.7999877929688,499.20001220703125,499.20001220703125,1084,0,0.0
2016-10-11,499.20001220703125,514.7999877929688,483.6000061035156,499.20001220703125,417,0,0.0
2016-10-12,499.20001220703125,499.20001220703125,468.0,483.6000061035156,328,0,0.0
2016-10-13,499.20001220703125,499.20001220703125,483.6000061035156,483.6000061035156,363,0,0.0
2016-10-14,468.0,483.6000061035156,452.3999938964844,468.0,376,0,0.0
2016-10-17,483.6000061035156,483.6000061035156,436.79998779296875,452.3999938964844,261,0,0.0
2016-10-18,452.3999938964844,468.0,421.20001220703125,452.3999938964844,508,0,0.0
2016-10-19,452.3999938964844,468.0,436.79998779296875,436.79998779296875,156,0,0.0
2016-10-20,468.0,483.6000061035156,452.3999938964844,468.0,572,0,0.0
2016-10-21,468.0,468.0,452.3999938964844,452.3999938964844,114,0,0.0
2016-10-24,436.79998779296875,468.0,436.79998779296875,452.3999938964844,164,0,0.0
2016-10-25,452.3999938964844,452.3999938964844,421.20001220703125,436.79998779296875,203,0,0.0
2016-10-26,436.79998779296875,452.3999938964844,421.20001220703125,436.79998779296875,58,0,0.0
2016-10-27,421.20001220703125,436.79998779296875,390.0,390.0,295,0,0.0
2016-10-28,405.6000061035156,405.6000061035156,390.0,405.6000061035156,205,0,0.0
2016-10-31,390.0,421.20001220703125,374.3999938964844,405.6000061035156,213,0,0.0
2016-11-01,405.6000061035156,405.6000061035156,358.79998779296875,374.3999938964844,308,0,0.0
2016-11-02,374.3999938964844,374.3999938964844,374.3999938964844,374.3999938964844,180,0,0.0
2016-11-03,374.3999938964844,374.3999938964844,343.20001220703125,343.20001220703125,176,0,0.0
2016-11-04,343.20001220703125,374.3999938964844,343.20001220703125,358.79998779296875,184,0,0.0
2016-11-07,374.3999938964844,405.6000061035156,358.79998779296875,390.0,284,0,0.0
2016-11-08,390.0,405.6000061035156,358.79998779296875,374.3999938964844,137,0,0.0
2016-11-09,343.20001220703125,374.3999938964844,343.20001220703125,374.3999938964844,232,0,0.0
2016-11-10,374.3999938964844,405.6000061035156,374.3999938964844,405.6000061035156,198,0,0.0
2016-11-11,390.0,436.79998779296875,390.0,436.79998779296875,327,0,0.0
2016-11-14,436.79998779296875,452.3999938964844,405.6000061035156,421.20001220703125,190,0,0.0
2016-11-15,421.20001220703125,452.3999938964844,421.20001220703125,452.3999938964844,176,0,0.0
2016-11-16,452.3999938964844,468.0,436.79998779296875,468.0,362,0,0.0
2016-11-17,468.0,468.0,436.79998779296875,452.3999938964844,134,0,0.0
2016-11-18,452.3999938964844,452.3999938964844,436.79998779296875,452.3999938964844,158,0,0.0
2016-11-21,452.3999938964844,452.3999938964844,421.20001220703125,436.79998779296875,252,0,0.0
2016-11-22,421.20001220703125,436.79998779296875,405.6000061035156,405.6000061035156,184,0,0.0
2016-11-23,421.20001220703125,452.3999938964844,390.0,421.20001220703125,218,0,0.0
2016-11-25,436.79998779296875,436.79998779296875,421.20001220703125,436.79998779296875,49,0,0.0
2016-11-28,436.79998779296875,452.3999938964844,421.20001220703125,436.79998779296875,241,0,0.0
2016-11-29,452.3999938964844,452.3999938964844,436.79998779296875,436.79998779296875,313,0,0.0
2016-11-30,436.79998779296875,436.79998779296875,405.6000061035156,436.79998779296875,255,0,0.0
2016-12-01,421.20001220703125,452.3999938964844,421.20001220703125,421.20001220703125,290,0,0.0
2016-12-02,405.6000061035156,436.79998779296875,405.6000061035156,421.20001220703125,92,0,0.0
2016-12-05,421.20001220703125,436.79998779296875,405.6000061035156,405.6000061035156,97,0,0.0
2016-12-06,436.79998779296875,436.79998779296875,390.0,405.6000061035156,277,0,0.0
2016-12-07,390.0,421.20001220703125,390.0,405.6000061035156,135,0,0.0
2016-12-08,390.0,405.6000061035156,374.3999938964844,374.3999938964844,381,0,0.0
2016-12-09,374.3999938964844,390.0,358.79998779296875,374.3999938964844,422,0,0.0
2016-12-12,390.0,421.20001220703125,390.0,421.20001220703125,771,0,0.0
2016-12-13,436.79998779296875,436.79998779296875,405.6000061035156,436.79998779296875,929,0,0.0
2016-12-14,421.20001220703125,436.79998779296875,421.20001220703125,421.20001220703125,215,0,0.0
2016-12-15,436.79998779296875,436.79998779296875,421.20001220703125,421.20001220703125,201,0,0.0
2016-12-16,405.6000061035156,421.20001220703125,405.6000061035156,421.20001220703125,178,0,0.0
2016-12-19,468.0,546.0,468.0,499.20001220703125,1955,0,0.0
2016-12-20,499.20001220703125,499.20001220703125,483.6000061035156,483.6000061035156,479,0,0.0
2016-12-21,499.20001220703125,499.20001220703125,452.3999938964844,468.0,423,0,0.0
2016-12-22,452.3999938964844,468.0,452.3999938964844,452.3999938964844,213,0,0.0
2016-12-23,468.0,483.6000061035156,452.3999938964844,483.6000061035156,293,0,0.0
2016-12-27,468.0,499.20001220703125,468.0,499.20001220703125,196,0,0.0
2016-12-28,499.20001220703125,499.20001220703125,468.0,468.0,238,0,0.0
2016-12-29,468.0,468.0,436.79998779296875,452.3999938964844,309,0,0.0
2016-12-30,436.79998779296875,452.3999938964844,421.20001220703125,421.20001220703125,666,0,0.0
2017-01-03,468.0,499.20001220703125,452.3999938964844,483.6000061035156,399,0,0.0
2017-01-04,483.6000061035156,499.20001220703125,468.0,483.6000061035156,314,0,0.0
2017-01-05,499.20001220703125,499.20001220703125,483.6000061035156,499.20001220703125,199,0,0.0
2017-01-06,499.20001220703125,561.5999755859375,436.79998779296875,483.6000061035156,2010,0,0.0
2017-01-09,405.6000061035156,492.0,402.0,457.20001220703125,1296,0,0.07692307692307693
2017-01-10,460.79998779296875,728.4000244140625,432.0,727.2000122070312,28425,0,0.0
2017-01-11,732.0,742.7999877929688,540.0,558.0,16124,0,0.0
2017-01-12,553.2000122070312,564.0,496.79998779296875,523.2000122070312,3633,0,0.0
2017-01-13,517.2000122070312,531.5999755859375,498.0,506.3999938964844,2183,0,0.0
2017-01-17,499.20001220703125,501.6000061035156,450.0,463.20001220703125,2238,0,0.0
2017-01-18,462.0,486.0,452.3999938964844,482.3999938964844,1713,0,0.0
2017-01-19,477.6000061035156,492.0,469.20001220703125,482.3999938964844,813,0,0.0
2017-01-20,478.79998779296875,480.0,444.0,458.3999938964844,828,0,0.0
2017-01-23,457.20001220703125,464.3999938964844,410.3999938964844,417.6000061035156,996,0,0.0
2017-01-24,414.0,416.3999938964844,402.0,406.79998779296875,460,0,0.0
2017-01-25,402.0,446.3999938964844,402.0,422.3999938964844,2915,0,0.0
2017-01-26,415.20001220703125,420.0,396.0,400.79998779296875,1399,0,0.0
2017-01-27,394.79998779296875,402.0,372.0,378.0,1228,0,0.0
2017-01-30,385.20001220703125,393.6000061035156,348.0,355.20001220703125,1413,0,0.0
2017-01-31,358.79998779296875,360.0,339.6000061035156,358.79998779296875,667,0,0.0
2017-02-01,360.0,388.79998779296875,360.0,378.0,2229,0,0.0
2017-02-02,376.79998779296875,378.0,345.6000061035156,348.0,2427,0,0.0
2017-02-03,351.6000061035156,378.0,345.6000061035156,362.3999938964844,1953,0,0.0
2017-02-06,366.0,374.3999938964844,355.20001220703125,362.3999938964844,559,0,0.0
2017-02-07,363.6000061035156,387.6000061035156,351.6000061035156,380.3999938964844,1856,0,0.0
2017-02-08,384.0,393.6000061035156,372.0,376.79998779296875,1413,0,0.0
2017-02-09,390.0,400.79998779296875,370.79998779296875,374.3999938964844,1371,0,0.0
2017-02-10,384.0,388.79998779296875,363.6000061035156,380.3999938964844,1062,0,0.0
2017-02-13,385.20001220703125,402.0,372.0,384.0,1189,0,0.0
2017-02-14,384.0,384.0,367.20001220703125,380.3999938964844,880,0,0.0
2017-02-15,381.6000061035156,381.6000061035156,373.20001220703125,381.6000061035156,463,0,0.0
2017-02-16,381.6000061035156,532.7999877929688,380.3999938964844,452.3999938964844,30029,0,0.0
2017-02-17,421.20001220703125,444.0,403.20001220703125,442.79998779296875,3296,0,0.0
2017-02-21,435.6000061035156,496.79998779296875,417.6000061035156,433.20001220703125,7141,0,0.0
2017-02-22,444.0,489.6000061035156,444.0,456.0,5526,0,0.0
2017-02-23,460.79998779296875,460.79998779296875,429.6000061035156,444.0,1456,0,0.0
2017-02-24,436.79998779296875,482.3999938964844,429.6000061035156,463.20001220703125,2214,0,0.0
2017-02-27,464.3999938964844,525.5999755859375,462.0,516.0,2905,0,0.0
2017-02-28,516.0,579.5999755859375,498.0,555.5999755859375,5060,0,0.0
2017-03-01,561.5999755859375,576.0,508.79998779296875,548.4000244140625,2304,0,0.0
2017-03-02,544.7999877929688,559.2000122070312,496.79998779296875,499.20001220703125,1660,0,0.0
2017-03-03,500.3999938964844,523.2000122070312,493.20001220703125,511.20001220703125,1158,0,0.0
2017-03-06,506.3999938964844,516.0,493.20001220703125,512.4000244140625,543,0,0.0
2017-03-07,508.79998779296875,518.4000244140625,500.3999938964844,514.7999877929688,871,0,0.0
2017-03-08,522.0,542.4000244140625,511.20001220703125,531.5999755859375,713,0,0.0
2017-03-09,540.0,652.7999877929688,540.0,636.0,5811,0,0.0
2017-03-10,634.7999877929688,652.7999877929688,565.2000122070312,620.4000244140625,2607,0,0.0
2017-03-13,613.2000122070312,651.5999755859375,600.0,642.0,1575,0,0.0
2017-03-14,633.5999755859375,720.0,618.0,708.0,2898,0,0.0
2017-03-15,710.4000244140625,738.0,666.0,678.0,3682,0,0.0
2017-03-16,678.0,717.5999755859375,666.0,708.0,1121,0,0.0
2017-03-17,714.0,720.0,667.2000122070312,696.0,952,0,0.0
2017-03-20,696.0,700.7999877929688,669.5999755859375,685.2000122070312,796,0,0.0
2017-03-21,686.4000244140625,687.5999755859375,631.2000122070312,642.0,1268,0,0.0
2017-03-22,633.5999755859375,642.0,608.4000244140625,627.5999755859375,1117,0,0.0
2017-03-23,620.4000244140625,672.0,612.0,654.0,1093,0,0.0
2017-03-24,655.2000122070312,666.0,642.0,660.0,686,0,0.0
2017-03-27,650.4000244140625,674.4000244140625,650.4000244140625,661.2000122070312,653,0,0.0
2017-03-28,684.0,684.0,642.0,643.2000122070312,901,0,0.0
2017-03-29,645.5999755859375,666.0,644.4000244140625,660.0,428,0,0.0
2017-03-30,660.0,660.0,624.0,633.5999755859375,830,0,0.0
2017-03-31,625.2000122070312,633.5999755859375,625.2000122070312,633.5999755859375,355,0,0.0
2017-04-03,626.4000244140625,628.7999877929688,608.4000244140625,616.7999877929688,824,0,0.0
2017-04-04,607.2000122070312,609.5999755859375,576.0,596.4000244140625,1283,0,0.0
2017-04-05,596.4000244140625,596.4000244140625,579.5999755859375,589.2000122070312,453,0,0.0
2017-04-06,584.4000244140625,584.4000244140625,552.0,568.7999877929688,1113,0,0.0
2017-04-07,558.0,570.0,552.0,570.0,433,0,0.0
2017-04-10,570.0,600.0,570.0,595.2000122070312,431,0,0.0
2017-04-11,588.0,600.0,552.0,571.2000122070312,907,0,0.0
2017-04-12,570.0,574.7999877929688,564.0,574.7999877929688,275,0,0.0
2017-04-13,570.0,578.4000244140625,570.0,576.0,168,0,0.0
2017-04-17,578.4000244140625,608.4000244140625,577.2000122070312,600.0,370,0,0.0
2017-04-18,600.0,600.0,580.7999877929688,588.0,267,0,0.0
2017-04-19,589.2000122070312,606.0,584.4000244140625,588.0,200,0,0.0
2017-04-20,588.0,594.0,568.7999877929688,584.4000244140625,643,0,0.0
2017-04-21,583.2000122070312,590.4000244140625,576.0,585.5999755859375,388,0,0.0
2017-04-24,591.5999755859375,640.7999877929688,586.7999877929688,608.4000244140625,1041,0,0.0
2017-04-25,610.7999877929688,618.0,590.4000244140625,596.4000244140625,310,0,0.0
2017-04-26,597.5999755859375,597.5999755859375,582.0,589.2000122070312,222,0,0.0
2017-04-27,585.5999755859375,590.4000244140625,570.0,577.2000122070312,483,0,0.0
2017-04-28,576.0,578.4000244140625,561.5999755859375,568.7999877929688,244,0,0.0
2017-05-01,585.5999755859375,596.4000244140625,566.4000244140625,576.0,384,0,0.0
2017-05-02,573.5999755859375,578.4000244140625,570.0,578.4000244140625,160,0,0.0
2017-05-03,572.4000244140625,584.4000244140625,565.2000122070312,584.4000244140625,479,0,0.0
2017-05-04,584.4000244140625,600.0,564.0,592.7999877929688,638,0,0.0
2017-05-05,580.7999877929688,595.2000122070312,558.0,566.4000244140625,1544,0,0.0
2017-05-08,560.4000244140625,576.0,474.0,490.79998779296875,2158,0,0.0
2017-05-09,480.0,490.79998779296875,349.20001220703125,351.6000061035156,4873,0,0.0
2017-05-10,374.3999938964844,501.6000061035156,374.3999938964844,478.79998779296875,3655,0,0.0
2017-05-11,492.0,526.7999877929688,470.3999938964844,488.3999938964844,1468,0,0.0
2017-05-12,484.79998779296875,494.3999938964844,465.6000061035156,481.20001220703125,574,0,0.0
2017-05-15,472.79998779296875,487.20001220703125,472.79998779296875,482.3999938964844,226,0,0.0
2017-05-16,474.0,494.3999938964844,469.20001220703125,494.3999938964844,450,0,0.0
2017-05-17,492.0,493.20001220703125,464.3999938964844,481.20001220703125,232,0,0.0
2017-05-18,480.0,579.5999755859375,480.0,560.4000244140625,2316,0,0.0
2017-05-19,558.0,565.2000122070312,520.7999877929688,525.5999755859375,582,0,0.0
2017-05-22,526.7999877929688,552.0,518.4000244140625,546.0,532,0,0.0
2017-05-23,547.2000122070312,547.2000122070312,526.7999877929688,534.0,224,0,0.0
2017-05-24,531.5999755859375,535.2000122070312,524.4000244140625,531.5999755859375,335,0,0.0
2017-05-25,530.4000244140625,535.2000122070312,524.4000244140625,528.0,329,0,0.0
2017-05-26,524.4000244140625,524.4000244140625,492.0,498.0,458,0,0.0
2017-05-30,493.20001220703125,512.4000244140625,486.0,510.0,373,0,0.0
2017-05-31,510.0,547.2000122070312,510.0,535.2000122070312,488,0,0.0
2017-06-01,564.0,667.2000122070312,559.2000122070312,625.2000122070312,2583,0,0.0
2017-06-02,636.0,681.5999755859375,601.2000122070312,622.7999877929688,1901,0,0.0
2017-06-05,628.7999877929688,636.0,600.0,621.5999755859375,445,0,0.0
2017-06-06,600.0,630.0,600.0,610.7999877929688,402,0,0.0
2017-06-07,616.7999877929688,625.2000122070312,612.0,622.7999877929688,422,0,0.0
2017-06-08,624.0,652.7999877929688,618.0,639.5999755859375,476,0,0.0
2017-06-09,639.5999755859375,645.5999755859375,612.0,627.5999755859375,807,0,0.0
2017-06-12,621.5999755859375,626.4000244140625,576.0,600.0,643,0,0.0
2017-06-13,600.0,625.2000122070312,588.0,622.7999877929688,445,0,0.0
2017-06-14,622.7999877929688,655.2000122070312,614.4000244140625,631.2000122070312,490,0,0.0
2017-06-15,634.7999877929688,648.0,625.2000122070312,632.4000244140625,585,0,0.0
2017-06-16,637.2000122070312,637.2000122070312,606.0,606.0,363,0,0.0
2017-06-19,607.2000122070312,625.2000122070312,603.5999755859375,624.0,298,0,0.0
2017-06-20,615.5999755859375,643.2000122070312,615.5999755859375,619.2000122070312,395,0,0.0
2017-06-21,624.0,644.4000244140625,624.0,644.4000244140625,458,0,0.0
2017-06-22,646.7999877929688,682.7999877929688,646.7999877929688,675.5999755859375,960,0,0.0
2017-06-23,680.4000244140625,715.2000122070312,666.0,715.2000122070312,974,0,0.0
2017-06-26,720.0,792.0,717.5999755859375,759.5999755859375,1836,0,0.0
2017-06-27,778.7999877929688,778.7999877929688,676.7999877929688,684.0,1344,0,0.0
2017-06-28,686.4000244140625,714.0,686.4000244140625,704.4000244140625,622,0,0.0
2017-06-29,699.5999755859375,720.0,673.2000122070312,696.0,975,0,0.0
2017-06-30,692.4000244140625,702.0,663.5999755859375,694.7999877929688,934,0,0.0
2017-07-03,696.0,711.5999755859375,693.5999755859375,708.0,425,0,0.0
2017-07-05,696.0,703.2000122070312,667.2000122070312,679.2000122070312,531,0,0.0
2017-07-06,672.0,696.0,649.2000122070312,669.5999755859375,603,0,0.0
2017-07-07,663.5999755859375,718.7999877929688,654.0,709.2000122070312,684,0,0.0
2017-07-10,711.5999755859375,744.0,678.0,694.7999877929688,790,0,0.0
2017-07-11,692.4000244140625,720.0,673.2000122070312,710.4000244140625,684,0,0.0
2017-07-12,716.4000244140625,716.4000244140625,690.0,702.0,653,0,0.0
2017-07-13,706.7999877929688,709.2000122070312,638.4000244140625,663.5999755859375,2192,0,0.0
2017-07-14,648.0,668.4000244140625,627.5999755859375,644.4000244140625,1258,0,0.0
2017-07-17,639.5999755859375,646.7999877929688,626.4000244140625,640.7999877929688,917,0,0.0
2017-07-18,639.5999755859375,646.7999877929688,632.4000244140625,639.5999755859375,340,0,0.0
2017-07-19,639.5999755859375,656.4000244140625,632.4000244140625,649.2000122070312,688,0,0.0
2017-07-20,654.0,654.0,639.5999755859375,642.0,324,0,0.0
2017-07-21,645.5999755859375,660.0,639.5999755859375,658.7999877929688,354,0,0.0
2017-07-24,660.0,726.0,654.0,669.5999755859375,1991,0,0.0
2017-07-25,280.79998779296875,348.0,264.0,337.20001220703125,29199,0,0.0
2017-07-26,334.79998779296875,334.79998779296875,282.0,296.3999938964844,7737,0,0.0
2017-07-27,241.1999969482422,242.39999389648438,207.60000610351562,210.0,15910,0,0.0
2017-07-28,210.0,214.8000030517578,192.0,199.1999969482422,5833,0,0.0
2017-07-31,199.1999969482422,199.1999969482422,180.0,186.0,5100,0,0.0
2017-08-01,188.39999389648438,192.0,170.39999389648438,177.60000610351562,7433,0,0.0
2017-08-02,183.60000610351562,189.60000610351562,162.0,175.1999969482422,6490,0,0.0
2017-08-03,174.0,174.0,159.60000610351562,163.1999969482422,3233,0,0.0
2017-08-04,162.0,164.39999389648438,141.60000610351562,141.60000610351562,9613,0,0.0
2017-08-07,141.60000610351562,160.8000030517578,141.60000610351562,151.1999969482422,6303,0,0.0
2017-08-08,152.39999389648438,152.39999389648438,132.0,134.39999389648438,6511,0,0.0
2017-08-09,134.39999389648438,136.8000030517578,123.5999984741211,129.60000610351562,3577,0,0.0
2017-08-10,129.60000610351562,129.60000610351562,118.80000305175781,126.0,3498,0,0.0
2017-08-11,123.5999984741211,140.39999389648438,121.19999694824219,140.39999389648438,2655,0,0.0
2017-08-14,140.39999389648438,142.8000030517578,129.60000610351562,133.1999969482422,2652,0,0.0
2017-08-15,134.39999389648438,138.0,127.19999694824219,135.60000610351562,2083,0,0.0
2017-08-16,135.60000610351562,146.39999389648438,130.8000030517578,138.0,4064,0,0.0
2017-08-17,138.0,140.39999389648438,130.8000030517578,139.1999969482422,2530,0,0.0
2017-08-18,140.39999389648438,141.60000610351562,133.1999969482422,141.60000610351562,748,0,0.0
2017-08-21,139.1999969482422,141.60000610351562,136.8000030517578,140.39999389648438,838,0,0.0
2017-08-22,140.39999389648438,156.0,136.8000030517578,140.39999389648438,2666,0,0.0
2017-08-23,136.8000030517578,144.0,132.0,136.8000030517578,1780,0,0.0
2017-08-24,136.8000030517578,138.0,133.1999969482422,138.0,1144,0,0.0
2017-08-25,138.0,156.0,138.0,144.0,4071,0,0.0
2017-08-28,145.1999969482422,148.8000030517578,126.0,136.8000030517578,3960,0,0.0
2017-08-29,135.60000610351562,165.60000610351562,135.60000610351562,153.60000610351562,20343,0,0.0
2017-08-30,156.0,156.0,138.0,145.1999969482422,5788,0,0.0
2017-08-31,142.8000030517578,145.1999969482422,139.1999969482422,142.8000030517578,1431,0,0.0
2017-09-01,144.0,145.1999969482422,139.1999969482422,144.0,1795,0,0.0
2017-09-05,144.0,144.0,134.39999389648438,135.60000610351562,3029,0,0.0
2017-09-06,136.8000030517578,139.1999969482422,133.1999969482422,136.8000030517578,1016,0,0.0
2017-09-07,150.0,150.0,136.8000030517578,141.60000610351562,8245,0,0.0
2017-09-08,140.39999389648438,141.60000610351562,128.39999389648438,132.0,5044,0,0.0
2017-09-11,133.1999969482422,138.0,126.0,135.60000610351562,3757,0,0.0
2017-09-12,134.39999389648438,134.39999389648438,129.60000610351562,134.39999389648438,2205,0,0.0
2017-09-13,139.1999969482422,142.8000030517578,133.1999969482422,141.60000610351562,3830,0,0.0
2017-09-14,141.60000610351562,141.60000610351562,136.8000030517578,138.0,1683,0,0.0
2017-09-15,136.8000030517578,141.60000610351562,136.8000030517578,141.60000610351562,1354,0,0.0
2017-09-18,141.60000610351562,141.60000610351562,138.0,140.39999389648438,1313,0,0.0
2017-09-19,141.60000610351562,141.60000610351562,133.1999969482422,138.0,1561,0,0.0
2017-09-20,136.8000030517578,164.39999389648438,136.8000030517578,163.1999969482422,16248,0,0.0
2017-09-21,169.1999969482422,216.0,168.0,168.0,76741,0,0.0
2017-09-22,170.39999389648438,174.0,147.60000610351562,164.39999389648438,10898,0,0.0
2017-09-25,159.60000610351562,164.39999389648438,156.0,163.1999969482422,3483,0,0.0
2017-09-26,163.1999969482422,178.8000030517578,160.8000030517578,168.0,5781,0,0.0
2017-09-27,166.8000030517578,168.0,145.1999969482422,153.60000610351562,3829,0,0.0
2017-09-28,151.1999969482422,159.60000610351562,145.1999969482422,158.39999389648438,1976,0,0.0
2017-09-29,159.60000610351562,159.60000610351562,152.39999389648438,158.39999389648438,1251,0,0.0
2017-10-02,156.0,163.1999969482422,151.1999969482422,157.1999969482422,2244,0,0.0
2017-10-03,157.1999969482422,163.1999969482422,153.60000610351562,160.8000030517578,2188,0,0.0
2017-10-04,163.1999969482422,174.0,159.60000610351562,165.60000610351562,5013,0,0.0
2017-10-05,165.60000610351562,168.0,159.60000610351562,164.39999389648438,2233,0,0.0
2017-10-06,165.60000610351562,165.60000610351562,157.1999969482422,162.0,1385,0,0.0
2017-10-09,160.8000030517578,162.0,150.0,152.39999389648438,2373,0,0.0
2017-10-10,153.60000610351562,160.8000030517578,148.8000030517578,156.0,2048,0,0.0
2017-10-11,156.0,160.8000030517578,146.39999389648438,160.8000030517578,1236,0,0.0
2017-10-12,160.8000030517578,160.8000030517578,151.1999969482422,156.0,1556,0,0.0
2017-10-13,154.8000030517578,187.1999969482422,154.8000030517578,162.0,13693,0,0.0
2017-10-16,163.1999969482422,168.0,153.60000610351562,156.0,2768,0,0.0
2017-10-17,156.0,162.0,156.0,160.8000030517578,1998,0,0.0
2017-10-18,163.1999969482422,172.8000030517578,157.1999969482422,162.0,3523,0,0.0
2017-10-19,159.60000610351562,160.8000030517578,154.8000030517578,160.8000030517578,2179,0,0.0
2017-10-20,160.8000030517578,172.8000030517578,157.1999969482422,170.39999389648438,4999,0,0.0
2017-10-23,174.0,183.60000610351562,162.0,164.39999389648438,7304,0,0.0
2017-10-24,163.1999969482422,172.8000030517578,160.8000030517578,166.8000030517578,2391,0,0.0
2017-10-25,165.60000610351562,171.60000610351562,158.39999389648438,159.60000610351562,1797,0,0.0
2017-10-26,158.39999389648438,160.8000030517578,152.39999389648438,157.1999969482422,1902,0,0.0
2017-10-27,157.1999969482422,157.1999969482422,145.1999969482422,150.0,1984,0,0.0
2017-10-30,150.0,152.39999389648438,138.0,148.8000030517578,2613,0,0.0
2017-10-31,148.8000030517578,151.1999969482422,144.0,145.1999969482422,1226,0,0.0
2017-11-01,145.1999969482422,148.8000030517578,140.39999389648438,146.39999389648438,821,0,0.0
2017-11-02,145.1999969482422,151.1999969482422,144.0,145.1999969482422,1013,0,0.0
2017-11-03,146.39999389648438,150.0,144.0,150.0,811,0,0.0
2017-11-06,148.8000030517578,148.8000030517578,139.1999969482422,141.60000610351562,1983,0,0.0
2017-11-07,142.8000030517578,144.0,132.0,134.39999389648438,2038,0,0.0
2017-11-08,134.39999389648438,138.0,127.19999694824219,134.39999389648438,1878,0,0.0
2017-11-09,134.39999389648438,148.8000030517578,132.0,135.60000610351562,1439,0,0.0
2017-11-10,135.60000610351562,136.8000030517578,132.0,132.0,1022,0,0.0
2017-11-13,136.8000030517578,136.8000030517578,116.4000015258789,122.4000015258789,4480,0,0.0
2017-11-14,122.4000015258789,122.4000015258789,109.19999694824219,112.80000305175781,1583,0,0.0
2017-11-15,110.4000015258789,116.4000015258789,105.5999984741211,116.4000015258789,1943,0,0.0
2017-11-16,116.4000015258789,127.19999694824219,110.4000015258789,122.4000015258789,3448,0,0.0
2017-11-17,116.4000015258789,130.8000030517578,116.4000015258789,127.19999694824219,2645,0,0.0
2017-11-20,127.19999694824219,138.0,126.0,134.39999389648438,2938,0,0.0
2017-11-21,134.39999389648438,141.60000610351562,127.19999694824219,127.19999694824219,2364,0,0.0
2017-11-22,126.0,132.0,121.19999694824219,129.60000610351562,1166,0,0.0
2017-11-24,130.8000030517578,134.39999389648438,126.0,132.0,637,0,0.0
2017-11-27,132.0,139.1999969482422,130.8000030517578,132.0,1261,0,0.0
2017-11-28,132.0,133.1999969482422,124.80000305175781,132.0,712,0,0.0
2017-11-29,133.1999969482422,135.60000610351562,128.39999389648438,133.1999969482422,1030,0,0.0
2017-11-30,134.39999389648438,136.8000030517578,128.39999389648438,136.8000030517578,731,0,0.0
2017-12-01,138.0,144.0,133.1999969482422,140.39999389648438,1418,0,0.0
2017-12-04,141.60000610351562,142.8000030517578,133.1999969482422,134.39999389648438,1388,0,0.0
2017-12-05,156.0,370.79998779296875,144.0,370.79998779296875,463614,0,0.0
2017-12-06,318.0,328.79998779296875,241.1999969482422,241.1999969482422,69571,0,0.0
2017-12-07,267.6000061035156,283.20001220703125,242.39999389648438,268.79998779296875,41734,0,0.0
2017-12-08,268.79998779296875,276.0,226.8000030517578,240.0,16778,0,0.0
2017-12-11,231.60000610351562,246.0,217.1999969482422,231.60000610351562,7448,0,0.0
2017-12-12,225.60000610351562,237.60000610351562,212.39999389648438,219.60000610351562,8883,0,0.0
2017-12-13,216.0,268.79998779296875,212.39999389648438,250.8000030517578,20578,0,0.0
2017-12-14,258.0,300.0,254.39999389648438,256.79998779296875,26820,0,0.0
2017-12-15,247.1999969482422,254.39999389648438,229.1999969482422,243.60000610351562,7543,0,0.0
2017-12-18,232.8000030517578,247.1999969482422,229.1999969482422,232.8000030517578,4015,0,0.0
2017-12-19,229.1999969482422,250.8000030517578,229.1999969482422,243.60000610351562,4315,0,0.0
2017-12-20,242.39999389648438,248.39999389648438,230.39999389648438,234.0,3994,0,0.0
2017-12-21,232.8000030517578,237.60000610351562,228.0,234.0,2018,0,0.0
2017-12-22,231.60000610351562,236.39999389648438,228.0,229.1999969482422,1666,0,0.0
2017-12-26,230.39999389648438,230.39999389648438,216.0,225.60000610351562,3384,0,0.0
2017-12-27,225.60000610351562,231.60000610351562,222.0,226.8000030517578,2582,0,0.0
2017-12-28,222.0,234.0,212.39999389648438,212.39999389648438,4775,0,0.0
2017-12-29,212.39999389648438,218.39999389648438,202.8000030517578,206.39999389648438,2583,0,0.0
2018-01-02,204.0,243.60000610351562,201.60000610351562,243.60000610351562,3656,0,0.0
2018-01-03,244.8000030517578,244.8000030517578,229.1999969482422,230.39999389648438,3907,0,0.0
2018-01-04,234.0,235.1999969482422,220.8000030517578,224.39999389648438,1638,0,0.0
2018-01-05,226.8000030517578,229.1999969482422,222.0,226.8000030517578,1347,0,0.0
2018-01-08,228.0,235.1999969482422,213.60000610351562,224.39999389648438,2813,0,0.0
2018-01-09,224.39999389648438,224.39999389648438,213.60000610351562,218.39999389648438,1616,0,0.0
2018-01-10,216.0,235.1999969482422,216.0,229.1999969482422,4202,0,0.0
2018-01-11,229.1999969482422,283.20001220703125,229.1999969482422,249.60000610351562,21262,0,0.0
2018-01-12,244.8000030517578,262.79998779296875,240.0,242.39999389648438,2318,0,0.0
2018-01-16,246.0,250.8000030517578,228.0,230.39999389648438,3182,0,0.0
2018-01-17,229.1999969482422,235.1999969482422,216.0,225.60000610351562,2218,0,0.0
2018-01-18,222.0,226.8000030517578,216.0,222.0,579,0,0.0
2018-01-19,222.0,229.1999969482422,217.1999969482422,229.1999969482422,924,0,0.0
2018-01-22,231.60000610351562,237.60000610351562,225.60000610351562,234.0,1208,0,0.0
2018-01-23,232.8000030517578,258.0,228.0,256.79998779296875,5681,0,0.0
2018-01-24,256.79998779296875,259.20001220703125,236.39999389648438,240.0,3038,0,0.0
2018-01-25,240.0,243.60000610351562,228.0,235.1999969482422,1218,0,0.0
2018-01-26,238.8000030517578,246.0,231.60000610351562,234.0,1755,0,0.0
2018-01-29,230.39999389648438,238.8000030517578,228.0,230.39999389648438,831,0,0.0
2018-01-30,228.0,231.60000610351562,219.60000610351562,220.8000030517578,1588,0,0.0
2018-01-31,220.8000030517578,226.8000030517578,218.39999389648438,219.60000610351562,767,0,0.0
2018-02-01,220.8000030517578,229.1999969482422,210.0,214.8000030517578,1573,0,0.0
2018-02-02,214.8000030517578,214.8000030517578,193.1999969482422,198.0,1878,0,0.0
2018-02-05,198.0,213.60000610351562,180.0,196.8000030517578,1550,0,0.0
2018-02-06,193.1999969482422,200.39999389648438,188.39999389648438,200.39999389648438,977,0,0.0
2018-02-07,200.39999389648438,200.39999389648438,183.60000610351562,192.0,981,0,0.0
2018-02-08,192.0,202.8000030517578,187.1999969482422,194.39999389648438,657,0,0.0
2018-02-09,192.0,192.0,159.60000610351562,175.1999969482422,2079,0,0.0
2018-02-12,176.39999389648438,196.8000030517578,174.0,188.39999389648438,2558,0,0.0
2018-02-13,187.1999969482422,187.1999969482422,176.39999389648438,182.39999389648438,517,0,0.0
2018-02-14,182.39999389648438,192.0,176.39999389648438,187.1999969482422,1093,0,0.0
2018-02-15,189.60000610351562,192.0,182.39999389648438,183.60000610351562,801,0,0.0
2018-02-16,182.39999389648438,198.0,177.60000610351562,195.60000610351562,1492,0,0.0
2018-02-20,194.39999389648438,207.60000610351562,186.0,204.0,2369,0,0.0
2018-02-21,204.0,204.0,184.8000030517578,187.1999969482422,1228,0,0.0
2018-02-22,187.1999969482422,190.8000030517578,178.8000030517578,187.1999969482422,1225,0,0.0
2018-02-23,186.0,186.0,175.1999969482422,183.60000610351562,1308,0,0.0
2018-02-26,183.60000610351562,196.8000030517578,177.60000610351562,186.0,2330,0,0.0
2018-02-27,186.0,193.1999969482422,177.60000610351562,177.60000610351562,513,0,0.0
2018-02-28,178.8000030517578,190.8000030517578,177.60000610351562,181.1999969482422,1856,0,0.0
2018-03-01,182.39999389648438,182.39999389648438,170.39999389648438,177.60000610351562,1091,0,0.0
2018-03-02,174.0,180.0,169.1999969482422,175.1999969482422,845,0,0.0
2018-03-05,177.60000610351562,190.8000030517578,176.39999389648438,188.39999389648438,1156,0,0.0
2018-03-06,187.1999969482422,198.0,187.1999969482422,193.1999969482422,918,0,0.0
2018-03-07,190.8000030517578,196.8000030517578,181.1999969482422,193.1999969482422,1229,0,0.0
2018-03-08,196.8000030517578,204.0,194.39999389648438,201.60000610351562,1326,0,0.0
2018-03-09,202.8000030517578,207.60000610351562,201.60000610351562,204.0,723,0,0.0
2018-03-12,204.0,207.60000610351562,194.39999389648438,202.8000030517578,577,0,0.0
2018-03-13,207.60000610351562,223.1999969482422,199.1999969482422,202.8000030517578,3957,0,0.0
2018-03-14,202.8000030517578,207.60000610351562,193.1999969482422,198.0,698,0,0.0
2018-03-15,196.8000030517578,201.60000610351562,193.1999969482422,193.1999969482422,301,0,0.0
2018-03-16,195.60000610351562,223.1999969482422,190.8000030517578,211.1999969482422,3124,0,0.0
2018-03-19,212.39999389648438,222.0,202.8000030517578,214.8000030517578,1203,0,0.0
2018-03-20,217.1999969482422,217.1999969482422,207.60000610351562,212.39999389648438,418,0,0.0
2018-03-21,208.8000030517578,212.39999389648438,201.60000610351562,206.39999389648438,519,0,0.0
2018-03-22,205.1999969482422,213.60000610351562,201.60000610351562,207.60000610351562,503,0,0.0
2018-03-23,206.39999389648438,207.60000610351562,198.0,205.1999969482422,284,0,0.0
2018-03-26,205.1999969482422,205.1999969482422,198.0,202.8000030517578,218,0,0.0
2018-03-27,199.1999969482422,204.0,192.0,198.0,427,0,0.0
2018-03-28,199.1999969482422,202.8000030517578,186.0,196.8000030517578,452,0,0.0
2018-03-29,196.8000030517578,201.60000610351562,189.60000610351562,198.0,391,0,0.0
2018-04-02,207.60000610351562,208.8000030517578,183.60000610351562,205.1999969482422,528,0,0.0
2018-04-03,207.60000610351562,207.60000610351562,186.0,192.0,393,0,0.0
2018-04-04,192.0,207.60000610351562,190.8000030517578,205.1999969482422,683,0,0.0
2018-04-05,206.39999389648438,223.1999969482422,198.0,208.8000030517578,1603,0,0.0
2018-04-06,206.39999389648438,207.60000610351562,196.8000030517578,198.0,412,0,0.0
2018-04-09,200.39999389648438,206.39999389648438,198.0,205.1999969482422,217,0,0.0
2018-04-10,240.0,246.0,205.1999969482422,228.0,26034,0,0.0
2018-04-11,225.60000610351562,225.60000610351562,210.0,216.0,1475,0,0.0
2018-04-12,217.1999969482422,219.60000610351562,210.0,218.39999389648438,732,0,0.0
2018-04-13,217.1999969482422,219.60000610351562,211.1999969482422,213.60000610351562,459,0,0.0
2018-04-16,212.39999389648438,224.39999389648438,211.1999969482422,217.1999969482422,4958,0,0.0
2018-04-17,219.60000610351562,220.8000030517578,198.0,204.0,2065,0,0.0
2018-04-18,205.1999969482422,210.0,200.39999389648438,204.0,502,0,0.0
2018-04-19,207.60000610351562,207.60000610351562,201.60000610351562,205.1999969482422,508,0,0.0
2018-04-20,206.39999389648438,206.39999389648438,196.8000030517578,199.1999969482422,588,0,0.0
2018-04-23,202.8000030517578,202.8000030517578,194.39999389648438,195.60000610351562,687,0,0.0
2018-04-24,193.1999969482422,196.8000030517578,182.39999389648438,194.39999389648438,1145,0,0.0
2018-04-25,190.8000030517578,199.1999969482422,190.8000030517578,199.1999969482422,235,0,0.0
2018-04-26,199.1999969482422,199.1999969482422,190.8000030517578,195.60000610351562,490,0,0.0
2018-04-27,200.39999389648438,200.39999389648438,196.8000030517578,199.1999969482422,370,0,0.0
2018-04-30,199.1999969482422,199.1999969482422,195.60000610351562,198.0,253,0,0.0
2018-05-01,190.8000030517578,199.1999969482422,189.60000610351562,199.1999969482422,197,0,0.0
2018-05-02,195.60000610351562,199.1999969482422,193.1999969482422,199.1999969482422,171,0,0.0
2018-05-03,199.1999969482422,214.8000030517578,190.8000030517578,199.1999969482422,2263,0,0.0
2018-05-04,200.39999389648438,204.0,193.1999969482422,198.0,154,0,0.0
2018-05-07,202.8000030517578,204.0,195.60000610351562,200.39999389648438,325,0,0.0
2018-05-08,204.0,219.60000610351562,195.60000610351562,202.8000030517578,2065,0,0.0
2018-05-09,207.60000610351562,207.60000610351562,196.8000030517578,204.0,893,0,0.0
2018-05-10,208.8000030517578,222.0,199.1999969482422,216.0,4640,0,0.0
2018-05-11,216.0,222.0,204.0,206.39999389648438,1104,0,0.0
2018-05-14,202.8000030517578,210.0,201.60000610351562,207.60000610351562,1108,0,0.0
2018-05-15,205.1999969482422,207.60000610351562,201.60000610351562,202.8000030517578,558,0,0.0
2018-05-16,202.8000030517578,206.39999389648438,201.60000610351562,202.8000030517578,465,0,0.0
2018-05-17,201.60000610351562,205.1999969482422,201.60000610351562,202.8000030517578,424,0,0.0
2018-05-18,201.60000610351562,204.0,196.8000030517578,200.39999389648438,410,0,0.0
2018-05-21,199.1999969482422,200.39999389648438,198.0,199.1999969482422,442,0,0.0
2018-05-22,198.0,202.8000030517578,198.0,202.8000030517578,211,0,0.0
2018-05-23,201.60000610351562,202.8000030517578,199.1999969482422,200.39999389648438,195,0,0.0
2018-05-24,200.39999389648438,206.39999389648438,200.39999389648438,201.60000610351562,558,0,0.0
2018-05-25,198.0,204.0,193.1999969482422,201.60000610351562,348,0,0.0
2018-05-29,199.1999969482422,206.39999389648438,199.1999969482422,202.8000030517578,757,0,0.0
2018-05-30,198.0,205.1999969482422,198.0,202.8000030517578,418,0,0.0
2018-05-31,199.1999969482422,213.60000610351562,199.1999969482422,200.39999389648438,837,0,0.0
2018-06-01,205.1999969482422,206.39999389648438,198.0,202.8000030517578,628,0,0.0
2018-06-04,211.1999969482422,213.60000610351562,201.60000610351562,204.0,1308,0,0.0
2018-06-05,202.8000030517578,208.8000030517578,202.8000030517578,204.0,774,0,0.0
2018-06-06,207.60000610351562,207.60000610351562,201.60000610351562,204.0,680,0,0.0
2018-06-07,204.0,206.39999389648438,201.60000610351562,205.1999969482422,383,0,0.0
2018-06-08,204.0,207.60000610351562,202.8000030517578,204.0,292,0,0.0
2018-06-11,210.0,213.60000610351562,201.60000610351562,201.60000610351562,454,0,0.0
2018-06-12,201.60000610351562,207.60000610351562,201.60000610351562,205.1999969482422,468,0,0.0
2018-06-13,205.1999969482422,205.1999969482422,201.60000610351562,201.60000610351562,267,0,0.0
2018-06-14,204.0,204.0,192.0,195.60000610351562,808,0,0.0
2018-06-15,192.0,192.0,148.8000030517578,164.39999389648438,4963,0,0.0
2018-06-18,165.60000610351562,174.0,157.1999969482422,162.0,907,0,0.0
2018-06-19,156.0,165.60000610351562,156.0,158.39999389648438,824,0,0.0
2018-06-20,158.39999389648438,163.1999969482422,145.1999969482422,148.8000030517578,1816,0,0.0
2018-06-21,146.39999389648438,150.0,138.0,139.1999969482422,928,0,0.0
2018-06-22,132.0,134.39999389648438,124.80000305175781,124.80000305175781,2697,0,0.0
2018-06-25,130.8000030517578,136.8000030517578,126.0,135.60000610351562,1326,0,0.0
2018-06-26,136.8000030517578,138.0,135.60000610351562,136.8000030517578,562,0,0.0
2018-06-27,136.8000030517578,136.8000030517578,130.8000030517578,130.8000030517578,867,0,0.0
2018-06-28,135.60000610351562,141.60000610351562,133.1999969482422,136.8000030517578,529,0,0.0
2018-06-29,136.8000030517578,136.8000030517578,129.60000610351562,133.1999969482422,421,0,0.0
2018-07-02,132.0,136.8000030517578,127.19999694824219,133.1999969482422,267,0,0.0
2018-07-03,129.60000610351562,135.60000610351562,129.60000610351562,132.0,103,0,0.0
2018-07-05,134.39999389648438,136.8000030517578,129.60000610351562,133.1999969482422,290,0,0.0
2018-07-06,134.39999389648438,138.0,130.8000030517578,135.60000610351562,502,0,0.0
2018-07-09,139.1999969482422,141.60000610351562,132.0,139.1999969482422,609,0,0.0
2018-07-10,138.0,141.60000610351562,138.0,138.0,213,0,0.0
2018-07-11,153.60000610351562,153.60000610351562,141.60000610351562,148.8000030517578,1118,0,0.0
2018-07-12,150.0,153.60000610351562,145.1999969482422,146.39999389648438,383,0,0.0
2018-07-13,145.1999969482422,146.39999389648438,135.60000610351562,144.0,293,0,0.0
2018-07-16,142.8000030517578,147.60000610351562,140.39999389648438,145.1999969482422,282,0,0.0
2018-07-17,142.8000030517578,150.0,140.39999389648438,144.0,342,0,0.0
2018-07-18,141.60000610351562,148.8000030517578,140.39999389648438,144.0,245,0,0.0
2018-07-19,144.0,148.8000030517578,135.60000610351562,145.1999969482422,483,0,0.0
2018-07-20,146.39999389648438,148.8000030517578,140.39999389648438,140.39999389648438,90,0,0.0
2018-07-23,144.0,190.8000030517578,144.0,166.8000030517578,15348,0,0.0
2018-07-24,145.1999969482422,159.60000610351562,145.1999969482422,154.8000030517578,2541,0,0.0
2018-07-25,154.8000030517578,154.8000030517578,144.0,145.1999969482422,980,0,0.0
2018-07-26,147.60000610351562,152.39999389648438,139.1999969482422,144.0,1014,0,0.0
2018-07-27,144.0,147.60000610351562,133.1999969482422,133.1999969482422,588,0,0.0
2018-07-30,139.1999969482422,144.0,135.60000610351562,144.0,298,0,0.0
2018-07-31,141.60000610351562,145.1999969482422,133.1999969482422,135.60000610351562,437,0,0.0
2018-08-01,135.60000610351562,142.8000030517578,132.0,135.60000610351562,890,0,0.0
2018-08-02,135.60000610351562,140.39999389648438,133.1999969482422,138.0,342,0,0.0
2018-08-03,140.39999389648438,141.60000610351562,133.1999969482422,138.0,708,0,0.0
2018-08-06,139.1999969482422,139.1999969482422,127.19999694824219,129.60000610351562,1022,0,0.0
2018-08-07,134.39999389648438,135.60000610351562,130.8000030517578,130.8000030517578,364,0,0.0
2018-08-08,132.0,133.1999969482422,130.8000030517578,133.1999969482422,368,0,0.0
2018-08-09,145.1999969482422,162.0,139.1999969482422,150.0,5698,0,0.0
2018-08-10,147.60000610351562,151.1999969482422,139.1999969482422,150.0,1126,0,0.0
2018-08-13,148.8000030517578,150.0,133.1999969482422,136.8000030517578,1051,0,0.0
2018-08-14,134.39999389648438,144.0,134.39999389648438,141.60000610351562,428,0,0.0
2018-08-15,139.1999969482422,139.1999969482422,135.60000610351562,138.0,189,0,0.0
2018-08-16,135.60000610351562,142.8000030517578,135.60000610351562,141.60000610351562,323,0,0.0
2018-08-17,141.60000610351562,144.0,136.8000030517578,141.60000610351562,165,0,0.0
2018-08-20,139.1999969482422,142.8000030517578,138.0,142.8000030517578,296,0,0.0
2018-08-21,138.0,150.0,135.60000610351562,146.39999389648438,1125,0,0.0
2018-08-22,142.8000030517578,150.0,142.8000030517578,146.39999389648438,516,0,0.0
2018-08-23,146.39999389648438,146.39999389648438,135.60000610351562,145.1999969482422,658,0,0.0
2018-08-24,145.1999969482422,147.60000610351562,138.0,140.39999389648438,421,0,0.0
2018-08-27,145.1999969482422,145.1999969482422,140.39999389648438,141.60000610351562,371,0,0.0
2018-08-28,144.0,151.1999969482422,140.39999389648438,141.60000610351562,421,0,0.0
2018-08-29,140.39999389648438,150.0,140.39999389648438,144.0,384,0,0.0
2018-08-30,141.60000610351562,147.60000610351562,141.60000610351562,144.0,123,0,0.0
2018-08-31,144.0,164.39999389648438,144.0,146.39999389648438,4142,0,0.0
2018-09-04,146.39999389648438,152.39999389648438,146.39999389648438,147.60000610351562,723,0,0.0
2018-09-05,150.0,152.39999389648438,140.39999389648438,141.60000610351562,944,0,0.0
2018-09-06,141.60000610351562,142.8000030517578,135.60000610351562,138.0,609,0,0.0
2018-09-07,138.0,145.1999969482422,134.39999389648438,134.39999389648438,247,0,0.0
2018-09-10,136.8000030517578,138.0,134.39999389648438,138.0,203,0,0.0
2018-09-11,138.0,138.0,132.0,132.0,455,0,0.0
2018-09-12,138.0,138.0,132.0,135.60000610351562,217,0,0.0
2018-09-13,134.39999389648438,138.0,129.60000610351562,132.0,788,0,0.0
2018-09-14,129.60000610351562,136.8000030517578,129.60000610351562,129.60000610351562,233,0,0.0
2018-09-17,133.1999969482422,135.60000610351562,124.80000305175781,129.60000610351562,410,0,0.0
2018-09-18,134.39999389648438,134.39999389648438,128.39999389648438,128.39999389648438,455,0,0.0
2018-09-19,126.0,134.39999389648438,120.0,128.39999389648438,1208,0,0.0
2018-09-20,128.39999389648438,134.39999389648438,127.19999694824219,132.0,522,0,0.0
2018-09-21,134.39999389648438,135.60000610351562,128.39999389648438,128.39999389648438,614,0,0.0
2018-09-24,126.0,132.0,126.0,128.39999389648438,379,0,0.0
2018-09-25,128.39999389648438,133.1999969482422,128.39999389648438,129.60000610351562,182,0,0.0
2018-09-26,133.1999969482422,133.1999969482422,129.60000610351562,129.60000610351562,175,0,0.0
2018-09-27,129.60000610351562,129.60000610351562,123.5999984741211,127.19999694824219,485,0,0.0
2018-09-28,127.19999694824219,133.1999969482422,127.19999694824219,128.39999389648438,242,0,0.0
2018-10-01,134.39999389648438,139.1999969482422,127.19999694824219,138.0,583,0,0.0
2018-10-02,136.8000030517578,144.0,127.19999694824219,134.39999389648438,834,0,0.0
2018-10-03,135.60000610351562,142.8000030517578,129.60000610351562,130.8000030517578,414,0,0.0
2018-10-04,130.8000030517578,138.0,130.8000030517578,135.60000610351562,203,0,0.0
2018-10-05,133.1999969482422,138.0,129.60000610351562,130.8000030517578,303,0,0.0
2018-10-08,135.60000610351562,136.8000030517578,129.60000610351562,134.39999389648438,213,0,0.0
2018-10-09,132.0,146.39999389648438,132.0,134.39999389648438,2121,0,0.0
2018-10-10,133.1999969482422,135.60000610351562,122.4000015258789,124.80000305175781,749,0,0.0
2018-10-11,120.0,130.8000030517578,115.19999694824219,122.4000015258789,973,0,0.0
2018-10-12,124.80000305175781,127.19999694824219,120.0,121.19999694824219,540,0,0.0
2018-10-15,122.4000015258789,128.39999389648438,122.4000015258789,124.80000305175781,296,0,0.0
2018-10-16,123.5999984741211,123.5999984741211,115.19999694824219,117.5999984741211,1018,0,0.0
2018-10-17,117.5999984741211,122.4000015258789,116.4000015258789,120.0,278,0,0.0
2018-10-18,118.80000305175781,121.19999694824219,112.80000305175781,112.80000305175781,317,0,0.0
2018-10-19,114.0,115.19999694824219,90.0,99.5999984741211,1293,0,0.0
2018-10-22,92.4000015258789,104.4000015258789,90.0,93.5999984741211,754,0,0.0
2018-10-23,92.4000015258789,99.5999984741211,91.19999694824219,94.80000305175781,493,0,0.0
2018-10-24,97.19999694824219,108.0,90.0,90.0,1882,0,0.0
2018-10-25,109.19999694824219,145.1999969482422,97.19999694824219,103.19999694824219,30058,0,0.0
2018-10-26,84.0,84.0,73.19999694824219,74.4000015258789,9652,0,0.0
2018-10-29,76.80000305175781,76.80000305175781,72.0,75.5999984741211,4407,0,0.0
2018-10-30,75.5999984741211,75.5999984741211,66.0,69.5999984741211,1924,0,0.0
2018-10-31,67.19999694824219,70.80000305175781,62.400001525878906,69.5999984741211,1433,0,0.0
2018-11-01,67.19999694824219,73.19999694824219,66.0,66.0,1402,0,0.0
2018-11-02,66.0,69.5999984741211,66.0,67.19999694824219,512,0,0.0
2018-11-05,70.80000305175781,72.0,67.19999694824219,68.4000015258789,907,0,0.0
2018-11-06,70.80000305175781,72.0,68.4000015258789,68.4000015258789,1947,0,0.0
2018-11-07,68.4000015258789,70.80000305175781,67.19999694824219,68.4000015258789,1254,0,0.0
2018-11-08,69.5999984741211,69.5999984741211,67.19999694824219,67.19999694824219,468,0,0.0
2018-11-09,67.19999694824219,68.4000015258789,64.80000305175781,68.4000015258789,555,0,0.0
2018-11-12,63.599998474121094,68.4000015258789,57.599998474121094,61.20000076293945,1224,0,0.0
2018-11-13,61.20000076293945,64.80000305175781,57.599998474121094,61.20000076293945,4308,0,0.0
2018-11-14,61.20000076293945,66.0,61.20000076293945,61.20000076293945,1851,0,0.0
2018-11-15,64.80000305175781,66.0,57.599998474121094,64.80000305175781,1250,0,0.0
2018-11-16,67.19999694824219,67.19999694824219,60.0,62.400001525878906,663,0,0.0
2018-11-19,61.20000076293945,61.20000076293945,60.0,60.0,403,0,0.0
2018-11-20,61.20000076293945,61.20000076293945,57.599998474121094,57.599998474121094,450,0,0.0
2018-11-21,60.0,61.20000076293945,60.0,61.20000076293945,498,0,0.0
2018-11-23,61.20000076293945,61.20000076293945,60.0,61.20000076293945,191,0,0.0
2018-11-26,60.0,62.400001525878906,60.0,61.20000076293945,800,0,0.0
2018-11-27,63.599998474121094,63.599998474121094,60.0,63.599998474121094,311,0,0.0
2018-11-28,63.599998474121094,64.80000305175781,60.0,60.0,963,0,0.0
2018-11-29,60.0,62.400001525878906,58.79999923706055,62.400001525878906,917,0,0.0
2018-11-30,60.0,66.0,60.0,60.0,840,0,0.0
2018-12-03,60.0,63.599998474121094,58.79999923706055,58.79999923706055,1436,0,0.0
2018-12-04,57.599998474121094,61.20000076293945,56.400001525878906,56.400001525878906,1083,0,0.0
2018-12-06,56.400001525878906,58.79999923706055,55.20000076293945,55.20000076293945,880,0,0.0
2018-12-07,56.400001525878906,56.400001525878906,51.599998474121094,52.79999923706055,1094,0,0.0
2018-12-10,54.0,54.0,46.79999923706055,51.599998474121094,1487,0,0.0
2018-12-11,48.0,52.79999923706055,48.0,51.599998474121094,695,0,0.0
2018-12-12,51.599998474121094,54.0,48.0,51.599998474121094,948,0,0.0
2018-12-13,52.79999923706055,54.0,51.599998474121094,51.599998474121094,670,0,0.0
2018-12-14,54.0,54.0,51.599998474121094,51.599998474121094,513,0,0.0
2018-12-17,50.400001525878906,51.599998474121094,50.400001525878906,50.400001525878906,660,0,0.0
2018-12-18,50.400001525878906,55.20000076293945,50.400001525878906,51.599998474121094,1813,0,0.0
2018-12-19,51.599998474121094,56.400001525878906,51.599998474121094,54.0,599,0,0.0
2018-12-20,51.599998474121094,56.400001525878906,48.0,50.400001525878906,1180,0,0.0
2018-12-21,50.400001525878906,54.0,46.79999923706055,46.79999923706055,944,0,0.0
2018-12-24,50.400001525878906,50.400001525878906,42.0,46.79999923706055,1032,0,0.0
2018-12-26,50.400001525878906,50.400001525878906,37.20000076293945,40.79999923706055,1441,0,0.0
2018-12-27,40.79999923706055,48.0,39.599998474121094,39.599998474121094,1538,0,0.0
2018-12-28,39.599998474121094,43.20000076293945,38.400001525878906,38.400001525878906,1162,0,0.0
2018-12-31,39.599998474121094,42.0,33.599998474121094,37.20000076293945,1674,0,0.0
2019-01-02,37.20000076293945,40.79999923706055,37.20000076293945,39.599998474121094,1087,0,0.0
2019-01-03,39.599998474121094,46.79999923706055,38.400001525878906,42.0,1070,0,0.0
2019-01-04,44.400001525878906,45.599998474121094,42.0,44.400001525878906,912,0,0.0
2019-01-07,43.20000076293945,48.0,43.20000076293945,46.79999923706055,2349,0,0.0
2019-01-08,49.20000076293945,52.79999923706055,43.20000076293945,46.79999923706055,1409,0,0.0
2019-01-09,46.79999923706055,49.20000076293945,42.0,42.0,1529,0,0.0
2019-01-10,43.20000076293945,45.599998474121094,42.0,42.0,879,0,0.0
2019-01-11,43.20000076293945,45.599998474121094,39.599998474121094,40.79999923706055,1467,0,0.0
2019-01-14,44.400001525878906,44.400001525878906,38.400001525878906,39.599998474121094,1218,0,0.0
2019-01-15,39.599998474121094,39.599998474121094,30.0,36.0,1718,0,0.0
2019-01-16,37.20000076293945,38.400001525878906,32.400001525878906,36.0,1412,0,0.0
2019-01-17,37.20000076293945,46.79999923706055,37.20000076293945,44.400001525878906,9185,0,0.0
2019-01-18,46.79999923706055,56.400001525878906,46.79999923706055,49.20000076293945,8783,0,0.0
2019-01-22,48.0,51.599998474121094,45.599998474121094,46.79999923706055,2637,0,0.0
2019-01-23,48.0,49.20000076293945,40.79999923706055,43.20000076293945,2325,0,0.0
2019-01-24,44.400001525878906,49.20000076293945,43.20000076293945,44.400001525878906,953,0,0.0
2019-01-25,44.400001525878906,48.0,44.400001525878906,48.0,798,0,0.0
2019-01-28,48.0,49.20000076293945,44.400001525878906,45.599998474121094,468,0,0.0
2019-01-29,45.599998474121094,48.0,44.400001525878906,46.79999923706055,544,0,0.0
2019-01-30,44.400001525878906,55.20000076293945,44.400001525878906,50.400001525878906,3392,0,0.0
2019-01-31,51.599998474121094,54.0,49.20000076293945,51.599998474121094,1980,0,0.0
2019-02-01,52.79999923706055,54.0,52.79999923706055,54.0,1478,0,0.0
2019-02-04,54.0,54.0,51.599998474121094,52.79999923706055,718,0,0.0
2019-02-05,51.599998474121094,54.0,51.599998474121094,52.79999923706055,1270,0,0.0
2019-02-06,52.79999923706055,52.79999923706055,51.599998474121094,52.79999923706055,198,0,0.0
2019-02-07,54.0,54.0,50.400001525878906,52.79999923706055,528,0,0.0
2019-02-08,51.599998474121094,54.0,50.400001525878906,52.79999923706055,280,0,0.0
2019-02-11,52.79999923706055,54.0,50.400001525878906,50.400001525878906,464,0,0.0
2019-02-12,52.79999923706055,54.0,50.400001525878906,50.400001525878906,637,0,0.0
2019-02-13,54.0,54.0,50.400001525878906,54.0,292,0,0.0
2019-02-14,54.0,60.0,54.0,56.400001525878906,2603,0,0.0
2019-02-15,60.0,67.19999694824219,56.400001525878906,66.0,4158,0,0.0
2019-02-19,66.0,79.19999694824219,66.0,70.80000305175781,5155,0,0.0
2019-02-20,72.0,72.0,60.0,61.20000076293945,2833,0,0.0
2019-02-21,62.400001525878906,66.0,60.0,63.599998474121094,1149,0,0.0
2019-02-22,62.400001525878906,66.0,61.20000076293945,62.400001525878906,978,0,0.0
2019-02-25,62.400001525878906,63.599998474121094,55.20000076293945,56.400001525878906,1789,0,0.0
2019-02-26,57.599998474121094,61.20000076293945,56.400001525878906,60.0,1031,0,0.0
2019-02-27,60.0,61.20000076293945,58.79999923706055,58.79999923706055,776,0,0.0
2019-02-28,57.599998474121094,60.0,51.599998474121094,56.400001525878906,1148,0,0.0
2019-03-01,54.0,58.79999923706055,54.0,56.400001525878906,222,0,0.0
2019-03-04,56.400001525878906,60.0,56.400001525878906,60.0,535,0,0.0
2019-03-05,61.20000076293945,61.20000076293945,58.79999923706055,60.0,247,0,0.0
2019-03-06,61.20000076293945,61.20000076293945,58.79999923706055,60.0,724,0,0.0
2019-03-07,60.0,66.0,57.599998474121094,61.20000076293945,1753,0,0.0
2019-03-08,61.20000076293945,72.0,60.0,68.4000015258789,6291,0,0.0
2019-03-11,70.80000305175781,70.80000305175781,58.79999923706055,60.0,3900,0,0.0
2019-03-12,64.80000305175781,64.80000305175781,60.0,63.599998474121094,881,0,0.0
2019-03-13,62.400001525878906,64.80000305175781,60.0,61.20000076293945,794,0,0.0
2019-03-14,63.599998474121094,63.599998474121094,61.20000076293945,63.599998474121094,652,0,0.0
2019-03-15,62.400001525878906,68.4000015258789,61.20000076293945,62.400001525878906,1983,0,0.0
2019-03-18,66.0,67.19999694824219,62.400001525878906,66.0,1846,0,0.0
2019-03-19,68.4000015258789,73.19999694824219,66.0,69.5999984741211,4361,0,0.0
2019-03-20,67.19999694824219,82.80000305175781,67.19999694824219,78.0,11845,0,0.0
2019-03-21,76.80000305175781,79.19999694824219,73.19999694824219,78.0,5312,0,0.0
2019-03-22,78.0,79.19999694824219,69.5999984741211,72.0,2534,0,0.0
2019-03-25,72.0,72.0,57.599998474121094,61.20000076293945,3057,0,0.0
2019-03-26,61.20000076293945,61.20000076293945,50.400001525878906,55.20000076293945,4590,0,0.0
2019-03-27,50.400001525878906,55.20000076293945,50.400001525878906,51.599998474121094,1673,0,0.0
2019-03-28,52.79999923706055,56.400001525878906,50.400001525878906,54.0,1298,0,0.0
2019-03-29,54.0,57.599998474121094,51.599998474121094,52.79999923706055,972,0,0.0
2019-04-01,55.20000076293945,56.400001525878906,51.599998474121094,55.20000076293945,1165,0,0.0
2019-04-02,56.400001525878906,60.0,56.400001525878906,58.79999923706055,1258,0,0.0
2019-04-03,56.400001525878906,60.0,48.0,50.400001525878906,1930,0,0.0
2019-04-04,50.400001525878906,56.400001525878906,50.400001525878906,54.0,353,0,0.0
2019-04-05,54.0,55.20000076293945,50.400001525878906,51.599998474121094,1103,0,0.0
2019-04-08,51.599998474121094,54.0,51.599998474121094,52.79999923706055,1478,0,0.0
2019-04-09,49.20000076293945,52.79999923706055,45.599998474121094,45.599998474121094,2759,0,0.0
2019-04-10,44.400001525878906,48.0,43.20000076293945,45.599998474121094,1983,0,0.0
2019-04-11,46.79999923706055,46.79999923706055,40.79999923706055,45.599998474121094,1972,0,0.0
2019-04-12,49.20000076293945,57.599998474121094,49.20000076293945,50.400001525878906,3628,0,0.0
2019-04-15,60.0,60.0,51.599998474121094,54.0,4001,0,0.0
2019-04-16,55.20000076293945,55.20000076293945,48.0,52.79999923706055,1676,0,0.0
2019-04-17,50.400001525878906,54.0,49.20000076293945,52.79999923706055,375,0,0.0
2019-04-18,49.20000076293945,55.20000076293945,49.20000076293945,55.20000076293945,1528,0,0.0
2019-04-22,60.0,69.5999984741211,51.599998474121094,64.80000305175781,7565,0,0.0
2019-04-23,64.80000305175781,68.4000015258789,61.20000076293945,66.0,3433,0,0.0
2019-04-24,64.80000305175781,66.0,55.20000076293945,60.0,1624,0,0.0
2019-04-25,60.0,66.0,55.20000076293945,62.400001525878906,817,0,0.0
2019-04-26,63.599998474121094,64.80000305175781,48.0,57.599998474121094,1074,0,0.0
2019-04-29,62.400001525878906,62.400001525878906,58.79999923706055,61.20000076293945,1628,0,0.0
2019-04-30,61.20000076293945,61.20000076293945,58.79999923706055,60.0,1103,0,0.0
2019-05-01,60.0,62.400001525878906,57.599998474121094,61.20000076293945,1034,0,0.0
2019-05-02,63.599998474121094,64.80000305175781,57.599998474121094,60.0,966,0,0.0
2019-05-03,60.0,63.599998474121094,60.0,62.400001525878906,593,0,0.0
2019-05-06,63.599998474121094,64.80000305175781,62.400001525878906,62.400001525878906,671,0,0.0
2019-05-07,64.80000305175781,64.80000305175781,58.79999923706055,62.400001525878906,421,0,0.0
2019-05-08,58.79999923706055,63.599998474121094,51.599998474121094,55.20000076293945,2899,0,0.0
2019-05-09,54.0,56.400001525878906,48.0,51.599998474121094,2140,0,0.0
2019-05-10,48.0,51.599998474121094,46.79999923706055,49.20000076293945,1928,0,0.0
2019-05-13,51.599998474121094,56.400001525878906,49.20000076293945,51.599998474121094,767,0,0.0
2019-05-14,51.599998474121094,58.79999923706055,51.599998474121094,56.400001525878906,899,0,0.0
2019-05-15,57.599998474121094,57.599998474121094,52.79999923706055,54.0,721,0,0.0
2019-05-16,58.79999923706055,58.79999923706055,55.20000076293945,55.20000076293945,1582,0,0.0
2019-05-17,57.599998474121094,58.79999923706055,50.400001525878906,56.400001525878906,498,0,0.0
2019-05-20,55.20000076293945,57.599998474121094,51.599998474121094,55.20000076293945,648,0,0.0
2019-05-21,55.20000076293945,57.599998474121094,52.79999923706055,54.0,500,0,0.0
2019-05-22,54.0,57.599998474121094,54.0,55.20000076293945,368,0,0.0
2019-05-23,56.400001525878906,57.599998474121094,51.599998474121094,55.20000076293945,622,0,0.0
2019-05-24,56.400001525878906,56.400001525878906,54.0,55.20000076293945,453,0,0.0
2019-05-28,54.0,57.599998474121094,51.599998474121094,54.0,564,0,0.0
2019-05-29,52.79999923706055,56.400001525878906,52.79999923706055,56.400001525878906,110,0,0.0
2019-05-30,57.599998474121094,57.599998474121094,54.0,54.0,1121,0,0.0
2019-05-31,54.0,57.599998474121094,52.79999923706055,54.0,521,0,0.0
2019-06-03,52.79999923706055,56.400001525878906,52.79999923706055,55.20000076293945,388,0,0.0
2019-06-04,52.79999923706055,55.20000076293945,52.79999923706055,54.0,342,0,0.0
2019-06-05,52.79999923706055,55.20000076293945,49.20000076293945,54.0,1003,0,0.0
2019-06-06,55.20000076293945,55.20000076293945,44.400001525878906,46.79999923706055,3348,0,0.0
2019-06-07,46.79999923706055,49.20000076293945,43.20000076293945,44.400001525878906,753,0,0.0
2019-06-10,44.400001525878906,49.20000076293945,44.400001525878906,44.400001525878906,1031,0,0.0
2019-06-11,45.599998474121094,46.79999923706055,44.400001525878906,44.400001525878906,861,0,0.0
2019-06-12,44.400001525878906,46.79999923706055,44.400001525878906,46.79999923706055,214,0,0.0
2019-06-13,46.79999923706055,48.0,45.599998474121094,45.599998474121094,499,0,0.0
2019-06-14,45.599998474121094,48.0,45.599998474121094,46.79999923706055,128,0,0.0
2019-06-17,46.79999923706055,46.79999923706055,43.20000076293945,43.20000076293945,833,0,0.0
2019-06-18,43.20000076293945,50.400001525878906,43.20000076293945,45.599998474121094,6651,0,0.0
2019-06-19,45.599998474121094,45.599998474121094,43.20000076293945,43.20000076293945,393,0,0.0
2019-06-20,45.599998474121094,45.599998474121094,43.20000076293945,43.20000076293945,305,0,0.0
2019-06-21,43.20000076293945,43.20000076293945,40.79999923706055,42.0,692,0,0.0
2019-06-24,42.0,42.0,36.0,37.20000076293945,2630,0,0.0
2019-06-25,36.0,37.20000076293945,32.400001525878906,33.599998474121094,2355,0,0.0
2019-06-26,36.0,36.0,33.599998474121094,34.79999923706055,1032,0,0.0
2019-06-27,32.400001525878906,34.79999923706055,30.0,33.599998474121094,2413,0,0.0
2019-06-28,38.400001525878906,40.79999923706055,34.79999923706055,34.79999923706055,2785,0,0.0
2019-07-01,40.79999923706055,42.0,36.0,36.0,1742,0,0.0
2019-07-02,37.20000076293945,40.79999923706055,37.20000076293945,38.400001525878906,1082,0,0.0
2019-07-03,40.79999923706055,40.79999923706055,38.400001525878906,38.400001525878906,539,0,0.0
2019-07-05,37.20000076293945,40.79999923706055,37.20000076293945,37.20000076293945,599,0,0.0
2019-07-08,40.79999923706055,40.79999923706055,38.400001525878906,39.599998474121094,728,0,0.0
2019-07-09,40.79999923706055,40.79999923706055,38.400001525878906,39.599998474121094,448,0,0.0
2019-07-10,40.79999923706055,42.0,39.599998474121094,42.0,1773,0,0.0
2019-07-11,42.0,42.0,39.599998474121094,40.79999923706055,447,0,0.0
2019-07-12,40.79999923706055,42.0,38.400001525878906,38.400001525878906,830,0,0.0
2019-07-15,40.79999923706055,40.79999923706055,38.400001525878906,38.400001525878906,218,0,0.0
2019-07-16,38.400001525878906,45.599998474121094,36.0,42.0,7054,0,0.0
2019-07-17,45.599998474121094,51.599998474121094,44.400001525878906,49.20000076293945,8402,0,0.0
2019-07-18,48.0,59.34000015258789,45.2400016784668,51.0,80383,0,0.05
2019-07-19,48.0,50.81999969482422,31.68000030517578,35.400001525878906,80717,0,0.0
2019-07-22,31.5,34.439998626708984,27.059999465942383,29.100000381469727,50450,0,0.0
2019-07-23,28.5,28.5,25.5,27.299999237060547,28517,0,0.0
2019-07-24,27.600000381469727,37.5,26.700000762939453,30.0,78800,0,0.0
2019-07-25,26.399999618530273,29.940000534057617,21.899999618530273,22.31999969482422,48917,0,0.0
2019-07-26,14.460000038146973,14.640000343322754,13.319999694824219,14.34000015258789,133800,0,0.0
2019-07-29,14.100000381469727,14.15999984741211,12.539999961853027,13.199999809265137,58250,0,0.0
2019-07-30,13.260000228881836,13.5,13.199999809265137,13.319999694824219,30583,0,0.0
2019-07-31,13.4399995803833,13.4399995803833,13.199999809265137,13.199999809265137,29267,0,0.0
2019-08-01,13.079999923706055,13.319999694824219,12.65999984741211,12.899999618530273,29750,0,0.0
2019-08-02,13.140000343322754,13.199999809265137,12.720000267028809,13.079999923706055,13467,0,0.0
2019-08-05,13.020000457763672,13.079999923706055,12.84000015258789,13.079999923706055,7217,0,0.0
2019-08-06,12.899999618530273,13.079999923706055,12.84000015258789,13.079999923706055,10800,0,0.0
2019-08-07,13.020000457763672,13.380000114440918,12.779999732971191,12.899999618530273,21567,0,0.0
2019-08-08,12.899999618530273,13.199999809265137,12.720000267028809,13.079999923706055,10833,0,0.0
2019-08-09,13.079999923706055,13.079999923706055,12.720000267028809,12.899999618530273,5200,0,0.0
2019-08-12,12.779999732971191,12.899999618530273,12.720000267028809,12.720000267028809,10150,0,0.0
2019-08-13,12.899999618530273,13.020000457763672,12.180000305175781,12.420000076293945,8450,0,0.0
2019-08-14,12.180000305175781,12.239999771118164,11.399999618530273,11.9399995803833,12600,0,0.0
2019-08-15,11.9399995803833,11.9399995803833,9.720000267028809,10.380000114440918,14517,0,0.0
2019-08-16,10.319999694824219,11.34000015258789,9.899999618530273,10.920000076293945,6317,0,0.0
2019-08-19,11.399999618530273,11.760000228881836,10.920000076293945,11.399999618530273,8467,0,0.0
2019-08-20,11.399999618530273,11.880000114440918,10.260000228881836,11.520000457763672,9150,0,0.0
2019-08-21,11.520000457763672,11.819999694824219,11.039999961853027,11.279999732971191,25850,0,0.0
2019-08-22,11.15999984741211,11.579999923706055,10.380000114440918,10.5,9117,0,0.0
2019-08-23,10.5600004196167,10.800000190734863,9.600000381469727,9.960000038146973,10000,0,0.0
2019-08-26,10.4399995803833,10.4399995803833,9.600000381469727,10.020000457763672,3717,0,0.0
2019-08-27,9.420000076293945,10.5,9.0,9.239999771118164,12317,0,0.0
2019-08-28,9.899999618530273,10.800000190734863,9.720000267028809,10.140000343322754,11967,0,0.0
2019-08-29,10.5600004196167,10.619999885559082,10.079999923706055,10.5,6650,0,0.0
2019-08-30,10.319999694824219,10.5600004196167,9.899999618530273,10.260000228881836,3783,0,0.0
2019-09-03,9.899999618530273,10.380000114440918,9.720000267028809,9.84000015258789,3700,0,0.0
2019-09-04,10.020000457763672,10.680000305175781,9.960000038146973,10.140000343322754,4550,0,0.0
2019-09-05,10.319999694824219,10.5600004196167,9.960000038146973,10.380000114440918,2783,0,0.0
2019-09-06,10.380000114440918,10.5,10.199999809265137,10.380000114440918,1267,0,0.0
2019-09-09,10.5,10.979999542236328,9.960000038146973,10.680000305175781,17133,0,0.0
2019-09-10,10.5600004196167,10.859999656677246,10.319999694824219,10.619999885559082,4367,0,0.0
2019-09-11,10.4399995803833,11.100000381469727,10.260000228881836,10.920000076293945,9133,0,0.0
2019-09-12,10.859999656677246,11.279999732971191,10.859999656677246,10.920000076293945,5533,0,0.0
2019-09-13,11.039999961853027,11.100000381469727,10.619999885559082,10.619999885559082,8067,0,0.0
2019-09-16,10.680000305175781,10.979999542236328,10.4399995803833,10.5,5367,0,0.0
2019-09-17,10.739999771118164,11.579999923706055,10.380000114440918,10.979999542236328,45250,0,0.0
2019-09-18,11.039999961853027,11.039999961853027,9.600000381469727,10.079999923706055,15333,0,0.0
2019-09-19,10.020000457763672,10.619999885559082,9.84000015258789,10.020000457763672,4083,0,0.0
2019-09-20,10.140000343322754,10.4399995803833,9.420000076293945,10.140000343322754,11417,0,0.0
2019-09-23,10.140000343322754,10.859999656677246,9.420000076293945,10.199999809265137,19167,0,0.0
2019-09-24,10.380000114440918,10.680000305175781,9.479999542236328,9.779999732971191,33067,0,0.0
2019-09-25,9.65999984741211,10.079999923706055,9.300000190734863,9.720000267028809,11733,0,0.0
2019-09-26,9.600000381469727,10.140000343322754,9.420000076293945,10.079999923706055,5567,0,0.0
2019-09-27,9.779999732971191,10.319999694824219,9.720000267028809,10.079999923706055,5183,0,0.0
2019-09-30,10.079999923706055,10.260000228881836,9.720000267028809,10.020000457763672,7767,0,0.0
2019-10-01,9.960000038146973,10.5,9.779999732971191,10.140000343322754,18017,0,0.0
2019-10-02,10.020000457763672,10.079999923706055,9.359999656677246,9.600000381469727,11400,0,0.0
2019-10-03,9.65999984741211,9.84000015258789,8.460000038146973,8.699999809265137,13183,0,0.0
2019-10-04,8.819999694824219,9.119999885559082,7.679999828338623,8.460000038146973,18800,0,0.0
2019-10-07,8.399999618530273,8.699999809265137,7.920000076293945,8.220000267028809,6867,0,0.0
2019-10-08,8.100000381469727,8.220000267028809,7.320000171661377,7.679999828338623,14400,0,0.0
2019-10-09,7.679999828338623,7.800000190734863,6.599999904632568,7.320000171661377,11667,0,0.0
2019-10-10,7.260000228881836,7.5,7.139999866485596,7.260000228881836,2800,0,0.0
2019-10-11,7.320000171661377,7.800000190734863,6.840000152587891,6.900000095367432,22617,0,0.0
2019-10-14,7.800000190734863,8.100000381469727,7.320000171661377,7.800000190734863,28183,0,0.0
2019-10-15,7.739999771118164,8.399999618530273,7.380000114440918,8.100000381469727,16917,0,0.0
2019-10-16,8.15999984741211,9.960000038146973,7.5,7.920000076293945,147233,0,0.0
2019-10-17,7.440000057220459,8.15999984741211,7.199999809265137,7.800000190734863,20317,0,0.0
2019-10-18,7.800000190734863,8.100000381469727,7.440000057220459,7.619999885559082,6617,0,0.0
2019-10-21,7.739999771118164,7.800000190734863,7.320000171661377,7.800000190734863,5267,0,0.0
2019-10-22,7.800000190734863,7.800000190734863,7.380000114440918,7.800000190734863,3117,0,0.0
2019-10-23,7.739999771118164,8.460000038146973,7.679999828338623,8.039999961853027,8100,0,0.0
2019-10-24,8.15999984741211,8.34000015258789,7.260000228881836,7.920000076293945,8100,0,0.0
2019-10-25,7.800000190734863,7.980000019073486,7.440000057220459,7.739999771118164,10567,0,0.0
2019-10-28,8.039999961853027,8.100000381469727,7.679999828338623,7.980000019073486,6583,0,0.0
2019-10-29,8.039999961853027,8.220000267028809,7.739999771118164,7.860000133514404,6100,0,0.0
2019-10-30,10.260000228881836,13.680000305175781,10.079999923706055,10.979999542236328,6222583,0,0.0
2019-10-31,10.260000228881836,10.859999656677246,8.880000114440918,9.119999885559082,348150,0,0.0
2019-11-01,9.119999885559082,9.119999885559082,9.119999885559082,9.119999885559082,0,0,0.0
2019-11-04,8.640000343322754,8.9399995803833,7.5,7.559999942779541,73633,0,0.0
2019-11-05,7.199999809265137,7.559999942779541,6.960000038146973,7.440000057220459,50133,0,0.0
2019-11-06,7.260000228881836,7.380000114440918,6.659999847412109,6.840000152587891,82667,0,0.0
2019-11-07,6.78000020980835,7.079999923706055,6.420000076293945,6.599999904632568,54650,0,0.0
2019-11-08,6.539999961853027,7.139999866485596,6.420000076293945,7.019999980926514,38567,0,0.0
2019-11-11,6.900000095367432,7.079999923706055,6.599999904632568,6.78000020980835,17900,0,0.0
2019-11-12,6.78000020980835,7.559999942779541,6.659999847412109,7.019999980926514,33450,0,0.0
2019-11-13,6.71999979019165,7.380000114440918,6.599999904632568,6.659999847412109,30917,0,0.0
2019-11-14,6.599999904632568,7.320000171661377,6.539999961853027,6.900000095367432,70117,0,0.0
2019-11-15,6.78000020980835,7.320000171661377,5.400000095367432,5.579999923706055,72567,0,0.0
2019-11-18,5.519999980926514,5.639999866485596,4.800000190734863,5.159999847412109,35383,0,0.0
2019-11-19,4.980000019073486,4.980000019073486,4.5,4.559999942779541,22767,0,0.0
2019-11-20,4.5,4.739999771118164,4.199999809265137,4.619999885559082,19217,0,0.0
2019-11-21,4.679999828338623,7.079999923706055,4.320000171661377,6.0,215283,0,0.0
2019-11-22,5.699999809265137,6.179999828338623,4.559999942779541,5.159999847412109,122617,0,0.0
2019-11-25,5.039999961853027,5.099999904632568,4.800000190734863,5.099999904632568,22050,0,0.0
2019-11-26,5.099999904632568,5.21999979019165,4.800000190734863,5.039999961853027,17450,0,0.0
2019-11-27,4.920000076293945,5.400000095367432,4.920000076293945,5.400000095367432,16683,0,0.0
2019-11-29,5.400000095367432,5.639999866485596,5.21999979019165,5.21999979019165,10667,0,0.0
2019-12-02,5.21999979019165,5.519999980926514,5.21999979019165,5.400000095367432,12033,0,0.0
2019-12-03,5.28000020980835,5.460000038146973,5.159999847412109,5.340000152587891,8200,0,0.0
2019-12-04,5.460000038146973,6.119999885559082,5.460000038146973,5.820000171661377,23167,0,0.0
2019-12-05,5.880000114440918,5.940000057220459,5.340000152587891,5.519999980926514,16333,0,0.0
2019-12-06,5.340000152587891,5.699999809265137,5.340000152587891,5.519999980926514,6667,0,0.0
2019-12-09,5.519999980926514,5.639999866485596,5.159999847412109,5.639999866485596,3983,0,0.0
2019-12-10,5.340000152587891,5.579999923706055,5.340000152587891,5.400000095367432,5150,0,0.0
2019-12-11,5.579999923706055,5.579999923706055,5.340000152587891,5.460000038146973,5567,0,0.0
2019-12-12,5.460000038146973,5.699999809265137,4.980000019073486,5.340000152587891,11350,0,0.0
2019-12-13,5.28000020980835,5.519999980926514,4.980000019073486,5.28000020980835,6967,0,0.0
2019-12-16,5.099999904632568,5.340000152587891,4.920000076293945,4.980000019073486,3200,0,0.0
2019-12-17,4.980000019073486,5.460000038146973,4.980000019073486,5.21999979019165,9167,0,0.0
2019-12-18,5.28000020980835,5.340000152587891,4.980000019073486,4.980000019073486,2717,0,0.0
2019-12-19,5.039999961853027,5.699999809265137,5.039999961853027,5.699999809265137,14583,0,0.0
2019-12-20,5.639999866485596,5.699999809265137,5.159999847412109,5.159999847412109,12533,0,0.0
2019-12-23,5.099999904632568,5.699999809265137,5.099999904632568,5.340000152587891,4300,0,0.0
2019-12-24,5.400000095367432,5.699999809265137,5.21999979019165,5.579999923706055,2367,0,0.0
2019-12-26,5.579999923706055,7.139999866485596,5.400000095367432,6.0,40583,0,0.0
2019-12-27,6.0,6.059999942779541,5.460000038146973,5.460000038146973,15633,0,0.0
2019-12-30,5.519999980926514,5.880000114440918,5.28000020980835,5.519999980926514,10967,0,0.0
2019-12-31,5.400000095367432,6.300000190734863,5.400000095367432,5.940000057220459,24050,0,0.0
2020-01-02,5.820000171661377,6.840000152587891,5.579999923706055,6.599999904632568,55550,0,0.0
2020-01-03,6.539999961853027,7.739999771118164,6.0,6.179999828338623,89300,0,0.0
2020-01-06,6.360000133514404,7.019999980926514,6.0,6.360000133514404,28400,0,0.0
2020-01-07,6.599999904632568,7.019999980926514,6.179999828338623,6.960000038146973,27733,0,0.0
2020-01-08,6.960000038146973,8.880000114440918,6.659999847412109,8.399999618530273,236383,0,0.0
2020-01-09,10.079999923706055,10.140000343322754,7.019999980926514,7.320000171661377,535350,0,0.0
2020-01-10,7.139999866485596,8.399999618530273,6.900000095367432,7.739999771118164,99300,0,0.0
2020-01-13,7.860000133514404,7.980000019073486,6.840000152587891,7.079999923706055,45517,0,0.0
2020-01-14,7.199999809265137,7.800000190734863,7.079999923706055,7.260000228881836,42867,0,0.0
2020-01-15,7.079999923706055,7.320000171661377,7.019999980926514,7.260000228881836,14283,0,0.0
2020-01-16,7.079999923706055,7.860000133514404,7.019999980926514,7.5,54800,0,0.0
2020-01-17,10.079999923706055,24.540000915527344,8.520000457763672,9.600000381469727,13223467,0,0.0
2020-01-21,9.180000305175781,9.600000381469727,7.980000019073486,8.100000381469727,614800,0,0.0
2020-01-22,7.860000133514404,8.100000381469727,7.5,7.559999942779541,219550,0,0.0
2020-01-23,7.619999885559082,7.679999828338623,6.659999847412109,7.019999980926514,200300,0,0.0
2020-01-24,7.199999809265137,7.199999809265137,6.300000190734863,6.480000019073486,149667,0,0.0
2020-01-27,6.179999828338623,7.5,5.699999809265137,7.079999923706055,272000,0,0.0
2020-01-28,6.480000019073486,7.019999980926514,6.420000076293945,6.840000152587891,67250,0,0.0
2020-01-29,6.840000152587891,7.619999885559082,6.360000133514404,7.079999923706055,229783,0,0.0
2020-01-30,7.079999923706055,8.399999618530273,6.78000020980835,6.960000038146973,418233,0,0.0
2020-01-31,6.840000152587891,7.320000171661377,6.659999847412109,6.960000038146973,228400,0,0.0
2020-02-03,7.139999866485596,7.139999866485596,6.420000076293945,6.71999979019165,135450,0,0.0
2020-02-04,6.480000019073486,6.71999979019165,6.420000076293945,6.659999847412109,74950,0,0.0
2020-02-05,6.420000076293945,6.900000095367432,6.179999828338623,6.599999904632568,71383,0,0.0
2020-02-06,6.480000019073486,6.78000020980835,6.480000019073486,6.539999961853027,53100,0,0.0
2020-02-07,6.539999961853027,6.599999904632568,5.880000114440918,6.0,120317,0,0.0
2020-02-10,6.0,6.480000019073486,5.940000057220459,6.300000190734863,150633,0,0.0
2020-02-11,6.179999828338623,6.71999979019165,6.119999885559082,6.420000076293945,212800,0,0.0
2020-02-12,6.300000190734863,6.480000019073486,5.880000114440918,6.0,75367,0,0.0
2020-02-13,6.119999885559082,6.239999771118164,6.0,6.059999942779541,132017,0,0.0
2020-02-14,6.059999942779541,6.119999885559082,5.880000114440918,6.0,93700,0,0.0
2020-02-18,6.059999942779541,6.059999942779541,5.460000038146973,5.820000171661377,84200,0,0.0
2020-02-19,6.0,6.0,5.28000020980835,5.519999980926514,73933,0,0.0
2020-02-20,5.519999980926514,5.639999866485596,5.400000095367432,5.460000038146973,37800,0,0.0
2020-02-21,5.579999923706055,5.760000228881836,5.400000095367432,5.579999923706055,20783,0,0.0
2020-02-24,5.519999980926514,6.420000076293945,5.28000020980835,5.639999866485596,203083,0,0.0
2020-02-25,5.699999809265137,5.760000228881836,4.980000019073486,5.460000038146973,70217,0,0.0
2020-02-26,5.400000095367432,5.579999923706055,5.099999904632568,5.159999847412109,32017,0,0.0
2020-02-27,5.400000095367432,5.400000095367432,4.860000133514404,4.980000019073486,110100,0,0.0
2020-02-28,5.340000152587891,6.840000152587891,5.28000020980835,5.579999923706055,271633,0,0.0
2020-03-02,5.699999809265137,5.699999809265137,5.340000152587891,5.639999866485596,33500,0,0.0
2020-03-03,5.460000038146973,5.699999809265137,5.28000020980835,5.340000152587891,37050,0,0.0
2020-03-04,5.340000152587891,5.639999866485596,5.340000152587891,5.519999980926514,25183,0,0.0
2020-03-05,5.460000038146973,5.639999866485596,5.039999961853027,5.099999904632568,42950,0,0.0
2020-03-06,4.920000076293945,5.099999904632568,4.800000190734863,4.800000190734863,50117,0,0.0
2020-03-09,4.800000190734863,4.800000190734863,4.380000114440918,4.5,47283,0,0.0
2020-03-10,4.800000190734863,4.800000190734863,4.380000114440918,4.5,16250,0,0.0
2020-03-11,4.619999885559082,4.679999828338623,4.320000171661377,4.320000171661377,15333,0,0.0
2020-03-12,4.320000171661377,4.320000171661377,3.7200000286102295,3.9600000381469727,64067,0,0.0
2020-03-13,3.9600000381469727,4.5,3.6600000858306885,4.079999923706055,32083,0,0.0
2020-03-16,4.079999923706055,4.079999923706055,3.359999895095825,3.5399999618530273,25750,0,0.0
2020-03-17,3.4200000762939453,4.079999923706055,3.4200000762939453,3.5999999046325684,25567,0,0.0
2020-03-18,3.6600000858306885,3.8399999141693115,3.0,3.6600000858306885,26567,0,0.0
2020-03-19,3.4800000190734863,3.8399999141693115,3.119999885559082,3.6600000858306885,16483,0,0.0
2020-03-20,3.7200000286102295,4.079999923706055,3.6600000858306885,3.9000000953674316,18983,0,0.0
2020-03-23,3.9000000953674316,3.9000000953674316,3.299999952316284,3.5999999046325684,27800,0,0.0
2020-03-24,3.5399999618530273,4.199999809265137,3.4800000190734863,3.8399999141693115,78950,0,0.0
2020-03-25,3.9600000381469727,3.9600000381469727,3.5999999046325684,3.6600000858306885,26417,0,0.0
2020-03-26,3.7799999713897705,3.8399999141693115,3.5999999046325684,3.7200000286102295,15733,0,0.0
2020-03-27,3.6600000858306885,3.7799999713897705,3.4800000190734863,3.7799999713897705,27533,0,0.0
2020-03-30,3.7799999713897705,3.9600000381469727,3.4800000190734863,3.7799999713897705,20533,0,0.0
2020-03-31,3.8399999141693115,4.019999980926514,3.5999999046325684,3.9600000381469727,15933,0,0.0
2020-04-01,3.9000000953674316,3.9600000381469727,3.5999999046325684,3.7200000286102295,8317,0,0.0
2020-04-02,3.7200000286102295,3.9600000381469727,3.4800000190734863,3.6600000858306885,18117,0,0.0
2020-04-03,3.4800000190734863,4.5,3.4800000190734863,4.199999809265137,201667,0,0.0
2020-04-06,4.440000057220459,4.5,3.9600000381469727,4.019999980926514,34850,0,0.0
2020-04-07,4.260000228881836,4.320000171661377,3.9000000953674316,4.019999980926514,60917,0,0.0
2020-04-08,3.9000000953674316,4.139999866485596,3.5999999046325684,4.079999923706055,18517,0,0.0
2020-04-09,4.5,4.559999942779541,3.9600000381469727,4.019999980926514,71233,0,0.0
2020-04-13,4.260000228881836,4.5,4.019999980926514,4.5,21433,0,0.0
2020-04-14,4.559999942779541,5.400000095367432,4.5,4.800000190734863,101717,0,0.0
2020-04-15,4.980000019073486,4.980000019073486,4.320000171661377,4.559999942779541,25950,0,0.0
2020-04-16,4.619999885559082,5.28000020980835,4.440000057220459,4.920000076293945,57100,0,0.0
2020-04-17,4.920000076293945,4.920000076293945,4.5,4.920000076293945,14667,0,0.0
2020-04-20,4.920000076293945,5.28000020980835,4.679999828338623,4.920000076293945,41050,0,0.0
2020-04-21,5.099999904632568,5.099999904632568,4.380000114440918,4.559999942779541,26200,0,0.0
2020-04-22,4.619999885559082,4.619999885559082,4.260000228881836,4.440000057220459,20367,0,0.0
2020-04-23,4.440000057220459,5.039999961853027,4.320000171661377,4.440000057220459,46217,0,0.0
2020-04-24,4.679999828338623,4.980000019073486,4.5,4.739999771118164,29133,0,0.0
2020-04-27,4.800000190734863,4.800000190734863,4.5,4.619999885559082,40267,0,0.0
2020-04-28,4.559999942779541,4.860000133514404,4.019999980926514,4.139999866485596,136217,0,0.0
2020-04-29,4.260000228881836,4.380000114440918,4.139999866485596,4.260000228881836,59600,0,0.0
2020-04-30,4.199999809265137,4.320000171661377,4.079999923706055,4.260000228881836,25100,0,0.0
2020-05-01,4.260000228881836,4.260000228881836,4.079999923706055,4.139999866485596,14450,0,0.0
2020-05-04,4.199999809265137,4.199999809265137,4.079999923706055,4.199999809265137,14117,0,0.0
2020-05-05,4.199999809265137,4.980000019073486,4.079999923706055,4.380000114440918,234150,0,0.0
2020-05-06,4.380000114440918,4.559999942779541,4.139999866485596,4.320000171661377,47433,0,0.0
2020-05-07,4.199999809265137,4.5,4.139999866485596,4.440000057220459,28567,0,0.0
2020-05-08,4.559999942779541,4.800000190734863,4.380000114440918,4.559999942779541,33583,0,0.0
2020-05-11,4.679999828338623,5.340000152587891,4.320000171661377,4.860000133514404,203133,0,0.0
2020-05-12,4.860000133514404,5.039999961853027,4.619999885559082,4.679999828338623,36550,0,0.0
2020-05-13,4.559999942779541,4.800000190734863,4.260000228881836,4.619999885559082,28633,0,0.0
2020-05-14,4.619999885559082,4.619999885559082,4.320000171661377,4.5,17500,0,0.0
2020-05-15,6.0,6.539999961853027,4.860000133514404,5.519999980926514,2074483,0,0.0
2020-05-18,5.039999961853027,5.579999923706055,4.980000019073486,5.460000038146973,213450,0,0.0
2020-05-19,5.099999904632568,5.28000020980835,4.920000076293945,5.039999961853027,105233,0,0.0
2020-05-20,4.860000133514404,5.039999961853027,4.860000133514404,4.920000076293945,91083,0,0.0
2020-05-21,6.960000038146973,12.600000381469727,6.659999847412109,7.380000114440918,21001533,0,0.0
2020-05-22,6.78000020980835,7.199999809265137,5.340000152587891,5.519999980926514,2188733,0,0.0
2020-05-26,5.760000228881836,5.820000171661377,5.460000038146973,5.579999923706055,599700,0,0.0
2020-05-27,5.460000038146973,5.519999980926514,5.099999904632568,5.340000152587891,443067,0,0.0
2020-05-28,5.400000095367432,6.480000019073486,5.21999979019165,5.760000228881836,695383,0,0.0
2020-05-29,5.639999866485596,5.639999866485596,5.159999847412109,5.519999980926514,260867,0,0.0
2020-06-01,5.340000152587891,5.820000171661377,5.340000152587891,5.519999980926514,157383,0,0.0
2020-06-02,5.579999923706055,5.579999923706055,5.28000020980835,5.340000152587891,116867,0,0.0
2020-06-03,5.460000038146973,5.519999980926514,5.28000020980835,5.340000152587891,143750,0,0.0
2020-06-04,5.340000152587891,5.400000095367432,4.980000019073486,5.28000020980835,267250,0,0.0
2020-06-05,5.28000020980835,5.340000152587891,5.039999961853027,5.21999979019165,188467,0,0.0
2020-06-08,5.28000020980835,5.880000114440918,5.099999904632568,5.519999980926514,472050,0,0.0
2020-06-09,5.579999923706055,5.639999866485596,5.340000152587891,5.519999980926514,147367,0,0.0
2020-06-10,5.579999923706055,5.639999866485596,5.21999979019165,5.340000152587891,150950,0,0.0
2020-06-11,5.099999904632568,5.340000152587891,4.860000133514404,4.920000076293945,241683,0,0.0
2020-06-12,5.099999904632568,5.159999847412109,4.860000133514404,4.920000076293945,105367,0,0.0
2020-06-15,4.800000190734863,5.159999847412109,4.619999885559082,5.099999904632568,117267,0,0.0
2020-06-16,5.099999904632568,5.21999979019165,4.980000019073486,5.099999904632568,90133,0,0.0
2020-06-17,5.099999904632568,5.159999847412109,4.920000076293945,4.980000019073486,64233,0,0.0
2020-06-18,4.920000076293945,4.980000019073486,4.860000133514404,4.920000076293945,58717,0,0.0
2020-06-19,4.980000019073486,5.099999904632568,4.860000133514404,4.860000133514404,63917,0,0.0
2020-06-22,4.860000133514404,4.920000076293945,4.679999828338623,4.920000076293945,81567,0,0.0
2020-06-23,4.920000076293945,5.099999904632568,4.860000133514404,5.039999961853027,95050,0,0.0
2020-06-24,5.039999961853027,5.039999961853027,4.619999885559082,4.800000190734863,110933,0,0.0
2020-06-25,4.800000190734863,4.800000190734863,4.679999828338623,4.739999771118164,61000,0,0.0
2020-06-26,4.800000190734863,4.800000190734863,4.440000057220459,4.559999942779541,107133,0,0.0
2020-06-29,4.559999942779541,4.739999771118164,4.559999942779541,4.559999942779541,54783,0,0.0
2020-06-30,4.559999942779541,4.559999942779541,4.260000228881836,4.320000171661377,78600,0,0.0
2020-07-01,4.380000114440918,4.5,4.320000171661377,4.380000114440918,76700,0,0.0
2020-07-02,4.559999942779541,4.559999942779541,4.199999809265137,4.380000114440918,74883,0,0.0
2020-07-06,4.380000114440918,4.559999942779541,4.380000114440918,4.440000057220459,56617,0,0.0
2020-07-07,4.440000057220459,5.28000020980835,4.320000171661377,4.980000019073486,738950,0,0.0
2020-07-08,4.920000076293945,4.920000076293945,4.619999885559082,4.679999828338623,105167,0,0.0
2020-07-09,4.800000190734863,4.800000190734863,4.559999942779541,4.800000190734863,67700,0,0.0
2020-07-10,4.800000190734863,4.920000076293945,4.679999828338623,4.739999771118164,57217,0,0.0
2020-07-13,4.739999771118164,4.739999771118164,4.5,4.559999942779541,79433,0,0.0
2020-07-14,4.5,4.559999942779541,4.260000228881836,4.380000114440918,76183,0,0.0
2020-07-15,4.320000171661377,4.5,4.320000171661377,4.5,46467,0,0.0
2020-07-16,4.559999942779541,4.619999885559082,4.380000114440918,4.559999942779541,43850,0,0.0
2020-07-17,4.559999942779541,4.679999828338623,4.440000057220459,4.619999885559082,48400,0,0.0
2020-07-20,4.679999828338623,4.679999828338623,4.5,4.679999828338623,69533,0,0.0
2020-07-21,4.800000190734863,5.460000038146973,4.679999828338623,5.21999979019165,600483,0,0.0
2020-07-22,5.159999847412109,5.159999847412109,4.800000190734863,4.980000019073486,121750,0,0.0
2020-07-23,4.980000019073486,4.980000019073486,4.679999828338623,4.739999771118164,82100,0,0.0
2020-07-24,4.800000190734863,4.920000076293945,4.619999885559082,4.739999771118164,53400,0,0.0
2020-07-27,4.619999885559082,4.860000133514404,4.619999885559082,4.800000190734863,58700,0,0.0
2020-07-28,4.800000190734863,4.860000133514404,4.739999771118164,4.800000190734863,47683,0,0.0
2020-07-29,4.920000076293945,5.519999980926514,4.800000190734863,5.159999847412109,423917,0,0.0
2020-07-30,5.21999979019165,5.21999979019165,4.860000133514404,4.920000076293945,89283,0,0.0
2020-07-31,5.28000020980835,5.28000020980835,4.739999771118164,4.860000133514404,94083,0,0.0
2020-08-03,4.739999771118164,5.039999961853027,4.679999828338623,4.980000019073486,90583,0,0.0
2020-08-04,4.980000019073486,4.980000019073486,4.800000190734863,4.980000019073486,38783,0,0.0
2020-08-05,5.21999979019165,5.21999979019165,4.920000076293945,5.099999904632568,92267,0,0.0
2020-08-06,5.099999904632568,5.159999847412109,5.039999961853027,5.099999904632568,41217,0,0.0
2020-08-07,5.099999904632568,5.28000020980835,4.860000133514404,5.099999904632568,127433,0,0.0
2020-08-10,5.039999961853027,5.099999904632568,4.5,4.679999828338623,196117,0,0.0
2020-08-11,4.679999828338623,4.739999771118164,4.380000114440918,4.380000114440918,102367,0,0.0
2020-08-12,4.440000057220459,4.5,4.260000228881836,4.320000171661377,101250,0,0.0
2020-08-13,4.5,4.5,4.260000228881836,4.320000171661377,82450,0,0.0
2020-08-14,4.380000114440918,4.440000057220459,4.199999809265137,4.260000228881836,60350,0,0.0
2020-08-17,4.260000228881836,4.380000114440918,4.260000228881836,4.320000171661377,34767,0,0.0
2020-08-18,4.440000057220459,4.5,4.199999809265137,4.320000171661377,37950,0,0.0
2020-08-19,4.380000114440918,4.380000114440918,4.199999809265137,4.260000228881836,42650,0,0.0
2020-08-20,4.199999809265137,4.320000171661377,4.199999809265137,4.320000171661377,31883,0,0.0
2020-08-21,4.260000228881836,4.5,4.260000228881836,4.5,119467,0,0.0
2020-08-24,4.440000057220459,4.440000057220459,4.199999809265137,4.260000228881836,54383,0,0.0
2020-08-25,4.320000171661377,4.380000114440918,4.199999809265137,4.380000114440918,52267,0,0.0
2020-08-26,4.320000171661377,4.380000114440918,4.199999809265137,4.260000228881836,38900,0,0.0
2020-08-27,4.260000228881836,4.260000228881836,3.9000000953674316,4.139999866485596,86900,0,0.0
2020-08-28,4.139999866485596,4.260000228881836,4.079999923706055,4.139999866485596,28467,0,0.0
2020-08-31,4.079999923706055,4.260000228881836,3.9000000953674316,4.139999866485596,72767,0,0.0
2020-09-01,4.139999866485596,4.5,3.9600000381469727,4.5,101017,0,0.0
2020-09-02,4.199999809265137,4.320000171661377,3.5999999046325684,3.6600000858306885,270650,0,0.0
2020-09-03,3.7200000286102295,3.7799999713897705,3.359999895095825,3.4200000762939453,119750,0,0.0
2020-09-04,3.359999895095825,3.4800000190734863,3.119999885559082,3.299999952316284,76083,0,0.0
2020-09-08,3.4200000762939453,3.5999999046325684,3.359999895095825,3.359999895095825,34133,0,0.0
2020-09-09,3.359999895095825,3.7200000286102295,3.359999895095825,3.5999999046325684,65633,0,0.0
2020-09-10,3.5399999618530273,3.6600000858306885,3.4200000762939453,3.5399999618530273,52050,0,0.0
2020-09-11,3.5999999046325684,3.6600000858306885,3.4200000762939453,3.5399999618530273,25850,0,0.0
2020-09-14,3.4200000762939453,3.5999999046325684,3.4200000762939453,3.4800000190734863,37983,0,0.0
2020-09-15,3.5399999618530273,3.7799999713897705,3.4800000190734863,3.7200000286102295,55267,0,0.0
2020-09-16,3.7200000286102295,3.7799999713897705,3.6600000858306885,3.7799999713897705,37433,0,0.0
2020-09-17,3.6600000858306885,3.7799999713897705,3.5999999046325684,3.7200000286102295,21167,0,0.0
2020-09-18,3.6600000858306885,3.7200000286102295,3.5399999618530273,3.5399999618530273,40400,0,0.0
2020-09-21,3.5999999046325684,3.5999999046325684,3.4200000762939453,3.4800000190734863,26050,0,0.0
2020-09-22,3.4800000190734863,3.5399999618530273,3.359999895095825,3.4800000190734863,22283,0,0.0
2020-09-23,3.5399999618530273,3.5399999618530273,3.299999952316284,3.359999895095825,30850,0,0.0
2020-09-24,3.4200000762939453,3.4200000762939453,3.0,3.180000066757202,49583,0,0.0
2020-09-25,3.240000009536743,3.299999952316284,3.180000066757202,3.180000066757202,31433,0,0.0
2020-09-28,3.240000009536743,3.299999952316284,3.180000066757202,3.299999952316284,23067,0,0.0
2020-09-29,3.359999895095825,3.7200000286102295,3.359999895095825,3.5999999046325684,72500,0,0.0
2020-09-30,3.6600000858306885,3.6600000858306885,3.4200000762939453,3.4800000190734863,49983,0,0.0
2020-10-01,3.5399999618530273,3.6600000858306885,3.4200000762939453,3.5399999618530273,26500,0,0.0
2020-10-02,3.5399999618530273,3.5399999618530273,3.4200000762939453,3.5399999618530273,13633,0,0.0
2020-10-05,3.4800000190734863,3.9000000953674316,3.4800000190734863,3.7799999713897705,114433,0,0.0
2020-10-06,3.9000000953674316,4.019999980926514,3.7200000286102295,3.7799999713897705,116567,0,0.0
2020-10-07,3.9000000953674316,3.9000000953674316,3.7799999713897705,3.9000000953674316,26617,0,0.0
2020-10-08,3.9600000381469727,3.9600000381469727,3.7799999713897705,3.8399999141693115,37400,0,0.0
2020-10-09,3.9600000381469727,3.9600000381469727,3.7200000286102295,3.7799999713897705,34717,0,0.0
2020-10-12,3.9000000953674316,3.9000000953674316,3.6600000858306885,3.8399999141693115,32583,0,0.0
2020-10-13,3.8399999141693115,4.139999866485596,3.7200000286102295,4.019999980926514,71467,0,0.0
2020-10-14,4.019999980926514,4.079999923706055,3.8399999141693115,3.9000000953674316,21217,0,0.0
2020-10-15,3.8399999141693115,4.079999923706055,3.8399999141693115,4.019999980926514,32700,0,0.0
2020-10-16,3.9600000381469727,4.139999866485596,3.9000000953674316,3.9000000953674316,28917,0,0.0
2020-10-19,4.079999923706055,4.079999923706055,3.8399999141693115,3.9600000381469727,23417,0,0.0
2020-10-20,3.9600000381469727,4.440000057220459,3.9600000381469727,4.320000171661377,128500,0,0.0
2020-10-21,4.199999809265137,4.199999809265137,3.9000000953674316,3.9600000381469727,46250,0,0.0
2020-10-22,3.9600000381469727,4.139999866485596,3.8399999141693115,3.9600000381469727,36250,0,0.0
2020-10-23,4.019999980926514,4.800000190734863,3.8399999141693115,3.9600000381469727,371317,0,0.0
2020-10-26,3.9000000953674316,4.019999980926514,3.6600000858306885,3.6600000858306885,69017,0,0.0
2020-10-27,3.7200000286102295,3.7799999713897705,3.6600000858306885,3.7200000286102295,16433,0,0.0
2020-10-28,3.6600000858306885,3.6600000858306885,3.4200000762939453,3.4800000190734863,42700,0,0.0
2020-10-29,3.4800000190734863,3.5999999046325684,3.359999895095825,3.4800000190734863,16267,0,0.0
2020-10-30,3.4800000190734863,3.5399999618530273,3.299999952316284,3.359999895095825,29867,0,0.0
2020-11-02,3.4200000762939453,3.4200000762939453,3.240000009536743,3.299999952316284,14983,0,0.0
2020-11-03,3.359999895095825,3.4200000762939453,3.299999952316284,3.299999952316284,7600,0,0.0
2020-11-04,3.299999952316284,3.4200000762939453,3.299999952316284,3.359999895095825,15450,0,0.0
2020-11-05,3.359999895095825,3.4800000190734863,3.240000009536743,3.299999952316284,31050,0,0.0
2020-11-06,3.359999895095825,3.359999895095825,3.240000009536743,3.240000009536743,30133,0,0.0
2020-11-09,3.359999895095825,3.5399999618530273,3.240000009536743,3.4200000762939453,38600,0,0.0
2020-11-10,3.4800000190734863,3.5399999618530273,3.299999952316284,3.4200000762939453,15050,0,0.0
2020-11-11,3.4200000762939453,3.4800000190734863,3.240000009536743,3.4200000762939453,30633,0,0.0
2020-11-12,3.359999895095825,3.4200000762939453,3.359999895095825,3.4200000762939453,18400,0,0.0
2020-11-13,3.4200000762939453,3.5399999618530273,3.359999895095825,3.4800000190734863,23317,0,0.0
2020-11-16,3.4800000190734863,3.5399999618530273,3.4200000762939453,3.4800000190734863,20617,0,0.0
2020-11-17,3.5399999618530273,3.5399999618530273,3.4200000762939453,3.4800000190734863,14550,0,0.0
2020-11-18,3.4200000762939453,3.7200000286102295,3.4200000762939453,3.5999999046325684,36917,0,0.0
2020-11-19,3.5999999046325684,3.7200000286102295,3.4800000190734863,3.7200000286102295,23467,0,0.0
2020-11-20,3.7200000286102295,3.8399999141693115,3.5999999046325684,3.7200000286102295,24583,0,0.0
2020-11-23,3.7799999713897705,3.8399999141693115,3.6600000858306885,3.7799999713897705,32817,0,0.0
2020-11-24,3.7799999713897705,3.9000000953674316,3.6600000858306885,3.7799999713897705,53400,0,0.0
2020-11-25,3.7799999713897705,3.7799999713897705,3.5399999618530273,3.6600000858306885,51167,0,0.0
2020-11-27,3.6600000858306885,3.7200000286102295,3.4800000190734863,3.5999999046325684,43150,0,0.0
2020-11-30,3.6600000858306885,3.9600000381469727,3.5399999618530273,3.9000000953674316,56433,0,0.0
2020-12-01,4.019999980926514,4.079999923706055,3.7799999713897705,3.8399999141693115,29300,0,0.0
2020-12-02,3.9600000381469727,3.9600000381469727,3.7799999713897705,3.9000000953674316,28267,0,0.0
2020-12-03,3.9600000381469727,4.019999980926514,3.8399999141693115,3.8399999141693115,16933,0,0.0
2020-12-04,3.8399999141693115,4.079999923706055,3.8399999141693115,4.019999980926514,35383,0,0.0
2020-12-07,3.9000000953674316,4.139999866485596,3.9000000953674316,4.079999923706055,28567,0,0.0
2020-12-08,4.019999980926514,4.320000171661377,4.019999980926514,4.199999809265137,64917,0,0.0
2020-12-09,4.320000171661377,4.320000171661377,3.9600000381469727,4.199999809265137,79233,0,0.0
2020-12-10,4.139999866485596,4.320000171661377,3.9600000381469727,4.079999923706055,40300,0,0.0
2020-12-11,4.079999923706055,4.199999809265137,3.9000000953674316,4.139999866485596,46717,0,0.0
2020-12-14,4.260000228881836,5.159999847412109,4.079999923706055,4.679999828338623,515900,0,0.0
2020-12-15,4.739999771118164,4.800000190734863,4.380000114440918,4.800000190734863,143567,0,0.0
2020-12-16,4.800000190734863,4.920000076293945,4.440000057220459,4.679999828338623,122483,0,0.0
2020-12-17,6.840000152587891,7.980000019073486,5.400000095367432,5.760000228881836,11457717,0,0.0
2020-12-18,5.579999923706055,6.0,5.460000038146973,5.699999809265137,635017,0,0.0
2020-12-21,5.21999979019165,5.400000095367432,4.679999828338623,4.739999771118164,483550,0,0.0
2020-12-22,4.800000190734863,5.039999961853027,4.619999885559082,4.679999828338623,214533,0,0.0
2020-12-23,4.619999885559082,5.039999961853027,4.380000114440918,4.920000076293945,413567,0,0.0
2020-12-24,4.980000019073486,6.119999885559082,4.679999828338623,5.340000152587891,1063067,0,0.0
2020-12-28,5.400000095367432,5.579999923706055,5.039999961853027,5.21999979019165,515633,0,0.0
2020-12-29,5.28000020980835,5.28000020980835,4.860000133514404,4.920000076293945,236250,0,0.0
2020-12-30,4.980000019073486,5.400000095367432,4.920000076293945,5.159999847412109,190900,0,0.0
2020-12-31,5.159999847412109,6.239999771118164,5.099999904632568,5.28000020980835,1062767,0,0.0
2021-01-04,5.460000038146973,6.480000019073486,5.21999979019165,6.179999828338623,1250450,0,0.0
2021-01-05,5.940000057220459,6.840000152587891,5.579999923706055,6.480000019073486,1287933,0,0.0
2021-01-06,6.480000019073486,6.480000019073486,5.820000171661377,5.940000057220459,417483,0,0.0
2021-01-07,6.300000190734863,6.659999847412109,6.0,6.420000076293945,475000,0,0.0
2021-01-08,6.599999904632568,7.559999942779541,6.300000190734863,7.440000057220459,1161400,0,0.0
2021-01-11,8.220000267028809,9.600000381469727,7.800000190734863,8.279999732971191,1247267,0,0.0
2021-01-12,7.980000019073486,8.15999984741211,6.900000095367432,7.920000076293945,624017,0,0.0
2021-01-13,9.65999984741211,9.65999984741211,7.920000076293945,8.699999809265137,1677417,0,0.0
2021-01-14,8.640000343322754,8.640000343322754,8.100000381469727,8.279999732971191,367500,0,0.0
2021-01-15,8.039999961853027,8.520000457763672,7.559999942779541,7.980000019073486,368933,0,0.0
2021-01-19,8.34000015258789,8.579999923706055,7.980000019073486,8.039999961853027,301817,0,0.0
2021-01-20,7.980000019073486,9.0,7.5,8.34000015258789,924883,0,0.0
2021-01-21,8.699999809265137,8.699999809265137,7.920000076293945,8.279999732971191,243417,0,0.0
2021-01-22,8.15999984741211,9.119999885559082,7.860000133514404,8.579999923706055,587383,0,0.0
2021-01-25,8.819999694824219,10.020000457763672,8.520000457763672,9.84000015258789,1271133,0,0.0
2021-01-26,9.899999618530273,9.899999618530273,8.880000114440918,9.119999885559082,379550,0,0.0
2021-01-27,8.100000381469727,8.640000343322754,7.800000190734863,8.100000381469727,340667,0,0.0
2021-01-28,8.760000228881836,10.140000343322754,8.640000343322754,9.119999885559082,1024033,0,0.0
2021-01-29,9.180000305175781,9.300000190734863,8.15999984741211,8.819999694824219,360050,0,0.0
2021-02-01,8.819999694824219,8.880000114440918,8.279999732971191,8.520000457763672,218267,0,0.0
2021-02-02,8.460000038146973,8.880000114440918,8.100000381469727,8.640000343322754,538200,0,0.0
2021-02-03,9.180000305175781,9.359999656677246,8.760000228881836,8.880000114440918,258983,0,0.0
2021-02-04,9.0,9.0600004196167,8.399999618530273,8.699999809265137,155767,0,0.0
2021-02-05,8.760000228881836,8.819999694824219,8.460000038146973,8.760000228881836,188283,0,0.0
2021-02-08,9.300000190734863,11.520000457763672,9.0600004196167,10.380000114440918,1490583,0,0.0
2021-02-09,10.319999694824219,10.5,9.779999732971191,10.020000457763672,443867,0,0.0
2021-02-10,10.380000114440918,12.300000190734863,10.140000343322754,11.279999732971191,1939733,0,0.0
2021-02-11,11.34000015258789,11.399999618530273,9.899999618530273,10.619999885559082,465433,0,0.0
2021-02-12,10.140000343322754,11.699999809265137,9.779999732971191,11.039999961853027,952400,0,0.0
2021-02-16,11.699999809265137,13.199999809265137,11.399999618530273,12.359999656677246,1280083,0,0.0
2021-02-17,12.239999771118164,12.420000076293945,11.399999618530273,12.0,281033,0,0.0
2021-02-18,11.579999923706055,12.0,10.319999694824219,10.859999656677246,282283,0,0.0
2021-02-19,10.739999771118164,11.100000381469727,10.260000228881836,11.039999961853027,220083,0,0.0
2021-02-22,10.5600004196167,10.920000076293945,9.960000038146973,10.199999809265137,220633,0,0.0
2021-02-23,8.699999809265137,9.479999542236328,7.800000190734863,8.760000228881836,493117,0,0.0
2021-02-24,9.239999771118164,9.420000076293945,8.819999694824219,9.0,132317,0,0.0
2021-02-25,9.0600004196167,9.180000305175781,8.15999984741211,8.399999618530273,211867,0,0.0
2021-02-26,8.399999618530273,8.520000457763672,7.559999942779541,8.039999961853027,123900,0,0.0
2021-03-01,8.15999984741211,9.0,8.15999984741211,8.699999809265137,104733,0,0.0
2021-03-02,8.640000343322754,8.9399995803833,8.100000381469727,8.279999732971191,228017,0,0.0
2021-03-03,8.34000015258789,8.460000038146973,7.440000057220459,7.559999942779541,202750,0,0.0
2021-03-04,7.260000228881836,7.5,6.179999828338623,6.659999847412109,292500,0,0.0
2021-03-05,6.539999961853027,7.199999809265137,6.300000190734863,7.139999866485596,366767,0,0.0
2021-03-08,7.5,8.279999732971191,6.840000152587891,7.139999866485596,431850,0,0.0
2021-03-09,7.5,7.800000190734863,7.260000228881836,7.679999828338623,128317,0,0.0
2021-03-10,7.739999771118164,7.980000019073486,7.440000057220459,7.739999771118164,97450,0,0.0
2021-03-11,7.980000019073486,8.34000015258789,7.800000190734863,8.279999732971191,99250,0,0.0
2021-03-12,8.15999984741211,9.239999771118164,7.980000019073486,8.699999809265137,430217,0,0.0
2021-03-15,8.9399995803833,9.779999732971191,8.819999694824219,9.300000190734863,356300,0,0.0
2021-03-16,9.65999984741211,9.899999618530273,8.9399995803833,9.359999656677246,499783,0,0.0
2021-03-17,8.9399995803833,9.539999961853027,8.399999618530273,9.300000190734863,171933,0,0.0
2021-03-18,10.859999656677246,11.399999618530273,9.960000038146973,10.5,1820250,0,0.0
2021-03-19,9.779999732971191,10.5,9.420000076293945,9.84000015258789,248400,0,0.0
2021-03-22,12.779999732971191,16.020000457763672,11.640000343322754,12.119999885559082,10877250,0,0.0
2021-03-23,11.460000038146973,12.119999885559082,10.739999771118164,11.880000114440918,817117,0,0.0
2021-03-24,11.579999923706055,11.640000343322754,9.600000381469727,11.100000381469727,1202533,0,0.0
2021-03-25,9.300000190734863,10.380000114440918,9.300000190734863,10.380000114440918,378533,0,0.0
2021-03-26,9.899999618530273,10.199999809265137,9.119999885559082,9.300000190734863,229033,0,0.0
2021-03-29,9.0,9.300000190734863,8.699999809265137,8.9399995803833,203200,0,0.0
2021-03-30,9.0,9.960000038146973,8.819999694824219,9.84000015258789,211667,0,0.0
2021-03-31,9.84000015258789,10.319999694824219,9.65999984741211,10.199999809265137,111267,0,0.0
2021-04-01,10.260000228881836,10.680000305175781,9.960000038146973,10.140000343322754,166650,0,0.0
2021-04-05,11.15999984741211,11.34000015258789,9.899999618530273,10.800000190734863,631667,0,0.0
2021-04-06,10.619999885559082,11.34000015258789,10.260000228881836,11.34000015258789,225050,0,0.0
2021-04-07,11.15999984741211,11.15999984741211,10.140000343322754,10.380000114440918,215967,0,0.0
2021-04-08,10.4399995803833,11.15999984741211,10.079999923706055,11.039999961853027,387100,0,0.0
2021-04-09,10.380000114440918,10.859999656677246,9.0,9.479999542236328,1180300,0,0.0
2021-04-12,9.600000381469727,9.600000381469727,8.640000343322754,9.0,362350,0,0.0
2021-04-13,8.9399995803833,9.0,8.460000038146973,8.9399995803833,158067,0,0.0
2021-04-14,8.640000343322754,9.479999542236328,8.640000343322754,9.0600004196167,148200,0,0.0
2021-04-15,9.0,9.539999961853027,8.460000038146973,8.520000457763672,243917,0,0.0
2021-04-16,8.399999618530273,8.520000457763672,8.039999961853027,8.34000015258789,159150,0,0.0
2021-04-19,8.279999732971191,9.359999656677246,8.279999732971191,9.300000190734863,201617,0,0.0
2021-04-20,9.300000190734863,9.539999961853027,8.640000343322754,8.880000114440918,129167,0,0.0
2021-04-21,8.760000228881836,9.539999961853027,8.699999809265137,9.420000076293945,85633,0,0.0
2021-04-22,9.239999771118164,9.600000381469727,9.0600004196167,9.420000076293945,140200,0,0.0
2021-04-23,9.479999542236328,10.199999809265137,9.239999771118164,9.479999542236328,379567,0,0.0
2021-04-26,10.680000305175781,11.279999732971191,9.600000381469727,10.079999923706055,941250,0,0.0
2021-04-27,9.899999618530273,10.020000457763672,9.720000267028809,9.960000038146973,194117,0,0.0
2021-04-28,9.0,10.90999984741211,9.0,10.25,186500,0,0.16666666666666666
2021-04-29,10.239999771118164,10.239999771118164,7.800000190734863,7.800000190734863,356600,0,0.0
2021-04-30,7.349999904632568,7.789999961853027,6.679999828338623,7.610000133514404,808900,0,0.0
2021-05-03,8.649999618530273,8.65999984741211,6.519999980926514,6.570000171661377,1084000,0,0.0
2021-05-04,6.510000228881836,6.599999904632568,5.809999942779541,6.110000133514404,412400,0,0.0
2021-05-05,6.0,6.380000114440918,5.730000019073486,6.119999885559082,210400,0,0.0
2021-05-06,6.0,6.059999942779541,5.289999961853027,5.710000038146973,540900,0,0.0
2021-05-07,5.849999904632568,6.179999828338623,5.650000095367432,5.96999979019165,636600,0,0.0
2021-05-10,5.840000152587891,5.960000038146973,5.199999809265137,5.360000133514404,296400,0,0.0
2021-05-11,4.619999885559082,5.670000076293945,4.510000228881836,5.329999923706055,172200,0,0.0
2021-05-12,5.150000095367432,5.650000095367432,5.119999885559082,5.25,564000,0,0.0
2021-05-13,6.570000171661377,6.789999961853027,4.440000057220459,4.599999904632568,39176200,0,0.0
2021-05-14,4.110000133514404,4.369999885559082,3.7100000381469727,3.759999990463257,2762200,0,0.0
2021-05-17,3.700000047683716,4.239999771118164,3.549999952316284,3.880000114440918,2738700,0,0.0
2021-05-18,3.8299999237060547,3.940000057220459,3.700000047683716,3.9000000953674316,718900,0,0.0
2021-05-19,3.690000057220459,3.8399999141693115,3.559999942779541,3.630000114440918,624600,0,0.0
2021-05-20,3.5999999046325684,3.799999952316284,3.559999942779541,3.740000009536743,456600,0,0.0
2021-05-21,3.7100000381469727,3.890000104904175,3.559999942779541,3.7799999713897705,1492900,0,0.0
2021-05-24,3.7100000381469727,3.740000009536743,3.5999999046325684,3.6600000858306885,336200,0,0.0
2021-05-25,3.690000057220459,3.7100000381469727,3.549999952316284,3.5899999141693115,384100,0,0.0
2021-05-26,3.5799999237060547,3.640000104904175,3.430000066757202,3.490000009536743,495100,0,0.0
2021-05-27,3.4600000381469727,3.700000047683716,3.450000047683716,3.6600000858306885,674800,0,0.0
2021-05-28,3.6600000858306885,3.940000057220459,3.630000114440918,3.809999942779541,1051500,0,0.0
2021-06-01,3.880000114440918,4.03000020980835,3.5999999046325684,3.9600000381469727,838200,0,0.0
2021-06-02,3.9600000381469727,4.03000020980835,3.759999990463257,3.799999952316284,377500,0,0.0
2021-06-03,3.799999952316284,4.150000095367432,3.700000047683716,4.059999942779541,921600,0,0.0
2021-06-04,4.130000114440918,4.130000114440918,3.7699999809265137,3.7799999713897705,474900,0,0.0
2021-06-07,3.75,4.28000020980835,3.75,4.199999809265137,1754800,0,0.0
2021-06-08,4.25,4.289999961853027,3.859999895095825,3.9600000381469727,558700,0,0.0
2021-06-09,4.0,4.099999904632568,3.9000000953674316,3.930000066757202,502400,0,0.0
2021-06-10,3.9600000381469727,4.070000171661377,3.809999942779541,3.930000066757202,676700,0,0.0
2021-06-11,4.039999961853027,4.150000095367432,3.9600000381469727,4.110000133514404,599600,0,0.0
2021-06-14,4.190000057220459,4.349999904632568,4.059999942779541,4.21999979019165,427800,0,0.0
2021-06-15,4.260000228881836,4.300000190734863,3.9700000286102295,4.039999961853027,324000,0,0.0
2021-06-16,3.990000009536743,4.199999809265137,3.9600000381469727,4.199999809265137,286100,0,0.0
2021-06-17,4.110000133514404,4.289999961853027,4.03000020980835,4.239999771118164,508700,0,0.0
2021-06-18,4.150000095367432,4.199999809265137,4.010000228881836,4.130000114440918,295000,0,0.0
2021-06-21,4.150000095367432,4.199999809265137,4.03000020980835,4.099999904632568,378700,0,0.0
2021-06-22,4.090000152587891,4.130000114440918,3.880000114440918,3.9700000286102295,327400,0,0.0
2021-06-23,4.0,4.099999904632568,4.0,4.090000152587891,146400,0,0.0
2021-06-24,4.099999904632568,4.429999828338623,4.090000152587891,4.400000095367432,1175800,0,0.0
2021-06-25,4.400000095367432,4.449999809265137,4.25,4.389999866485596,343900,0,0.0
2021-06-28,4.460000038146973,4.570000171661377,4.25,4.349999904632568,487600,0,0.0
2021-06-29,4.380000114440918,4.389999866485596,4.110000133514404,4.139999866485596,214000,0,0.0
2021-06-30,4.150000095367432,4.269999980926514,4.019999980926514,4.070000171661377,181300,0,0.0
2021-07-01,4.090000152587891,4.28000020980835,3.8499999046325684,3.930000066757202,1128800,0,0.0
2021-07-02,3.9200000762939453,3.9600000381469727,3.5999999046325684,3.630000114440918,401500,0,0.0
2021-07-06,3.809999942779541,3.809999942779541,3.4800000190734863,3.5299999713897705,308600,0,0.0
2021-07-07,3.609999895095825,3.609999895095825,3.380000114440918,3.509999990463257,250400,0,0.0
2021-07-08,3.3399999141693115,3.5199999809265137,3.259999990463257,3.4600000381469727,235500,0,0.0
2021-07-09,3.4600000381469727,3.8499999046325684,3.4100000858306885,3.7899999618530273,898300,0,0.0
2021-07-12,3.799999952316284,3.799999952316284,3.5999999046325684,3.6600000858306885,174700,0,0.0
2021-07-13,3.7100000381469727,4.329999923706055,3.700000047683716,3.799999952316284,1246200,0,0.0
2021-07-14,3.809999942779541,3.880000114440918,3.380000114440918,3.440000057220459,292000,0,0.0
2021-07-15,3.4600000381469727,3.5299999713897705,3.4000000953674316,3.4800000190734863,98000,0,0.0
2021-07-16,3.430000066757202,3.450000047683716,3.3499999046325684,3.369999885559082,80600,0,0.0
2021-07-19,3.3499999046325684,3.6500000953674316,3.25,3.5999999046325684,384900,0,0.0
2021-07-20,3.569999933242798,3.569999933242798,3.3299999237060547,3.450000047683716,138600,0,0.0
2021-07-21,3.450000047683716,3.680000066757202,3.450000047683716,3.630000114440918,90800,0,0.0
2021-07-22,3.630000114440918,4.0,3.5999999046325684,3.890000104904175,546400,0,0.0
2021-07-23,3.9000000953674316,3.9100000858306885,3.3499999046325684,3.4000000953674316,461100,0,0.0
2021-07-26,3.450000047683716,3.5199999809265137,3.369999885559082,3.380000114440918,220700,0,0.0
2021-07-27,3.390000104904175,3.4000000953674316,3.259999990463257,3.2699999809265137,191100,0,0.0
2021-07-28,3.319999933242798,3.5199999809265137,3.2799999713897705,3.4800000190734863,84000,0,0.0
2021-07-29,3.9100000858306885,4.059999942779541,2.9700000286102295,3.1600000858306885,8003700,0,0.0
2021-07-30,2.990000009536743,3.0899999141693115,2.819999933242798,2.930000066757202,929900,0,0.0
2021-08-02,2.890000104904175,2.9800000190734863,2.7799999713897705,2.940000057220459,309200,0,0.0
2021-08-03,2.9100000858306885,2.9200000762939453,2.4700000286102295,2.75,667800,0,0.0
2021-08-04,2.7799999713897705,2.809999942779541,2.619999885559082,2.630000114440918,234100,0,0.0
2021-08-05,2.6500000953674316,2.7899999618530273,2.619999885559082,2.740000009536743,186700,0,0.0
2021-08-06,2.690000057220459,2.7699999809265137,2.6600000858306885,2.700000047683716,107000,0,0.0
2021-08-09,2.740000009536743,2.7899999618530273,2.700000047683716,2.759999990463257,120800,0,0.0
2021-08-10,2.809999942779541,2.809999942779541,2.690000057220459,2.740000009536743,101800,0,0.0
2021-08-11,2.75,2.759999990463257,2.6700000762939453,2.759999990463257,74500,0,0.0
2021-08-12,2.7200000286102295,2.759999990463257,2.680000066757202,2.7200000286102295,79700,0,0.0
2021-08-13,2.7300000190734863,2.7300000190734863,2.559999942779541,2.5999999046325684,134700,0,0.0
2021-08-16,2.559999942779541,2.559999942779541,2.4000000953674316,2.440000057220459,147000,0,0.0
2021-08-17,2.390000104904175,2.549999952316284,2.3399999141693115,2.5199999809265137,93600,0,0.0
2021-08-18,2.5199999809265137,2.7799999713897705,2.4800000190734863,2.569999933242798,154800,0,0.0
2021-08-19,2.5299999713897705,2.5999999046325684,2.4600000381469727,2.4700000286102295,76400,0,0.0
2021-08-20,2.8499999046325684,2.9000000953674316,2.450000047683716,2.5399999618530273,937400,0,0.0
2021-08-23,2.4700000286102295,2.7699999809265137,2.4600000381469727,2.759999990463257,235600,0,0.0
2021-08-24,2.6600000858306885,2.740000009536743,2.549999952316284,2.5999999046325684,257800,0,0.0
2021-08-25,2.640000104904175,2.7300000190734863,2.5399999618530273,2.680000066757202,81300,0,0.0
2021-08-26,2.6600000858306885,2.690000057220459,2.509999990463257,2.5399999618530273,142300,0,0.0
2021-08-27,2.5399999618530273,2.6600000858306885,2.509999990463257,2.5299999713897705,92200,0,0.0
2021-08-30,2.5299999713897705,2.8499999046325684,2.4600000381469727,2.7300000190734863,874200,0,0.0
2021-08-31,3.0899999141693115,3.200000047683716,2.609999895095825,2.809999942779541,4783000,0,0.0
2021-09-01,2.8299999237060547,2.8499999046325684,2.6600000858306885,2.6700000762939453,490200,0,0.0
2021-09-02,2.7100000381469727,2.7699999809265137,2.6700000762939453,2.759999990463257,343500,0,0.0
2021-09-03,2.7200000286102295,2.819999933242798,2.680000066757202,2.7300000190734863,267400,0,0.0
2021-09-07,2.740000009536743,2.930000066757202,2.6500000953674316,2.890000104904175,698000,0,0.0
2021-09-08,2.880000114440918,2.880000114440918,2.630000114440918,2.680000066757202,332200,0,0.0
2021-09-09,2.6600000858306885,2.9600000381469727,2.6600000858306885,2.9000000953674316,669200,0,0.0
2021-09-10,2.930000066757202,3.0799999237060547,2.8299999237060547,3.0,671000,0,0.0
2021-09-13,2.9600000381469727,3.0,2.8499999046325684,2.890000104904175,388500,0,0.0
2021-09-14,2.9100000858306885,3.0,2.7899999618530273,2.890000104904175,328200,0,0.0
2021-09-15,2.819999933242798,2.880000114440918,2.759999990463257,2.799999952316284,208800,0,0.0
2021-09-16,2.799999952316284,2.8499999046325684,2.7699999809265137,2.7699999809265137,131000,0,0.0
2021-09-17,2.7899999618530273,2.930000066757202,2.740000009536743,2.740000009536743,330100,0,0.0
2021-09-20,2.690000057220459,2.740000009536743,2.5299999713897705,2.5799999237060547,385700,0,0.0
2021-09-21,2.5899999141693115,2.700000047683716,2.390000104904175,2.4600000381469727,1017500,0,0.0
2021-09-22,2.4800000190734863,2.5299999713897705,2.2699999809265137,2.3499999046325684,515800,0,0.0
2021-09-23,2.4000000953674316,2.5799999237060547,2.369999885559082,2.5199999809265137,423200,0,0.0
2021-09-24,2.5,2.5399999618530273,2.369999885559082,2.4200000762939453,172400,0,0.0
2021-09-27,2.4100000858306885,2.5,2.380000114440918,2.450000047683716,139600,0,0.0
2021-09-28,2.450000047683716,2.490000009536743,2.359999895095825,2.380000114440918,149000,0,0.0
2021-09-29,2.369999885559082,2.8399999141693115,2.359999895095825,2.7100000381469727,1744900,0,0.0
2021-09-30,2.740000009536743,2.890000104904175,2.549999952316284,2.6500000953674316,3400600,0,0.0
2021-10-01,2.630000114440918,2.6600000858306885,2.380000114440918,2.490000009536743,720000,0,0.0
2021-10-04,2.490000009536743,2.5999999046325684,2.4200000762939453,2.430000066757202,255800,0,0.0
2021-10-05,2.450000047683716,2.490000009536743,2.390000104904175,2.440000057220459,226800,0,0.0
2021-10-06,2.430000066757202,2.4800000190734863,2.4000000953674316,2.4100000858306885,80900,0,0.0
2021-10-07,2.440000057220459,2.549999952316284,2.4000000953674316,2.4700000286102295,140800,0,0.0
2021-10-08,2.4600000381469727,2.5399999618530273,2.4100000858306885,2.450000047683716,87800,0,0.0
2021-10-11,2.509999990463257,2.559999942779541,2.4100000858306885,2.559999942779541,122100,0,0.0
2021-10-12,2.5299999713897705,2.9700000286102295,2.490000009536743,2.75,920400,0,0.0
2021-10-13,2.7300000190734863,2.759999990463257,2.630000114440918,2.690000057220459,129000,0,0.0
2021-10-14,2.7300000190734863,2.8399999141693115,2.5799999237060547,2.6700000762939453,258900,0,0.0
2021-10-15,2.6700000762939453,2.759999990463257,2.609999895095825,2.759999990463257,104400,0,0.0
2021-10-18,2.740000009536743,2.799999952316284,2.5999999046325684,2.630000114440918,150700,0,0.0
2021-10-19,2.619999885559082,2.7100000381469727,2.609999895095825,2.7100000381469727,78200,0,0.0
2021-10-20,2.75,2.8499999046325684,2.700000047683716,2.75,204900,0,0.0
2021-10-21,2.7699999809265137,2.799999952316284,2.680000066757202,2.799999952316284,82200,0,0.0
2021-10-22,2.8399999141693115,2.8399999141693115,2.5799999237060547,2.609999895095825,285400,0,0.0
2021-10-25,2.609999895095825,2.9200000762939453,2.5999999046325684,2.7899999618530273,695600,0,0.0
2021-10-26,2.759999990463257,2.819999933242798,2.609999895095825,2.75,201300,0,0.0
2021-10-27,2.740000009536743,2.75,2.609999895095825,2.700000047683716,158300,0,0.0
2021-10-28,2.680000066757202,2.75,2.640000104904175,2.75,134400,0,0.0
2021-10-29,2.759999990463257,2.759999990463257,2.680000066757202,2.740000009536743,97700,0,0.0
2021-11-01,2.7100000381469727,2.799999952316284,2.6500000953674316,2.7300000190734863,99400,0,0.0
2021-11-02,2.7200000286102295,2.950000047683716,2.7100000381469727,2.890000104904175,451300,0,0.0
2021-11-03,2.880000114440918,3.0199999809265137,2.799999952316284,2.9600000381469727,442600,0,0.0
2021-11-04,2.9800000190734863,3.0,2.8499999046325684,2.880000114440918,190600,0,0.0
2021-11-05,2.859999895095825,2.9100000858306885,2.7899999618530273,2.8499999046325684,143600,0,0.0
2021-11-08,2.8299999237060547,2.930000066757202,2.7699999809265137,2.9200000762939453,206600,0,0.0
2021-11-09,2.950000047683716,2.9700000286102295,2.809999942779541,2.8499999046325684,97600,0,0.0
2021-11-10,2.890000104904175,2.890000104904175,2.6500000953674316,2.7699999809265137,131000,0,0.0
2021-11-11,2.740000009536743,2.7699999809265137,2.6600000858306885,2.680000066757202,71500,0,0.0
2021-11-12,2.680000066757202,2.7300000190734863,2.609999895095825,2.6700000762939453,91300,0,0.0
2021-11-15,2.859999895095825,2.859999895095825,2.630000114440918,2.690000057220459,73200,0,0.0
2021-11-16,2.7300000190734863,2.7799999713897705,2.5,2.5199999809265137,345900,0,0.0
2021-11-17,2.609999895095825,2.609999895095825,2.5,2.509999990463257,130200,0,0.0
2021-11-18,2.5,2.549999952316284,2.25,2.319999933242798,323700,0,0.0
2021-11-19,2.369999885559082,2.5,2.319999933242798,2.4600000381469727,297600,0,0.0
2021-11-22,2.4700000286102295,2.680000066757202,2.259999990463257,2.3399999141693115,1444200,0,0.0
2021-11-23,2.299999952316284,2.3499999046325684,2.069999933242798,2.259999990463257,297700,0,0.0
2021-11-24,2.2200000286102295,2.3299999237060547,2.2200000286102295,2.309999942779541,53700,0,0.0
2021-11-26,2.25,2.3499999046325684,2.1700000762939453,2.309999942779541,43600,0,0.0
2021-11-29,2.259999990463257,2.359999895095825,2.180000066757202,2.2899999618530273,140500,0,0.0
2021-11-30,2.319999933242798,2.3499999046325684,2.130000114440918,2.3299999237060547,127100,0,0.0
2021-12-01,2.200000047683716,2.2300000190734863,1.9900000095367432,1.9900000095367432,340600,0,0.0
2021-12-02,2.0899999141693115,2.140000104904175,1.899999976158142,2.0799999237060547,218600,0,0.0
2021-12-03,2.119999885559082,2.130000114440918,1.7999999523162842,1.850000023841858,287100,0,0.0
2021-12-06,1.8700000047683716,1.8899999856948853,1.649999976158142,1.7799999713897705,226700,0,0.0
2021-12-07,1.7699999809265137,1.9500000476837158,1.7699999809265137,1.899999976158142,159300,0,0.0
2021-12-08,1.899999976158142,2.0899999141693115,1.899999976158142,2.0,235100,0,0.0
2021-12-09,1.9600000381469727,2.0,1.9500000476837158,1.9800000190734863,36600,0,0.0
2021-12-10,2.0199999809265137,2.0999999046325684,1.9800000190734863,2.0999999046325684,67900,0,0.0
2021-12-13,2.0899999141693115,2.0999999046325684,1.909999966621399,2.0,89400,0,0.0
2021-12-14,2.0,2.009999990463257,1.840000033378601,1.8700000047683716,104600,0,0.0
2021-12-15,1.850000023841858,1.9500000476837158,1.7200000286102295,1.909999966621399,131500,0,0.0
2021-12-16,1.8799999952316284,1.899999976158142,1.8200000524520874,1.850000023841858,29100,0,0.0
2021-12-17,1.8200000524520874,1.9800000190734863,1.8200000524520874,1.899999976158142,108500,0,0.0
2021-12-20,1.850000023841858,1.8700000047683716,1.7100000381469727,1.850000023841858,76500,0,0.0
2021-12-21,1.850000023841858,1.850000023841858,1.7200000286102295,1.75,144600,0,0.0
2021-12-22,1.7400000095367432,1.75,1.5800000429153442,1.649999976158142,167000,0,0.0
2021-12-23,1.649999976158142,1.690000057220459,1.6100000143051147,1.6699999570846558,107800,0,0.0
2021-12-27,1.6699999570846558,1.6699999570846558,1.559999942779541,1.590000033378601,114100,0,0.0
2021-12-28,1.5700000524520874,1.5800000429153442,1.2999999523162842,1.3799999952316284,319000,0,0.0
2021-12-29,1.3899999856948853,1.4700000286102295,1.350000023841858,1.399999976158142,182400,0,0.0
2021-12-30,1.3799999952316284,1.5199999809265137,1.340000033378601,1.409999966621399,149500,0,0.0
2021-12-31,1.4199999570846558,1.4500000476837158,1.2999999523162842,1.2999999523162842,241900,0,0.0
2022-01-03,1.3300000429153442,1.559999942779541,1.2599999904632568,1.5099999904632568,157500,0,0.0
2022-01-04,1.5299999713897705,1.5499999523162842,1.3700000047683716,1.4299999475479126,136600,0,0.0
2022-01-05,1.409999966621399,1.440000057220459,1.350000023841858,1.399999976158142,129800,0,0.0
2022-01-06,1.3799999952316284,1.4299999475479126,1.340000033378601,1.350000023841858,89600,0,0.0
2022-01-07,1.440000057220459,1.440000057220459,1.309999942779541,1.3300000429153442,51600,0,0.0
2022-01-10,1.3300000429153442,1.340000033378601,1.2899999618530273,1.3200000524520874,77700,0,0.0
2022-01-11,1.3200000524520874,1.4500000476837158,1.2999999523162842,1.4199999570846558,90100,0,0.0
2022-01-12,1.440000057220459,1.5499999523162842,1.350000023841858,1.3700000047683716,76600,0,0.0
2022-01-13,1.3799999952316284,1.4800000190734863,1.309999942779541,1.3300000429153442,94400,0,0.0
2022-01-14,1.3300000429153442,1.340000033378601,1.2599999904632568,1.2999999523162842,56900,0,0.0
2022-01-18,1.2799999713897705,1.309999942779541,1.2100000381469727,1.2100000381469727,30000,0,0.0
2022-01-19,1.2000000476837158,1.2899999618530273,1.159999966621399,1.190000057220459,104500,0,0.0
2022-01-20,1.1799999475479126,1.2300000190734863,1.1799999475479126,1.190000057220459,29100,0,0.0
2022-01-21,1.1799999475479126,1.2300000190734863,1.0,1.059999942779541,448900,0,0.0
2022-01-24,1.059999942779541,1.090000033378601,1.0399999618530273,1.090000033378601,88900,0,0.0
2022-01-25,1.0800000429153442,1.1399999856948853,1.0800000429153442,1.1200000047683716,43300,0,0.0
2022-01-26,1.1200000047683716,1.1699999570846558,1.0299999713897705,1.1100000143051147,136300,0,0.0
2022-01-27,1.1200000047683716,1.159999966621399,1.059999942779541,1.1200000047683716,109400,0,0.0
2022-01-28,1.100000023841858,1.1299999952316284,1.059999942779541,1.100000023841858,49800,0,0.0
2022-01-31,1.0700000524520874,1.2300000190734863,1.0700000524520874,1.2000000476837158,71000,0,0.0
2022-02-01,1.1699999570846558,1.2799999713897705,1.1299999952316284,1.2300000190734863,130100,0,0.0
2022-02-02,1.2799999713897705,1.6200000047683716,1.0099999904632568,1.0199999809265137,35561700,0,0.0
2022-02-03,0.9900000095367432,1.0099999904632568,0.8100000023841858,0.8399999737739563,3364200,0,0.0
2022-02-04,0.8399999737739563,0.9300000071525574,0.8100000023841858,0.9300000071525574,1240400,0,0.0
2022-02-07,0.9200000166893005,0.9800000190734863,0.8799999952316284,0.9599999785423279,800400,0,0.0
2022-02-08,0.9800000190734863,1.0800000429153442,0.949999988079071,1.0399999618530273,763700,0,0.0
2022-02-09,1.0700000524520874,1.090000033378601,1.0199999809265137,1.0499999523162842,398200,0,0.0
2022-02-10,1.059999942779541,1.100000023841858,1.0299999713897705,1.0399999618530273,356400,0,0.0
2022-02-11,1.059999942779541,1.0800000429153442,0.9800000190734863,1.0099999904632568,349000,0,0.0
2022-02-14,0.9800000190734863,1.0099999904632568,0.949999988079071,0.9700000286102295,187700,0,0.0
2022-02-15,0.9700000286102295,1.0099999904632568,0.9700000286102295,0.9900000095367432,186100,0,0.0
2022-02-16,1.0,1.0199999809265137,0.9900000095367432,1.0,98100,0,0.0
2022-02-17,0.9800000190734863,1.0099999904632568,0.9300000071525574,0.949999988079071,151100,0,0.0
2022-02-18,1.0099999904632568,1.0099999904632568,0.9300000071525574,0.949999988079071,94300,0,0.0
2022-02-22,1.0099999904632568,1.0099999904632568,0.8799999952316284,0.9100000262260437,117700,0,0.0
2022-02-23,0.949999988079071,0.9599999785423279,0.8899999856948853,0.9300000071525574,103100,0,0.0
2022-02-24,0.8500000238418579,0.9399999976158142,0.8299999833106995,0.9200000166893005,254200,0,0.0
2022-02-25,0.9200000166893005,0.949999988079071,0.8999999761581421,0.9200000166893005,42100,0,0.0
