Date,Open,High,Low,Close,Volume,Dividends,Stock Splits
1980-03-17,0.0,0.9210875340115672,0.9067852497100831,0.906785249710083,197845.0,0.0,0.0
1980-03-18,0.0,0.9382505416870117,0.9039244465883585,0.9382505416870117,689878.0,0.0,0.0
1980-03-19,0.0,0.9496925733865629,0.9268085099874607,0.9382505416870117,555687.0,0.0,0.0
1980-03-20,0.0,0.9382506619056367,0.909645438194275,0.9096454381942749,302789.0,0.0,0.0
1980-03-21,0.0,0.9153666578369221,0.9067852497100831,0.906785249710083,373325.0,0.0,0.0
1980-03-24,0.0,0.9153666578369221,0.9067852497100831,0.906785249710083,170319.0,0.0,0.0
1980-03-25,0.0,0.9125061258847282,0.898203466123759,0.906785249710083,335477.0,0.0,0.0
1980-03-26,0.0,0.9382509301170555,0.9153668572440896,0.9268088936805725,531602.0,0.0,0.0
1980-03-27,0.0,0.9268084420701761,0.9153664112091063,0.9153664112091064,552246.0,0.0,0.0
1980-03-28,0.0,0.9439714550971986,0.9210870244109457,0.9439714550971985,211608.0,0.0,0.0
1980-03-31,0.0,0.955413857639924,0.9439718255362854,0.9496926069259644,428378.0,0.0,0.0
1980-04-01,0.0,0.9639951586723328,0.9525531278234574,0.9639951586723328,225372.0,0.0,0.0
1980-04-02,0.0,0.966855525970459,0.955413498171809,0.966855525970459,197845.0,0.0,0.0
1980-04-03,0.0,0.966855525970459,0.9611343712739027,0.966855525970459,46451.0,0.0,0.0
1980-04-07,0.0,0.9697164344277734,0.9525531530380249,0.9525531530380249,369885.0,0.0,0.0
1980-04-08,0.0,0.9697161502511477,0.9496922496104317,0.966855525970459,345799.0,0.0,0.0
1980-04-09,0.0,0.9725767035455878,0.9611346721649169,0.961134672164917,149674.0,0.0,0.0
1980-04-10,0.0,0.9639955855932578,0.9496929233669427,0.9554141759872437,326875.0,0.0,0.0
1980-04-11,0.0,0.9525531986425168,0.9382505416870117,0.9382505416870117,170319.0,0.0,0.0
1980-04-14,0.0,0.9382510588683748,0.915366982855146,0.9210878610610962,208168.0,0.0,0.0
1980-04-15,0.0,0.9325301465610434,0.9153668572440896,0.9268088936805725,166878.0,0.0,0.0
1980-04-16,0.0,0.9325301465610434,0.9153668572440896,0.9268088936805725,225372.0,0.0,0.0
1980-04-17,0.0,0.9239480969823882,0.8982034050286493,0.9096454381942749,898046.0,0.0,0.0
1980-04-18,0.0,0.9153664112091063,0.9039243803480367,0.9153664112091064,61934.0,0.0,0.0
1980-04-21,0.0,0.9210872858423722,0.9067850053943616,0.9153664112091064,87740.0,0.0,0.0
1980-04-22,0.0,0.9439714550971986,0.9153661514014308,0.9439714550971985,739769.0,0.0,0.0
1980-04-23,0.0,0.9525528584762902,0.9325294274837108,0.9439714550971985,304510.0,0.0,0.0
1980-04-24,0.0,0.9525531530380249,0.9382504967672748,0.9525531530380249,168599.0,0.0,0.0
1980-04-25,0.0,0.9468317038723173,0.9325294274837108,0.9439714550971985,237414.0,0.0,0.0
1980-04-28,0.0,0.9496922342418941,0.9296688032493147,0.9439714550971985,548806.0,0.0,0.0
1980-04-29,0.0,0.9582741069450824,0.9325294274837108,0.9439714550971985,120428.0,0.0,0.0
1980-04-30,0.0,0.9353903975417118,0.9096456982285105,0.9268088936805725,553967.0,0.0,0.0
1980-05-01,0.0,0.935390376690656,0.9153668368393841,0.9296694993972778,1914798.0,0.0,0.0
1980-05-02,0.0,0.9296690360874376,0.8982031941413879,0.8982031941413879,297628.0,0.0,0.0
1980-05-05,0.0,0.9067849355367363,0.8924822807312012,0.8924822807312012,591816.0,0.0,0.0
1980-05-06,0.0,0.9268088936805725,0.8982036617920276,0.9268088936805725,829230.0,0.0,0.0
1980-05-07,0.0,0.9496926069259644,0.9153665106150485,0.9496926069259644,679556.0,0.0,0.0
1980-05-08,0.0,0.966855525970459,0.955413498171809,0.966855525970459,1068365.0,0.0,0.0
1980-05-09,0.0,0.9697169983232393,0.9554143337354155,0.9582749605178833,285585.0,0.0,0.0
1980-05-12,0.0,0.9611350531479949,0.9554141759872437,0.9554141759872437,497194.0,0.0,0.0
1980-05-13,0.0,0.9639951586723328,0.9554137528667336,0.9639951586723328,399131.0,0.0,0.0
1980-05-14,0.0,0.9668562119034083,0.9554141759872437,0.9554141759872437,796542.0,0.0,0.0
1980-05-15,0.0,0.9611346721649169,0.9582744224480874,0.961134672164917,235694.0,0.0,0.0
1980-05-16,0.0,0.9639951586723328,0.9582743779100098,0.9639951586723328,110105.0,0.0,0.0
1980-05-19,0.0,0.9782984336880584,0.963995768744357,0.9725772738456726,395691.0,0.0,0.0
1980-05-20,0.0,0.9811584852094292,0.9611346721649169,0.961134672164917,438700.0,0.0,0.0
1980-05-21,0.0,0.9954614843722838,0.9554141260947923,0.9926008582115173,782779.0,0.0,0.0
1980-05-22,0.0,1.0126241923315509,0.9811587159654885,1.0069034099578857,247737.0,0.0,0.0
1980-05-23,0.0,1.0183460849492736,0.9954620024032623,1.0097646713256836,1464055.0,0.0,0.0
1980-05-27,0.0,1.0183455552462088,1.0097641460863285,1.0154849290847778,696760.0,0.0,0.0
1980-05-28,0.0,1.0183452367782593,1.0126239862446085,1.0183452367782593,338918.0,0.0,0.0
1980-05-29,0.0,1.0240658190680187,1.0126237895475398,1.0212056636810303,263220.0,0.0,0.0
1980-05-30,0.0,1.0469510696366875,1.0069037040276128,1.0297877788543701,352681.0,0.0,0.0
1980-06-02,0.0,1.0412295343647944,1.0240662482292728,1.0355087518692017,208168.0,0.0,0.0
1980-06-03,0.0,1.0297869525795345,0.9954608678817749,0.9954608678817749,739769.0,0.0,0.0
1980-06-04,0.0,1.0412298440933228,1.0011824774140319,1.0412298440933228,543644.0,0.0,0.0
1980-06-05,0.0,1.0412291340261224,1.0240658544896521,1.032647728919983,455904.0,0.0,0.0
1980-06-06,0.0,1.0383687019348145,1.0297872952359859,1.0383687019348145,75697.0,0.0,0.0
1980-06-09,0.0,1.0355090322233087,1.0212063681254608,1.0297877788543701,359562.0,0.0,0.0
1980-06-10,0.0,1.0297871424030562,1.0126238622283605,1.0269265174865723,350960.0,0.0,0.0
1980-06-11,0.0,1.024066017987644,1.0069032050352238,1.0183452367782593,381927.0,0.0,0.0
1980-06-12,0.0,1.0269274985728634,1.0040434160268523,1.0097646713256836,553967.0,0.0,0.0
1980-06-13,0.0,1.0183452367782593,1.0069032050352238,1.0183452367782593,538483.0,0.0,0.0
1980-06-16,0.0,1.0240663382446582,1.0069035199248975,1.0154849290847778,330316.0,0.0,0.0
1980-06-17,0.0,1.0412295343647944,1.0183454657336801,1.0355087518692017,376766.0,0.0,0.0
1980-06-18,0.0,1.0583924438605372,1.03550838337295,1.052671194076538,1997377.0,0.0,0.0
1980-06-19,0.0,1.0526713593157142,1.0383687019348145,1.0383687019348145,235694.0,0.0,0.0
1980-06-20,0.0,1.0297870684903458,1.0212056636810303,1.0212056636810303,514398.0,0.0,0.0
1980-06-23,0.0,1.0526711203300123,1.0212056566949934,1.046950340270996,173760.0,0.0,0.0
1980-06-24,0.0,1.0498109427703695,1.0355087518692017,1.0355087518692017,313112.0,0.0,0.0
1980-06-25,0.0,1.0412295343647944,1.0297875000492374,1.0355087518692017,371605.0,0.0,0.0
1980-06-26,0.0,1.0583923697132003,1.0412290908878081,1.046950340270996,2676933.0,0.0,0.0
1980-06-27,0.0,1.0555318189685376,1.0469504136167436,1.052671194076538,1204276.0,0.0,0.0
1980-06-30,0.0,1.0469510976151548,1.035509059896002,1.0412298440933228,493753.0,0.0,0.0
1980-07-01,0.0,1.0526718707417568,1.0412298331429373,1.0498112440109253,464506.0,0.0,0.0
1980-07-02,0.0,1.0612534284591675,1.049810925012789,1.0612534284591675,240855.0,0.0,0.0
1980-07-03,0.0,1.072695693272142,1.0612536566894346,1.0698350667953491,1138901.0,0.0,0.0
1980-07-07,0.0,1.0869978263913664,1.0755553260627169,1.084137201309204,832671.0,0.0,0.0
1980-07-08,0.0,1.0955797534720713,1.075555837695955,1.0869983434677124,299349.0,0.0,0.0
1980-07-09,0.0,1.0869981862996076,1.075555682182312,1.075555682182312,473108.0,0.0,0.0
1980-07-10,0.0,1.0755554104266793,1.0641133785247803,1.0641133785247803,318273.0,0.0,0.0
1980-07-11,0.0,1.0726951360702515,1.0583924804401375,1.0726951360702515,237414.0,0.0,0.0
1980-07-14,0.0,1.0784162282943726,1.066974194349393,1.0784162282943726,696760.0,0.0,0.0
1980-07-15,0.0,1.0841375602702839,1.0698348994480553,1.075555682182312,1264490.0,0.0,0.0
1980-07-16,0.0,1.0869983434677124,1.0726956805774748,1.0869983434677124,433539.0,0.0,0.0
1980-07-17,0.0,1.0984395742416382,1.0841369218419787,1.0984395742416382,299349.0,0.0,0.0
1980-07-18,0.0,1.129905829728361,1.1156031672569302,1.1213244199752808,851595.0,0.0,0.0
1980-07-21,0.0,1.1442082807938596,1.121324212797449,1.1327662467956543,342358.0,0.0,0.0
1980-07-22,0.0,1.1728136638609985,1.1327663080398969,1.1556503772735596,968582.0,0.0,0.0
1980-07-23,0.0,1.1670923314255046,1.147068889557657,1.1585109233856201,302789.0,0.0,0.0
1980-07-24,0.0,1.195697448138129,1.1613713524681701,1.1899765729904175,314832.0,0.0,0.0
1980-07-25,0.0,1.2128607360423067,1.1871160448515823,1.195697546005249,684717.0,0.0,0.0
1980-07-28,0.0,1.1899765328762,1.1785341259125206,1.1871159076690674,390529.0,0.0,0.0
1980-07-29,0.0,1.1899773565314085,1.1785349416477426,1.1842561960220337,848154.0,0.0,0.0
1980-07-30,0.0,1.252907478749004,1.1899760940219872,1.215720772743225,1255888.0,0.0,0.0
1980-07-31,0.0,1.2128602266311646,1.1813943914457983,1.2128602266311646,2227910.0,0.0,0.0
1980-08-01,0.0,1.2243025599336714,1.201418498185965,1.2071393728256226,344079.0,0.0,0.0
1980-08-04,0.0,1.204278814128202,1.1613713133182373,1.1871159076690674,192684.0,0.0,0.0
1980-08-05,0.0,1.1985580576606274,1.1728133689160631,1.1785341501235962,633105.0,0.0,0.0
1980-08-06,0.0,1.1956974323947278,1.1785341501235962,1.1785341501235962,418056.0,0.0,0.0
1980-08-07,0.0,1.2185815119181014,1.1899765729904175,1.1899765729904175,1386638.0,0.0,0.0
1980-08-08,0.0,1.2128610887949287,1.1956978937660692,1.2042793035507202,596977.0,0.0,0.0
1980-08-11,0.0,1.2099999978751435,1.1956973419517694,1.2071393728256226,540204.0,0.0,0.0
1980-08-12,0.0,1.2100004852275448,1.192837197341785,1.1985584497451782,867079.0,0.0,0.0
1980-08-13,0.0,1.1985580330381929,1.1813947511196534,1.1871159076690674,311391.0,0.0,0.0
1980-08-14,0.0,1.195697448138129,1.1785341656410135,1.1899765729904175,1025355.0,0.0,0.0
1980-08-15,0.0,1.195697448138129,1.1785341656410135,1.1899765729904175,352681.0,0.0,0.0
1980-08-18,0.0,1.1956982354460346,1.1785349416477426,1.1842561960220337,364724.0,0.0,0.0
1980-08-19,0.0,1.1871160192366328,1.167092204093933,1.167092204093933,184082.0,0.0,0.0
1980-08-20,0.0,1.1785341501235962,1.167092118384264,1.1785341501235962,142793.0,0.0,0.0
1980-08-21,0.0,1.1842560369287967,1.1442086696624756,1.1442086696624756,280424.0,0.0,0.0
1980-08-22,0.0,1.1842554006553954,1.1556500866449315,1.1785341501235962,891164.0,0.0,0.0
1980-08-25,0.0,1.1871159076690674,1.1728133448225118,1.1871159076690674,142793.0,0.0,0.0
1980-08-26,0.0,1.1956982354460346,1.1785349416477426,1.1842561960220337,861917.0,0.0,0.0
1980-08-27,0.0,1.1871157532366001,1.169952567415679,1.1756737232208252,115266.0,0.0,0.0
1980-08-28,0.0,1.169952829569913,1.1613714224662735,1.167092204093933,103224.0,0.0,0.0
1980-08-29,0.0,1.1756740487940989,1.1642320156097412,1.1642320156097412,254618.0,0.0,0.0
1980-09-02,0.0,1.1813944578170776,1.1585104004899107,1.1813944578170776,146233.0,0.0,0.0
1980-09-03,0.0,1.195697448138129,1.1842554162481427,1.1899765729904175,1386638.0,0.0,0.0
1980-09-04,0.0,1.2014193959554094,1.1842561960220337,1.1842561960220337,1154384.0,0.0,0.0
1980-09-05,0.0,1.1871158585730939,1.1728132963180542,1.1728132963180542,204727.0,0.0,0.0
1980-09-08,0.0,1.181394902384587,1.1699528694152832,1.1699528694152832,187523.0,0.0,0.0
1980-09-09,0.0,1.1813944578170776,1.1670918046565633,1.1813944578170776,201286.0,0.0,0.0
1980-09-10,0.0,1.1899765729904175,1.1728133843581565,1.1899765729904175,400852.0,0.0,0.0
1980-09-11,0.0,1.201418399810791,1.1785339644775357,1.201418399810791,600417.0,0.0,0.0
1980-09-12,0.0,1.2243024110794067,1.1956971965754102,1.2243024110794067,328595.0,0.0,0.0
1980-09-15,0.0,1.2300240709042085,1.1956979605246518,1.218582034111023,411174.0,0.0,0.0
1980-09-16,0.0,1.2443262408071658,1.2128606755693456,1.235744833946228,970302.0,0.0,0.0
1980-09-17,0.0,1.2643497623957938,1.2300232981227976,1.2586286067962646,803424.0,0.0,0.0
1980-09-18,0.0,1.3015369256059954,1.2843737344722521,1.2929555177688599,259779.0,0.0,0.0
1980-09-19,0.0,1.3158401250839233,1.2958163000091858,1.3158401250839233,418056.0,0.0,0.0
1980-09-22,0.0,1.3101180060670623,1.2958154442277763,1.3043972253799438,700200.0,0.0,0.0
1980-09-23,0.0,1.3101180060670623,1.2986759753686024,1.3043972253799438,436980.0,0.0,0.0
1980-09-24,0.0,1.312978465411647,1.2986758115121104,1.3101178407669067,411174.0,0.0,0.0
1980-09-25,0.0,1.3129792881294204,1.2929558417178006,1.307258129119873,125589.0,0.0,0.0
1980-09-26,0.0,1.3158392560784038,1.3043972253799438,1.3043972253799438,285585.0,0.0,0.0
1980-09-29,0.0,1.2929551073457315,1.252907767944104,1.2700706720352173,318273.0,0.0,0.0
1980-09-30,0.0,1.2815129973714996,1.2614894638521759,1.275792121887207,201286.0,0.0,0.0
1980-10-01,0.0,1.3272814350710709,1.278652681838378,1.3244208097457886,307951.0,0.0,0.0
1980-10-02,0.0,1.32728216333892,1.3043980868289267,1.3158401250839233,208168.0,0.0,0.0
1980-10-03,0.0,1.32728216333892,1.3129794981890408,1.3158401250839233,295908.0,0.0,0.0
1980-10-06,0.0,1.32728216333892,1.3101188712941583,1.3158401250839233,156556.0,0.0,0.0
1980-10-07,0.0,1.3272811193111833,1.295815280732203,1.3101178407669067,242576.0,0.0,0.0
1980-10-08,0.0,1.3215610034140617,1.3043980868289267,1.3158401250839233,159997.0,0.0,0.0
1980-10-09,0.0,1.3187007519788057,1.3043980868289267,1.3158401250839233,113546.0,0.0,0.0
1980-10-10,0.0,1.3272812867768635,1.3043972253799438,1.3043972253799438,134191.0,0.0,0.0
1980-10-13,0.0,1.29867684841156,1.2872348100211244,1.29867684841156,165158.0,0.0,0.0
1980-10-14,0.0,1.3101187530846894,1.292955931913029,1.29581618309021,387089.0,0.0,0.0
1980-10-15,0.0,1.304397304446953,1.2986760540888136,1.3015366792678833,103224.0,0.0,0.0
1980-10-16,0.0,1.3043974379572694,1.275792121887207,1.275792121887207,218490.0,0.0,0.0
1980-10-17,0.0,1.2786527473590732,1.2586289322451696,1.275792121887207,689878.0,0.0,0.0
1980-10-20,0.0,1.275792121887207,1.2586289322451696,1.275792121887207,156556.0,0.0,0.0
1980-10-21,0.0,1.2815126866660183,1.2471865972989566,1.2529077529907227,304510.0,0.0,0.0
1980-10-22,0.0,1.2700706720352173,1.2586286421096369,1.2700706720352173,125589.0,0.0,0.0
1980-10-23,0.0,1.2700713284922145,1.2357452209734667,1.2471872568130493,708802.0,0.0,0.0
1980-10-24,0.0,1.2614894299884707,1.235744833946228,1.235744833946228,118707.0,0.0,0.0
1980-10-27,0.0,1.2443263430252451,1.2185816510032876,1.2271634340286255,239135.0,0.0,0.0
1980-10-28,0.0,1.2328843098293003,1.2185816510032876,1.2271634340286255,430098.0,0.0,0.0
1980-10-29,0.0,1.2700706364008159,1.2271630488499579,1.2586286067962646,381927.0,0.0,0.0
1980-10-30,0.0,1.2643497623957938,1.2471865771917137,1.2586286067962646,173760.0,0.0,0.0
1980-10-31,0.0,1.264350201625055,1.2500475423196453,1.2557684183120728,271822.0,0.0,0.0
1980-11-03,0.0,1.2614895758991047,1.2500475423196453,1.2557684183120728,710523.0,0.0,0.0
1980-11-05,0.0,1.304397896187121,1.2643505334854126,1.2643505334854126,650309.0,0.0,0.0
1980-11-06,0.0,1.2529077194482379,1.212860381596709,1.2243024110794067,603858.0,0.0,0.0
1980-11-07,0.0,1.2328842479994229,1.2214422153773028,1.2300236225128174,287306.0,0.0,0.0
1980-11-10,0.0,1.2357443765375171,1.2128602266311646,1.2128602266311646,390529.0,0.0,0.0
1980-11-11,0.0,1.2214416455882706,1.2071389941515738,1.215720772743225,325154.0,0.0,0.0
1980-11-12,0.0,1.2414667649119608,1.2128614317746853,1.2214429378509521,289026.0,0.0,0.0
1980-11-13,0.0,1.2471872568130493,1.2271637175600016,1.2471872568130493,244296.0,0.0,0.0
1980-11-14,0.0,1.2643505334854126,1.2414664603199976,1.2643505334854126,407733.0,0.0,0.0
1980-11-17,0.0,1.2700714343425947,1.2128611565117722,1.218582034111023,3791748.0,0.0,0.0
1980-11-18,0.0,1.235745323963038,1.2128611565117722,1.218582034111023,975463.0,0.0,0.0
1980-11-19,0.0,1.2300232850235036,1.212860381596709,1.2243024110794067,569450.0,0.0,0.0
1980-11-20,0.0,1.2243031933049577,1.2157217830411868,1.218582034111023,172039.0,0.0,0.0
1980-11-21,0.0,1.2071394800281152,1.1899765729904175,1.1899765729904175,836111.0,0.0,0.0
1980-11-24,0.0,1.1928368228345643,1.181394790944578,1.1899765729904175,564289.0,0.0,0.0
1980-11-25,0.0,1.2071392739820088,1.184255214108107,1.201418399810791,142793.0,0.0,0.0
1980-11-26,0.0,1.218582034111023,1.2014191197185866,1.218582034111023,134191.0,0.0,0.0
1980-11-28,0.0,1.218582034111023,1.2128611565117722,1.218582034111023,251178.0,0.0,0.0
1980-12-01,0.0,1.2185815119181014,1.1842554162481427,1.1899765729904175,1722114.0,0.0,0.0
1980-12-02,0.0,1.195697448138129,1.181394790944578,1.1899765729904175,278704.0,0.0,0.0
1980-12-03,0.0,1.195697448138129,1.1728133843581565,1.1899765729904175,338918.0,0.0,0.0
1980-12-04,0.0,1.1899773565314085,1.1728141565980328,1.1842561960220337,330316.0,0.0,0.0
1980-12-05,0.0,1.1842556984778299,1.1442083426567282,1.1556503772735596,1839101.0,0.0,0.0
1980-12-08,0.0,1.1642321613645943,1.1442083426567282,1.1556503772735596,204727.0,0.0,0.0
1980-12-09,0.0,1.2071392739820088,1.1642316851846528,1.201418399810791,1145782.0,0.0,0.0
1980-12-10,0.0,1.2014185146929808,1.1728132963180542,1.1728132963180542,416335.0,0.0,0.0
1980-12-11,0.0,1.1613720133620211,1.1442087210979108,1.1499298810958862,282145.0,0.0,0.0
1980-12-12,0.0,1.1756737232208252,1.1585105373999038,1.1756737232208252,615901.0,0.0,0.0
1980-12-15,0.0,1.1728135830016622,1.1585109233856201,1.1585109233856201,115266.0,0.0,0.0
1980-12-16,0.0,1.167092204093933,1.1613714224662735,1.167092204093933,411174.0,0.0,0.0
1980-12-17,0.0,1.1728135830016622,1.1585109233856201,1.1585109233856201,1391799.0,0.0,0.0
1980-12-18,0.0,1.1728132963180542,1.1585106401981673,1.1728132963180542,1083848.0,0.0,0.0
1980-12-19,0.0,1.2014186048804036,1.169952759054592,1.1899765729904175,4844629.0,0.0,0.0
1980-12-22,0.0,1.2300236225128174,1.1899766491326873,1.2300236225128174,769016.0,0.0,0.0
1980-12-23,0.0,1.2529084155301708,1.2300239683914584,1.2471872568130493,607299.0,0.0,0.0
1980-12-24,0.0,1.2557686663616277,1.2471872568130493,1.2471872568130493,48171.0,0.0,0.0
1980-12-26,0.0,1.2529077529907227,1.2471865972989566,1.2529077529907227,175480.0,0.0,0.0
1980-12-29,0.0,1.2586292766851788,1.2300239527869035,1.2386057376861572,232253.0,0.0,0.0
1980-12-30,0.0,1.2643505334854126,1.2357453012313044,1.2643505334854126,428378.0,0.0,0.0
1980-12-31,0.0,1.2672103871279763,1.2586286067962646,1.2586286067962646,41289.0,0.0,0.0
1981-01-02,0.0,1.258629012014626,1.2386054772262496,1.2443263530731201,141072.0,0.0,0.0
1981-01-05,0.0,1.2443262408071658,1.2300235831560782,1.235744833946228,569450.0,0.0,0.0
1981-01-06,0.0,1.248617213552618,1.2228726148605347,1.2228726148605347,221357.0,0.0,1.5
1981-01-07,0.0,1.2443262408071658,1.1928368609929656,1.235744833946228,743210.0,0.0,0.0
1981-01-08,0.0,1.2486167221339346,1.2228721335741617,1.231453537940979,287879.0,0.0,0.0
1981-01-09,0.0,1.2657804489135742,1.2271634115868477,1.2657804489135742,857903.0,0.0,0.0
1981-01-12,0.0,1.3387230684934432,1.2700705216116224,1.3129783868789673,333756.0,0.0,0.0
1981-01-13,0.0,1.3129783868789673,1.2786523011677113,1.3129783868789673,253471.0,0.0,0.0
1981-01-14,0.0,1.3558869792544532,1.3129790000828596,1.3215605020523071,316552.0,0.0,0.0
1981-01-15,0.0,1.3086886399065407,1.2872347831726074,1.2872347831726074,212182.0,0.0,0.0
1981-01-16,0.0,1.2958162883202184,1.2786533718899022,1.2872347831726074,586081.0,0.0,0.0
1981-01-19,0.0,1.2915257234762245,1.2743624315862851,1.2872347831726074,145660.0,0.0,0.0
1981-01-20,0.0,1.2872339732785139,1.2700707860521108,1.2829431295394897,305083.0,0.0,0.0
1981-01-21,0.0,1.295815329545074,1.2743614886848604,1.2915247678756714,450743.0,0.0,0.0
1981-01-22,0.0,1.3001071347589297,1.2786533718899022,1.2872347831726074,262647.0,0.0,0.0
1981-01-23,0.0,1.2872338577208455,1.2614891730572415,1.2700706720352173,402572.0,0.0,0.0
1981-01-26,0.0,1.2872338577208455,1.2571983297034153,1.2700706720352173,409454.0,0.0,0.0
1981-01-27,0.0,1.3043980750625468,1.2786533718899022,1.2872347831726074,96342.0,0.0,0.0
1981-01-28,0.0,1.2958162883202184,1.2829439367338962,1.2872347831726074,143366.0,0.0,0.0
1981-01-29,0.0,1.3001062000526473,1.2700706720352173,1.2700706720352173,274116.0,0.0,0.0
1981-01-30,0.0,1.2958162883202184,1.2743624315862851,1.2872347831726074,664072.0,0.0,0.0
1981-02-02,0.0,1.304398086656477,1.2700715964363987,1.2786533832550049,198419.0,0.0,0.0
1981-02-03,0.0,1.3086878061294556,1.2786525572485514,1.3086878061294556,333756.0,0.0,0.0
1981-02-04,0.0,1.3172693235894253,1.2958152032260986,1.3129783868789673,518412.0,0.0,0.0
1981-02-05,0.0,1.3215598848405745,1.3043969827821873,1.3129783868789673,549379.0,0.0,0.0
1981-02-06,0.0,1.3301419117825344,1.2958154442277763,1.3043972253799438,337197.0,0.0,0.0
1981-02-09,0.0,1.317270040512085,1.3001067536532904,1.317270040512085,272969.0,0.0,0.0
1981-02-10,0.0,1.3215605020523071,1.300106653263817,1.3215605020523071,395691.0,0.0,0.0
1981-02-11,0.0,1.3387237970922845,1.3086882562853703,1.317270040512085,184656.0,0.0,0.0
1981-02-12,0.0,1.325850993219664,1.3043972440190184,1.3086878061294556,137632.0,0.0,0.0
1981-02-13,0.0,1.3344324827194214,1.2958155440068384,1.3344324827194214,380781.0,0.0,0.0
1981-02-17,0.0,1.3558876844501948,1.304398270394435,1.3258520364761353,670954.0,0.0,0.0
1981-02-18,0.0,1.3473052978515623,1.317270130453403,1.3473052978515625,373899.0,0.0,0.0
1981-02-19,0.0,1.3387233174753235,1.3043972253799438,1.3043972253799438,224798.0,0.0,0.0
1981-02-20,0.0,1.3043972253799438,1.2872339446701426,1.3043972253799438,322287.0,0.0,0.0
1981-02-23,0.0,1.3344328580464881,1.2872344058402923,1.317270040512085,915250.0,0.0,0.0
1981-02-24,0.0,1.338723067642657,1.312978386044542,1.3301416635513306,136485.0,0.0,0.0
1981-02-25,0.0,1.330142285616368,1.3043975919782829,1.3215605020523071,174333.0,0.0,0.0
1981-02-26,0.0,1.3344327550064787,1.3129790000828596,1.3215605020523071,354401.0,0.0,0.0
1981-02-27,0.0,1.364468943838577,1.3301428280964898,1.355887532234192,348667.0,0.0,0.0
1981-03-02,0.0,1.373050570487976,1.3473058623181784,1.373050570487976,447302.0,0.0,0.0
1981-03-03,0.0,1.3987939357757568,1.3644678476115888,1.3987939357757568,4704704.0,0.0,0.0
1981-03-04,0.0,1.4159581783163255,1.3859225374007946,1.4030858278274536,147954.0,0.0,0.0
1981-03-05,0.0,1.411666277502841,1.3945034680828416,1.3987939357757568,190390.0,0.0,0.0
1981-03-06,0.0,1.3987944205057232,1.373049728130141,1.3859220743179321,134191.0,0.0,0.0
1981-03-09,0.0,1.4374110698699951,1.3945035737447162,1.4374110698699951,394544.0,0.0,0.0
1981-03-10,0.0,1.4374118071455562,1.4116671085357666,1.4116671085357666,232827.0,0.0,0.0
1981-03-11,0.0,1.398794912657314,1.3773411512374878,1.3773411512374878,1299471.0,0.0,0.0
1981-03-12,0.0,1.3859220743179321,1.373049728130141,1.3859220743179321,443862.0,0.0,0.0
1981-03-13,0.0,1.4030851182557718,1.3816313680654584,1.3902127742767334,1020767.0,0.0,0.0
1981-03-16,0.0,1.3945039510726929,1.3644683201985257,1.3945039510726929,472535.0,0.0,0.0
1981-03-17,0.0,1.4073756981427379,1.3816310167312622,1.3816310167312622,346373.0,0.0,0.0
1981-03-18,0.0,1.3773412959074283,1.3515965917697261,1.355887532234192,278704.0,0.0,0.0
1981-03-19,0.0,1.3859220743179321,1.364468320446391,1.3859220743179321,319993.0,0.0,0.0
1981-03-20,0.0,1.4030848727928413,1.377340189338673,1.3987939357757568,192684.0,0.0,0.0
1981-03-23,0.0,1.4202480388484757,1.3816310167312622,1.3816310167312622,430098.0,0.0,0.0
1981-03-24,0.0,1.3945044419680472,1.368759740534457,1.3773411512374878,174333.0,0.0,0.0
1981-03-25,0.0,1.3816310167312622,1.3687586760255244,1.3816310167312622,589522.0,0.0,0.0
1981-03-26,0.0,1.381632091251252,1.3644688005206926,1.3773411512374878,314259.0,0.0,0.0
1981-03-27,0.0,1.4073762972581456,1.3816316048872401,1.3945039510726929,505796.0,0.0,0.0
1981-03-30,0.0,1.4374110698699951,1.403084979104931,1.4374110698699951,150248.0,0.0,0.0
1981-03-31,0.0,1.4417030562516835,1.3473056513052601,1.355887532234192,1606848.0,0.0,0.0
1981-04-01,0.0,1.398793824789491,1.3730491433780154,1.3816310167312622,656044.0,0.0,0.0
1981-04-02,0.0,1.394503357437,1.3730491433780154,1.3816310167312622,415188.0,0.0,0.0
1981-04-03,0.0,1.4030858278274536,1.3644687763608376,1.4030858278274536,697333.0,0.0,0.0
1981-04-06,0.0,1.4030847614661146,1.3687586760255244,1.3816310167312622,71110.0,0.0,0.0
1981-04-07,0.0,1.398793824789491,1.364467739348901,1.3816310167312622,411748.0,0.0,0.0
1981-04-08,0.0,1.4331213258506494,1.373050050009119,1.4245394468307495,325728.0,0.0,0.0
1981-04-09,0.0,1.5017735958099365,1.4502841971455598,1.5017735958099365,299349.0,0.0,0.0
1981-04-10,0.0,1.518937456497311,1.5017741607116188,1.5103559494018555,394544.0,0.0,0.0
1981-04-13,0.0,1.5403907781893578,1.4931923151016235,1.4931923151016235,208741.0,0.0,0.0
1981-04-14,0.0,1.4889007806777954,1.4588656203962587,1.4889007806777954,500061.0,0.0,0.0
1981-04-15,0.0,1.4846105685038153,1.4631563425064087,1.4631563425064087,334903.0,0.0,0.0
1981-04-16,0.0,1.476028561592102,1.4588657454808986,1.476028561592102,447302.0,0.0,0.0
1981-04-20,0.0,1.4846104389720562,1.4631562148465231,1.476028561592102,543644.0,0.0,0.0
1981-04-21,0.0,1.5103551408844342,1.4846105395146403,1.5060642957687378,276410.0,0.0,0.0
1981-04-22,0.0,1.506063951275099,1.4803192619292098,1.4846101999282837,104371.0,0.0,0.0
1981-04-23,0.0,1.527518295142125,1.4760288964777482,1.5017735958099365,97489.0,0.0,0.0
1981-04-24,0.0,1.5232272778901335,1.4417023583426076,1.4502837657928467,2301887.0,0.0,0.0
1981-04-27,0.0,1.493191847027658,1.4502838681009445,1.476028561592102,200713.0,0.0,0.0
1981-04-28,0.0,1.4846099702833453,1.4459929422379356,1.4588652849197388,364724.0,0.0,0.0
1981-04-29,0.0,1.4717379884049238,1.4331209508923684,1.4502837657928467,1630933.0,0.0,0.0
1981-04-30,0.0,1.4674466902662062,1.4502834102490672,1.4588652849197388,142219.0,0.0,0.0
1981-05-01,0.0,1.4417032820489766,1.373050570487976,1.373050570487976,517265.0,0.0,0.0
1981-05-04,0.0,1.3987939357757568,1.355886442901589,1.3987939357757568,229386.0,0.0,0.0
1981-05-05,0.0,1.4030851182557718,1.377340430297695,1.3902127742767334,64228.0,0.0,0.0
1981-05-06,0.0,1.441702974969829,1.3816321584767755,1.428830623626709,197272.0,0.0,0.0
1981-05-07,0.0,1.4288303863406995,1.407376627439834,1.4245394468307495,509237.0,0.0,0.0
1981-05-08,0.0,1.4159572145199255,1.3902125310657572,1.3987939357757568,68816.0,0.0,0.0
1981-05-11,0.0,1.4116662895626553,1.3644678592681885,1.3644678592681885,292467.0,0.0,0.0
1981-05-12,0.0,1.3816310167312622,1.364467739348901,1.3816310167312622,605579.0,0.0,0.0
1981-05-13,0.0,1.4073755741119385,1.3730490223723857,1.4073755741119385,658337.0,0.0,0.0
1981-05-14,0.0,1.4073755741119385,1.4073755741119385,1.4073755741119385,809732.0,0.0,0.0
1981-05-15,0.0,1.4030847614661146,1.3816310167312622,1.3816310167312622,309671.0,0.0,0.0
1981-05-18,0.0,1.4073755741119385,1.3859213619436954,1.4073755741119385,110105.0,0.0,0.0
1981-05-19,0.0,1.4073758098099258,1.3987939357757568,1.3987939357757568,260353.0,0.0,0.0
1981-05-20,0.0,1.4073758098099258,1.3987939357757568,1.3987939357757568,466800.0,0.0,0.0
1981-05-21,0.0,1.4245394468307495,1.3945042782344264,1.4245394468307495,584934.0,0.0,0.0
1981-05-22,0.0,1.4417022535749855,1.4288299086728926,1.433120846748352,412895.0,0.0,0.0
1981-05-26,0.0,1.4331213258506494,1.4159580371352918,1.4245394468307495,105517.0,0.0,0.0
1981-05-27,0.0,1.4931911275043424,1.4159570842476021,1.4674464464187622,111252.0,0.0,0.0
1981-05-28,0.0,1.4974826918527646,1.4588657454808986,1.476028561592102,615901.0,0.0,0.0
1981-05-29,0.0,1.5103555120524905,1.4631566735051567,1.4931923151016235,184656.0,0.0,0.0
1981-06-01,0.0,1.5790071901478988,1.5103549892954127,1.5532625913619995,475976.0,0.0,0.0
1981-06-02,0.0,1.5790071901478988,1.544681183586523,1.5532625913619995,126162.0,0.0,0.0
1981-06-03,0.0,1.5446809341535406,1.5103547454053767,1.5360994338989258,183509.0,0.0,0.0
1981-06-04,0.0,1.5532628501303591,1.5189367439855024,1.5275181531906128,69963.0,0.0,0.0
1981-06-05,0.0,1.5103559494018555,1.5017741607116188,1.5103559494018555,509237.0,0.0,0.0
1981-06-08,0.0,1.5360998266914148,1.4931919389870558,1.5189366340637207,559701.0,0.0,0.0
1981-06-09,0.0,1.5361000409844754,1.510355342316306,1.5232276916503906,306230.0,0.0,0.0
1981-06-10,0.0,1.5103547954093175,1.4846101999282837,1.4846101999282837,84873.0,0.0,0.0
1981-06-11,0.0,1.5017735958099365,1.4674474864751716,1.5017735958099365,243149.0,0.0,0.0
1981-06-12,0.0,1.506064159155779,1.4889008741147278,1.4974826574325562,63081.0,0.0,0.0
1981-06-15,0.0,1.4846097235838578,1.4331203614126975,1.4674464464187622,307377.0,0.0,0.0
1981-06-16,0.0,1.4846097235838578,1.4588650424982776,1.4674464464187622,298202.0,0.0,0.0
1981-06-17,0.0,1.4674471790228198,1.4331210768798919,1.4417024850845337,500061.0,0.0,0.0
1981-06-18,0.0,1.4417027355461072,1.407376627439834,1.4245394468307495,533322.0,0.0,0.0
1981-06-19,0.0,1.4159569773847813,1.398793701515005,1.4073755741119385,223651.0,0.0,0.0
1981-06-22,0.0,1.4159569773847813,1.4030846378134718,1.4073755741119385,221357.0,0.0,0.0
1981-06-23,0.0,1.4073767677652407,1.3730501869119227,1.4030858278274536,851022.0,0.0,0.0
1981-06-24,0.0,1.4073767677652407,1.3902134773385817,1.4030858278274536,354401.0,0.0,0.0
1981-06-25,0.0,1.4073755741119385,1.3859213619436954,1.4073755741119385,289026.0,0.0,0.0
1981-06-26,0.0,1.4073758098099258,1.3945034680828416,1.3987939357757568,268381.0,0.0,0.0
1981-06-29,0.0,1.3987941804880084,1.3816313680654584,1.3902127742767334,549379.0,0.0,0.0
1981-06-30,0.0,1.3859220743179321,1.355886912762641,1.3859220743179321,566583.0,0.0,0.0
1981-07-01,0.0,1.3773409442818494,1.3215607036471966,1.33872389793396,533322.0,0.0,0.0
1981-07-02,0.0,1.3515962467165898,1.3215607036471966,1.33872389793396,549379.0,0.0,0.0
1981-07-06,0.0,1.364468943838577,1.338724239700875,1.355887532234192,177774.0,0.0,0.0
1981-07-07,0.0,1.364468943838577,1.3215610410324672,1.355887532234192,644574.0,0.0,0.0
1981-07-08,0.0,1.3601780033741113,1.334433299236409,1.355887532234192,248884.0,0.0,0.0
1981-07-09,0.0,1.3558863451494452,1.3215598840006957,1.3301416635513306,315406.0,0.0,0.0
1981-07-10,0.0,1.33872389793396,1.308688354864567,1.33872389793396,475976.0,0.0,0.0
1981-07-13,0.0,1.347305307347571,1.330142488520349,1.33872389793396,96342.0,0.0,0.0
1981-07-14,0.0,1.338723067642657,1.3215598840006957,1.3301416635513306,487445.0,0.0,0.0
1981-07-15,0.0,1.3473052978515623,1.317270130453403,1.3473052978515625,342932.0,0.0,0.0
1981-07-16,0.0,1.3558871765291138,1.3430148278372103,1.3473052978515625,205300.0,0.0,0.0
1981-07-17,0.0,1.3515962467165898,1.334432958564941,1.33872389793396,448449.0,0.0,0.0
1981-07-20,0.0,1.3430148373029789,1.32585154915133,1.33872389793396,337197.0,0.0,0.0
1981-07-21,0.0,1.33872389793396,1.3215607036471966,1.33872389793396,665219.0,0.0,0.0
1981-07-22,0.0,1.3344324827194214,1.321560232391795,1.3344324827194214,282145.0,0.0,0.0
1981-07-23,0.0,1.3344328580464881,1.317270040512085,1.317270040512085,151395.0,0.0,0.0
1981-07-24,0.0,1.3344321309349259,1.312978386044542,1.3301416635513306,946217.0,0.0,0.0
1981-07-27,0.0,1.355887055976921,1.338723769472233,1.3515961170196533,533322.0,0.0,0.0
1981-07-28,0.0,1.3558863451494452,1.3301416635513306,1.3301416635513306,110105.0,0.0,0.0
1981-07-29,0.0,1.3473052978515623,1.3344329491596587,1.3473052978515625,69963.0,0.0,0.0
1981-07-30,0.0,1.3558871765291138,1.3387238884984345,1.3473052978515625,161717.0,0.0,0.0
1981-07-31,0.0,1.3473052978515623,1.3387238884984345,1.3473052978515625,232827.0,0.0,0.0
1981-08-03,0.0,1.3644678592681885,1.3473045803773944,1.3644678592681885,167452.0,0.0,0.0
1981-08-04,0.0,1.364468943838577,1.3301428280964898,1.355887532234192,303936.0,0.0,0.0
1981-08-05,0.0,1.3601780033741113,1.3473056513052601,1.355887532234192,375046.0,0.0,0.0
1981-08-06,0.0,1.381632091251252,1.3644688005206926,1.3773411512374878,303936.0,0.0,0.0
1981-08-07,0.0,1.3945040886019235,1.3644684547655725,1.3687593936920166,130750.0,0.0,0.0
1981-08-10,0.0,1.3816310167312622,1.364467739348901,1.3816310167312622,363577.0,0.0,0.0
1981-08-11,0.0,1.3859214840837533,1.3730491433780154,1.3816310167312622,323434.0,0.0,0.0
1981-08-12,0.0,1.4030847614661146,1.3816310167312622,1.3816310167312622,182362.0,0.0,0.0
1981-08-13,0.0,1.3987945582039891,1.3687593936920166,1.3687593936920166,227092.0,0.0,0.0
1981-08-14,0.0,1.3816324527609887,1.3644691575395835,1.373050570487976,251178.0,0.0,0.0
1981-08-17,0.0,1.3902138657093812,1.3644691575395835,1.373050570487976,267235.0,0.0,0.0
1981-08-18,0.0,1.381632091251252,1.3601778605069286,1.3773411512374878,103224.0,0.0,0.0
1981-08-19,0.0,1.3816324527609887,1.355887744591191,1.373050570487976,170892.0,0.0,0.0
1981-08-20,0.0,1.3730498632940822,1.355887046237063,1.3687593936920166,307377.0,0.0,0.0
1981-08-21,0.0,1.368759884303043,1.355887532234192,1.355887532234192,130750.0,0.0,0.0
1981-08-24,0.0,1.3558863451494452,1.3172693227522732,1.3301416635513306,559701.0,0.0,0.0
1981-08-25,0.0,1.330142285616368,1.3043975919782829,1.3215605020523071,305083.0,0.0,0.0
1981-08-26,0.0,1.3344327550064787,1.3129790000828596,1.3215605020523071,72257.0,0.0,0.0
1981-08-27,0.0,1.3215608841721915,1.29581618309021,1.29581618309021,332609.0,0.0,0.0
1981-08-28,0.0,1.33872389793396,1.3043977909550895,1.33872389793396,246590.0,0.0,0.0
1981-08-31,0.0,1.347305307347571,1.3215607036471966,1.33872389793396,169746.0,0.0,0.0
1981-09-01,0.0,1.351596743504015,1.3129796829621954,1.3258520364761353,253471.0,0.0,0.0
1981-09-02,0.0,1.3387230684934432,1.3129783868789673,1.3129783868789673,550526.0,0.0,0.0
1981-09-03,0.0,1.321560025589683,1.2529077529907227,1.2529077529907227,598697.0,0.0,0.0
1981-09-04,0.0,1.248616981533228,1.1971276998519897,1.1971276998519897,396838.0,0.0,0.0
1981-09-08,0.0,1.201418399810791,1.1756737151216037,1.201418399810791,338344.0,0.0,0.0
1981-09-09,0.0,1.2443258791532807,1.1928365143040742,1.231453537940979,138778.0,0.0,0.0
1981-09-10,0.0,1.2314540226047397,1.2185816763262645,1.2228726148605347,467947.0,0.0,0.0
1981-09-11,0.0,1.2314539970142664,1.2100002434374104,1.2271634340286255,418629.0,0.0,0.0
1981-09-14,0.0,1.235744833946228,1.222872488992678,1.235744833946228,189243.0,0.0,0.0
1981-09-15,0.0,1.240035678173983,1.227163333220433,1.235744833946228,400278.0,0.0,0.0
1981-09-16,0.0,1.2357444747864632,1.2228721335741617,1.231453537940979,134191.0,0.0,0.0
1981-09-17,0.0,1.2443258791532807,1.2271629765548155,1.231453537940979,736329.0,0.0,0.0
1981-09-18,0.0,1.231453537940979,1.20999979236186,1.231453537940979,88314.0,0.0,0.0
1981-09-21,0.0,1.231453537940979,1.205708855516376,1.231453537940979,129603.0,0.0,0.0
1981-09-22,0.0,1.2443258791532807,1.2271629765548155,1.231453537940979,1635521.0,0.0,0.0
1981-09-23,0.0,1.2400357800396042,1.2228725894483892,1.2271634340286255,113546.0,0.0,0.0
1981-09-24,0.0,1.2314539970142664,1.2185816510032876,1.2271634340286255,418629.0,0.0,0.0
1981-09-25,0.0,1.2271638303272954,1.2100006341934204,1.2100006341934204,160570.0,0.0,0.0
1981-09-28,0.0,1.235744833946228,1.175673953406233,1.235744833946228,414041.0,0.0,0.0
1981-09-29,0.0,1.2443262156607944,1.2271633084209037,1.2400356531143188,302789.0,0.0,0.0
1981-09-30,0.0,1.240035678173983,1.2314538958536156,1.235744833946228,178921.0,0.0,0.0
1981-10-01,0.0,1.2443265952479112,1.2142913341522217,1.2142913341522217,150248.0,0.0,0.0
1981-10-02,0.0,1.235744833946228,1.2185815509000657,1.235744833946228,391103.0,0.0,0.0
1981-10-05,0.0,1.240035678173983,1.2185815509000657,1.235744833946228,1216892.0,0.0,0.0
1981-10-06,0.0,1.235744935459368,1.201418742006668,1.2271634340286255,180068.0,0.0,0.0
1981-10-07,0.0,1.235744833946228,1.222872488992678,1.235744833946228,1586203.0,0.0,0.0
1981-10-08,0.0,1.2486166954040527,1.2357444483321451,1.2486166954040527,1893580.0,0.0,0.0
1981-10-09,0.0,1.2743620872497559,1.252908330177599,1.2743620872497559,758120.0,0.0,0.0
1981-10-12,0.0,1.2872347831726074,1.26578102030358,1.2872347831726074,213329.0,0.0,0.0
1981-10-13,0.0,1.3344324827194214,1.300106387980899,1.3344324827194214,459919.0,0.0,0.0
1981-10-14,0.0,1.3387243899900751,1.304398270394435,1.3258520364761353,225945.0,0.0,0.0
1981-10-15,0.0,1.338723067642657,1.3215598840006957,1.3301416635513306,272969.0,0.0,0.0
1981-10-16,0.0,1.3344334490438954,1.3215611893948753,1.3258520364761353,391103.0,0.0,0.0
1981-10-19,0.0,1.3258514492792866,1.3043976926990868,1.317270040512085,423217.0,0.0,0.0
1981-10-20,0.0,1.3344334490438954,1.3129796829621954,1.3258520364761353,503502.0,0.0,0.0
1981-10-21,0.0,1.3344334490438954,1.3129796829621954,1.3258520364761353,145660.0,0.0,0.0
1981-10-22,0.0,1.3215605020523071,1.3043975919782829,1.3215605020523071,95195.0,0.0,0.0
1981-10-23,0.0,1.3215601306303668,1.2958154442277763,1.3043972253799438,205300.0,0.0,0.0
1981-10-26,0.0,1.325850993219664,1.3043972440190184,1.3086878061294556,1013885.0,0.0,0.0
1981-10-27,0.0,1.3215598848405745,1.2958152032260986,1.3129783868789673,1783475.0,0.0,0.0
1981-10-28,0.0,1.330142285616368,1.3129790000828596,1.3215605020523071,812026.0,0.0,0.0
1981-10-29,0.0,1.3344324827194214,1.3129787321733772,1.3344324827194214,291320.0,0.0,0.0
1981-10-30,0.0,1.3473051018255213,1.3215605020523071,1.3215605020523071,353254.0,0.0,0.0
1981-11-02,0.0,1.3859220743179321,1.3387236280708088,1.3859220743179321,1778887.0,0.0,0.0
1981-11-03,0.0,1.4073755741119385,1.3816308949693195,1.4073755741119385,670954.0,0.0,0.0
1981-11-04,0.0,1.4545748320536767,1.3945040359724628,1.4417024850845337,574612.0,0.0,0.0
1981-11-05,0.0,1.450284145241565,1.4245394468307495,1.4245394468307495,384221.0,0.0,0.0
1981-11-06,0.0,1.4331207331256088,1.4159574515088205,1.4202483892440796,431245.0,0.0,0.0
1981-11-09,0.0,1.4245386192299252,1.3945034680828416,1.3987939357757568,644574.0,0.0,0.0
1981-11-10,0.0,1.441702139271879,1.398794169892032,1.4202483892440796,283292.0,0.0,0.0
1981-11-11,0.0,1.4245383806576242,1.398793701515005,1.4073755741119385,186949.0,0.0,0.0
1981-11-12,0.0,1.4502838932891755,1.3987945054126032,1.4417024850845337,173186.0,0.0,0.0
1981-11-13,0.0,1.4545745984770786,1.4288299086728926,1.433120846748352,99783.0,0.0,0.0
1981-11-16,0.0,1.4073762975138053,1.3859220743179321,1.3859220743179321,801704.0,0.0,0.0
1981-11-17,0.0,1.377340924046032,1.3601776361465454,1.3601776361465454,135338.0,0.0,0.0
1981-11-18,0.0,1.3644685754525219,1.338723878265502,1.3601776361465454,375046.0,0.0,0.0
1981-11-19,0.0,1.3601770663694077,1.2915248821786487,1.3043972253799438,311965.0,0.0,0.0
1981-11-20,0.0,1.321560149514689,1.3043972440190184,1.3086878061294556,318846.0,0.0,0.0
1981-11-23,0.0,1.3515960405399874,1.3172699387973255,1.3215605020523071,372752.0,0.0,0.0
1981-11-24,0.0,1.3258514492792866,1.3001067536532904,1.317270040512085,291320.0,0.0,0.0
1981-11-25,0.0,1.317270040512085,1.2872344058402923,1.317270040512085,250031.0,0.0,0.0
1981-11-27,0.0,1.3172695685812392,1.2872339446701426,1.3043972253799438,255765.0,0.0,0.0
1981-11-30,0.0,1.3172704131820647,1.2872347700128655,1.3001071214675903,201860.0,0.0,0.0
1981-12-01,0.0,1.3129786498344307,1.2657802138633178,1.3086878061294556,656044.0,0.0,0.0
1981-12-02,0.0,1.321560149514689,1.3043972440190184,1.3086878061294556,144513.0,0.0,0.0
1981-12-03,0.0,1.3430143583972465,1.3086878881993167,1.3344324827194214,90607.0,0.0,0.0
1981-12-04,0.0,1.343015330936255,1.3172706239083751,1.3258520364761353,97489.0,0.0,0.0
1981-12-07,0.0,1.3344323799668172,1.3043972253799438,1.3043972253799438,564289.0,0.0,0.0
1981-12-08,0.0,1.355887532234192,1.295816336894765,1.355887532234192,271822.0,0.0,0.0
1981-12-09,0.0,1.360177646543466,1.3387238884984345,1.3473052978515625,264941.0,0.0,0.0
1981-12-10,0.0,1.3644685754525219,1.3430148175714787,1.3601776361465454,325728.0,0.0,0.0
1981-12-11,0.0,1.3644685858822416,1.3387238884984345,1.3473052978515625,166305.0,0.0,0.0
1981-12-14,0.0,1.3387236937209448,1.3129790000828596,1.3215605020523071,91754.0,0.0,0.0
1981-12-15,0.0,1.3215608841721915,1.2700714820082284,1.29581618309021,194978.0,0.0,0.0
1981-12-16,0.0,1.3043980617273399,1.2614900671034157,1.3001071214675903,352107.0,0.0,0.0
1981-12-17,0.0,1.291525140464725,1.2357449128606557,1.2657804489135742,168599.0,0.0,0.0
1981-12-18,0.0,1.2486170850349207,1.2057092059465158,1.235744833946228,576905.0,0.0,0.0
1981-12-21,0.0,1.2271638303272954,1.1885467798234197,1.2100006341934204,297055.0,0.0,0.0
1981-12-22,0.0,1.2057087438670564,1.1756735028375702,1.1928364038467407,1031089.0,0.0,0.0
1981-12-23,0.0,1.214291241507561,1.1928371097593802,1.205709457397461,389956.0,0.0,0.0
1981-12-24,0.0,1.2014186772922324,1.167092204093933,1.167092204093933,436980.0,0.0,0.0
1981-12-28,0.0,1.1756745848297818,1.1499298810958862,1.1499298810958862,597550.0,0.0,0.0
1981-12-29,0.0,1.1842561960220337,1.154220549206168,1.1842561960220337,911809.0,0.0,0.0
1981-12-30,0.0,1.2185813039189597,1.1928366192297724,1.201418399810791,1978453.0,0.0,0.0
1981-12-31,0.0,1.2443262156607944,1.2014186190340737,1.2400356531143188,831524.0,0.0,0.0
1982-01-04,0.0,1.2357444747864632,1.214290635342514,1.231453537940979,604432.0,0.0,0.0
1982-01-05,0.0,1.2443260171706785,1.1670919613302686,1.179964303970337,816614.0,0.0,0.0
1982-01-06,0.0,1.1928362859982073,1.1499287091875414,1.1542192697525024,2156227.0,0.0,0.0
1982-01-07,0.0,1.1756733885912216,1.1542192716242545,1.1713825464248657,488592.0,0.0,0.0
1982-01-08,0.0,1.1842548851943087,1.1713825464248657,1.1713825464248657,746651.0,0.0,0.0
1982-01-11,0.0,1.1842553785079257,1.1156027200315803,1.1413474082946777,516118.0,0.0,0.0
1982-01-12,0.0,1.1585113864305796,1.1113129193599507,1.1499298810958862,745504.0,0.0,0.0
1982-01-13,0.0,1.1499291900670303,1.1156027200315803,1.1413474082946777,660631.0,0.0,0.0
1982-01-14,0.0,1.149929558776335,1.1327663651878908,1.1370573043823242,387662.0,0.0,0.0
1982-01-15,0.0,1.1413477843683775,1.1241849660873413,1.1241849660873413,792528.0,0.0,0.0
1982-01-18,0.0,1.1456379890441895,1.1113119051667986,1.1456379890441895,675541.0,0.0,0.0
1982-01-19,0.0,1.1499287159348113,1.1070208572779445,1.1113117933273315,541351.0,0.0,0.0
1982-01-20,0.0,1.115602260052655,1.098439454503234,1.1113117933273315,255765.0,0.0,0.0
1982-01-21,0.0,1.119893430232605,1.1070210887173508,1.1156024932861328,441568.0,0.0,0.0
1982-01-22,0.0,1.1284743547439575,1.1156020187046458,1.1284743547439575,396838.0,0.0,0.0
1982-01-25,0.0,1.1499298810958862,1.119894330829736,1.1499298810958862,228239.0,0.0,0.0
1982-01-26,0.0,1.1585102057767123,1.145637867028144,1.1542192697525024,635399.0,0.0,0.0
1982-01-27,0.0,1.162801768202868,1.1499294214808653,1.1585109233856201,214476.0,0.0,0.0
1982-01-28,0.0,1.1799642850139578,1.1499290383542824,1.1756737232208252,802851.0,0.0,0.0
1982-01-29,0.0,1.1971278329431225,1.1585107969902935,1.167092204093933,942776.0,0.0,0.0
1982-02-01,0.0,1.1670924811143435,1.1241849660873413,1.1241849660873413,591816.0,0.0,0.0
1982-02-02,0.0,1.1585109233856201,1.1241848219017305,1.1585109233856201,831524.0,0.0,0.0
1982-02-03,0.0,1.1670923314255046,1.1499294214808653,1.1585109233856201,748945.0,0.0,0.0
1982-02-04,0.0,1.1713832875362316,1.1327662467956543,1.1327662467956543,1095317.0,0.0,0.0
1982-02-05,0.0,1.162801742553711,1.1413476128055793,1.162801742553711,409454.0,0.0,0.0
1982-02-08,0.0,1.162801171780118,1.132765648924654,1.1456379890441895,215623.0,0.0,0.0
1982-02-09,0.0,1.149928957814038,1.1156024947115586,1.1198934316635132,894605.0,0.0,0.0
1982-02-10,0.0,1.1413466907832692,1.1241838889468283,1.1284743547439575,1660754.0,0.0,0.0
1982-02-11,0.0,1.1585113864305796,1.1370576230938463,1.1499298810958862,648015.0,0.0,0.0
1982-02-12,0.0,1.162801768202868,1.1413476379814995,1.1585109233856201,720272.0,0.0,0.0
1982-02-16,0.0,1.162802232962834,1.1327666826966838,1.1499298810958862,261500.0,0.0,0.0
1982-02-17,0.0,1.1585103291637249,1.1413470525629739,1.1456379890441895,176627.0,0.0,0.0
1982-02-18,0.0,1.1670923314255046,1.1370571686237332,1.1585109233856201,911809.0,0.0,0.0
1982-02-19,0.0,1.1799639491631404,1.1670916103936975,1.1713825464248657,610166.0,0.0,0.0
1982-02-22,0.0,1.2142913552499162,1.1842558120377218,1.1885466575622559,561995.0,0.0,0.0
1982-02-23,0.0,1.1842554876255127,1.167092204093933,1.167092204093933,269528.0,0.0,0.0
1982-02-24,0.0,1.197127583931829,1.1670919613302686,1.179964303970337,161717.0,0.0,0.0
1982-02-25,0.0,1.1842561960220337,1.1670929022237417,1.1842561960220337,365870.0,0.0,0.0
1982-02-26,0.0,1.1885460656540965,1.1756737232208252,1.1756737232208252,358989.0,0.0,0.0
1982-03-01,0.0,1.1885466575622559,1.1585111143500615,1.1885466575622559,299349.0,0.0,0.0
1982-03-02,0.0,1.201419006406086,1.1885466575622559,1.1885466575622559,211035.0,0.0,0.0
1982-03-03,0.0,1.1799642850139578,1.154219600147415,1.1756737232208252,455331.0,0.0,0.0
1982-03-04,0.0,1.1670923487902702,1.12418483862809,1.1327662467956543,707655.0,0.0,0.0
1982-03-05,0.0,1.1456387236008425,1.1241849660873413,1.1241849660873413,364724.0,0.0,0.0
1982-03-08,0.0,1.1370567101471691,1.1156024947115586,1.1198934316635132,1012739.0,0.0,0.0
1982-03-09,0.0,1.1284754586363497,1.0898584127426147,1.0898584127426147,3641500.0,0.0,0.0
1982-03-10,0.0,1.119893196102042,1.098439454503234,1.1113117933273315,220210.0,0.0,0.0
1982-03-11,0.0,1.0941487667794583,1.0512408045194814,1.059822678565979,213329.0,0.0,0.0
1982-03-12,0.0,1.0469503411010452,1.0126237834230456,1.0254961252212524,972596.0,0.0,0.0
1982-03-15,0.0,1.0297870622620455,1.0126237834230456,1.0254961252212524,620489.0,0.0,0.0
1982-03-16,0.0,1.0297870622620455,1.0212056575046315,1.0254961252212524,846434.0,0.0,0.0
1982-03-17,0.0,1.059822678565979,1.021205653329251,1.059822678565979,353254.0,0.0,0.0
1982-03-18,0.0,1.0598229165941384,1.0383686959836103,1.0555319786071777,583787.0,0.0,0.0
1982-03-19,0.0,1.0641133785247803,1.0469505653340678,1.0641133785247803,683570.0,0.0,0.0
1982-03-22,0.0,1.0726951360702515,1.0555318554492705,1.0726951360702515,427805.0,0.0,0.0
1982-03-23,0.0,1.1156024932861328,1.0726950011180605,1.1156024932861328,790234.0,0.0,0.0
1982-03-24,0.0,1.1198940493236602,1.0855679427484806,1.0898584127426147,516118.0,0.0,0.0
1982-03-25,0.0,1.1413474082946777,1.098439907405687,1.1413474082946777,181215.0,0.0,0.0
1982-03-26,0.0,1.1585108339076078,1.107021450996399,1.107021450996399,269528.0,0.0,0.0
1982-03-29,0.0,1.1499298810958862,1.1156033904325737,1.1499298810958862,201860.0,0.0,0.0
1982-03-30,0.0,1.192836627447229,1.1585105373999038,1.1756737232208252,641133.0,0.0,0.0
1982-03-31,0.0,1.1885463319746228,1.1628016413394033,1.167092204093933,160570.0,0.0,0.0
1982-04-01,0.0,1.201419006406086,1.1670925238044718,1.1885466575622559,609019.0,0.0,0.0
1982-04-02,0.0,1.2357444747864632,1.1885459529179108,1.231453537940979,1582762.0,0.0,0.0
1982-04-05,0.0,1.2314542466277314,1.2100004887022389,1.2142913341522217,344079.0,0.0,0.0
1982-04-06,0.0,1.2228729739051452,1.210000623847252,1.218582034111023,323434.0,0.0,0.0
1982-04-07,0.0,1.218582044530567,1.2100006341934204,1.2100006341934204,110105.0,0.0,0.0
1982-04-08,0.0,1.2314540226047397,1.2100002685820594,1.2228726148605347,463359.0,0.0,0.0
1982-04-12,0.0,1.2700717319313173,1.2271641073694697,1.2614902257919312,443862.0,0.0,0.0
1982-04-13,0.0,1.2614891580014416,1.244325972520655,1.2529077529907227,1083848.0,0.0,0.0
1982-04-14,0.0,1.2486170850349207,1.214290988266883,1.235744833946228,801704.0,0.0,0.0
1982-04-15,0.0,1.2271638303272954,1.2100006341934204,1.2100006341934204,230533.0,0.0,0.0
1982-04-16,0.0,1.2271634340286255,1.2057093049923089,1.2271634340286255,332609.0,0.0,0.0
1982-04-19,0.0,1.2228726148605347,1.2142911132514627,1.2228726148605347,90607.0,0.0,0.0
1982-04-20,0.0,1.2314543841689158,1.2142914697764795,1.218582034111023,625076.0,0.0,0.0
1982-04-21,0.0,1.2185818050355415,1.2014188938694803,1.205709457397461,334903.0,0.0,0.0
1982-04-22,0.0,1.2100006341934204,1.2014191299913783,1.2100006341934204,191537.0,0.0,0.0
1982-04-23,0.0,1.231453537940979,1.214290635342514,1.231453537940979,898046.0,0.0,0.0
1982-04-26,0.0,1.2829435900786186,1.2314541976459206,1.2743620872497559,1234096.0,0.0,0.0
1982-04-27,0.0,1.2786535196654534,1.2614902257919312,1.2614902257919312,440421.0,0.0,0.0
1982-04-28,0.0,1.2786535196654534,1.2486178727179351,1.2614902257919312,766149.0,0.0,0.0
1982-04-29,0.0,1.2614894044952514,1.2400356531143188,1.2400356531143188,570024.0,0.0,0.0
1982-04-30,0.0,1.2614902257919312,1.2443270257833254,1.2614902257919312,260353.0,0.0,0.0
1982-05-03,0.0,1.265779973094414,1.2443258525152554,1.2486166954040527,309671.0,0.0,0.0
1982-05-04,0.0,1.2529079978077338,1.2400356531143188,1.2400356531143188,194978.0,0.0,0.0
1982-05-05,0.0,1.2443263430252451,1.2271634340286255,1.2271634340286255,450743.0,0.0,0.0
1982-05-06,0.0,1.240035678173983,1.2314538958536156,1.235744833946228,781059.0,0.0,0.0
1982-05-07,0.0,1.240035317767117,1.2271629765548155,1.231453537940979,230533.0,0.0,0.0
1982-05-10,0.0,1.2357453345293374,1.2057096943626084,1.2100006341934204,386515.0,0.0,0.0
1982-05-11,0.0,1.222872984361379,1.2057096943626084,1.2100006341934204,1549501.0,0.0,0.0
1982-05-12,0.0,1.214291241507561,1.1885465462313998,1.205709457397461,357842.0,0.0,0.0
1982-05-13,0.0,1.2100000437385117,1.1885461998375417,1.1971276998519897,419776.0,0.0,0.0
1982-05-14,0.0,1.2100000437385117,1.1928367621150664,1.1971276998519897,162864.0,0.0,0.0
1982-05-17,0.0,1.201419006406086,1.1842558120377218,1.1885466575622559,371605.0,0.0,0.0
1982-05-18,0.0,1.1928376082588892,1.1670929022237417,1.1842561960220337,636546.0,0.0,0.0
1982-05-19,0.0,1.1928362879325833,1.1670916103936975,1.1713825464248657,800557.0,0.0,0.0
1982-05-20,0.0,1.1670923314255046,1.1499294214808653,1.1585109233856201,272969.0,0.0,0.0
1982-05-21,0.0,1.1713832701076228,1.1585109233856201,1.1585109233856201,92901.0,0.0,0.0
1982-05-24,0.0,1.1542197524262265,1.1413474082946777,1.1413474082946777,81432.0,0.0,0.0
1982-05-25,0.0,1.1585109406227059,1.1198938998821284,1.1327662467956543,701921.0,0.0,0.0
1982-05-26,0.0,1.1499291900670303,1.1241845956687844,1.1413474082946777,1659607.0,0.0,0.0
1982-05-27,0.0,1.1413471777749613,1.1156024947115586,1.1198934316635132,404866.0,0.0,0.0
1982-05-28,0.0,1.1327663752278594,1.1198940268548763,1.1241849660873413,188096.0,0.0,0.0
1982-06-01,0.0,1.1413474082946777,1.1241845956687844,1.1413474082946777,138778.0,0.0,0.0
1982-06-02,0.0,1.1628017855037955,1.1198938998821284,1.1327662467956543,528734.0,0.0,0.0
1982-06-03,0.0,1.1370573144603244,1.1241849660873413,1.1241849660873413,287879.0,0.0,0.0
1982-06-04,0.0,1.1284754359953943,1.1156030876224114,1.1241849660873413,348667.0,0.0,0.0
1982-06-07,0.0,1.1198934316635132,1.0984396855520653,1.1198934316635132,280998.0,0.0,0.0
1982-06-08,0.0,1.1413466907832692,1.1113115529075168,1.1284743547439575,1304059.0,0.0,0.0
1982-06-09,0.0,1.1670920965577751,1.1284750641631291,1.1413474082946777,552820.0,0.0,0.0
1982-06-10,0.0,1.1327662467956543,1.115602961136167,1.1327662467956543,297055.0,0.0,0.0
1982-06-11,0.0,1.1585109406227059,1.1284753080496928,1.1327662467956543,870519.0,0.0,0.0
1982-06-14,0.0,1.1327662467956543,1.1198938998821284,1.1327662467956543,345226.0,0.0,0.0
1982-06-15,0.0,1.1327652898650489,1.1113115529075168,1.1284743547439575,419776.0,0.0,0.0
1982-06-16,0.0,1.132765771747859,1.1113120256638227,1.1156024932861328,2161962.0,0.0,0.0
1982-06-17,0.0,1.12847483624326,1.1113120270837664,1.1198934316635132,375046.0,0.0,0.0
1982-06-18,0.0,1.1156031100051047,1.0855679427484806,1.0898584127426147,599844.0,0.0,0.0
1982-06-21,0.0,1.0984402913797255,1.0898584127426147,1.0898584127426147,527587.0,0.0,0.0
1982-06-22,0.0,1.0984390936669184,1.0812758244315532,1.0941481590270996,1846556.0,0.0,0.0
1982-06-23,0.0,1.1156024932861328,1.0984396841485686,1.1156024932861328,641133.0,0.0,0.0
1982-06-24,0.0,1.1156024932861328,1.1070210887173508,1.1156024932861328,629664.0,0.0,0.0
1982-06-25,0.0,1.1156028583734954,1.0984400436193027,1.107021450996399,212182.0,0.0,0.0
1982-06-28,0.0,1.1284754359953943,1.0898583908764454,1.1241849660873413,513824.0,0.0,0.0
1982-06-29,0.0,1.1370562189222704,1.0812759399414062,1.0812759399414062,372752.0,0.0,0.0
1982-06-30,0.0,1.1241843671790768,1.0812764056868427,1.1156024932861328,769590.0,0.0,0.0
1982-07-01,0.0,1.1241843671790768,1.0984396841485686,1.1156024932861328,223651.0,0.0,0.0
1982-07-02,0.0,1.119893796724201,1.0984400436193027,1.107021450996399,397984.0,0.0,0.0
1982-07-06,0.0,1.1156024932861328,1.0941487472020968,1.1156024932861328,1414164.0,0.0,0.0
1982-07-07,0.0,1.1113115469809423,1.0812759399414062,1.0812759399414062,3322654.0,0.0,0.0
1982-07-08,0.0,1.085567479204932,1.0726951360702515,1.0726951360702515,319993.0,0.0,0.0
1982-07-09,0.0,1.1070209779517879,1.0684039572699418,1.0984395742416382,3347887.0,0.0,0.0
1982-07-12,0.0,1.115602260052655,1.098439454503234,1.1113117933273315,703068.0,0.0,0.0
1982-07-13,0.0,1.1156023816619376,1.0984395742416382,1.0984395742416382,399131.0,0.0,0.0
1982-07-14,0.0,1.1156023816619376,1.0984395742416382,1.0984395742416382,4406502.0,0.0,0.0
1982-07-15,0.0,1.1456376259043604,1.0984392168682051,1.1284743547439575,922131.0,0.0,0.0
1982-07-16,0.0,1.167092204093933,1.1284751681411038,1.167092204093933,1926841.0,0.0,0.0
1982-07-19,0.0,1.179964440689324,1.1413474082946777,1.1413474082946777,661778.0,0.0,0.0
1982-07-20,0.0,1.1585113864305796,1.1370576230938463,1.1499298810958862,367017.0,0.0,0.0
1982-07-21,0.0,1.2014185437240636,1.158510668192424,1.1971276998519897,1226067.0,0.0,0.0
1982-07-22,0.0,1.205708961574366,1.1885460574661972,1.201418399810791,3043950.0,0.0,0.0
1982-07-23,0.0,1.2400356531143188,1.2014186190340737,1.2400356531143188,612460.0,0.0,0.0
1982-07-26,0.0,1.2614891580014416,1.235744567509936,1.2529077529907227,1055175.0,0.0,0.0
1982-07-27,0.0,1.2486175908324006,1.2100006341934204,1.2100006341934204,552820.0,0.0,0.0
1982-07-28,0.0,1.2100001782607321,1.167092204093933,1.167092204093933,1088436.0,0.0,0.0
1982-07-29,0.0,1.1842561960220337,1.1713838430044599,1.1842561960220337,201860.0,0.0,0.0
1982-07-30,0.0,1.201418399810791,1.1885460574661972,1.201418399810791,344079.0,0.0,0.0
1982-08-02,0.0,1.201418399810791,1.184255214108107,1.201418399810791,420923.0,0.0,0.0
1982-08-03,0.0,1.2014193959554094,1.1842561960220337,1.1842561960220337,435833.0,0.0,0.0
1982-08-04,0.0,1.201418427388412,1.1585105560116242,1.179964303970337,675541.0,0.0,0.0
1982-08-05,0.0,1.1928372214921323,1.149929611030765,1.1885466575622559,3199933.0,0.0,0.0
1982-08-06,0.0,1.1928376082588892,1.1713838430044599,1.1842561960220337,845287.0,0.0,0.0
1982-08-09,0.0,1.175673986657013,1.1499292960217937,1.167092204093933,578052.0,0.0,0.0
1982-08-10,0.0,1.175673986657013,1.1499292960217937,1.167092204093933,253471.0,0.0,0.0
1982-08-11,0.0,1.1928376082588892,1.1499299838851147,1.1842561960220337,280998.0,0.0,0.0
1982-08-12,0.0,1.2185815853643718,1.167092204093933,1.167092204093933,263794.0,0.0,0.0
1982-08-13,0.0,1.1670923056817062,1.1542199592436428,1.162801742553711,134191.0,0.0,0.0
1982-08-16,0.0,1.1971278329431225,1.167092204093933,1.167092204093933,923278.0,0.0,0.0
1982-08-17,0.0,1.2614902257919312,1.201419401221478,1.2614902257919312,1183631.0,0.0,0.0
1982-08-18,0.0,1.330142092848833,1.235744833946228,1.235744833946228,1949780.0,0.0,0.0
1982-08-19,0.0,1.2700717319313173,1.2400364604434657,1.2614902257919312,537910.0,0.0,0.0
1982-08-20,0.0,1.2958162883202184,1.2700715851475737,1.2872347831726074,1001269.0,0.0,0.0
1982-08-23,0.0,1.3001071214675903,1.2786533588178903,1.3001071214675903,1677958.0,0.0,0.0
1982-08-24,0.0,1.368759884303043,1.3043981239587876,1.355887532234192,1948633.0,0.0,0.0
1982-08-25,0.0,1.368759884303043,1.3430151801653407,1.355887532234192,734035.0,0.0,0.0
1982-08-26,0.0,1.3859223439272732,1.3301424791453065,1.3473052978515625,1065497.0,0.0,0.0
1982-08-27,0.0,1.3730495152968563,1.3344324827194214,1.3344324827194214,269528.0,0.0,0.0
1982-08-30,0.0,1.3687595252210174,1.3301424791453065,1.3473052978515625,245443.0,0.0,0.0
1982-08-31,0.0,1.3902131496754797,1.355887046237063,1.3687593936920166,1103346.0,0.0,0.0
1982-09-01,0.0,1.3773409442818494,1.334432958564941,1.33872389793396,720272.0,0.0,0.0
1982-09-02,0.0,1.3902127742767334,1.334432460592817,1.3902127742767334,808585.0,0.0,0.0
1982-09-03,0.0,1.4331209737842325,1.3902129971990103,1.4159576892852783,762708.0,0.0,0.0
1982-09-07,0.0,1.4331207439816116,1.3902127742767334,1.3902127742767334,783353.0,0.0,0.0
1982-09-08,0.0,1.42024815153701,1.3644678476115888,1.3987939357757568,1363699.0,0.0,0.0
1982-09-09,0.0,1.407376056023535,1.373049492529932,1.3902127742767334,1207717.0,0.0,0.0
1982-09-10,0.0,1.403085358754884,1.3773406663839785,1.3945039510726929,387662.0,0.0,0.0
1982-09-13,0.0,1.4073755741119385,1.394503234540629,1.4073755741119385,409454.0,0.0,0.0
1982-09-14,0.0,1.4760284574678837,1.42453907411781,1.4502837657928467,791381.0,0.0,0.0
1982-09-15,0.0,1.4846097235838578,1.4417017653331823,1.4674464464187622,821201.0,0.0,0.0
1982-09-16,0.0,1.471738117787321,1.4417024850845337,1.4417024850845337,1074673.0,0.0,0.0
1982-09-17,0.0,1.4331209737842325,1.3945039356548306,1.4159576892852783,924425.0,0.0,0.0
1982-09-20,0.0,1.4159576892852783,1.373049712700056,1.4159576892852783,3894972.0,0.0,0.0
1982-09-21,0.0,1.4760280956126737,1.398794039521854,1.4588652849197388,2753777.0,0.0,0.0
1982-09-22,0.0,1.5103547954093175,1.4588655105823944,1.4846101999282837,878548.0,0.0,0.0
1982-09-23,0.0,1.5103559494018555,1.476029451695398,1.5103559494018555,1051734.0,0.0,0.0
1982-09-24,0.0,1.540390501660486,1.493192047045756,1.5275181531906128,791381.0,0.0,0.0
1982-09-27,0.0,1.6133331060409546,1.53180821644432,1.6133331060409546,1462335.0,0.0,0.0
1982-09-28,0.0,1.6734043389409208,1.6004612129597597,1.6090425252914429,3853682.0,0.0,0.0
1982-09-29,0.0,1.6004615074379631,1.4974826429700294,1.5532625913619995,1018473.0,0.0,0.0
1982-09-30,0.0,1.5446814409252487,1.5146458047207396,1.5275181531906128,599844.0,0.0,0.0
1982-10-01,0.0,1.5575535299119065,1.49319179828499,1.5532625913619995,852168.0,0.0,0.0
1982-10-04,0.0,1.5532628501303591,1.5189367439855024,1.5275181531906128,414041.0,0.0,0.0
1982-10-05,0.0,1.5618446236098145,1.5318090814852885,1.544681429862976,381927.0,0.0,0.0
1982-10-06,0.0,1.613333702125139,1.5532625357398029,1.6047518253326416,896899.0,0.0,0.0
1982-10-07,0.0,1.7034402247749625,1.6133338872494651,1.6819860935211182,1746773.0,0.0,0.0
1982-10-08,0.0,1.7291847800957336,1.6734046440664907,1.7163125276565552,1546061.0,0.0,0.0
1982-10-11,0.0,1.7763836993336042,1.707731104872064,1.7334758043289185,1191660.0,0.0,0.0
1982-10-12,0.0,1.750638721890766,1.707730650570967,1.7163125276565552,1151517.0,0.0,0.0
1982-10-13,0.0,1.7978368814058914,1.6905675650237175,1.7935463190078735,860197.0,0.0,0.0
1982-10-14,0.0,1.8450356949250475,1.7849644422531128,1.7849644422531128,1601113.0,0.0,0.0
1982-10-15,0.0,1.7763823854179601,1.7163117147567715,1.7248932123184204,1820177.0,0.0,0.0
1982-10-18,0.0,1.7892553801080398,1.7334750652910322,1.7849644422531128,1141195.0,0.0,0.0
1982-10-19,0.0,1.8364540489344754,1.784964665531665,1.8192912340164185,1289149.0,0.0,0.0
1982-10-20,0.0,1.8364535368184167,1.7720919193777405,1.8278720378875732,2102321.0,0.0,0.0
1982-10-21,0.0,1.853617787361145,1.8278730880479437,1.853617787361145,423217.0,0.0,0.0
1982-10-22,0.0,1.8621983644292928,1.836453677928902,1.8450355529785156,770736.0,0.0,0.0
1982-10-25,0.0,1.8192904364151423,1.7248932123184204,1.7248932123184204,687011.0,0.0,0.0
1982-10-26,0.0,1.750637892733013,1.6991485319038278,1.7248932123184204,1646990.0,0.0,0.0
1982-10-27,0.0,1.7935463190078735,1.7592197547969806,1.7935463190078735,1944045.0,0.0,0.0
1982-10-28,0.0,1.8364550026610176,1.802128791809082,1.802128791809082,820054.0,0.0,0.0
1982-10-29,0.0,1.8192910075039124,1.7849644432930196,1.7935463190078735,821201.0,0.0,0.0
1982-11-01,0.0,1.853617239311988,1.7892556039233392,1.8192912340164185,678982.0,0.0,0.0
1982-11-02,0.0,1.8707807068444495,1.8364541367188512,1.862198829650879,660631.0,0.0,0.0
1982-11-03,0.0,1.8922338473993392,1.8621982256131246,1.887942910194397,1071232.0,0.0,0.0
1982-11-04,0.0,1.8879438840994844,1.8364544883758829,1.866490125656128,830377.0,0.0,0.0
1982-11-05,0.0,1.9051063060760498,1.8450356190631412,1.9051063060760498,3449963.0,0.0,0.0
1982-11-08,0.0,1.905105619185894,1.8750700049143034,1.8965243101119995,696186.0,0.0,0.0
1982-11-09,0.0,1.939432875028293,1.8707806746087374,1.9222700595855713,358989.0,0.0,0.0
1982-11-10,0.0,1.978049075977775,1.9308506472744977,1.9437230825424194,492033.0,0.0,0.0
1982-11-11,0.0,1.9952136278152466,1.9136885942863404,1.9952136278152466,470241.0,0.0,0.0
1982-11-12,0.0,2.029538782008722,2.0166665323113753,2.0209574699401855,857903.0,0.0,0.0
1982-11-15,0.0,2.0209586862277393,1.9952139836092395,1.9995049238204956,1021914.0,0.0,0.0
1982-11-16,0.0,1.9995049238204958,1.9565968358165855,1.9995049238204956,615901.0,0.0,0.0
1982-11-17,0.0,2.0080846816724773,1.9823399990460484,1.9909214973449707,627370.0,0.0,0.0
1982-11-18,0.0,2.0552833378184037,1.982340218734481,2.0424110889434814,467947.0,0.0,0.0
1982-11-19,0.0,2.1024818954693094,2.033829346490087,2.068155527114868,941629.0,0.0,0.0
1982-11-22,0.0,2.059574046925335,1.9909214973449707,1.9909214973449707,326875.0,0.0,0.0
1982-11-23,0.0,2.0080850220654956,1.956595648084609,1.978049397468567,998975.0,0.0,0.0
1982-11-24,0.0,2.0252488682329117,1.978049857687957,2.0080854892730713,576905.0,0.0,0.0
1982-11-26,0.0,2.046702026298138,1.999503592693742,2.0424110889434814,510384.0,0.0,0.0
1982-11-29,0.0,2.0681562244500036,2.0424115333684796,2.0638656616210938,473682.0,0.0,0.0
1982-11-30,0.0,2.128227472305298,2.042411703082867,2.128227472305298,1134313.0,0.0,0.0
1982-12-01,0.0,2.196877811874709,2.1239345512116854,2.188296318054199,1419898.0,0.0,0.0
1982-12-02,0.0,2.1882990995914318,2.153972892947941,2.171135902404785,1141195.0,0.0,0.0
1982-12-03,0.0,2.1711340006043587,2.1196446418762207,2.1196446418762207,433539.0,0.0,0.0
1982-12-06,0.0,2.2054619789123535,2.111064689585661,2.2054619789123535,462213.0,0.0,0.0
1982-12-07,0.0,2.2655328788130986,2.2054619789123535,2.2054619789123535,1183631.0,0.0,0.0
1982-12-08,0.0,2.2183338403435036,2.2011704624001327,2.214042901992798,388809.0,0.0,0.0
1982-12-09,0.0,2.196878046561389,2.128225713204236,2.1625518798828125,1552942.0,0.0,0.0
1982-12-10,0.0,2.179717484405999,2.128228083185083,2.1368095874786377,634252.0,0.0,0.0
1982-12-13,0.0,2.1410987603641893,2.111063144664744,2.1196446418762207,627370.0,0.0,0.0
1982-12-14,0.0,2.179716963029845,2.1453905786067193,2.149681329727173,714537.0,0.0,0.0
1982-12-15,0.0,2.1368080760940904,2.068155527114868,2.068155527114868,825789.0,0.0,0.0
1982-12-16,0.0,2.0595744067619197,1.990921845186988,2.0209574699401855,728300.0,0.0,0.0
1982-12-17,0.0,2.025249481201172,1.99092290062184,2.025249481201172,1024208.0,0.0,0.0
1982-12-20,0.0,2.076737642288208,1.9995037668521771,2.076737642288208,521853.0,0.0,0.0
1982-12-21,0.0,2.0767387546261578,2.0424123607913227,2.0595755577087402,713390.0,0.0,0.0
1982-12-22,0.0,2.059574771234408,1.9823406961935233,2.016666889190674,661778.0,0.0,0.0
1982-12-23,0.0,2.059574962070658,2.016667076051162,2.055284023284912,275263.0,0.0,0.0
1982-12-27,0.0,2.1196446418762207,2.0424106037840137,2.1196446418762207,1500184.0,0.0,0.0
1982-12-28,0.0,2.162552981248456,2.1196451102505174,2.1453897953033447,408307.0,0.0,0.0
1982-12-29,0.0,2.196880604319854,2.1368096957612943,2.171135902404785,761561.0,0.0,0.0
1982-12-30,0.0,2.1797175948630096,2.1582634575823496,2.171135902404785,260353.0,0.0,0.0
1982-12-31,0.0,2.1797169451321077,2.1539722508910275,2.1754260063171387,153689.0,0.0,0.0
1983-01-03,0.0,2.1668441431797425,2.076737642288208,2.076737642288208,774177.0,0.0,0.0
1983-01-04,0.0,2.068155527114868,2.0381202833316374,2.068155527114868,548232.0,0.0,0.0
1983-01-05,0.0,2.0638664384946592,2.003795157143071,2.025249481201172,700774.0,0.0,0.0
1983-01-06,0.0,2.050992775923112,2.0080849042140074,2.0424110889434814,1456600.0,0.0,0.0
1983-01-07,0.0,2.0424120276342936,2.008085827128527,2.0295395851135254,974890.0,0.0,0.0
1983-01-10,0.0,2.046702026298138,2.0252482781732684,2.0424110889434814,752386.0,0.0,0.0
1983-01-11,0.0,2.055283832846252,2.016666889190674,2.016666889190674,1260475.0,0.0,0.0
1983-01-12,0.0,2.05099337348346,2.0080854892730713,2.0080854892730713,699627.0,0.0,0.0
1983-01-13,0.0,2.008084200456394,1.9222688625725821,1.9394316673278809,1149223.0,0.0,0.0
1983-01-14,0.0,1.9480148389000957,1.8879435742000954,1.9308514595031738,4123211.0,0.0,0.0
1983-01-17,0.0,1.9780502523772303,1.9179795404100337,1.9565964937210083,1179043.0,0.0,0.0
1983-01-18,0.0,1.9651776551077915,1.9179792065500956,1.9308514595031738,2862736.0,0.0,0.0
1983-01-19,0.0,1.9222694691855537,1.840744478236794,1.887942910194397,877401.0,0.0,0.0
1983-01-20,0.0,1.9136875947756695,1.8879429101943972,1.887942910194397,1221480.0,0.0,0.0
1983-01-21,0.0,1.9051070785839426,1.853617682860341,1.866490125656128,713390.0,0.0,0.0
1983-01-24,0.0,1.8192917571296459,1.7635114192962646,1.7635114192962646,1151517.0,0.0,0.0
1983-01-25,0.0,1.9136890172958374,1.797837944428299,1.9136890172958374,1723835.0,0.0,0.0
1983-01-26,0.0,1.9179780521208085,1.866488695840409,1.8965243101119995,892311.0,0.0,0.0
1983-01-27,0.0,1.9308519377398403,1.887944041809262,1.9265609979629517,900339.0,0.0,0.0
1983-01-28,0.0,2.033829864499912,1.9565957976256447,1.9694682359695435,878548.0,0.0,0.0
1983-01-31,0.0,2.0166665546030775,1.9651771797851523,1.9737590551376343,201860.0,0.0,0.0
1983-02-01,0.0,1.9952119560927073,1.9394316673278809,1.9394316673278809,977184.0,0.0,0.0
1983-02-02,0.0,1.9222708980849705,1.8922352539720826,1.9136890172958374,424364.0,0.0,0.0
1983-02-03,0.0,1.9694691782522797,1.9179797757012529,1.952305793762207,758120.0,0.0,0.0
1983-02-04,0.0,1.986631544581109,1.9523049776796026,1.9651774168014526,509237.0,0.0,0.0
1983-02-07,0.0,2.025247061178121,1.9737577211596278,2.0037927627563477,648015.0,0.0,0.0
1983-02-08,0.0,2.0252492652889353,1.986632124382635,1.9952136278152466,294761.0,0.0,0.0
1983-02-09,0.0,2.025248765966985,1.990922197510379,2.016666889190674,448449.0,0.0,0.0
1983-02-10,0.0,2.0939011406645265,2.0424117529654198,2.081028699874878,597550.0,0.0,0.0
1983-02-11,0.0,2.1411011590487843,2.085320801494302,2.1067745685577393,1138901.0,0.0,0.0
1983-02-14,0.0,2.1239363280709935,2.076737884842983,2.1153550148010254,442715.0,0.0,0.0
1983-02-15,0.0,2.1368095874786377,2.11535582674475,2.1368095874786377,995535.0,0.0,0.0
1983-02-16,0.0,2.1711352730591895,2.1239366352747022,2.149681329727173,1213451.0,0.0,0.0
1983-02-17,0.0,2.1668438888385104,2.1368082669137407,2.158262014389038,334903.0,0.0,0.0
1983-02-18,0.0,2.196877811874709,2.158260714223288,2.188296318054199,799410.0,0.0,0.0
1983-02-22,0.0,2.201171356684065,2.162554397676363,2.171135902404785,883136.0,0.0,0.0
1983-02-23,0.0,2.2011694202356025,2.1625524952006083,2.196878671646118,310818.0,0.0,0.0
1983-02-24,0.0,2.226914099502144,2.196878671646118,2.196878671646118,637693.0,0.0,0.0
1983-02-25,0.0,2.196880604319854,2.162554397676363,2.171135902404785,490886.0,0.0,0.0
1983-02-28,0.0,2.1797150570868924,2.1625518798828125,2.1625518798828125,188096.0,0.0,0.0
1983-03-01,0.0,2.2097525429283777,2.171135589486406,2.2054619789123535,713390.0,0.0,0.0
1983-03-02,0.0,2.2226242155050313,2.196879711779153,2.214042901992798,1658460.0,0.0,0.0
1983-03-03,0.0,2.2312045035713997,2.201168895150677,2.2226226329803467,996682.0,0.0,0.0
1983-03-04,0.0,2.2312064712876305,2.188298582328346,2.192589521408081,678982.0,0.0,0.0
1983-03-07,0.0,2.1840075084875834,2.136809058820392,2.1754260063171387,840699.0,0.0,0.0
1983-03-08,0.0,2.1754255865325334,2.1110639572143555,2.1110639572143555,255765.0,0.0,0.0
1983-03-09,0.0,2.1110639572143555,2.0767377674266414,2.1110639572143555,433539.0,0.0,0.0
1983-03-10,0.0,2.149681226881167,2.09390108952443,2.128227472305298,566583.0,0.0,0.0
1983-03-11,0.0,2.1282271459730677,2.1110639572143555,2.1110639572143555,365870.0,0.0,0.0
1983-03-14,0.0,2.1110639572143555,2.0810283299541816,2.1110639572143555,174333.0,0.0,0.0
1983-03-15,0.0,2.1196446418762207,2.0938999625121517,2.1196446418762207,1073526.0,0.0,0.0
1983-03-16,0.0,2.1196451273843437,2.093900442123413,2.093900442123413,863638.0,0.0,0.0
1983-03-17,0.0,2.093900442123413,2.0681557568624824,2.093900442123413,637693.0,0.0,0.0
1983-03-18,0.0,2.119646465325003,2.0467033008180264,2.0595755577087402,644574.0,0.0,0.0
1983-03-21,0.0,2.1153550148010254,2.068156196113573,2.1153550148010254,689305.0,0.0,0.0
1983-03-22,0.0,2.1539719428055224,2.115355000832209,2.141099691390991,496620.0,0.0,0.0
1983-03-23,0.0,2.222623163183023,2.15397099802164,2.196878671646118,919837.0,0.0,0.0
1983-03-24,0.0,2.2269163131713867,2.1882993497491467,2.2269163131713867,342932.0,0.0,0.0
1983-03-25,0.0,2.265531160143765,2.2312049844879964,2.2569496631622314,681276.0,0.0,0.0
1983-03-28,0.0,2.256951573460662,2.2483696937561035,2.2483696937561035,1252447.0,0.0,0.0
1983-03-29,0.0,2.282696273925378,2.2483696937561035,2.2483696937561035,1102199.0,0.0,0.0
1983-03-30,0.0,2.2526606336083828,2.2226249932913875,2.2483696937561035,293614.0,0.0,0.0
1983-03-31,0.0,2.308439020510701,2.2526587269418314,2.2569496631622314,825789.0,0.0,0.0
1983-04-04,0.0,2.2483685135793383,2.2226238266281015,2.231205701828003,481710.0,0.0,0.0
1983-04-05,0.0,2.282695685385924,2.2483691140669495,2.2655324935913086,589522.0,0.0,0.0
1983-04-06,0.0,2.308439254760742,2.2569498921873636,2.308439254760742,722565.0,0.0,0.0
1983-04-07,0.0,2.317020752613088,2.269822326695534,2.308439254760742,294761.0,0.0,0.0
1983-04-08,0.0,2.3942553997039795,2.325602648669597,2.3942553997039795,1679104.0,0.0,0.0
1983-04-11,0.0,2.4028367119887286,2.351347336442641,2.3942553997039795,1115962.0,0.0,0.0
1983-04-12,0.0,2.3856737711639084,2.351347209766325,2.359929084777832,752386.0,0.0,0.0
1983-04-13,0.0,2.3813834353376206,2.3556387424468994,2.3556387424468994,988653.0,0.0,0.0
1983-04-14,0.0,2.3770928382873535,2.3384758872676743,2.3770928382873535,1385491.0,0.0,0.0
1983-04-15,0.0,2.4028360843658447,2.3599285955010774,2.4028360843658447,1439396.0,0.0,0.0
1983-04-18,0.0,2.471489667892456,2.4114187873524613,2.471489667892456,740916.0,0.0,0.0
1983-04-19,0.0,2.4629097100828856,2.359930885942296,2.3685123920440674,1060910.0,0.0,0.0
1983-04-20,0.0,2.39425621965351,2.3685115230638027,2.3770928382873535,403719.0,0.0,0.0
1983-04-21,0.0,2.38996384570182,2.3599286033960025,2.3856732845306396,1308646.0,0.0,0.0
1983-04-22,0.0,2.368511233659251,2.3084403448664856,2.3170218467712402,500061.0,0.0,0.0
1983-04-25,0.0,2.325603746866242,2.291277730599017,2.299859046936035,479416.0,0.0,0.0
1983-04-26,0.0,2.291275978088379,2.2483679273837347,2.291275978088379,1375168.0,0.0,0.0
1983-04-27,0.0,2.317020999384254,2.274112942363705,2.2826948165893555,599844.0,0.0,0.0
1983-04-28,0.0,2.2998595636799126,2.2741148579652575,2.2869873046875,428952.0,0.0,0.0
1983-04-29,0.0,2.3470582962036133,2.2741145659636053,2.3470582962036133,927866.0,0.0,0.0
1983-05-02,0.0,2.3427667853036747,2.252660254958296,2.278404951095581,641133.0,0.0,0.0
1983-05-03,0.0,2.282694607827534,2.2226233710384613,2.2354958057403564,719125.0,0.0,0.0
1983-05-04,0.0,2.2955679893493652,2.252659918555259,2.2955679893493652,230533.0,0.0,0.0
1983-05-05,0.0,2.308440926462417,2.2698239704320016,2.299859046936035,672101.0,0.0,0.0
1983-05-06,0.0,2.3384752091090744,2.2998580815586114,2.3341846466064453,664072.0,0.0,0.0
1983-05-09,0.0,2.3427650928497314,2.3084389187077585,2.3427650928497314,339491.0,0.0,0.0
1983-05-10,0.0,2.359929083028216,2.338474958704421,2.3513472080230713,396838.0,0.0,0.0
1983-05-11,0.0,2.385675591977443,2.351349004380859,2.3685123920440674,821201.0,0.0,0.0
1983-05-12,0.0,2.3942570980792146,2.359930885942296,2.3685123920440674,317699.0,0.0,0.0
1983-05-13,0.0,2.3770937104160064,2.351349004380859,2.3685123920440674,419776.0,0.0,0.0
1983-05-16,0.0,2.3341838410633784,2.2741126076228055,2.291275978088379,372752.0,0.0,0.0
1983-05-17,0.0,2.295569186142102,2.2741148579652575,2.2869873046875,309671.0,0.0,0.0
1983-05-18,0.0,2.3084403792129757,2.2655324935913086,2.2655324935913086,626223.0,0.0,0.0
1983-05-19,0.0,2.2998585017210527,2.2569509915588726,2.2655324935913086,674394.0,0.0,0.0
1983-05-20,0.0,2.2612402759476544,2.179715677288182,2.196878671646118,1564412.0,0.0,0.0
1983-05-23,0.0,2.231205701828003,2.1711346404553216,2.231205701828003,628517.0,0.0,0.0
1983-05-24,0.0,2.2612421378533574,2.2354974373886414,2.2483696937561035,892311.0,0.0,0.0
1983-05-25,0.0,2.274112469395666,2.2440774176899305,2.2569496631622314,946217.0,0.0,0.0
1983-05-26,0.0,2.282694341836466,2.2483677907214314,2.2569496631622314,436980.0,0.0,0.0
1983-05-27,0.0,2.2483673061055427,2.192587587748402,2.2226226329803467,481710.0,0.0,0.0
1983-05-31,0.0,2.214043020012554,2.1797168254852295,2.1797168254852295,699627.0,0.0,0.0
1983-06-01,0.0,2.1797175948630096,2.128228191032872,2.171135902404785,1018473.0,0.0,0.0
1983-06-02,0.0,2.226913568275873,2.1797151573210076,2.2226226329803467,1986482.0,0.0,0.0
1983-06-03,0.0,2.2526609897613525,2.2269162852263156,2.2526609897613525,434686.0,0.0,0.0
1983-06-06,0.0,2.274112469395666,2.2312049844879964,2.2569496631622314,368164.0,0.0,0.0
1983-06-07,0.0,2.2655306718284636,2.2226226329803467,2.2226226329803467,611313.0,0.0,0.0
1983-06-08,0.0,2.2312066771169263,2.1968802876909788,2.2054619789123535,1000122.0,0.0,0.0
1983-06-09,0.0,2.2312060922064427,2.196879711779153,2.214042901992798,595256.0,0.0,0.0
1983-06-10,0.0,2.2612409509198037,2.2226238266281015,2.231205701828003,907221.0,0.0,0.0
1983-06-13,0.0,2.2741141319274902,2.214043421411352,2.2741141319274902,436980.0,0.0,0.0
1983-06-14,0.0,2.299857287861877,2.25265886386495,2.291275978088379,556261.0,0.0,0.0
1983-06-15,0.0,2.299857287861877,2.2784035441040213,2.291275978088379,349813.0,0.0,0.0
1983-06-16,0.0,2.3685105843299614,2.282695025619603,2.359929084777832,839552.0,0.0,0.0
1983-06-17,0.0,2.351346744022471,2.308439254760742,2.308439254760742,448449.0,0.0,0.0
1983-06-20,0.0,2.317021515804825,2.2698230743408203,2.2698230743408203,568877.0,0.0,0.0
1983-06-21,0.0,2.308440974390094,2.2483696937561035,2.2483696937561035,1117109.0,0.0,0.0
1983-06-22,0.0,2.308440926462417,2.2483696470756223,2.299859046936035,1087289.0,0.0,0.0
1983-06-23,0.0,2.3084391608243076,2.291275978088379,2.291275978088379,548232.0,0.0,0.0
1983-06-24,0.0,2.3341846466064453,2.3170214579473827,2.3341846466064453,682423.0,0.0,0.0
1983-06-27,0.0,2.385675591977443,2.3427676860089197,2.3685123920440674,664072.0,0.0,0.0
1983-06-28,0.0,2.3942547823323017,2.3513467301350386,2.3856732845306396,612460.0,0.0,0.0
1983-06-29,0.0,2.3942547823323017,2.3427654200630275,2.3856732845306396,926719.0,0.0,0.0
1983-06-30,0.0,2.3899652804470892,2.3513481416976463,2.3770928382873535,419776.0,0.0,0.0
1983-07-01,0.0,2.3899661572984967,2.351349004380859,2.3685123920440674,957686.0,0.0,0.0
1983-07-05,0.0,2.377092181300751,2.317021489500271,2.321312427520752,503502.0,0.0,0.0
1983-07-06,0.0,2.3341846466064453,2.3084399574827064,2.3341846466064453,223651.0,0.0,0.0
1983-07-07,0.0,2.3384759274885583,2.3170221697362754,2.325603485107422,221357.0,0.0,0.0
1983-07-08,0.0,2.329893160184103,2.2397868633270264,2.2397868633270264,540204.0,0.0,0.0
1983-07-11,0.0,2.2826960106422263,2.2569513131468697,2.2741141319274902,200713.0,0.0,0.0
1983-07-12,0.0,2.3084395006179474,2.2655316313270704,2.2826948165893555,654897.0,0.0,0.0
1983-07-13,0.0,2.295567252468487,2.2526591954479382,2.2826948165893555,646868.0,0.0,0.0
1983-07-14,0.0,2.29127718741836,2.2569509915588726,2.2655324935913086,470241.0,0.0,0.0
1983-07-15,0.0,2.2483696937561035,2.2269159331436668,2.2483696937561035,409454.0,0.0,0.0
1983-07-18,0.0,2.2655334358937815,2.239788731358745,2.2526609897613525,307377.0,0.0,0.0
1983-07-19,0.0,2.231205701828003,2.218333452217231,2.231205701828003,508090.0,0.0,0.0
1983-07-20,0.0,2.325603485107422,2.2397880786387563,2.325603485107422,1040265.0,0.0,0.0
1983-07-21,0.0,2.3341853636678684,2.312731230456052,2.325603485107422,180068.0,0.0,0.0
1983-07-22,0.0,2.3513486731905293,2.325603970781555,2.3470582962036133,1043706.0,0.0,0.0
1983-07-25,0.0,2.3384756015331276,2.2912771533272354,2.3170218467712402,570024.0,0.0,0.0
1983-07-26,0.0,2.3341846783930595,2.317021489500271,2.321312427520752,279851.0,0.0,0.0
1983-07-27,0.0,2.364218834357449,2.329892660215476,2.3427650928497314,622783.0,0.0,0.0
1983-07-28,0.0,2.355638793072378,2.3170218467712402,2.3170218467712402,278704.0,0.0,0.0
1983-07-29,0.0,2.3084395006179474,2.248368258335113,2.2826948165893555,881989.0,0.0,0.0
1983-08-01,0.0,2.274112469395666,2.2483677907214314,2.2569496631622314,867079.0,0.0,0.0
1983-08-02,0.0,2.2526598453113413,2.2054614007508384,2.214042901992798,662925.0,0.0,0.0
1983-08-03,0.0,2.2183334921669036,2.179716367179751,2.184006929397583,517265.0,0.0,0.0
1983-08-04,0.0,2.214042901992798,2.166844457432295,2.214042901992798,864785.0,0.0,0.0
1983-08-05,0.0,2.222623866655039,2.1754254295025257,2.184006929397583,505796.0,0.0,0.0
1983-08-08,0.0,2.175424749210097,2.111063144664744,2.1196446418762207,637693.0,0.0,0.0
1983-08-09,0.0,2.1282271459730677,2.093900768455643,2.1110639572143555,1494449.0,0.0,0.0
1983-08-10,0.0,2.1196454577288564,2.093900768455643,2.1110639572143555,958833.0,0.0,0.0
1983-08-11,0.0,2.1368089741356453,2.1196457827452115,2.128227472305298,925572.0,0.0,0.0
1983-08-12,0.0,2.1453902682999373,2.093900886842361,2.1153550148010254,353254.0,0.0,0.0
1983-08-15,0.0,2.149681243885326,2.102482795715332,2.102482795715332,471388.0,0.0,0.0
1983-08-16,0.0,2.1024821290301774,2.081028005628107,2.093900442123413,687011.0,0.0,0.0
1983-08-17,0.0,2.10248258979769,2.0767378988947067,2.0896103382110596,729447.0,0.0,0.0
1983-08-18,0.0,2.1410995844745293,2.093900768455643,2.1110639572143555,721419.0,0.0,0.0
1983-08-19,0.0,2.1196453300049254,2.076737642288208,2.076737642288208,291320.0,0.0,0.0
1983-08-22,0.0,2.1110639572143555,2.0767377674266414,2.1110639572143555,461066.0,0.0,0.0
1983-08-23,0.0,2.102482330010118,2.0509929545662984,2.076737642288208,419776.0,0.0,0.0
1983-08-24,0.0,2.085319414414261,2.0638656616210938,2.0638656616210938,836111.0,0.0,0.0
1983-08-25,0.0,2.081029319193263,2.050994053114931,2.0595755577087402,1421045.0,0.0,0.0
1983-08-26,0.0,2.068157062302549,2.055284617682036,2.0595755577087402,508090.0,0.0,0.0
1983-08-29,0.0,2.085319142285612,2.0638653922921026,2.076737642288208,439274.0,0.0,0.0
1983-08-30,0.0,2.0767387546261578,2.050994053114931,2.0595755577087402,721419.0,0.0,0.0
1983-08-31,0.0,2.102482795715332,2.0552839720858573,2.102482795715332,926719.0,0.0,0.0
1983-09-01,0.0,2.1024818954693094,2.055283092049538,2.068155527114868,451890.0,0.0,0.0
1983-09-02,0.0,2.085318711292089,2.0638649657326384,2.068155527114868,260353.0,0.0,0.0
1983-09-06,0.0,2.145390475965993,2.09390108952443,2.128227472305298,503502.0,0.0,0.0
1983-09-07,0.0,2.192589521408081,2.1625538864987273,2.192589521408081,1301765.0,0.0,0.0
1983-09-08,0.0,2.201170579733722,2.166844572936134,2.1797168254852295,1360258.0,0.0,0.0
1983-09-09,0.0,2.162553770818282,2.136809076365812,2.149681329727173,1012739.0,0.0,0.0
1983-09-12,0.0,2.1625542880890958,2.1368095874786377,2.1368095874786377,395691.0,0.0,0.0
1983-09-13,0.0,2.136807824028813,2.1024816474532666,2.1196446418762207,658337.0,0.0,0.0
1983-09-14,0.0,2.1196451273843437,2.08531894294633,2.093900442123413,408307.0,0.0,0.0
1983-09-15,0.0,2.102482330010118,2.0681559545611057,2.076737642288208,365870.0,0.0,0.0
1983-09-16,0.0,2.0810277744505385,2.050992530667308,2.068155527114868,998975.0,0.0,0.0
1983-09-19,0.0,2.093901763813776,2.050994053114931,2.0595755577087402,466800.0,0.0,0.0
1983-09-20,0.0,2.1067745685577393,2.0595760932883285,2.1067745685577393,658337.0,0.0,0.0
1983-09-21,0.0,2.1453902541327823,2.0853193720721968,2.141099691390991,1255888.0,0.0,0.0
1983-09-22,0.0,2.1411011590487843,2.0981932494622124,2.1067745685577393,2418874.0,0.0,0.0
1983-09-23,0.0,2.0981913972571906,2.0424110889434814,2.0424110889434814,958833.0,0.0,0.0
1983-09-26,0.0,2.102482830434207,2.0424117529654198,2.081028699874878,898046.0,0.0,0.0
1983-09-27,0.0,2.098191853819884,2.059574723332737,2.0638656616210938,2082824.0,0.0,0.0
1983-09-28,0.0,2.0638652125277166,2.0338295896935334,2.0424110889434814,719125.0,0.0,0.0
1983-09-29,0.0,2.0681559065601505,2.0209574699401855,2.0209574699401855,729447.0,0.0,0.0
1983-09-30,0.0,2.0252488682329117,1.999504175252626,2.0080854892730713,508090.0,0.0,0.0
1983-10-03,0.0,2.0166673863967755,1.982341184936555,1.9952136278152466,970302.0,0.0,0.0
1983-10-04,0.0,2.050992775923112,2.0123758415686637,2.0424110889434814,801704.0,0.0,0.0
1983-10-05,0.0,2.05099263566315,2.0252481396738795,2.0338294506073,451890.0,0.0,0.0
1983-10-06,0.0,2.0767376535598836,2.033829777880581,2.050992965698242,1382050.0,0.0,0.0
1983-10-07,0.0,2.076737642288208,2.0509929545662984,2.076737642288208,1782328.0,0.0,0.0
1983-10-10,0.0,2.076737213068309,2.068155527114868,2.068155527114868,338344.0,0.0,0.0
1983-10-11,0.0,2.0896100800140127,2.055283516835301,2.076737642288208,693892.0,0.0,0.0
1983-10-12,0.0,2.1282287110808737,2.0681576001137034,2.1067745685577393,610166.0,0.0,0.0
1983-10-13,0.0,2.128227114222995,2.089610174754139,2.123936176300049,658337.0,0.0,0.0
1983-10-14,0.0,2.1410999127805583,2.111064280914864,2.128227472305298,1462335.0,0.0,0.0
1983-10-17,0.0,2.1582628319680803,2.1196458841542487,2.149681329727173,209888.0,0.0,0.0
1983-10-18,0.0,2.188297683990052,2.093900442123413,2.093900442123413,719125.0,0.0,0.0
1983-10-19,0.0,2.0939006422830153,2.0338297668417917,2.076737642288208,361283.0,0.0,0.0
1983-10-20,0.0,2.1368095874786377,2.0767386819641667,2.1368095874786377,436980.0,0.0,0.0
1983-10-21,0.0,2.1711333746200605,2.1196440307374043,2.1625518798828125,892311.0,0.0,0.0
1983-10-24,0.0,2.162553770818282,2.128227574124904,2.149681329727173,500061.0,0.0,0.0
1983-10-25,0.0,2.1882983271846266,2.153972132657302,2.1797168254852295,94048.0,0.0,0.0
1983-10-26,0.0,2.1797161671935674,2.1453897953033447,2.1453897953033447,164011.0,0.0,0.0
1983-10-27,0.0,2.145390492936212,2.102482795715332,2.102482795715332,700774.0,0.0,0.0
1983-10-28,0.0,2.1110639700541864,2.0853192806243896,2.0853192806243896,551673.0,0.0,0.0
1983-10-31,0.0,2.0981911463574194,2.0424108447138676,2.068155527114868,1457747.0,0.0,0.0
1983-11-01,0.0,2.0595754985911214,1.9995047804289157,2.025249481201172,494327.0,0.0,0.0
1983-11-02,0.0,2.05099263566315,2.0166662655514496,2.0338294506073,902633.0,0.0,0.0
1983-11-03,0.0,2.0295374327655944,1.9995023911688743,2.0037927627563477,1079260.0,0.0,0.0
1983-11-04,0.0,2.0080862410535856,1.9909230433979832,1.9995049238204956,756973.0,0.0,0.0
1983-11-07,0.0,2.0080859875970374,1.9866322278976438,1.986632227897644,575759.0,0.0,0.0
1983-11-08,0.0,2.025249481201172,1.9866323361778904,2.025249481201172,1462335.0,0.0,0.0
1983-11-09,0.0,2.033830182253357,1.9823407962927857,2.0080854892730713,559701.0,0.0,0.0
1983-11-10,0.0,2.04241168400354,1.9909222980429684,2.0080854892730713,630811.0,0.0,0.0
1983-11-11,0.0,2.016666889190674,1.9823406961935233,2.016666889190674,589522.0,0.0,0.0
1983-11-14,0.0,2.05099263566315,1.9995034559549387,2.0338294506073,595256.0,0.0,0.0
1983-11-15,0.0,2.0424105948760163,2.0123753547668457,2.0123753547668457,578052.0,0.0,0.0
1983-11-16,0.0,2.089611199246671,2.0209585993068,2.0595755577087402,877401.0,0.0,0.0
1983-11-17,0.0,2.102482795715332,2.050993408866484,2.102482795715332,539057.0,0.0,0.0
1983-11-18,0.0,2.1368095874786377,2.093901690551277,2.1368095874786377,920984.0,0.0,0.0
1983-11-21,0.0,2.171135902404785,2.132518755667281,2.171135902404785,1035677.0,0.0,0.0
1983-11-22,0.0,2.1797168591474225,2.15397216592191,2.166844606399536,1324703.0,0.0,0.0
1983-11-23,0.0,2.2397859987032676,2.166842914623206,2.2226226329803467,871666.0,0.0,0.0
1983-11-25,0.0,2.2312066771169263,2.1968802876909788,2.2054619789123535,314259.0,0.0,0.0
1983-11-28,0.0,2.2054619789123535,2.171135589486406,2.2054619789123535,703068.0,0.0,0.0
1983-11-29,0.0,2.214041853733692,2.196878671646118,2.196878671646118,284438.0,0.0,0.0
1983-11-30,0.0,2.2226242155050313,2.196879711779153,2.214042901992798,958833.0,0.0,0.0
1983-12-01,0.0,2.2183332886376483,2.1453897953033447,2.1453897953033447,449596.0,0.0,0.0
1983-12-02,0.0,2.128226814291108,2.0767374437692467,2.093900442123413,1310940.0,0.0,0.0
1983-12-05,0.0,2.0939009155315276,2.059574723332737,2.0638656616210938,478270.0,0.0,0.0
1983-12-06,0.0,2.093900781191085,2.059574591194593,2.0853192806243896,308524.0,0.0,0.0
1983-12-07,0.0,2.076737213068309,2.059574028891088,2.068155527114868,537910.0,0.0,0.0
1983-12-08,0.0,2.0724464639564184,2.050992530667308,2.068155527114868,953098.0,0.0,0.0
1983-12-09,0.0,2.068155774423008,2.0166664034639554,2.0424110889434814,935894.0,0.0,0.0
1983-12-12,0.0,2.0424115808709686,1.9995040742866903,2.016666889190674,666366.0,0.0,0.0
1983-12-13,0.0,2.0080858681486404,1.9823411703109741,1.9823411703109741,1695161.0,0.0,0.0
1983-12-14,0.0,1.9866304598502493,1.9394316673278809,1.9394316673278809,954245.0,0.0,0.0
1983-12-15,0.0,1.9394329614718928,1.913688267835994,1.9308514595031738,3774544.0,0.0,0.0
1983-12-16,0.0,1.9394316673278809,1.9136869908708907,1.9394316673278809,817761.0,0.0,0.0
1983-12-19,0.0,1.9437230825424192,1.922269336645322,1.9437230825424194,802851.0,0.0,0.0
1983-12-20,0.0,1.9694683549952154,1.939432726287472,1.9651774168014526,1855732.0,0.0,0.0
1983-12-21,0.0,1.9909221073154333,1.9565959158733655,1.9651774168014526,1127431.0,0.0,0.0
1983-12-22,0.0,2.025248407568996,1.9737590333202206,2.0209574699401855,856756.0,0.0,0.0
1983-12-23,0.0,2.025247788257556,2.0123753547668457,2.0123753547668457,255765.0,0.0,0.0
1983-12-27,0.0,2.04241094927039,2.0080847668883592,2.0338294506073,229386.0,0.0,0.0
1983-12-28,0.0,2.033830079554113,2.0080853878738183,2.016666889190674,352107.0,0.0,0.0
1983-12-29,0.0,2.0080846816724773,1.9909214973449707,1.9909214973449707,489739.0,0.0,0.0
1983-12-30,0.0,2.025249481201172,1.9780504563708148,2.025249481201172,341785.0,0.0,0.0
1984-01-03,0.0,2.025248429955559,1.9737590551376343,1.9737590551376343,638840.0,0.0,0.0
1984-01-04,0.0,2.0209579296280826,1.9823407962927857,2.0080854892730713,1310940.0,0.0,0.0
1984-01-05,0.0,2.1368086464875686,2.059574578667929,2.1110639572143555,773030.0,0.0,1.5
1984-01-06,0.0,2.1754241219886845,2.1046264149472202,2.1625518798828125,824260.0,0.0,0.0
1984-01-09,0.0,2.2333516912477056,2.149681294837836,2.2011706829071045,2107291.0,0.0,0.0
1984-01-10,0.0,2.188297992387752,2.1110639257203325,2.123936176300049,681276.0,0.0,0.0
1984-01-11,0.0,2.1496816073013885,2.0981923994777336,2.1175007820129395,367017.0,0.0,0.0
1984-01-12,0.0,2.1303722958035056,2.0853190474075753,2.1046276092529297,454184.0,0.0,0.0
1984-01-13,0.0,2.149680629512834,2.098191445109186,2.143244504928589,891546.0,0.0,0.0
1984-01-16,0.0,2.1754260063171387,2.149681312076059,2.1754260063171387,440421.0,0.0,0.0
1984-01-17,0.0,2.175425599763822,2.0853192806243896,2.0853192806243896,349431.0,0.0,0.0
1984-01-18,0.0,2.1303722958035056,2.0917551721127965,2.1046276092529297,421305.0,0.0,0.0
1984-01-19,0.0,2.09819270384048,2.0531394292633833,2.0595755577087402,1284561.0,0.0,0.0
1984-01-20,0.0,2.0595741343262404,2.014520890885677,2.0338294506073,1474186.0,0.0,0.0
1984-01-23,0.0,2.0402655746046174,2.0080847668883592,2.0338294506073,338726.0,0.0,0.0
1984-01-24,0.0,2.0595748759973573,2.033830183007525,2.0467026233673096,284438.0,0.0,0.0
1984-01-25,0.0,2.066011002312381,2.033830183007525,2.0467026233673096,592580.0,0.0,0.0
1984-01-26,0.0,2.053138748921006,1.9823407962927857,2.0080854892730713,2043828.0,0.0,0.0
1984-01-27,0.0,2.0080858681486404,1.9759050427840008,1.9823411703109741,395308.0,0.0,0.0
1984-01-30,0.0,1.9952120580730572,1.8729247917195366,1.8793609142303467,336433.0,0.0,0.0
1984-01-31,0.0,1.9501600265502927,1.8793620721232107,1.950160026550293,672865.0,0.0,0.0
1984-02-01,0.0,1.9759050642413827,1.8857987146959259,1.9565964937210083,534469.0,0.0,0.0
1984-02-02,0.0,2.0016497553897055,1.943724231760029,1.9952136278152466,776853.0,0.0,0.0
1984-02-03,0.0,2.0080851755418228,1.9501596723185495,1.9694682359695435,628517.0,0.0,0.0
1984-02-06,0.0,1.9565954661999994,1.8922338485717773,1.8922338485717773,704979.0,0.0,0.0
1984-02-07,0.0,1.9051060822817687,1.8536167134852608,1.898669958114624,1216510.0,0.0,0.0
1984-02-08,0.0,1.8986704938755856,1.7763831615447998,1.7763831615447998,704215.0,0.0,0.0
1984-02-09,0.0,1.8664891585357197,1.776382668843162,1.8278720378875732,759267.0,0.0,0.0
1984-02-10,0.0,1.8664902308826374,1.8278730880479437,1.853617787361145,366253.0,0.0,0.0
1984-02-13,0.0,1.8536184039013504,1.834310013791538,1.847182273864746,307377.0,0.0,0.0
1984-02-14,0.0,1.8793626019080412,1.8407456444353203,1.8729264736175537,419776.0,0.0,0.0
1984-02-15,0.0,1.8793624024402382,1.840745449066162,1.840745449066162,1580469.0,0.0,0.0
1984-02-16,0.0,1.8343096101056249,1.7763838893346602,1.7892563343048096,483240.0,0.0,0.0
1984-02-17,0.0,1.7956914278469285,1.7248936783748834,1.7506383657455444,1197394.0,0.0,0.0
1984-02-21,0.0,1.7763836749833497,1.7506391636091796,1.7635114192962646,386133.0,0.0,0.0
1984-02-22,0.0,1.8150010365153033,1.769947760714488,1.7892563343048096,283674.0,0.0,0.0
1984-02-23,0.0,1.802128791809082,1.737767122995475,1.802128791809082,672101.0,0.0,0.0
1984-02-24,0.0,1.8986695074708715,1.8407440282556649,1.8857972621917725,439656.0,0.0,0.0
1984-02-27,0.0,1.8857988022999843,1.8343094036735816,1.853617787361145,441950.0,0.0,0.0
1984-02-28,0.0,1.8407452860084372,1.7570750713348389,1.7570750713348389,187332.0,0.0,0.0
1984-02-29,0.0,1.7956923926911417,1.7377668619155884,1.7377668619155884,542115.0,0.0,0.0
1984-03-01,0.0,1.7892563343048093,1.750639374853971,1.7892563343048096,328786.0,0.0,0.0
1984-03-02,0.0,1.8536177042809292,1.802128307962311,1.840745449066162,831141.0,0.0,0.0
1984-03-05,0.0,1.8278732937556479,1.7828202056846372,1.7892563343048096,656044.0,0.0,0.0
1984-03-06,0.0,1.8214371651354755,1.7763838893346602,1.7892563343048096,853315.0,0.0,0.0
1984-03-07,0.0,1.769947691487585,1.7248946051787086,1.7377668619155884,1148459.0,0.0,0.0
1984-03-08,0.0,1.7763836749833497,1.7442028480358551,1.7635114192962646,487827.0,0.0,0.0
1984-03-09,0.0,1.776383819856025,1.7377668619155884,1.7377668619155884,412895.0,0.0,0.0
1984-03-12,0.0,1.7763836749833497,1.718458148931903,1.7635114192962646,358607.0,0.0,0.0
1984-03-13,0.0,1.8021283740873018,1.7506391636091796,1.7635114192962646,991712.0,0.0,0.0
1984-03-14,0.0,1.7763828653865088,1.7506383657455444,1.7506383657455444,1046000.0,0.0,0.0
1984-03-15,0.0,1.7892556012410694,1.7377662179154467,1.7763831615447998,402190.0,0.0,0.0
1984-03-16,0.0,1.8729267776879104,1.7892565331382908,1.802128791809082,799027.0,0.0,0.0
1984-03-19,0.0,1.821436285972595,1.7828193451612124,1.8214362859725952,168216.0,0.0,0.0
1984-03-20,0.0,1.8793624866743464,1.8214369601520892,1.853617787361145,1108698.0,0.0,0.0
1984-03-21,0.0,1.9308507816027753,1.8922338485717773,1.8922338485717773,548997.0,0.0,0.0
1984-03-22,0.0,1.9051055920032127,1.8793609142303465,1.8793609142303467,451890.0,0.0,0.0
1984-03-23,0.0,1.911542618728948,1.8922340562296474,1.9051063060760498,657573.0,0.0,0.0
1984-03-26,0.0,1.9115433938467226,1.853617682860341,1.866490125656128,547468.0,0.0,0.0
1984-03-27,0.0,1.8986695074708715,1.8664887065434934,1.8857972621917725,1230273.0,0.0,0.0
1984-03-28,0.0,1.9759050642413827,1.8922348422927924,1.9565964937210083,3256515.0,0.0,0.0
1984-03-29,0.0,1.9952136278152466,1.963032614483405,1.9952136278152466,463359.0,0.0,0.0
1984-03-30,0.0,2.001649740621667,1.956596472473308,1.9823411703109741,243149.0,0.0,0.0
1984-04-02,0.0,2.0209579296280826,1.9694685436675115,2.0080854892730713,1007004.0,0.0,0.0
1984-04-03,0.0,2.0273937391928167,1.9694682359695432,1.9694682359695435,1231802.0,0.0,0.0
1984-04-04,0.0,2.008085882964164,1.982341184936555,1.9952136278152466,2239571.0,0.0,0.0
1984-04-05,0.0,2.0209565022489824,1.9823393961885178,2.00164794921875,460301.0,0.0,0.0
1984-04-06,0.0,2.0209574699401855,1.9565956582643693,2.0209574699401855,483240.0,0.0,0.0
1984-04-09,0.0,2.0080854892730713,1.9823407962927857,2.0080854892730713,1094935.0,0.0,0.0
1984-04-10,0.0,2.027395486831665,2.0080869065364473,2.027395486831665,343314.0,0.0,0.0
1984-04-11,0.0,2.020958325842855,1.982341184936555,1.9952136278152466,1349553.0,0.0,0.0
1984-04-12,0.0,1.9952136347617573,1.9179795404100337,1.9565964937210083,1268504.0,0.0,0.0
1984-04-13,0.0,2.0080859502985033,1.905107154735024,1.9179795980453491,344079.0,0.0,0.0
1984-04-16,0.0,1.9372873061514497,1.879361618653548,1.9051063060760498,1400783.0,0.0,0.0
1984-04-17,0.0,1.943724296936219,1.885798771364207,1.9179795980453491,2589766.0,0.0,0.0
1984-04-18,0.0,1.9179780247544589,1.8664886692087266,1.8793609142303467,1250153.0,0.0,0.0
1984-04-19,0.0,1.930851459503174,1.8664898192782984,1.9308514595031738,512295.0,0.0,0.0
1984-04-23,0.0,1.9823408467749712,1.930851459503174,1.9308514595031738,3084475.0,0.0,0.0
1984-04-24,0.0,1.982341534752178,1.9179798721904064,1.9630329608917236,584934.0,0.0,0.0
1984-04-25,0.0,1.9887765645980835,1.937287375636017,1.9887765645980835,956539.0,0.0,0.0
1984-04-26,0.0,2.059574119734976,1.9887761930770471,2.0402655601501465,1122461.0,0.0,0.0
1984-04-27,0.0,2.0402677485418974,2.0080869065364473,2.027395486831665,1563647.0,0.0,0.0
1984-04-30,0.0,2.0273935947888586,2.0080850325131445,2.0209574699401855,308142.0,0.0,0.0
1984-05-01,0.0,2.033831617686781,1.995214644826215,2.027395486831665,1628640.0,0.0,0.0
1984-05-02,0.0,2.033829719637532,2.0145211573618176,2.0209574699401855,315788.0,0.0,0.0
1984-05-03,0.0,2.027393690981763,1.9887765645980835,1.9887765645980835,224034.0,0.0,0.0
1984-05-04,0.0,2.0080858899554905,1.956596493721008,1.9565964937210083,335668.0,0.0,0.0
1984-05-07,0.0,1.9952128774818323,1.956595751098153,1.9887765645980835,133044.0,0.0,0.0
1984-05-08,0.0,2.008085127789923,1.982340439444038,1.9887765645980835,792146.0,0.0,0.0
1984-05-09,0.0,2.0402659412898534,1.9437235007900622,1.9887765645980835,1055940.0,0.0,0.0
1984-05-10,0.0,2.033829719637532,1.982340345388757,2.0209574699401855,2056062.0,0.0,0.0
1984-05-11,0.0,2.0080858681486404,1.9759050427840008,1.9823411703109741,541351.0,0.0,0.0
1984-05-14,0.0,1.9952133905061527,1.9630323810018948,1.9759048223495483,284438.0,0.0,0.0
1984-05-15,0.0,1.9952128774818323,1.956595751098153,1.9887765645980835,436598.0,0.0,0.0
1984-05-16,0.0,2.014521300848918,1.9565957976256447,1.9694682359695435,521471.0,0.0,0.0
1984-05-17,0.0,1.9694682359695432,1.9308511086675557,1.9694682359695435,1331203.0,0.0,0.0
1984-05-18,0.0,1.9759054060419623,1.9372884460508608,1.9630329608917236,1018473.0,0.0,0.0
1984-05-21,0.0,1.9952136347617573,1.956596493721008,1.9565964937210083,568877.0,0.0,0.0
1984-05-22,0.0,1.9759047201847098,1.9308514593920447,1.950160026550293,1065880.0,0.0,0.0
1984-05-23,0.0,1.9823411918382494,1.9501603661241416,1.9565964937210083,452655.0,0.0,0.0
1984-05-24,0.0,1.9823412514076335,1.9179795980453491,1.9179795980453491,798263.0,0.0,0.0
1984-05-25,0.0,1.930851459503174,1.8922345129141969,1.9308514595031738,633870.0,0.0,0.0
1984-05-29,0.0,1.9565953300806778,1.9179783997362394,1.9437230825424194,388427.0,0.0,0.0
1984-05-30,0.0,2.0531383793276476,1.930851062752268,1.9887765645980835,372370.0,0.0,0.0
1984-05-31,0.0,2.0080854892730713,1.9308514103322143,2.0080854892730713,412130.0,0.0,0.0
1984-06-01,0.0,2.0467040671268832,2.0145230373915632,2.027395486831665,715684.0,0.0,0.0
1984-06-04,0.0,2.09819150998278,2.0145211368818563,2.072446823120117,458007.0,0.0,0.0
1984-06-05,0.0,2.111063759549265,2.0660105106071818,2.072446823120117,335668.0,0.0,0.0
1984-06-06,0.0,2.0981917192041437,2.072447029774347,2.0853192806243896,1249388.0,0.0,0.0
1984-06-07,0.0,2.104627844629165,2.072447029774347,2.0853192806243896,484004.0,0.0,0.0
1984-06-08,0.0,2.1110637233277534,2.0595743504858794,2.0660104751586914,451126.0,0.0,0.0
1984-06-11,0.0,2.0724480023292533,2.0402669846428703,2.0595755577087402,526058.0,0.0,0.0
1984-06-12,0.0,2.0981917192041437,2.066010716619614,2.0853192806243896,1118638.0,0.0,0.0
1984-06-13,0.0,2.111063733958151,2.0788829227023538,2.1046276092529297,409836.0,0.0,0.0
1984-06-14,0.0,2.1046275986549414,2.0595743504858794,2.0660104751586914,272969.0,0.0,0.0
1984-06-15,0.0,2.104627629673742,2.053138256072998,2.053138256072998,409836.0,0.0,0.0
1984-06-18,0.0,2.1239369095246747,2.0531391314360414,2.1175007820129395,3144115.0,0.0,0.0
1984-06-19,0.0,2.1947345739303854,2.104628237951479,2.1754260063171387,1403077.0,0.0,0.0
1984-06-20,0.0,2.2269163131713867,2.1175013644569116,2.2269163131713867,1093406.0,0.0,0.0
1984-06-21,0.0,2.226915891899274,2.162554235794413,2.2076075077056885,756973.0,0.0,0.0
1984-06-22,0.0,2.2140431237892937,2.1818623031784377,2.2011706829071045,447302.0,0.0,0.0
1984-06-25,0.0,2.2076072901479282,2.156117895246359,2.1818625926971436,786793.0,0.0,0.0
1984-06-26,0.0,2.214043635770217,2.17542649192347,2.2076075077056885,833435.0,0.0,0.0
1984-06-27,0.0,2.1947351169197202,2.1110648868681796,2.1368095874786377,768443.0,0.0,0.0
1984-06-28,0.0,2.149681662530913,2.0981924533843994,2.0981924533843994,397602.0,0.0,0.0
1984-06-29,0.0,2.1561176441376015,2.1046282552326603,2.149681329727173,714155.0,0.0,0.0
1984-07-02,0.0,2.1625533389682943,2.1110639603454984,2.1303725242614746,383074.0,0.0,0.0
1984-07-03,0.0,2.136808649656896,2.1175000857409203,2.1303725242614746,479416.0,0.0,0.0
1984-07-05,0.0,2.1561176441376015,2.136809076365812,2.149681329727173,357842.0,0.0,0.0
1984-07-06,0.0,2.1432447686358835,2.0788831394149296,2.0917553901672363,1024590.0,0.0,0.0
1984-07-09,0.0,2.0981924533843994,2.04026674110124,2.0981924533843994,1296795.0,0.0,0.0
1984-07-10,0.0,2.0981917032730997,2.0660107009329125,2.0917553901672363,1029178.0,0.0,0.0
1984-07-11,0.0,2.1046288261925503,2.072447996329136,2.0788841247558594,3627355.0,0.0,0.0
1984-07-12,0.0,2.0724480023292533,2.0338308561975134,2.0595755577087402,818143.0,0.0,0.0
1984-07-13,0.0,2.072446823120117,2.0467021362574545,2.072446823120117,455713.0,0.0,0.0
1984-07-16,0.0,2.1110639572143555,2.0724470171693907,2.1110639572143555,833435.0,0.0,0.0
1984-07-17,0.0,2.104627634766022,2.072446823120117,2.072446823120117,275263.0,0.0,0.0
1984-07-18,0.0,2.0724468181057,2.040265818807966,2.053138256072998,1312087.0,0.0,0.0
1984-07-19,0.0,2.085320259219967,2.0209585993068,2.0595755577087402,1202747.0,0.0,0.0
1984-07-20,0.0,2.0595734205798424,1.9823393961885178,2.00164794921875,402954.0,0.0,0.0
1984-07-23,0.0,2.0724473163571417,1.9823407970278608,2.0467026233673096,1457365.0,0.0,0.0
1984-07-24,0.0,2.046702157064573,2.0209574699401855,2.0209574699401855,590286.0,0.0,0.0
1984-07-25,0.0,2.0531380103289227,2.0016486428910416,2.0338294506073,1014650.0,0.0,0.0
1984-07-26,0.0,2.123936207986107,2.0273937640088397,2.1110639572143555,442715.0,0.0,0.0
1984-07-27,0.0,2.168989419937134,2.0917553535848956,2.168989419937134,1000122.0,0.0,0.0
1984-07-30,0.0,2.1818628604793875,2.1303734592584713,2.1368095874786377,1982658.0,0.0,0.0
1984-07-31,0.0,2.1496818439189704,2.1239371433085124,2.1368095874786377,687393.0,0.0,0.0
1984-08-01,0.0,2.2269163131713867,2.1496821985970826,2.2269163131713867,1245565.0,0.0,0.0
1984-08-02,0.0,2.3427650928497314,2.201169272521047,2.3427650928497314,1449719.0,0.0,0.0
1984-08-03,0.0,2.394256382408381,2.3105859720068276,2.329894542694092,4041779.0,0.0,0.0
1984-08-06,0.0,2.387819348336996,2.2848407737023626,2.3041491508483887,2518657.0,0.0,0.0
1984-08-07,0.0,2.317021590008793,2.2140428276444393,2.3041491508483887,838023.0,0.0,0.0
1984-08-08,0.0,2.355637337754362,2.3170204153108456,2.3427650928497314,1080407.0,0.0,0.0
1984-08-09,0.0,2.458617688146265,2.3427666557975093,2.4393091201782227,1771623.0,0.0,0.0
1984-08-10,0.0,2.5036720517961335,2.3427676860089197,2.3685123920440674,1471128.0,0.0,0.0
1984-08-13,0.0,2.3685107303627864,2.2977127915035385,2.3234574794769287,638457.0,0.0,0.0
1984-08-14,0.0,2.3234567814548064,2.2784035441040213,2.291275978088379,675924.0,0.0,0.0
1984-08-15,0.0,2.29127718741836,2.239787799764257,2.2655324935913086,1517770.0,0.0,0.0
1984-08-16,0.0,2.2912781404288185,2.2462248605600488,2.2526609897613525,410601.0,0.0,0.0
1984-08-17,0.0,2.297712802886963,2.265531989693219,2.297712802886963,586463.0,0.0,0.0
1984-08-20,0.0,2.291275978088379,2.265531297849308,2.291275978088379,303554.0,0.0,0.0
1984-08-21,0.0,2.3813834353376206,2.278404663774736,2.3556387424468994,1445896.0,0.0,0.0
1984-08-22,0.0,2.355638292511241,2.3170213544160063,2.3234574794769287,1283796.0,0.0,0.0
1984-08-23,0.0,2.3170218812454118,2.2655324935913086,2.2655324935913086,354783.0,0.0,0.0
1984-08-24,0.0,2.3041489279797713,2.265531989693219,2.297712802886963,393014.0,0.0,0.0
1984-08-27,0.0,2.3041487189091394,2.2655317841265568,2.2848403453826904,397602.0,0.0,0.0
1984-08-28,0.0,2.291275978088379,2.265531297849308,2.291275978088379,218681.0,0.0,0.0
1984-08-29,0.0,2.2977135201309853,2.265532696891819,2.278404951095581,242384.0,0.0,0.0
1984-08-30,0.0,2.291275978088379,2.265531297849308,2.291275978088379,1636286.0,0.0,0.0
1984-08-31,0.0,2.297712802886963,2.265531989693219,2.297712802886963,328022.0,0.0,0.0
1984-09-04,0.0,2.2977135201309853,2.278404951095581,2.278404951095581,426658.0,0.0,0.0
1984-09-05,0.0,2.265533464323451,2.214044054607248,2.2269163131713867,1484891.0,0.0,0.0
1984-09-06,0.0,2.265531546390429,2.1625528141368187,2.2397868633270264,751621.0,0.0,0.0
1984-09-07,0.0,2.265531546390429,2.233350739493592,2.2397868633270264,357077.0,0.0,0.0
1984-09-10,0.0,2.304148224343092,2.2011695033868084,2.291275978088379,459536.0,0.0,0.0
1984-09-11,0.0,2.329892904582163,2.265531297849308,2.291275978088379,808967.0,0.0,0.0
1984-09-12,0.0,2.3041491508483887,2.2784044602573004,2.3041491508483887,190390.0,0.0,0.0
1984-09-13,0.0,2.3556392410338525,2.2784051460145713,2.329894542694092,404484.0,0.0,0.0
1984-09-14,0.0,2.349203586578369,2.323458883052887,2.349203586578369,649162.0,0.0,0.0
1984-09-17,0.0,2.3942558592589815,2.3234579073616817,2.3813834190368652,1077349.0,0.0,0.0
1984-09-18,0.0,2.3942559271032557,2.3170218467712402,2.3170218467712402,660631.0,0.0,0.0
1984-09-19,0.0,2.3298940996283726,2.26553245988323,2.3170218467712402,760032.0,0.0,0.0
1984-09-20,0.0,2.3685123920440674,2.297714403514954,2.3685123920440674,540586.0,0.0,0.0
1984-09-21,0.0,2.4328728734043934,2.3041494061843677,2.3170218467712402,1767800.0,0.0,0.0
1984-09-24,0.0,2.3363299671548194,2.3041491508483887,2.3041491508483887,474064.0,0.0,0.0
1984-09-25,0.0,2.3363302260569387,2.3041494061843677,2.3170218467712402,500061.0,0.0,0.0
1984-09-26,0.0,2.394253953242551,2.3298921788285294,2.3749454021453857,613225.0,0.0,0.0
1984-09-27,0.0,2.432873524689904,2.3878202521696013,2.420001268386841,240091.0,0.0,0.0
1984-09-28,0.0,2.432873046666965,2.3749475292250914,2.4006922245025635,572700.0,0.0,0.0
1984-10-01,0.0,2.4200000874770233,2.3942553997039795,2.3942553997039795,1100287.0,0.0,0.0
1984-10-02,0.0,2.413563774736488,2.3942553997039795,2.3942553997039795,448832.0,0.0,0.0
1984-10-03,0.0,2.3942546990446627,2.2784035441040213,2.291275978088379,766149.0,0.0,0.0
1984-10-04,0.0,2.3041489279797713,2.2719681147860276,2.297712802886963,321140.0,0.0,0.0
1984-10-05,0.0,2.31702113448789,2.271967887878418,2.271967887878418,410601.0,0.0,0.0
1984-10-08,0.0,2.2655334358937815,2.2462248605600488,2.2526609897613525,513824.0,0.0,0.0
1984-10-09,0.0,2.2719691026765125,2.2462244033813477,2.2462244033813477,373134.0,0.0,0.0
1984-10-10,0.0,2.2333516912477056,2.143245168261614,2.2011706829071045,652220.0,0.0,0.0
1984-10-11,0.0,2.246223220435529,2.2140424101966465,2.2204785346984863,2271685.0,0.0,0.0
1984-10-12,0.0,2.2526591109938954,2.2076060564301896,2.2397868633270264,514589.0,0.0,0.0
1984-10-15,0.0,2.3041487189091394,2.2462232228704226,2.2848403453826904,1182866.0,0.0,0.0
1984-10-16,0.0,2.291276469891507,2.2655317841265568,2.2848403453826904,789852.0,0.0,0.0
1984-10-17,0.0,2.3170218467712402,2.2784047127403624,2.3170218467712402,1409958.0,0.0,0.0
1984-10-18,0.0,2.3878204822540283,2.3170226903057003,2.3878204822540283,1097994.0,0.0,0.0
1984-10-19,0.0,2.458618461932165,2.381384353482327,2.3878204822540283,1160692.0,0.0,0.0
1984-10-22,0.0,2.387820780773054,2.3556399451615775,2.3685123920440674,1048293.0,0.0,0.0
1984-10-23,0.0,2.3942558592589815,2.355638726322369,2.3813834190368652,765384.0,0.0,0.0
1984-10-24,0.0,2.387819561627867,2.3170217969756863,2.3556387424468994,3503487.0,0.0,0.0
1984-10-25,0.0,2.3749475509527405,2.329894286872548,2.3363304138183594,557408.0,0.0,0.0
1984-10-26,0.0,2.342767472898079,2.304150323493267,2.310586452484131,373134.0,0.0,0.0
1984-10-29,0.0,2.291276469891507,2.2590956596177403,2.2848403453826904,121575.0,0.0,0.0
1984-10-30,0.0,2.310585566991341,2.2655324935913086,2.2655324935913086,1754037.0,0.0,0.0
1984-10-31,0.0,2.278404951095581,2.252660254958296,2.278404951095581,313494.0,0.0,0.0
1984-11-01,0.0,2.329893604537851,2.259095853408304,2.3234574794769287,1013885.0,0.0,0.0
1984-11-02,0.0,2.3685111827571284,2.3234579232659325,2.3556387424468994,515354.0,0.0,0.0
1984-11-05,0.0,2.3685123920440674,2.3427676860089197,2.3685123920440674,71110.0,0.0,0.0
1984-11-06,0.0,2.3942558756478496,2.3427664898664076,2.3556387424468994,590286.0,0.0,0.0
1984-11-07,0.0,2.432873046666965,2.3363303924440064,2.4006922245025635,421305.0,0.0,0.0
1984-11-08,0.0,2.3942553997039795,2.342766024157892,2.3942553997039795,285968.0,0.0,0.0
1984-11-09,0.0,2.394256382408381,2.329894542694092,2.329894542694092,207977.0,0.0,0.0
1984-11-12,0.0,2.342767472898079,2.2912780655115403,2.310586452484131,309671.0,0.0,0.0
1984-11-13,0.0,2.310585566991341,2.2655324935913086,2.2655324935913086,239326.0,0.0,0.0
1984-11-14,0.0,2.3041487189091394,2.252659347379239,2.2848403453826904,425128.0,0.0,0.0
1984-11-15,0.0,2.3427669857288604,2.2848414613968435,2.329894542694092,126162.0,0.0,0.0
1984-11-16,0.0,2.3685121611549347,2.329895012001804,2.349203586578369,325728.0,0.0,0.0
1984-11-19,0.0,2.3813841395558515,2.342767182664908,2.3620755672454834,543644.0,0.0,0.0
1984-11-20,0.0,2.3813820152932474,2.3363287826677914,2.3427650928497314,405248.0,0.0,0.0
1984-11-21,0.0,2.387820780773054,2.323459109550101,2.3685123920440674,309671.0,0.0,0.0
1984-11-23,0.0,2.4200000874770233,2.3878190869634444,2.3942553997039795,119281.0,0.0,0.0
1984-11-26,0.0,2.4006920019380957,2.3556387424468994,2.3556387424468994,1060527.0,0.0,0.0
1984-11-27,0.0,2.3556389823855497,2.3234581599267363,2.3363304138183594,332609.0,0.0,0.0
1984-11-28,0.0,2.3620734602066773,2.3363287826677914,2.3427650928497314,191920.0,0.0,0.0
1984-11-29,0.0,2.3492024063152233,2.2977130251330466,2.3041491508483887,435069.0,0.0,0.0
1984-11-30,0.0,2.3105850530725798,2.2719681147860276,2.297712802886963,197272.0,0.0,0.0
1984-12-03,0.0,2.3234579731998064,2.284841026898669,2.3170218467712402,406778.0,0.0,0.0
1984-12-04,0.0,2.3492012153020467,2.3041479826765903,2.3427650928497314,360136.0,0.0,0.0
1984-12-05,0.0,2.349202167450319,2.3234574794769287,2.3234574794769287,253854.0,0.0,0.0
1984-12-06,0.0,2.3620758444762036,2.3041503084763217,2.349203586578369,572700.0,0.0,0.0
1984-12-07,0.0,2.3685097703886173,2.329892660215476,2.3427650928497314,295908.0,0.0,0.0
1984-12-10,0.0,2.317021590008793,2.2784044602573004,2.3041491508483887,242384.0,0.0,0.0
1984-12-11,0.0,2.329894542694092,2.2784051460145713,2.329894542694092,243914.0,0.0,0.0
1984-12-12,0.0,2.394253953242551,2.3492007299256943,2.3749454021453857,393779.0,0.0,0.0
1984-12-13,0.0,2.3620734602066773,2.323456537763161,2.3427650928497314,941247.0,0.0,0.0
1984-12-14,0.0,2.4071293572318724,2.3427676860089197,2.3685123920440674,373134.0,0.0,0.0
1984-12-17,0.0,2.4457452297210693,2.394255844607169,2.4457452297210693,471006.0,0.0,0.0
1984-12-18,0.0,2.61308668825481,2.471490916117742,2.6002142429351807,2182224.0,0.0,0.0
1984-12-19,0.0,2.5809061812142184,2.5229804515838623,2.5229804515838623,3583772.0,0.0,0.0
1984-12-20,0.0,2.535850507483141,2.4972333908081055,2.4972333908081055,602520.0,0.0,0.0
1984-12-21,0.0,2.4843619189811488,2.4006917237155023,2.471489667892456,643810.0,0.0,0.0
1984-12-24,0.0,2.503671407699585,2.47792670828754,2.503671407699585,190390.0,0.0,0.0
1984-12-26,0.0,2.5036704833439023,2.471489667892456,2.471489667892456,168981.0,0.0,0.0
1984-12-27,0.0,2.4843629253617383,2.420001268386841,2.420001268386841,412130.0,0.0,0.0
1984-12-28,0.0,2.4714899222780193,2.420000537164119,2.4457452297210693,603285.0,0.0,0.0
1984-12-31,0.0,2.4843629253617383,2.4071288243539866,2.420001268386841,1327379.0,0.0,0.0
1985-01-02,0.0,2.458618421604364,2.420001461877769,2.4521822929382324,659102.0,0.0,0.0
1985-01-03,0.0,2.458619392122255,2.4328746795654297,2.4328746795654297,778383.0,0.0,0.0
1985-01-04,0.0,2.4457457096501787,2.420001012041342,2.4264371395111084,391485.0,0.0,0.0
1985-01-07,0.0,2.471489667892456,2.4328725391669486,2.471489667892456,528352.0,0.0,0.0
1985-01-08,0.0,2.4907989501953125,2.4586181230427195,2.4907989501953125,893076.0,0.0,0.0
1985-01-09,0.0,2.5036704833439023,2.4521811035297025,2.471489667892456,828083.0,0.0,0.0
1985-01-10,0.0,2.5487241744995117,2.4714902735802253,2.5487241744995117,561231.0,0.0,0.0
1985-01-11,0.0,2.6130855083465576,2.535851434492353,2.6130855083465576,2116467.0,0.0,0.0
1985-01-14,0.0,2.7289371909984395,2.600213703172141,2.67744779586792,1288384.0,0.0,0.0
1985-01-15,0.0,2.7546804022104814,2.6130847358677425,2.728935718536377,1765506.0,0.0,0.0
1985-01-16,0.0,2.7675531102848683,2.7031913009005177,2.7160637378692627,1410723.0,0.0,0.0
1985-01-17,0.0,2.703191274719135,2.671010464203486,2.683882713317871,1154575.0,0.0,0.0
1985-01-18,0.0,2.7096281555960253,2.6710112097443046,2.690319776535034,764620.0,0.0,0.0
1985-01-21,0.0,2.831917567379405,2.677449295472192,2.819045305252075,1120932.0,0.0,0.0
1985-01-22,0.0,2.8447886189920477,2.767554703632899,2.786863088607788,1685221.0,0.0,0.0
1985-01-23,0.0,2.7804274758777145,2.7353741937888234,2.773991346359253,1659224.0,0.0,0.0
1985-01-24,0.0,2.8576600706568245,2.786862120487155,2.8319153785705566,2053768.0,0.0,0.0
1985-01-25,0.0,2.8319153785705566,2.7997345603951542,2.8319153785705566,1536885.0,0.0,0.0
1985-01-28,0.0,2.8640984104276055,2.8061728553948697,2.819045305252075,1010827.0,0.0,0.0
1985-01-29,0.0,2.8576612472534175,2.7804271391946975,2.857661247253418,772266.0,0.0,0.0
1985-01-30,0.0,2.909148197456756,2.864094958845964,2.8705310821533203,910662.0,0.0,0.0
1985-01-31,0.0,2.8834042458912172,2.8383509958836366,2.844787120819092,551291.0,0.0,0.0
1985-02-01,0.0,2.825479317907919,2.72893667341645,2.7675538063049316,1457365.0,0.0,0.0
1985-02-04,0.0,2.8126077839668944,2.754682253699419,2.8061716556549072,711096.0,0.0,0.0
1985-02-05,0.0,2.844788353126258,2.8061713990557138,2.812607526779175,649927.0,0.0,0.0
1985-02-06,0.0,2.831916356632651,2.7868630829891505,2.8061716556549072,1144635.0,0.0,0.0
1985-02-07,0.0,2.831917567379405,2.786864274473999,2.819045305252075,724095.0,0.0,0.0
1985-02-08,0.0,2.831917567379405,2.7997367243312046,2.819045305252075,576523.0,0.0,0.0
1985-02-11,0.0,2.83191492446962,2.780425548553467,2.780425548553467,588757.0,0.0,0.0
1985-02-12,0.0,2.7932984989873413,2.75468136609886,2.7675538063049316,184273.0,0.0,0.0
1985-02-13,0.0,2.870532051766151,2.7418087912200853,2.86409592628479,994770.0,0.0,0.0
1985-02-14,0.0,2.8834049872164083,2.831915599035419,2.8769688606262207,2525538.0,0.0,0.0
1985-02-15,0.0,2.902714490890503,2.870533472101161,2.902714490890503,417482.0,0.0,0.0
1985-02-19,0.0,2.9413301944732666,2.896276937592756,2.9413301944732666,587992.0,0.0,0.0
1985-02-20,0.0,2.9413299657953837,2.8640958976033493,2.8962767124176025,997064.0,0.0,0.0
1985-02-21,0.0,2.883405764401418,2.786863088607788,2.786863088607788,729447.0,0.0,0.0
1985-02-22,0.0,2.844787174583808,2.780425548553467,2.780425548553467,714919.0,0.0,0.0
1985-02-25,0.0,2.7932980137204084,2.7482447624206543,2.7482447624206543,186567.0,0.0,0.0
1985-02-26,0.0,2.8447864193689827,2.7289354481778276,2.838350296020508,558172.0,0.0,0.0
1985-02-27,0.0,2.8447864193689827,2.8126056148969565,2.838350296020508,675159.0,0.0,0.0
1985-02-28,0.0,2.960637092590332,2.8576583849900254,2.960637092590332,532175.0,0.0,0.0
1985-03-01,0.0,2.986383196478356,2.934893818074956,2.9670746326446533,668277.0,0.0,0.0
1985-03-04,0.0,2.960637335859909,2.8962755444564294,2.9091479778289795,529881.0,0.0,0.0
1985-03-05,0.0,2.9284565074072684,2.8898393953702306,2.922020196914673,405248.0,0.0,0.0
1985-03-06,0.0,2.9735107421875,2.934893802455326,2.9735107421875,1400783.0,0.0,0.0
1985-03-07,0.0,2.9863817694904085,2.922019983375407,2.960637092590332,971067.0,0.0,0.0
1985-03-08,0.0,2.9799458920539164,2.9091479778289795,2.9091479778289795,531411.0,0.0,0.0
1985-03-11,0.0,2.896277014921361,2.8319153785705566,2.8319153785705566,1259328.0,0.0,0.0
1985-03-12,0.0,2.838352535201695,2.7546823024749756,2.7546823024749756,1006239.0,0.0,0.0
1985-03-13,0.0,2.825479525429591,2.7675540095721756,2.7997348308563232,1355670.0,0.0,0.0
1985-03-14,0.0,2.7997341114544496,2.780425548553467,2.780425548553467,1312852.0,0.0,0.0
1985-03-15,0.0,2.870533314234369,2.7804269546771634,2.8061716556549072,793675.0,0.0,0.0
1985-03-18,0.0,2.9542014360675477,2.8061694736204603,2.8705310821533203,1954368.0,0.0,0.0
1985-03-19,0.0,2.9542014505841223,2.876967407327382,2.9348928928375244,1069703.0,0.0,0.0
1985-03-20,0.0,2.999255703188366,2.9284579426386785,2.9413301944732666,843375.0,0.0,0.0
1985-03-21,0.0,2.986383196478356,2.9284576927069583,2.9670746326446533,418247.0,0.0,0.0
1985-03-22,0.0,3.005692738735457,2.967075783815099,2.9992566108703613,1270033.0,0.0,0.0
1985-03-25,0.0,3.018564718413705,2.9928200231790343,3.0121285915374756,971067.0,0.0,0.0
1985-03-26,0.0,3.0314357575824533,3.0121273846899133,3.0185635089874268,1370963.0,0.0,0.0
1985-03-27,0.0,3.031435503870545,3.0056908211054796,3.0249993801116943,1049823.0,0.0,0.0
1985-03-28,0.0,3.025000136416051,2.9606385072766557,2.9670746326446533,889253.0,0.0,0.0
1985-03-29,0.0,2.9863832191731654,2.857659772186441,2.8962767124176025,646103.0,0.0,0.0
1985-04-01,0.0,2.9348928928375244,2.9091482117519445,2.9348928928375244,526823.0,0.0,0.0
1985-04-02,0.0,3.0121285915374756,2.947766759585922,3.0121285915374756,877019.0,0.0,0.0
1985-04-03,0.0,3.025002731321657,3.0056941509246826,3.0056941509246826,544409.0,0.0,0.0
1985-04-04,0.0,3.0185639949831273,2.9606384915200117,2.9735107421875,1043706.0,0.0,0.0
1985-04-08,0.0,2.9928178917830226,2.954200970297718,2.960637092590332,477887.0,0.0,0.0
1985-04-09,0.0,2.9992554472143507,2.947766068810951,2.9670746326446533,374664.0,0.0,0.0
1985-04-10,0.0,3.095798785117499,3.0056922584842956,3.0378732681274414,2312209.0,0.0,0.0
1985-04-11,0.0,3.0121283529004903,2.9863836597054525,2.9928197860717773,1178279.0,0.0,0.0
1985-04-12,0.0,2.9992566108703613,2.9735119116801947,2.9992566108703613,410601.0,0.0,0.0
1985-04-15,0.0,3.0121293317646476,2.986384630203247,2.986384630203247,89460.0,0.0,0.0
1985-04-16,0.0,2.9799456471977943,2.9091477387901787,2.960637092590332,352490.0,0.0,0.0
1985-04-17,0.0,2.967073697262087,2.922020458429909,2.9348928928375244,628517.0,0.0,0.0
1985-04-18,0.0,2.9477651395154894,2.922020458429909,2.9348928928375244,414424.0,0.0,0.0
1985-04-19,0.0,2.934895355312138,2.8319165445671777,2.857661247253418,616283.0,0.0,0.0
1985-04-22,0.0,2.8705345414912706,2.819045305252075,2.819045305252075,289791.0,0.0,0.0
1985-04-23,0.0,2.9091479778289795,2.8319139407825853,2.9091479778289795,505414.0,0.0,0.0
1985-04-24,0.0,3.0893626582807707,2.8962773513409084,3.0378732681274414,5080132.0,0.0,0.0
1985-04-25,0.0,3.19877754612187,2.9928199867513547,3.0636179447174072,4008136.0,0.0,0.0
1985-04-26,0.0,3.121543480194164,3.037873268127441,3.0378732681274414,740916.0,0.0,0.0
1985-04-29,0.0,3.0636179447174072,3.0121285548747787,3.0636179447174072,490121.0,0.0,0.0
1985-04-30,0.0,3.102234911954227,3.0121285730507763,3.0378732681274414,1099523.0,0.0,0.0
1985-05-01,0.0,3.05074336787579,2.960637092590332,2.960637092590332,342550.0,0.0,0.0
1985-05-02,0.0,3.0121293317646476,2.9477674839962464,2.986384630203247,711861.0,0.0,0.0
1985-05-03,0.0,3.044309413648376,2.986383896302805,3.0121285915374756,949657.0,0.0,0.0
1985-05-06,0.0,3.0636179820068175,2.9992561500552637,3.0121285915374756,694275.0,0.0,0.0
1985-05-07,0.0,3.076489941567369,3.0121283035002038,3.0507452487945557,573465.0,0.0,0.0
1985-05-08,0.0,3.0443086840478126,2.9735107421875,2.9735107421875,1023061.0,0.0,0.0
1985-05-09,0.0,2.986384630203247,2.909150525519046,2.986384630203247,808203.0,0.0,0.0
1985-05-10,0.0,3.1344151939785903,3.0636174355096744,3.0764896869659424,2351970.0,0.0,0.0
1985-05-13,0.0,3.115107334560036,3.057181630189765,3.0636179447174072,1376315.0,0.0,0.0
1985-05-14,0.0,3.0636184527106685,2.915586385434766,2.9992566108703613,1790739.0,0.0,0.0
1985-05-15,0.0,3.01213055585042,2.9477686819262954,2.979949712753296,876254.0,0.0,0.0
1985-05-16,0.0,3.0507455044704543,2.979947734209123,3.044309377670288,939717.0,0.0,0.0
1985-05-17,0.0,3.102234634340182,3.0314366822825116,3.0507452487945557,948128.0,0.0,0.0
1985-05-20,0.0,3.0893626582807707,3.0314369535609607,3.0378732681274414,985595.0,0.0,0.0
1985-05-21,0.0,3.076489003124404,2.9992549483652082,3.0185635089874268,1107934.0,0.0,0.0
1985-05-22,0.0,2.979949712753296,2.960641131803071,2.979949712753296,412895.0,0.0,0.0
1985-05-23,0.0,3.02500060563314,2.9799475333391277,2.9928197860717773,486298.0,0.0,0.0
1985-05-24,0.0,3.037873268127441,2.9928200048108398,3.0378732681274414,320376.0,0.0,0.0
1985-05-28,0.0,3.0378727568120185,3.0121280660685366,3.0314364433288574,1033766.0,0.0,0.0
1985-05-29,0.0,3.140851975982135,3.0378731980509506,3.1022348403930664,1725746.0,0.0,0.0
1985-05-30,0.0,3.1472876048865115,3.089362098394319,3.127979040145874,1232567.0,0.0,0.0
1985-05-31,0.0,3.166595728628331,3.121542664809881,3.1537234783172607,1368669.0,0.0,0.0
1985-06-03,0.0,3.224520966967264,3.166595469841935,3.2052125930786133,774560.0,0.0,0.0
1985-06-04,0.0,3.237393591685741,3.1794680945604124,3.2052125930786133,764620.0,0.0,0.0
1985-06-05,0.0,3.2180858341196377,3.147288065916043,3.1923413276672363,1249388.0,0.0,0.0
1985-06-06,0.0,3.2180858341196377,3.173032572368444,3.1923413276672363,508472.0,0.0,0.0
1985-06-07,0.0,3.2116494489158156,3.1472878125074937,3.1601600646972656,493180.0,0.0,0.0
1985-06-10,0.0,3.15372326509754,3.1022338918749908,3.121542453765869,382310.0,0.0,0.0
1985-06-11,0.0,3.1601608161178363,3.1151077350112173,3.1472885608673096,514589.0,0.0,0.0
1985-06-12,0.0,3.160159603472796,3.115106539654346,3.1537234783172607,750092.0,0.0,0.0
1985-06-13,0.0,3.198776729865414,3.14085122800619,3.1537234783172607,389956.0,0.0,0.0
1985-06-14,0.0,3.205213580893437,3.1665964457553435,3.1923413276672363,445773.0,0.0,0.0
1985-06-17,0.0,3.243832109152957,3.166597805707124,3.211651086807251,343314.0,0.0,0.0
1985-06-18,0.0,3.2180858341196377,3.179469074441036,3.1923413276672363,574229.0,0.0,0.0
1985-06-19,0.0,3.205212855020949,3.1537234783172607,3.1537234783172607,721036.0,0.0,0.0
1985-06-20,0.0,3.1665964994042235,3.102234856723306,3.115107297897339,676688.0,0.0,0.0
1985-06-21,0.0,3.134416341781616,3.0893632574568084,3.134416341781616,634634.0,0.0,0.0
1985-06-24,0.0,3.153724913766413,3.0957993855418113,3.134416341781616,884665.0,0.0,0.0
1985-06-25,0.0,3.192340557586791,3.121542618731863,3.173031806945801,638457.0,0.0,0.0
1985-06-26,0.0,3.192342319481282,3.166597429570828,3.1794700622558594,649927.0,0.0,0.0
1985-06-27,0.0,3.2438294887542725,3.160159123521007,3.2438294887542725,625459.0,0.0,0.0
1985-06-28,0.0,3.25026634572538,3.237394094467163,3.237394094467163,331080.0,0.0,0.0
1985-07-01,3.224520740760792,3.2567017371103595,3.224520740760792,3.2438294887542725,337962.0,0.0,0.0
1985-07-02,3.243830220096272,3.25026634572538,3.2245214677495113,3.237394094467163,455713.0,0.0,0.0
1985-07-03,3.2373938011803998,3.250266051272475,3.2116489255368483,3.2180850505828857,573465.0,0.0,0.0
1985-07-05,3.218083594887769,3.2373923367510034,3.2116474727531013,3.2309558391571045,163629.0,0.0,0.0
1985-07-08,3.2309582207051006,3.269575357437134,3.192341459432575,3.269575357437134,1238684.0,0.0,0.0
1985-07-09,3.269576626661799,3.269576626661799,3.2116510868072514,3.211651086807251,631576.0,0.0,0.0
1985-07-10,3.2180846165827486,3.2438294887542725,3.2180846165827486,3.2438294887542725,632340.0,0.0,0.0
1985-07-11,3.24383112193311,3.2631395041884743,3.2309584916366614,3.2567033767700195,714919.0,0.0,0.0
1985-07-12,3.2953215832059484,3.3468109946766558,3.2953215832059484,3.3339383602142334,828848.0,0.0,0.0
1985-07-15,3.333938180631208,3.4047363522521654,3.3146297931671143,3.3146297931671143,610166.0,0.0,0.0
1985-07-16,3.314628851949141,3.359682118698396,3.314628851949141,3.3468098640441895,737858.0,0.0,0.0
1985-07-17,3.35324641323625,3.3854270539203446,3.35324641323625,3.3661186695098877,935130.0,0.0,0.0
1985-07-18,3.3661174287521822,3.4047345587983244,3.3532451772232825,3.3854258060455322,391485.0,0.0,0.0
1985-07-19,3.3854258060455322,3.3982984330338746,3.3468090514588327,3.3854258060455322,551291.0,0.0,0.0
1985-07-22,3.3854261111019737,3.3854261111019737,3.301756093165283,3.3210644721984863,451890.0,0.0,0.0
1985-07-23,3.32106410310501,3.3403728554517707,3.2245214677495113,3.237394094467163,534469.0,0.0,0.0
1985-07-24,3.2245227019353444,3.2245227019353444,3.1730333017354764,3.185905933380127,966479.0,0.0,0.0
1985-07-25,3.1794695199854055,3.1794695199854055,3.1472885069508334,3.1665968894958496,584169.0,0.0,0.0
1985-07-26,3.166595514538332,3.166595514538332,3.121542453765869,3.121542453765869,977948.0,0.0,0.0
1985-07-29,3.121543461357927,3.121543461357927,3.0636179447174072,3.0636179447174072,1816736.0,0.0,0.0
1985-07-30,3.063618734887448,3.102235693364649,2.986384630203247,2.986384630203247,1609524.0,0.0,0.0
1985-07-31,3.0121292031286733,3.0829269886016846,3.0121292031286733,3.0829269886016846,2729692.0,0.0,0.0
1985-08-01,3.0829269886016846,3.095799432697554,3.037873903590621,3.0829269886016846,1110228.0,0.0,0.0
1985-08-02,3.0764896869659424,3.0764896869659424,3.0378727448674177,3.0764896869659424,1202747.0,0.0,0.0
1985-08-05,3.076489941567369,3.076489941567369,3.0443091225337864,3.0507452487945557,489356.0,0.0,0.0
1985-08-06,3.0507450083188994,3.063617447555501,3.025000317575417,3.0314364433288574,1533062.0,0.0,0.0
1985-08-07,3.0314366822825116,3.057181375055325,2.999255863248929,3.0507452487945557,1002416.0,0.0,0.0
1985-08-08,3.0700544661748226,3.1472885608673096,3.0700544661748226,3.1472885608673096,816614.0,0.0,0.0
1985-08-09,3.1472876048865115,3.1537237305568175,3.115106788805262,3.127979040145874,453419.0,0.0,0.0
1985-08-12,3.1279790401458745,3.1472876048865115,3.108670475405237,3.127979040145874,328022.0,0.0,0.0
1985-08-13,3.1279795348758626,3.140851975982135,3.0764901459102707,3.1022348403930664,248501.0,0.0,0.0
1985-08-14,3.1022343776081995,3.1022343776081995,3.0636174355096744,3.0764896869659424,232444.0,0.0,0.0
1985-08-15,3.0764897031851612,3.0829258289472268,3.0443088866451133,3.0700535774230957,148336.0,0.0,0.0
1985-08-16,3.070054090040834,3.0893626582807707,3.037873268127441,3.0378732681274414,315788.0,0.0,0.0
1985-08-19,3.0378727608830483,3.0764897031851612,3.0250003216291965,3.0700535774230957,445009.0,0.0,0.0
1985-08-20,3.0700542902269796,3.10867124149516,3.0571818479844097,3.089362859725952,409836.0,0.0,0.0
1985-08-21,3.0893633045145155,3.095799432697554,3.070054732235607,3.0829269886016846,178921.0,0.0,0.0
1985-08-22,3.0764901994008707,3.0764901994008707,3.005692241409788,3.044309377670288,491650.0,0.0,0.0
1985-08-23,3.044309394964169,3.044309394964169,3.0121285730507763,3.0378732681274414,193449.0,0.0,0.0
1985-08-26,3.0250013100605275,3.0250013100605275,2.9863843551401694,2.9992566108703613,445773.0,0.0,0.0
1985-08-27,2.999255626831935,3.0314364433288574,2.986383375325054,3.0314364433288574,288262.0,0.0,0.0
1985-08-28,3.018565182195432,3.018565182195432,2.992820483005265,2.9992566108703613,332609.0,0.0,0.0
1985-08-29,2.9928205615861585,2.9928205615861585,2.9477672898879823,2.9542036056518555,1147694.0,0.0,0.0
1985-08-30,2.9542023661862675,2.9863831805846974,2.9542023661862675,2.9735107421875,954245.0,0.0,0.0
1985-09-03,2.9735110117894634,2.979947325436483,2.9413301944732666,2.9413301944732666,579582.0,0.0,0.0
1985-09-04,2.9413287529331917,2.96063730895171,2.922020196914673,2.922020196914673,1058998.0,0.0,0.0
1985-09-05,2.922020196914673,2.9284565074072684,2.8962755181331925,2.922020196914673,1910020.0,0.0,0.0
1985-09-06,2.922020196914673,2.947764875696153,2.915584074151711,2.922020196914673,1978071.0,0.0,0.0
1985-09-09,2.9411972292626407,2.9930245081981517,2.928240504009609,2.9735894203186035,1472657.0,0.04839,0.0
1985-09-10,2.9735877512905233,2.9995013762133684,2.9671092033386235,2.967109203338623,240855.0,0.0,0.0
1985-09-11,2.967111403268108,2.980068319817075,2.9541546756808663,2.9606330394744873,439656.0,0.0,0.0
1985-09-12,2.9606322990538096,2.9930242988827658,2.928240299224853,2.9282402992248535,1489479.0,0.0,0.0
1985-09-13,2.934720159694315,2.980069095984368,2.934720159694315,2.954155445098877,659867.0,0.0,0.0
1985-09-16,2.9541546756808663,2.9930250474043167,2.9541546756808663,2.9606330394744873,939717.0,0.0,0.0
1985-09-17,2.960633192618625,2.960633192618625,2.882892256188708,2.902327537536621,1523887.0,0.0,0.0
1985-09-18,2.9023273532039666,2.9023273532039666,2.856978429259616,2.8958489894866943,595639.0,0.0,0.0
1985-09-19,2.902328134757808,2.9541554363757525,2.902328134757808,2.9217634201049805,911426.0,0.0,0.0
1985-09-20,2.9217627478968176,2.9476763927438534,2.876413822174072,2.8764138221740723,922896.0,0.0,0.0
1985-09-23,2.8764134766320204,2.902327118366064,2.8634565612841447,2.8893702030181885,821201.0,0.0,0.0
1985-09-24,2.8893697536304357,2.8893697536304357,2.850499391555786,2.850499391555786,529881.0,0.0,0.0
1985-09-25,2.8505002206701326,2.863456948809798,2.779237649016773,2.8310649394989014,2491895.0,0.0,0.0
1985-09-26,2.8245880603790283,2.8245880603790283,2.7533254512612997,2.8245880603790283,1150752.0,0.0,0.0
1985-09-30,2.824585753852127,2.850499391555786,2.7857153917774777,2.850499391555786,522235.0,0.0,0.0
1985-10-01,2.850499444229646,2.8634561688400617,2.8181074437419262,2.8440210819244385,633105.0,0.0,0.0
1985-10-02,2.8440222689517722,2.8764142829591495,2.8051517009735107,2.8051517009735107,440421.0,0.0,0.0
1985-10-03,2.8051510395680643,2.824586318974697,2.798672676086426,2.798672676086426,763855.0,0.0,0.0
1985-10-04,2.7986735673905834,2.8181088529868448,2.792195201845755,2.8116304874420166,579582.0,0.0,0.0
1985-10-07,2.8116295920114194,2.8116295920114194,2.7662806697165156,2.798672676086426,904545.0,0.0,0.0
1985-10-08,2.798673195362034,2.798673195362034,2.73388917060196,2.75980281829834,958068.0,0.0,0.0
1985-10-09,2.7598031304031867,2.8181087970733643,2.733889479776244,2.8181087970733643,1283796.0,0.0,0.0
1985-10-10,2.837543108511809,2.902327118366064,2.837543108511809,2.8893702030181885,1310558.0,0.0,0.0
1985-10-11,2.8893706203174343,2.915284265794073,2.8440218824546175,2.902327537536621,730212.0,0.0,0.0
1985-10-14,2.9088056408749976,2.9800682067871094,2.9088056408749976,2.9800682067871094,309671.0,0.0,0.0
1985-10-15,2.9800672264933628,3.0318944957514495,2.928239957235276,2.9411966800689697,796734.0,0.0,0.0
1985-10-16,2.941197867218365,2.947676420211792,2.88937057704134,2.947676420211792,1188219.0,0.0,0.0
1985-10-17,2.954155445098877,2.9865474614652974,2.954155445098877,2.954155445098877,704979.0,0.0,0.0
1985-10-18,2.9541549596393772,2.967111688472042,2.9152843952178955,2.9152843952178955,745504.0,0.0,0.0
1985-10-21,2.9217627751232795,2.9735900653003045,2.9217627751232795,2.947676420211792,320376.0,0.0,0.0
1985-10-22,2.9476752304474725,2.9800672264933628,2.928239957235276,2.9411966800689697,565054.0,0.0,0.0
1985-10-23,2.9411966800689697,2.954153591864319,2.9217615958184293,2.9411966800689697,423599.0,0.0,0.0
1985-10-24,2.9411967319687853,2.95415364399277,2.9282400089064593,2.934718370437622,435069.0,0.0,0.0
1985-10-25,2.9347186613983087,2.9411970235717644,2.9023266615693526,2.9282402992248535,257677.0,0.0,0.0
1985-10-28,2.928241313012304,2.9347196774286366,2.9023276663852307,2.9152843952178955,557408.0,0.0,0.0
1985-10-29,2.9023275219744042,2.9023275219744042,2.8634569594870016,2.8699355125427246,1168339.0,0.0,0.0
1985-10-30,2.869935166759948,2.902327172288892,2.869935166759948,2.882891893386841,1718865.0,0.0,0.0
1985-10-31,2.8828915789952174,2.8828915789952174,2.831064300216208,2.856977939605713,788323.0,0.0,0.0
1985-11-01,2.856977939605713,2.8699348537813107,2.8375428517848524,2.856977939605713,821201.0,0.0,0.0
1985-11-04,2.8569785847399656,2.8764138659111973,2.8245865754290684,2.8310649394989014,1022296.0,0.0,0.0
1985-11-05,2.8310649394989014,2.8505002206701326,2.818108211359236,2.8310649394989014,1177514.0,0.0,0.0
1985-11-06,2.831064116037622,2.8634561159267764,2.831064116037622,2.850499391555786,5090072.0,0.0,0.0
1985-11-07,2.850499391555786,2.850499391555786,2.8116290294811366,2.850499391555786,984065.0,0.0,0.0
1985-11-08,2.850500177327036,2.876413822174072,2.850500177327036,2.8764138221740723,972596.0,0.0,0.0
1985-11-11,2.876412687977189,2.9411966800689697,2.8634557761818393,2.9411966800689697,2598177.0,0.0,0.0
1985-11-12,2.954155347056944,3.070766677690692,2.954155347056944,3.038374662399292,1681398.0,0.0,0.0
1985-11-13,3.0383745456988533,3.083723478742075,3.0318961806817537,3.057809829711914,1149988.0,0.0,0.0
1985-11-14,3.070766166002763,3.1355503747522087,3.070766166002763,3.116115093231201,1256270.0,0.0,0.0
1985-11-15,3.1161161035610565,3.122594469847943,3.0837240831648254,3.10963773727417,711861.0,0.0,0.0
1985-11-18,3.1096367034088446,3.1290717958078917,3.0059821214336515,3.0448524951934814,875489.0,0.0,0.0
1985-11-19,3.0448523700241075,3.077244378319334,3.005981997862181,3.0254170894622803,1206570.0,0.0,0.0
1985-11-20,3.012460046920777,3.012460046920777,2.9671111266694763,3.005981683731079,535234.0,0.0,0.0
1985-11-21,3.0059826471078916,3.0513313929311447,2.9930257276142704,3.038374662399292,1502477.0,0.0,0.0
1985-11-22,3.0383733087697107,3.064286947250366,3.0383733087697107,3.064286947250366,1225685.0,0.0,0.0
1985-11-25,3.064288194729014,3.077244924763214,3.0318961806817537,3.057809829711914,944305.0,0.0,0.0
1985-11-26,3.057808800987201,3.083722441299354,3.0189382460381236,3.031895160675049,772266.0,0.0,0.0
1985-11-27,3.0318962971333656,3.0448530276652184,3.012461012373818,3.038374662399292,566583.0,0.0,0.0
1985-11-29,3.0383736886412764,3.077244056741171,3.005981683731079,3.005981683731079,553585.0,0.0,0.0
1985-12-02,3.00598174164052,3.025416831584025,2.9606328205155843,2.9930248260498047,1085760.0,0.0,0.0
1985-12-03,2.9930258269462264,3.0059827468698592,2.954155445098877,2.954155445098877,2086647.0,0.0,0.0
1985-12-04,2.967110526562759,3.018937799521541,2.967110526562759,2.9865458011627197,2540831.0,0.0,0.0
1985-12-05,2.986546405200278,3.0254167733001727,2.98006804201058,3.005981683731079,1901609.0,0.0,0.0
1985-12-06,2.9995013762133684,2.9995013762133684,2.9671092033386235,2.967109203338623,2003303.0,0.0,0.0
1985-12-09,2.9890399248579014,3.021671517205958,2.9629347651944076,3.0020925998687744,4044073.0,0.05493,0.0
1985-12-10,3.0020925998687744,3.028197759532268,2.9890399248579014,3.0020925998687744,1715042.0,0.0,0.0
1985-12-11,3.015145075197862,3.0999867962523036,3.015145075197862,3.0673553943634033,3629649.0,0.0,0.0
1985-12-12,3.067356811319716,3.1326198356038275,3.0543043206778977,3.073883056640625,1844262.0,0.0,0.0
1985-12-13,3.073881169032468,3.1456703945531794,3.0673549277191916,3.126091480255127,3604416.0,0.0,0.0
1985-12-16,3.1260919895483474,3.1978812267647387,3.106513262418812,3.165249824523926,3990549.0,0.0,0.0
1985-12-17,3.1652509946031304,3.1848299193285428,3.1391458250886894,3.152198314666748,1276915.0,0.0,0.0
1985-12-18,3.1521971494126486,3.184828742011715,3.145670907036137,3.165249824523926,2243394.0,0.0,0.0
1985-12-19,3.1652503030318915,3.2631445245535278,3.1521976259473705,3.1913554668426514,2507187.0,0.0,0.0
1985-12-20,3.210934400588597,3.2631447315216064,3.210934400588597,3.2631447315216064,1517005.0,0.0,0.0
1985-12-23,3.256615657752968,3.256615657752968,3.223984467224136,3.237036943435669,1213451.0,0.0,0.0
1985-12-24,3.237039756383026,3.256618487714,3.197881913004489,3.2109344005584717,551291.0,0.0,0.0
1985-12-26,3.2109316102963446,3.2631418958587344,3.191352895979045,3.237036943435669,958068.0,0.0,0.0
1985-12-27,3.237039756383026,3.2631447314909914,3.2109344005584717,3.2109344005584717,2241864.0,0.0,0.0
1985-12-30,3.2109328101915477,3.2305119125416306,3.1978803291024263,3.2239856719970703,781441.0,0.0,0.0
1985-12-31,3.2239865719530316,3.243565299051995,3.1978812217712402,3.1978812217712402,1293736.0,0.0,0.0
1986-01-02,3.197882644736165,3.197882644736165,3.1587249827559623,3.1783037185668945,863255.0,0.0,0.0
1986-01-03,3.1783046923882954,3.230515241622925,3.1521995129501788,3.230515241622925,594109.0,0.0,0.0
1986-01-06,3.2305119125416306,3.2305119125416306,3.204406569646987,3.2239856719970703,811261.0,0.0,0.0
1986-01-07,3.230513337140711,3.2827236652374268,3.230513337140711,3.2827236652374268,1099523.0,0.0,0.0
1986-01-08,3.282722873351221,3.2892491151994236,3.139144410541323,3.1456706523895264,1007004.0,0.0,0.0
1986-01-09,3.145670652389526,3.1848284841952212,3.1195654946384757,3.1456706523895264,1564412.0,0.0,0.0
1986-01-10,3.1521966649736712,3.178301820826054,3.1521966649736712,3.1717755794525146,949657.0,0.0,0.0
1986-01-13,3.171775335981465,3.171775335981465,3.0934598744359487,3.1065125465393066,1073526.0,0.0,0.0
1986-01-14,3.1195654946384757,3.1717758101405766,3.1195654946384757,3.1456706523895264,922131.0,0.0,0.0
1986-01-15,3.145670652389526,3.1587233264441705,3.1195654946384757,3.1456706523895264,1742568.0,0.0,0.0
1986-01-16,3.145670907036137,3.1652498245239262,3.139144664659625,3.165249824523926,1314381.0,0.0,0.0
1986-01-17,3.1652493088512323,3.171775550164509,3.0999863246437975,3.126091480255127,1280738.0,0.0,0.0
1986-01-20,3.1260931798273255,3.158724784851074,3.113040690104487,3.158724784851074,542880.0,0.0,0.0
1986-01-21,3.1587233264441705,3.1717758101405766,3.1065130109420696,3.1456706523895264,738622.0,0.0,0.0
1986-01-22,3.145671363995114,3.145671363995114,3.093461036682129,3.093461036682129,1135460.0,0.0,0.0
1986-01-23,3.0934610516697476,3.1456713792356887,3.0934610516697476,3.1391451358795166,883136.0,0.0,0.0
1986-01-24,3.1391451358795166,3.152197622591861,3.119566215452718,3.1391451358795166,356313.0,0.0,0.0
1986-01-27,3.139145386409369,3.15219787416341,3.11956646442001,3.1326191425323486,782970.0,0.0,0.0
1986-01-28,3.1326191425323486,3.139145386409369,3.1130402205429895,3.1326191425323486,499297.0,0.0,0.0
1986-01-29,3.1326179119266264,3.1652493088512323,3.126091480255127,3.126091480255127,1286855.0,0.0,0.0
1986-01-30,3.132619615047071,3.1717772745739126,3.132619615047071,3.158724784851074,805144.0,0.0,0.0
1986-01-31,3.1587249827559623,3.2044088900064756,3.1456723018570028,3.1783037185668945,1019238.0,0.0,0.0
1986-02-03,3.191355914668695,3.276197471011176,3.191355914668695,3.2566187381744385,1050587.0,0.0,0.0
1986-02-04,3.2566183108307842,3.328407369195055,3.2370395805632293,3.2827236652374268,1687515.0,0.0,0.0
1986-02-05,3.2827214305634773,3.3023001475030513,3.2370373769881615,3.2761948108673096,757738.0,0.0,0.0
1986-02-06,3.276194855861965,3.3218789100646977,3.276194855861965,3.3218789100646973,754679.0,0.0,0.0
1986-02-07,3.321880395806194,3.354511986464728,3.2239863852635615,3.3479857444763184,971831.0,0.0,0.0
1986-02-10,3.3479871037679514,3.432828664779663,3.3479871037679514,3.432828664779663,945834.0,0.0,0.0
1986-02-11,3.4328277333083257,3.4719855712282826,3.419775247573852,3.4197752475738525,1566705.0,0.0,0.0
1986-02-12,3.4197748256720066,3.4654589008230996,3.4067223415478343,3.445880174636841,1552942.0,0.0,0.0
1986-02-13,3.4393539761755627,3.4393539761755627,3.3871440332376683,3.4197752475738525,1114815.0,0.0,0.0
1986-02-14,3.432827309796179,3.452406416698927,3.432827309796179,3.445880174636841,1354141.0,0.0,0.0
1986-02-18,3.452408768768279,3.5241978610764453,3.452408768768279,3.5046191215515137,1579704.0,0.0,0.0
1986-02-19,3.5046164035165517,3.5046164035165517,3.426300744721699,3.4393532276153564,1213451.0,0.0,0.0
1986-02-20,3.4393549409373474,3.4654603004455566,3.393671228052107,3.4654603004455566,1328909.0,0.0,0.0
1986-02-21,3.4719855925142173,3.576406240463257,3.4719855925142173,3.576406240463257,1929900.0,0.0,0.0
1986-02-24,3.5764060343407795,3.6286163553062116,3.550301064216322,3.5568273067474365,863255.0,0.0,0.0
1986-02-25,3.569880723953247,3.602511945129267,3.569880723953247,3.569880723953247,1017709.0,0.0,0.0
1986-02-26,3.576403367641982,3.622087412012584,3.576403367641982,3.5894558429718018,1328909.0,0.0,0.0
1986-02-27,3.5894596950748507,3.6677753925323486,3.5894596950748507,3.6677753925323486,1791504.0,0.0,0.0
1986-02-28,3.667773192831695,3.7591409441132653,3.6612469520770405,3.706930637359619,1658460.0,0.0,0.0
1986-03-03,3.7069301291551606,3.71998298959139,3.654719829559326,3.654719829559326,1017709.0,0.0,0.0
1986-03-04,3.654721565655402,3.700405647092533,3.6025112412581874,3.6155641078948975,1220333.0,0.0,0.0
1986-03-05,3.6090392378742155,3.6090392378742155,3.5176710402419507,3.5959863662719727,879312.0,0.0,0.0
1986-03-06,3.595984761934123,3.622090112775097,3.550301064216322,3.5568273067474365,445009.0,0.0,0.0
1986-03-07,3.5698804853886177,3.641669547895025,3.5698804853886177,3.6220908164978027,1440543.0,0.0,0.0
1986-03-10,3.6441522720172546,3.6769822414644735,3.5719259561979113,3.6572842597961426,759267.0,0.05493,0.0
1986-03-11,3.6572837628873516,3.74264243792351,3.6572837628873516,3.7295100688934326,1828205.0,0.0,0.0
1986-03-12,3.7360753889950797,3.834565639154088,3.7360753889950797,3.7623393535614014,1467305.0,0.0,0.0
1986-03-13,3.7623393535614014,3.8083016745877663,3.7426413801366603,3.7623393535614014,1511653.0,0.0,0.0
1986-03-14,3.768906515126371,3.887095158448575,3.768906515126371,3.8805291652679443,1896256.0,0.0,0.0
1986-03-17,3.8805303201262586,3.8805303201262586,3.7754736319001085,3.8280019760131836,720272.0,0.0,0.0
1986-03-18,3.828000435148231,3.828000435148231,3.7689061196873883,3.814868450164795,1142342.0,0.0,0.0
1986-03-19,3.814869573904182,3.814869573904182,3.755775241036026,3.788605213165283,967244.0,0.0,0.0
1986-03-20,3.788605906635806,3.814870272182163,3.729511562950958,3.7557759284973145,1146165.0,0.0,0.0
1986-03-21,3.755775099002995,3.841133406346541,3.6769824028015137,3.6769824028015137,1678340.0,0.0,0.0
1986-03-24,3.703247046076362,3.8017377323511496,3.703247046076362,3.7951717376708984,988653.0,0.0,0.0
1986-03-25,3.7951712979527086,3.821435273630703,3.76890693923925,3.782038927078247,462595.0,0.0,0.0
1986-03-26,3.7820399110081078,3.8083042765544644,3.742643937241918,3.7557759284973145,889253.0,0.0,0.0
1986-03-27,3.782038322527984,3.9133593290329833,3.782038322527984,3.8870949745178223,1773153.0,0.0,0.0
1986-03-31,3.8608315301911764,3.9067938695917968,3.8608315301911764,3.8936614990234375,755444.0,0.0,0.0
1986-04-01,3.8870955958611537,3.8936615897806526,3.7754729331587487,3.782038927078247,847198.0,0.0,0.0
1986-04-02,3.7820393652748874,3.8017377323511496,3.7098130407566132,3.7951717376708984,838788.0,0.0,0.0
1986-04-03,3.7951714083972012,3.834567373060668,3.6769823653003764,3.690114736557007,1023061.0,0.0,0.0
1986-04-04,3.6901159757809285,3.7163799610432764,3.545662907731204,3.598191261291504,916779.0,0.0,0.0
1986-04-07,3.5981897721659837,3.6507181039872187,3.5916237785677603,3.6375861167907715,768443.0,0.0,0.0
1986-04-08,3.663849631909862,3.8345665931701656,3.663849631909862,3.834566593170166,873960.0,0.0,0.0
1986-04-09,3.834565776338976,3.9133584389274203,3.834565776338976,3.867396116256714,1637050.0,0.0,0.0
1986-04-10,3.8673958494518907,3.952754497528076,3.854263867604874,3.952754497528076,1054410.0,0.0,0.0
1986-04-11,3.952757746871943,3.985587728477199,3.860833032306018,3.87396502494812,1084230.0,0.0,0.0
1986-04-14,3.873962988777943,3.9461892933826817,3.873962988777943,3.8870949745178223,670571.0,0.0,0.0
1986-04-15,3.89366078645769,3.9461891100117312,3.89366078645769,3.9396231174468994,1289913.0,0.0,0.0
1986-04-16,3.9396235172037377,4.01841620204765,3.9133595442793827,4.005283832550049,1211922.0,0.0,0.0
1986-04-17,3.99215306285236,3.99215306285236,3.9396247179581625,3.9790210723876953,925190.0,0.0,0.0
1986-04-18,3.9658864793750928,3.9658864793750928,3.926490150798754,3.952754497528076,529881.0,0.0,0.0
1986-04-21,3.952756192163611,4.051246481276528,3.9133598466971726,4.031548500061035,1570529.0,0.0,0.0
1986-04-22,4.031547966762702,4.070944307017742,3.834566648522903,3.8870949745178223,1082701.0,0.0,0.0
1986-04-23,3.8870963152609512,3.900228688565871,3.8148699857437984,3.8280019760131836,772266.0,0.0,0.0
1986-04-24,3.8411343097686768,3.8739646714134666,3.8411343097686768,3.8411343097686768,447302.0,0.0,0.0
1986-04-25,3.841133741233047,3.8477001190185542,3.749209431697602,3.8477001190185547,812791.0,0.0,0.0
1986-04-28,3.8477009938632336,3.965889692306518,3.8477009938632336,3.9658896923065186,2884145.0,0.0,0.0
1986-04-29,3.9658864793750928,3.9658864793750928,3.900226187104721,3.952754497528076,815084.0,0.0,0.0
1986-04-30,3.9527556889702598,3.9658876747755283,3.8345666676166323,3.8608310222625732,761561.0,0.0,0.0
1986-05-01,3.8608301137582464,3.8739620964733854,3.7820374513967825,3.8214337825775146,1726511.0,0.0,0.0
1986-05-02,3.821433782577514,3.8608301137582464,3.788603442754352,3.8214337825775146,2039240.0,0.0,0.0
1986-05-05,3.8214346076198495,3.8345665931701656,3.7951706365192166,3.834566593170166,698862.0,0.0,0.0
1986-05-06,3.8345657652926537,3.8608301137582464,3.7820374513967825,3.8214337825775146,734799.0,0.0,0.0
1986-05-07,3.8214362822262617,3.8542666435241695,3.7820399252758854,3.85426664352417,1384726.0,0.0,0.0
1986-05-08,3.854266396902305,3.99215306285236,3.8411340234021005,3.9790210723876953,2719752.0,0.0,0.0
1986-05-09,3.9790210723876958,4.018417426817228,3.9133607370288344,3.9790210723876953,2797743.0,0.0,0.0
1986-05-12,3.9790201671176013,4.031548500061035,3.952756192163611,4.031548500061035,577288.0,0.0,0.0
1986-05-13,4.031548816655181,4.04468080516342,3.94619012528066,4.011850833892822,1312852.0,0.0,0.0
1986-05-14,4.01185092019139,4.123473590983495,4.005284542760538,4.116907596588135,772266.0,0.0,0.0
1986-05-15,4.116906912252788,4.22852956449035,4.110340535913436,4.195699214935303,1560588.0,0.0,0.0
1986-05-16,4.195698793122787,4.208830778410417,4.077510159463338,4.202264785766602,1184396.0,0.0,0.0
1986-05-19,4.176002197233222,4.176002197233222,4.143171840113598,4.14973783493042,701156.0,0.0,0.0
1986-05-20,4.149736461580693,4.202264785766602,4.1103401226824126,4.202264785766602,1187454.0,0.0,0.0
1986-05-21,4.202262786128038,4.294187405470076,4.202262786128038,4.235093116760254,876254.0,0.0,0.0
1986-05-22,4.235094665961274,4.359849278535657,4.221962299083433,4.294188976287842,1939840.0,0.0,0.0
1986-05-23,4.2941926908501244,4.3598530498954595,4.2547963222086524,4.281060695648193,1604172.0,0.0,0.0
1986-05-27,4.281059736009212,4.458342780602692,4.281059736009212,4.4386444091796875,874725.0,0.0,0.0
1986-05-28,4.478038623546825,4.543698936415713,4.478038623546825,4.504302978515625,2410845.0,0.0,0.0
1986-05-29,4.504305464822975,4.530569451253684,4.451777108925938,4.51743745803833,1426780.0,0.0,0.0
1986-05-30,4.510871132671381,4.510871132671381,4.425512416921413,4.4386444091796875,742446.0,0.0,0.0
1986-06-02,4.438642283596131,4.46490663857076,4.307321657829219,4.320453643798828,1299853.0,0.0,0.0
1986-06-03,4.327019582587183,4.412378256391334,4.327019582587183,4.4058122634887695,912956.0,0.0,0.0
1986-06-04,4.405811945077734,4.405811945077734,4.294189307730368,4.333585262298584,846434.0,0.0,0.0
1986-06-05,4.333584738629218,4.372981071472168,4.333584738629218,4.372981071472168,413659.0,0.0,0.0
1986-06-06,4.372982448016658,4.386114435419603,4.313888121667956,4.3664164543151855,868608.0,0.0,0.0
1986-06-09,4.375394274707333,4.375394274707333,4.296201405628184,4.302801132202148,1133931.0,0.05493,0.0
1986-06-10,4.302797498005465,4.375390579197624,4.289598440986468,4.315996170043945,803615.0,0.0,0.0
1986-06-11,4.315997002789062,4.401788772572696,4.296198605930845,4.3423943519592285,986359.0,0.0,0.0
1986-06-12,4.342395608335471,4.342395608335471,4.283001170537534,4.329196929931641,476358.0,0.0,0.0
1986-06-13,4.342394263607309,4.428186416625977,4.342394263607309,4.428186416625977,600991.0,0.0,0.0
1986-06-16,4.428188364119734,4.447986384301606,4.401790618896484,4.401790618896484,597932.0,0.0,0.0
1986-06-17,4.388590973213981,4.388590973213981,4.329196540755351,4.335795879364014,843375.0,0.0,0.0
1986-06-18,4.342394146247296,4.454583644866943,4.342394146247296,4.454583644866943,1072761.0,0.0,0.0
1986-06-19,4.454584826335737,4.513979259888426,4.4413861488752895,4.5007805824279785,1255505.0,0.0,0.0
1986-06-20,4.500780180717212,4.599771022796631,4.408388676779001,4.599771022796631,1046764.0,0.0,0.0
1986-06-23,4.566774970689948,4.566774970689948,4.467784491403809,4.47438383102417,764620.0,0.0,0.0
1986-06-24,4.474385291667553,4.579975530024247,4.467785949892867,4.513981342315674,792910.0,0.0,0.0
1986-06-25,4.513978604137882,4.5601743535192165,4.487581253051758,4.487581253051758,873960.0,0.0,0.0
1986-06-26,4.487580714747076,4.5007793887069,4.4083879010269875,4.454583644866943,994770.0,0.0,0.0
1986-06-27,4.454585116669645,4.480982858291726,4.42158842086792,4.42158842086792,825789.0,0.0,0.0
1986-06-30,4.421590172489206,4.520581069071214,4.41499083071452,4.513981342315674,451126.0,0.0,0.0
1986-07-01,4.434786222316854,4.520578384399414,4.434786222316854,4.520578384399414,1037589.0,0.0,0.0
1986-07-02,4.520578326890031,4.520578326890031,4.441385503670423,4.487581253051758,753150.0,0.0,0.0
1986-07-03,4.487583682517248,4.52718011556357,4.447987249470925,4.461185932159424,493180.0,0.0,0.0
1986-07-07,4.461183509077874,4.474382569578161,4.236804485321045,4.236804485321045,1227979.0,0.0,0.0
1986-07-08,4.210408775980806,4.210408775980806,4.111417901024089,4.15101432800293,1318204.0,0.0,0.0
1986-07-09,4.170812349001966,4.18401102966799,4.1246165816901135,4.15101432800293,1086524.0,0.0,0.0
1986-07-10,4.164211837822565,4.170811176300049,4.085019391112097,4.170811176300049,1037589.0,0.0,0.0
1986-07-11,4.1774122547885115,4.190610937241106,4.151014889883323,4.157614231109619,578052.0,0.0,0.0
1986-07-14,4.164211527860972,4.164211527860972,3.986028247289932,4.0256242752075195,976419.0,0.0,0.0
1986-07-15,4.025624868346889,4.038823931244812,3.8804386412959286,3.9332337379455566,2062943.0,0.0,0.0
1986-07-16,3.986028834595184,4.012426190429654,3.933233737945556,3.9332337379455566,1461953.0,0.0,0.0
1986-07-17,3.90683463501751,3.9332323666291327,3.8936359617019756,3.9200336933135986,2242629.0,0.0,0.0
1986-07-18,3.9200335011474463,3.9200335011474463,3.814443349838257,3.814443349838257,924425.0,0.0,0.0
1986-07-21,3.8540409004807703,3.939833076904174,3.8012458038311423,3.9332337379455566,1219568.0,0.0,0.0
1986-07-22,3.946431630745263,4.091618213892962,3.933232955453821,4.038823127746582,621636.0,0.0,0.0
1986-07-23,4.223605155944824,4.3159966402406065,4.071819256024771,4.223605155944824,1167574.0,0.0,0.0
1986-07-24,4.223607630971305,4.28960142200601,4.118017411323464,4.164213180541992,1559824.0,0.0,0.0
1986-07-25,4.170810372032825,4.223605454652756,4.13121396382273,4.21040678024292,220975.0,0.0,0.0
1986-07-28,4.217004838949141,4.217004838949141,4.071818309516393,4.1312127113342285,600991.0,0.0,0.0
1986-07-29,4.1246133761300765,4.1312127113342285,4.104815370517621,4.1312127113342285,1757860.0,0.0,0.0
1986-07-30,4.131216092534248,4.1708125211473845,4.111418070718072,4.164213180541992,968008.0,0.0,0.0
1986-07-31,4.170811438431903,4.210407856766067,4.170811438431903,4.190609455108643,909133.0,0.0,0.0
1986-08-01,4.197208105724787,4.197208105724787,4.091617940487649,4.118015289306641,591816.0,0.0,0.0
1986-08-04,4.091617940487649,4.131213963716136,4.005825786864754,4.118015289306641,869372.0,0.0,0.0
1986-08-05,4.131214566912716,4.131214566912716,4.065220800248934,4.091618537902832,552820.0,0.0,0.0
1986-08-06,4.091618213892962,4.091618213892962,4.025624067474528,4.038823127746582,705744.0,0.0,0.0
1986-08-07,4.025623439758982,4.058620507822965,3.9860274200588632,3.9992260932922363,561231.0,0.0,0.0
1986-08-08,4.012426178105433,4.038823918839511,3.9332337258645764,3.9794294834136963,883136.0,0.0,0.0
1986-08-11,3.9926274667131416,4.07181990517729,3.9860281289228476,4.045422554016113,1237919.0,0.0,0.0
1986-08-12,4.058620869483323,4.118015289306641,4.052021532278576,4.118015289306641,1228744.0,0.0,0.0
1986-08-13,4.144415328700799,4.223607804194211,4.1048188984636935,4.177412033081055,2170755.0,0.0,0.0
1986-08-14,4.197208915190645,4.210407592145613,4.151013160867597,4.170811176300049,426658.0,0.0,0.0
1986-08-15,4.157612499345081,4.177410514777534,4.118016083499517,4.170811176300049,826554.0,0.0,0.0
1986-08-18,4.170811426343003,4.170811426343003,4.104817652631132,4.124615669250488,567348.0,0.0,0.0
1986-08-19,4.131215311622397,4.131215311622397,4.085019936116833,4.111417293548584,711096.0,0.0,0.0
1986-08-20,4.111416552407774,4.111416552407774,4.071820138417248,4.091618537902832,921367.0,0.0,0.0
1986-08-21,4.091621534100683,4.104820220102397,4.038826405112903,4.0718231201171875,1069703.0,0.0,0.0
1986-08-22,4.071819870792046,4.085018931241793,4.0388231821192235,4.078419208526611,308142.0,0.0,0.0
1986-08-25,4.0784185176730245,4.0784185176730245,3.9860274200588632,3.9992260932922363,606343.0,0.0,0.0
1986-08-26,3.999227033585152,4.091618537902832,3.999227033585152,4.091618537902832,895369.0,0.0,0.0
1986-08-27,4.118015801763234,4.131214477815208,4.065220712574707,4.085019111633301,939717.0,0.0,0.0
1986-08-28,4.091618268976357,4.124614957649181,4.058621195322917,4.078419208526611,774560.0,0.0,0.0
1986-08-29,4.07842094442306,4.091620010490718,4.032225560618987,4.065222263336182,1629404.0,0.0,0.0
1986-09-02,4.0916174298790144,4.104816102641397,4.038822353848945,4.052021026611328,1218804.0,0.0,0.0
1986-09-03,4.012425599234991,4.0256242752075195,3.9068354214934935,4.0256242752075195,1351083.0,0.0,0.0
1986-09-04,4.0256242752075195,4.05202201213321,3.9662298483505065,4.0256242752075195,1257799.0,0.0,0.0
1986-09-05,4.025623284273525,4.025623284273525,3.959629535675049,3.959629535675049,799792.0,0.0,0.0
1986-09-08,3.975293874740601,3.975293874740601,3.9288379583761315,3.9752938747406006,1338849.0,0.05493,0.0
1986-09-09,3.981929192192458,4.021748592516006,3.9354732896730953,3.948746681213379,477123.0,0.0,0.0
1986-09-10,3.955383815834282,3.96865682234813,3.922200912400946,3.935473918914795,595639.0,0.0,0.0
1986-09-11,3.829287802901054,3.855834194137324,3.610282107731889,3.769558906555176,2897908.0,0.0,0.0
1986-09-12,3.796104968073842,3.8093779689648346,3.6102817941542953,3.716466188430786,2569122.0,0.0,0.0
1986-09-15,3.743014276947331,3.769560290783033,3.61028343347137,3.6766488552093506,2065237.0,0.0,0.0
1986-09-16,3.6766474594470018,3.6766474594470018,3.590372172936128,3.6169185638427734,1690574.0,0.0,0.0
1986-09-17,3.630195059002214,3.630195059002214,3.4908272437151404,3.537283182144165,2241100.0,0.0,0.0
1986-09-18,3.5306452555735173,3.570464670670252,3.510735741599548,3.5240087509155273,1158399.0,0.0,0.0
1986-09-19,3.524009609979406,3.5970115661621094,3.4974631977273107,3.5970115661621094,1952074.0,0.0,0.0
1986-09-22,3.5970110217170426,3.736378793860775,3.5970110217170426,3.7297422885894775,1341143.0,0.0,0.0
1986-09-23,3.7363764014455674,3.769558906555176,3.7031935091873756,3.769558906555176,946599.0,0.0,0.0
1986-09-24,3.7695619046121323,3.7894718106614858,3.743015879411516,3.74965238571167,1029178.0,0.0,0.0
1986-09-25,3.749651859264707,3.7961077839923165,3.6700134076951167,3.696559429168701,1231037.0,0.0,0.0
1986-09-26,3.650100946426392,3.683283837162422,3.616918442838928,3.6501009464263916,942011.0,0.0,0.0
1986-09-29,3.650104003517409,3.650104003517409,3.557192528507302,3.5970115661621094,696568.0,0.0,0.0
1986-09-30,3.6102835861568456,3.6832855144411365,3.5970101915289128,3.6633756160736084,1599584.0,0.0,0.0
1986-10-01,3.6899238623906916,3.769562334217584,3.6633774470157703,3.7098333835601807,1568235.0,0.0,0.0
1986-10-02,3.696557008165454,3.796105297791446,3.6899205071435324,3.769558906555176,981771.0,0.0,0.0
1986-10-03,3.782833915727412,3.8093799311832974,3.6965585911982846,3.703195095062256,1220333.0,0.0,0.0
1986-10-06,3.71646911786996,3.7695615504316247,3.689923095163555,3.7430155277252197,876254.0,0.0,0.0
1986-10-07,3.756288892011824,3.762925398311978,3.723106360511054,3.74965238571167,583405.0,0.0,0.0
1986-10-08,3.756288095942577,3.8691094534327757,3.7363785812615338,3.8226535320281982,967244.0,0.0,0.0
1986-10-09,3.809378299835289,3.8359246910715594,3.743012902467489,3.769558906555176,1491008.0,0.0,0.0
1986-10-10,3.756286698386622,3.7961061000823975,3.7430136935375855,3.7961061000823975,978713.0,0.0,0.0
1986-10-13,3.809379226843829,3.809379226843829,3.7761967136592904,3.7894697189331055,241620.0,0.0,0.0
1986-10-14,3.78283410436464,3.849199533462524,3.776197600169728,3.8491995334625244,810497.0,0.0,0.0
1986-10-15,3.875745122911291,3.9620204422301577,3.849199109058548,3.928837537765503,1307499.0,0.0,0.0
1986-10-16,3.9354727322048566,3.968655625632159,3.8425613274758845,3.89565372467041,1577410.0,0.0,0.0
1986-10-17,3.8890180954534808,3.8890180954534808,3.8226522937175984,3.869108200073242,412130.0,0.0,0.0
1986-10-20,3.8491988557311267,3.855835358757544,3.7828334383182525,3.829288959503174,667513.0,0.0,0.0
1986-10-21,3.8425620816292865,3.855835086745771,3.789469674014677,3.835925579071045,684334.0,0.0,0.0
1986-10-22,3.8292892625664043,3.862472167473402,3.7430143292461806,3.7562873363494873,607873.0,0.0,0.0
1986-10-23,3.762923449613305,3.9553835812443427,3.7562869467499853,3.9222006797790527,2461310.0,0.0,0.0
1986-10-24,3.9022919541705856,3.908928458365497,3.8425630292676125,3.8491995334625244,1147694.0,0.0,0.0
1986-10-27,3.849199281436722,3.8890186911477898,3.849199281436722,3.8757452964782715,670571.0,0.0,0.0
1986-10-28,3.9022911711890935,3.9819295926976217,3.889018165462454,3.9222006797790527,995535.0,0.0,0.0
1986-10-29,3.92883690811623,3.9620198072628763,3.9155639033170373,3.942110300064087,597932.0,0.0,0.0
1986-10-30,4.0482939172212,4.061567306518555,3.995201908626126,4.061567306518555,1276915.0,0.0,0.0
1986-10-31,4.0482947256062936,4.061568117554151,3.942110300064087,3.942110300064087,1016944.0,0.0,0.0
1986-11-03,3.955384362219586,3.9952037744103834,3.955384362219586,3.9752938747406006,753915.0,0.0,0.0
1986-11-04,3.9819302558898926,3.9952036509759132,3.9487477360467302,3.9819302558898926,1141577.0,0.0,0.0
1986-11-05,3.9686569456933434,4.001839850157999,3.928837537765503,3.928837537765503,1284561.0,0.0,0.0
1986-11-06,3.935473918914795,3.955383815834282,3.915564409144022,3.935473918914795,727918.0,0.0,0.0
1986-11-07,3.9421105755177033,3.9421105755177033,3.882381275450443,3.9222006797790527,590286.0,0.0,0.0
1986-11-10,3.908928039815482,3.908928039815482,3.875745135245228,3.9022915363311768,669042.0,0.0,0.0
1986-11-11,3.8956536061563836,3.9155631093179175,3.875743715846264,3.889017105102539,558937.0,0.0,0.0
1986-11-12,3.902290107210228,3.902290107210228,3.8624707137385745,3.889017105102539,583405.0,0.0,0.0
1986-11-13,3.9022916986685643,3.9022916986685643,3.862472288957497,3.8757452964782715,1065115.0,0.0,0.0
1986-11-14,3.855836037657436,3.9022919541705856,3.835926525072701,3.8491995334625244,738622.0,0.0,0.0
1986-11-17,3.835925453912382,3.8624714632792063,3.835925453912382,3.8558349609375,388427.0,0.0,0.0
1986-11-18,3.855835663921749,3.902291575932053,3.7231048185912208,3.7562873363494873,1023826.0,0.0,0.0
1986-11-19,3.7430155277252197,3.7695615504316247,3.7098326121933587,3.7430155277252197,3235870.0,0.0,0.0
1986-11-20,3.7562891947477524,3.7761991024017334,3.7031967529186742,3.7761991024017334,1597290.0,0.0,0.0
1986-11-21,3.7894710075597926,3.882382463220138,3.782834502666111,3.8226535320281982,1120932.0,0.0,0.0
1986-11-24,3.882381922062894,4.021749666850443,3.8757454180942617,3.9819302558898926,1068173.0,0.0,0.0
1986-11-25,3.9952036509759132,4.008476658913178,3.9487477360467302,3.9819302558898926,1290678.0,0.0,0.0
1986-11-26,3.9819308994804317,4.041659832000732,3.9686578893978797,4.041659832000732,661396.0,0.0,0.0
1986-11-28,4.035022270539238,4.054932167599219,3.9952032507167092,4.008476257324219,613989.0,0.0,0.0
1986-12-01,4.0084752982208425,4.0350213050842285,3.9288365033334363,4.0350213050842285,828083.0,0.0,0.0
1986-12-02,4.048297131318537,4.101389569214307,4.015114599601739,4.054934024810791,1521593.0,0.0,0.0
1986-12-03,4.054932038710615,4.054932038710615,4.008476129912246,4.028385639190674,1658460.0,0.0,0.0
1986-12-04,4.0416574161468155,4.074840308667323,4.021747912923662,4.061567306518555,691216.0,0.0,0.0
1986-12-05,4.074840954004951,4.088113958255781,3.9421101371993483,3.9952025413513184,1110992.0,0.0,0.0
1986-12-08,3.97971248626709,4.026454135999686,3.94632548230667,3.97971248626709,883136.0,0.06016,0.0
1986-12-09,3.9930683924987482,4.039810056985907,3.979713742511018,3.986391067504883,830377.0,0.0,0.0
1986-12-10,3.9930661755615846,4.099904095207572,3.9797115329883077,4.079872131347656,962656.0,0.0,0.0
1986-12-11,4.079872513212008,4.079872513212008,3.9596795502131426,3.9930665493011475,1343437.0,0.0,0.0
1986-12-12,3.9930671642510656,4.013099133070927,3.912938899441638,3.919616222381592,657573.0,0.0,0.0
1986-12-15,3.912938078974858,4.033130645751953,3.879551081745709,4.033130645751953,959598.0,0.0,0.0
1986-12-16,4.059839931911353,4.099904250680351,3.966357040823556,4.033130645751953,1345730.0,0.0,0.0
1986-12-17,4.01977281273756,4.01977281273756,3.939644238786469,3.9663538932800293,1276150.0,0.0,0.0
1986-12-18,3.9663553611574973,3.993064636006094,3.9329683780670166,3.9329683780670166,833435.0,0.0,0.0
1986-12-19,3.912938078974858,4.033130645751953,3.8995830463652585,4.033130645751953,2514069.0,0.0,0.0
1986-12-22,4.019776226477536,4.019776226477536,3.9596795502131426,3.9930665493011475,1309793.0,0.0,0.0
1986-12-23,3.979710939717525,3.9930655802999744,3.8862276765807238,3.8929049968719482,1303676.0,0.0,0.0
1986-12-24,3.8929065017602955,3.953002797142686,3.8728745331428245,3.939648151397705,1171397.0,0.0,0.0
1986-12-26,3.9262910593548677,3.946323015491315,3.8995813949765363,3.9329683780670166,314259.0,0.0,0.0
1986-12-29,3.9463248323878504,3.9463248323878504,3.846164226531983,3.8461642265319824,440421.0,0.0,0.0
1986-12-30,3.8461665473885156,3.859521588549943,3.8261345699415976,3.839489221572876,815084.0,0.0,0.0
1986-12-31,3.839484833541002,3.8995810867297025,3.832807515356669,3.852839469909668,879312.0,0.0,0.0
1987-01-02,3.8661949081089113,3.9129365299135914,3.8661949081089113,3.9062588214874268,532940.0,0.0,0.0
1987-01-05,3.9663560516177334,3.979710691366797,3.932969062715271,3.953001022338867,1562118.0,0.0,0.0
1987-01-06,4.0064215660095215,4.03313124567183,3.926293306082513,4.0064215660095215,722948.0,0.0,2.0
1987-01-07,4.046484180462786,4.273514608751576,4.033129541041044,4.260159969329834,1565941.0,0.0,0.0
1987-01-08,4.246804963713039,4.2735142402534265,4.180030993302553,4.233449935913086,1398107.0,0.0,0.0
1987-01-09,4.2067421513990855,4.246806469949239,4.166677832848932,4.193387508392334,683952.0,0.0,0.0
1987-01-12,4.1933885879064,4.1933885879064,4.086550637289039,4.1666789054870605,1297559.0,0.0,0.0
1987-01-13,4.166676110229952,4.260159351688457,4.08654789578676,4.246804714202881,1437102.0,0.0,0.0
1987-01-14,4.233450438522718,4.286869387475331,4.206741158811314,4.273514747619629,1655784.0,0.0,0.0
1987-01-15,4.353643669385334,4.393707591746026,4.313579357494809,4.3402886390686035,2053386.0,0.0,0.0
1987-01-16,4.353646755218506,4.3803560557236585,4.286872724895406,4.353646755218506,1671076.0,0.0,0.0
1987-01-19,4.3803534507751465,4.3803534507751465,4.300225207380973,4.3803534507751465,1018856.0,0.0,0.0
1987-01-20,4.3803560557236585,4.3803560557236585,4.27351807464283,4.353646755218506,1115580.0,0.0,0.0
1987-01-21,4.340288336427944,4.3536433658134515,4.246805467908225,4.273514747619629,1013885.0,0.0,0.0
1987-01-22,4.220096574456923,4.3803534507751465,4.220096574456923,4.3803534507751465,1108698.0,0.0,0.0
1987-01-23,4.433771594477468,4.487190543430081,4.139967570002999,4.273514747619629,2682285.0,0.0,0.0
1987-01-26,4.2468075632150795,4.273516856104421,4.15332425904239,4.1666789054870605,821966.0,0.0,0.0
1987-01-27,4.487188919063253,4.513898189105874,4.420415354427035,4.460479259490967,1334261.0,0.0,0.0
1987-01-28,4.460479594061342,4.473834619614047,4.366996752370568,4.44712495803833,824642.0,0.0,0.0
1987-01-29,4.513899022033347,4.594027626006277,4.246804714202881,4.246804714202881,1511270.0,0.0,0.0
1987-01-30,4.260160890918948,4.407062735396579,4.260160890918948,4.3803534507751465,1175220.0,0.0,0.0
1987-02-02,4.407063170910351,4.59402973985625,4.393708527279905,4.500546455383301,1013121.0,0.0,0.0
1987-02-03,4.513900324663931,4.553964638212237,4.433772087097168,4.433772087097168,622400.0,0.0,0.0
1987-02-04,4.473837783053384,4.567320690845686,4.460482748057368,4.553966045379639,667131.0,0.0,0.0
1987-02-05,4.580674107238616,4.647447700504054,4.513900124443348,4.6207380294799805,1616406.0,0.0,0.0
1987-02-06,4.674159396179891,4.780997356397834,4.62074041607092,4.660804748535156,1198159.0,0.0,0.0
1987-02-09,4.647447109222412,4.6875114158963385,4.594028163500438,4.647447109222412,869372.0,0.0,0.0
1987-02-10,4.594030861750328,4.660804485739051,4.55396653154509,4.634095191955566,1602643.0,0.0,0.0
1987-02-11,4.660800828065026,4.700865126828855,4.634091555242277,4.6875104904174805,2417345.0,0.0,0.0
1987-02-12,4.727578163146973,4.754287846762274,4.674159185446385,4.727578163146973,1533062.0,0.0,0.0
1987-02-13,4.727579240110795,4.861126909550032,4.70086993994101,4.780998229980469,1511653.0,0.0,0.0
1987-02-17,4.780994642248624,5.074799060821533,4.780994642248624,5.074799060821533,1438249.0,0.0,0.0
1987-02-18,5.088154739422367,5.31518522495776,5.061445064314143,5.168282985687256,3721403.0,0.0,0.0
1987-02-19,5.168281930794902,5.1816365708582675,5.04808939116499,5.074799060821533,853698.0,0.0,0.0
1987-02-20,5.02138164645961,5.061445578900322,4.92789835837142,5.048090934753418,1368669.0,0.0,0.0
1987-02-23,5.00802341504004,5.00802341504004,4.861121644164529,4.941249847412109,1453159.0,0.0,0.0
1987-02-24,4.994672051081561,5.181638240814209,4.981317406714215,5.181638240814209,1902756.0,0.0,0.0
1987-02-25,5.154928102048496,5.2484113762646984,4.99467122747638,5.02138090133667,2726251.0,0.0,0.0
1987-02-26,4.994668151518689,5.061441710752222,4.754283182466117,4.927894592285156,1614112.0,0.0,0.0
1987-02-27,4.954607027790826,5.021381019244544,4.914543100354454,4.99467134475708,1125138.0,0.0,0.0
1987-03-02,5.034734560554522,5.034734560554522,4.941251304589355,4.981315612792969,1085760.0,0.0,0.0
1987-03-03,4.9813135175779095,4.9813135175779095,4.927894592285156,4.927894592285156,589522.0,0.0,0.0
1987-03-04,4.927897627120467,5.02138090133667,4.9145429849552595,5.02138090133667,1076202.0,0.0,0.0
1987-03-05,5.235056589162979,5.235056589162979,5.128219057319757,5.168282985687256,2800801.0,0.0,0.0
1987-03-06,5.168282985687256,5.168282985687256,4.99467146083842,5.168282985687256,1351465.0,0.0,0.0
1987-03-09,5.072207450866699,5.179555785697063,4.93802222802417,5.072207450866699,826171.0,0.06016,0.0
1987-03-10,5.0722056165524405,5.139298203710317,5.045368738245575,5.125879764556885,815084.0,0.0,0.0
1987-03-11,5.179555238216131,5.192973680803879,5.005114310402975,5.018532752990723,1190895.0,0.0,0.0
1987-03-12,4.991694927215576,5.085624399021217,4.978276095765566,4.991694927215576,790617.0,0.0,0.0
1987-03-13,4.991695499312264,5.018532382506575,4.884347183753456,4.924602508544922,823878.0,0.0,0.0
1987-03-16,4.884345531463623,4.884345531463623,4.803834126334745,4.884345531463623,753150.0,0.0,0.0
1987-03-17,4.91118485778161,4.964859024204009,4.870929135117098,4.938022136688232,979095.0,0.0,0.0
1987-03-18,4.93802077558775,4.991694927215576,4.93802077558775,4.991694927215576,1016562.0,0.0,0.0
1987-03-19,5.0185306921052755,5.260064125061035,4.964856552405034,5.260064125061035,1043706.0,0.0,0.0
1987-03-20,5.260064524147307,5.461342661142044,5.260064524147307,5.327157497406006,2111879.0,0.0,0.0
1987-03-23,5.260064125061035,5.421086544161759,5.2063899853607944,5.260064125061035,1071614.0,0.0,0.0
1987-03-24,5.260066230161593,5.260066230161593,5.152718299190669,5.166136741638184,1252829.0,0.0,0.0
1987-03-25,5.219810166479066,5.260065488142935,5.179554453424445,5.206391334533691,553202.0,0.0,0.0
1987-03-26,5.26006539832526,5.340576823059739,5.16613592465603,5.273484230041504,1276532.0,0.0,0.0
1987-03-27,5.3405786013262215,5.3405786013262215,5.058789303708915,5.112463474273682,963803.0,0.0,0.0
1987-03-30,4.830672472332099,5.045369078843402,4.736742609135719,4.991694927215576,1323174.0,0.0,0.0
1987-03-31,5.01853180733412,5.045369078843402,4.911183504078468,4.991694927215576,693892.0,0.0,0.0
1987-04-01,4.978276095765566,5.01853180733412,4.8843466239599245,4.991694927215576,781441.0,0.0,0.0
1987-04-02,4.964859024204009,5.005114746868521,4.897766414023721,4.938022136688232,1492920.0,0.0,0.0
1987-04-03,4.93802077558775,5.058787518902673,4.857509352450643,4.991694927215576,787558.0,0.0,0.0
1987-04-06,4.951439350450473,5.112461809717804,4.951439350450473,5.099043369293213,799027.0,0.0,0.0
1987-04-07,5.152716637361922,5.206390389841387,4.9648569381210725,5.031949520111084,952334.0,0.0,0.0
1987-04-08,5.031949841050831,5.139298135637838,5.005112963099432,5.045368671417236,591051.0,0.0,0.0
1987-04-09,5.313741249339889,5.313741249339889,5.045370791493215,5.085626125335693,1071997.0,0.0,0.0
1987-04-10,5.03195119557847,5.11246263388658,4.951440148661172,5.018532752990723,841081.0,0.0,0.0
1987-04-13,4.991695434484431,5.05878803298965,4.8709282875061035,4.8709282875061035,825024.0,0.0,0.0
1987-04-14,4.857509976303479,4.857509976303479,4.454953983089655,4.723324775695801,2619204.0,0.0,0.0
1987-04-15,4.750158736909172,4.924599546937493,4.481788109407698,4.844088554382324,1749449.0,0.0,0.0
1987-04-16,4.884347970265833,5.031951634384297,4.884347970265833,4.938022136688232,1096464.0,0.0,0.0
1987-04-20,4.911184003165546,4.924602444588435,4.750161531918554,4.8709282875061035,839935.0,0.0,0.0
1987-04-21,4.844092337199889,5.072207450866699,4.790418169784707,5.072207450866699,1086524.0,0.0,0.0
1987-04-22,5.0453683633256965,5.072205239638322,4.830671787261963,4.830671787261963,1026119.0,0.0,0.0
1987-04-23,4.844090225418276,4.924601245746834,4.723323499230096,4.830671787261963,1067791.0,0.0,0.0
1987-04-24,4.7769987530926175,4.857509792126415,4.76358031181878,4.790417194366455,915250.0,0.0,0.0
1987-04-27,4.696489906206488,4.897768201600305,4.615978822883555,4.77700138092041,1734922.0,0.0,0.0
1987-04-28,4.7501614688528235,4.95143965308698,4.642813156113377,4.817254066467285,1202364.0,0.0,0.0
1987-04-29,4.817254066467285,4.884347055472518,4.7501614688528235,4.817254066467285,1157252.0,0.0,0.0
1987-04-30,4.817254130423772,4.884347120319769,4.776998806155108,4.8709282875061035,827318.0,0.0,0.0
1987-05-01,4.844090225418276,4.870927101730901,4.803834519558655,4.830671787261963,422070.0,0.0,0.0
1987-05-04,4.857511565344858,4.924604187596756,4.817255835437352,4.9111857414245605,797498.0,0.0,0.0
1987-05-05,4.911182794250927,5.031949520111084,4.870927088500648,5.031949520111084,651074.0,0.0,0.0
1987-05-06,5.0051118471080915,5.058785982433857,4.9111820124403485,4.964856147766113,532940.0,0.0,0.0
1987-05-07,4.951439215647023,5.031950247393392,4.951439215647023,4.991694927215576,646486.0,0.0,0.0
1987-05-08,4.938021341532861,4.9648582247271715,4.830673025974051,4.924602508544922,1028413.0,0.0,0.0
1987-05-11,4.95143786609398,5.058786140091021,4.857508028498911,4.897763729095459,1000122.0,0.0,0.0
1987-05-12,4.884345531463623,4.911182405579483,4.723323112596517,4.884345531463623,567348.0,0.0,0.0
1987-05-13,4.884344434843113,5.045366817557887,4.857507175362036,4.951436996459961,1340760.0,0.0,0.0
1987-05-14,4.951437711782327,5.031948719075665,4.9111820124403485,4.964856147766113,681658.0,0.0,0.0
1987-05-15,4.884347055472518,4.897765496717256,4.776998742733071,4.817254066467285,660249.0,0.0,0.0
1987-05-18,4.7635795245692725,4.7635795245692725,4.642812398890907,4.7501606941223145,795204.0,0.0,0.0
1987-05-19,4.857511872528437,4.870930319549201,4.656233993044154,4.696489334106445,1273092.0,0.0,0.0
1987-05-20,4.750163513580443,4.763582351992148,4.656233993044154,4.696489334106445,1190130.0,0.0,0.0
1987-05-21,4.80383581778225,4.844091534520869,4.709906333913191,4.723324775695801,786793.0,0.0,0.0
1987-05-22,4.776997807208185,4.817253123058817,4.629393808250447,4.763579368591309,617813.0,0.0,0.0
1987-05-26,4.817253640882089,4.991694927215576,4.803835200822817,4.991694927215576,737858.0,0.0,0.0
1987-05-27,4.991695867815227,5.072206914732526,4.897765986919369,5.018532752990723,907603.0,0.0,0.0
1987-05-28,5.04537002955703,5.072206914732526,4.924602872094865,5.018532752990723,690834.0,0.0,0.0
1987-05-29,5.045368815835143,5.1661355528546595,5.031949985084639,5.152717113494873,1023826.0,0.0,0.0
1987-06-01,5.179553992214446,5.233228141044311,5.152717113494873,5.152717113494873,833818.0,0.0,0.0
1987-06-02,5.152716637361922,5.1661350754817885,4.991694205751486,5.031949520111084,835347.0,0.0,0.0
1987-06-03,5.072204831805516,5.300319827683879,5.072204831805516,5.260064125061035,803233.0,0.0,0.0
1987-06-04,5.246644912916344,5.340574741363525,5.233226477821202,5.340574741363525,677453.0,0.0,0.0
1987-06-05,5.340575530306722,5.3674124044615175,5.2063899853607944,5.260064125061035,743975.0,0.0,0.0
1987-06-08,5.419689655303955,5.433171375481476,5.23094399987266,5.419689655303955,1196630.0,0.06016,0.0
1987-06-09,5.338798547765828,5.419689655303955,5.311835107410786,5.419689655303955,1312087.0,0.0,0.0
1987-06-10,5.392721922895073,5.52754020690918,5.392721922895073,5.52754020690918,1844645.0,0.0,0.0
1987-06-11,5.473616973560997,5.487098693847656,5.3927258653680346,5.487098693847656,665984.0,0.0,0.0
1987-06-12,5.514063991307114,5.635400292567485,5.514063991307114,5.554509162902832,881606.0,0.0,0.0
1987-06-15,5.52754517844217,5.716290473937988,5.446654056632127,5.716290473937988,1453542.0,0.0,0.0
1987-06-16,5.770217934039068,5.985927074487121,5.75673621107021,5.91851806640625,2774804.0,0.0,0.0
1987-06-17,5.945481125539396,5.9724449629594645,5.797181396056967,5.8241448402404785,2416198.0,0.0,0.0
1987-06-18,5.797179222106934,5.810660939143028,5.6353974379645795,5.797179222106934,995152.0,0.0,0.0
1987-06-19,5.851111998247249,5.905039310455322,5.797184686039175,5.905039310455322,1523887.0,0.0,0.0
1987-06-22,5.905036578896924,5.918518302403356,5.810663727878699,5.878072738647461,1515094.0,0.0,0.0
1987-06-23,5.878073683543024,5.891555409216633,5.72977352142334,5.72977352142334,1313999.0,0.0,0.0
1987-06-24,5.716288923177518,5.824143460840223,5.6623616543461655,5.743252754211426,963421.0,0.0,0.0
1987-06-25,5.7162937041632755,5.743257557749174,5.581475615944161,5.6623663902282715,708802.0,0.0,0.0
1987-06-26,5.6084358416486255,5.648881402082249,5.514063391618923,5.581472396850586,800174.0,0.0,0.0
1987-06-29,5.635398736551935,5.675843896980156,5.514062468794273,5.567989349365234,578052.0,0.0,0.0
1987-06-30,5.581470449796209,5.581470449796209,5.406206940038629,5.500579357147217,1145018.0,0.0,0.0
1987-07-01,5.487098063630028,5.487098063630028,5.419689076702451,5.433170795440674,2139405.0,0.0,0.0
1987-07-02,5.500581718424021,5.554509005594319,5.433172707770297,5.514063835144043,1239448.0,0.0,0.0
1987-07-06,5.567988338863758,5.581470449796209,5.4736159217551705,5.500579357147217,1022296.0,0.0,0.0
1987-07-07,5.527545715172353,5.689327581265051,5.527545715172353,5.554509162902832,719889.0,0.0,0.0
1987-07-08,5.608435541904465,5.702808380126953,5.567989983632464,5.702808380126953,755826.0,0.0,0.0
1987-07-09,5.6219176295717945,5.75673603484301,5.6219176295717945,5.716290473937988,624694.0,0.0,0.0
1987-07-10,5.716291669215714,5.716291669215714,5.648882649103151,5.675846099853516,1222244.0,0.0,0.0
1987-07-13,5.6488796292396986,5.6488796292396986,5.473616113347394,5.635397911071777,680511.0,0.0,0.0
1987-07-14,5.635397803375083,5.8241430338282445,5.5545067094405605,5.810661315917969,708802.0,0.0,0.0
1987-07-15,5.797181396056967,5.918517681355884,5.743254114453386,5.8241448402404785,956539.0,0.0,0.0
1987-07-16,5.851104280353358,5.864585992313142,5.729767693006526,5.7567315101623535,1071614.0,0.0,0.0
1987-07-17,5.689325176979905,5.716288613315748,5.541025097423444,5.635397911071777,1401930.0,0.0,0.0
1987-07-20,5.554503627770272,5.594949152298125,5.514058496478634,5.52754020690918,1017709.0,0.0,0.0
1987-07-21,5.500581124271295,5.5545084056165654,5.419690398871668,5.446653842926025,1549119.0,0.0,0.0
1987-07-22,5.392723180095743,5.487095961583036,5.311832505418282,5.379241466522217,1459276.0,0.0,0.0
1987-07-23,5.392725467681885,5.446652738088162,5.311834758690705,5.392725467681885,891546.0,0.0,0.0
1987-07-24,5.41968929950326,5.460134850617088,5.325316477983156,5.392725467681885,734035.0,0.0,0.0
1987-07-27,5.473616123199463,5.500579559583838,5.419688857194271,5.473616123199463,358607.0,0.0,0.0
1987-07-28,5.460134405007276,5.527543389204655,5.433170575386458,5.473616123199463,802468.0,0.0,0.0
1987-07-29,5.500579451145841,5.648879528045654,5.487097733219431,5.648879528045654,1687898.0,0.0,0.0
1987-07-30,5.74325339758047,5.851107947325225,5.689326122708092,5.783698558807373,3372354.0,0.0,0.0
1987-07-31,5.770215768950708,5.83762475173852,5.770215768950708,5.810661315917969,909515.0,0.0,0.0
1987-08-03,5.756736730996385,5.783700179369335,5.662363875217825,5.689327716827393,730976.0,0.0,0.0
1987-08-04,5.648879167793243,5.689324712229528,5.473615666217889,5.621915340423584,835347.0,0.0,0.0
1987-08-05,5.648876387256524,5.675839808117616,5.52754020690918,5.52754020690918,506560.0,0.0,0.0
1987-08-06,5.581471712469309,5.635398988689571,5.541026156994983,5.608435153961182,748945.0,0.0,0.0
1987-08-07,5.635397450726619,5.6623608848598685,5.581470189223709,5.621915340423584,550526.0,0.0,0.0
1987-08-10,5.635401048471413,5.72977352142334,5.608437203887535,5.72977352142334,885047.0,0.0,0.0
1987-08-11,5.729770439655406,5.9319977889378235,5.729770439655406,5.77021598815918,1568617.0,0.0,0.0
1987-08-12,5.851108677660547,5.9589628476311525,5.756735836545142,5.8241448402404785,1519299.0,0.0,0.0
1987-08-13,5.851106643676758,5.945479058749511,5.783697270177965,5.851106643676758,1580086.0,0.0,0.0
1987-08-14,5.891553912844121,6.066817481796522,5.8645904683452414,5.958962917327881,1102964.0,0.0,0.0
1987-08-17,5.985924940731218,6.012888377057489,5.824143143064273,5.945479393005371,921749.0,0.0,0.0
1987-08-18,5.8511068628852305,5.931997563583319,5.68932506825262,5.810661315917969,1033001.0,0.0,0.0
1987-08-19,5.716291165200342,5.972445890926453,5.5949548610488335,5.689327716827393,1479921.0,0.0,0.0
1987-08-20,5.74325244084902,5.958961111168506,5.729770329449444,5.945479393005371,968008.0,0.0,0.0
1987-08-21,5.918517960652165,5.972445244800587,5.837626837811245,5.931999683380127,1293736.0,0.0,0.0
1987-08-24,5.945479507360265,5.945479507360265,5.7432525513142965,5.77021598815918,669042.0,0.0,0.0
1987-08-25,5.797182368745233,5.932000398756536,5.797182368745233,5.891554832458496,1085760.0,0.0,0.0
1987-08-26,5.905034405902251,5.98592511041046,5.797179871067002,5.837625026702881,1372492.0,0.0,0.0
1987-08-27,5.74325564033361,5.797182936264708,5.662364499818633,5.72977352142334,1542620.0,0.0,0.0
1987-08-28,5.770216939324714,5.770216939324714,5.5410261154174805,5.5410261154174805,645721.0,0.0,0.0
1987-08-31,5.554506361854049,5.621915340423584,5.554506361854049,5.621915340423584,1465011.0,0.0,0.0
1987-09-01,5.554503627770272,5.689321911784377,5.4870946823813265,5.52754020690918,1309793.0,0.0,0.0
1987-09-02,5.500576392811872,5.581467441867579,5.365758502033981,5.52754020690918,1541091.0,0.0,0.0
1987-09-03,5.608434549306995,5.662361819713274,5.379243748389434,5.392725467681885,755062.0,0.0,0.0
1987-09-04,5.417647361755371,5.498912293411815,5.390559314572406,5.417647361755371,761179.0,0.06016,0.0
1987-09-08,5.417647824973252,5.607265751681753,5.322839256672809,5.580177307128906,1180955.0,0.0,0.0
1987-09-09,5.688528685908825,5.715617122798166,5.593719749376674,5.634352207183838,1512800.0,0.0,0.0
1987-09-10,5.769797509992105,5.796885570177241,5.6479000539971045,5.715620994567871,1050970.0,0.0,0.0
1987-09-11,5.688526589236331,5.8510559655063465,5.66143855738477,5.823967933654785,789852.0,0.0,0.0
1987-09-14,5.905233253551116,5.905233253551116,5.7156158188010435,5.878145217895508,659102.0,0.0,0.0
1987-09-15,5.851058212934962,5.851058212934962,5.525999335537753,5.56663179397583,800557.0,0.0,0.0
1987-09-16,5.444734813715302,5.6072642524139065,5.41764637640535,5.56663179397583,923278.0,0.0,0.0
1987-09-17,5.593720254594694,5.607264671789528,5.417646781599169,5.553088188171387,656044.0,0.0,0.0
1987-09-18,5.5801745831449825,5.729159967823323,5.512454097401597,5.525998115539551,938953.0,0.0,0.0
1987-09-21,5.58017784238457,5.661442788784307,5.2551188468933105,5.2551188468933105,1628257.0,0.0,0.0
1987-09-22,5.36346820102651,5.688526975647166,5.309291738589734,5.661438941955566,1419898.0,0.0,0.0
1987-09-23,5.661438941955567,5.742703438083942,5.580174050773614,5.661438941955566,2082441.0,0.0,0.0
1987-09-24,5.553087625643086,5.688528623441387,5.525999189051211,5.620808124542236,667513.0,0.0,0.0
1987-09-25,5.593720079189195,5.593720079189195,5.390558568282118,5.444735050201416,889253.0,0.0,0.0
1987-09-28,5.525998116724051,5.796880454809272,5.525998116724051,5.674983501434326,1515858.0,0.0,0.0
1987-09-29,5.647896315798281,5.6885287742363575,5.498911293281503,5.56663179397583,508090.0,0.0,0.0
1987-09-30,5.526001340199408,5.580177839419161,5.417648341759903,5.498913288116455,1039883.0,0.0,0.0
1987-10-01,5.607267963719401,5.715620994567871,5.5666354783877345,5.715620994567871,792146.0,0.0,0.0
1987-10-02,5.729159421238142,5.729159421238142,5.62080649636459,5.661438941955566,696951.0,0.0,0.0
1987-10-05,5.702074319982196,5.702074319982196,5.539545232880349,5.580177307128906,1279208.0,0.0,0.0
1987-10-06,5.593721980867067,5.593721980867067,5.417648453533684,5.431192874908447,1265063.0,0.0,0.0
1987-10-07,5.4853682698203325,5.4853682698203325,5.377015290980923,5.417647361755371,1647755.0,0.0,0.0
1987-10-08,5.404104939569336,5.444737417438233,5.336384406490436,5.3634724617004395,1197012.0,0.0,0.0
1987-10-09,5.390557150990088,5.404101169145473,5.282204215639782,5.295748233795166,664837.0,0.0,0.0
1987-10-12,5.33638139145097,5.33638139145097,5.146763926952567,5.17385196685791,828848.0,0.0,0.0
1987-10-13,5.24157353535282,5.282205998587608,5.214485489898793,5.268661975860596,880077.0,0.0,0.0
1987-10-14,5.200941609808591,5.214485632907052,4.848794243872293,4.8894267082214355,1600731.0,0.0,0.0
1987-10-15,4.875879657440544,4.889423672128835,4.713350296020508,4.713350296020508,1691338.0,0.0,0.0
1987-10-16,4.7404408765572335,4.767529315565499,4.3612058908713385,4.659176349639893,2310298.0,0.0,0.0
1987-10-19,4.4424710968406815,4.4424710968406815,3.4131181582598487,3.5485591888427734,4950147.0,0.0,0.0
1987-10-20,3.7923525545796872,4.171587928553772,2.8171762737000465,3.7652645111083984,3688142.0,0.0,0.0
1987-10-21,4.036146534891303,4.279940483020366,4.009058098958251,4.185131549835205,3131499.0,0.0,0.0
1987-10-22,3.819440122038389,4.144498939882854,3.683999145463343,3.9684255123138428,3134940.0,0.0,0.0
1987-10-23,3.8465274473994167,3.9955128100999926,3.8329834312594255,3.9007039070129395,1621376.0,0.0,0.0
1987-10-26,3.8194402781794663,3.8194402781794663,3.6162784099578857,3.6162784099578857,2242247.0,0.0,0.0
1987-10-27,3.900705518572283,3.98197043909359,3.7381760725833897,3.7652645111083984,1333879.0,0.0,0.0
1987-10-28,3.7517190652323067,4.117409883601972,3.6975426038012187,3.846527576446533,1364081.0,0.0,0.0
1987-10-29,3.819440122038389,4.036146000601366,3.819440122038389,3.9684255123138428,812408.0,0.0,0.0
1987-10-30,4.334118702295057,4.361207149118581,4.13095673380707,4.225765705108643,2219690.0,0.0,0.0
1987-11-02,4.117412707922227,4.266398177817008,4.090324656152545,4.225765705108643,834582.0,0.0,0.0
1987-11-03,4.144501298423945,4.15804532477832,3.941339322892904,3.995515823364258,1305588.0,0.0,0.0
1987-11-04,3.968427221556575,3.9819712460369057,3.8058977426312115,3.9413387775421143,1198159.0,0.0,0.0
1987-11-05,3.9142500940330014,4.171588097656797,3.9007056766945887,4.1174116134643555,1565941.0,0.0,0.0
1987-11-06,4.117411470193456,4.117411470193456,3.81944101503018,3.9277939796447754,1249771.0,0.0,0.0
1987-11-09,3.7923509877858943,3.9548803666264614,3.7923509877858943,3.9007039070129395,890782.0,0.0,0.0
1987-11-10,3.792351115015445,3.92779246611995,3.7788070984210655,3.846527576446533,1177896.0,0.0,0.0
1987-11-11,3.887159890872948,4.0496892697135145,3.887159890872948,3.9007039070129395,1440161.0,0.0,0.0
1987-11-12,3.98196816444397,4.049688629491442,3.8736152623466173,3.9819681644439697,2192929.0,0.0,0.0
1987-11-13,3.9548820232715634,4.009058505578861,3.9142499578313816,3.9277939796447754,1219568.0,0.0,0.0
1987-11-16,3.954881523200223,4.063234474114229,3.954881523200223,4.009057998657227,880459.0,0.0,0.0
1987-11-17,3.954882802022445,3.954882802022445,3.8058977426312115,3.9413387775421143,944305.0,0.0,0.0
1987-11-18,3.941339853958988,3.941339853958988,3.81944281023719,3.873619318008423,776853.0,0.0,0.0
1987-11-19,3.873619200274111,3.941339734166386,3.7652661880249125,3.805898666381836,1199688.0,0.0,0.0
1987-11-20,3.7652630818266863,3.8600719880944827,3.7517190652323067,3.846527576446533,1122079.0,0.0,0.0
1987-11-23,3.792352404223775,3.8465288840721303,3.792352404223775,3.8194408416748047,854462.0,0.0,0.0
1987-11-24,3.8465302127096526,3.9277951580789217,3.8465302127096526,3.887162685394287,1090347.0,0.0,0.0
1987-11-25,3.873618659517356,3.941339183955853,3.8465302127096526,3.887162685394287,566583.0,0.0,0.0
1987-11-27,3.8871622768100833,3.8871622768100833,3.738176822662354,3.7381768226623535,360900.0,0.0,0.0
1987-11-30,3.6840009689331055,3.7246330449850977,3.589192001370806,3.6840009689331055,987888.0,0.0,0.0
1987-12-01,3.7381767106696255,3.792353201913553,3.5214711407477037,3.5485591888427734,797498.0,0.0,0.0
1987-12-02,3.5756484190260864,3.6162805001122016,3.4943834667461076,3.602736473083496,1125902.0,0.0,0.0
1987-12-03,3.61627853820997,3.629822952944438,3.4402050971984863,3.4402050971984863,1579322.0,0.0,0.0
1987-12-04,3.45374899439135,3.6162784099578857,3.386028503335372,3.6162784099578857,1133166.0,0.0,0.0
1987-12-07,3.616278297934734,3.698156118392944,3.5207538423708646,3.6981561183929443,1005092.0,0.06539,0.0
1987-12-08,3.6708622721489097,3.8755569458007812,3.6162769462347435,3.8755569458007812,907603.0,0.0,0.0
1987-12-09,3.957440875625177,4.039318784277335,3.8209771638241423,3.8346238136291504,1487185.0,0.0,0.0
1987-12-10,3.7390953226528665,3.8619122554786274,3.7254490852355953,3.7254490852355957,1869495.0,0.0,0.0
1987-12-11,3.657217624132323,3.7936807990028956,3.657217624132323,3.739095449447632,1345730.0,0.0,0.0
1987-12-14,3.711801683735438,3.7936794805959835,3.684508819425233,3.7527403831481934,858668.0,0.0,0.0
1987-12-15,3.7663877926502622,3.91649759815294,3.7663877926502622,3.861912250518799,1567088.0,0.0,0.0
1987-12-16,3.834618960768637,4.012021203368474,3.7936798592348056,3.9847283363342285,1679869.0,0.0,0.0
1987-12-17,3.9847277303816195,4.039313058114313,3.8892037053756656,3.930142402648926,1427162.0,0.0,0.0
1987-12-18,3.998375204860339,4.093899250030518,3.8346191870949067,4.093899250030518,1951691.0,0.0,0.0
1987-12-21,4.1348398969927125,4.162132377787562,4.080254537367766,4.148486137390137,1447042.0,0.0,0.0
1987-12-22,4.1621308020365735,4.203069905764862,4.1075458611123175,4.175777435302734,747033.0,0.0,0.0
1987-12-23,4.203069686889648,4.244008788486029,4.121191881731961,4.203069686889648,1223774.0,0.0,0.0
1987-12-24,4.175778901240506,4.203071381283859,4.121193543118563,4.162132263183594,318464.0,0.0,0.0
1987-12-28,4.066607587503986,4.09390006353735,3.9983759993853996,4.052961349487305,599079.0,0.0,0.0
1987-12-29,4.025669459179565,4.066608581269162,3.971084095738527,4.039315700531006,497767.0,0.0,0.0
1987-12-30,4.066607940714589,4.16213201316341,4.052961701512645,4.1348395347595215,1051352.0,0.0,0.0
1987-12-31,4.066607465015334,4.271302223205566,4.066607465015334,4.271302223205566,794440.0,0.0,0.0
1988-01-04,4.271300764344892,4.325886094159062,4.230362065510538,4.284947395324707,800557.0,0.0,0.0
1988-01-05,4.353177779018269,4.353177779018269,4.230360919710296,4.312238693237305,932454.0,0.0,0.0
1988-01-06,4.312240359123281,4.312240359123281,4.175777217848777,4.203069686889648,982154.0,0.0,0.0
1988-01-07,4.121192118675639,4.162130824590673,4.01202144016535,4.093899250030518,2671963.0,0.0,0.0
1988-01-08,4.066608053589235,4.121193409947319,3.711803436279297,3.711803436279297,1116727.0,0.0,0.0
1988-01-11,3.8209717471835374,3.9301424026489253,3.7390939546020037,3.930142402648926,1315146.0,0.0,0.0
1988-01-12,3.8755597695067068,3.902852651366694,3.75274279622499,3.8892064094543457,1161457.0,0.0,0.0
1988-01-13,3.8892037053756656,3.9574352655327796,3.7800330499102777,3.930142402648926,891929.0,0.0,0.0
1988-01-14,3.9301435628843184,3.9847289067313976,3.9028510899783444,3.9437901973724365,498532.0,0.0,0.0
1988-01-15,4.0120232178281245,4.10754770335876,3.9983769764766834,4.039315700531006,1185925.0,0.0,0.0
1988-01-18,4.039314250578477,4.08025335797257,3.9164973264313314,3.9437901973724365,507325.0,0.0,0.0
1988-01-19,3.9301429755683555,3.9437896080171373,3.8482651710510254,3.8482651710510254,713390.0,0.0,0.0
1988-01-20,3.7390949902080117,3.8209728054670005,3.711802517800057,3.766387462615967,1604936.0,0.0,0.0
1988-01-21,3.766387925207677,3.7936807990028956,3.684510099892368,3.739095449447632,942776.0,0.0,0.0
1988-01-22,3.7663883946021586,3.820973750960243,3.6981567986633586,3.711803436279297,660249.0,0.0,0.0
1988-01-25,3.711802517800057,3.834619439706102,3.6981558835609554,3.766387462615967,1313616.0,0.0,0.0
1988-01-26,3.7800346956481308,3.807327172379471,3.6572177542867266,3.6845102310180664,1495978.0,0.0,0.0
1988-01-27,3.6981563377723905,3.766387925207677,3.6708638620123453,3.739095449447632,1270798.0,0.0,0.0
1988-01-28,3.780033600947405,3.8482651710510254,3.739094499671204,3.8482651710510254,968008.0,0.0,0.0
1988-01-29,3.9164987322974887,4.0529623399177215,3.9028524909460476,4.039315700531006,1694397.0,0.0,0.0
1988-02-01,4.012021203368474,4.052960304902306,3.9710821018346425,3.9847283363342285,956157.0,0.0,0.0
1988-02-02,3.9574364338254235,3.998375541219516,3.9301435628843184,3.9437901973724365,1283032.0,0.0,0.0
1988-02-03,3.9028507599982207,3.957436099230192,3.7118022717038692,3.807326316833496,1495978.0,0.0,0.0
1988-02-04,3.807326569263023,3.807326569263023,3.6708634111530003,3.766387462615967,2422697.0,0.0,0.0
1988-02-05,3.780033955346918,3.8892046369621065,3.7527410859255657,3.793680191040039,818143.0,0.0,0.0
1988-02-08,3.711801683735438,3.7936794805959835,3.684508819425233,3.7527403831481934,678600.0,0.0,0.0
1988-02-09,3.7254490852355953,3.7663877974874094,3.6981562123658933,3.7254490852355957,810879.0,0.0,0.0
1988-02-10,3.766388143795122,3.8209734965183206,3.7254494277791204,3.7800347805023193,1109845.0,0.0,0.0
1988-02-11,3.7936846602852823,3.834623813629151,3.766391758710844,3.8346238136291504,1034530.0,0.0,0.0
1988-02-12,3.8346197933804476,3.8346197933804476,3.7663878099971453,3.8209731578826904,1375168.0,0.0,0.0
1988-02-16,3.8209716198866155,3.8892035758055736,3.7800329239772417,3.8755569458007812,680511.0,0.0,0.0
1988-02-17,3.9301422717149475,3.9301422717149475,3.8346182498914074,3.8755569458007812,943540.0,0.0,0.0
1988-02-18,3.875559180697234,3.9574374158022354,3.875559180697234,3.9028520584106445,687011.0,0.0,0.0
1988-02-19,3.9028499378000854,3.9574352655327796,3.8892037053756656,3.930142402648926,995535.0,0.0,0.0
1988-02-22,3.957435867335057,3.9983749688688883,3.9164967658012255,3.9847283363342285,1239448.0,0.0,0.0
1988-02-23,3.998376633840153,3.998376633840153,3.9301446368594664,3.957437515258789,2290035.0,0.0,0.0
1988-02-24,3.9574380170513783,3.9574380170513783,3.8755597695067068,3.8892064094543457,713390.0,0.0,0.0
1988-02-25,3.8892051412659927,3.9710829640767304,3.8209731578826904,3.8209731578826904,1413017.0,0.0,0.0
1988-02-26,3.8482660308430434,3.8755585057682356,3.8209731578826904,3.8209731578826904,523000.0,0.0,0.0
1988-02-29,3.8482671275050095,4.039315700531006,3.8482671275050095,4.039315700531006,1271562.0,0.0,0.0
1988-03-01,4.0120232178281245,4.0529623399177215,3.971084095738527,4.039315700531006,1175985.0,0.0,0.0
1988-03-02,4.012026067649112,4.107550621032715,3.99837981660447,4.107550621032715,1579704.0,0.0,0.0
1988-03-03,4.107545883370627,4.107545883370627,4.052960544115483,4.093899250030518,1120168.0,0.0,0.0
1988-03-04,4.025669459179565,4.080254822620604,4.0120232178281245,4.039315700531006,1379374.0,0.0,0.0
1988-03-07,4.039313996963782,4.108009730091358,4.039313996963782,4.080531597137451,1100287.0,0.06539,0.0
1988-03-08,4.108011468810833,4.1767072310139515,4.108011468810833,4.162968158721924,1144253.0,0.0,0.0
1988-03-09,4.13548654006337,4.245399426808683,4.13548654006337,4.23166036605835,1156869.0,0.0,0.0
1988-03-10,4.231662998739248,4.272880607375957,4.0393148263394245,4.066792964935303,855992.0,0.0,0.0
1988-03-11,4.121748881977714,4.1354883494821815,3.9294007450861685,4.1080098152160645,750474.0,0.0,0.0
1988-03-14,4.108009730091358,4.121748796568312,4.053053063440736,4.080531597137451,443862.0,0.0,0.0
1988-03-15,4.094270748454415,4.1080098152160645,4.066792214188299,4.1080098152160645,402572.0,0.0,0.0
1988-03-16,4.094270562837135,4.176705360412598,3.998096298380097,4.176705360412598,414806.0,0.0,0.0
1988-03-17,4.1629645659329375,4.204182147979736,4.1629645659329375,4.204182147979736,795587.0,0.0,0.0
1988-03-18,4.25913989350762,4.25913989350762,4.162965644071771,4.245400428771973,1454689.0,0.0,0.0
1988-03-21,4.231663513615127,4.2454025845847285,4.176706828993776,4.190445899963379,750856.0,0.0,0.0
1988-03-22,4.217927205384436,4.217927205384436,4.080535604211144,4.135492324829102,631958.0,0.0,0.0
1988-03-23,4.135486380228729,4.162964500667379,4.025573096988871,4.094268798828125,639987.0,0.0,0.0
1988-03-24,4.053052193023945,4.053052193023945,3.9293998198008198,3.9568779468536377,933218.0,0.0,0.0
1988-03-25,3.943142132855437,3.9980988329933997,3.8469678074282383,3.8607072830200195,781823.0,0.0,0.0
1988-03-28,3.84696626663208,3.88818387541274,3.7645314498136533,3.84696626663208,837641.0,0.0,0.0
1988-03-29,3.860704081906993,3.9156607364775,3.846964617707325,3.901921272277832,945452.0,0.0,0.0
1988-03-30,3.915661334991455,3.915661334991455,3.8607046720207503,3.915661334991455,722948.0,0.0,0.0
1988-03-31,3.8744431453639394,3.9156607364775,3.8332255542503786,3.901921272277832,818525.0,0.0,0.0
1988-04-04,3.874444809694785,3.874444809694785,3.7782705226974866,3.7920095920562744,860962.0,0.0,0.0
1988-04-05,3.8332259511854057,3.8469650160650484,3.682095436023811,3.7782692909240723,1211157.0,0.0,0.0
1988-04-06,3.764532957592821,3.874446357868747,3.709576257454858,3.8607072830200195,1567088.0,0.0,0.0
1988-04-07,3.819489657730784,3.9019245075662012,3.819489657730784,3.8607072830200195,1440925.0,0.0,0.0
1988-04-08,3.81948772561565,3.901922533750831,3.668356776501158,3.7370529174804688,9316889.0,0.0,0.0
1988-04-11,3.723313448838896,3.7507919853791902,3.6958353130414525,3.7370529174804688,2813035.0,0.0,0.0
1988-04-12,3.73705323583936,3.7782704430468117,3.7233137660273243,3.764531373977661,1424104.0,0.0,0.0
1988-04-13,3.8194868863057634,3.8332259511854057,3.76453022604443,3.7782692909240723,1579704.0,0.0,0.0
1988-04-14,3.7095753772068587,3.764532064304107,3.6546186901096105,3.695836305618286,1843880.0,0.0,0.0
1988-04-15,3.7233131995038096,3.7233131995038096,3.5859217282314364,3.6271393299102783,2044975.0,0.0,0.0
1988-04-18,3.599660795210109,3.627139329910278,3.5859217282314364,3.6271393299102783,1328909.0,0.0,0.0
1988-04-19,3.6271393988895264,3.6271393988895264,3.476008457021519,3.4897475242614746,2665081.0,0.0,0.0
1988-04-20,3.407312637807171,3.517225974558552,3.407312637807171,3.4622693061828613,2222367.0,0.0,0.0
1988-04-21,3.4485292434692383,3.5721820265346946,3.434790178931772,3.4485292434692383,1313616.0,0.0,0.0
1988-04-22,3.4485292434692383,3.517225367642076,3.434790178931772,3.4485292434692383,1272709.0,0.0,0.0
1988-04-25,3.4760095573415555,3.544705316029595,3.4622704857525393,3.5172271728515625,1779652.0,0.0,0.0
1988-04-26,3.5309642451763485,3.6683556847601384,3.5309642451763485,3.613399028778076,1666871.0,0.0,0.0
1988-04-27,3.613401074717634,3.627140547049609,3.4897486289305717,3.5172271728515625,1149605.0,0.0,0.0
1988-04-28,3.5172271728515625,3.5309662444405787,3.4760095573415555,3.5172271728515625,2142082.0,0.0,0.0
1988-04-29,3.5172260594842175,3.5172260594842175,3.407312720078909,3.4897475242614746,1947486.0,0.0,0.0
1988-05-02,3.4485298385318224,3.489747439999296,3.393573570898954,3.4622693061828613,1496360.0,0.0,0.0
1988-05-03,3.4622693061828618,3.4760083730910787,3.421051704715388,3.4622693061828613,1188219.0,0.0,0.0
1988-05-04,3.434789657592773,3.4485287200448984,3.407311532688523,3.4347896575927734,1691721.0,0.0,0.0
1988-05-05,3.4073133074317834,3.4485305162566755,3.3935742378234863,3.3935742378234863,1514711.0,0.0,0.0
1988-05-06,3.393572351596447,3.4073114135682516,3.3248764406234064,3.3523547649383545,2176107.0,0.0,0.0
1988-05-09,3.324877193612095,3.379833654316705,3.2561812670814105,3.3660945892333984,1055940.0,0.0,0.0
1988-05-10,3.3660950602609936,3.379834127266848,3.2699209901057755,3.311138391494751,1058998.0,0.0,0.0
1988-05-11,3.283659696578979,3.29739896244773,3.2424422997155085,3.2836596965789795,1173309.0,0.0,0.0
1988-05-12,3.3111389855163393,3.3523565946712073,3.2973999160456824,3.3386173248291016,1783093.0,0.0,0.0
1988-05-13,3.3523566282556936,3.3935742378234863,3.3248782886676485,3.3935742378234863,937424.0,0.0,0.0
1988-05-16,3.3935742378234863,3.3935742378234863,3.3248782886676485,3.3935742378234863,1308646.0,0.0,0.0
1988-05-17,3.3935742038260748,3.4210523427673887,3.338617324829102,3.3386173248291016,1219568.0,0.0,0.0
1988-05-18,3.3660961697140657,3.3935747135254273,3.2287044525146484,3.2287044525146484,1325468.0,0.0,0.0
1988-05-19,3.242442655722654,3.3248776588720177,3.2287033883453873,3.311138391494751,2101939.0,0.0,0.0
1988-05-20,3.3111371782802625,3.352354764938355,3.283658853965314,3.3523547649383545,1535738.0,0.0,0.0
1988-05-23,3.3248772938138407,3.3248772938138407,3.2149639683493976,3.2836596965789795,1281502.0,0.0,0.0
1988-05-24,3.269920631081619,3.29739896244773,3.2287030338467577,3.2836596965789795,1338466.0,0.0,0.0
1988-05-25,3.2561821937561035,3.324878139836921,3.2561821937561035,3.2561821937561035,940482.0,0.0,0.0
1988-05-26,3.256181768821171,3.407312710253368,3.256181768821171,3.3798341751098633,938188.0,0.0,0.0
1988-05-27,3.379833216925284,3.4760074615478516,3.3660941536199793,3.4760074615478516,2051092.0,0.0,0.0
1988-05-31,3.4760087355081875,3.5584435462951656,3.4760087355081875,3.558443546295166,1450101.0,0.0,0.0
1988-06-01,3.558444387618611,3.5721838599505857,3.4760095573415555,3.5172271728515625,2353499.0,0.0,0.0
1988-06-02,3.4897475242614746,3.544704193964129,3.4622693897815635,3.4897475242614746,2317944.0,0.0,0.0
1988-06-03,3.4622693061828618,3.4760083730910787,3.421051704715388,3.4622693061828613,1334643.0,0.0,0.0
1988-06-06,3.4622656756549146,3.5038129768683155,3.4484167098999023,3.4484167098999023,1055557.0,0.06539,0.0
1988-06-07,3.4484197250609,3.5038160404656473,3.4207217693328857,3.4207217693328857,1423722.0,0.0,0.0
1988-06-08,3.4207209831531973,3.6284568152158148,3.4207209831531973,3.5730605125427246,2194458.0,0.0,0.0
1988-06-09,3.60075877379092,3.6423056967720147,3.5453624725341797,3.5453624725341797,1640491.0,0.0,0.0
1988-06-10,3.573060528064654,3.6423058057196718,3.5453625785820977,3.6284568309783936,2058738.0,0.0,0.0
1988-06-13,3.614607782085377,3.6977020327770393,3.5869094292224104,3.6561551094055176,1838145.0,0.0,0.0
1988-06-14,3.6977020327770393,3.7254003856400058,3.6007588076282033,3.6561551094055176,3515338.0,0.0,0.0
1988-06-15,3.6284567565425507,3.6561551094055176,3.5869094292224104,3.6561551094055176,806674.0,0.0,0.0
1988-06-16,3.586908741815417,3.628456061173292,3.5176634788513184,3.5176634788513184,1137372.0,0.0,0.0
1988-06-17,3.4622685229388153,3.628457460513722,3.4622685229388153,3.600759506225586,1640491.0,0.0,0.0
1988-06-20,3.6007589113517358,3.6007589113517358,3.5592115828347817,3.586909532546997,539057.0,0.0,0.0
1988-06-21,3.5869094872238407,3.6007588658535825,3.5038152351885192,3.5730605125427246,1223009.0,0.0,0.0
1988-06-22,3.614607572555542,3.6423055198643084,3.58690922129818,3.614607572555542,1382050.0,0.0,0.0
1988-06-23,3.614608483369654,3.614608483369654,3.573061147988753,3.600759506225586,516500.0,0.0,0.0
1988-06-24,3.586910125132821,3.614608483369654,3.573061147988753,3.600759506225586,669042.0,0.0,0.0
1988-06-27,3.60075877379092,3.60075877379092,3.531513094258533,3.5453624725341797,545938.0,0.0,0.0
1988-06-28,3.531513094258533,3.5453624725341797,3.50381514560447,3.5453624725341797,851022.0,0.0,0.0
1988-06-29,3.5730596713146943,3.5730596713146943,3.4622670920531124,3.4899654388427734,581493.0,0.0,0.0
1988-06-30,3.5176644007110194,3.5592117309570312,3.4899664498461096,3.5592117309570312,1358347.0,0.0,0.0
1988-07-01,3.573060512542725,3.5869094872238407,3.531513184550751,3.5730605125427246,886576.0,0.0,0.0
1988-07-05,3.5730604547652365,3.6561551094055176,3.517664152987922,3.6561551094055176,1180573.0,0.0,0.0
1988-07-06,3.6561551094055176,3.7115514111828323,3.6007588076282033,3.6561551094055176,1871789.0,0.0,0.0
1988-07-07,3.6423064376577896,3.670004795894623,3.586910125132821,3.600759506225586,3736313.0,0.0,0.0
1988-07-08,3.559210798209194,3.5730597700123052,3.5176634788513184,3.5176634788513184,944305.0,0.0,0.0
1988-07-11,3.517664239314289,3.5453625928569963,3.5038152645172502,3.531513214111328,1131637.0,0.0,0.0
1988-07-12,3.531513094258533,3.559211446861211,3.531513094258533,3.5453624725341797,1093788.0,0.0,0.0
1988-07-13,3.5453624725341797,3.5730604211882424,3.531513094258533,3.5453624725341797,867079.0,0.0,0.0
1988-07-14,3.545361826406083,3.545361826406083,3.4899655352450956,3.5176634788513184,1318969.0,0.0,0.0
1988-07-15,3.5176641199315015,3.559211446861211,3.50381514560447,3.5453624725341797,1064733.0,0.0,0.0
1988-07-18,3.531513214111328,3.531513214111328,3.517664239314289,3.531513214111328,1299089.0,0.0,0.0
1988-07-19,3.5453624725341797,3.559211446861211,3.476116793001792,3.5453624725341797,922513.0,0.0,0.0
1988-07-20,3.573060706389486,3.573060706389486,3.531513376143474,3.5592117309570312,1704719.0,0.0,0.0
1988-07-21,3.559211446861211,3.5730604211882424,3.531513094258533,3.5453624725341797,1061292.0,0.0,0.0
1988-07-22,3.5315123531044685,3.5453617284735643,3.434569149211982,3.4899654388427734,2590913.0,0.0,0.0
1988-07-25,3.489965438842773,3.489965438842773,3.4484181206325473,3.4899654388427734,625841.0,0.0,0.0
1988-07-26,3.4622689857463067,3.476117964741592,3.434571027755737,3.4345710277557373,1329291.0,0.0,0.0
1988-07-27,3.4622677658706813,3.4899661180509236,3.3791735172271733,3.379173517227173,1547972.0,0.0,0.0
1988-07-28,3.4068726658164157,3.4622689857463067,3.4068726658164157,3.4345710277557373,1393519.0,0.0,0.0
1988-07-29,3.4345699578343134,3.573060512542725,3.4345699578343134,3.5730605125427246,1263534.0,0.0,0.0
1988-08-01,3.559211446861211,3.60075877379092,3.531513094258533,3.5453624725341797,781059.0,0.0,0.0
1988-08-02,3.517664239314289,3.6007588959937817,3.5038152645172502,3.531513214111328,898428.0,0.0,0.0
1988-08-03,3.531513376143474,3.586909681821941,3.5176644007110194,3.5592117309570312,945834.0,0.0,0.0
1988-08-04,3.586910125132821,3.628457460513722,3.517664835463784,3.600759506225586,1672223.0,0.0,0.0
1988-08-05,3.614607856237116,3.6977021086334116,3.586909502805932,3.6284568309783936,676306.0,0.0,0.0
1988-08-08,3.6423058359200584,3.6838531644370125,3.5315132291739357,3.586909532546997,1286855.0,0.0,0.0
1988-08-09,3.6284568455878596,3.6423058203848986,3.517664239314289,3.531513214111328,2254481.0,0.0,0.0
1988-08-10,3.5176629666736865,3.5315119364603644,3.37917246090994,3.462266683578491,1414546.0,0.0,0.0
1988-08-11,3.434568744005135,3.462266683578491,3.406870400483296,3.462266683578491,1002034.0,0.0,0.0
1988-08-12,3.4068708965293446,3.5176634788513184,3.4068708965293446,3.5176634788513184,795204.0,0.0,0.0
1988-08-15,3.489967347685628,3.503816326680913,3.434571027755737,3.4345710277557373,420923.0,0.0,0.0
1988-08-16,3.406871081483823,3.531512642375532,3.406871081483823,3.503814697265625,1108316.0,0.0,0.0
1988-08-17,3.5315124506544295,3.545361826406083,3.4761161594934427,3.5176634788513184,552055.0,0.0,0.0
1988-08-18,3.5038152645172502,3.5730605424510746,3.4899662897202113,3.531513214111328,713772.0,0.0,0.0
1988-08-19,3.573059963988956,3.573059963988956,3.476116348207154,3.503814697265625,1530386.0,0.0,0.0
1988-08-22,3.517663914872053,3.5315128883917692,3.3930223452974224,3.4068713188171387,963421.0,0.0,0.0
1988-08-23,3.420720843523232,3.4345698176390482,3.3514753670212354,3.379173517227173,894987.0,0.0,0.0
1988-08-24,3.3930221089288692,3.697701524880665,3.379173136373916,3.503814697265625,895369.0,0.0,0.0
1988-08-25,3.4622689857463067,3.489967347685628,3.393023686821131,3.4345710277557373,702303.0,0.0,0.0
1988-08-26,3.4622687029249075,3.4761176807889145,3.4207217693328857,3.4207217693328857,419394.0,0.0,0.0
1988-08-29,3.448420006751022,3.489967347685628,3.434571027755737,3.4345710277557373,483622.0,0.0,0.0
1988-08-30,3.4484177137918133,3.462266683578491,3.434568744005135,3.462266683578491,630811.0,0.0,0.0
1988-08-31,3.4484177137918133,3.476115653365169,3.434568744005135,3.462266683578491,512677.0,0.0,0.0
1988-09-01,3.42072209161063,3.4345710707793957,3.3791747501555744,3.393023729324341,1054410.0,0.0,0.0
1988-09-02,3.4345700012325513,3.6007589113517358,3.4345700012325513,3.586909532546997,1510506.0,0.0,0.0
1988-09-06,3.6007586905435325,3.656154990519544,3.545362390567521,3.642305612564087,824260.0,0.0,0.0
1988-09-07,3.697701818430437,3.697701818430437,3.614607572555542,3.614607572555542,651838.0,0.0,0.0
1988-09-08,3.6423057309997247,3.6561551094055176,3.6284567565425507,3.6561551094055176,1066644.0,0.0,0.0
1988-09-09,3.6423058504160277,3.7946457862854004,3.6423058504160277,3.7946457862854004,1233714.0,0.0,0.0
1988-09-12,3.7946444749334933,3.8783496822558625,3.752791667812968,3.766742467880249,1439014.0,0.06539,0.0
1988-09-13,3.7527910783897527,3.794643878936767,3.7527910783897527,3.7946438789367676,1123991.0,0.0,0.0
1988-09-14,3.83649653978859,3.850447338636437,3.752791339782861,3.8085949420928955,1376697.0,0.0,0.0
1988-09-15,3.7806954383850098,3.7946466533801444,3.7527938222325705,3.7806954383850098,1118638.0,0.0,0.0
1988-09-16,3.7527910783897527,3.8364962725651646,3.7527910783897527,3.7946438789367676,2137494.0,0.0,0.0
1988-09-19,3.808597461456364,3.808597461456364,3.7527938222325705,3.7806954383850098,652220.0,0.0,0.0
1988-09-20,3.7806926741420175,3.8085946768128998,3.7806926741420175,3.7946438789367676,915632.0,0.0,0.0
1988-09-21,3.7946441432450486,3.822545740940743,3.7806929374785554,3.8085949420928955,805909.0,0.0,0.0
1988-09-22,3.7806933390789492,3.8085953466571523,3.6969881301817176,3.7109389305114746,902251.0,0.0,0.0
1988-09-23,3.683038172294216,3.7527925968170166,3.683038172294216,3.7527925968170166,733270.0,0.0,0.0
1988-09-26,3.72489333152771,3.766746179892932,3.69699170389695,3.72489333152771,295143.0,0.0,0.0
1988-09-27,3.6830373298519605,3.7109389305114746,3.6830373298519605,3.7109389305114746,974125.0,0.0,0.0
1988-09-28,3.683037186165838,3.6969879859513335,3.6411843798906793,3.66908597946167,1027266.0,0.0,0.0
1988-09-29,3.669089669347108,3.7388445522621723,3.655138855531728,3.72489333152771,1796856.0,0.0,0.0
1988-09-30,3.7388393034316483,3.7806916861226383,3.6132809346031456,3.6551337242126465,1234478.0,0.0,0.0
1988-10-03,3.6551353222737575,3.7388409380896777,3.6551353222737575,3.7109389305114746,1474951.0,0.0,0.0
1988-10-04,3.724890510068815,3.724890510068815,3.6411852836608887,3.6411852836608887,1376315.0,0.0,0.0
1988-10-05,3.6551349340106394,3.8085949420928955,3.627233336314945,3.8085949420928955,2032359.0,0.0,0.0
1988-10-06,3.766744513522607,3.822548151016235,3.766744513522607,3.8225481510162354,1841968.0,0.0,0.0
1988-10-07,3.8364967618158246,3.892300367355347,3.7946443628501845,3.8923003673553467,1856879.0,0.0,0.0
1988-10-10,3.8922999172139225,3.906250715255737,3.8643983211302935,3.9062507152557373,1052499.0,0.0,0.0
1988-10-11,3.892300220611961,3.892300220611961,3.836496617176287,3.850447416305542,713390.0,0.0,0.0
1988-10-12,3.822544475732139,3.836495269962469,3.6272321357519863,3.6551337242126465,1475716.0,0.0,0.0
1988-10-13,3.6551345909838,3.7388401900525765,3.627232995906613,3.6969873905181885,3126147.0,0.0,0.0
1988-10-14,3.6969889758150196,3.76674340033782,3.6969889758150196,3.7527925968170166,2310680.0,0.0,0.0
1988-10-17,3.724889660759724,3.7806932679475307,3.724889660759724,3.766742467880249,1089965.0,0.0,0.0
1988-10-18,3.738840616352848,3.850447416305542,3.738840616352848,3.850447416305542,942394.0,0.0,0.0
1988-10-19,3.878349343250777,3.878349343250777,3.7946441432450486,3.8085949420928955,1135842.0,0.0,0.0
1988-10-20,3.822545520086228,3.906250715255737,3.8085947220444134,3.9062507152557373,955010.0,0.0,0.0
1988-10-21,3.8504504895323093,3.9341561649546084,3.8504504895323093,3.9202053546905518,1803355.0,0.0,0.0
1988-10-24,3.9202023735844427,3.9481039728948693,3.8783495677001336,3.8923003673553467,1180573.0,0.0,0.0
1988-10-25,3.9202019202161735,3.934152718257988,3.8643983211302935,3.9062507152557373,792528.0,0.0,0.0
1988-10-26,3.9202023735844427,3.9202023735844427,3.8643987680449206,3.8923003673553467,835729.0,0.0,0.0
1988-10-27,3.86439854440293,3.878349343250777,3.7946441432450486,3.8085949420928955,765002.0,0.0,0.0
1988-10-28,3.8085950189177766,3.8783494214827057,3.8085950189177766,3.850447416305542,758885.0,0.0,0.0
1988-10-31,3.836496617176287,3.864398622353451,3.8085950189177766,3.850447416305542,923660.0,0.0,0.0
1988-11-01,3.8783493955950483,3.8783493955950483,3.808594993495724,3.836496591567993,527205.0,0.0,0.0
1988-11-02,3.808594993495724,3.864398596558914,3.7946441944595897,3.836496591567993,1828588.0,0.0,0.0
1988-11-03,3.850447416305542,3.8783494214827057,3.8225458180470318,3.850447416305542,982154.0,0.0,0.0
1988-11-04,3.822549842073534,3.878353504254136,3.72489333152771,3.72489333152771,909897.0,0.0,0.0
1988-11-07,3.7527910783897527,3.8225454746890324,3.7527910783897527,3.7946438789367676,569259.0,0.0,0.0
1988-11-08,3.8085952750007745,3.8225460750680558,3.7388408677456866,3.766742467880249,464124.0,0.0,0.0
1988-11-09,3.710937865162833,3.7667414573802653,3.696987068838118,3.738839864730835,824260.0,0.0,0.0
1988-11-10,3.7527906610555504,3.7527906610555504,3.696987068838118,3.738839864730835,394926.0,0.0,0.0
1988-11-11,3.696988903572431,3.696988903572431,3.6132832702457303,3.6411852836608887,751239.0,0.0,0.0
1988-11-14,3.65513574705272,3.696988559824575,3.627234143150641,3.683037757873535,610166.0,0.0,0.0
1988-11-15,3.68304089008157,3.72489333152771,3.68304089008157,3.72489333152771,342167.0,0.0,0.0
1988-11-16,3.7109393617756146,3.7109393617756146,3.627234143150641,3.683037757873535,635017.0,0.0,0.0
1988-11-17,3.6830372561838227,3.6830372561838227,3.5853808419914697,3.6132824420928955,1378227.0,0.0,0.0
1988-11-18,3.6132823734010153,3.66908597946167,3.5993315736155203,3.66908597946167,477123.0,0.0,0.0
1988-11-21,3.6411843798906793,3.66908597946167,3.5993315736155203,3.66908597946167,393014.0,0.0,0.0
1988-11-22,3.6551353222737575,3.7109389305114746,3.6132825143657974,3.7109389305114746,465271.0,0.0,0.0
1988-11-23,3.738840540935014,3.8085949420928955,3.696987737472827,3.8085949420928955,637310.0,0.0,0.0
1988-11-25,3.766742467880249,3.7806932679475307,3.7388408677456866,3.766742467880249,335668.0,0.0,0.0
1988-11-28,3.7527925968170166,3.7806942038586238,3.7388417932962126,3.7527925968170166,365488.0,0.0,0.0
1988-11-29,3.724890582856627,3.7806942038586238,3.7109397793358236,3.7527925968170166,863638.0,0.0,0.0
1988-11-30,3.7527938222325705,3.8364990776088037,3.7248917991612163,3.7806954383850098,1124373.0,0.0,0.0
1988-12-01,3.76674463030879,3.7946466533801444,3.7527938222325705,3.7806954383850098,388809.0,0.0,0.0
1988-12-02,3.766746179892932,3.766746179892932,3.69699170389695,3.72489333152771,743975.0,0.0,0.0
1988-12-05,3.7552687478093447,3.8537216186523438,3.7412041691853126,3.8537216186523438,1356817.0,0.07062,0.0
1988-12-06,3.825591435167554,3.938108444213867,3.811526450079146,3.938108444213867,991329.0,0.0,0.0
1988-12-07,3.9381094823652036,3.9803036282789503,3.895915746688843,3.8959157466888428,1083466.0,0.0,0.0
1988-12-08,3.8959135545668935,3.9099781252119383,3.881848573684693,3.8818485736846924,450743.0,0.0,0.0
1988-12-09,3.8818507578926695,3.9099803252476297,3.867786179333883,3.8959157466888428,969155.0,0.0,0.0
1988-12-12,3.89591655065179,3.89591655065179,3.8255932331085205,3.8255932331085205,906074.0,0.0,0.0
1988-12-13,3.8255920009472124,3.8396565778783995,3.7271391419542264,3.8115270137786865,501208.0,0.0,0.0
1988-12-14,3.7833978599163127,3.8677857317407733,3.7833978599163127,3.8115270137786865,958451.0,0.0,0.0
1988-12-15,3.8115272958870348,3.8396568620687437,3.7552685737609863,3.7552685737609863,778000.0,0.0,0.0
1988-12-16,3.7552682958166,3.853721154809586,3.741203718885413,3.8115270137786865,1482980.0,0.0,0.0
1988-12-19,3.8255931159248595,3.924045593374701,3.79746354362672,3.9099810123443604,877019.0,0.0,0.0
1988-12-20,3.9381101744050415,3.966239746703181,3.909981012344361,3.9099810123443604,949657.0,0.0,0.0
1988-12-21,3.9381101744050415,3.9381101744050415,3.8818514400462214,3.9099810123443604,836494.0,0.0,0.0
1988-12-22,3.881850230470365,3.952173934184275,3.8396565005268157,3.924044370651245,802468.0,0.0,0.0
1988-12-23,3.952173934184275,3.9662385108321248,3.909979794003395,3.924044370651245,451890.0,0.0,0.0
1988-12-27,3.895915217355545,3.9381089472990944,3.825591923878966,3.924044370651245,403719.0,0.0,0.0
1988-12-28,3.9803028360284998,3.9803028360284998,3.867785409479211,3.966238260269165,1159163.0,0.0,0.0
1988-12-29,3.980303923353259,4.0506272315979,3.966239343751814,4.0506272315979,1971571.0,0.0,0.0
1988-12-30,4.022497921052258,4.050627079196815,4.0084333419799805,4.0084333419799805,890399.0,0.0,0.0
1989-01-03,3.9803043277335215,3.9803043277335215,3.8818514400462214,3.9099810123443604,966479.0,0.0,0.0
1989-01-04,3.924045047071508,4.0084333419799805,3.90998046799923,4.0084333419799805,1088818.0,0.0,0.0
1989-01-05,4.022495984131459,4.022495984131459,3.8818490304210926,3.980301856994629,1212687.0,0.0,0.0
1989-01-06,3.966237284694753,4.0365605564313345,3.9381077298577982,3.980301856994629,642663.0,0.0,0.0
1989-01-09,3.966237284694753,3.9943664292945043,3.9099785852580475,3.980301856994629,667513.0,0.0,0.0
1989-01-10,3.9943664292945043,3.9943664292945043,3.966237284694753,3.980301856994629,538292.0,0.0,0.0
1989-01-11,4.0084333419799805,4.0084333419799805,3.9662391945257442,4.0084333419799805,617813.0,0.0,0.0
1989-01-12,4.022499223360897,4.092822551727295,4.008434639735124,4.092822551727295,942011.0,0.0,0.0
1989-01-13,4.092821388864328,4.106885968494036,4.0365626601080775,4.078756809234619,1317439.0,0.0,0.0
1989-01-16,4.050627290409642,4.064692280452715,4.008433550992689,4.02249813079834,767678.0,0.0,0.0
1989-01-17,4.008432107628673,4.022496682369925,3.994367122650147,3.9943671226501465,740916.0,0.0,0.0
1989-01-18,4.008431883843351,4.092819737816876,3.9662377517379626,4.064690589904785,1315146.0,0.0,0.0
1989-01-19,4.036562554635743,4.219403315756712,4.036562554635743,4.163144588470459,1570911.0,0.0,0.0
1989-01-20,4.135014038821028,4.149078613351555,4.078755330461651,4.106884479522705,1004710.0,0.0,0.0
1989-01-23,4.092821440064017,4.149080169524044,4.02249813079834,4.02249813079834,592198.0,0.0,0.0
1989-01-24,3.9381083544445743,4.149078613351555,3.9381083544445743,4.106884479522705,1529621.0,0.0,0.0
1989-01-25,4.1209505974631,4.233468045121727,4.07875645203177,4.205338478088379,2009420.0,0.0,0.0
1989-01-26,4.135015131816355,4.289726313021002,4.135015131816355,4.261597156524658,1378609.0,0.0,0.0
1989-01-27,4.303790092468262,4.345983815359545,4.2756605336368105,4.303790092468262,1499037.0,0.0,0.0
1989-01-30,4.331920458002895,4.345985036251068,4.247532578276486,4.261597156524658,1269651.0,0.0,0.0
1989-01-31,4.275660514831543,4.289725089066779,4.219401807653342,4.275660514831543,1229126.0,0.0,0.0
1989-02-01,4.247532523127536,4.303791245627152,4.205338378693481,4.289726257324219,3021394.0,0.0,0.0
1989-02-02,4.27566104281315,4.27566104281315,4.21940232868782,4.247531890869141,686628.0,0.0,0.0
1989-02-03,4.21940279006958,4.261596932836736,4.191273635049714,4.21940279006958,834582.0,0.0,0.0
1989-02-06,4.233468045121727,4.233468045121727,4.1631443326570485,4.205338478088379,717595.0,0.0,0.0
1989-02-07,4.219403011542765,4.303791301506552,4.219403011542765,4.261597156524658,1619464.0,0.0,0.0
1989-02-08,4.247532355326802,4.275661510346669,4.21940279006958,4.21940279006958,1079260.0,0.0,0.0
1989-02-09,4.219403056486362,4.233468045121727,4.1772093212924135,4.205338478088379,1836998.0,0.0,0.0
1989-02-10,4.177209687117412,4.205338846376828,4.078756809234619,4.078756809234619,1101052.0,0.0,0.0
1989-02-13,4.078756965410613,4.149080276489258,4.02249823450021,4.149080276489258,863255.0,0.0,0.0
1989-02-14,4.149080276489258,4.177209847063176,4.120951116152773,4.149080276489258,852933.0,0.0,0.0
1989-02-15,4.149081434104106,4.247534343225532,4.135016850011773,4.191275596618652,580729.0,0.0,0.0
1989-02-16,4.247531890869141,4.303790604994471,4.233467314897136,4.247531890869141,496620.0,0.0,0.0
1989-02-17,4.275660514831543,4.289725089066779,4.2475313663610725,4.275660514831543,674777.0,0.0,0.0
1989-02-21,4.275661510346669,4.275661510346669,4.2053382125596475,4.21940279006958,556261.0,0.0,0.0
1989-02-22,4.191275596618652,4.219404764803318,4.149081434104106,4.191275596618652,809732.0,0.0,0.0
1989-02-23,4.135015175861083,4.219403056486362,4.1209505974631,4.205338478088379,675159.0,0.0,0.0
1989-02-24,4.177209847063176,4.191274427231418,4.120951116152773,4.149080276489258,1079643.0,0.0,0.0
1989-02-27,4.135013580322266,4.163142726264303,4.120949007351247,4.135013580322266,822731.0,0.0,0.0
1989-02-28,4.106885861184207,4.163144588470459,4.078756702659784,4.163144588470459,613989.0,0.0,0.0
1989-03-01,4.163145880093694,4.177210873957001,4.03656380698667,4.092822551727295,802468.0,0.0,0.0
1989-03-02,4.078755330461651,4.149078613351555,4.078755330461651,4.106884479522705,657955.0,0.0,0.0
1989-03-03,4.078757968101522,4.149081296467921,4.078757968101522,4.092822551727295,1223774.0,0.0,0.0
1989-03-06,4.080914986057457,4.109254888723595,4.080914986057457,4.095085144042969,1007004.0,0.07062,0.0
1989-03-07,4.123424103057115,4.137593845915255,4.066744718319721,4.109254360198975,1447042.0,0.0,0.0
1989-03-08,4.080915729341607,4.18010478678172,4.080915729341607,4.165935039520264,1643932.0,0.0,0.0
1989-03-09,4.18010478678172,4.194274534043176,4.1517652922588075,4.165935039520264,894987.0,0.0,0.0
1989-03-10,4.137597376589573,4.194276809692383,4.123427621640166,4.194276809692383,697715.0,0.0,0.0
1989-03-13,4.222618103027344,4.250957622121601,4.180108411080639,4.222618103027344,689305.0,0.0,0.0
1989-03-14,4.194275272424614,4.250954684753529,4.194275272424614,4.236784934997559,387280.0,0.0,0.0
1989-03-15,4.250953017315511,4.335972309112549,4.250953017315511,4.335972309112549,1633227.0,0.0,0.0
1989-03-16,4.3359743263196435,4.3359743263196435,4.265125159064499,4.293464660644531,1037206.0,0.0,0.0
1989-03-17,4.137597376589573,4.236786487845786,4.137597376589573,4.194276809692383,1756713.0,0.0,0.0
1989-03-20,4.1375947105657715,4.165934615509193,4.12342496474652,4.151764869689941,692363.0,0.0,0.0
1989-03-21,4.194278170627767,4.236787862574472,4.180108411080639,4.222618103027344,651838.0,0.0,0.0
1989-03-22,4.208446560253284,4.250955820882405,4.1801066398620605,4.1801066398620605,676306.0,0.0,0.0
1989-03-23,4.1801043613284445,4.194274107147696,4.1375947105657715,4.151764869689941,504267.0,0.0,0.0
1989-03-27,4.12342496474652,4.1801043613284445,4.109255218927268,4.151764869689941,1351083.0,0.0,0.0
1989-03-28,4.1659386515335095,4.236787862574472,4.1659386515335095,4.222618103027344,704215.0,0.0,0.0
1989-03-29,4.250954684753529,4.2934643473264735,4.222615185241588,4.236784934997559,697715.0,0.0,0.0
1989-03-30,4.222618103027344,4.222618103027344,4.180108411080639,4.222618103027344,656426.0,0.0,0.0
1989-03-31,4.222611786249256,4.307630629654174,4.2084420478992195,4.279291152954102,635781.0,0.0,0.0
1989-04-03,4.293465321536912,4.435163677858804,4.293465321536912,4.3926544189453125,4134680.0,0.0,0.0
1989-04-04,4.364313659698258,4.392653573491128,4.321803995661476,4.350143909454346,1408047.0,0.0,0.0
1989-04-05,4.335974159210434,4.350143909454346,4.250954831136871,4.350143909454346,816231.0,0.0,0.0
1989-04-06,4.307634046590686,4.335973959075475,4.265124797821045,4.265124797821045,787558.0,0.0,0.0
1989-04-07,4.26512499468583,4.40682332373504,4.250954831136871,4.350143909454346,2298064.0,0.0,0.0
1989-04-10,4.378484133866449,4.477673228583525,4.3643143812797565,4.420993804931641,1646990.0,0.0,0.0
1989-04-11,4.406824052344948,4.435163557518333,4.378484133866449,4.420993804931641,1176749.0,0.0,0.0
1989-04-12,4.3926538838562355,4.435163137591482,4.3926538838562355,4.406823635101318,1349553.0,0.0,0.0
1989-04-13,4.40682288672287,4.520181704042784,4.392653137884133,4.491841793060303,1239831.0,0.0,0.0
1989-04-14,4.5060104302786606,4.548519662408887,4.463500784843569,4.5343499183654785,2696431.0,0.0,0.0
1989-04-17,4.534352420288669,4.548522172150532,4.477672999536119,4.506012916564941,904163.0,0.0,0.0
1989-04-18,4.534352244232741,4.5626921601612045,4.520182492921048,4.548521995544434,1490243.0,0.0,0.0
1989-04-19,4.534352786671654,4.690221309661865,4.534352786671654,4.690221309661865,2202104.0,0.0,0.0
1989-04-20,4.661881390343132,4.71856081567547,4.64771163733633,4.690221309661865,1735304.0,0.0,0.0
1989-04-21,4.690219768435593,4.7327290134872815,4.676049606780039,4.718559265136719,1071997.0,0.0,0.0
1989-04-24,4.690220137162831,4.8177487089536895,4.661880224928738,4.761069297790527,1949780.0,0.0,0.0
1989-04-25,4.76106983269101,4.831919001278526,4.7327299172729616,4.7469000816345215,1924930.0,0.0,0.0
1989-04-26,4.732732078287854,4.732732078287854,4.6618828773498535,4.6618828773498535,969920.0,0.0,0.0
1989-04-27,4.661880436050987,4.718559849780986,4.647710685944749,4.676050186157227,1339996.0,0.0,0.0
1989-04-28,4.661881507414298,4.8035802809561075,4.6477117540516595,4.78941011428833,1559442.0,0.0,0.0
1989-05-01,4.761067202792702,4.8460860754743385,4.732727303028928,4.831916332244873,1049058.0,0.0,0.0
1989-05-02,4.789408477676405,4.931107202797658,4.775238729155778,4.874427795410156,1819030.0,0.0,0.0
1989-05-03,4.846087885063906,4.9452769513182835,4.846087885063906,4.874427795410156,1597672.0,0.0,0.0
1989-05-04,4.874427795410156,4.902767292451408,4.7610689806351525,4.874427795410156,1387402.0,0.0,0.0
1989-05-05,4.902768305358399,4.931108221559646,4.846088886260986,4.846088886260986,914867.0,0.0,0.0
1989-05-08,4.789409334803988,4.817749250222037,4.690220664103495,4.7469000816345215,834200.0,0.0,0.0
1989-05-09,4.746899175142836,4.775238671843961,4.704389516786156,4.718559265136719,960744.0,0.0,0.0
1989-05-10,4.704390415159984,4.76106983269101,4.676050499741935,4.7469000816345215,693510.0,0.0,0.0
1989-05-11,4.77524036092569,4.817750034318747,4.77524036092569,4.78941011428833,514589.0,0.0,0.0
1989-05-12,4.902767292451408,4.931107202797658,4.846087885063906,4.874427795410156,1468452.0,0.0,0.0
1989-05-15,4.86025804688953,4.888597543930782,4.817748388022654,4.874427795410156,715684.0,0.0,0.0
1989-05-16,4.902765461697044,4.902765461697044,4.831916332244873,4.831916332244873,691216.0,0.0,0.0
1989-05-17,4.846087885063906,4.874427795410156,4.803578639502028,4.874427795410156,877401.0,0.0,0.0
1989-05-18,4.8744288024622335,4.8744288024622335,4.8035796319167385,4.846088886260986,716066.0,0.0,0.0
1989-05-19,4.874427795410156,4.9452769513182835,4.86025804688953,4.874427795410156,2089705.0,0.0,0.0
1989-05-22,4.902767292451408,4.931107202797658,4.86025804688953,4.874427795410156,1144253.0,0.0,0.0
1989-05-23,4.888598732378866,4.888598732378866,4.789409642011018,4.803579807281494,991329.0,0.0,0.0
1989-05-24,4.817747592926025,4.8319173391081485,4.78940768725685,4.817747592926025,1564412.0,0.0,0.0
1989-05-25,4.817746589015407,4.8460860754743385,4.803576845785941,4.831916332244873,1510888.0,0.0,0.0
1989-05-26,4.846087357328557,4.902766758543713,4.817747863373454,4.888597011566162,678600.0,0.0,0.0
1989-05-30,4.8744288024622335,4.902768305358399,4.8035796319167385,4.846088886260986,641898.0,0.0,0.0
1989-05-31,4.846086038641752,4.888595681311897,4.831916295519982,4.860256195068359,986741.0,0.0,0.0
1989-06-01,4.888598746395484,4.973618085041721,4.888598746395484,4.945278167724609,974508.0,0.0,0.0
1989-06-02,5.001957054695446,5.03029696898501,4.916938138436866,4.9736175537109375,2091999.0,0.0,0.0
1989-06-05,4.961638010972345,5.018668347277681,4.933122634887695,4.933122634887695,940864.0,0.07062,0.0
1989-06-06,4.961639672829648,5.032927513122559,4.947382187943886,5.032927513122559,1129725.0,0.0,0.0
1989-06-07,5.132729530334473,5.146987011862711,5.047183809437029,5.132729530334473,1025737.0,0.0,0.0
1989-06-08,5.189760536647929,5.275305852631947,5.146987670723893,5.246790885925293,1658842.0,0.0,0.0
1989-06-09,5.218278408050537,5.275308789073221,5.204020916760938,5.218278408050537,1135842.0,0.0,0.0
1989-06-12,5.204020326586342,5.261050701141357,5.132732462358634,5.261050701141357,625076.0,0.0,0.0
1989-06-13,5.24679326793403,5.275308247586292,5.218277872417522,5.232535362243652,860197.0,0.0,0.0
1989-06-14,5.289563335985273,5.3180787185559835,5.218275503354583,5.246790885925293,1143106.0,0.0,0.0
1989-06-15,5.261051297783622,5.261051297783622,5.175505518317452,5.218278408050537,1919195.0,0.0,0.0
1989-06-16,5.2040169759824435,5.2753047943115225,5.2040169759824435,5.275304794311523,2019360.0,0.0,0.0
1989-06-19,5.246790267491135,5.318078091719197,5.246790267491135,5.303820610046387,649162.0,0.0,0.0
1989-06-20,5.275306126605526,5.332336478844767,5.2467911584179445,5.318078994750977,2173431.0,0.0,0.0
1989-06-21,5.346592909584157,5.531941413879394,5.261047606010969,5.5319414138793945,2303416.0,0.0,0.0
1989-06-22,5.417881478953121,5.432138961109603,5.332335754286186,5.403623580932617,1305970.0,0.0,0.0
1989-06-23,5.43214077130162,5.460655745116838,5.332337531220039,5.4463982582092285,1211540.0,0.0,0.0
1989-06-26,5.36085319519043,5.403625658101731,5.332337804052046,5.36085319519043,877783.0,0.0,0.0
1989-06-27,5.360851659633101,5.403624110292703,5.360851659633101,5.389366626739502,1430985.0,0.0,0.0
1989-06-28,5.38936546998364,5.403622950476661,5.218274456475465,5.275304794311523,1137754.0,0.0,0.0
1989-06-29,5.261047695816633,5.261047695816633,5.10421415141399,5.132729530334473,1622523.0,0.0,0.0
1989-06-30,5.089959489821559,5.104216979248722,4.9046108796757295,4.975898742675781,2127554.0,0.0,0.0
1989-07-03,5.032927513122559,5.04718499800832,5.004412543351035,5.032927513122559,555114.0,0.0,0.0
1989-07-05,5.0329298368700535,5.061445235671487,4.975899455131481,5.047187328338623,605961.0,0.0,0.0
1989-07-06,5.0329298368700535,5.061445235671487,5.004414853932915,5.047187328338623,1073908.0,0.0,0.0
1989-07-07,5.047184739499694,5.161245444471987,5.004412287033145,5.118472576141357,920602.0,0.0,0.0
1989-07-10,5.075700123674808,5.161245444471987,5.032927255344178,5.118472576141357,729447.0,0.0,0.0
1989-07-11,5.146990535738255,5.246793806494024,5.146990535738255,5.218278408050537,1147694.0,0.0,0.0
1989-07-12,5.18976342547134,5.218278408050537,5.18976342547134,5.218278408050537,806674.0,0.0,0.0
1989-07-13,5.246793806494024,5.275308789073221,5.18976342547134,5.218278408050537,788323.0,0.0,0.0
1989-07-14,5.218275774366284,5.318078994750977,5.2040182902724945,5.318078994750977,1121697.0,0.0,0.0
1989-07-17,5.289564609527588,5.318079998963808,5.246792149169494,5.289564609527588,269911.0,0.0,0.0
1989-07-18,5.232532986707909,5.26104836927862,5.218275503354583,5.246790885925293,662543.0,0.0,0.0
1989-07-19,5.2325342911384585,5.4463982582092285,5.2325342911384585,5.4463982582092285,837258.0,0.0,0.0
1989-07-20,5.503426145655758,5.503426145655758,5.2753047943115225,5.275304794311523,1500566.0,0.0,0.0
1989-07-21,5.275306962852191,5.3751101990577865,5.275306962852191,5.34659481048584,635399.0,0.0,0.0
1989-07-24,5.34659305506482,5.360850952601639,5.2610477491639465,5.303820610046387,399896.0,0.0,0.0
1989-07-25,5.332336478844767,5.375109346990217,5.2467911584179445,5.318078994750977,763090.0,0.0,0.0
1989-07-26,5.346594963417464,5.474913591865375,5.289564600506445,5.460655689239502,1461570.0,0.0,0.0
1989-07-27,5.503427729318153,5.646003407003787,5.503427729318153,5.603230953216553,1664959.0,0.0,0.0
1989-07-28,5.5889739990234375,5.603231901897275,5.546201537994418,5.5889739990234375,740152.0,0.0,0.0
1989-07-31,5.560452702123764,5.688770771026611,5.54619523132649,5.688770771026611,1457747.0,0.0,0.0
1989-08-01,5.688774377383719,5.688774377383719,5.560456227134515,5.574713706970215,1556001.0,0.0,0.0
1989-08-02,5.560453521414511,5.560453521414511,5.417877960706961,5.50342321395874,983301.0,0.0,0.0
1989-08-03,5.503428036692093,5.560458394124389,5.474913065908004,5.489170551300049,602902.0,0.0,0.0
1989-08-04,5.460655164651842,5.503428036692093,5.403624807219547,5.489170551300049,1110228.0,0.0,0.0
1989-08-07,5.432139890475336,5.617488437812297,5.417882405879592,5.603230953216553,1132784.0,0.0,0.0
1989-08-08,5.546199311028256,5.574714273597986,5.446396110306206,5.5319414138793945,785264.0,0.0,0.0
1989-08-09,5.4891731186334844,5.54620350273938,5.417885242467192,5.432142734527588,737476.0,0.0,0.0
1989-08-10,5.34659481048584,5.34659481048584,5.303822351424138,5.34659481048584,881989.0,0.0,0.0
1989-08-11,5.403624034540001,5.474912283034748,5.189760536647929,5.246790885925293,1356817.0,0.0,0.0
1989-08-14,5.275306962852191,5.446398046691436,5.218276601572444,5.34659481048584,790234.0,0.0,0.0
1989-08-15,5.33233732413194,5.3608527127038865,5.303822351424138,5.34659481048584,497385.0,0.0,0.0
1989-08-16,5.289564609527588,5.3323374857498385,5.218276759733274,5.289564609527588,784882.0,0.0,0.0
1989-08-17,5.360850508997598,5.375107989490619,5.24678983332548,5.275304794311523,985977.0,0.0,0.0
1989-08-18,5.275305409796236,5.403623580932616,5.275305409796236,5.403623580932617,911809.0,0.0,0.0
1989-08-21,5.403624034540001,5.403624034540001,5.246790885925294,5.246790885925293,601373.0,0.0,0.0
1989-08-22,5.24678983332548,5.2895622748045446,5.218274456475465,5.275304794311523,1026884.0,0.0,0.0
1989-08-23,5.318079316852968,5.375109672546387,5.289563931074206,5.375109672546387,664837.0,0.0,0.0
1989-08-24,5.432142613364112,5.474915504455566,5.417885121621729,5.474915504455566,1305588.0,0.0,0.0
1989-08-25,5.446395973818028,5.4891688324647205,5.417881011962891,5.417881011962891,743975.0,0.0,0.0
1989-08-28,5.389366626739502,5.417882009709966,5.360851659633101,5.389366626739502,509237.0,0.0,0.0
1989-08-29,5.4463982582092285,5.460655745116838,5.375110407807026,5.4463982582092285,404101.0,0.0,0.0
1989-08-30,5.417882009709966,5.474912359786831,5.375109143186302,5.389366626739502,666366.0,0.0,0.0
1989-08-31,5.403623580932616,5.432138961109603,5.375108616619653,5.403623580932617,563525.0,0.0,0.0
1989-09-01,5.417877960706961,5.503423213958741,5.3893625990472,5.50342321395874,459154.0,0.0,0.0
1989-09-05,5.503428621703824,5.503428621703824,5.403625381622242,5.4463982582092285,481710.0,0.0,0.0
1989-09-06,5.389367848758121,5.389367848758121,5.246792149169494,5.289564609527588,2753013.0,0.0,0.0
1989-09-07,5.275308190814051,5.318081075696372,5.261050701141357,5.261050701141357,753533.0,0.0,0.0
1989-09-08,5.26104995000236,5.389368170464631,5.232534558863977,5.36085319519043,826936.0,0.0,0.0
1989-09-11,5.391825237067523,5.391825237067523,5.262765246700359,5.320125102996826,899193.0,0.07062,0.0
1989-09-12,5.305784726069895,5.320124584178887,5.21974515914917,5.21974515914917,607873.0,0.0,0.0
1989-09-13,5.248426175089305,5.277106316676424,5.105026721954346,5.105026721954346,707273.0,0.0,0.0
1989-09-14,5.105026893352962,5.1337066176361095,5.033327164378202,5.047667026519775,1126285.0,0.0,0.0
1989-09-15,5.076344883580053,5.191064575049288,5.062005026713083,5.148044586181641,2337060.0,0.0,0.0
1989-09-18,5.119364872447701,5.176724718182318,5.076344883580053,5.148044586181641,345226.0,0.0,0.0
1989-09-19,5.133704854179191,5.191064701308943,5.133704854179191,5.162384986877441,755062.0,0.0,0.0
1989-09-20,5.148047572099516,5.162387855550729,5.0046480837232385,5.076347827911377,1101817.0,0.0,0.0
1989-09-21,5.09068811136259,5.119367841731053,5.01898794890747,5.076347827911377,854080.0,0.0,0.0
1989-09-22,5.090687031211388,5.090687031211388,5.004647021828162,5.047667026519775,1154958.0,0.0,0.0
1989-09-25,4.990307159686588,5.076346750802922,4.975967297545014,5.047667026519775,1260475.0,0.0,0.0
1989-09-26,5.033326995386866,5.133706445274586,5.033326995386866,5.105026721954346,1197776.0,0.0,0.0
1989-09-27,5.105024268678858,5.105024268678858,5.033324576567453,5.090684413909912,909897.0,0.0,0.0
1989-09-28,5.090686285891003,5.176725864410401,5.090686285891003,5.1767258644104,834200.0,0.0,0.0
1989-09-29,5.205403257715532,5.205403257715532,5.162383696818693,5.191063404083252,721036.0,0.0,0.0
1989-10-02,5.162386004368306,5.176725864410401,5.119366005975192,5.1767258644104,300113.0,0.0,0.0
1989-10-03,5.162386004368306,5.191065724452495,5.133705866017286,5.1767258644104,942394.0,0.0,0.0
1989-10-04,5.176724844093193,5.205404558524695,5.148044711394943,5.162384986877441,1397342.0,0.0,0.0
1989-10-05,5.148046306934707,5.176726448521825,5.076346580367227,5.105026721954346,1049058.0,0.0,0.0
1989-10-06,5.105026721954346,5.133706445274586,5.0620067187071065,5.105026721954346,1530004.0,0.0,0.0
1989-10-09,5.105024000616747,5.1623838349472715,5.076343874318156,5.133703708648682,837641.0,0.0,0.0
1989-10-10,5.162384986877441,5.191064701308943,5.133704854179191,5.162384986877441,1486038.0,0.0,0.0
1989-10-11,5.133708265578044,5.133708265578044,4.99030876159668,4.99030876159668,1763977.0,0.0,0.0
1989-10-12,5.004643987495112,5.033324112656293,4.9042641768309405,5.018983840942383,2534331.0,0.0,0.0
1989-10-13,4.990305707738706,5.0189854236773845,4.359347356153313,4.531426906585693,1908873.0,0.0,0.0
1989-10-16,4.488406457974795,4.803885810819075,4.488406457974795,4.78954553604126,4976526.0,0.0,0.0
1989-10-17,4.76086783003238,4.78954755514491,4.7035079615404145,4.71784782409668,1692103.0,0.0,0.0
1989-10-18,4.703504562377931,4.760864389416683,4.6748248579918545,4.70350456237793,1403459.0,0.0,0.0
1989-10-19,4.70350443235934,4.803884231469018,4.689164580562698,4.7608642578125,2259068.0,0.0,0.0
1989-10-20,4.732185087049901,4.732185087049901,4.631805686032081,4.674825668334961,2100028.0,0.0,0.0
1989-10-23,4.660484587532215,4.732184266764006,4.660484587532215,4.70350456237793,1123226.0,0.0,0.0
1989-10-24,4.674828828653372,4.674828828653372,4.603128670254983,4.646148681640625,1455071.0,0.0,0.0
1989-10-25,4.646146708717017,4.660486567000684,4.617466992149683,4.63180685043335,1141959.0,0.0,0.0
1989-10-26,4.617468952894836,4.717848421772056,4.588788805882088,4.646148681640625,1151899.0,0.0,0.0
1989-10-27,4.646146708717017,4.646146708717017,4.560107140748234,4.63180685043335,1372110.0,0.0,0.0
1989-10-30,4.61746763090487,4.674827490241168,4.560107771568573,4.5744476318359375,773030.0,0.0,0.0
1989-10-31,4.588787143537958,4.617467280160977,4.560107425181747,4.6031270027160645,1760154.0,0.0,0.0
1989-11-01,4.63180881726773,4.66048854601352,4.603128670254983,4.646148681640625,1673752.0,0.0,0.0
1989-11-02,4.674828828653372,4.674828828653372,4.603128670254983,4.646148681640625,2549624.0,0.0,0.0
1989-11-03,4.631805686032081,4.703505377692431,4.631805686032081,4.674825668334961,1685221.0,0.0,0.0
1989-11-06,4.67482484611915,4.67482484611915,4.574445044489617,4.617465019226074,818908.0,0.0,0.0
1989-11-07,4.617469011831488,4.689168752878084,4.603128729008598,4.660488605499268,1344583.0,0.0,0.0
1989-11-08,4.660485395389551,4.703505377692431,4.646145540710815,4.674825668334961,913338.0,0.0,0.0
1989-11-09,4.703508557399162,4.732188286144952,4.646148681640625,4.646148681640625,867843.0,0.0,0.0
1989-11-10,4.6748248579918545,4.717844414570968,4.660484587532215,4.70350456237793,887341.0,0.0,0.0
1989-11-13,4.703505635121487,4.803885459899902,4.703505635121487,4.803885459899902,1325468.0,0.0,0.0
1989-11-14,4.875585155484472,4.889925010948046,4.775205330706056,4.803885459899902,968773.0,0.0,0.0
1989-11-15,4.818226914355877,4.818226914355877,4.746527194976807,4.746527194976807,457242.0,0.0,0.0
1989-11-16,4.732186794281006,4.7465270723999575,4.674827354872499,4.732186794281006,1455836.0,0.0,0.0
1989-11-17,4.7321837348241,4.8325635254249795,4.7321837348241,4.775203704833984,877783.0,0.0,0.0
1989-11-20,4.746527967476115,4.76086783003238,4.68916809898415,4.71784782409668,642280.0,0.0,0.0
1989-11-21,4.717846741234908,4.732186600499823,4.631807167378609,4.689167022705078,777236.0,0.0,0.0
1989-11-22,4.660487955604715,4.732187686652945,4.660487955604715,4.71784782409668,1042176.0,0.0,0.0
1989-11-24,4.71784388424299,4.803883824262759,4.70350403366188,4.775203704833984,773795.0,0.0,0.0
1989-11-27,4.775205063072618,4.846904754638672,4.775205063072618,4.846904754638672,692745.0,0.0,0.0
1989-11-28,4.818225644574816,4.889925345058358,4.818225644574816,4.861245632171631,893840.0,0.0,0.0
1989-11-29,4.861247704460045,4.87558756701631,4.7035079615404145,4.71784782409668,865932.0,0.0,0.0
1989-11-30,4.717847056265076,4.760867055199253,4.717847056265076,4.746527194976807,621253.0,0.0,0.0
1989-12-01,4.760865208412742,4.9186048644713996,4.746525353752866,4.846904754638672,1217274.0,0.0,0.0
1989-12-04,4.881566524505615,4.91045175287955,4.838239313831464,4.881566524505615,503502.0,0.07847,0.0
1989-12-05,4.88156548409586,4.896008305833541,4.83823828265605,4.852680683135986,559701.0,0.0,0.0
1989-12-06,4.823796843921305,4.867124479041075,4.8093544393006695,4.838239669799805,655661.0,0.0,0.0
1989-12-07,4.823796843921305,4.896009709540209,4.823796843921305,4.838239669799805,863638.0,0.0,0.0
1989-12-08,4.881566699401423,4.924894332885742,4.852681891250443,4.924894332885742,854845.0,0.0,0.0
1989-12-11,4.95378072386391,4.997107946249807,4.924895487682031,4.982665538787842,999358.0,0.0,0.0
1989-12-12,4.968221788369586,4.968221788369586,4.881566524505615,4.881566524505615,859815.0,0.0,0.0
1989-12-13,4.896009709540209,4.910452114160845,4.794912034680034,4.838239669799805,1161457.0,0.0,0.0
1989-12-14,4.809353308971639,4.823795710197916,4.7804685065190835,4.794910907745361,881606.0,0.0,0.0
1989-12-15,4.80935525894165,4.80935525894165,4.751585209355706,4.80935525894165,1740656.0,0.0,0.0
1989-12-18,4.809356468202685,4.809356468202685,4.708259171950903,4.7371439933776855,1231420.0,0.0,0.0
1989-12-19,4.7371424874150465,4.766027299659195,4.621602395922638,4.708257675170898,1189366.0,0.0,0.0
1989-12-20,4.737144533191847,4.780472191527401,4.708259708473538,4.766029357910156,1288384.0,0.0,0.0
1989-12-21,4.766027299659195,4.794912533161251,4.693814847790916,4.708257675170898,3225930.0,0.0,0.0
1989-12-22,4.708257675170898,4.751584893537121,4.664930035546768,4.708257675170898,456478.0,0.0,0.0
1989-12-26,4.722702089535609,4.794914572110924,4.708259677272164,4.7515869140625,359753.0,0.0,0.0
1989-12-27,4.751583282808763,4.823795710197916,4.751583282808763,4.794910907745361,446155.0,0.0,0.0
1989-12-28,4.838241293412236,4.910453762006268,4.823798462687025,4.8960113525390625,488592.0,0.0,0.0
1989-12-29,4.924896116350242,5.025993824005127,4.910453707044687,5.025993824005127,482475.0,0.0,0.0
1990-01-02,5.025990573907811,5.069318195064321,4.982662952751301,5.054875373840332,867079.0,0.0,0.0
1990-01-03,5.054876464623774,5.083761692047119,5.011549255375487,5.083761692047119,1250918.0,0.0,0.0
1990-01-04,5.0548747595080705,5.141529991289651,5.040432361297032,5.127087593078613,1184013.0,0.0,0.0
1990-01-05,5.098206291790902,5.098206291790902,5.011551414699572,5.025993824005127,909133.0,0.0,0.0
1990-01-08,4.997109500619377,5.025994745786119,4.9682246767107126,5.011552333831787,617048.0,0.0,0.0
1990-01-09,4.982665945209671,5.0115511837476365,4.924895889391722,4.9537811279296875,694657.0,0.0,0.0
1990-01-10,4.968221788369586,4.968221788369586,4.8526817173895145,4.881566524505615,836494.0,0.0,0.0
1990-01-11,4.910451928810252,4.939336736961232,4.881566699401423,4.924894332885742,944687.0,0.0,0.0
1990-01-12,4.794910659958496,4.88156548409586,4.751583037260942,4.852680683135986,1166427.0,0.0,0.0
1990-01-15,4.852684674581264,4.852684674581264,4.722702120832692,4.766029357910156,851404.0,0.0,0.0
1990-01-16,4.73714283749101,4.751585244680382,4.679372787475586,4.679372787475586,1432515.0,0.0,0.0
1990-01-17,4.6793738964357985,4.766028781366222,4.664931485823734,4.722701549530029,968008.0,0.0,0.0
1990-01-18,4.6938163399794695,4.794914057489294,4.650489107839296,4.7371439933776855,997828.0,0.0,0.0
1990-01-19,4.823799428604865,4.838242262222109,4.751586945551002,4.766029357910156,824260.0,0.0,0.0
1990-01-22,4.751585244680382,4.7949128875064355,4.621602737460161,4.679372787475586,766149.0,0.0,0.0
1990-01-23,4.679373065533197,4.708258302886296,4.621603012084961,4.621603012084961,1022679.0,0.0,0.0
1990-01-24,4.621603012084961,4.650488249438061,4.477178089093354,4.621603012084961,1206952.0,0.0,0.0
1990-01-25,4.664928547971409,4.664928547971409,4.563830894839591,4.578273296356201,1166045.0,0.0,0.0
1990-01-26,4.578274819971642,4.67937250674801,4.578274819971642,4.59271764755249,940100.0,0.0,0.0
1990-01-29,4.621600922163806,4.650486146454799,4.563830894839591,4.578273296356201,674777.0,0.0,0.0
1990-01-30,4.6071600914001465,4.636044904281278,4.578274857261097,4.6071600914001465,1138518.0,0.0,0.0
1990-01-31,4.636046275867862,4.7371439933776855,4.636046275867862,4.7371439933776855,748563.0,0.0,0.0
1990-02-01,4.7082593077731465,4.7082593077731465,4.621603998476912,4.636046409606934,523382.0,0.0,0.0
1990-02-02,4.607161587346891,4.66493165312503,4.59271917621687,4.636046409606934,1016562.0,0.0,0.0
1990-02-05,4.621603012084961,4.664930657485629,4.607160604037393,4.621603012084961,719889.0,0.0,0.0
1990-02-06,4.621603012084961,4.636045420132529,4.592718195989826,4.621603012084961,990947.0,0.0,0.0
1990-02-07,4.6216031735506755,4.664930820465088,4.607160764998531,4.664930820465088,582258.0,0.0,0.0
1990-02-08,4.650487731979761,4.664930138420328,4.6071600914001465,4.6071600914001465,1214980.0,0.0,0.0
1990-02-09,4.607158520647196,4.636043323680416,4.563830894839591,4.578273296356201,1554089.0,0.0,0.0
1990-02-12,4.563832413648708,4.621602460198359,4.549390007325774,4.59271764755249,824642.0,0.0,0.0
1990-02-13,4.607158520647196,4.650486146454799,4.563830894839591,4.578273296356201,1201600.0,0.0,0.0
1990-02-14,4.578274819971642,4.59271764755249,4.563832413648708,4.59271764755249,508090.0,0.0,0.0
1990-02-15,4.621603012084961,4.636045420132529,4.592718195989826,4.621603012084961,598697.0,0.0,0.0
1990-02-16,4.621603012084961,4.621603012084961,4.578275366684293,4.621603012084961,597932.0,0.0,0.0
1990-02-20,4.592716119130585,4.607158520647196,4.549388493322981,4.578273296356201,1038353.0,0.0,0.0
1990-02-21,4.448290840191163,4.578273296356201,4.448290840191163,4.578273296356201,1268886.0,0.0,0.0
1990-02-22,4.592716119130585,4.708256173779013,4.578273296356201,4.578273296356201,1126285.0,0.0,0.0
1990-02-23,4.607160884734798,4.621603293662289,4.563833236694336,4.563833236694336,542498.0,0.0,0.0
1990-02-26,4.549390007325774,4.59271764755249,4.549390007325774,4.59271764755249,739005.0,0.0,0.0
1990-02-27,4.592718356446386,4.693815637569378,4.578275526636262,4.664930820465088,500826.0,0.0,0.0
1990-02-28,4.679373229017233,4.708258467379501,4.63604558210282,4.664930820465088,1292589.0,0.0,0.0
1990-03-01,4.650487731979761,4.766027404762205,4.578274857261097,4.6071600914001465,1646990.0,0.0,0.0
1990-03-02,4.621602395922638,4.722700081292973,4.6071599898005635,4.708257675170898,659867.0,0.0,0.0
1990-03-05,4.670427359346214,4.699526816014452,4.597679354248781,4.612228870391846,1210393.0,0.07847,0.0
1990-03-06,4.6413303889457325,4.714078426361084,4.612230919350215,4.714078426361084,1754037.0,0.0,0.0
1990-03-07,4.714078007161512,4.7286275284743065,4.655879497528076,4.655879497528076,1245948.0,0.0,0.0
1990-03-08,4.684977054595947,4.714076085358639,4.626778568688479,4.684977054595947,1414164.0,0.0,0.0
1990-03-09,4.641328327060084,4.641328327060084,4.597679354248781,4.612228870391846,1811384.0,0.0,0.0
1990-03-12,4.641329976215282,4.655879497528076,4.626780454902487,4.655879497528076,554731.0,0.0,0.0
1990-03-13,4.6558799115523435,4.728627948967695,4.6558799115523435,4.714078426361084,1161075.0,0.0,0.0
1990-03-14,4.714076999478579,4.757725978468797,4.714076999478579,4.743176460266113,425511.0,0.0,0.0
1990-03-15,4.743178974695598,4.830476554571609,4.728629024397603,4.815927028656006,942394.0,0.0,0.0
1990-03-16,4.845023413527274,4.859572931434045,4.786824917518033,4.801374435424805,1797238.0,0.0,0.0
1990-03-19,4.757725978468797,4.772275496671481,4.714076999478579,4.743176460266113,613225.0,0.0,0.0
1990-03-20,4.728628635406494,4.772277633944999,4.699529585969063,4.728628635406494,1276532.0,0.0,0.0
1990-03-21,4.728626122731626,4.772275098076145,4.626779079437256,4.626779079437256,1147312.0,0.0,0.0
1990-03-22,4.641329338119043,4.641329338119043,4.524932334854589,4.583130836486816,2813800.0,0.0,0.0
1990-03-23,4.612230509207435,4.655879497528076,4.583131466581846,4.655879497528076,1263534.0,0.0,0.0
1990-03-26,4.684977571769237,4.6995270887567,4.612229138067661,4.626779079437256,293996.0,0.0,0.0
1990-03-27,4.626778568688479,4.684977054595947,4.612228628925049,4.684977054595947,1282649.0,0.0,0.0
1990-03-28,4.699528485848717,4.699528485848717,4.626780454902487,4.655879497528076,1272327.0,0.0,0.0
1990-03-29,4.670427630399644,4.670427630399644,4.583130104092736,4.626779079437256,1491773.0,0.0,0.0
1990-03-30,4.641328327060084,4.655877843203149,4.56858032196265,4.612228870391846,2047651.0,0.0,0.0
1990-04-02,4.568580587105274,4.641328596424718,4.554030645735679,4.626779079437256,1046000.0,0.0,0.0
1990-04-03,4.626782080969275,4.670430660247803,4.597682603734516,4.670430660247803,891929.0,0.0,0.0
1990-04-04,4.670430725930042,4.670430725930042,4.597682668393668,4.641331672668457,1504771.0,0.0,0.0
1990-04-05,4.626779079437256,4.6558781134121805,4.612229138067661,4.626779079437256,572700.0,0.0,0.0
1990-04-06,4.626779817374732,4.641329336682737,4.5540313720703125,4.5540313720703125,469094.0,0.0,0.0
1990-04-09,4.539481642627385,4.583130622913064,4.524932123992886,4.5685811042785645,658337.0,0.0,0.0
1990-04-10,4.5540323832424106,4.583131852701831,4.510383815626719,4.524933338165283,521853.0,0.0,0.0
1990-04-11,4.524932333454303,4.5685813157605155,4.510382814146299,4.5540313720703125,276028.0,0.0,0.0
1990-04-12,4.5685823301632675,4.597681375240394,4.510383815626719,4.524933338165283,1108698.0,0.0,0.0
1990-04-16,4.5831301804013025,4.597679697631013,4.466733193799342,4.481282711029053,539057.0,0.0,0.0
1990-04-17,4.481283503901245,4.481283503901245,4.364886496705196,4.408535480499268,1315910.0,0.0,0.0
1990-04-18,4.408536492884508,4.408536492884508,4.350337975921658,4.379437446594238,1242507.0,0.0,0.0
1990-04-19,4.379436546194789,4.379436546194789,4.263039536199977,4.292138576507568,1278444.0,0.0,0.0
1990-04-20,4.306686431871578,4.321236370783182,4.233938434841792,4.248487949371338,1742186.0,0.0,0.0
1990-04-23,4.248490881058792,4.248490881058792,4.161193309259437,4.1902923583984375,1953603.0,0.0,0.0
1990-04-24,4.204838982633369,4.219388495698739,4.1320905685424805,4.1320905685424805,1439779.0,0.0,0.0
1990-04-25,4.161190448488713,4.277587413787842,4.146640933921837,4.277587413787842,1391225.0,0.0,0.0
1990-04-26,4.306686670694142,4.350335641085342,4.263038124685025,4.321236610412598,1534591.0,0.0,0.0
1990-04-27,4.3939841836881035,4.3939841836881035,4.146640749522241,4.20483922958374,1177896.0,0.0,0.0
1990-04-30,4.233940071510163,4.292138576507568,4.2193905513563665,4.292138576507568,763473.0,0.0,0.0
1990-05-01,4.277587640021397,4.321236610412598,4.233938669630197,4.321236610412598,942011.0,0.0,0.0
1990-05-02,4.335787561351179,4.364886601658769,4.277589056353772,4.292138576507568,1127814.0,0.0,0.0
1990-05-03,4.3357858964374065,4.364884925571158,4.233938445705154,4.277587413787842,768060.0,0.0,0.0
1990-05-04,4.3066887855529785,4.3066887855529785,4.219391226283992,4.3066887855529785,1002799.0,0.0,0.0
1990-05-07,4.277587413787842,4.3357858964374065,4.277587413787842,4.277587413787842,1622140.0,0.0,0.0
1990-05-08,4.190289508064773,4.277587444864366,4.190289508064773,4.219388961791992,1237154.0,0.0,0.0
1990-05-09,4.219390603544731,4.292138629595732,4.219390603544731,4.263039588928223,875107.0,0.0,0.0
1990-05-10,4.233940123878486,4.292138629595732,4.233940123878486,4.263039588928223,1077731.0,0.0,0.0
1990-05-11,4.306687231126112,4.597679697631013,4.263038679436981,4.481282711029053,1403459.0,0.0,0.0
1990-05-14,4.452184833876425,4.612230413769975,4.452184833876425,4.495833396911621,822348.0,0.0,0.0
1990-05-15,4.4521841064382075,4.597680141547563,4.4230846447870285,4.5685811042785645,687393.0,0.0,0.0
1990-05-16,4.597680892758243,4.597680892758243,4.40853584645898,4.495833396911621,1154958.0,0.0,0.0
1990-05-17,4.452184249075737,4.495832806377634,4.379436229190383,4.393985748291016,576141.0,0.0,0.0
1990-05-18,4.364888462207632,4.3939879393012005,4.306689932402901,4.350338935852051,1214598.0,0.0,0.0
1990-05-21,4.350336207197382,4.524931687100323,4.350336207197382,4.481282711029053,1130108.0,0.0,0.0
1990-05-22,4.5103826053583855,4.5685811042785645,4.466733625072707,4.5685811042785645,2199046.0,0.0,0.0
1990-05-23,4.597680354376524,4.626779817374732,4.510382814146299,4.5540313720703125,974890.0,0.0,0.0
1990-05-24,4.5249313491513465,4.626778810917018,4.481282376340044,4.612228870391846,1365228.0,0.0,0.0
1990-05-25,4.626779079437256,4.6558781134121805,4.568580587105274,4.626779079437256,854080.0,0.0,0.0
1990-05-29,4.626781537993127,4.728628635406494,4.626781537993127,4.728628635406494,889635.0,0.0,0.0
1990-05-30,4.757728986275054,4.8595761024631114,4.74317945887425,4.78682804107666,2004068.0,0.0,0.0
1990-05-31,4.757728986275054,4.830477047661505,4.74317945887425,4.78682804107666,1895874.0,0.0,0.0
1990-06-01,4.786825343862411,4.87412330784265,4.77227582465977,4.8595733642578125,775707.0,0.0,0.0
1990-06-04,4.836125491191539,4.968020184162182,4.821470667790486,4.909400463104248,1389314.0,0.07847,0.0
1990-06-05,4.880089836094037,4.968019621448233,4.880089836094037,4.953364372253418,690451.0,0.0,0.0
1990-06-06,4.9387112110174325,4.953366037685854,4.865436650221505,4.89474630355835,1193571.0,0.0,0.0
1990-06-07,4.8654390040460225,4.894748671562433,4.806819241559178,4.821474075317383,957304.0,0.0,0.0
1990-06-08,4.792162466460117,4.836126949924392,4.7042326446238665,4.748197555541992,758503.0,0.0,0.0
1990-06-11,4.572334552052744,4.718883991241455,4.572334552052744,4.718883991241455,596403.0,0.0,0.0
1990-06-12,4.718889811555924,4.821474075317383,4.674924882827284,4.821474075317383,853315.0,0.0,0.0
1990-06-13,4.836126129651169,4.836126129651169,4.748196750182796,4.7775068283081055,779912.0,0.0,0.0
1990-06-14,4.748197604086115,4.7628524320573655,4.660268208804752,4.704232692718506,621636.0,0.0,0.0
1990-06-15,4.674922196050189,4.7775068283081055,4.674922196050189,4.7775068283081055,1457365.0,0.0,0.0
1990-06-18,4.77750368142624,4.792158497109062,4.718883991241455,4.718883991241455,757738.0,0.0,0.0
1990-06-19,4.704232692718506,4.748197604086115,4.689577864747254,4.704232692718506,730594.0,0.0,0.0
1990-06-20,4.718886115962385,4.718886115962385,4.645611149648568,4.660266399383545,862873.0,0.0,0.0
1990-06-21,4.68957681412901,4.68957681412901,4.645611912610973,4.674921989440918,1603789.0,0.0,0.0
1990-06-22,4.660266503767741,4.7042309715963535,4.645611253704505,4.689576148986816,1629787.0,0.0,0.0
1990-06-25,4.689573956074925,4.689573956074925,4.57233457511404,4.630954265594482,789087.0,0.0,0.0
1990-06-26,4.645610729126712,4.660265977535093,4.572336196899414,4.572336196899414,534851.0,0.0,0.0
1990-06-27,4.586994307201544,4.630959229046761,4.572339475737791,4.616304397583008,406778.0,0.0,0.0
1990-06-28,4.616299449837746,4.660264324561453,4.60164463408101,4.630954265594482,1031089.0,0.0,0.0
1990-06-29,4.586992242386808,4.586992242386808,4.469752788543701,4.469752788543701,3768810.0,0.0,0.0
1990-07-02,4.455099259251085,4.455099259251085,4.352515027896471,4.3671698570251465,1094553.0,0.0,0.0
1990-07-03,4.381821450461274,4.3964762687683105,4.308546931472517,4.3964762687683105,2290800.0,0.0,0.0
1990-07-05,4.396477783360382,4.4257878575253855,4.352513313293457,4.352513313293457,982918.0,0.0,0.0
1990-07-06,4.308548297389208,4.323203120342187,4.2499285781235825,4.279238224029541,2295006.0,0.0,0.0
1990-07-09,4.337859771313908,4.41113477186506,4.293895283927883,4.3671698570251465,849875.0,0.0,0.0
1990-07-10,4.3964762687683105,4.440441151142994,4.367166632154237,4.3964762687683105,700774.0,0.0,0.0
1990-07-11,4.411134143866799,4.425788970909116,4.2792394181244635,4.337859153747559,3839537.0,0.0,0.0
1990-07-12,4.308548159734525,4.337857804704064,4.2645832648265225,4.293893337249756,1132019.0,0.0,0.0
1990-07-13,4.323202718198462,4.337857539788251,4.220618112162596,4.235273361206055,1812148.0,0.0,0.0
1990-07-16,4.2499284744262695,4.279238119617078,4.220618401781762,4.2499284744262695,795204.0,0.0,0.0
1990-07-17,4.2792394181244635,4.337859153747559,4.24992976403983,4.337859153747559,1255505.0,0.0,0.0
1990-07-18,4.279238224029541,4.308548297389208,4.220618504763916,4.279238224029541,753150.0,0.0,0.0
1990-07-19,4.29389347443623,4.29389347443623,4.205963681810936,4.279238224029541,1051734.0,0.0,0.0
1990-07-20,4.279237825975423,4.293893075018882,4.235273361206055,4.235273361206055,834200.0,0.0,0.0
1990-07-23,4.220615566208694,4.2352708064118385,4.103376209304002,4.161995887756348,1728040.0,0.0,0.0
1990-07-24,4.191305940709227,4.191305940709227,4.074066583804534,4.161995887756348,1286090.0,0.0,0.0
1990-07-25,4.176652908325195,4.1913077273217825,4.132688023881841,4.176652908325195,836494.0,0.0,0.0
1990-07-26,4.147343158721924,4.176653226400817,4.1033782709303965,4.147343158721924,889635.0,0.0,0.0
1990-07-27,4.176653893994877,4.176653893994877,4.103378926812226,4.132688999176025,935894.0,0.0,0.0
1990-07-30,4.1033782709303965,4.161997978834558,4.1033782709303965,4.147343158721924,879312.0,0.0,0.0
1990-07-31,4.161998683946444,4.264583297021674,4.132689038755634,4.2499284744262695,995152.0,0.0,0.0
1990-08-01,4.2499284744262695,4.279238119617078,4.220618401781762,4.2499284744262695,816231.0,0.0,0.0
1990-08-02,4.220620164725538,4.220620164725538,4.088725851367534,4.1033806800842285,997446.0,0.0,0.0
1990-08-03,4.118036381203255,4.118036381203255,3.956831965540057,4.030106544494629,1276915.0,0.0,0.0
1990-08-06,3.898209810256958,3.9861395926805794,3.6930410303579397,3.898209810256958,1657695.0,0.0,0.0
1990-08-07,3.94217507821072,4.015449618930595,3.8542452873839097,3.8689005374908447,2002539.0,0.0,0.0
1990-08-08,3.868901103353191,3.883555928149829,3.824936201509515,3.8395910263061523,1048293.0,0.0,0.0
1990-08-09,3.868901103353191,3.883555928149829,3.839591026306153,3.8395910263061523,1112521.0,0.0,0.0
1990-08-10,3.8249369139696627,3.839591741496014,3.766317176410417,3.7809720039367676,690451.0,0.0,0.0
1990-08-13,3.766315721336602,3.8542450799780292,3.7223508282890503,3.8249354362487793,747798.0,0.0,0.0
1990-08-14,3.7956255693172696,3.8689005374908447,3.7809707466640345,3.8689005374908447,1080407.0,0.0,0.0
1990-08-15,3.883557074897933,3.956831647971615,3.868902245773974,3.9421768188476562,1019238.0,0.0,0.0
1990-08-16,3.9128638974885184,3.9275191434456906,3.780969676049019,3.7956244945526123,2296917.0,0.0,0.0
1990-08-17,3.7370047930846595,3.7956244945526123,3.6637302731131127,3.7956244945526123,2610411.0,0.0,0.0
1990-08-20,3.7956257873355788,3.8395906852742994,3.78097096384058,3.8102810382843018,1301000.0,0.0,0.0
1990-08-21,3.7370078563690186,3.766317944855727,3.678388106849531,3.7370078563690186,2525538.0,0.0,0.0
1990-08-22,3.751661424294815,3.7809710721242147,3.634421978069744,3.6783864498138428,1414928.0,0.0,0.0
1990-08-23,3.4878708793350515,3.605110051633237,3.4732158492185543,3.5758004188537598,2642143.0,0.0,0.0
1990-08-24,3.634420903577726,3.693040609359741,3.634420903577726,3.693040609359741,1100287.0,0.0,0.0
1990-08-27,3.810281038284302,3.8689007597180214,3.78097096384058,3.8102810382843018,640369.0,0.0,0.0
1990-08-28,3.780970385327902,3.9275198802160514,3.766315564075185,3.898209810256958,1404988.0,0.0,0.0
1990-08-29,3.8689001677515233,3.9275198802160514,3.854244919045147,3.898209810256958,620871.0,0.0,0.0
1990-08-30,3.8689005374908447,3.91286500545055,3.7809707466640345,3.8689005374908447,1067027.0,0.0,0.0
1990-08-31,3.8689013648220816,4.015450477600098,3.854246111581247,4.015450477600098,659484.0,0.0,0.0
1990-09-04,3.9861409664154053,3.9861409664154053,3.8982111536887296,3.9861409664154053,387662.0,0.0,0.0
1990-09-05,3.9568336393003616,3.9861437397528627,3.9275239663019645,3.9714884757995605,667895.0,0.0,0.0
1990-09-06,3.971486477095574,3.986141733673421,3.9421768188476562,3.9421768188476562,628900.0,0.0,0.0
1990-09-07,3.942175087267042,4.059414523669655,3.942175087267042,4.044759273529053,477505.0,0.0,0.0
1990-09-10,4.050673077292879,4.0950236320495605,4.0358897027750915,4.0950236320495605,456478.0,0.07847,0.0
1990-09-11,4.109807006567349,4.109807006567349,4.080239826328456,4.0950236320495605,355548.0,0.0,0.0
1990-09-12,4.050675391602536,4.080242157530765,4.035892008638421,4.06545877456665,2644819.0,0.0,0.0
1990-09-13,4.03589099780989,4.03589099780989,3.976757049560547,3.976757049560547,606726.0,0.0,0.0
1990-09-14,3.947192215044477,4.035893405946439,3.947192215044477,4.006326198577881,707655.0,0.0,0.0
1990-09-17,3.991542810495458,4.0506767940288615,3.991542810495458,4.006326198577881,474064.0,0.0,0.0
1990-09-18,3.976757049560547,4.006323808083491,3.9176231013112037,3.976757049560547,618577.0,0.0,0.0
1990-09-19,3.9619714413297467,3.991538183218709,3.7697858942386424,3.917620897293091,966097.0,0.0,0.0
1990-09-20,3.888055493621766,3.888055493621766,3.8141381740570073,3.814138174057007,1099141.0,0.0,0.0
1990-09-21,3.828921551729277,3.858488738277226,3.784571418712467,3.814138174057007,1233714.0,0.0,0.0
1990-09-24,3.784570562256998,3.799353936583762,3.681086079563024,3.7106528282165527,847581.0,0.0,0.0
1990-09-25,3.695867639149156,3.7106510062170086,3.5628164731322824,3.6071670055389404,1156869.0,0.0,0.0
1990-09-26,3.5628183193075125,3.6219522494239436,3.5184679795210196,3.577601909637451,751621.0,0.0,0.0
1990-09-27,3.59238545692853,3.621952423407016,3.5036845574930715,3.5332515239715576,743210.0,0.0,0.0
1990-09-28,3.488900205387867,3.6515185832977295,3.488900205387867,3.6515185832977295,706508.0,0.0,0.0
1990-10-01,3.666302026579317,3.902837696836464,3.666302026579317,3.8880538940429688,1923018.0,0.0,0.0
1990-10-02,3.917620908721256,3.9767548238748938,3.8880537355428304,3.9324042797088623,1673370.0,0.0,0.0
1990-10-03,3.8732703645552244,3.9767548238748938,3.8732703645552244,3.9324042797088623,964185.0,0.0,0.0
1990-10-04,3.9028368771197606,3.932403614090357,3.8289191722869873,3.8289191722869873,574229.0,0.0,0.0
1990-10-05,3.769785905235555,3.9915381948624997,3.755002534247949,3.9324042797088623,590669.0,0.0,0.0
1990-10-08,3.947187639182053,3.991538183218709,3.917620897293091,3.917620897293091,180450.0,0.0,0.0
1990-10-09,3.902838390119976,3.902838390119976,3.7845705339828064,3.8437044620513916,367017.0,0.0,0.0
1990-10-10,3.7993536643652224,3.8732709619062815,3.6367352648122675,3.666302442550659,542880.0,0.0,0.0
1990-10-11,3.6810859838576993,3.6810859838576993,3.6071686829423575,3.6219520568847656,762708.0,0.0,0.0
1990-10-12,3.6663019545977473,3.8732704464076626,3.6071680381944535,3.6515185832977295,451890.0,0.0,0.0
1990-10-15,3.651519330909495,3.9028384192777357,3.6367355253794194,3.7106528282165527,811261.0,0.0,0.0
1990-10-16,3.828919760287249,3.8732703037571174,3.725435733795166,3.725435733795166,454949.0,0.0,0.0
1990-10-17,3.6958692880259,3.8437043182689115,3.681085914362587,3.7550032138824463,588757.0,0.0,0.0
1990-10-18,3.725438595728376,3.7697887420654297,3.725438595728376,3.7697887420654297,844140.0,0.0,0.0
1990-10-19,3.8732710655955387,3.888054439258852,3.7550032138824463,3.7550032138824463,1033001.0,0.0,0.0
1990-10-22,3.7550036013836556,3.9028386468826466,3.7550036013836556,3.8732714653015137,659867.0,0.0,0.0
1990-10-23,3.8584863404607246,3.873269708946023,3.814135803801689,3.8289191722869873,354401.0,0.0,0.0
1990-10-24,3.7254372327879213,3.8141379242146756,3.710653424880645,3.7845711708068848,564289.0,0.0,0.0
1990-10-25,3.7550039861957125,3.828921300918571,3.740220609491817,3.7845711708068848,368164.0,0.0,0.0
1990-10-26,3.74021910455072,3.769785846061827,3.725435733795166,3.725435733795166,531411.0,0.0,0.0
1990-10-29,3.725436366824163,3.7550031133592743,3.6515190692831037,3.666302442550659,763090.0,0.0,0.0
1990-10-30,3.666304352790671,3.7254383078745046,3.666304352790671,3.695871114730835,965714.0,0.0,0.0
1990-10-31,3.6663050637340318,3.7550057979582343,3.6663050637340318,3.681088447570801,563142.0,0.0,0.0
1990-11-01,3.695868697197782,3.695868697197782,3.6367347807944888,3.6515185832977295,1336555.0,0.0,0.0
1990-11-02,3.6663025406992733,3.7550032138824463,3.6515191670359597,3.7550032138824463,934747.0,0.0,0.0
1990-11-05,3.7550053599530786,3.7697887420654297,3.7106547824124863,3.7697887420654297,654132.0,0.0,0.0
1990-11-06,3.75500335434686,3.917621764336295,3.740219980130541,3.8437044620513916,832671.0,0.0,0.0
1990-11-07,3.8437065150342633,3.873273279258966,3.7697887420654297,3.7697887420654297,412895.0,0.0,0.0
1990-11-08,3.769786422314363,3.888054268843723,3.755003049299011,3.79935359954834,378487.0,0.0,0.0
1990-11-09,3.7845705339828064,3.843704462051391,3.7845705339828064,3.8437044620513916,672865.0,0.0,0.0
1990-11-12,3.858486982311954,3.9619714413297467,3.843703611367473,3.917620897293091,558172.0,0.0,0.0
1990-11-13,3.90283619604113,3.991536822677035,3.90283619604113,3.961970090866089,524147.0,0.0,0.0
1990-11-14,3.9619699826520107,4.080237337868602,3.9471861859472646,4.035887241363525,638075.0,0.0,0.0
1990-11-15,4.021107808516776,4.050674568436537,3.888056095267429,3.947190046310425,677071.0,0.0,0.0
1990-11-16,3.976753456771562,3.991536822677035,3.888052398932591,3.961970090866089,886959.0,0.0,0.0
1990-11-19,3.932402820445572,4.035887241363525,3.91761945494388,4.035887241363525,745504.0,0.0,0.0
1990-11-20,4.006322031868268,4.006322031868268,3.9028379917144775,3.9028379917144775,793675.0,0.0,0.0
1990-11-21,3.9324064805726757,3.976757049560547,3.9176231013112037,3.976757049560547,824642.0,0.0,0.0
1990-11-23,3.9471898598341477,3.976757049560547,3.9176231013112037,3.976757049560547,326493.0,0.0,0.0
1990-11-26,3.9176231013112037,3.976757049560547,3.8880559115848046,3.976757049560547,530646.0,0.0,0.0
1990-11-27,3.9471898598341477,4.006323808083491,3.9176231013112037,3.976757049560547,780294.0,0.0,0.0
1990-11-28,3.991540019454763,4.065457339384712,3.9767566417094553,4.050673961639404,1064350.0,0.0,0.0
1990-11-29,3.932404268237572,4.00632155416319,3.917620897293091,3.917620897293091,1258181.0,0.0,0.0
1990-11-30,3.9324043245660034,4.1837233590349685,3.8880537798940624,4.124589443206787,1043706.0,0.0,0.0
1990-12-03,4.146668923742546,4.206333240453621,4.072088636621424,4.1168365478515625,1751743.0,0.08109,0.0
1990-12-04,4.057172666211377,4.146668923742546,3.9975083495003014,4.1168365478515625,739005.0,0.0,0.0
1990-12-05,4.087003097047031,4.23616361618042,4.072087132147837,4.23616361618042,1016179.0,0.0,0.0
1990-12-06,4.35549123005703,4.400239549803478,4.236162667446923,4.265995025634766,1567470.0,0.0,0.0
1990-12-07,4.236164982204774,4.2958292961120605,4.206333042786565,4.2958292961120605,902251.0,0.0,0.0
1990-12-10,4.25107906407616,4.2958269487519765,4.236162667446923,4.265995025634766,548615.0,0.0,0.0
1990-12-11,4.236161702278653,4.340574279540764,4.236161702278653,4.325658321380615,634252.0,0.0,0.0
1990-12-12,4.325659642358048,4.5344844255830115,4.325659642358048,4.504652500152588,1092259.0,0.0,0.0
1990-12-13,4.504654496636354,4.534486435288431,4.430074214935303,4.430074214935303,875872.0,0.0,0.0
1990-12-14,4.370406630931596,4.370406630931596,4.236161702278653,4.325658321380615,607490.0,0.0,0.0
1990-12-17,4.280912012602507,4.280912012602507,4.161583421409558,4.191415786743164,355166.0,0.0,0.0
1990-12-18,4.176498386141868,4.310743345381214,4.176498386141868,4.265995025634766,645339.0,0.0,0.0
1990-12-19,4.2809123484350895,4.340576648712158,4.2510804158319395,4.340576648712158,1048676.0,0.0,0.0
1990-12-20,4.340578480031112,4.415158778075679,4.310746534841666,4.400242805480957,1090730.0,0.0,0.0
1990-12-21,4.534486382052265,4.534486382052265,4.400241789552269,4.459906101226807,1175220.0,0.0,0.0
1990-12-24,4.444990184261341,4.459906153587379,4.3853258718863275,4.430074214935303,118134.0,0.0,0.0
1990-12-26,4.400242805480957,4.430075185741357,4.355494452625835,4.400242805480957,151777.0,0.0,0.0
1990-12-27,4.385324982687653,4.4449892829647215,4.340576648712158,4.340576648712158,415953.0,0.0,0.0
1990-12-28,4.310745716094971,4.310745716094971,4.265997371738972,4.310745716094971,526823.0,0.0,0.0
1990-12-31,4.280913341500681,4.32566168585668,4.236164997144681,4.310745716094971,304319.0,0.0,0.0
1991-01-02,4.3107466879606795,4.415158934903447,4.25108236039154,4.280914306640625,691981.0,0.0,0.0
1991-01-03,4.265995025634766,4.280910987193371,4.236162667446923,4.265995025634766,555114.0,0.0,0.0
1991-01-04,4.251079019957652,4.400239504136954,4.23616262348322,4.370407581329346,956921.0,0.0,0.0
1991-01-07,4.340577093265203,4.415157367482206,4.340577093265203,4.3853254318237305,574229.0,0.0,0.0
1991-01-08,4.370409016386078,4.385324982687653,4.325660682410583,4.340576648712158,839170.0,0.0,0.0
1991-01-09,4.355493610019348,4.459906268124818,4.2510813869847475,4.2958292961120605,1383197.0,0.0,0.0
1991-01-10,4.2958293112623895,4.340577655618389,4.280913341500681,4.310745716094971,977566.0,0.0,0.0
1991-01-11,4.3107488338923,4.4151611328125,4.3107488338923,4.4151611328125,506178.0,0.0,0.0
1991-01-14,4.385323999166846,4.385323999166846,4.295827351287763,4.355491638183594,1288766.0,0.0,0.0
1991-01-15,4.340575223451109,4.370407581329346,4.340575223451109,4.370407581329346,1856114.0,0.0,0.0
1991-01-16,4.340577393392448,4.54940226265332,4.340577393392448,4.534486293792725,1898550.0,0.0,0.0
1991-01-17,4.773144877717799,4.788060850771715,4.564319949750065,4.653816223144531,3146792.0,0.0,0.0
1991-01-18,4.594151468366991,4.638899818435823,4.579235496701021,4.609067440032959,1276532.0,0.0,0.0
1991-01-21,4.594148159027099,4.638896476862015,4.564316237184231,4.5941481590271,1406518.0,0.0,0.0
1991-01-22,4.564316237184231,4.623980515940581,4.564316237184231,4.5941481590271,901104.0,0.0,0.0
1991-01-23,4.594151955288312,4.668732256593641,4.579235982041441,4.623984336853027,1175985.0,0.0,0.0
1991-01-24,4.653813789836644,4.758226416762477,4.623981859326829,4.743310451507568,1869495.0,0.0,0.0
1991-01-25,4.743310451507568,4.758226416762477,4.668729755091551,4.743310451507568,1436338.0,0.0,0.0
1991-01-28,4.683647552919571,4.7731438062235645,4.683647552919571,4.728395462036133,1244418.0,0.0,0.0
1991-01-29,4.713480111836595,4.713480111836595,4.579235496701021,4.609067440032959,1195100.0,0.0,0.0
1991-01-30,4.594148536895048,4.802973747253418,4.594148536895048,4.802973747253418,1903138.0,0.0,0.0
1991-01-31,4.802974164367578,4.907386343543786,4.802974164367578,4.877554416656494,2730074.0,0.0,0.0
1991-02-01,4.877554416656494,4.922302306987432,4.83280609125487,4.877554416656494,2572945.0,0.0,0.0
1991-02-04,4.847722907363262,4.996883873247667,4.817890975228839,4.9670515060424805,1133166.0,0.0,0.0
1991-02-05,4.967052007306385,5.011800345094685,4.922303669518083,4.952136039733887,1311705.0,0.0,0.0
1991-02-06,4.9819697855961635,5.041634112642206,4.922305458550121,5.0267181396484375,1739892.0,0.0,0.0
1991-02-07,5.026715852055996,5.1460444518432,4.892471286063083,4.937219619750977,1440161.0,0.0,0.0
1991-02-08,4.9073872026993595,5.011799835226186,4.9073872026993595,4.996883869171143,1102199.0,0.0,0.0
1991-02-11,4.967053271147294,5.086381912231445,4.967053271147294,5.086381912231445,962274.0,0.0,0.0
1991-02-12,5.056549726357006,5.086381667658147,4.892472743988037,4.892472743988037,948128.0,0.0,0.0
1991-02-13,4.89247124063566,4.981967472109692,4.877555274568449,4.9670515060424805,586845.0,0.0,0.0
1991-02-14,4.92230185610799,4.952134215333345,4.788057327270508,4.788057327270508,830759.0,0.0,0.0
1991-02-15,4.7731438062235645,4.7731438062235645,4.668731148143181,4.728395462036133,1420281.0,0.0,0.0
1991-02-19,4.728393033072587,4.877553958716812,4.728393033072587,4.862637996673584,513824.0,0.0,0.0
1991-02-20,4.83280751619772,4.862639886951709,4.788059177602144,4.847723484039307,707655.0,0.0,0.0
1991-02-21,4.83280611038208,4.862638472458129,4.8178901468794,4.83280611038208,487445.0,0.0,0.0
1991-02-22,4.802973762637795,4.862638046492632,4.758225440979004,4.758225440979004,1281120.0,0.0,0.0
1991-02-25,4.817892150410996,4.847724089822037,4.65381517843766,4.728395462036133,1088436.0,0.0,0.0
1991-02-26,4.69856267578963,4.713478642806803,4.609066003545009,4.6388983726501465,1339996.0,0.0,0.0
1991-02-27,4.638898296287108,4.7134785652160645,4.5941499609014205,4.7134785652160645,1138901.0,0.0,0.0
1991-02-28,4.743312490239459,4.743312490239459,4.609067440032959,4.609067440032959,474829.0,0.0,0.0
1991-03-01,4.6388992087321395,4.728395462036133,4.623983239026619,4.728395462036133,824642.0,0.0,0.0
1991-03-04,4.758225392229691,4.877553958716812,4.758225392229691,4.862637996673584,536381.0,0.0,0.0
1991-03-05,4.847722054698515,4.937218705501765,4.817890127811224,4.877554416656494,1328144.0,0.0,0.0
1991-03-06,4.892472743988037,4.937221091010646,4.877556773337467,4.892472743988037,1079643.0,0.0,0.0
1991-03-07,4.90738636296617,4.90738636296617,4.83280611038208,4.83280611038208,542115.0,0.0,0.0
1991-03-08,4.832806130802032,4.877554456569835,4.802974203670623,4.817890167236328,1041412.0,0.0,0.0
1991-03-11,4.780015103769876,4.81007787951887,4.629699909712705,4.734920501708984,748563.0,0.08109,0.0
1991-03-12,4.704857287522589,4.749951889583481,4.674794511773596,4.734920501708984,630429.0,0.0,0.0
1991-03-13,4.704854830575712,4.795043987599343,4.689823450550831,4.780012607574463,574612.0,0.0,0.0
1991-03-14,4.795047230719315,4.840141839730774,4.780015840527986,4.8100786209106445,799410.0,0.0,0.0
1991-03-15,5.050581400325432,5.050581400325432,4.840140673059216,4.885234832763672,1841586.0,0.0,0.0
1991-03-18,4.885233011869846,4.930327593203368,4.855170249938965,4.855170249938965,1024208.0,0.0,0.0
1991-03-19,4.810076191862284,4.900265364340421,4.810076191862284,4.825107574462891,372752.0,0.0,0.0
1991-03-20,4.825109160191069,4.975424350908599,4.825109160191069,4.945361137390137,981771.0,0.0,0.0
1991-03-21,4.9904525339857475,4.9904525339857475,4.840137878225475,4.8702006340026855,1723070.0,0.0,0.0
1991-03-22,4.870200740296366,5.050578594207763,4.870200740296366,5.050578594207764,709185.0,0.0,0.0
1991-03-25,4.990451125443324,5.125734365131633,4.975419751797287,5.110702991485596,607490.0,0.0,0.0
1991-03-26,5.080645561218262,5.110708781003568,5.050582779870439,5.080645561218262,972978.0,0.0,0.0
1991-03-27,5.035548347165094,5.035548347165094,4.930327799137664,4.975422382354736,1434809.0,0.0,0.0
1991-03-28,4.975421156097142,5.005483911874353,4.840137878225475,4.8702006340026855,500826.0,0.0,0.0
1991-04-01,4.855169946136041,4.870201326160921,4.764980789112409,4.780012607574463,1563265.0,0.0,0.0
1991-04-02,4.780015840527986,4.8100786209106445,4.749952621707857,4.8100786209106445,1086907.0,0.0,0.0
1991-04-03,4.810076936864068,4.9303288931684675,4.810076936864068,4.915297508239746,1311705.0,0.0,0.0
1991-04-04,4.885232574220278,4.885232574220278,4.825106617307773,4.8401384353637695,547085.0,0.0,0.0
1991-04-05,4.840141839730774,4.855173229922103,4.8100786209106445,4.8100786209106445,690834.0,0.0,0.0
1991-04-08,4.825108321792788,4.915297508239746,4.825108321792788,4.915297508239746,535234.0,0.0,0.0
1991-04-09,4.915296350120868,4.960390494282163,4.795044422149658,4.795044422149658,802468.0,0.0,0.0
1991-04-10,4.825107184923855,4.840139004748165,4.795044422149658,4.795044422149658,933983.0,0.0,0.0
1991-04-11,4.825106747649106,4.945358664722499,4.780012607574463,4.780012607574463,750474.0,0.0,0.0
1991-04-12,4.885234832763672,4.900266657769187,4.795046074917398,4.885234832763672,812026.0,0.0,0.0
1991-04-15,4.8852342999449885,4.96039166302591,4.8852342999449885,4.915297508239746,1338466.0,0.0,0.0
1991-04-16,4.930330466220046,5.0656138506161446,4.91529907649547,5.035551071166992,1526181.0,0.0,0.0
1991-04-17,5.035545684818422,5.140765738777671,5.035545684818422,5.110702991485596,2998455.0,0.0,0.0
1991-04-18,5.050579793190056,5.170831724344859,5.050579793190056,5.1558003425598145,2517127.0,0.0,0.0
1991-04-19,5.170830053054615,5.336176514559305,5.170830053054615,5.261018753051758,3433906.0,0.0,0.0
1991-04-22,5.261023387219001,5.321149386324716,5.140771389007568,5.140771389007568,1559824.0,0.0,0.0
1991-04-23,5.125738216725489,5.29108476638794,5.125738216725489,5.2910847663879395,1540708.0,0.0,0.0
1991-04-24,5.336179571435205,5.336179571435205,5.170833015210333,5.2008957862854,891929.0,0.0,0.0
1991-04-25,5.200897388113285,5.200897388113285,5.005488000629075,5.140771389007568,815084.0,0.0,0.0
1991-04-26,5.140768952611457,5.185863540178157,5.140768952611457,5.17083215713501,748563.0,0.0,0.0
1991-04-29,5.170828924506732,5.185860298152769,5.110702991485596,5.110702991485596,987506.0,0.0,0.0
1991-04-30,5.0956716178395585,5.215923483881831,5.035545684818422,5.110702991485596,1117491.0,0.0,0.0
1991-05-01,5.140770963354845,5.155802790714749,5.095676796587429,5.125739574432373,1229126.0,0.0,0.0
1991-05-02,5.170831587748019,5.261020314513011,5.14076838653488,5.215926170349121,948511.0,0.0,0.0
1991-05-03,5.215927449910842,5.321147583876208,5.215927449910842,5.276053428649902,760414.0,0.0,0.0
1991-05-06,5.261020750189807,5.261020750189807,5.200894781221577,5.230957984924316,981007.0,0.0,0.0
1991-05-07,5.230958995797802,5.306116361922804,5.2008957862854,5.2008957862854,1622905.0,0.0,0.0
1991-05-08,5.1708328099856695,5.29108476638794,5.155801425044715,5.2910847663879395,501973.0,0.0,0.0
1991-05-09,5.261021605137147,5.276053428649902,5.230958834986277,5.276053428649902,331080.0,0.0,0.0
1991-05-10,5.261020314513011,5.306114897114114,5.185862969135982,5.215926170349121,1105640.0,0.0,0.0
1991-05-13,5.230955999198404,5.261018753051758,5.215924622271728,5.261018753051758,589522.0,0.0,0.0
1991-05-14,5.230958127744857,5.245989510788003,5.155800774091864,5.17083215713501,1356817.0,0.0,0.0
1991-05-15,5.170833487329229,5.170833487329229,4.960392316840255,5.0205183029174805,1290678.0,0.0,0.0
1991-05-16,5.050581289598528,5.065612675837137,4.915297936576332,4.930329322814941,857903.0,0.0,0.0
1991-05-17,4.930327021598587,4.960389780044098,4.840138307824905,4.900264263153076,1414164.0,0.0,0.0
1991-05-20,4.900266657769187,4.900266657769187,4.855172059627368,4.885234832763672,438892.0,0.0,0.0
1991-05-21,4.885235858608861,5.0656138506161446,4.870204468884285,5.035551071166992,873960.0,0.0,0.0
1991-05-22,5.02051830291748,5.035550128264816,5.005486916007517,5.0205183029174805,1100670.0,0.0,0.0
1991-05-23,5.035548738628871,5.110706090875249,4.975422769144318,5.005485534667969,823495.0,0.0,0.0
1991-05-24,5.050582779870439,5.110708781003568,5.035551389196527,5.080645561218262,484004.0,0.0,0.0
1991-05-28,5.140770963354845,5.170834179637221,5.095676796587429,5.125739574432373,1022296.0,0.0,0.0
1991-05-29,5.080645561218262,5.12574017167748,5.050582779870439,5.080645561218262,1010827.0,0.0,0.0
1991-05-30,5.080642843285116,5.321146719158039,5.080642843285116,5.230957984924316,1430221.0,0.0,0.0
1991-05-31,5.215927768454304,5.336179733276368,5.200895944023536,5.336179733276367,1616023.0,0.0,0.0
1991-06-03,5.32114753626985,5.336179359648121,5.24599017312776,5.2910847663879395,919837.0,0.0,0.0
1991-06-04,5.29108497638527,5.29108497638527,5.2008957862854,5.2008957862854,405631.0,0.0,0.0
1991-06-05,5.2610202269630175,5.291083427675867,5.245988845825195,5.245988845825195,638075.0,0.0,0.0
1991-06-06,5.2610202269630175,5.291083427675867,5.230957464687373,5.245988845825195,721036.0,0.0,0.0
1991-06-07,5.215928784842069,5.215928784842069,5.110708185509901,5.125739574432373,537528.0,0.0,0.0
1991-06-10,5.16329302025245,5.16329302025245,5.057301528053253,5.07244348526001,556643.0,0.08109,0.0
1991-06-11,5.102725425021276,5.208716894551389,5.07244240038383,5.193575382232666,460683.0,0.0,0.0
1991-06-12,5.178432542447152,5.193574493825234,5.0875830424259085,5.102724552154541,524911.0,0.0,0.0
1991-06-13,5.133005128115558,5.148146629333496,5.10272168403048,5.148146629333496,882371.0,0.0,0.0
1991-06-14,5.20871827066827,5.269284777594051,5.193576754349235,5.223859786987305,550144.0,0.0,0.0
1991-06-17,5.238999893845201,5.2692833599856765,5.208716869354248,5.208716869354248,689305.0,0.0,0.0
1991-06-18,5.20871827066827,5.269284777594051,5.178434796380558,5.223859786987305,986741.0,0.0,0.0
1991-06-19,5.208718083422356,5.223859599197075,4.996735095977783,4.996735095977783,1949015.0,0.0,0.0
1991-06-20,5.027018881519243,5.117868423461915,4.996735406438584,5.117868423461914,888870.0,0.0,0.0
1991-06-21,5.14815037872282,5.208716869354248,5.117866912582344,5.208716869354248,1151899.0,0.0,0.0
1991-06-24,5.2087150256393,5.2087150256393,5.117865101025302,5.133007049560547,1031089.0,0.0,0.0
1991-06-25,5.117865101025302,5.148148556446424,5.027015618060671,5.133007049560547,1809472.0,0.0,0.0
1991-06-26,5.11786881250681,5.239001838738306,5.0724442589072645,5.178435325622559,975272.0,0.0,0.0
1991-06-27,5.148150894227845,5.20871739092404,5.148150894227845,5.163292407989502,551291.0,0.0,0.0
1991-06-28,5.133009989138176,5.16329302025245,5.057301528053253,5.07244348526001,565054.0,0.0,0.0
1991-07-01,5.102727294640295,5.193577285138761,5.102727294640295,5.178435325622559,1147312.0,0.0,0.0
1991-07-02,5.299566815997669,5.299566815997669,5.223858806956186,5.23900032043457,888106.0,0.0,0.0
1991-07-03,5.208716869354248,5.238999893845201,5.178433403213773,5.208716869354248,950040.0,0.0,0.0
1991-07-05,5.238998427388088,5.299564901066249,5.223856919380897,5.254140377044678,659484.0,0.0,0.0
1991-07-08,5.2389988280372695,5.329848766326904,5.223857318872142,5.329848766326904,1014268.0,0.0,0.0
1991-07-09,5.344988805058969,5.450980223354964,5.344988805058969,5.360130310058594,2072501.0,0.0,0.0
1991-07-10,5.375273713303282,5.420698240611329,5.299565284491008,5.344990253448486,791381.0,0.0,0.0
1991-07-11,5.37527555752533,5.420700100418242,5.344992087280473,5.4055585861206055,774560.0,0.0,0.0
1991-07-12,5.405554754978699,5.420696258544922,5.344988299064538,5.420696258544922,1071614.0,0.0,0.0
1991-07-15,5.435840680410104,5.435840680410104,5.360132680284935,5.390416145324707,1141959.0,0.0,0.0
1991-07-16,5.390415222405964,5.390415222405964,5.344990253448486,5.344990253448486,405248.0,0.0,0.0
1991-07-17,5.360131784657161,5.39041524463685,5.314707257161777,5.329848766326904,2092764.0,0.0,0.0
1991-07-18,5.3298496568946705,5.420699168714972,5.3298496568946705,5.390416145324707,1471128.0,0.0,0.0
1991-07-19,5.360130310058594,5.405555266706779,5.3298473000593445,5.360130310058594,1554089.0,0.0,0.0
1991-07-22,5.3298473000593445,5.37527225670753,5.3298473000593445,5.360130310058594,263029.0,0.0,0.0
1991-07-23,5.375273789524002,5.405556808158775,5.2389988807192065,5.269282341003418,365870.0,0.0,0.0
1991-07-24,5.269281885051869,5.269281885051869,5.208715411373706,5.254140377044678,847198.0,0.0,0.0
1991-07-25,5.254140335512836,5.299564859175345,5.238998385975937,5.284423351287842,250413.0,0.0,0.0
1991-07-26,5.269280400415898,5.299563407897948,5.208713943802522,5.299563407897949,254236.0,0.0,0.0
1991-07-29,5.269282341003418,5.314707310605017,5.193574352767046,5.269282341003418,431245.0,0.0,0.0
1991-07-30,5.329849681260557,5.3904161699674775,5.314708169496203,5.375274658203125,637310.0,0.0,0.0
1991-07-31,5.360130310058594,5.37527225670753,5.344988805058969,5.360130310058594,958451.0,0.0,0.0
1991-08-01,5.390416972799204,5.481266498565674,5.375275458779721,5.481266498565674,1139283.0,0.0,0.0
1991-08-02,5.511549147381321,5.541832170910027,5.375274658203125,5.375274658203125,539057.0,0.0,0.0
1991-08-05,5.420696771706403,5.435838276706028,5.360130310058594,5.360130310058594,416335.0,0.0,0.0
1991-08-06,5.36013074267076,5.481263675742929,5.3298477302273914,5.4509806632995605,728300.0,0.0,0.0
1991-08-07,5.511547928426977,5.617538928985596,5.496405978361965,5.617538928985596,605961.0,0.0,0.0
1991-08-08,5.602395082388911,5.6781030345193235,5.511545628162262,5.541828632354736,1018091.0,0.0,0.0
1991-08-09,5.526691321932482,5.662965827453357,5.526691321932482,5.632682800292969,749709.0,0.0,0.0
1991-08-12,5.61754081874647,5.678107314433071,5.602399305237209,5.647824287414551,482857.0,0.0,0.0
1991-08-13,5.662964905643638,5.693248369524088,5.572115397301268,5.587256908416748,1136989.0,0.0,0.0
1991-08-14,5.602398419532228,5.662964905643638,5.572115397301268,5.587256908416748,761561.0,0.0,0.0
1991-08-15,5.572112078196437,5.617536584485148,5.541828632354735,5.541828632354736,555496.0,0.0,0.0
1991-08-16,5.541831098147279,5.602397575130014,5.360131667199074,5.435839653015137,877783.0,0.0,0.0
1991-08-19,5.208715809707013,5.360131784657161,5.087582853087122,5.329848766326904,1126285.0,0.0,0.0
1991-08-20,5.360132680284935,5.420699168714972,5.344991168589803,5.390416145324707,984448.0,0.0,0.0
1991-08-21,5.511549968254213,5.526691482273696,5.450983470526708,5.481266498565674,1127049.0,0.0,0.0
1991-08-22,5.511548080480623,5.556972606980607,5.435839653015137,5.435839653015137,950804.0,0.0,0.0
1991-08-23,5.466122961530763,5.617538928985596,5.466122961530763,5.617538928985596,971449.0,0.0,0.0
1991-08-26,5.587256908416747,5.602398419532228,5.572115397301268,5.587256908416748,181979.0,0.0,0.0
1991-08-27,5.556972546757412,5.556972546757412,5.481264561761827,5.526689529418945,547468.0,0.0,0.0
1991-08-28,5.496406934884929,5.60239839553833,5.496406934884929,5.60239839553833,531793.0,0.0,0.0
1991-08-29,5.572115373437066,5.632681859289082,5.572115373437066,5.60239839553833,254236.0,0.0,0.0
1991-08-30,5.602397420569995,5.617538928985596,5.55697245367378,5.617538928985596,362812.0,0.0,0.0
1991-09-03,5.587253580292674,5.662961532423086,5.541828632354735,5.541828632354736,422452.0,0.0,0.0
1991-09-04,5.5418291703732425,5.5872541227211805,5.375271747846254,5.420696258544922,726771.0,0.0,0.0
1991-09-05,5.405556753801978,5.4206982629671066,5.329848766326904,5.329848766326904,529499.0,0.0,0.0
1991-09-06,5.2692853161210245,5.2692853161210245,5.148152289889528,5.178435325622559,995535.0,0.0,0.0
1991-09-09,5.20100745167302,5.368782043457031,5.20100745167302,5.368782043457031,598697.0,0.08109,0.0
1991-09-10,5.338278249592439,5.338278249592439,5.078990484488001,5.109495162963867,2042299.0,0.0,0.0
1991-09-11,5.109494637313427,5.12474675254444,4.972224710483098,4.987476825714111,1003563.0,0.0,0.0
1991-09-12,5.0027279127365665,5.0332321369290725,4.865458014119262,4.895962238311768,1213069.0,0.0,0.0
1991-09-13,4.911215274089566,4.941719501256001,4.819701702839145,4.8654584884643555,2062561.0,0.0,0.0
1991-09-16,4.895964642710629,5.002730369567871,4.895964642710629,5.002730369567871,1235243.0,0.0,0.0
1991-09-17,5.002729874978353,5.033234111135664,4.956973075866698,4.956973075866699,900722.0,0.0,0.0
1991-09-18,4.95697215037648,4.987476825714111,4.91121580468344,4.987476825714111,294379.0,0.0,0.0
1991-09-19,4.972226130394791,5.03323460874095,4.972226130394791,5.002730369567871,571553.0,0.0,0.0
1991-09-20,5.063739292789762,5.063739292789762,4.972226130394791,5.002730369567871,1159546.0,0.0,0.0
1991-09-23,5.002728916160672,5.002728916160672,4.911215780352361,4.9264678955078125,1149223.0,0.0,0.0
1991-09-24,4.94172094940493,4.956973067457712,4.850207796212551,4.880712032318115,1206187.0,0.0,0.0
1991-09-25,4.880712032318115,4.94172094940493,4.880712032318115,4.880712032318115,753915.0,0.0,0.0
1991-09-26,4.850208269101954,4.850208269101954,4.8044514656066895,4.8044514656066895,955010.0,0.0,0.0
1991-09-27,4.8197021484375,4.850206823299756,4.789197918450841,4.8197021484375,900339.0,0.0,0.0
1991-09-30,4.773945336313182,4.789197896110961,4.712936431748852,4.728188991546631,907986.0,0.0,0.0
1991-10-01,4.743440627969108,4.773944854736328,4.728188514585498,4.773944854736328,1341525.0,0.0,0.0
1991-10-02,4.773946781651269,4.819703585146534,4.743442542571579,4.8044514656066895,851022.0,0.0,0.0
1991-10-03,4.773946754567656,4.7891993188967,4.590920431376402,4.712937831878662,1353759.0,0.0,0.0
1991-10-04,4.697684289516132,4.728188964058752,4.651927500139997,4.682432174682617,778000.0,0.0,0.0
1991-10-07,4.697686210831981,4.71293833190349,4.667181968688965,4.667181968688965,805144.0,0.0,0.0
1991-10-08,4.682433592972028,4.728190396207706,4.682433592972028,4.712937831878662,651074.0,0.0,0.0
1991-10-09,4.712935891558752,4.728188449608305,4.621422767639159,4.62142276763916,890017.0,0.0,0.0
1991-10-10,4.651930332183837,4.66718290117854,4.62142608394616,4.651930332183838,1211157.0,0.0,0.0
1991-10-11,4.682433592972028,4.712937831878662,4.6671814735187125,4.712937831878662,672101.0,0.0,0.0
1991-10-14,4.712939734384649,4.758696556091309,4.697687608774398,4.758696556091309,537528.0,0.0,0.0
1991-10-15,4.773945358581914,4.834954263430829,4.758693243588585,4.8197021484375,1161075.0,0.0,0.0
1991-10-16,4.834951513839262,4.941717147827148,4.834951513839262,4.941717147827148,1213833.0,0.0,0.0
1991-10-17,4.987474325798797,4.987474325798797,4.819699807725923,4.8502044677734375,825024.0,0.0,0.0
1991-10-18,4.880712032318115,4.911216713299366,4.865459914265333,4.880712032318115,604049.0,0.0,0.0
1991-10-21,4.865458990010404,4.941720010663264,4.865458990010404,4.9264678955078125,971067.0,0.0,0.0
1991-10-22,4.9264678955078125,4.9264678955078125,4.895963220321307,4.9264678955078125,695039.0,0.0,0.0
1991-10-23,4.926468839709387,4.987477756899698,4.926468839709387,4.956973075866699,515354.0,0.0,0.0
1991-10-24,4.956973075866698,5.002729874978353,4.911216721630732,4.956973075866699,617048.0,0.0,0.0
1991-10-25,4.9569735536332304,5.07899139977426,4.926469314535838,5.033234596252441,697333.0,0.0,0.0
1991-10-28,5.063739292789762,5.063739292789762,4.987478249981331,5.002730369567871,633487.0,0.0,0.0
1991-10-29,5.002730369567871,5.048487173203222,4.94172144634598,5.002730369567871,896134.0,0.0,0.0
1991-10-30,5.002728020099838,5.078989027093249,5.002728020099838,5.048484802246094,933600.0,0.0,0.0
1991-10-31,5.033233146471575,5.033233146471575,4.9264678955078125,4.9264678955078125,1643932.0,0.0,0.0
1991-11-01,4.895961718045769,4.911214273396734,4.834952831268311,4.8349528312683105,1519299.0,0.0,0.0
1991-11-04,4.834955233284083,4.880712032318115,4.819703115231301,4.880712032318115,719507.0,0.0,0.0
1991-11-05,4.911217192137065,4.941721431216755,4.8044514656066895,4.8044514656066895,895369.0,0.0,0.0
1991-11-06,4.834954263430829,4.834954263430829,4.789197918450841,4.8197021484375,992858.0,0.0,0.0
1991-11-07,4.819699914325809,4.972222328186035,4.804447806402403,4.972222328186035,890017.0,0.0,0.0
1991-11-08,4.956969775387239,5.0637354206018586,4.941717667463833,4.972222328186035,1262769.0,0.0,0.0
1991-11-11,4.941720010663264,4.956972125818715,4.895963220321307,4.9264678955078125,423982.0,0.0,0.0
1991-11-12,4.941717558165216,4.9569696657512825,4.8502044677734375,4.8502044677734375,617430.0,0.0,0.0
1991-11-13,4.850204065034206,4.941717147827148,4.834951513839262,4.941717147827148,489739.0,0.0,0.0
1991-11-14,4.941717147827148,4.941717147827148,4.834951513839262,4.941717147827148,508090.0,0.0,0.0
1991-11-15,4.9112157281486715,4.9722246329975865,4.8197021484375,4.8197021484375,982918.0,0.0,0.0
1991-11-18,4.850205386619275,4.8654574970947735,4.743439723539857,4.8349528312683105,1432132.0,0.0,0.0
1991-11-19,4.789199827012583,4.789199827012583,4.667181968688965,4.667181968688965,1975395.0,0.0,0.0
1991-11-20,4.6976862075493,4.758695136668478,4.484155178070068,4.484155178070068,2211662.0,0.0,0.0
1991-11-21,4.4841541910012745,4.5146584264082685,4.33163167933927,4.3773884773254395,2184518.0,0.0,0.0
1991-11-22,4.33162986717425,4.499404426350193,4.285873533206212,4.468900203704834,1344583.0,0.0,0.0
1991-11-25,4.453650491072593,4.51465942019177,4.423146248950892,4.484155178070068,1508212.0,0.0,0.0
1991-11-26,4.499405462053673,4.697684289516132,4.484153347220159,4.682432174682617,1229126.0,0.0,0.0
1991-11-27,4.63667391729395,4.63667391729395,4.575665032400262,4.590917587280273,559319.0,0.0,0.0
1991-11-29,4.560414791107178,4.606171584745971,4.514657997468385,4.560414791107178,1018856.0,0.0,0.0
1991-12-02,4.4909001408281295,4.660078048706055,4.4909001408281295,4.660078048706055,1528474.0,0.08109,0.0
1991-12-03,4.675454851135203,4.721594333648681,4.675454851135203,4.721594333648682,942776.0,0.0,0.0
1991-12-04,4.736974239349365,4.76773404536924,4.675455075906007,4.736974239349365,1313999.0,0.0,0.0
1991-12-05,4.706215661689532,4.721595342949503,4.613936676936776,4.629316806793213,604814.0,0.0,0.0
1991-12-06,4.552418623192366,4.767736008185753,4.537038938149002,4.675457000732422,1080790.0,0.0,0.0
1991-12-09,4.660076169313154,4.690835531833095,4.583177314416834,4.629316806793213,678982.0,0.0,0.0
1991-12-10,4.613937890815043,4.644697710024034,4.5524187009936465,4.583178520202637,1252829.0,0.0,0.0
1991-12-11,4.629319104533007,4.736977375384922,4.629319104533007,4.690837860107422,1258564.0,0.0,0.0
1991-12-12,4.690835919997336,4.767735229853501,4.675456237464705,4.752355098724365,906456.0,0.0,0.0
1991-12-13,4.767736008185753,4.813875063315842,4.660077315689059,4.675457000732422,798645.0,0.0,0.0
1991-12-16,4.675456237464705,4.767735229853501,4.675456237464705,4.752355098724365,949275.0,0.0,0.0
1991-12-17,4.6908347546177485,4.7523539180611065,4.675455075906007,4.736974239349365,891929.0,0.0,0.0
1991-12-18,4.706219073789304,4.81387736925991,4.690838932781968,4.798497676849365,1137754.0,0.0,0.0
1991-12-19,4.798498287969076,4.798498287969076,4.660080141452145,4.706219673156738,1208863.0,0.0,0.0
1991-12-20,4.690836347786735,4.860014216863677,4.675456663851525,4.844634532928467,1935634.0,0.0,0.0
1991-12-23,4.7831131992701215,4.99843002339877,4.7831131992701215,4.983050346374512,851404.0,0.0,0.0
1991-12-24,5.0138138737086235,5.121472141452534,5.0138138737086235,5.10609245300293,883900.0,0.0,0.0
1991-12-26,5.106092453002929,5.167611655398025,5.075332627507043,5.10609245300293,702303.0,0.0,0.0
1991-12-27,5.090711733910497,5.229129799126788,5.075331599978009,5.198369979858398,602902.0,0.0,0.0
1991-12-30,5.16761040282525,5.505965709686279,5.16761040282525,5.505965709686279,1194718.0,0.0,0.0
1991-12-31,5.475207225859024,5.659764818161798,5.475207225859024,5.598245620727539,1804120.0,0.0,0.0
1992-01-02,5.536726093534186,5.5521057798276,5.352168512223386,5.413687705993652,1484509.0,0.0,0.0
1992-01-03,5.382926715070813,5.536724890373603,5.259888354267187,5.398306846618652,1132019.0,0.0,0.0
1992-01-06,5.398304721904384,5.398304721904384,5.167607774048276,5.229126930236816,1160310.0,0.0,0.0
1992-01-07,5.213750113790886,5.213750113790886,5.152230923850691,5.198369979858398,1067791.0,0.0,0.0
1992-01-08,5.152229015918274,5.290647029876709,5.075329720522326,5.290647029876709,1698220.0,0.0,0.0
1992-01-09,5.213753065805866,5.367550903438041,5.213753065805866,5.336791515350342,1371727.0,0.0,0.0
1992-01-10,5.3521695293299505,5.382928907762176,5.306030013084913,5.321409702301025,1294883.0,0.0,0.0
1992-01-13,5.321411372709653,5.41369043416643,5.321411372709653,5.336791515350342,604432.0,0.0,0.0
1992-01-14,5.352167349168164,5.444445895472625,5.352167349168164,5.398306846618652,613607.0,0.0,0.0
1992-01-15,5.475202773690874,5.64438009262085,5.41368362628099,5.64438009262085,1542238.0,0.0,0.0
1992-01-16,5.582865974722037,5.613625800436132,5.475207706214404,5.56748628616333,1211922.0,0.0,0.0
1992-01-17,5.567484673095903,5.598244489897956,5.475206119882843,5.490585803985596,703068.0,0.0,0.0
1992-01-20,5.521346081756183,5.552105903625489,5.459827335210817,5.552105903625488,619724.0,0.0,0.0
1992-01-21,5.644382504794505,5.644382504794505,5.582863331093892,5.613623142242432,1478392.0,0.0,0.0
1992-01-22,5.598243460966396,5.644382504794505,5.598243460966396,5.613623142242432,768443.0,0.0,0.0
1992-01-23,5.644385106568311,5.70590430862614,5.629005418203023,5.659765243530273,919073.0,0.0,0.0
1992-01-24,5.629005418203023,5.70590430862614,5.582865904510482,5.659765243530273,736329.0,0.0,0.0
1992-01-27,5.613622890519568,5.690521742047963,5.613622890519568,5.629002571105957,573465.0,0.0,0.0
1992-01-28,5.582865484921495,5.6905241925806065,5.475207225859024,5.598245620727539,872813.0,0.0,0.0
1992-01-29,5.59824720943638,5.629006592584297,5.4136895647585765,5.444448947906494,571171.0,0.0,0.0
1992-01-30,5.444446082727802,5.552104764282894,5.444446082727802,5.475205898284912,573082.0,0.0,0.0
1992-01-31,5.444446082727802,5.536725080802603,5.429066399247511,5.475205898284912,594874.0,0.0,0.0
1992-02-03,5.444446082727802,5.4905855817652025,5.429066399247511,5.475205898284912,1107551.0,0.0,0.0
1992-02-04,5.459826655521072,5.505965709686279,5.444446522202768,5.505965709686279,1463099.0,0.0,0.0
1992-02-05,5.536721921100758,5.67513989062393,5.521341797801081,5.64438009262085,788705.0,0.0,0.0
1992-02-06,5.598246111877425,5.613625800436132,5.552106597604622,5.56748628616333,578817.0,0.0,0.0
1992-02-07,5.629002623550705,5.629002623550705,5.444445109005187,5.536724090576172,514207.0,0.0,0.0
1992-02-10,5.536727994543779,5.582867069265654,5.444448947906493,5.444448947906494,405248.0,0.0,0.0
1992-02-11,5.444446740104018,5.521345615386963,5.444446740104018,5.521345615386963,457625.0,0.0,0.0
1992-02-12,5.58286698953734,5.7674246315794955,5.536727915474373,5.73666524887085,1031854.0,0.0,0.0
1992-02-13,5.752045683527982,5.782805518808299,5.690526461564165,5.721286296844482,763090.0,0.0,0.0
1992-02-14,5.70590159661423,5.79818058013916,5.675142234503561,5.79818058013916,555878.0,0.0,0.0
1992-02-18,5.78279923437788,5.82893826426175,5.736659755897678,5.752039432525635,1531151.0,0.0,0.0
1992-02-19,5.721281032246099,5.7828001976013175,5.70590090445999,5.782800197601318,803615.0,0.0,0.0
1992-02-20,5.782802718167943,5.90584110250747,5.7674225836780515,5.890460968017578,1015797.0,0.0,0.0
1992-02-21,5.875084152109017,5.890463845515304,5.690526485443115,5.690526485443115,621253.0,0.0,0.0
1992-02-24,5.767423304097134,5.905841840216658,5.736663928468345,5.875082015991211,1052881.0,0.0,0.0
1992-02-25,5.905843199558682,5.905843199558682,5.721285557516527,5.73666524887085,641133.0,0.0,0.0
1992-02-26,5.736666014258796,5.736666014258796,5.644386956627434,5.690526485443115,673630.0,0.0,0.0
1992-02-27,5.690523455058511,5.690523455058511,5.582864761352539,5.582864761352539,654897.0,0.0,0.0
1992-02-28,5.582863331093892,5.6597626346670085,5.582863331093892,5.613623142242432,926719.0,0.0,0.0
1992-03-02,5.613625845739129,5.78280376704025,5.613625845739129,5.767423629760742,1581233.0,0.0,0.0
1992-03-03,5.7674207694320305,5.813560261194495,5.73666140732136,5.79818058013916,864020.0,0.0,0.0
1992-03-04,5.767420069815208,5.844319362956536,5.721281032246099,5.782800197601318,510384.0,0.0,0.0
1992-03-05,5.79818058013916,5.844320071901626,5.7520410883766955,5.79818058013916,1860319.0,0.0,0.0
1992-03-06,5.798183455723075,5.828942833088724,5.767423629760742,5.767423629760742,560466.0,0.0,0.0
1992-03-09,5.7284078614419105,5.743889936227172,5.573586210423113,5.666479110717773,716066.0,0.08109,0.0
1992-03-10,5.681960582733154,5.743889326887591,5.681960582733154,5.681960582733154,637693.0,0.0,0.0
1992-03-11,5.666480444077302,5.666480444077302,5.511658756627959,5.558104991912842,982154.0,0.0,0.0
1992-03-12,5.558105864771296,5.558105864771296,5.480695008889835,5.511659622192383,718742.0,0.0,0.0
1992-03-13,5.54262269518914,5.573587302409392,5.496176461733536,5.5271406173706055,435833.0,0.0,0.0
1992-03-16,5.511659622192383,5.542623783911658,5.465212928030198,5.511659622192383,639987.0,0.0,0.0
1992-03-17,5.542622794937671,5.666480322881331,5.49617656064619,5.635516166687012,688922.0,0.0,0.0
1992-03-18,5.7284098985893666,5.743891978880392,5.65099904555098,5.71292781829834,638457.0,0.0,0.0
1992-03-19,5.728410005785524,5.836785473017255,5.728410005785524,5.759374618530273,711861.0,0.0,0.0
1992-03-20,5.743890669217211,5.774855274322285,5.666479833829252,5.697444438934326,1422575.0,0.0,0.0
1992-03-23,5.697446758417403,5.697446758417403,5.558106656092654,5.589071273803711,854845.0,0.0,0.0
1992-03-24,5.5890691100200725,5.666479946953443,5.5890691100200725,5.620033264160156,359371.0,0.0,0.0
1992-03-25,5.620035305349364,5.666482005012028,5.60455322265625,5.60455322265625,589522.0,0.0,0.0
1992-03-26,5.635516166687012,5.666480322881331,5.635516166687012,5.635516166687012,1422192.0,0.0,0.0
1992-03-27,5.635514253198385,5.650996326038745,5.573585510253906,5.573585510253906,740534.0,0.0,0.0
1992-03-30,5.573587302409392,5.573587302409392,5.496176461733536,5.5271406173706055,675541.0,0.0,0.0
1992-03-31,5.496179680775993,5.496179680775993,5.356839544049889,5.372322082519531,1323939.0,0.0,0.0
1992-04-01,5.2949073389895345,5.356836098282289,5.18653234891458,5.32587194442749,1256652.0,0.0,0.0
1992-04-02,5.418765197099122,5.434247726579769,5.372318963406737,5.40328311920166,584169.0,0.0,0.0
1992-04-03,5.403280379373177,5.403280379373177,5.310387507508189,5.387798309326172,972214.0,0.0,0.0
1992-04-06,5.387801154954239,5.449729919433594,5.387801154954239,5.449729919433594,659484.0,0.0,0.0
1992-04-07,5.449732113057564,5.496178818008587,5.356838703155518,5.356838703155518,839935.0,0.0,0.0
1992-04-08,5.263944519764086,5.294908681469592,5.202015744769805,5.217497825622559,927483.0,0.0,0.0
1992-04-09,5.248459349683117,5.372316826769521,5.217494754620013,5.310388088226318,905310.0,0.0,0.0
1992-04-10,5.356836546922965,5.480694075881674,5.356836546922965,5.449729919433594,722565.0,0.0,0.0
1992-04-13,5.41876834317812,5.41876834317812,5.341357457163693,5.372322082519531,406778.0,0.0,0.0
1992-04-14,5.372320756159661,5.58907127380371,5.356838221512466,5.589071273803711,940100.0,0.0,0.0
1992-04-15,5.666479946953443,5.697444552676687,5.604551187090115,5.620033264160156,1404988.0,0.0,0.0
1992-04-16,5.573585510253906,5.589067583094267,5.527138840149789,5.573585510253906,1389696.0,0.0,0.0
1992-04-20,5.57358608663319,5.743889808654785,5.5426214861673015,5.743889808654785,1932576.0,0.0,0.0
1992-04-21,5.697445669440837,5.898714065551757,5.697445669440837,5.898714065551758,1784622.0,0.0,0.0
1992-04-22,5.898712514492619,5.929676666560044,5.759372927022941,5.85226583480835,1369434.0,0.0,0.0
1992-04-23,5.836781318140693,6.084496237431313,5.836781318140693,6.053531646728516,2358469.0,0.0,0.0
1992-04-24,6.053536310917605,6.084500925478328,5.976125451890729,6.007089614868164,1629787.0,0.0,0.0
1992-04-27,5.883233657609476,5.91419782661968,5.852269037015895,5.867751121520996,717595.0,0.0,0.0
1992-04-28,5.836784804179446,5.960642337799072,5.821302725372796,5.960642337799072,1139283.0,0.0,0.0
1992-04-29,5.945162088022506,6.1154659104560825,5.945162088022506,6.08450174331665,1278826.0,0.0,0.0
1992-04-30,6.069016933441161,6.099981540558129,6.053534855674268,6.069016933441162,1573587.0,0.0,0.0
1992-05-01,6.0380518668248175,6.0380518668248175,5.759372702737957,5.883230209350586,796351.0,0.0,0.0
1992-05-04,5.852267585189142,5.960643053005894,5.852267585189142,5.929678440093994,562378.0,0.0,0.0
1992-05-05,5.91419782661968,5.929679911124782,5.836786952510793,5.867751121520996,853698.0,0.0,0.0
1992-05-06,5.976124632974122,6.0225713226589095,5.929677943289336,5.991606712341309,1209246.0,0.0,0.0
1992-05-07,5.991607587506588,5.991607587506588,5.94516134262085,5.94516134262085,525676.0,0.0,0.0
1992-05-08,5.945162501544226,6.022573376360548,5.945162501544226,5.976126670837402,1290678.0,0.0,0.0
1992-05-11,5.9606434242494295,6.0535363656042005,5.94516134262085,5.94516134262085,455713.0,0.0,0.0
1992-05-12,5.945158962656901,5.945158962656901,5.821301456044272,5.883230209350586,577670.0,0.0,0.0
1992-05-13,5.852265606905872,5.898712284781387,5.790336853599557,5.883230209350586,523382.0,0.0,0.0
1992-05-14,5.929679911124782,5.945162447213261,5.852269037015895,5.867751121520996,1130490.0,0.0,0.0
1992-05-15,5.898713360949333,5.914195439204701,5.790337909995364,5.805819988250732,567730.0,0.0,0.0
1992-05-18,5.852265606905872,5.898712284781387,5.836783531475072,5.883230209350586,638840.0,0.0,0.0
1992-05-19,5.883233657609476,5.883233657609476,5.805822331917211,5.867751121520996,595639.0,0.0,0.0
1992-05-20,5.836785293549686,5.914196145656463,5.805820681757026,5.898714065551758,1104875.0,0.0,0.0
1992-05-21,6.007088791708496,6.007088791708496,5.960642553606936,5.991606712341309,898046.0,0.0,0.0
1992-05-22,5.9761231135185024,5.9761231135185024,5.883230209350586,5.883230209350586,761561.0,0.0,0.0
1992-05-26,5.914196145656463,5.914196145656463,5.759374441442908,5.898714065551758,659484.0,0.0,0.0
1992-05-27,5.898713784554963,6.007088791708496,5.898713784554963,5.991606712341309,861344.0,0.0,0.0
1992-05-28,6.007088791708496,6.038053402026096,5.960642553606936,5.991606712341309,1007386.0,0.0,0.0
1992-05-29,5.99160699776324,6.099982461662678,5.898714065551757,5.898714065551758,1266210.0,0.0,0.0
1992-06-01,5.8832282859777605,5.8832282859777605,5.7593708198572,5.8212995529174805,669807.0,0.0,0.0
1992-06-02,5.821303423860506,5.9761251336702115,5.821303423860506,5.929678440093994,768443.0,0.0,0.0
1992-06-03,5.898712284781387,5.945158962656901,5.883230209350586,5.883230209350586,519177.0,0.0,0.0
1992-06-04,5.85226583480835,5.883230438458906,5.8367837587746365,5.85226583480835,506178.0,0.0,0.0
1992-06-05,5.867747079964372,5.867747079964372,5.743889586066728,5.836782932281494,470241.0,0.0,0.0
1992-06-08,5.81309521047246,5.859849452972412,5.797510614496957,5.859849452972412,180833.0,0.08109,0.0
1992-06-09,5.8286817208558075,5.8286817208558075,5.516987426103754,5.563741683959961,1812531.0,0.0,0.0
1992-06-10,5.594912666202684,5.626082332881499,5.563743454097608,5.5793280601501465,667513.0,0.0,0.0
1992-06-11,5.563743454097608,5.610497726828961,5.54815884804507,5.5793280601501465,783353.0,0.0,0.0
1992-06-12,5.610497726828961,5.6572515449865755,5.5793280601501465,5.5793280601501465,418629.0,0.0,0.0
1992-06-15,5.579326897565803,5.610496557749684,5.516988031771685,5.548157691955566,261882.0,0.0,0.0
1992-06-16,5.579328110455583,5.579328110455583,5.485820018723509,5.516989231109619,393397.0,0.0,0.0
1992-06-17,5.485821300728321,5.50140591056341,5.314389228820801,5.314389228820801,745504.0,0.0,0.0
1992-06-18,5.298803431268838,5.298803431268838,5.142956004129315,5.174125671386719,896134.0,0.0,0.0
1992-06-19,5.236462073437786,5.36113977432251,5.236462073437786,5.36113977432251,1252064.0,0.0,0.0
1992-06-22,5.361140794558176,5.470233917236328,5.345556192625188,5.470233917236328,625076.0,0.0,0.0
1992-06-23,5.470234827274791,5.563742909002516,5.454649768175425,5.532573699951172,618960.0,0.0,0.0
1992-06-24,5.51698923110962,5.548158898069472,5.470235412530454,5.516989231109619,396073.0,0.0,0.0
1992-06-25,5.516988412474292,5.579327282570135,5.501403808593749,5.50140380859375,290555.0,0.0,0.0
1992-06-26,5.470233917236328,5.516987723035292,5.454648860729722,5.470233917236328,252707.0,0.0,0.0
1992-06-29,5.439062781812061,5.6104947202432145,5.439062781812061,5.59490966796875,318846.0,0.0,0.0
1992-06-30,5.626081781678897,5.719589863406622,5.532573699951173,5.532573699951172,639987.0,0.0,0.0
1992-07-01,5.548157861258587,5.688420199932071,5.548157861258587,5.641665935516357,779912.0,0.0,0.0
1992-07-02,5.657249927520752,5.704004186884582,5.641665325924011,5.657249927520752,533704.0,0.0,0.0
1992-07-06,5.65724974509878,5.65724974509878,5.5325724817715525,5.563741683959961,514971.0,0.0,0.0
1992-07-07,5.59490966796875,5.641663915645154,5.57932507026778,5.59490966796875,327257.0,0.0,0.0
1992-07-08,5.548157381474886,5.579326585340862,5.454648860729722,5.470233917236328,827701.0,0.0,0.0
1992-07-09,5.501403428966566,5.5481576919555655,5.501403428966566,5.548157691955566,600991.0,0.0,0.0
1992-07-10,5.548158074809051,5.563742678689593,5.501403808593749,5.50140380859375,233209.0,0.0,0.0
1992-07-13,5.532574291876418,5.563743504262527,5.485820018723509,5.516989231109619,717978.0,0.0,0.0
1992-07-14,5.516988412474292,5.516988412474292,5.4858192047132075,5.50140380859375,679364.0,0.0,0.0
1992-07-15,5.485818497787455,5.704004287719727,5.485818497787455,5.704004287719727,1054410.0,0.0,0.0
1992-07-16,5.641667341767906,5.81309938430786,5.594913065698142,5.813099384307861,772266.0,0.0,0.0
1992-07-17,5.781929715403428,5.828683991473191,5.719590832168333,5.813099384307861,712243.0,0.0,0.0
1992-07-20,5.7975147771425295,5.81309938430786,5.766345108238097,5.813099384307861,629664.0,0.0,0.0
1992-07-21,5.797513961791992,5.813098566765536,5.781928902244741,5.797513961791992,826936.0,0.0,0.0
1992-07-22,5.766342771932579,5.797512428208238,5.735173570230507,5.750758171081543,1197394.0,0.0,0.0
1992-07-23,5.7195916946630545,5.78193058729864,5.7195916946630545,5.766345977783203,765002.0,0.0,0.0
1992-07-24,5.735175893907434,5.859853660377625,5.735175893907434,5.813099384307861,721036.0,0.0,0.0
1992-07-27,5.781928902244741,5.82868317173908,5.750759692297653,5.797513961791992,440803.0,0.0,0.0
1992-07-28,5.797510614496957,5.875434048947914,5.766340967972508,5.859849452972412,535616.0,0.0,0.0
1992-07-29,5.875437419171017,5.968945503234862,5.828683149852242,5.968945503234863,887341.0,0.0,0.0
1992-07-30,5.968945503234862,5.968945503234862,5.922191688489793,5.968945503234863,563907.0,0.0,0.0
1992-07-31,5.9533612594562,6.046869349192333,5.9221920477354,5.984530925750732,1171397.0,0.0,0.0
1992-08-03,6.000116348266602,6.015700956248169,5.9689466777296705,6.000116348266602,702303.0,0.0,0.0
1992-08-04,5.968944818129941,6.000114478956095,5.922191008751191,5.937775611877441,729447.0,0.0,0.0
1992-08-05,5.906605951051287,5.953360215003691,5.906605951051287,5.937775611877441,846052.0,0.0,0.0
1992-08-06,5.937774073002236,5.968943271176708,5.891019821166992,5.891019821166992,647633.0,0.0,0.0
1992-08-07,5.8598514705573175,5.906605274581463,5.828681813300952,5.844266414642334,655279.0,0.0,0.0
1992-08-10,5.7663426127072475,5.828681468963623,5.735173411865847,5.828681468963623,397602.0,0.0,0.0
1992-08-11,5.844267776712624,5.844267776712624,5.750759692297653,5.797513961791992,604814.0,0.0,0.0
1992-08-12,5.750758547910077,5.781927751654566,5.704004287719727,5.704004287719727,300113.0,0.0,0.0
1992-08-13,5.719588788481323,5.766343047845153,5.579326464963441,5.657249927520752,622783.0,0.0,0.0
1992-08-14,5.719588356871572,5.844266069384323,5.719588356871572,5.828681468963623,484386.0,0.0,0.0
1992-08-17,5.797512641600076,5.87543610329701,5.781927585601807,5.781927585601807,450743.0,0.0,0.0
1992-08-18,5.781928467318036,5.781928467318036,5.704004993738148,5.735174655914307,329933.0,0.0,0.0
1992-08-19,5.719587736164021,5.735172789466957,5.610495090484619,5.610495090484619,356695.0,0.0,0.0
1992-08-20,5.610496485050275,5.719589157846153,5.610496485050275,5.672835350036621,589522.0,0.0,0.0
1992-08-21,5.7195866261018615,5.7819254634942565,5.6572477887094665,5.688417434692383,485916.0,0.0,0.0
1992-08-24,5.626080542910372,5.65724974509878,5.563741683959961,5.563741683959961,406395.0,0.0,0.0
1992-08-25,5.57932507026778,5.626079317944185,5.54815587486584,5.59490966796875,315023.0,0.0,0.0
1992-08-26,5.594909169564405,5.7195868492126465,5.579324573251738,5.7195868492126465,405248.0,0.0,0.0
1992-08-27,5.813098129494195,5.828682733295437,5.719589597539391,5.735174655914307,712243.0,0.0,0.0
1992-08-28,5.735173781327808,5.797512641600076,5.704004123904873,5.781927585601807,811644.0,0.0,0.0
1992-08-31,5.828679806447963,5.891018644923418,5.766340967972508,5.859849452972412,710714.0,0.0,0.0
1992-09-01,5.8442648636756385,5.922188758850098,5.797511072059139,5.922188758850098,820819.0,0.0,0.0
1992-09-02,5.984532137510615,5.984532137510615,5.891023574266951,5.953362464904785,572700.0,0.0,0.0
1992-09-03,5.953360215003691,5.984529875829845,5.9377756118774405,5.937775611877441,475976.0,0.0,0.0
1992-09-04,5.937774581055674,5.937774581055674,5.828681468963623,5.828681468963623,804380.0,0.0,0.0
1992-09-08,5.828684870418789,5.828684870418789,5.766345977783204,5.766345977783203,453419.0,0.0,0.0
1992-09-09,5.750758547910077,5.781927751654566,5.6884196858474825,5.704004287719727,722565.0,0.0,0.0
1992-09-10,5.704005422803315,5.797513961791992,5.704005422803315,5.797513961791992,568877.0,0.0,0.0
1992-09-11,5.8442692926451185,5.968947073920788,5.828684683629117,5.953362464904785,353637.0,0.0,0.0
1992-09-14,5.993520983792408,6.0092107190827155,5.852312450899315,5.8993821144104,648780.0,0.0837,0.0
1992-09-15,5.88369350699701,5.88369350699701,5.726795196533203,5.726795196533203,547085.0,0.0,0.0
1992-09-16,5.7424867756181115,5.9778347743462374,5.726797031073685,5.852315902709961,747798.0,0.0,0.0
1992-09-17,5.946455079965833,5.946455079965833,5.78955671258243,5.82093620300293,575759.0,0.0,0.0
1992-09-18,5.820935955980676,5.899385593983673,5.820935955980676,5.852315902709961,690834.0,0.0,0.0
1992-09-21,5.836626405853631,5.8523161510638815,5.78955671258243,5.82093620300293,262647.0,0.0,0.0
1992-09-22,5.836621887626681,5.9150710105896005,5.836621887626681,5.9150710105896,559319.0,0.0,0.0
1992-09-23,5.899385220468806,5.946454451121936,5.868005275726318,5.868005275726318,740916.0,0.0,0.0
1992-09-24,5.883691086820375,5.9150710105896005,5.86800135375581,5.9150710105896,372370.0,0.0,0.0
1992-09-25,5.899385417741351,5.977834595760271,5.883695216025234,5.96214485168457,775324.0,0.0,0.0
1992-09-28,5.930768347931923,6.056287288665771,5.930768347931923,6.0562872886657715,490121.0,0.0,0.0
1992-09-29,5.993525607525198,6.040595307348418,5.946455907701978,6.009215354919434,409836.0,0.0,0.0
1992-09-30,6.009217378640008,6.056287094314869,5.962148120605816,6.02490758895874,733270.0,0.0,0.0
1992-10-01,5.977837660295507,6.0249073742932895,5.977837660295507,5.993527412414551,1069320.0,0.0,0.0
1992-10-02,6.0092107190827155,6.0092107190827155,5.8680021861896225,5.8993821144104,575376.0,0.0,0.0
1992-10-05,5.852313147524759,5.946452028112514,5.64834519155111,5.93076229095459,579582.0,0.0,0.0
1992-10-06,5.930767698634983,5.946457450098839,5.852318483675073,5.883697986602783,512295.0,0.0,0.0
1992-10-07,5.868010610421146,5.868010610421146,5.77387160589133,5.805251121520996,552438.0,0.0,0.0
1992-10-08,5.80524621143625,5.899385593983673,5.789556466891823,5.852315902709961,507707.0,0.0,0.0
1992-10-09,5.8523163161846545,5.8523163161846545,5.742487181333217,5.773867130279541,566201.0,0.0,0.0
1992-10-12,5.805248771642873,5.883697986602784,5.7738692687151625,5.883697986602783,254236.0,0.0,0.0
1992-10-13,5.868008235138928,5.930767698634983,5.868008235138928,5.883697986602783,1056704.0,0.0,0.0
1992-10-14,5.8523189365780315,6.02490758895874,5.8366291838999675,6.02490758895874,1865289.0,0.0,0.0
1992-10-15,6.009212711617832,6.103352069854735,5.9935229711251194,6.103352069854736,2023948.0,0.0,0.0
1992-10-16,6.08766187172171,6.103352069854735,6.024902909750859,6.103352069854736,1137372.0,0.0,0.0
1992-10-19,6.087669648652414,6.213188648223878,6.087669648652414,6.213188648223877,1415311.0,0.0,0.0
1992-10-20,6.213180289265464,6.323009380541156,6.213180289265464,6.307319641113281,1512035.0,0.0,0.0
1992-10-21,6.275942011617501,6.307321959648623,6.197492828000373,6.228872776031494,1494449.0,0.0,0.0
1992-10-22,6.22887345874567,6.27594269949069,6.22887345874567,6.260252952575684,903016.0,0.0,0.0
1992-10-23,6.260252952575683,6.307322650961203,6.244563205660676,6.260252952575684,1271945.0,0.0,0.0
1992-10-26,6.228870486333621,6.30731964111328,6.213180289265464,6.307319641113281,513442.0,0.0,0.0
1992-10-27,6.338702276462363,6.495601121793123,6.338702276462363,6.417151927947998,1645461.0,0.0,0.0
1992-10-28,6.432841675188921,6.448531422429844,6.370082228584719,6.417151927947998,1122461.0,0.0,0.0
1992-10-29,6.417148670010714,6.558357238769531,6.401458473095074,6.558357238769531,916397.0,0.0,0.0
1992-10-30,6.526983164621597,6.526983164621597,6.432844186780628,6.511293411254883,316170.0,0.0,0.0
1992-11-02,6.479910310928946,6.511290260116739,6.385771378646503,6.401461124420166,735182.0,0.0,0.0
1992-11-03,6.401461555707956,6.479910747502121,6.401461555707956,6.464221000671387,585316.0,0.0,0.0
1992-11-04,6.432841675188921,6.47991091691169,6.401461723066565,6.417151927947998,520324.0,0.0,0.0
1992-11-05,6.401462610825299,6.41715281788266,6.338703155517578,6.338703155517578,768825.0,0.0,0.0
1992-11-06,6.40146149809333,6.432841449112868,6.385771751403809,6.385771751403809,581875.0,0.0,0.0
1992-11-09,6.40146149809333,6.40146149809333,6.354392258024764,6.385771751403809,525294.0,0.0,0.0
1992-11-10,6.401460809867738,6.401460809867738,6.338701372216469,6.354391574859619,369694.0,0.0,0.0
1992-11-11,6.354392258024764,6.40146149809333,6.338702053694749,6.385771751403809,1176367.0,0.0,0.0
1992-11-12,6.370082004714286,6.40146149809333,6.370082004714286,6.385771751403809,692745.0,0.0,0.0
1992-11-13,6.385771975825642,6.432841675188921,6.370082228584719,6.417151927947998,699627.0,0.0,0.0
1992-11-16,6.385771751403809,6.417151702423346,6.338702053694749,6.385771751403809,815849.0,0.0,0.0
1992-11-17,6.354391344825306,6.385770833694755,6.323011398315429,6.32301139831543,372370.0,0.0,0.0
1992-11-18,6.307321882211056,6.354391574859619,6.2916321372083495,6.354391574859619,744357.0,0.0,0.0
1992-11-19,6.354391574859619,6.401460809867738,6.338701372216469,6.354391574859619,822731.0,0.0,0.0
1992-11-20,6.448529613292039,6.448529613292039,6.3543906986167045,6.432839870452881,1266975.0,0.0,0.0
1992-11-23,6.417151927947998,6.448531422429844,6.401461723066565,6.417151927947998,664454.0,0.0,0.0
1992-11-24,6.448528148561438,6.605426456595618,6.448528148561438,6.558357238769531,1649284.0,0.0,0.0
1992-11-25,6.526981616768797,6.778019441666148,6.526981616768797,6.636810779571533,1476098.0,0.0,0.0
1992-11-27,6.652498033049812,6.668187776808605,6.621118545532227,6.621118545532227,427422.0,0.0,0.0
1992-11-30,6.683879208242619,6.77801814576018,6.683879208242619,6.730948448181152,1870259.0,0.0,0.0
1992-12-01,6.699567794799805,6.730947282658527,6.668187849300669,6.699567794799805,1175220.0,0.0,0.0
1992-12-02,6.730947209484184,6.730947209484184,6.605428344133025,6.621118545532227,1463099.0,0.0,0.0
1992-12-03,6.526980386890493,6.526980386890493,6.370082004714286,6.385771751403809,945070.0,0.0,0.0
1992-12-04,6.291631269619688,6.526978785128215,6.291631269619688,6.432839870452881,2119143.0,0.0,0.0
1992-12-07,6.394317111523753,6.489047527313232,6.394317111523753,6.489047527313232,1339231.0,0.0837,0.0
1992-12-08,6.457471847534179,6.473260175789575,6.378529285225334,6.45747184753418,768825.0,0.0,0.0
1992-12-09,6.44168116730012,6.489046598674388,6.378527412306362,6.39431619644165,654132.0,0.0,0.0
1992-12-10,6.410102117537518,6.425890435239503,6.315371290294352,6.331160068511963,911426.0,0.0,0.0
1992-12-11,6.299586544427329,6.315374871081219,6.268009891119548,6.2837982177734375,430098.0,0.0,0.0
1992-12-14,6.252220612225118,6.3311631603176695,6.252220612225118,6.315374374389648,1467687.0,0.0,0.0
1992-12-15,6.315371290294352,6.378525021617921,6.315371290294352,6.331160068511963,1031854.0,0.0,0.0
1992-12-16,6.362736703915934,6.3943137998355315,6.299582972592366,6.331160068511963,769972.0,0.0,0.0
1992-12-17,6.346951485729839,6.362739811142009,6.299586048977479,6.315374374389648,845287.0,0.0,0.0
1992-12-18,6.362739999250016,6.489047527313232,6.299586235218409,6.489047527313232,1799532.0,0.0,0.0
1992-12-21,6.457470143390562,6.567988872528077,6.457470143390562,6.567988872528076,779530.0,0.0,0.0
1992-12-22,6.536415323667884,6.567991986817956,6.457473205276674,6.55220365524292,813555.0,0.0,0.0
1992-12-23,6.583776473999023,6.646930223938505,6.583776473999023,6.583776473999023,398367.0,0.0,0.0
1992-12-24,6.599564297921244,6.662718038684174,6.504833456519002,6.5206217765808105,152542.0,0.0,0.0
1992-12-28,6.5206217765808105,6.552198877220123,6.457468496333576,6.5206217765808105,758120.0,0.0,0.0
1992-12-29,6.567988872528077,6.662719738092588,6.536412224350447,6.567988872528076,787176.0,0.0,0.0
1992-12-30,6.615355055376448,6.615355055376448,6.489047527313232,6.489047527313232,849875.0,0.0,0.0
1992-12-31,6.489047315760992,6.504835641125205,6.410105228424073,6.410105228424072,562760.0,0.0,0.0
1993-01-04,6.457473205276674,6.567991986817956,6.457473205276674,6.55220365524292,674777.0,0.0,0.0
1993-01-05,6.520622026822486,6.552199128673631,6.3627378991138945,6.473257064819336,1101817.0,0.0,0.0
1993-01-06,6.48904608431392,6.615353584289552,6.48904608431392,6.615353584289551,838788.0,0.0,0.0
1993-01-07,6.599567391856417,6.678509489689905,6.55220194894996,6.631144046783447,756209.0,0.0,0.0
1993-01-08,6.536411031929889,6.662718522630081,6.489045607788386,6.646929740905762,1080790.0,0.0,0.0
1993-01-11,6.615351439043785,6.694293485800053,6.599563121795653,6.599563121795654,1013121.0,0.0,0.0
1993-01-12,6.567989367249345,6.583777692527385,6.410105193437251,6.504835605621338,1001652.0,0.0,0.0
1993-01-13,6.536409392287517,6.631139756291916,6.504832297275643,6.599563121795654,1125520.0,0.0,0.0
1993-01-14,6.63114141969717,6.646929740905762,6.599564777279985,6.646929740905762,1274621.0,0.0,0.0
1993-01-15,6.646934227803271,6.757453471898967,6.646934227803271,6.725876808166504,1555236.0,0.0,0.0
1993-01-18,6.69430007878861,6.820607662200929,6.6627234131935635,6.820607662200928,779912.0,0.0,0.0
1993-01-19,6.820601684732888,6.883755421092106,6.6627175740926745,6.710082530975342,1826294.0,0.0,0.0
1993-01-20,6.75744794837367,6.78902504681111,6.710082530975342,6.710082530975342,1344201.0,0.0,0.0
1993-01-21,6.741661071777344,6.7574493941161125,6.646930216713214,6.741661071777344,1527710.0,0.0,0.0
1993-01-22,6.789029291401783,6.931125171921327,6.773240502053873,6.899548053741455,839935.0,0.0,0.0
1993-01-25,6.915336835217993,6.994278939803889,6.8995480458880545,6.931125164031982,1386638.0,0.0,0.0
1993-01-26,6.931125164031982,6.9784901504739505,6.915336835217993,6.931125164031982,1459276.0,0.0,0.0
1993-01-27,6.8995447174430335,6.931121820353689,6.820602650939987,6.836390972137451,1058998.0,0.0,0.0
1993-01-28,6.804817199707031,6.820605527563298,6.7574517556223075,6.804817199707031,897663.0,0.0,0.0
1993-01-29,6.836391225725316,6.836391225725316,6.77323747807712,6.789026260375977,1105640.0,0.0,0.0
1993-02-01,6.757446567075988,6.8679656982421875,6.757446567075988,6.8679656982421875,861344.0,0.0,0.0
1993-02-02,6.789027673834695,6.86796975970155,6.773238888248652,6.852181434631348,517647.0,0.0,0.0
1993-02-03,6.852184788312041,6.867973121109564,6.804819329403405,6.820607662200928,1233331.0,0.0,0.0
1993-02-04,6.852179753850643,6.852179753850643,6.6942951603288225,6.836390972137451,798645.0,0.0,0.0
1993-02-05,6.852179753850643,6.867968075048107,6.804814329742524,6.836390972137451,1393901.0,0.0,0.0
1993-02-08,6.8048119747922975,6.899542329709349,6.773234882809568,6.8679656982421875,784117.0,0.0,0.0
1993-02-09,6.789029898634372,6.789029898634372,6.6469335448893245,6.678510665893555,430481.0,0.0,0.0
1993-02-10,6.662718772888184,6.694295416491417,6.583776242848611,6.662718772888184,867461.0,0.0,0.0
1993-02-11,6.6311419066575645,6.710083979013394,6.615353584289552,6.615353584289551,660631.0,0.0,0.0
1993-02-12,6.489045136457193,6.536410557158314,6.489045136457193,6.5206217765808105,817378.0,0.0,0.0
1993-02-16,6.520623930899378,6.536412716693264,6.39431686815921,6.504835605621338,795969.0,0.0,0.0
1993-02-17,6.473258275054898,6.489046598674388,6.378527412306362,6.39431619644165,849875.0,0.0,0.0
1993-02-18,6.39431619644165,6.489046598674388,6.39431619644165,6.39431619644165,670954.0,0.0,0.0
1993-02-19,6.457470665032564,6.489047315760992,6.410105228424073,6.410105228424072,562760.0,0.0,0.0
1993-02-22,6.4416818618774405,6.5522010601622505,6.410105211233694,6.441681861877441,658337.0,0.0,0.0
1993-02-23,6.425894035127156,6.425894035127156,6.252221061564084,6.378528594970703,1416458.0,0.0,0.0
1993-02-24,6.362739088686872,6.44168116730012,6.331162441447892,6.39431619644165,1523887.0,0.0,0.0
1993-02-25,6.394315714689703,6.394315714689703,6.315373181508239,6.362738609313965,802851.0,0.0,0.0
1993-02-26,6.346949100494384,6.3627374199731745,6.2995836815423365,6.346949100494385,916397.0,0.0,0.0
1993-03-01,6.378526949957963,6.457469483364848,6.252219449125863,6.268008232116699,1543385.0,0.0,0.0
1993-03-02,6.252220857471252,6.299586296081543,6.204855879376829,6.299586296081543,971449.0,0.0,0.0
1993-03-03,6.362740060723308,6.362740060723308,6.220644205408304,6.299586296081543,837641.0,0.0,0.0
1993-03-04,6.331161964453989,6.378526931743952,6.2995848590782515,6.362738609313965,1265828.0,0.0,0.0
1993-03-05,6.331163408660359,6.346951734691833,6.299586296081543,6.299586296081543,1164516.0,0.0,0.0
1993-03-08,6.356155462434373,6.499169349670409,6.276703611851863,6.49916934967041,1702808.0,0.0837,0.0
1993-03-09,6.610400048034985,6.705742614904622,6.53094821796994,6.626290321350098,1163751.0,0.0,0.0
1993-03-10,6.610402460859078,6.8010872007095875,6.578621902628817,6.721635341644287,1187836.0,0.0,0.0
1993-03-11,6.673965772811796,6.737527369257232,6.594513893127441,6.594513893127441,772648.0,0.0,0.0
1993-03-12,6.562730625067179,6.562730625067179,6.4832787724783465,6.53095006942749,794440.0,0.0,0.0
1993-03-15,6.499169513787802,6.546840347247334,6.4832787724783465,6.53095006942749,523382.0,0.0,0.0
1993-03-16,6.562728649592154,6.705742497390375,6.546838376555509,6.689851760864258,605579.0,0.0,0.0
1993-03-17,6.642182481010309,6.642182481010309,6.57862091064453,6.578620910644531,661396.0,0.0,0.0
1993-03-18,6.57862091064453,6.6104014640826305,6.546839893716852,6.578620910644531,462213.0,0.0,0.0
1993-03-19,6.610401922016322,6.610401922016322,6.515059791607646,6.53095006942749,974508.0,0.0,0.0
1993-03-22,6.530949904507573,6.530949904507573,6.467388331343646,6.49916934967041,523764.0,0.0,0.0
1993-03-23,6.530949904507573,6.578621200252919,6.4832786087622285,6.49916934967041,660249.0,0.0,0.0
1993-03-24,6.483278323351073,6.658072757729359,6.483278323351073,6.578620910644531,836494.0,0.0,0.0
1993-03-25,6.578618955145853,6.801084153553365,6.562728219660755,6.737522602081299,1201217.0,0.0,0.0
1993-03-26,6.721632031528406,6.721632031528406,6.562727928161622,6.562727928161621,700009.0,0.0,0.0
1993-03-29,6.578619501404758,6.658071331469803,6.562728764600166,6.626290321350098,316552.0,0.0,0.0
1993-03-30,6.626292041578714,6.626292041578714,6.515059636006786,6.546840190887451,729447.0,0.0,0.0
1993-03-31,6.578619652529843,6.673961758100215,6.5468386416800595,6.610400199890137,1031089.0,0.0,0.0
1993-04-01,6.642181210739921,6.673961758100215,6.59450992620999,6.610400199890137,513442.0,0.0,0.0
1993-04-02,6.642180211589724,6.642180211589724,6.546837656871769,6.562727928161621,638840.0,0.0,0.0
1993-04-05,6.562730170435902,6.626291740801681,6.515059340278753,6.578620910644531,695804.0,0.0,0.0
1993-04-06,6.578619454869015,6.785194396972656,6.56272871817683,6.785194396972656,1037589.0,0.0,0.0
1993-04-07,6.673961487827613,6.737523043463666,6.673961487827613,6.689851760864258,1606466.0,0.0,0.0
1993-04-08,6.689852544577863,6.705743282965574,6.626290981495599,6.658071994781494,531793.0,0.0,0.0
1993-04-12,6.673965468830085,6.928211843031574,6.673965468830085,6.864650249481201,1250535.0,0.0,0.0
1993-04-13,6.864647911801241,6.991771055611604,6.832867357593446,6.959990501403809,1932576.0,0.0,0.0
1993-04-14,6.896427236370569,6.975879065873589,6.753413387077763,6.785194396972656,1089583.0,0.0,0.0
1993-04-15,6.753412874076955,6.848755433029775,6.737522602081299,6.737522602081299,643427.0,0.0,0.0
1993-04-16,6.769307613372802,6.8646497652277585,6.737526587094673,6.769307613372803,1090730.0,0.0,0.0
1993-04-19,6.769307769607975,6.832869360141515,6.721636460835389,6.801088333129883,608637.0,0.0,0.0
1993-04-20,6.769304053026428,6.801084599099718,6.626290205228206,6.689851760864258,454566.0,0.0,0.0
1993-04-21,6.673960754169428,6.689851025459281,6.546837656871769,6.562727928161621,1184778.0,0.0,0.0
1993-04-22,6.610400199890138,6.673961758100215,6.530948367999913,6.610400199890137,1018091.0,0.0,0.0
1993-04-23,6.578619652529843,6.658071484420068,6.5468386416800595,6.610400199890137,1083466.0,0.0,0.0
1993-04-26,6.610400048034985,6.68985187810003,6.562728764600166,6.626290321350098,686246.0,0.0,0.0
1993-04-27,6.626290205228206,6.705742497390375,6.546838376555509,6.689851760864258,1562118.0,0.0,0.0
1993-04-28,6.689856056050712,6.689856056050712,6.546842579920922,6.594513893127441,797498.0,0.0,0.0
1993-04-29,6.626290473570284,6.642181210739921,6.578619652529843,6.610400199890137,507325.0,0.0,0.0
1993-04-30,6.673959070021434,6.705740068070746,6.610397537412114,6.642178535461426,1029943.0,0.0,0.0
1993-05-03,6.705743282965574,6.737523832761943,6.658071994781494,6.658071994781494,449214.0,0.0,0.0
1993-05-04,6.705740961674343,6.769302502753842,6.642179420594845,6.753411769866943,733652.0,0.0,0.0
1993-05-05,6.737523043463666,6.801084599099718,6.626290205228206,6.689851760864258,544409.0,0.0,0.0
1993-05-06,6.689853824691744,6.705744566120172,6.610401971508059,6.67396354675293,613225.0,0.0,0.0
1993-05-07,6.721634844058986,6.721634844058986,6.610401971508059,6.67396354675293,466800.0,0.0,0.0
1993-05-10,6.658071484420068,6.658071484420068,6.59450992620999,6.610400199890137,420541.0,0.0,0.0
1993-05-11,6.610400199890138,6.610400199890138,6.451496536109688,6.610400199890137,680511.0,0.0,0.0
1993-05-12,6.578623609888525,6.610404176366359,6.562732863159838,6.594513893127441,397220.0,0.0,0.0
1993-05-13,6.594508906549757,6.594508906549757,6.483276081008859,6.51505708694458,911809.0,0.0,0.0
1993-05-14,6.499169513787802,6.53095006942749,6.451498216838658,6.53095006942749,464889.0,0.0,0.0
1993-05-17,6.562730459344738,6.578621200252919,6.4832786087622285,6.49916934967041,378869.0,0.0,0.0
1993-05-18,6.499169629350325,6.530950185555107,6.372046477551956,6.419717311859131,652220.0,0.0,0.0
1993-05-19,6.419717013399345,6.451498031616212,6.3402651630915745,6.451498031616211,1459276.0,0.0,0.0
1993-05-20,6.435607776506481,6.546840181926156,6.419717035598301,6.49916934967041,1114815.0,0.0,0.0
1993-05-21,6.499168212166209,6.515058486803627,6.43560665012702,6.4673871994018555,521088.0,0.0,0.0
1993-05-24,6.483278323351073,6.59451118736358,6.467388046632024,6.578620910644531,575759.0,0.0,0.0
1993-05-25,6.594511693569245,6.689853824691744,6.594511693569245,6.67396354675293,687393.0,0.0,0.0
1993-05-26,6.610398418310413,6.769302502753842,6.610398418310413,6.753411769866943,762708.0,0.0,0.0
1993-05-27,6.721631675936275,6.769302950773316,6.594508585363765,6.7057414054870605,1138901.0,0.0,0.0
1993-05-28,6.721633042630146,6.721633042630146,6.562728915360206,6.610400199890137,857903.0,0.0,0.0
1993-06-01,6.642182941145622,6.658073218965466,6.53095006942749,6.53095006942749,954627.0,0.0,0.0
1993-06-02,6.515057086944581,6.5627279006140355,6.499166815721429,6.51505708694458,670189.0,0.0,0.0
1993-06-03,6.515058812049908,6.5468393629112995,6.467387522268279,6.483277797698975,480946.0,0.0,0.0
1993-06-04,6.48327861763652,6.610401764138381,6.467388340196187,6.546840190887451,438127.0,0.0,0.0
1993-06-07,6.507828092513499,6.71569477674968,6.475848817886891,6.491838455200195,685481.0,0.0837,0.0
1993-06-08,6.491833206523756,6.523812455294998,6.379904903049681,6.395894527435303,649544.0,0.0,0.0
1993-06-09,6.459855276284476,6.459855276284476,6.29995805547242,6.331937313079834,762326.0,0.0,0.0
1993-06-10,6.331937171548443,6.347927266382232,6.204019211203021,6.267978191375732,1174073.0,0.0,0.0
1993-06-11,6.299957946651825,6.3639169271493685,6.172039985656738,6.172039985656738,1114051.0,0.0,0.0
1993-06-14,6.172039181521985,6.299957125851062,6.172039181521985,6.235998153686523,892311.0,0.0,0.0
1993-06-15,6.2200088820836354,6.283967857896929,5.98016260618692,6.076101303100586,2973605.0,0.0,0.0
1993-06-16,6.108081651651687,6.1560510086988955,6.076102391211903,6.140061378479004,1935252.0,0.0,0.0
1993-06-17,6.14005961155802,6.251987457275391,6.1080798939334855,6.251987457275391,1145400.0,0.0,0.0
1993-06-18,6.235998792222179,6.267978048385255,6.140060557345479,6.204019069671631,1658460.0,0.0,0.0
1993-06-21,6.1720399543104065,6.315947543102135,6.1720399543104065,6.267978191375732,1607995.0,0.0,0.0
1993-06-22,6.299956798553467,6.347926141781606,6.283967172939887,6.299956798553467,1936017.0,0.0,0.0
1993-06-23,6.3319370270988795,6.3319370270988795,6.204019069671632,6.204019069671631,2089705.0,0.0,0.0
1993-06-24,6.220008527242245,6.267977406575081,6.204018434410543,6.235998153686523,536381.0,0.0,0.0
1993-06-25,6.267977082893958,6.267977082893958,6.235997831656824,6.251987457275391,641898.0,0.0,0.0
1993-06-28,6.251984506158938,6.4278717041015625,6.220005270016922,6.4278717041015625,1533827.0,0.0,0.0
1993-06-29,6.427876297493486,6.475845652372826,6.41188666799621,6.459855556488037,614372.0,0.0,0.0
1993-06-30,6.427876335524071,6.44386596511595,6.3479277211771645,6.363917350769043,758503.0,0.0,0.0
1993-07-01,6.379906665878448,6.379906665878448,6.29995805547242,6.331937313079834,1308646.0,0.0,0.0
1993-07-02,6.315946424167047,6.315946424167047,6.267977080938907,6.299956798553467,851786.0,0.0,0.0
1993-07-06,6.3319360497806265,6.379905393008766,6.267977080938907,6.299956798553467,1304059.0,0.0,0.0
1993-07-07,6.2839687364221355,6.363917350769042,6.267978640442742,6.363917350769043,1265445.0,0.0,0.0
1993-07-08,6.33193762519777,6.523814579462856,6.33193762519777,6.363917350769043,922131.0,0.0,0.0
1993-07-09,6.363916222218541,6.443864822387695,6.299957248805732,6.443864822387695,1419516.0,0.0,0.0
1993-07-12,6.475842475891113,6.523811340853611,6.443862766195497,6.475842475891113,547085.0,0.0,0.0
1993-07-13,6.507828092513499,6.507828092513499,6.347930786604974,6.491838455200195,977184.0,0.0,0.0
1993-07-14,6.427875342100885,6.52381357121249,6.411885714980191,6.507823944091797,804380.0,0.0,0.0
1993-07-15,6.379903813191548,6.507821719199445,6.379903813191548,6.475842475891113,813173.0,0.0,0.0
1993-07-16,6.50782541975001,6.50782541975001,6.395897071750364,6.411887168884277,1275768.0,0.0,0.0
1993-07-19,6.44386596511595,6.459855594707827,6.363917350769042,6.363917350769043,924425.0,0.0,0.0
1993-07-20,6.347927408271033,6.36391703707474,6.29995805547242,6.331937313079834,875872.0,0.0,0.0
1993-07-21,6.347926141781606,6.347926141781606,6.251987455325327,6.299956798553467,1183631.0,0.0,0.0
1993-07-22,6.299957914655828,6.331937171548443,6.251988562929425,6.267978191375732,1031089.0,0.0,0.0
1993-07-23,6.283968286209522,6.299957914655828,6.2679781913757315,6.267978191375732,740916.0,0.0,0.0
1993-07-26,6.2999561606492,6.395894371003822,6.2999561606492,6.379904747009277,1435955.0,0.0,0.0
1993-07-27,6.3799047470092765,6.3799047470092765,6.331935408638289,6.379904747009277,1429839.0,0.0,0.0
1993-07-28,6.443866430377005,6.443866430377005,6.395897071750364,6.411887168884277,525676.0,0.0,0.0
1993-07-29,6.4118820860305545,6.523809878914789,6.395892001572367,6.4278717041015625,807438.0,0.0,0.0
1993-07-30,6.411886246554943,6.411886246554943,6.235998934483118,6.267978191375732,1141959.0,0.0,0.0
1993-08-02,6.2999561606492,6.3799047470092765,6.283966536654654,6.379904747009277,946599.0,0.0,0.0
1993-08-03,6.379904903049681,6.443863866979529,6.36391527866406,6.395894527435303,632340.0,0.0,0.0
1993-08-04,6.363915123014732,6.443863709374809,6.347925499020187,6.379904747009277,380398.0,0.0,0.0
1993-08-05,6.395896609952799,6.44386596511595,6.33193762519777,6.363917350769043,909133.0,0.0,0.0
1993-08-06,6.363917810257635,6.443866430377005,6.363917810257635,6.411887168884277,647633.0,0.0,0.0
1993-08-09,6.411883522887164,6.475842475891113,6.347924569883216,6.475842475891113,384986.0,0.0,0.0
1993-08-10,6.443869076872541,6.587776745467762,6.427879439559237,6.491838455200195,1358729.0,0.0,0.0
1993-08-11,6.507823944091797,6.539803664720628,6.47584468985041,6.507823944091797,638457.0,0.0,0.0
1993-08-12,6.507828092513499,6.523817729826804,6.427879439559237,6.491838455200195,643427.0,0.0,0.0
1993-08-13,6.523811340853611,6.523811340853611,6.427873144541331,6.475842475891113,835729.0,0.0,0.0
1993-08-16,6.459850498684065,6.587768367282731,6.411881647749926,6.523809432983398,1034148.0,0.0,0.0
1993-08-17,6.52381357121249,6.571782918962016,6.47584468985041,6.507823944091797,950040.0,0.0,0.0
1993-08-18,6.523811823548248,6.603760404121731,6.491832577873782,6.571781158447266,1610671.0,0.0,0.0
1993-08-19,6.539802706916665,6.651730546756279,6.5078229909715075,6.555792331695557,1898168.0,0.0,0.0
1993-08-20,6.587771258100418,6.587771258100418,6.363915123014732,6.379904747009277,1289531.0,0.0,0.0
1993-08-23,6.379907441004,6.427876799630641,6.347928179511271,6.411887168884277,1601878.0,0.0,0.0
1993-08-24,6.411887168884277,6.459856061123369,6.395897071750364,6.411887168884277,943158.0,0.0,0.0
1993-08-25,6.459850498684065,6.571778750304685,6.459850498684065,6.523809432983398,1039883.0,0.0,0.0
1993-08-26,6.523809432983398,6.571778750304685,6.411881647749926,6.523809432983398,656808.0,0.0,0.0
1993-08-27,6.523811509141287,6.619750174315676,6.459852554487458,6.539801597595215,745504.0,0.0,0.0
1993-08-30,6.523811823548248,6.571781158447265,6.491832577873782,6.571781158447266,715302.0,0.0,0.0
1993-08-31,6.555797470841154,6.619756486482112,6.491838455200195,6.491838455200195,635781.0,0.0,0.0
1993-09-01,6.459850498684065,6.603757984260778,6.4278712647279725,6.523809432983398,778765.0,0.0,0.0
1993-09-02,6.507819816005352,6.571778750304685,6.443860881706018,6.523809432983398,1296412.0,0.0,0.0
1993-09-03,6.491833366192616,6.587771581253339,6.459853650247458,6.555792331695557,640369.0,0.0,0.0
1993-09-07,6.619750003553176,6.619750003553176,6.459852387849662,6.475842475891113,612843.0,0.0,0.0
1993-09-08,6.491835281870101,6.491835281870101,6.347927683619596,6.459855556488037,1637050.0,0.0,0.0
1993-09-09,6.459855594707827,6.475845690687222,6.3479277211771645,6.363917350769043,776089.0,0.0,0.0
1993-09-10,6.3799047470092765,6.3799047470092765,6.315945784643745,6.379904747009277,1286855.0,0.0,0.0
1993-09-13,6.374113100345191,6.42240196755446,6.32582470262993,6.3580169677734375,1031472.0,0.08632,0.0
1993-09-14,6.341920807834318,6.4224019398397925,6.341920807834318,6.390209674835205,930160.0,0.0,0.0
1993-09-15,6.374110672060898,6.422399520874023,6.341918419181368,6.422399520874023,880842.0,0.0,0.0
1993-09-16,6.406305834982707,6.42240196755446,6.32582470262993,6.3580169677734375,1385873.0,0.0,0.0
1993-09-17,6.213150869936571,6.358017002870039,6.213150869936571,6.325824737548828,2083588.0,0.0,0.0
1993-09-20,6.325823845581482,6.422401097421331,6.245342254638673,6.245342254638672,780677.0,0.0,0.0
1993-09-21,6.261439882526017,6.2775360155596625,6.052188744606565,6.1809587478637695,1427545.0,0.0,0.0
1993-09-22,6.213149451279033,6.341919422149659,6.197053322293681,6.341919422149658,1053263.0,0.0,0.0
1993-09-23,6.3097281632186455,6.358017030907414,6.229247030066706,6.2936320304870605,505796.0,0.0,0.0
1993-09-24,6.309725796156269,6.358014645729715,6.213148566503214,6.26143741607666,607490.0,0.0,0.0
1993-09-27,6.293631612507877,6.293631612507877,6.213150484700933,6.229246616363525,577670.0,0.0,0.0
1993-09-28,6.245341371638607,6.261437969247711,6.132668005338142,6.148764133453369,1115580.0,0.0,0.0
1993-09-29,6.148762693707913,6.213147660586825,6.148762693707913,6.164858818054199,1077731.0,0.0,0.0
1993-09-30,6.148762693707913,6.229243784933112,6.148762693707913,6.164858818054199,605196.0,0.0,0.0
1993-10-01,6.148762693707913,6.197051536240539,6.084377726829001,6.164858818054199,360900.0,0.0,0.0
1993-10-04,6.148761762862036,6.261435555216167,6.06828068382067,6.116569519042969,828465.0,0.0,0.0
1993-10-05,6.180960156784865,6.2292485668929185,6.132671277182682,6.197056293487549,2046504.0,0.0,0.0
1993-10-06,6.229245676811732,6.261438404775296,6.213149547576904,6.213149547576904,1221097.0,0.0,0.0
1993-10-07,6.261438404775296,6.309726792479777,6.18095728910725,6.213149547576904,1382432.0,0.0,0.0
1993-10-08,6.245342748026118,6.261439349182692,6.116573225231398,6.229246616363525,1218804.0,0.0,0.0
1993-10-11,6.229243784933112,6.245339909279397,6.164858818054199,6.164858818054199,336815.0,0.0,0.0
1993-10-12,6.1809587478637695,6.245343279998351,6.148766012302458,6.1809587478637695,1057851.0,0.0,0.0
1993-10-13,6.1487658969147665,6.2936320304870605,6.1487658969147665,6.2936320304870605,1840057.0,0.0,0.0
1993-10-14,6.277534436714346,6.390208278599619,6.277534436714346,6.341919422149658,2014772.0,0.0,0.0
1993-10-15,6.422401403474399,6.551171391726564,6.390209141158341,6.454594135284424,3206050.0,0.0,0.0
1993-10-18,6.45459349960766,6.66384459253597,6.438496900540928,6.647747993469238,2639467.0,0.0,0.0
1993-10-19,6.6316514615968,6.6316514615968,6.518978091928368,6.551170349121094,1838145.0,0.0,0.0
1993-10-20,6.535074220524731,6.5833630758077115,6.48678536524175,6.551170349121094,1109463.0,0.0,0.0
1993-10-21,6.567267022645266,6.583363622071158,6.47068977355957,6.47068977355957,658720.0,0.0,0.0
1993-10-22,6.502881493838113,6.663844188283417,6.502881493838113,6.551170349121094,969155.0,0.0,0.0
1993-10-25,6.583360672261089,6.631649040420376,6.5350718346080825,6.567264080047607,768825.0,0.0,0.0
1993-10-26,6.567270363620732,6.647751523717746,6.502885341644287,6.502885341644287,851404.0,0.0,0.0
1993-10-27,6.535076141357422,6.599461144161229,6.502883405208503,6.535076141357422,718742.0,0.0,0.0
1993-10-28,6.551170760823465,6.647748007964843,6.551170760823465,6.631651878356934,909133.0,0.0,0.0
1993-10-29,6.583363029441474,6.663844141350356,6.567266431464586,6.615555286407471,828465.0,0.0,0.0
1993-11-01,6.599460979111446,6.760423247348351,6.599460979111446,6.696038246154785,1262005.0,0.0,0.0
1993-11-02,6.69603535985197,6.744324207305908,6.631650386411323,6.744324207305908,977948.0,0.0,0.0
1993-11-03,6.696036851681592,6.728229580321136,6.647747993469238,6.647747993469238,865932.0,0.0,0.0
1993-11-04,6.615557229955078,6.663846099084481,6.567268360825676,6.583364963531494,988653.0,0.0,0.0
1993-11-05,6.551170877746556,6.551170877746556,6.438497029492382,6.486785888671875,2132524.0,0.0,0.0
1993-11-08,6.518978501607646,6.679940736674584,6.486785772897905,6.631651878356934,1266975.0,0.0,0.0
1993-11-09,6.7121344987198555,6.7121344987198555,6.551172227613884,6.583364963531494,872813.0,0.0,0.0
1993-11-10,6.5672684080123105,6.583365010833785,6.535076141357422,6.535076141357422,842611.0,0.0,0.0
1993-11-11,6.551170892713306,6.583363622071158,6.47068977355957,6.47068977355957,1729569.0,0.0,0.0
1993-11-12,6.502883358484482,6.63165336316687,6.48678722527269,6.583364963531494,1014650.0,0.0,0.0
1993-11-15,6.583363489533205,6.647748007964843,6.535074631215555,6.631651878356934,704215.0,0.0,0.0
1993-11-16,6.599457679768834,6.7443237426563,6.583361554891067,6.712131023406982,537528.0,0.0,0.0
1993-11-17,6.760424613952638,6.808713491982802,6.679943463565105,6.760424613952637,1232184.0,0.0,0.0
1993-11-18,6.776517346619774,6.840902328491211,6.7604212185253845,6.840902328491211,1171779.0,0.0,0.0
1993-11-19,6.80871281818778,6.953578968448104,6.760423944936316,6.937482833862305,2038476.0,0.0,0.0
1993-11-22,6.905283442558712,7.017957215096092,6.8730912044015255,6.969668388366699,1972718.0,0.0,0.0
1993-11-23,6.937482695331865,7.130637714986657,6.937482695331865,7.066252708435059,1342672.0,0.0,0.0
1993-11-24,7.050154693489213,7.146731942806877,7.001865834083415,7.034058094024658,1114815.0,0.0,0.0
1993-11-26,7.0501556396484375,7.114540168171588,7.0340590380236545,7.0501556396484375,586081.0,0.0,0.0
1993-11-29,7.082347776838108,7.2433100342459795,7.082347776838108,7.178925037384033,1883640.0,0.0,0.0
1993-11-30,7.146730887329658,7.291596974658323,7.146730887329658,7.162827014923096,1976541.0,0.0,0.0
1993-12-01,7.211119596719782,7.291600745804919,7.162830719471057,7.259408473968506,2252951.0,0.0,0.0
1993-12-02,7.2594051227331216,7.275501251220703,7.211116267776488,7.275501251220703,1372492.0,0.0,0.0
1993-12-03,7.291597275851449,7.500848351691236,7.211116165065974,7.420367240905762,4784989.0,0.0,0.0
1993-12-06,7.430733173310239,7.463110867250533,7.398355007171632,7.398355007171631,2068296.0,0.08632,0.0
1993-12-07,7.398352323402342,7.4145411644999495,7.285029491322804,7.349785327911377,1325850.0,0.0,0.0
1993-12-08,7.365974603273077,7.414541126315787,7.3174076080322275,7.317407608032227,1995275.0,0.0,0.0
1993-12-09,7.301218767017991,7.3174076080322275,7.204084776536291,7.317407608032227,1749832.0,0.0,0.0
1993-12-10,7.285029373106581,7.301218686139622,7.187895855899005,7.252651691436768,885047.0,0.0,0.0
1993-12-13,7.268843204924073,7.333599064271662,7.220276192363804,7.3012213706970215,1474186.0,0.0,0.0
1993-12-14,7.30122054122347,7.30122054122347,7.139330675147249,7.187897682189941,769972.0,0.0,0.0
1993-12-15,7.187891386939472,7.220269048478979,7.009812831878663,7.009812831878662,1824000.0,0.0,0.0
1993-12-16,7.074574385319348,7.236464241376396,7.05838554137311,7.220274925231934,929013.0,0.0,0.0
1993-12-17,7.2364640564043725,7.301219902732316,7.204085897141295,7.268841743469238,1625199.0,0.0,0.0
1993-12-20,7.301219902732316,7.317408746264749,7.252652899936805,7.268841743469238,1063968.0,0.0,0.0
1993-12-21,7.204087288584759,7.252654300760813,7.123142583090205,7.2364654541015625,1312852.0,0.0,0.0
1993-12-22,7.252651554706558,7.365974382810762,7.20408456091931,7.333596229553223,989035.0,0.0,0.0
1993-12-23,7.236462968029981,7.463108159990915,7.236462968029981,7.349785327911377,612078.0,0.0,0.0
1993-12-27,7.382163386112696,7.4954862167156,7.382163386112696,7.463108062744141,851404.0,0.0,0.0
1993-12-28,7.446919301838793,7.527863979339599,7.4307304607782605,7.5278639793396,756973.0,0.0,0.0
1993-12-29,7.4954864747444025,7.5116753161883585,7.46310831965834,7.479297161102295,800939.0,0.0,0.0
1993-12-30,7.479299486802539,7.479299486802539,7.365977089258917,7.414543628692627,721419.0,0.0,0.0
1993-12-31,7.446921793846732,7.511677651956645,7.414543628692626,7.414543628692627,495856.0,0.0,0.0
1994-01-03,7.414541126315787,7.414541126315787,7.252651771777141,7.317407608032227,1279208.0,0.0,0.0
1994-01-04,7.285029888153075,7.382163884426091,7.220274048037122,7.285029888153076,1379374.0,0.0,0.0
1994-01-05,7.285028591962937,7.44691839954763,7.252650913764849,7.382162570953369,1499037.0,0.0,0.0
1994-01-06,7.4469192218574785,7.4954862167156,7.365974545226034,7.463108062744141,852933.0,0.0,0.0
1994-01-07,7.4307323142168356,7.5116770119075795,7.398354151821583,7.495488166809082,1084230.0,0.0,0.0
1994-01-10,7.4307304607782605,7.560241661460665,7.414541147519587,7.5278639793396,1539944.0,0.0,0.0
1994-01-11,7.479297677334909,7.592620519660618,7.463108834773575,7.511675834655762,1702043.0,0.0,0.0
1994-01-12,7.479293292667435,7.5440490971484575,7.414537488186413,7.446915626525879,1478010.0,0.0,0.0
1994-01-13,7.414543628692626,7.446921793846732,7.333598924104811,7.414543628692627,855609.0,0.0,0.0
1994-01-14,7.4307323142168356,7.495488166809082,7.317409454130839,7.495488166809082,1312852.0,0.0,0.0
1994-01-17,7.463107238750729,7.592618895941056,7.463107238750729,7.560240745544434,1523122.0,0.0,0.0
1994-01-18,7.5440528204001325,7.641186811159612,7.463108142899326,7.5278639793396,2260215.0,0.0,0.0
1994-01-19,7.46311000441383,7.5116770119075795,7.446921159315332,7.495488166809082,931689.0,0.0,0.0
1994-01-20,7.511675834655762,7.527864677217096,7.430731149650906,7.511675834655762,769207.0,0.0,0.0
1994-01-21,7.49548903338914,7.49548903338914,7.365977313231338,7.398355007171631,898428.0,0.0,0.0
1994-01-24,7.414540249151458,7.414540249151458,7.3174067423591085,7.382162570953369,705362.0,0.0,0.0
1994-01-25,7.317407802266437,7.479297161102295,7.317407802266437,7.479297161102295,1489097.0,0.0,0.0
1994-01-26,7.479297161102295,7.479297161102295,7.430730636770429,7.479297161102295,765002.0,0.0,0.0
1994-01-27,7.446918137439521,7.446918137439521,7.301217646280156,7.365973472595215,1913460.0,0.0,0.0
1994-01-28,7.3335963912545745,7.46310806274414,7.301218709481251,7.463108062744141,1622140.0,0.0,0.0
1994-01-31,7.430729560448586,7.44691839954763,7.349784420557198,7.382162570953369,1169486.0,0.0,0.0
1994-02-01,7.382164592592693,7.398353436125125,7.252652899936805,7.268841743469238,1056704.0,0.0,0.0
1994-02-02,7.268841046173629,7.30121920233069,7.171707522098782,7.285029888153076,1313234.0,0.0,0.0
1994-02-03,7.317408044310136,7.333596886289583,7.123140523962274,7.285029888153076,1615259.0,0.0,0.0
1994-02-04,7.252653468401528,7.268842313202845,7.05838591419096,7.123141765594482,1652343.0,0.0,0.0
1994-02-07,6.993626904945234,7.106949711782154,6.993626904945234,7.04219388961792,1973865.0,0.0,0.0
1994-02-08,7.074573662387134,7.074573662387134,6.928873137363304,6.993628978729248,912573.0,0.0,0.0
1994-02-09,7.026009082794189,7.0745756231304,6.945063904503888,7.0260090827941895,2130612.0,0.0,0.0
1994-02-10,7.058384820095192,7.106951819169194,6.9126842950713625,6.993628978729248,961509.0,0.0,0.0
1994-02-11,7.0745756231304,7.0745756231304,6.8964973641676774,7.0260090827941895,1446278.0,0.0,0.0
1994-02-14,7.026007135511309,7.026007135511309,6.896495452779421,6.993628978729248,1268121.0,0.0,0.0
1994-02-15,7.026007135511309,7.058384820095192,6.961251294145365,6.993628978729248,855992.0,0.0,0.0
1994-02-16,6.993626904945234,7.04219388961792,6.993626904945234,7.04219388961792,711861.0,0.0,0.0
1994-02-17,7.074576454694002,7.220277037225266,7.042198757330771,7.17171049118042,1834322.0,0.0,0.0
1994-02-18,7.171708259294053,7.2040859465811184,7.074574253036425,7.090763568878174,1732246.0,0.0,0.0
1994-02-22,7.090762215906686,7.155517578124999,6.993628228182963,7.155517578125,885812.0,0.0,0.0
1994-02-23,7.171711612914953,7.204089315342412,7.026011007594513,7.058388710021973,867843.0,0.0,0.0
1994-02-24,7.074570446491476,7.074570446491476,6.928869987698872,6.945058822631836,1134313.0,0.0,0.0
1994-02-25,6.94506094834745,7.074572611847485,6.896494428683517,6.928872108459473,1217274.0,0.0,0.0
1994-02-28,6.993628978729248,7.18789650282708,6.945061979655246,6.993628978729248,2221602.0,0.0,0.0
1994-03-01,7.02600505212637,7.106949711782154,6.993626904945234,7.04219388961792,749709.0,0.0,0.0
1994-03-02,7.0583827271094695,7.090760874290605,6.928871082780999,7.04219388961792,821966.0,0.0,0.0
1994-03-03,7.0745756231304,7.0745756231304,7.009819763817144,7.0260090827941895,1052116.0,0.0,0.0
1994-03-04,7.04219388961792,7.090760874290605,6.993626904945234,7.04219388961792,842993.0,0.0,0.0
1994-03-07,7.036335677951894,7.085199252127022,7.003760278556251,7.068911552429199,1021914.0,0.08632,0.0
1994-03-08,7.068906199111775,7.085193886474851,6.954891437407637,6.987466812133789,1679869.0,0.0,0.0
1994-03-09,7.003758101681681,7.003758101681681,6.857167424718911,6.954894542694092,1798003.0,0.0,0.0
1994-03-10,6.938606848058733,6.954894542694092,6.792016171095963,6.954894542694092,831141.0,0.0,0.0
1994-03-11,6.922314173768029,7.052616596221925,6.873451121658723,7.052616596221924,1052499.0,0.0,0.0
1994-03-14,7.03633315795182,7.117772102355958,7.02004546408729,7.117772102355957,684334.0,0.0,0.0
1994-03-15,7.085199794471355,7.117775196360518,7.003760814666748,7.003760814666748,1224538.0,0.0,0.0
1994-03-16,7.0526233776497165,7.085199252127022,7.020047978254072,7.068911552429199,858285.0,0.0,0.0
1994-03-17,7.101486951824843,7.101486951824843,7.020047978254072,7.068911552429199,811261.0,0.0,0.0
1994-03-18,7.0689110177401275,7.296940221506599,7.0689110177401275,7.2806525230407715,3249251.0,0.0,0.0
1994-03-21,7.2480745701340545,7.394664764404297,7.2480745701340545,7.394664764404297,2630673.0,0.0,0.0
1994-03-22,7.394664764404297,7.524967264884843,7.362089376824905,7.394664764404297,2241482.0,0.0,0.0
1994-03-23,7.410955006103321,7.459818101139309,7.345803737640381,7.345803737640381,1578939.0,0.0,0.0
1994-03-24,7.362088710006953,7.362088710006953,7.248073913642942,7.296937465667725,1496360.0,0.0,0.0
1994-03-25,7.313227165040589,7.313227165040589,7.16663694381714,7.166636943817139,1337702.0,0.0,0.0
1994-03-28,7.199212229790386,7.2155004014130055,7.117773272003567,7.150349140167236,1119403.0,0.0,0.0
1994-03-29,7.1503474371946,7.166635129856468,6.95489370000781,6.971181392669678,1225685.0,0.0,0.0
1994-03-30,6.9386053333332764,6.9386053333332764,6.775726997292144,6.8734540939331055,2017066.0,0.0,0.0
1994-03-31,6.857163906097411,6.889739753733974,6.563983652774696,6.857163906097412,2147434.0,0.0,0.0
1994-04-04,6.710578809599436,6.840881347656251,6.629139842084334,6.84088134765625,1657695.0,0.0,0.0
1994-04-05,6.9386053333332764,6.987468406572346,6.840878236692315,6.8734540939331055,1526563.0,0.0,0.0
1994-04-06,6.889739753733974,6.889739753733974,6.743149627072617,6.857163906097412,1169486.0,0.0,0.0
1994-04-07,6.873456584786654,6.938607847796817,6.840880715740781,6.889744281768799,991329.0,0.0,0.0
1994-04-08,6.873457219711268,6.889744918197962,6.824593649169556,6.84088134765625,828848.0,0.0,0.0
1994-04-11,6.873455267187439,6.9060306549072275,6.7920158477249855,6.906030654907227,1080790.0,0.0,0.0
1994-04-12,7.00375622435505,7.00375622435505,6.824590206146241,6.82459020614624,815849.0,0.0,0.0
1994-04-13,6.938603750044561,7.101481573837927,6.938603750044561,6.987466812133789,2124113.0,0.0,0.0
1994-04-14,6.954894542694092,6.97118223732945,6.92231867834186,6.954894542694092,1319351.0,0.0,0.0
1994-04-15,6.938605785369873,6.971181169651476,6.906029926006828,6.938605785369873,1156487.0,0.0,0.0
1994-04-18,6.922320315171353,6.9711838857130655,6.7920177771145385,6.84088134765625,1422575.0,0.0,0.0
1994-04-19,6.8571670982460535,6.971181905428295,6.840879404386159,6.906030654907227,1407665.0,0.0,0.0
1994-04-20,6.906029813008515,6.954893363712842,6.889742121134217,6.9223175048828125,868990.0,0.0,0.0
1994-04-21,6.922317167172175,6.922317167172175,6.840878236692315,6.8734540939331055,1424868.0,0.0,0.0
1994-04-22,6.873457219711268,6.95489618722637,6.80830595068286,6.84088134765625,1731863.0,0.0,0.0
1994-04-25,6.87345442925992,6.987468747461438,6.87345442925992,6.9223175048828125,755826.0,0.0,0.0
1994-04-26,6.954895544778962,6.954895544778962,6.857168412722926,6.889744281768799,882371.0,0.0,0.0
1994-04-28,6.922320315171353,6.922320315171353,6.775730078627843,6.84088134765625,700391.0,0.0,0.0
1994-04-29,6.80830595068286,6.873457219711268,6.743154681654453,6.84088134765625,1232567.0,0.0,0.0
1994-05-02,6.824588533542118,6.857163906097411,6.759437313350263,6.857163906097412,1049823.0,0.0,0.0
1994-05-03,6.840881347656251,6.889744918197962,6.775730078627843,6.84088134765625,728300.0,0.0,0.0
1994-05-04,6.840881347656251,6.889744918197962,6.80830595068286,6.84088134765625,1027266.0,0.0,0.0
1994-05-05,6.8571662623041885,6.954893363712842,6.8571662623041885,6.9223175048828125,360900.0,0.0,0.0
1994-05-06,6.889741442305682,6.889741442305682,6.792014350525827,6.82459020614624,835347.0,0.0,0.0
1994-05-09,6.824591931241253,6.84087962562791,6.678001731598331,6.726864814758301,578817.0,0.0,0.0
1994-05-10,6.726862415778663,6.840877185987545,6.726862415778663,6.792013645172119,1438632.0,0.0,0.0
1994-05-11,6.7920163977239945,6.824592263163178,6.645426190951488,6.775728702545166,623930.0,0.0,0.0
1994-05-12,6.808302515876727,6.9060291325751955,6.7594389699868,6.82459020614624,675924.0,0.0,0.0
1994-05-13,6.792016767865323,6.824592635079779,6.678002420318616,6.759441375732422,604814.0,0.0,0.0
1994-05-16,6.726865141927155,6.775728702545167,6.678002056390673,6.775728702545166,286732.0,0.0,0.0
1994-05-17,6.743153679665972,6.775729071798873,6.710577812451516,6.759441375732422,717978.0,0.0,0.0
1994-05-18,6.726861004058982,6.726861004058982,6.515119671737269,6.596559047698975,2778245.0,0.0,0.0
1994-05-19,6.6291384957726605,6.775728702545167,6.596563105415006,6.775728702545166,1696308.0,0.0,0.0
1994-05-20,6.792015361871511,6.8083035296477545,6.694288730621338,6.694288730621338,1441690.0,0.0,0.0
1994-05-23,6.661714553833008,6.678002249482788,6.629138687451903,6.661714553833008,1073526.0,0.0,0.0
1994-05-24,6.645426016063865,6.726864964896304,6.645426016063865,6.678001880645752,1204658.0,0.0,0.0
1994-05-25,6.678002056390673,6.775728702545167,6.645426190951488,6.775728702545166,1686751.0,0.0,0.0
1994-05-26,6.808304016666371,6.954894211568401,6.808304016666371,6.906030654907227,963421.0,0.0,0.0
1994-05-27,6.906032887020905,6.906032887020905,6.7920180429876815,6.8083062171936035,656426.0,0.0,0.0
1994-05-31,6.7920171497127635,6.922319675733089,6.775729452730618,6.889744281768799,785264.0,0.0,0.0
1994-06-01,6.8897451878966285,6.938608760351102,6.75944264473913,6.8083062171936035,944687.0,0.0,0.0
1994-06-02,6.840879958342006,6.840879958342006,6.759441007366339,6.775728702545166,571553.0,0.0,0.0
1994-06-03,6.775726660256313,6.840877896415754,6.678000043557845,6.82459020614624,875107.0,0.0,0.0
1994-06-06,6.851475108780897,6.867866082037574,6.802301710916907,6.818692684173584,313494.0,0.08632,0.0
1994-06-07,6.7367370791353425,6.818692420341634,6.687563683173991,6.7531280517578125,1004328.0,0.0,0.0
1994-06-08,6.75312679033104,6.75312679033104,6.671171464433308,6.736735820770264,624694.0,0.0,0.0
1994-06-09,6.7203463665395615,6.818692684173584,6.703955393282884,6.818692684173584,392250.0,0.0,0.0
1994-06-10,6.851475939125142,6.867866914368275,6.769520106721445,6.785911560058594,402572.0,0.0,0.0
1994-06-13,6.753129131478312,6.818693510544859,6.753129131478312,6.785911560058594,605961.0,0.0,0.0
1994-06-14,6.818690719636791,6.966210392632829,6.818690719636791,6.917037487030029,545938.0,0.0,0.0
1994-06-15,6.917039479901565,6.933430453158242,6.802301710916907,6.818692684173584,529117.0,0.0,0.0
1994-06-16,6.835084863721305,6.884258270263672,6.769520481029497,6.884258270263672,477505.0,0.0,0.0
1994-06-17,6.917040573965308,6.917040573965308,6.818693762681877,6.851476192474365,852168.0,0.0,0.0
1994-06-20,6.7859088108211205,6.900646069132509,6.7695173641247885,6.86786413192749,651074.0,0.0,0.0
1994-06-21,6.86786568084911,6.86786568084911,6.687563551276188,6.720345973968506,723712.0,0.0,0.0
1994-06-22,6.736736433294544,6.818691766643901,6.703954491192358,6.7695183753967285,690834.0,0.0,0.0
1994-06-23,6.736736433294544,6.835082737694993,6.703954491192358,6.7695183753967285,904163.0,0.0,0.0
1994-06-24,6.769520076345306,6.769520076345306,6.654782772064209,6.654782772064209,1147694.0,0.0,0.0
1994-06-27,6.556436012997861,6.60560941696167,6.44169870787433,6.60560941696167,1204276.0,0.0,0.0
1994-06-28,6.62199899678489,6.638390446714635,6.540043659511827,6.556434631347656,751239.0,0.0,0.0
1994-06-29,6.540043659511827,6.572826081277402,6.507261715840169,6.556434631347656,1042559.0,0.0,0.0
1994-06-30,6.523652419349073,6.540043390510719,6.441697085446948,6.490869998931885,1157634.0,0.0,0.0
1994-07-01,6.540041923522949,6.58921530407177,6.507259988552929,6.540041923522949,935512.0,0.0,0.0
1994-07-05,6.5400451346595805,6.5400451346595805,6.474480754433895,6.50726318359375,1031472.0,0.0,0.0
1994-07-06,6.458091019406569,6.458091019406569,6.392526626586914,6.392526626586914,1962014.0,0.0,0.0
1994-07-07,6.408917605268299,6.408917605268299,6.359744191130029,6.392526626586914,1382050.0,0.0,0.0
1994-07-08,6.343349120267912,6.425304438898461,6.310567184053215,6.376131534576416,1329291.0,0.0,0.0
1994-07-11,6.376132181965774,6.376132181965774,6.277785407148603,6.359740734100342,1589262.0,0.0,0.0
1994-07-12,6.35974008837526,6.540042171837515,6.310567184053215,6.376131534576416,1611053.0,0.0,0.0
1994-07-13,6.408915996551514,6.474480372913703,6.392525021984466,6.408915996551514,1885552.0,0.0,0.0
1994-07-14,6.441696547965918,6.621998171887842,6.441696547965918,6.589216232299805,2040387.0,0.0,0.0
1994-07-15,6.58921844167174,6.60560941696167,6.556436012997861,6.60560941696167,758503.0,0.0,0.0
1994-07-18,6.57282576659583,6.785909824541715,6.57282576659583,6.7695183753967285,812026.0,0.0,0.0
1994-07-19,6.73673443207652,6.753125398258503,6.638388156890869,6.638388156890869,608637.0,0.0,0.0
1994-07-20,6.638388156890869,6.654779123072852,6.572823814069184,6.638388156890869,843758.0,0.0,0.0
1994-07-21,6.621994803884263,6.687559127807617,6.55643047996091,6.687559127807617,732506.0,0.0,0.0
1994-07-22,6.73673443207652,6.753125398258503,6.605605746433151,6.638388156890869,687775.0,0.0,0.0
1994-07-25,6.654785041234981,6.654785041234981,6.572829659347631,6.622002601623535,689305.0,0.0,0.0
1994-07-26,6.605605746433151,6.638388156890869,6.556432369793449,6.638388156890869,560466.0,0.0,0.0
1994-07-27,6.638389619775719,6.654780589569738,6.589216232299805,6.589216232299805,358989.0,0.0,0.0
1994-07-28,6.572827466381809,6.60560941696167,6.556436012997861,6.60560941696167,592198.0,0.0,0.0
1994-07-29,6.6056116208649005,6.671176021993616,6.6056116208649005,6.622002601623535,530646.0,0.0,0.0
1994-08-01,6.621994803884263,6.703950567358666,6.605603842426828,6.687559127807617,863638.0,0.0,0.0
1994-08-02,6.687563551276188,6.753127918566893,6.687563551276188,6.720345973968506,859432.0,0.0,0.0
1994-08-03,6.687562433994084,6.736735820770264,6.671171464433308,6.736735820770264,621253.0,0.0,0.0
1994-08-04,6.703955001669312,6.736736946267699,6.703955001669312,6.720345973968506,621636.0,0.0,0.0
1994-08-05,6.720343465894537,6.720343465894537,6.621996712615134,6.638388156890869,2525156.0,0.0,0.0
1994-08-08,6.654785041234981,6.654785041234981,6.572829659347631,6.622002601623535,620106.0,0.0,0.0
1994-08-09,6.6056072020938235,6.638389619775719,6.556433814617909,6.589216232299805,1777358.0,0.0,0.0
1994-08-10,6.572827563819436,6.572827563819436,6.50726318359375,6.50726318359375,1358347.0,0.0,0.0
1994-08-11,6.523652764185913,6.523652764185913,6.458088397979736,6.458088397979736,1783475.0,0.0,0.0
1994-08-12,6.474481105804443,6.490872082226898,6.425307698443029,6.474481105804443,966479.0,0.0,0.0
1994-08-15,6.5072611064204136,6.589216436018174,6.474478687724987,6.523652076721191,3303539.0,0.0,0.0
1994-08-16,6.5564359648586805,6.654782772064209,6.540044989689098,6.654782772064209,2515216.0,0.0,0.0
1994-08-17,6.671172710551521,6.7531280517578125,6.6219993145901705,6.7531280517578125,2267479.0,0.0,0.0
1994-08-18,6.753129101175723,6.753129101175723,6.654782772064209,6.654782772064209,835729.0,0.0,0.0
1994-08-19,6.687564722403375,6.687564722403375,6.589218393291861,6.654782772064209,1072379.0,0.0,0.0
1994-08-22,6.6711717656159335,6.6711717656159335,6.474478687724987,6.523652076721191,6132631.0,0.0,0.0
1994-08-23,6.5236509560379385,6.58921530407177,6.5236509560379385,6.540041923522949,4272694.0,0.0,0.0
1994-08-24,6.540043659511827,6.589217053113232,6.523652687675998,6.556434631347656,4941354.0,0.0,0.0
1994-08-25,6.556433814617909,6.621998171887842,6.556433814617909,6.589216232299805,2491895.0,0.0,0.0
1994-08-26,6.589214780251168,6.671170089254836,6.589214780251168,6.638388156890869,1249388.0,0.0,0.0
1994-08-29,6.671176021993616,6.703958461605062,6.6056116208649005,6.622002601623535,671336.0,0.0,0.0
1994-08-30,6.671172390386293,6.671172390386293,6.556434631347656,6.556434631347656,3200315.0,0.0,0.0
1994-08-31,6.540043659511827,6.572826081277402,6.540043659511827,6.556434631347656,4984937.0,0.0,0.0
1994-09-01,6.55643289100796,6.57282433658676,6.5236509560379385,6.540041923522949,2168079.0,0.0,0.0
1994-09-02,6.556434017322747,6.572825465717396,6.4908696580257645,6.523652076721191,1918430.0,0.0,0.0
1994-09-06,6.523652076721191,6.540043047021969,6.4908696580257645,6.523652076721191,1602643.0,0.0,0.0
1994-09-07,6.5236509560379385,6.540041923522949,6.507259988552929,6.540041923522949,3044715.0,0.0,0.0
1994-09-08,6.5400428448238905,6.638389619775719,6.5400428448238905,6.589216232299805,2104998.0,0.0,0.0
1994-09-09,6.55643289100796,6.55643289100796,6.507259988552929,6.540041923522949,1804502.0,0.0,0.0
1994-09-12,6.551921764651328,6.584928694387545,6.485907423803766,6.502410888671875,1678340.0,0.08893,0.0
1994-09-13,6.518919651753218,6.551927089691162,6.502416173472006,6.551927089691162,1876376.0,0.0,0.0
1994-09-14,6.4694034775605305,6.502410888671875,6.4694034775605305,6.502410888671875,3215990.0,0.0,0.0
1994-09-15,6.502414423779163,6.568428800516148,6.502414423779163,6.535421371459961,1981511.0,0.0,0.0
1994-09-16,6.535421371459961,6.551925326675749,6.518917897619562,6.535421371459961,1935252.0,0.0,0.0
1994-09-19,6.518914302932739,6.584928643267822,6.518914302932739,6.568425178527832,1133548.0,0.0,0.0
1994-09-20,6.535418220490954,6.535418220490954,6.436396943815024,6.452900409698486,1058616.0,0.0,0.0
1994-09-21,6.485907822840567,6.485907822840567,6.370382598906018,6.452900409698486,1677958.0,0.0,0.0
1994-09-22,6.452904176512211,6.452904176512211,6.337379366516448,6.403393268585205,1926077.0,0.0,0.0
1994-09-23,6.419896409077834,6.419896409077834,6.370385507446989,6.3868889808654785,773413.0,0.0,0.0
1994-09-26,6.386887275880983,6.419894695281982,6.386887275880983,6.419894695281982,666748.0,0.0,0.0
1994-09-27,6.419895806960168,6.4529027507014485,6.254859644127773,6.287867069244385,2325590.0,0.0,0.0
1994-09-28,6.287865846339014,6.353880202358002,6.287865846339014,6.320872783660889,2485396.0,0.0,0.0
1994-09-29,6.353881094629671,6.353881094629671,6.254859306008001,6.271363258361816,2150492.0,0.0,0.0
1994-09-30,6.271363655584297,6.3868884411264055,6.271363655584297,6.337378025054932,2167696.0,0.0,0.0
1994-10-03,6.353881438102277,6.353881438102277,6.254859644127773,6.287867069244385,1439779.0,0.0,0.0
1994-10-04,6.3208736712973455,6.353881094629671,6.238355835029491,6.271363258361816,1886699.0,0.0,0.0
1994-10-05,6.304370561725293,6.304370561725293,6.122830926428767,6.172341823577881,1051734.0,0.0,0.0
1994-10-06,6.188840866088867,6.221848267689668,6.172337405975961,6.188840866088867,790617.0,0.0,0.0
1994-10-07,6.172345666114015,6.254863558483057,6.172345666114015,6.221856594085693,1342290.0,0.0,0.0
1994-10-10,6.254860541346108,6.254860541346108,6.188846163018891,6.238357067108154,1366757.0,0.0,0.0
1994-10-11,6.254858427641902,6.353880202358002,6.238354958980964,6.320872783660889,2715546.0,0.0,0.0
1994-10-12,6.370383806868107,6.436398164294858,6.337376868842355,6.419894695281982,2476603.0,0.0,0.0
1994-10-13,6.452903131921226,6.535420977524685,6.452903131921226,6.469406604766846,881606.0,0.0,0.0
1994-10-14,6.518914302932739,6.568425178527832,6.4859073734527595,6.568425178527832,1078878.0,0.0,0.0
1994-10-17,6.535417818408092,6.551921764651328,6.452900012692422,6.502410888671875,463359.0,0.0,0.0
1994-10-18,6.535421371459961,6.551925326675749,6.469406994722976,6.535421371459961,853315.0,0.0,0.0
1994-10-19,6.535422467697523,6.535422467697523,6.485912037871555,6.518918991088867,1373257.0,0.0,0.0
1994-10-20,6.518917504679066,6.518917504679066,6.452903131921226,6.469406604766846,1126667.0,0.0,0.0
1994-10-21,6.452904176512211,6.452904176512211,6.403393268585205,6.403393268585205,876636.0,0.0,0.0
1994-10-24,6.419897225477833,6.419897225477833,6.353882842033637,6.403393268585205,457625.0,0.0,0.0
1994-10-25,6.370384969102581,6.40339191315023,6.271363655584297,6.337378025054932,1273474.0,0.0,0.0
1994-10-26,6.337378025054932,6.337378025054932,6.2548597021851355,6.337378025054932,2266715.0,0.0,0.0
1994-10-27,6.337378025054932,6.370384969102581,6.271363655584297,6.337378025054932,1145018.0,0.0,0.0
1994-10-28,6.353882173040511,6.4033925943791825,6.337378699260954,6.370385646820068,1360258.0,0.0,0.0
1994-10-31,6.370384969102581,6.40339191315023,6.304370599631946,6.337378025054932,1916901.0,0.0,0.0
1994-11-01,6.337381662354456,6.3538851438503485,6.254863292123772,6.3043742179870605,463742.0,0.0,0.0
1994-11-02,6.271363597373744,6.304370541115024,6.2053492285158525,6.287867069244385,1284943.0,0.0,0.0
1994-11-03,6.320874012985665,6.320874012985665,6.18884527526988,6.287867069244385,603667.0,0.0,0.0
1994-11-04,6.304374486454736,6.320877968653418,6.221856594085693,6.221856594085693,1780034.0,0.0,0.0
1994-11-07,6.238356869611134,6.287867772132956,6.1558390196583535,6.205349922180176,846052.0,0.0,0.0
1994-11-08,6.238357067108154,6.337378875286681,6.2053501186322455,6.238357067108154,1510888.0,0.0,0.0
1994-11-09,6.271364983072252,6.419897225477833,6.271364983072252,6.403393268585205,2516363.0,0.0,0.0
1994-11-10,6.370388625346241,6.403395588338024,6.3043742179870605,6.3043742179870605,1009298.0,0.0,0.0
1994-11-11,6.2713637737405765,6.469406404508388,6.2713637737405765,6.436399459838867,673247.0,0.0,0.0
1994-11-14,6.469405510545561,6.485909461975098,6.419895100382785,6.485909461975098,632723.0,0.0,0.0
1994-11-15,6.5189173028880125,6.568428201267638,6.419895987504107,6.436399459838867,1156869.0,0.0,0.0
1994-11-16,6.403392232009006,6.485910558987825,6.304370913559927,6.469406604766846,1082701.0,0.0,0.0
1994-11-17,6.469406604766846,6.518917504679066,6.386888759163386,6.469406604766846,1994892.0,0.0,0.0
1994-11-18,6.485907822840567,6.518914754607492,6.436396943815024,6.452900409698486,1362934.0,0.0,0.0
1994-11-21,6.4033920337940025,6.452902932173627,6.4033920337940025,6.436399459838867,852168.0,0.0,0.0
1994-11-22,6.419897225477833,6.518918559956407,6.403393268585205,6.403393268585205,1479921.0,0.0,0.0
1994-11-23,6.337378875286681,6.337378875286681,6.2218535928702,6.238357067108154,1539561.0,0.0,0.0
1994-11-25,6.271364496959463,6.271364496959463,6.2218535928702,6.238357067108154,125780.0,0.0,0.0
1994-11-28,6.221853453417453,6.2548604011535645,6.188846024305952,6.2548604011535645,361665.0,0.0,0.0
1994-11-29,6.287867971197418,6.287867971197418,6.2053501186322455,6.238357067108154,928630.0,0.0,0.0
1994-11-30,6.2548604011535645,6.27136435639701,6.188846024305952,6.2548604011535645,870519.0,0.0,0.0
1994-12-01,6.221853395895654,6.238356869611134,6.1558390196583535,6.205349922180176,555878.0,0.0,0.0
1994-12-02,6.122831784691673,6.238357067108154,6.089824836215765,6.238357067108154,1346877.0,0.0,0.0
1994-12-05,6.254859644127773,6.304370541115024,6.2053492285158525,6.287867069244385,514589.0,0.0,0.0
1994-12-06,6.271367254995276,6.337381662354456,6.23835981062788,6.3043742179870605,1049823.0,0.0,0.0
1994-12-07,6.304371445435372,6.304371445435372,6.172342688780937,6.238357067108154,1310940.0,0.0,0.0
1994-12-08,6.238356172257133,6.353881438102277,6.238356172257133,6.287867069244385,1233714.0,0.0,0.0
1994-12-09,6.287866729340326,6.304370200318836,6.271363258361816,6.271363258361816,1417222.0,0.0,0.0
1994-12-12,6.266710230580239,6.349822998046875,6.266710230580239,6.349822998046875,491650.0,0.08893,0.0
1994-12-13,6.333199238352686,6.366444144560244,6.266708941091777,6.283331394195557,724095.0,0.0,0.0
1994-12-14,6.233465831823425,6.283333694234884,6.133730591846476,6.266711235046387,875107.0,0.0,0.0
1994-12-15,6.266703019021274,6.782001972198486,6.250080581625794,6.782001972198486,4291809.0,0.0,0.0
1994-12-16,6.815253469689608,6.815253469689608,6.682272881072051,6.765385627746582,5674624.0,0.0,0.0
1994-12-19,6.765383050618727,6.964853857560929,6.74876060458494,6.815250873565674,2996926.0,0.0,0.0
1994-12-20,6.81525077884885,6.89836349270829,6.715515134341061,6.881741046905518,3144880.0,0.0,0.0
1994-12-21,6.881743639888055,7.131081875414901,6.865120702976323,7.097836971282959,3423202.0,0.0,0.0
1994-12-22,7.0645928382873535,7.180950993127463,7.0479703832661516,7.0645928382873535,2611558.0,0.0,0.0
1994-12-23,7.081212335819217,7.147702608427469,6.998099131424693,7.047966957092285,1487185.0,0.0,0.0
1994-12-27,7.047968564800322,7.131081303308033,7.047968564800322,7.08121395111084,680511.0,0.0,0.0
1994-12-28,7.031346678173314,7.131081875414901,7.014724226107344,7.097836971282959,1727658.0,0.0,0.0
1994-12-29,7.097838233175605,7.131083143218009,7.0645928382873535,7.0645928382873535,581875.0,0.0,0.0
1994-12-30,7.08121395111084,7.114458852575636,7.047968564800322,7.08121395111084,855992.0,0.0,0.0
1995-01-03,7.064586231980931,7.097831595780446,6.964851110273173,6.998095989227295,1214216.0,0.0,0.0
1995-01-04,6.9814775487536975,7.097835661434055,6.9316097169127335,6.948232650756836,3374648.0,0.0,0.0
1995-01-05,6.914988399382178,6.981478691101074,6.865120559381569,6.981478691101074,1858025.0,0.0,0.0
1995-01-06,6.981478390918126,7.064591130781706,6.9482334889109865,7.014723777770996,1231420.0,0.0,0.0
1995-01-09,7.014719664849271,7.03134210610665,6.88173916509935,6.9648518562316895,1089201.0,0.0,0.0
1995-01-10,6.848495765633248,6.865118211667036,6.765383050618727,6.815250873565674,2746896.0,0.0,0.0
1995-01-11,6.815255337925234,6.914990564305492,6.798632881002842,6.8485002517700195,1651960.0,0.0,0.0
1995-01-12,6.8485002517700195,6.881745650460707,6.748765025389762,6.8485002517700195,1887463.0,0.0,0.0
1995-01-13,6.831873417371479,6.9149861335754395,6.798628524828132,6.9149861335754395,2355410.0,0.0,0.0
1995-01-16,6.948233637404749,6.964856088763565,6.848497959560373,6.8651204109191895,1442072.0,0.0,0.0
1995-01-17,6.898361606356729,6.9648518562316895,6.81524891522439,6.9648518562316895,2025095.0,0.0,0.0
1995-01-18,6.948232650756836,6.9814775487536975,6.898364818915873,6.948232650756836,1172544.0,0.0,0.0
1995-01-19,6.9149861335754395,6.931608579847113,6.848495863643152,6.9149861335754395,937424.0,0.0,0.0
1995-01-20,6.914988249841377,6.914988249841377,6.765385217920555,6.8651204109191895,1757860.0,0.0,0.0
1995-01-23,6.881740279922349,6.881740279922349,6.74875975862995,6.831872463226318,1093406.0,0.0,0.0
1995-01-24,6.848492206625739,6.848492206625739,6.748757097407526,6.782001972198486,2847443.0,0.0,0.0
1995-01-25,6.798630714416504,6.865120520917115,6.782007777945603,6.798630714416504,2858530.0,0.0,0.0
1995-01-26,6.8318732246516225,6.881741046905518,6.81525077884885,6.881741046905518,1880964.0,0.0,0.0
1995-01-27,6.914987267914303,6.998099997752128,6.881742369917442,6.948232650756836,3196874.0,0.0,0.0
1995-01-30,6.948231411527142,6.948231411527142,6.7820054966525145,6.815250873565674,1363699.0,0.0,0.0
1995-01-31,6.798631017323856,6.881743763998387,6.732140723015077,6.765385627746582,2363821.0,0.0,0.0
1995-02-01,6.782006271569142,6.782006271569142,6.649025718413227,6.6988935470581055,2295388.0,0.0,0.0
1995-02-02,6.665650639070655,6.74876338836818,6.649027701334522,6.715517997741699,1739892.0,0.0,0.0
1995-02-03,6.715516763568958,6.715516763568958,6.5825361951936765,6.6656494140625,4305955.0,0.0,0.0
1995-02-06,6.765384007334031,6.782006455718453,6.698893728950687,6.7321391105651855,1518534.0,0.0,0.0
1995-02-07,6.732138064989411,6.89836349270829,6.6988926885382885,6.881741046905518,2613852.0,0.0,0.0
1995-02-08,6.865120559381569,6.981478691101074,6.831875655944996,6.981478691101074,2179548.0,0.0,0.0
1995-02-09,6.964854822103575,7.014722651956574,6.898364543914795,6.898364543914795,1758625.0,0.0,0.0
1995-02-10,6.9149861335754395,6.948231510964378,6.865118309914826,6.9149861335754395,838023.0,0.0,0.0
1995-02-13,6.914988102058117,7.0313462287745665,6.898365651054546,7.014723777770996,1062057.0,0.0,0.0
1995-02-14,7.047967331132353,7.13108005509211,6.9648546071725965,7.114457607269287,1554471.0,0.0,0.0
1995-02-15,7.114454719799204,7.114454719799204,6.981474221496756,7.031342029571533,2423844.0,0.0,0.0
1995-02-16,7.031344510151625,7.081212335819217,6.948231790602713,7.047966957092285,1016944.0,0.0,0.0
1995-02-17,7.06459101553272,7.08121395111084,6.981478277025009,7.08121395111084,1114051.0,0.0,0.0
1995-02-21,7.04796447064798,7.064586911724425,6.981474221496756,7.031342029571533,1173691.0,0.0,0.0
1995-02-22,6.998099131424693,7.097834782759877,6.981476684484033,7.047966957092285,2077471.0,0.0,0.0
1995-02-23,7.0812157781544025,7.114460688196807,7.0479703832661516,7.0645928382873535,1351847.0,0.0,0.0
1995-02-24,7.047966666951238,7.197569652949752,7.031344220694868,7.164324760437012,1945192.0,0.0,0.0
1995-02-27,7.147702217102051,7.147702217102051,7.114456840195251,7.147702217102051,1412252.0,0.0,0.0
1995-02-28,7.164328870169538,7.313931941986084,7.164328870169538,7.313931941986084,2337442.0,0.0,0.0
1995-03-01,7.2973059878572615,7.2973059878572615,7.114457607269287,7.114457607269287,2588237.0,0.0,0.0
1995-03-02,7.047968679778136,7.097836517634576,6.931610553061686,7.014723777770996,2476985.0,0.0,0.0
1995-03-03,7.014723663335526,7.114458852575636,6.964855826292611,7.08121395111084,1163751.0,0.0,0.0
1995-03-06,7.076527024468504,7.093256285112545,6.976150484681923,7.059797763824463,667895.0,0.08893,0.0
1995-03-07,7.0597997206756045,7.193634818846982,6.992882171589915,7.160175800323486,1197012.0,0.0,0.0
1995-03-08,7.160173043184975,7.160173043184975,7.059797002188485,7.093255519866943,1065497.0,0.0,0.0
1995-03-09,7.059797763824463,7.109985545756587,7.043068015219254,7.059797763824463,818143.0,0.0,0.0
1995-03-10,7.07652633680368,7.193632125854492,7.026338071787458,7.193632125854492,1129343.0,0.0,0.0
1995-03-13,7.371908814615558,7.38905266765973,7.320476755428988,7.354764461517334,611696.0,0.34,0.0
1995-03-14,7.354766090875184,7.371910447771528,7.269046306610107,7.269046306610107,1192424.0,0.0,0.0
1995-03-15,7.3033339749700525,7.337621686093975,7.20046984149004,7.217613697052002,1352612.0,0.0,0.0
1995-03-16,7.25190426727992,7.371912295360594,7.21761604494789,7.3376240730285645,1103728.0,0.0,0.0
1995-03-17,7.354764237024187,7.371908589599104,7.286188326886622,7.320476531982422,1447042.0,0.0,0.0
1995-03-20,7.320474712521188,7.371906757354736,7.26904266768764,7.371906757354736,808203.0,0.0,0.0
1995-03-21,7.337625877968645,7.4747778009253985,7.337625877968645,7.4062018394470215,2564534.0,0.0,0.0
1995-03-22,7.4061962946408695,7.4061962946408695,7.286188326886622,7.320476531982422,1188983.0,0.0,0.0
1995-03-23,7.337618560781067,7.3890506056146155,7.320474712521188,7.371906757354736,766149.0,0.0,0.0
1995-03-24,7.371912295360594,7.406200017638337,7.303336350750821,7.3376240730285645,747033.0,0.0,0.0
1995-03-27,7.354762409040946,7.371906757354736,7.286186515947519,7.371906757354736,1093406.0,0.0,0.0
1995-03-28,7.371908589599104,7.371908589599104,7.286188326886622,7.320476531982422,637693.0,0.0,0.0
1995-03-29,7.354763883889579,7.423339790734512,7.286187977044645,7.303332328796387,1483362.0,0.0,0.0
1995-03-30,7.320476531982422,7.4061962946408695,7.303332679461539,7.320476531982422,825407.0,0.0,0.0
1995-03-31,7.303332679461539,7.371908589599104,7.2519006218448565,7.320476531982422,854462.0,0.0,0.0
1995-04-03,7.354764237024187,7.371908589599104,7.286188326886622,7.320476531982422,798263.0,0.0,0.0
1995-04-04,7.320479788270908,7.3890557289123535,7.286191567923056,7.3890557289123535,667513.0,0.0,0.0
1995-04-05,7.371911763084099,7.389055622985127,7.251903743668402,7.286191463470459,897663.0,0.0,0.0
1995-04-06,7.320475178243634,7.320475178243634,7.166179533980742,7.183323383331299,1303294.0,0.0,0.0
1995-04-07,7.18332748683599,7.18332748683599,7.011887895286986,7.149039268493652,2756836.0,0.0,0.0
1995-04-10,7.183326590535356,7.234758661604304,7.097606805456553,7.200470447540283,2427285.0,0.0,0.0
1995-04-11,7.2176155282515655,7.251903748128962,7.114751868727876,7.166183948516846,724477.0,0.0,0.0
1995-04-12,7.1147515502055425,7.166183627691935,7.063319472719151,7.149039268493652,963038.0,0.0,0.0
1995-04-13,7.114751868727876,7.183327808428419,7.114751868727876,7.166183948516846,953863.0,0.0,0.0
1995-04-17,7.183326660037033,7.234758731603608,7.114750731299657,7.131894588470459,1397342.0,0.0,0.0
1995-04-18,7.149039588551022,7.200471668339992,7.149039588551022,7.166183948516846,1033766.0,0.0,0.0
1995-04-19,7.166179533980742,7.217611082032412,7.114747485875131,7.183323383331299,771883.0,0.0,0.0
1995-04-20,7.183326179276299,7.251902103424072,7.114750255128525,7.251902103424072,996299.0,0.0,0.0
1995-04-21,7.251902711372985,7.286190426294246,7.2347588539123535,7.2347588539123535,1039883.0,0.0,0.0
1995-04-24,7.217613891323118,7.286189815470891,7.183326179276299,7.251902103424072,1071997.0,0.0,0.0
1995-04-25,7.217613891323118,7.286189815470891,7.217613891323118,7.251902103424072,868225.0,0.0,0.0
1995-04-26,7.2347588539123535,7.2347588539123535,7.1661829240156525,7.2347588539123535,587992.0,0.0,0.0
1995-04-27,7.200471345980045,7.234759564322382,7.097607691061488,7.149039268493652,1751361.0,0.0,0.0
1995-04-28,7.217613697052002,7.251901908230047,7.166182130366119,7.217613697052002,591051.0,0.0,0.0
1995-05-01,7.217613891323118,7.320478027571847,7.217613891323118,7.251902103424072,1345730.0,0.0,0.0
1995-05-02,7.234758592925741,7.320478377190818,7.234758592925741,7.269046306610107,774177.0,0.0,0.0
1995-05-03,7.286191463470459,7.320479683326765,7.251903743668402,7.286191463470459,980242.0,0.0,0.0
1995-05-04,7.320476180494117,7.337620032191848,7.286187977044645,7.303332328796387,1320498.0,0.0,0.0
1995-05-05,7.320474712521188,7.371906757354736,7.234754971167882,7.371906757354736,1089583.0,0.0,0.0
1995-05-08,7.337625877968645,7.440490070213414,7.320482012612653,7.4062018394470215,923278.0,0.0,0.0
1995-05-09,7.371908814615558,7.406196520703903,7.303332902384815,7.354764461517334,1419134.0,0.0,0.0
1995-05-10,7.371911763084099,7.371911763084099,7.2690476035694305,7.286191463470459,754297.0,0.0,0.0
1995-05-11,7.303336350750821,7.389056156499466,7.286191989557663,7.3376240730285645,878548.0,0.0,0.0
1995-05-12,7.371908589599104,7.371908589599104,7.286188326886622,7.320476531982422,3343299.0,0.0,0.0
1995-05-15,7.320479683326765,7.354767403128821,7.2690476035694305,7.286191463470459,1045235.0,0.0,0.0
1995-05-16,7.303330864261309,7.406194453874495,7.26904266768764,7.371906757354736,1794180.0,0.0,0.0
1995-05-17,7.389056156499466,7.406200017638337,7.320480211889692,7.3376240730285645,1302912.0,0.0,0.0
1995-05-18,7.303332328796387,7.37190823564132,7.286187977044645,7.303332328796387,964185.0,0.0,0.0
1995-05-19,7.269045763792008,7.3033339749700525,7.217613697052002,7.217613697052002,1765889.0,0.0,0.0
1995-05-22,7.234758661604304,7.234758661604304,7.183326590535356,7.200470447540283,1277679.0,0.0,0.0
1995-05-23,7.251902449767924,7.269046306610107,7.234758592925741,7.269046306610107,611696.0,0.0,0.0
1995-05-24,7.3033339749700525,7.3033339749700525,7.20046984149004,7.217613697052002,1167956.0,0.0,0.0
1995-05-25,7.217613697052002,7.217613697052002,7.149037774750035,7.217613697052002,1160310.0,0.0,0.0
1995-05-26,7.251900273649183,7.303332328796387,7.234756421951452,7.303332328796387,1217274.0,0.0,0.0
1995-05-30,7.337620032191848,7.354763883889579,7.303332328796387,7.303332328796387,1244036.0,0.0,0.0
1995-05-31,7.320480211889692,7.354767934167437,7.286191989557663,7.3376240730285645,1115580.0,0.0,0.0
1995-06-01,7.354767934167437,7.389056156499466,7.303336350750821,7.3376240730285645,1092259.0,0.0,0.0
1995-06-02,7.320476755428988,7.38905266765973,7.286188549286592,7.354764461517334,978713.0,0.0,0.0
1995-06-05,7.406197013352956,7.526204992753016,7.406197013352956,7.474772930145264,1369816.0,0.0,0.0
1995-06-06,7.487193595657953,7.538948024877098,7.452690139651968,7.46994161605835,1115580.0,0.08893,0.0
1995-06-07,7.487191624723272,7.5044430965883615,7.400933259011645,7.418185234069824,782970.0,0.0,0.0
1995-06-08,7.452688741154234,7.521695137023926,7.418185794815951,7.521695137023926,759267.0,0.0,0.0
1995-06-09,7.538949934116733,7.556201918085403,7.452692027046782,7.4871954917907715,768443.0,0.0,0.0
1995-06-12,7.504441261291504,7.52169272893755,7.4526863551604,7.504441261291504,921367.0,0.0,0.0
1995-06-13,7.487194563402086,7.556200981140137,7.487194563402086,7.556200981140137,883900.0,0.0,0.0
1995-06-14,7.556198586555335,7.6252044792319005,7.504443663854785,7.521695137023926,1256652.0,0.0,0.0
1995-06-15,7.521701334529364,7.659714239984475,7.521701334529364,7.625210762023926,1644697.0,0.0,0.0
1995-06-16,7.642459415937699,7.676962375640869,7.607955953041206,7.676962375640869,1341525.0,0.0,0.0
1995-06-19,7.659709958034106,7.7114648944459825,7.625206499361767,7.694212913513184,964568.0,0.0,0.0
1995-06-20,7.676960930186159,7.780470796192985,7.659709453582764,7.659709453582764,1410723.0,0.0,0.0
1995-06-21,7.6252044792319005,7.6252044792319005,7.504443663854785,7.521695137023926,1549501.0,0.0,0.0
1995-06-22,7.521697073758338,7.6424584234229815,7.521697073758338,7.59070348739624,1296795.0,0.0,0.0
1995-06-23,7.573456299873416,7.676965727367978,7.556204812489913,7.625210762023926,771119.0,0.0,0.0
1995-06-26,7.607954433695847,7.6252059101022285,7.418187186839204,7.46994161605835,1421428.0,0.0,0.0
1995-06-27,7.435436705934914,7.469939649665093,7.400933259011645,7.418185234069824,1202364.0,0.0,0.0
1995-06-28,7.452691533726361,7.521697955453209,7.383685111999512,7.383685111999512,1534209.0,0.0,0.0
1995-06-29,7.418186196657155,7.4354376707608045,7.349179797049405,7.400934219360352,862873.0,0.0,0.0
1995-06-30,7.400937081527471,7.504446972566092,7.400937081527471,7.4871954917907715,1812913.0,0.0,0.0
1995-07-03,7.48719693376089,7.48719693376089,7.4181904941762085,7.452693462371826,179686.0,0.0,0.0
1995-07-05,7.487189793645459,7.52169272893755,7.435434887514353,7.504441261291504,1525416.0,0.0,0.0
1995-07-06,7.590704432061162,7.590704432061162,7.487195050319169,7.538949489593506,1659607.0,0.0,0.0
1995-07-07,7.538948110972544,7.780470796192985,7.538948110972544,7.659709453582764,3003808.0,0.0,0.0
1995-07-10,7.625206895684902,7.711465295252431,7.5216975206744685,7.556200981140137,1159928.0,0.0,0.0
1995-07-11,7.573452498331996,7.6424589164213526,7.521697558966657,7.607955455780029,721036.0,0.0,0.0
1995-07-12,7.5907035027419205,7.694212871811405,7.538948566610549,7.642458438873291,995917.0,0.0,0.0
1995-07-13,7.625206895684902,7.625206895684902,7.504446042038277,7.556200981140137,1491008.0,0.0,0.0
1995-07-14,7.538949486827043,7.573452949523926,7.487195047571698,7.573452949523926,642280.0,0.0,0.0
1995-07-17,7.573452009785079,7.59070348739624,7.556200532173917,7.59070348739624,432775.0,0.0,0.0
1995-07-18,7.573452459776329,7.573452459776329,7.5216975206744685,7.556200981140137,569259.0,0.0,0.0
1995-07-19,7.538947018575853,7.590701944079955,7.262921420144851,7.400934219360352,1428692.0,0.0,0.0
1995-07-20,7.4354376707608045,7.487192596264906,7.366431271153053,7.400934219360352,752386.0,0.0,0.0
1995-07-21,7.383681787146556,7.487191624723272,7.349178843416377,7.418185234069824,790999.0,0.0,0.0
1995-07-24,7.400935127053181,7.418187106465865,7.314677242762623,7.349180698394775,818143.0,0.0,0.0
1995-07-25,7.3664327688713716,7.659709901034143,7.31467783284463,7.59070348739624,2049945.0,0.0,0.0
1995-07-26,7.625207841186685,7.659711305930675,7.4871954917907715,7.4871954917907715,837641.0,0.0,0.0
1995-07-27,7.556201469772144,7.607955909027488,7.521698007075262,7.573452949523926,559701.0,0.0,0.0
1995-07-28,7.590704432061162,7.590704432061162,7.504446530077281,7.538949489593506,368164.0,0.0,0.0
1995-07-31,7.573452459776329,7.59070393841252,7.487194563402086,7.556200981140137,959215.0,0.0,0.0
1995-08-01,7.556200532173917,7.6252064426185635,7.5044455961471765,7.59070348739624,1425633.0,0.0,0.0
1995-08-02,7.625206895684902,7.694213313422954,7.487194563402086,7.556200981140137,1898933.0,0.0,0.0
1995-08-03,7.556203373345572,7.59070634154119,7.4181904941762085,7.452693462371826,1140048.0,0.0,0.0
1995-08-04,7.5216975206744685,7.556200981140137,7.435439624300225,7.556200981140137,1021532.0,0.0,0.0
1995-08-07,7.573450059724477,7.573450059724477,7.487192190685644,7.521695137023926,1154958.0,0.0,0.0
1995-08-08,7.556201918085403,7.573453398860723,7.452692027046782,7.4871954917907715,623547.0,0.0,0.0
1995-08-09,7.452693462371826,7.48719693376089,7.400938506884954,7.452693462371826,1096847.0,0.0,0.0
1995-08-10,7.469944946469635,7.504448417858699,7.400938506884954,7.452693462371826,1270033.0,0.0,0.0
1995-08-11,7.469943501836716,7.487195485791562,7.366434114074382,7.435440540313721,1303676.0,0.0,0.0
1995-08-14,7.452688177800003,7.452688177800003,7.366430315281466,7.418185234069824,464889.0,0.0,0.0
1995-08-15,7.418185794815951,7.521695137023926,7.383682345284542,7.521695137023926,760032.0,0.0,0.0
1995-08-16,7.5044430965883615,7.5216945684534515,7.331926868358198,7.418185234069824,880842.0,0.0,0.0
1995-08-17,7.452693462371826,7.469944946469635,7.366435538689336,7.452693462371826,787558.0,0.0,0.0
1995-08-18,7.452693462371826,7.469944946469635,7.400938506884954,7.452693462371826,1054028.0,0.0,0.0
1995-08-21,7.4181904941762085,7.48719693376089,7.4181904941762085,7.452693462371826,1267357.0,0.0,0.0
1995-08-22,7.452689144864453,7.452689144864453,7.366431271153053,7.400934219360352,3102444.0,0.0,0.0
1995-08-23,7.4009360876246895,7.4009360876246895,7.297426713680125,7.314678192138672,1365610.0,0.0,0.0
1995-08-24,7.314676784495095,7.435438116852058,7.245670380747285,7.366431713104248,1214598.0,0.0,0.0
1995-08-25,7.383687022787145,7.48719693376089,7.349184054591527,7.452693462371826,915632.0,0.0,0.0
1995-08-28,7.469944946469635,7.48719693376089,7.4181904941762085,7.452693462371826,652220.0,0.0,0.0
1995-08-29,7.452689591990715,7.452689591990715,7.349180237965592,7.366431713104248,1661136.0,0.0,0.0
1995-08-30,7.400934663381561,7.418186641713402,7.331928259633751,7.366431713104248,959980.0,0.0,0.0
1995-08-31,7.366433632366129,7.400936591632895,7.366433632366129,7.383685111999512,637310.0,0.0,0.0
1995-09-01,7.383687022787145,7.452693462371826,7.331932067300272,7.452693462371826,1856496.0,0.0,0.0
1995-09-05,7.469944946469635,7.48719693376089,7.435441978274017,7.452693462371826,1538414.0,0.0,0.0
1995-09-06,7.435434887514353,7.504441261291504,7.4009314490292955,7.504441261291504,1393137.0,0.0,0.0
1995-09-07,7.487193595657953,7.487193595657953,7.452690139651968,7.46994161605835,724095.0,0.0,0.0
1995-09-08,7.469944946469635,7.48719693376089,7.452693462371826,7.452693462371826,927866.0,0.0,0.0
1995-09-11,7.452692027046782,7.4871954917907715,7.435440546271461,7.4871954917907715,1190895.0,0.0,0.0
1995-09-12,7.452693462371826,7.504448417858699,7.435441978274017,7.452693462371826,1555618.0,0.0,0.0
1995-09-13,7.414487844782628,7.536036983599411,7.397123826801901,7.501308441162109,1840439.0,0.09155,0.0
1995-09-14,7.536038875579834,7.588130942600127,7.501310324423663,7.536038875579834,4736818.0,0.0,0.0
1995-09-15,7.5707678800605915,7.62286046016101,7.536039830977672,7.588131904602051,1791121.0,0.0,0.0
1995-09-18,7.58813566556492,7.674956337779819,7.58813566556492,7.640228271484375,2866559.0,0.0,0.0
1995-09-19,7.605497323329484,7.744410042351026,7.605497323329484,7.692317962646484,1945192.0,0.0,0.0
1995-09-20,7.709681089344349,7.709681089344349,7.536039830977672,7.588131904602051,1695161.0,0.0,0.0
1995-09-21,7.570765495300293,7.588129514372158,7.5360374571565645,7.570765495300293,830377.0,0.0,0.0
1995-09-22,7.5360374571565645,7.605494039919902,7.501308912536955,7.570765495300293,759267.0,0.0,0.0
1995-09-25,7.605495452880859,7.62285947517864,7.5534028795115455,7.605495452880859,1160692.0,0.0,0.0
1995-09-26,7.622858052892086,7.622858052892086,7.501308906534537,7.553401470184326,1231420.0,0.0,0.0
1995-09-27,7.518674346763762,7.588130942600127,7.466582279743468,7.536038875579834,1491008.0,0.0,0.0
1995-09-28,7.536037936726944,7.570765977080659,7.414488782537117,7.483945369720459,892693.0,0.0,0.0
1995-09-29,7.518675299960172,7.605496435619551,7.501311275418713,7.588131904602051,2066002.0,0.0,0.0
1995-10-02,7.588130942600127,7.6402235160963965,7.536038875579834,7.536038875579834,1940604.0,0.0,0.0
1995-10-03,7.570765997163627,7.588130017386546,7.362396235060858,7.449216842651367,1156105.0,0.0,0.0
1995-10-04,7.431855717553379,7.431855717553379,7.310306515690882,7.345035076141357,1345730.0,0.0,0.0
1995-10-05,7.4839444231813825,7.501308441162109,7.449215880744081,7.501308441162109,1601878.0,0.0,0.0
1995-10-06,7.536039856833304,7.553403881434338,7.449218720876049,7.466583251953125,867079.0,0.0,0.0
1995-10-09,7.431851869816201,7.57076502674554,7.431851869816201,7.518672466278076,1060527.0,0.0,0.0
1995-10-10,7.414488310701753,7.588129514372158,7.379759766082144,7.570765495300293,1178661.0,0.0,0.0
1995-10-11,7.536039830977672,7.605496435619551,7.536039830977672,7.588131904602051,1026884.0,0.0,0.0
1995-10-12,7.58813566556492,7.640228271484375,7.570771632417197,7.640228271484375,1554089.0,0.0,0.0
1995-10-13,7.674953429602206,7.744410042351026,7.657589403034025,7.692317962646484,1599584.0,0.0,0.0
1995-10-16,7.692315600338936,7.692315600338936,7.622859008920211,7.657587051391602,498914.0,0.0,0.0
1995-10-17,7.640225407416316,7.692317993807983,7.570768794386128,7.674953460693359,1785769.0,0.0,0.0
1995-10-18,7.727046047085026,7.744410073723548,7.657589434054838,7.674953460693359,1970807.0,0.0,0.0
1995-10-19,7.674951072627297,7.674951072627297,7.622859008920211,7.657587051391602,2372232.0,0.0,0.0
1995-10-20,7.6575923046320975,7.6575923046320975,7.622864238336653,7.640228271484375,1079643.0,0.0,0.0
1995-10-23,7.640222078063631,7.640222078063631,7.570765495300293,7.570765495300293,360900.0,0.0,0.0
1995-10-24,7.588129514372158,7.640222078063631,7.570765495300293,7.570765495300293,873960.0,0.0,0.0
1995-10-25,7.588129508300266,7.622858052892086,7.553401470184326,7.553401470184326,1023443.0,0.0,0.0
1995-10-26,7.518674346763762,7.553402897919932,7.466582279743468,7.536038875579834,1883258.0,0.0,0.0
1995-10-27,7.501308912536955,7.588129514372158,7.449216348845482,7.570765495300293,594109.0,0.0,0.0
1995-10-30,7.553407599269476,7.640228271484375,7.536043566121754,7.640228271484375,418629.0,0.0,0.0
1995-10-31,7.605494033834116,7.640222071950056,7.553401470184326,7.553401470184326,635017.0,0.0,0.0
1995-11-01,7.553401470184326,7.622858052892086,7.431852323826777,7.553401470184326,536381.0,0.0,0.0
1995-11-02,7.553400064010613,7.709677219390869,7.553400064010613,7.709677219390869,1481450.0,0.0,0.0
1995-11-03,7.709681034785522,7.727045059204102,7.640224430635164,7.727045059204102,650691.0,0.0,0.0
1995-11-06,7.744413328574584,7.81386997079627,7.709685260701898,7.779141902923584,1175603.0,0.0,0.0
1995-11-07,7.761774606838171,7.761774606838171,7.657589434054838,7.674953460693359,2233454.0,0.0,0.0
1995-11-08,7.709681034785522,7.761773614517298,7.674952479472325,7.727045059204102,1007386.0,0.0,0.0
1995-11-09,7.761773559912496,7.831230163574219,7.692316956250772,7.831230163574219,901869.0,0.0,0.0
1995-11-10,7.796502994139794,7.935416226151612,7.796502994139794,7.900688171386719,1197394.0,0.0,0.0
1995-11-13,7.935411931196498,7.9875044916254305,7.848591334798842,7.865955352783203,915250.0,0.0,0.0
1995-11-14,7.8659577556439535,7.8659577556439535,7.744408579671379,7.761773109436035,2188723.0,0.0,0.0
1995-11-15,7.761771202910887,7.86595582352792,7.709678639364431,7.8485918045043945,1085377.0,0.0,0.0
1995-11-16,7.918048388699956,8.056961553868438,7.900684369672866,8.022233009338379,3046626.0,0.0,0.0
1995-11-17,7.98751191468201,8.300066554771178,7.970147880560682,8.195881843566895,2480043.0,0.0,0.0
1995-11-20,8.195881843566895,8.300066554771178,8.16115326884792,8.195881843566895,892311.0,0.0,0.0
1995-11-21,8.195877898657857,8.54316043983272,8.195877898657857,8.508432388305664,2539301.0,0.0,0.0
1995-11-22,8.45633554180313,8.525792116321103,8.35215093326408,8.386878967285156,1013121.0,0.0,0.0
1995-11-24,8.404247824290854,8.421611850254882,8.317426681518555,8.317426681518555,336815.0,0.0,0.0
1995-11-27,8.30006217956543,8.386882810882689,8.21324154824817,8.30006217956543,1745244.0,0.0,0.0
1995-11-28,8.317426585478628,8.525796414069193,8.265334508188044,8.508432388305664,1697455.0,0.0,0.0
1995-11-29,8.508429999893158,8.525794020782408,8.404245368081718,8.491065979003906,498532.0,0.0,0.0
1995-11-30,8.47370719909668,8.54316332561225,8.126424034137594,8.47370719909668,2069825.0,0.0,0.0
1995-12-01,8.456336971309497,8.560521597460497,8.438972951363647,8.543157577514648,1511270.0,0.0,0.0
1995-12-04,8.543155184224123,8.664704302745951,8.508427154061179,8.629976272583008,1484509.0,0.0,0.0
1995-12-05,8.664711872391264,8.94253838231201,8.61261978163828,8.734169006347656,1802973.0,0.0,0.0
1995-12-06,8.699437959783072,9.01199347226784,8.629981854532357,8.942536354064941,2376055.0,0.0,0.0
1995-12-07,8.873078436611998,8.873078436611998,8.647344114745886,8.664708137512207,1237919.0,0.0,0.0
1995-12-08,8.664706674134479,8.786255825922321,8.577886574965879,8.751527786254883,914103.0,0.0,0.0
1995-12-11,8.716801988437854,8.907808303833008,8.716801988437854,8.907808303833008,2384466.0,0.0,0.0
1995-12-12,8.89044189453125,8.977262002846803,8.855712838253117,8.89044189453125,1490243.0,0.0,0.0
1995-12-13,8.852035963897455,8.869495478362975,8.694899315185172,8.729818344116211,1374404.0,0.09155,0.0
1995-12-14,8.729814028894749,8.852031588262813,8.642516499719061,8.6599760055542,1028796.0,0.0,0.0
1995-12-15,8.520303481012093,8.659980620652378,8.520303481012093,8.555222511291504,2299211.0,0.0,0.0
1995-12-18,8.52030009599736,8.52030009599736,8.293324452310653,8.363162994384766,1601496.0,0.0,0.0
1995-12-19,8.36316072032645,8.39808023649897,8.258403190330851,8.275862693786621,1406900.0,0.0,0.0
1995-12-20,8.31078221150108,8.502837768072139,8.29332219878109,8.415539741516113,1514711.0,0.0,0.0
1995-12-21,8.4155422024096,8.659977359357978,8.4155422024096,8.537759780883789,1002416.0,0.0,0.0
1995-12-22,8.572679394511592,8.59013890429101,8.52030086517334,8.52030086517334,559319.0,0.0,0.0
1995-12-26,8.502838359015282,8.502838359015282,8.398080821719649,8.46791934967041,294379.0,0.0,0.0
1995-12-27,8.450461535676178,8.485380552007275,8.415542010083962,8.433001518249512,745886.0,0.0,0.0
1995-12-28,8.433001518249512,8.433001518249512,8.345703468160652,8.433001518249512,503120.0,0.0,0.0
1995-12-29,8.39808153228563,8.572677612304688,8.345702504575488,8.572677612304688,884665.0,0.0,0.0
1996-01-02,8.502839078444852,8.572677612304688,8.467920066145464,8.572677612304688,1141195.0,0.0,0.0
1996-01-03,8.60759794419009,8.694896506843966,8.555219417711129,8.59013843536377,986359.0,0.0,0.0
1996-01-04,8.537758472667468,8.590136990335342,8.398081407031036,8.450460433959961,1783857.0,0.0,0.0
1996-01-05,8.450459844997974,8.46791934967041,8.398080821719649,8.46791934967041,632340.0,0.0,0.0
1996-01-08,8.450459844997974,8.485378854342846,8.450459844997974,8.46791934967041,118134.0,0.0,0.0
1996-01-09,8.467922745896027,8.520301790181989,8.43300321328498,8.483200073242188,630046.0,0.0,0.0
1996-01-10,8.45045925612726,8.45045925612726,8.240943686875081,8.275862693786621,1932958.0,0.0,0.0
1996-01-11,8.31078446977502,8.415542028255631,8.293324452310653,8.363162994384766,1562882.0,0.0,0.0
1996-01-12,8.363160721878106,8.415539741516113,8.345701218419096,8.415539741516113,825789.0,0.0,0.0
1996-01-15,8.398080238057105,8.432999244975123,8.363160721878106,8.415539741516113,347137.0,0.0,0.0
1996-01-16,8.415540532816232,8.642516136169434,8.415540532816232,8.642516136169434,916014.0,0.0,0.0
1996-01-17,8.625057149275888,8.625057149275888,8.537758600005299,8.572677612304688,795969.0,0.0,0.0
1996-01-18,8.607596624604074,8.607596624604074,8.467920066145464,8.572677612304688,838788.0,0.0,0.0
1996-01-19,8.520300272319227,8.607597815142036,8.502840254493538,8.537759780883789,1091112.0,0.0,0.0
1996-01-22,8.65998028625413,8.729818344116211,8.607600724334967,8.729818344116211,1009298.0,0.0,0.0
1996-01-23,8.659977510638361,8.782195091247559,8.607597965507404,8.782195091247559,799792.0,0.0,0.0
1996-01-24,8.78219295973018,8.852030978258103,8.76473243657617,8.81711196899414,743975.0,0.0,0.0
1996-01-25,8.921875040282139,8.921875040282139,8.694899315185172,8.729818344116211,917543.0,0.0,0.0
1996-01-26,8.747275892190395,8.86949348449707,8.712356871109165,8.86949348449707,812791.0,0.0,0.0
1996-01-29,8.83457446341584,8.9044125055783,8.747275892190395,8.86949348449707,341785.0,0.0,0.0
1996-01-30,8.852033126725798,8.852033126725798,8.764734563855722,8.782195091247559,820054.0,0.0,0.0
1996-01-31,8.782195931793998,8.86949348449707,8.764735402731008,8.86949348449707,865549.0,0.0,0.0
1996-02-01,8.869490258279193,8.921869789370705,8.817111745709683,8.852030754089355,823113.0,0.0,0.0
1996-02-02,8.852034210408842,8.86949372141583,8.799655677387882,8.834574699401855,609402.0,0.0,0.0
1996-02-05,8.799655209124884,8.921872798192533,8.764735170446738,8.904412269592285,888488.0,0.0,0.0
1996-02-06,8.834573887414765,9.079009056091309,8.834573887414765,9.079009056091309,996299.0,0.0,0.0
1996-02-07,9.148844495141851,9.288521549209744,9.113925486255383,9.18376350402832,1857261.0,0.0,0.0
1996-02-08,9.218680907743039,9.3059784051138,9.009164877009754,9.288518905639648,1720012.0,0.0,0.0
1996-02-09,9.288521905802032,9.393279955005182,9.236143390461484,9.340900421142578,1122461.0,0.0,0.0
1996-02-12,9.340904476130389,9.393284032731525,9.271066425358871,9.305985450744629,1427545.0,0.0,0.0
1996-02-13,9.305982656999678,9.445659735132818,9.305982656999678,9.358362197875977,1154575.0,0.0,0.0
1996-02-14,9.358364462932185,9.498041574872142,9.358364462932185,9.375823974609375,968773.0,0.0,0.0
1996-02-15,9.340903932732555,9.428202509640943,9.340903932732555,9.375823974609375,766913.0,0.0,0.0
1996-02-16,9.375825041770353,9.428203582763672,9.358365528105912,9.428203582763672,705362.0,0.0,0.0
1996-02-20,9.253606438678453,9.410743063388026,9.201226884760297,9.236146926879883,1143106.0,0.0,0.0
1996-02-21,9.271066941261157,9.532961683272868,9.271066941261157,9.428203582763672,964950.0,0.0,0.0
1996-02-22,9.480577680098484,9.585335731506348,9.445658669136558,9.585335731506348,789087.0,0.0,0.0
1996-02-23,9.62025881257913,9.672638369704691,9.288526031048129,9.550420761108398,1611818.0,0.0,0.0
1996-02-26,9.515501619283095,9.53296113193777,9.428203037487219,9.498042106628418,583787.0,0.0,0.0
1996-02-27,9.463120100159088,9.498040136748571,9.393282064024692,9.445660591125488,994770.0,0.0,0.0
1996-02-28,9.410742346250371,9.725015571720592,9.410742346250371,9.532959938049316,1573205.0,0.0,0.0
1996-02-29,9.498042106628418,9.620258695211149,9.445662550141893,9.498042106628418,1827441.0,0.0,0.0
1996-03-01,9.56787986267752,9.56787986267752,9.41074323510076,9.480581283569336,1449719.0,0.0,0.0
1996-03-04,9.585335731506348,9.707553288395173,9.532957215063457,9.585335731506348,864020.0,0.0,0.0
1996-03-05,9.585338415408245,9.672636985778809,9.567878905038606,9.672636985778809,537910.0,0.0,0.0
1996-03-06,9.669126198903745,9.739320025757525,9.511191368103027,9.511191368103027,565436.0,0.09155,0.0
1996-03-07,9.493640746198079,9.61647914409316,9.45854435356976,9.581382751464844,888488.0,0.0,0.0
1996-03-08,9.51119170968877,9.598933740483114,9.17777383532355,9.195322036743164,1552178.0,0.0,0.0
1996-03-11,9.054936692526294,9.300613594816177,9.054936692526294,9.212871551513672,1891286.0,0.0,0.0
1996-03-12,9.247964319572246,9.511189322184103,9.195319728528279,9.458544731140137,2146287.0,0.0,0.0
1996-03-13,9.581386685220004,9.634031295776367,9.476096440410885,9.634031295776367,1201982.0,0.0,0.0
1996-03-14,9.63402998213187,9.651578183257879,9.56383717762783,9.61648178100586,1461570.0,0.0,0.0
1996-03-15,9.651578183257879,9.651578183257879,9.511191550553551,9.61648178100586,1286090.0,0.0,0.0
1996-03-18,9.616480790507941,9.79196380738953,9.598932591189396,9.756867408752441,2725869.0,0.0,0.0
1996-03-19,9.669126689745461,9.809513326883351,9.669126689745461,9.77441692352295,1965837.0,0.0,0.0
1996-03-20,9.774416283882921,9.932351112365723,9.774416283882921,9.932351112365723,1227979.0,0.0,0.0
1996-03-21,9.8972532903811,9.932349686406093,9.721770286560059,9.721770286560059,3267602.0,0.0,0.0
1996-03-22,9.704222810796807,9.79196380738953,9.686673587782119,9.756867408752441,796351.0,0.0,0.0
1996-03-25,9.756870824609965,9.809515440996353,9.651580568140682,9.686676979064941,926337.0,0.0,0.0
1996-03-26,9.669128903725762,9.739322750215424,9.54629146383776,9.598936080932617,751239.0,0.0,0.0
1996-03-27,9.563837705089538,9.598934109277183,9.388353636758698,9.405902862548828,1487950.0,0.0,0.0
1996-03-28,9.300612449645996,9.405902683905493,9.283064247885461,9.300612449645996,1321263.0,0.0,0.0
1996-03-29,9.33570785439743,9.493642677042063,9.265515054864784,9.440998077392578,753150.0,0.0,0.0
1996-04-01,9.42345036415609,9.528739568892414,9.370804738091696,9.511191368103027,777618.0,0.0,0.0
1996-04-02,9.493642677042063,9.511190876925225,9.370804254163753,9.440998077392578,587992.0,0.0,0.0
1996-04-03,9.44099653412548,9.493641125169448,9.370802722370847,9.458544731140137,826171.0,0.0,0.0
1996-04-04,9.458550700848175,9.458550700848175,9.370808636701003,9.423454284667969,661396.0,0.0,0.0
1996-04-08,9.423450885666028,9.423450885666028,9.230418618907567,9.300612449645996,1214598.0,0.0,0.0
1996-04-09,9.265522093148634,9.353263159214388,9.195328216599076,9.318166732788086,909897.0,0.0,0.0
1996-04-10,9.28306370373461,9.28306370373461,9.125128873451267,9.177773475646973,916779.0,0.0,0.0
1996-04-11,9.142677486636304,9.142677486636304,8.897000617914015,9.054935455322266,1273474.0,0.0,0.0
1996-04-12,9.072484374602794,9.195322818682131,9.054936171690938,9.090032577514648,1174838.0,0.0,0.0
1996-04-15,9.090029761576199,9.283061981201172,9.090029761576199,9.283061981201172,935894.0,0.0,0.0
1996-04-16,9.265517234802246,9.370806458873057,9.247968007094025,9.265517234802246,1603789.0,0.0,0.0
1996-04-17,9.300611904466512,9.300611904466512,9.125128873451267,9.177773475646973,648397.0,0.0,0.0
1996-04-18,9.195322036743164,9.247966641002009,9.160225633903934,9.195322036743164,477887.0,0.0,0.0
1996-04-19,9.335710948065293,9.63403249232919,9.318162742367006,9.598936080932617,2514069.0,0.0,0.0
1996-04-22,9.616480997704256,9.634029197400894,9.493642576131627,9.528738975524902,1248624.0,0.0,0.0
1996-04-23,9.563839540830031,9.686676979064941,9.528742106209268,9.686676979064941,2033506.0,0.0,0.0
1996-04-24,9.72177201145817,9.739320212584179,9.56383717762783,9.61648178100586,1270415.0,0.0,0.0
1996-04-25,9.651576042175293,9.721769854803954,9.563835056009495,9.651576042175293,943923.0,0.0,0.0
1996-04-26,9.634032362678552,9.809515440996353,9.616484157216421,9.686676979064941,1448572.0,0.0,0.0
1996-04-29,9.686672436641611,9.704221657570795,9.616479647708974,9.651576042175293,626606.0,0.0,0.0
1996-04-30,9.63403249232919,9.63403249232919,9.528742234442955,9.598936080932617,829994.0,0.0,0.0
1996-05-01,9.581380778742833,9.686669934949675,9.563832586041691,9.669121742248535,464506.0,0.0,0.0
1996-05-02,9.598933453180372,9.721771883137306,9.546288850497216,9.563837051391602,1163369.0,0.0,0.0
1996-05-03,9.528733421926482,9.598927203498402,9.335702314070952,9.353250503540039,1191277.0,0.0,0.0
1996-05-06,9.370805323781616,9.54628939003598,9.318160718123083,9.493643760681152,1030707.0,0.0,0.0
1996-05-07,9.458553462190245,9.476101675403397,9.300618519574936,9.318166732788086,635781.0,0.0,0.0
1996-05-08,9.177775852599208,9.283066107955971,8.984744570858888,9.247968673706055,2252187.0,0.0,0.0
1996-05-09,9.283066107955971,9.335710723786105,9.19532405787592,9.247968673706055,756591.0,0.0,0.0
1996-05-10,9.283066107955971,9.318162518509395,9.247968673706055,9.247968673706055,775324.0,0.0,0.0
1996-05-13,9.405901577648441,9.616480997704256,9.335707755165725,9.528738975524902,2009038.0,0.0,0.0
1996-05-14,9.52873736252466,9.616479369851271,9.511189165798537,9.546286582946777,913720.0,0.0,0.0
1996-05-15,9.511192559233336,9.563838191890783,9.423451544298189,9.476096153259277,602520.0,0.0,0.0
1996-05-16,9.511191425012209,9.598933453180372,9.405902219645897,9.563837051391602,1176749.0,0.0,0.0
1996-05-17,9.563835056009495,9.704221657570795,9.511189440613993,9.651576042175293,851404.0,0.0,0.0
1996-05-20,9.651575536721479,9.669123733035638,9.546286358836525,9.581382751464844,631193.0,0.0,0.0
1996-05-21,9.546288793378032,9.56383699416742,9.476094966524252,9.511191368103027,552820.0,0.0,0.0
1996-05-22,9.476095023223438,9.651578055863528,9.388352995055275,9.563837051391602,1080407.0,0.0,0.0
1996-05-23,9.563838646766216,9.756869912500857,9.563838646766216,9.7393217086792,1259328.0,0.0,0.0
1996-05-24,9.704219151346575,9.774411922151138,9.651573549547395,9.669121742248535,450361.0,0.0,0.0
1996-05-28,9.70422513354791,9.730547438826092,9.61648309225758,9.634031295776367,716066.0,0.0,0.0
1996-05-29,9.651580568140682,9.756870824609965,9.651580568140682,9.686676979064941,1175220.0,0.0,0.0
1996-05-30,9.686673717792063,9.8095121383667,9.686673717792063,9.8095121383667,1495596.0,0.0,0.0
1996-05-31,9.79196548461914,9.827061889267762,9.704224472997584,9.79196548461914,910662.0,0.0,0.0
1996-06-03,9.756867539704494,9.844609561170994,9.721771140596358,9.8095121383667,1014268.0,0.0,0.0
1996-06-04,9.77441310791103,9.914799690246582,9.756864913081072,9.914799690246582,1023826.0,0.0,0.0
1996-06-05,9.94654781895682,10.052362442016602,9.876004393985394,10.052362442016602,1277297.0,0.09155,0.0
1996-06-06,10.087634034301091,10.122905233767744,9.94654820763972,9.964183807373047,1373257.0,0.0,0.0
1996-06-07,9.840731497179,9.911274909973145,9.752553517179495,9.911274909973145,661014.0,0.0,0.0
1996-06-10,9.893643736020271,9.999457359313965,9.893643736020271,9.999457359313965,722183.0,0.0,0.0
1996-06-11,9.964183167080455,10.069997787475586,9.928911969880307,10.069997787475586,1975395.0,0.0,0.0
1996-06-12,10.070003935379958,10.14054637284758,10.070003935379958,10.10527515411377,1404224.0,0.0,0.0
1996-06-13,10.087636771134466,10.105272375652433,9.999457719749596,10.034729957580566,733652.0,0.0,0.0
1996-06-14,10.017089394356029,10.017089394356029,9.928911406360244,9.981818199157715,1290295.0,0.0,0.0
1996-06-17,9.946546353853645,9.946546353853645,9.8760029392731,9.89363956451416,687393.0,0.0,0.0
1996-06-18,9.85837008316019,9.911277916001046,9.823098880462856,9.840734481811523,523000.0,0.0,0.0
1996-06-19,9.840727582995894,9.840727582995894,9.752549638069468,9.787820816040039,368929.0,0.0,0.0
1996-06-20,9.823093874177355,9.858365058898926,9.752551504734214,9.858365058898926,704597.0,0.0,0.0
1996-06-21,9.94654841214445,9.981819612336292,9.77019138239046,9.823098182678223,1274621.0,0.0,0.0
1996-06-24,9.805465162398596,9.805465162398596,9.66437929571678,9.717286109924316,711096.0,0.0,0.0
1996-06-25,9.734916482733803,9.734916482733803,9.611467315929312,9.68200969696045,928630.0,0.0,0.0
1996-06-26,9.717286109924316,9.734921714660162,9.66437929571678,9.717286109924316,1375168.0,0.0,0.0
1996-06-27,9.682013546214757,9.805463790893555,9.629106739407375,9.805463790893555,1746391.0,0.0,0.0
1996-06-28,9.805461194371516,9.981818199157715,9.805461194371516,9.981818199157715,1861084.0,0.0,0.0
1996-07-01,9.981820321395714,9.981820321395714,9.80546327911419,9.840734481811523,564289.0,0.0,0.0
1996-07-02,9.84073499543181,9.84073499543181,9.7701925863553,9.805463790893555,1023443.0,0.0,0.0
1996-07-03,9.734914883579101,9.928908457136394,9.734914883579101,9.858365058898926,535998.0,0.0,0.0
1996-07-05,9.734917640686035,9.823096656258201,9.664375251263998,9.734917640686035,580729.0,0.0,0.0
1996-07-08,9.734914883579101,9.87600065125971,9.734914883579101,9.858365058898926,977566.0,0.0,0.0
1996-07-09,9.858370597700938,9.893642831034098,9.805463790893555,9.805463790893555,1185925.0,0.0,0.0
1996-07-10,9.840732071323206,9.91127548823311,9.823096474294381,9.87600326538086,1056704.0,0.0,0.0
1996-07-11,9.770191139792013,9.770191139792013,9.540926286648235,9.646740913391113,1470363.0,0.0,0.0
1996-07-12,9.646739707721894,9.770189918693733,9.59383291536023,9.664375305175781,1016179.0,0.0,0.0
1996-07-15,9.629102785994927,9.646738381023424,9.329295612921522,9.364566802978516,1418369.0,0.0,0.0
1996-07-16,9.346935683734786,9.346935683734786,8.747321050462213,9.258756637573242,2153933.0,0.0,0.0
1996-07-17,9.25876018749447,9.276395797729492,9.117674276818931,9.276395797729492,1820941.0,0.0,0.0
1996-07-18,9.311662166671915,9.382204563064413,9.241118741484696,9.346933364868164,1062439.0,0.0,0.0
1996-07-19,9.38220577722459,9.38220577722459,9.258755538767184,9.329298973083496,758120.0,0.0,0.0
1996-07-22,9.276395797729492,9.276395797729492,9.152946526084344,9.276395797729492,676688.0,0.0,0.0
1996-07-23,9.346928499648499,9.346928499648499,9.135299363037774,9.152935981750488,692745.0,0.0,0.0
1996-07-24,9.029488518320802,9.135302089411375,8.923673918435737,9.100030899047852,1344583.0,0.0,0.0
1996-07-25,9.08239530386609,9.135302089411375,9.064759708684328,9.100030899047852,1039500.0,0.0,0.0
1996-07-26,9.13530638446507,9.382206890681415,9.13530638446507,9.258756637573242,1024208.0,0.0,0.0
1996-07-29,9.241115759546995,9.241115759546995,9.029487609863281,9.029487609863281,365488.0,0.0,0.0
1996-07-30,9.100035177518441,9.258756637573242,9.0471283670985,9.258756637573242,820437.0,0.0,0.0
1996-07-31,9.223485430626614,9.31166447678816,9.205849827153301,9.258756637573242,365870.0,0.0,0.0
1996-08-01,9.25875434058282,9.364568963966288,9.152940745994073,9.346933364868164,774177.0,0.0,0.0
1996-08-02,9.435113777905208,9.629107475280762,9.364571363437722,9.629107475280762,647250.0,0.0,0.0
1996-08-05,9.611469404770956,9.611469404770956,9.540925979614258,9.540925979614258,760414.0,0.0,0.0
1996-08-06,9.540924119363279,9.540924119363279,9.36456713404899,9.470381736755371,545174.0,0.0,0.0
1996-08-07,9.470380630249803,9.611466407775879,9.470380630249803,9.611466407775879,553202.0,0.0,0.0
1996-08-08,9.57619419179856,9.611466407775879,9.558558598207101,9.611466407775879,387280.0,0.0,0.0
1996-08-09,9.64673850644488,9.717280887476019,9.593831720671528,9.68200969696045,345226.0,0.0,0.0
1996-08-12,9.682010848619507,9.805461058902692,9.61146845919747,9.734917640686035,784117.0,0.0,0.0
1996-08-13,9.7701925863553,9.858370597700938,9.752556984086173,9.805463790893555,1678722.0,0.0,0.0
1996-08-14,9.823097287448443,9.823097287448443,9.717282667721573,9.752554893493652,369311.0,0.0,0.0
1996-08-15,9.752554266836164,9.787825461547182,9.717282043330526,9.734917640686035,682041.0,0.0,0.0
1996-08-16,9.73492086478816,9.787828703171819,9.699649658395693,9.770193099975586,835347.0,0.0,0.0
1996-08-19,9.717282043330526,9.752554266836164,9.699646445975016,9.734917640686035,302025.0,0.0,0.0
1996-08-20,9.664379202626693,9.664379202626693,9.593836784362793,9.593836784362793,411365.0,0.0,0.0
1996-08-21,9.50565408268683,9.558560876069214,9.470382887098573,9.523289680480957,642280.0,0.0,0.0
1996-08-22,9.523293429034963,9.717286109924316,9.488022219563272,9.717286109924316,744357.0,0.0,0.0
1996-08-23,9.682008782141718,9.682008782141718,9.558558598207101,9.611466407775879,717213.0,0.0,0.0
1996-08-26,9.611466272876497,9.611466272876497,9.505651684018474,9.558558464050293,316170.0,0.0,0.0
1996-08-27,9.540925278275084,9.593833100452112,9.4880184848927,9.523289680480957,592580.0,0.0,0.0
1996-08-28,9.505657221167677,9.646743078897634,9.505657221167677,9.629107475280762,451508.0,0.0,0.0
1996-08-29,9.593833100452112,9.611468698246242,9.523289680480957,9.523289680480957,618960.0,0.0,0.0
1996-08-30,9.52329069735387,9.540926297031083,9.382204871141415,9.45274829864502,469476.0,0.0,0.0
1996-09-03,9.36456713404899,9.488017332407347,9.276388126994586,9.470381736755371,721036.0,0.0,0.0
1996-09-04,9.452746264009166,9.48801745577172,9.329296064045693,9.3998384475708,1143489.0,0.0,0.0
1996-09-05,9.346929410148926,9.38220059342181,9.294021606445312,9.294021606445312,587610.0,0.0,0.0
1996-09-06,9.294023394070047,9.399837993035508,9.205845418927565,9.364566802978516,720272.0,0.0,0.0
1996-09-09,9.399842545828369,9.505657196044922,9.329300131547322,9.505657196044922,536381.0,0.0,0.0
1996-09-10,9.523290380523763,9.611469404770956,9.488019182342775,9.540925979614258,1276532.0,0.0,0.0
1996-09-11,9.53879387878799,9.6806347145644,9.521063903603473,9.662904739379883,795969.0,0.09416,0.0
1996-09-12,9.680630268249262,9.787010070496107,9.66290030120812,9.716090202331543,485916.0,0.0,0.0
1996-09-13,9.716097107127332,9.733827086768377,9.591986215339492,9.627446174621582,1192424.0,0.0,0.0
1996-09-16,9.627448023615328,9.64517904096222,9.538798108384498,9.556528091430664,1578175.0,0.0,0.0
1996-09-17,9.574258299138762,9.574258299138762,9.485607347526994,9.538798332214355,1874465.0,0.0,0.0
1996-09-18,9.538796881109846,9.538796881109846,9.432415962219238,9.432415962219238,665219.0,0.0,0.0
1996-09-19,9.432415962219238,9.485605904514246,9.36149603915923,9.432415962219238,2342794.0,0.0,0.0
1996-09-20,9.432408661073703,9.751550136413826,9.272837923403642,9.716090202331543,4823602.0,0.0,0.0
1996-09-23,9.68063857869843,9.822479471092203,9.627447597612841,9.804749488830566,1046000.0,0.0,0.0
1996-09-24,9.822474266025326,9.946585110389385,9.787013285992645,9.840204238891602,1777358.0,0.0,0.0
1996-09-25,9.857940422772089,10.035241297443728,9.857940422772089,9.9465913772583,1770477.0,0.0,0.0
1996-09-26,9.911128044128418,9.928858023996025,9.857938104525598,9.911128044128418,1757860.0,0.0,0.0
1996-09-27,9.875668084393205,9.946589038164172,9.78701715075463,9.911128044128418,978331.0,0.0,0.0
1996-09-30,9.875663357383969,9.982044219970703,9.857933386002854,9.982044219970703,904927.0,0.0,0.0
1996-10-01,9.928858303168207,10.035239219665527,9.928858303168207,10.035239219665527,736329.0,0.0,0.0
1996-10-02,10.052972566492006,10.106163559703132,9.999782607581796,10.07070255279541,833435.0,0.0,0.0
1996-10-03,10.052970625150893,10.052970625150893,9.893399744934268,9.92885971069336,646486.0,0.0,0.0
1996-10-04,9.964319286811946,10.106160163879395,9.928858291819658,10.106160163879395,994005.0,0.0,0.0
1996-10-07,10.070699180397778,10.106160175430597,10.017509239299402,10.035239219665527,1283414.0,0.0,0.0
1996-10-08,9.964314248589588,10.017504162732932,9.946584277208473,9.982044219970703,1143106.0,0.0,0.0
1996-10-09,9.964319463295817,9.964319463295817,9.804748603056256,9.8756685256958,536763.0,0.0,0.0
1996-10-10,9.804749771833631,9.911129668473986,9.804749771833631,9.857939720153809,316552.0,0.0,0.0
1996-10-11,9.911130175941942,9.946591177605105,9.857940224898343,9.893400192260742,519177.0,0.0,0.0
1996-10-14,9.928858359289032,10.194810134885286,9.911128378822692,10.177080154418945,2076324.0,0.0,0.0
1996-10-15,10.425304897373856,10.425304897373856,10.194813017537156,10.318923950195312,2846678.0,0.0,0.0
1996-10-16,10.336651057457434,10.38984203338623,10.23027013990042,10.38984203338623,1298706.0,0.0,0.0
1996-10-17,10.38983831245622,10.513948131807737,10.336647355576789,10.460758209228516,6057698.0,0.0,0.0
1996-10-18,10.496228218078613,10.567149217127742,10.425308253330686,10.496228218078613,688540.0,0.0,0.0
1996-10-21,10.407569624078539,10.655790328979492,10.389839647607065,10.655790328979492,1541473.0,0.0,0.0
1996-10-22,10.620330947922012,10.673521914501007,10.513950049064418,10.531681060791016,4233316.0,0.0,0.0
1996-10-23,10.513951228696946,10.531682242412908,10.443031311035156,10.443031311035156,1742186.0,0.0,0.0
1996-10-24,10.460762754918827,10.478492736816406,10.425302791123668,10.478492736816406,932071.0,0.0,0.0
1996-10-25,10.47848818342159,10.496218157614663,10.407568286649294,10.460758209228516,768825.0,0.0,0.0
1996-10-28,10.549409114494095,10.584869062880243,10.460758209228516,10.460758209228516,709185.0,0.0,0.0
1996-10-29,10.49622007163822,10.602600970495812,10.46076011678582,10.531681060791016,763855.0,0.0,0.0
1996-10-30,10.567146074571566,10.638066018228661,10.531686102743018,10.58487606048584,747798.0,0.0,0.0
1996-10-31,10.58487491058704,10.779905768757567,10.58487491058704,10.74444580078125,1257417.0,0.0,0.0
1996-11-01,10.77990551163222,10.77990551163222,10.584874658113623,10.62033462524414,715684.0,0.0,0.0
1996-11-04,10.620335353353974,10.655795322915559,10.513954410368395,10.638065338134766,793675.0,0.0,0.0
1996-11-05,10.673522367357728,10.886283139799541,10.673522367357728,10.868553161621094,1394666.0,0.0,0.0
1996-11-06,10.833096337443646,10.939476237272014,10.797635336533448,10.921746253967285,1500566.0,0.0,0.0
1996-11-07,10.868557028909139,11.010397939107492,10.868557028909139,10.93947696685791,1265063.0,0.0,0.0
1996-11-08,10.939475789820374,10.957205772399902,10.868555859502264,10.957205772399902,713008.0,0.0,0.0
1996-11-11,10.974936789280129,10.974936789280129,10.886285842081792,10.957205772399902,860579.0,0.0,0.0
1996-11-12,10.957205772399902,10.957205772399902,10.90401582466132,10.957205772399902,954245.0,0.0,0.0
1996-11-13,10.921745523195078,10.957205487431914,10.868555576839825,10.90401554107666,925572.0,0.0,0.0
1996-11-14,10.86855461402898,10.974935531616211,10.850824633481206,10.974935531616211,1138901.0,0.0,0.0
1996-11-15,11.134504098231531,11.169964052025811,11.028123202548327,11.081313133239746,1313234.0,0.0,0.0
1996-11-18,11.028127923594685,11.045857908081878,10.921746982370719,10.93947696685791,925954.0,0.0,0.0
1996-11-19,10.921743096156437,10.939473074334884,10.74444228007152,10.868553161621094,1847703.0,0.0,0.0
1996-11-20,10.850827044421946,10.974937970133107,10.797636056659558,10.93947696685791,1128961.0,0.0,0.0
1996-11-21,10.921744555672305,10.992665512163985,10.886284594576756,10.974935531616211,1319351.0,0.0,0.0
1996-11-22,10.939476237272014,10.97493723818221,10.850826320748373,10.921746253967285,1667253.0,0.0,0.0
1996-11-25,10.904012463611286,11.04585331482722,10.868552509382399,10.992663383483887,1588879.0,0.0,0.0
1996-11-26,10.93947453622008,11.099045395450634,10.86855461402898,10.974935531616211,1184013.0,0.0,0.0
1996-11-27,10.974929974661135,11.010389917802192,10.779898218785213,10.81535816192627,1265063.0,0.0,0.0
1996-11-29,10.868554452715468,11.169966186155182,10.850824472430846,11.134506225585938,295525.0,0.0,0.0
1996-12-02,11.081316684757295,11.081316684757295,10.921745807240846,10.957205772399902,808967.0,0.0,0.0
1996-12-03,10.921746253967285,10.983802229834575,10.833096337443646,10.921746253967285,1423339.0,0.0,0.0
1996-12-04,10.86855626975852,10.86855626975852,10.6026044524253,10.779905319213867,1339231.0,0.0,0.0
1996-12-05,10.779898218785213,10.904009054078967,10.779898218785213,10.81535816192627,550908.0,0.0,0.0
1996-12-06,10.708986311558762,10.815366220243513,10.620335353353974,10.638065338134766,1206187.0,0.0,0.0
1996-12-09,10.602602005004883,10.673522955929924,10.549412067536478,10.602602005004883,924807.0,0.0,0.0
1996-12-10,10.584872025848748,10.691252935086059,10.567142046692613,10.602602005004883,596786.0,0.0,0.0
1996-12-11,10.511380564192867,10.564827886770013,10.386669105540737,10.475749015808105,869372.0,0.09416,0.0
1996-12-12,10.44011656835712,10.618275334243988,10.20850944519043,10.20850944519043,1390461.0,0.0,0.0
1996-12-13,10.17287973895354,10.404485864685212,10.119431372011187,10.297591209411621,829230.0,0.0,0.0
1996-12-16,10.333224946461893,10.404488065048497,10.119433512090529,10.19069766998291,579582.0,0.0,0.0
1996-12-17,10.08379652141882,10.279771031281113,10.012533441216249,10.261955261230469,1145782.0,0.0,0.0
1996-12-18,10.226328841449233,10.279776178362228,10.119433128317501,10.137249946594238,726771.0,0.0,0.0
1996-12-19,10.10161245265039,10.511378288269043,10.065980911980569,10.511378288269043,1295648.0,0.0,0.0
1996-12-20,10.885519308287456,10.885519308287456,10.74299201824963,10.778623580932617,2700254.0,0.0,0.0
1996-12-23,10.760807889326186,10.796439452306307,10.618280598099817,10.689543724060059,812026.0,0.0,0.0
1996-12-24,10.636094093322754,10.653909870983249,10.600462538001766,10.636094093322754,376193.0,0.0,0.0
1996-12-26,10.582644445712413,10.76080322265625,10.582644445712413,10.76080322265625,518030.0,0.0,0.0
1996-12-27,10.79643936227411,10.8320709249571,10.760807799591124,10.778623580932617,490886.0,0.0,0.0
1996-12-30,10.83207073288859,10.88551911527123,10.77862338981181,10.796439170837402,360518.0,0.0,0.0
1996-12-31,10.778617121731532,10.832064433727142,10.653905687769855,10.671721458435059,813555.0,0.0,0.0
1997-01-02,10.61827295170425,10.61827295170425,10.172875617273135,10.333218574523926,1289149.0,0.0,0.0
1997-01-03,10.475753967022127,10.60046548461736,10.315410884201386,10.547017097473145,1249006.0,0.0,0.0
1997-01-06,10.582647781893906,10.618279340654441,10.315409012578366,10.45793628692627,797498.0,0.0,0.0
1997-01-07,10.440117336082283,10.457933110050535,10.279773291757122,10.404484748840332,1171779.0,0.0,0.0
1997-01-08,10.44011656835712,10.493563886331568,10.19069367253228,10.20850944519043,1292589.0,0.0,0.0
1997-01-09,10.226326515389863,10.475749442862092,10.226326515389863,10.351037979125977,654897.0,0.0,0.0
1997-01-10,10.244141925358342,10.386669158935547,10.208510376790407,10.386669158935547,1005857.0,0.0,0.0
1997-01-13,10.422301078800613,10.422301078800613,10.29759065437,10.351037979125977,1028796.0,0.0,0.0
1997-01-14,10.404485517135617,10.475749657576408,10.368853966567983,10.422301292419434,698098.0,0.0,0.0
1997-01-15,10.386672130099436,10.475752066306537,10.368856350719168,10.45793628692627,1370963.0,0.0,0.0
1997-01-16,10.511378254448429,10.636089685696778,10.457930943615665,10.600458145141602,997064.0,0.0,0.0
1997-01-17,10.618280408108417,10.725176134441995,10.618280408108417,10.707359313964844,944687.0,0.0,0.0
1997-01-20,10.70735950555012,10.70735950555012,10.636096379589878,10.689543724060059,1560206.0,0.0,0.0
1997-01-21,10.707359416260767,10.814255143615604,10.67172785357778,10.778623580932617,1699749.0,0.0,0.0
1997-01-22,10.796436123721852,10.814251899719238,10.742988795729696,10.814251899719238,932071.0,0.0,0.0
1997-01-23,10.814256375338111,10.974599464980193,10.814256375338111,10.921152114868164,1924547.0,0.0,0.0
1997-01-24,10.921157022556836,10.921157022556836,10.725182278107363,10.832077026367188,1645844.0,0.0,0.0
1997-01-27,10.8320709249571,10.885519308287456,10.74299201824963,10.778623580932617,1378609.0,0.0,0.0
1997-01-28,10.849886796776488,10.849886796776488,10.618280598099817,10.689543724060059,1023061.0,0.0,0.0
1997-01-29,10.725176236908137,10.8320709249571,10.725176236908137,10.778623580932617,708420.0,0.0,0.0
1997-01-30,10.885516166687012,10.95677927148619,10.74298891778308,10.885516166687012,813555.0,0.0,0.0
1997-01-31,10.956783681609517,11.063679421139568,10.86770372545014,10.921152114868164,1039118.0,0.0,0.0
1997-02-03,10.93896043800995,10.93896043800995,10.832064771381354,10.903328895568848,607108.0,0.0,0.0
1997-02-04,11.045860753787432,11.045860753787432,10.938965042166952,11.010228157043457,678218.0,0.0,0.0
1997-02-05,11.099311759232462,11.241839075408866,10.849888696097238,10.938968658447266,1023061.0,0.0,0.0
1997-02-06,10.921145391440367,11.20619982849399,10.867697034926966,11.188384056091309,783735.0,0.0,0.0
1997-02-07,11.224016225800508,11.366543452262608,11.206200452405922,11.313095092773438,1613730.0,0.0,0.0
1997-02-10,11.27746955006649,11.295285332946131,11.09931068196411,11.11712646484375,1055940.0,0.0,0.0
1997-02-11,11.117120889472313,11.473439486284928,11.099305115527498,11.455622673034668,1382432.0,0.0,0.0
1997-02-12,11.455621674964474,11.580333121018143,11.38435858539401,11.54470157623291,1057851.0,0.0,0.0
1997-02-13,11.615974206781166,11.722868919372559,11.544710025747454,11.722868919372559,1580086.0,0.0,0.0
1997-02-14,11.615966796875,11.705045667210463,11.598149983502456,11.615966796875,2395935.0,0.0,0.0
1997-02-18,11.669415617604269,11.829758644104004,11.63378406489446,11.829758644104004,1405371.0,0.0,0.0
1997-02-19,11.829763026375824,11.972290329319122,11.776315677511827,11.865394592285156,1145782.0,0.0,0.0
1997-02-20,11.829755010384428,11.865386552149376,11.794123468619478,11.811939239501953,1220715.0,0.0,0.0
1997-02-21,11.811944461811573,11.829760240570778,11.651601413672994,11.687232971191406,696568.0,0.0,0.0
1997-02-24,11.687237348508761,11.77631731497437,11.687237348508761,11.722868919372559,714537.0,0.0,0.0
1997-02-25,11.722862216681651,11.74067799192716,11.615967565208592,11.633783340454102,1731099.0,0.0,0.0
1997-02-26,11.651599550358501,11.651599550358501,11.437808160825927,11.509072303771973,2482337.0,0.0,0.0
1997-02-27,11.509076503482017,11.526892285893192,11.455628116942554,11.473444938659668,1432897.0,0.0,0.0
1997-02-28,11.437803986445543,11.544699642198823,11.366540908813477,11.366540908813477,636928.0,0.0,0.0
1997-03-03,11.330911905473437,11.330911905473437,11.241831999195094,11.313095092773438,1346113.0,0.0,0.0
1997-03-04,11.313101296343717,11.348733901977539,11.241838163688039,11.348733901977539,1534209.0,0.0,0.0
1997-03-05,11.310783743823967,11.561339410309131,11.310783743823967,11.543442726135254,1943281.0,0.09416,0.0
1997-03-06,11.561337442102841,11.59713080435712,11.489749673569017,11.57923412322998,827701.0,0.0,0.0
1997-03-07,11.543443837511296,11.66872168281534,11.43606267810418,11.507649421691895,907986.0,0.0,0.0
1997-03-10,11.47185396741651,11.579235107330767,11.418163919472061,11.561338424682617,1377080.0,0.0,0.0
1997-03-11,11.579232810440502,11.77609732454489,11.507645050022903,11.758200645446777,979860.0,0.0,0.0
1997-03-12,11.74030876159668,11.86558661047749,11.61503091271587,11.74030876159668,1387020.0,0.0,0.0
1997-03-13,11.793997031207148,11.990862639872839,11.615029150259133,11.668720245361328,1521593.0,0.0,0.0
1997-03-14,11.632925674002914,12.151933670043945,11.632925674002914,12.151933670043945,1994892.0,0.0,0.0
1997-03-17,12.026659472268815,12.241420782476421,12.008762783420325,12.22352409362793,2493807.0,0.0,0.0
1997-03-18,12.384588347682318,12.438279427951363,12.205620516177468,12.31300163269043,1820559.0,0.0,0.0
1997-03-19,12.29510596213688,12.456177128101537,12.241414877465186,12.277209281921387,1276150.0,0.0,0.0
1997-03-20,12.313009112492873,12.420390294236844,12.313009112492873,12.38459587097168,1754037.0,0.0,0.0
1997-03-21,12.581456395028605,12.581456395028605,12.474075257237622,12.509868621826172,2205927.0,0.0,0.0
1997-03-24,12.491979598999023,12.563567416095584,12.38459839536717,12.491979598999023,826936.0,0.0,0.0
1997-03-25,12.474076024836661,12.617250536026514,12.42038597464999,12.563560485839844,1374786.0,0.0,0.0
1997-03-26,12.563559969354724,12.849907935937331,12.52776556000971,12.814114570617676,3451875.0,0.0,0.0
1997-03-27,12.832011560119202,12.939392702671247,12.635147002128269,12.688837051391602,2234601.0,0.0,0.0
1997-03-31,12.599351585164172,12.599351585164172,12.259312573793574,12.295105934143066,2180313.0,0.0,0.0
1997-04-01,12.259315236006804,12.456179804705016,12.259315236006804,12.402488708496094,1781181.0,0.0,0.0
1997-04-02,12.330900309968326,12.384590354914053,12.169829131105848,12.259313583374023,1394666.0,0.0,0.0
1997-04-03,12.187730249336509,12.187730249336509,11.9013811506718,12.02665901184082,1653107.0,0.0,0.0
1997-04-04,11.811900121458164,12.1161470413208,11.811900121458164,12.1161470413208,1161075.0,0.0,0.0
1997-04-07,12.187723837429496,12.366691668934346,12.098239399664507,12.31300163269043,1233331.0,0.0,0.0
1997-04-08,12.295105934143066,12.295105934143066,12.098240364170437,12.295105934143066,1328526.0,0.0,0.0
1997-04-09,12.313003868599157,12.34879723259479,12.151932686593492,12.169829368591309,767678.0,0.0,0.0
1997-04-10,12.205626937499844,12.205626937499844,11.955071215161803,12.02665901184082,1385108.0,0.0,0.0
1997-04-11,11.955067468261513,11.990861877395346,11.597131729125977,11.597131729125977,1052499.0,0.0,0.0
1997-04-14,11.740314911357288,11.972974044581509,11.632933692636406,11.919282913208008,1478774.0,0.0,0.0
1997-04-15,12.008763350765784,12.008763350765784,11.811897676080173,11.990866661071777,1945957.0,0.0,0.0
1997-04-16,12.044551849365234,12.116139623157665,12.00875848448169,12.044551849365234,1857261.0,0.0,0.0
1997-04-17,12.080344914576907,12.313003868599157,12.026654868583458,12.169829368591309,3889237.0,0.0,0.0
1997-04-18,12.187726050589124,12.295107186601342,12.116139322597858,12.169829368591309,1555236.0,0.0,0.0
1997-04-21,12.187733947419137,12.205630641012805,12.044559354643802,12.098249435424805,840317.0,0.0,0.0
1997-04-22,12.098241478863214,12.2951070669744,12.062448115215837,12.241415977478027,1366375.0,0.0,0.0
1997-04-23,12.241414877465186,12.366692682998856,12.169828156603211,12.277209281921387,2313356.0,0.0,0.0
1997-04-24,12.277218459413469,12.313011846600805,12.044559354643802,12.098249435424805,1580086.0,0.0,0.0
1997-04-25,12.134040184846505,12.169833561173174,12.008762323677486,12.02665901184082,1481068.0,0.0,0.0
1997-04-28,11.990861504587825,12.223519414584757,11.990861504587825,12.169829368591309,686246.0,0.0,0.0
1997-04-29,12.223527111932379,12.527772985534316,12.16983703212944,12.491979598999023,1641638.0,0.0,0.0
1997-04-30,12.38459839536717,12.58146410936323,12.38459839536717,12.491979598999023,1272327.0,0.0,0.0
1997-05-01,12.456182479858398,12.474079167763145,12.36669799630901,12.456182479858398,1535356.0,0.0,0.0
1997-05-02,12.491972708232217,12.581457169235401,12.438282658045546,12.563560485839844,630046.0,0.0,0.0
1997-05-05,12.670940945677215,12.849908828735352,12.581457526160861,12.849908828735352,1129343.0,0.0,0.0
1997-05-06,12.867807225248336,13.046775117605272,12.796219441890274,12.957290649414062,1732628.0,0.0,0.0
1997-05-07,12.97518743262437,12.993084117593208,12.885704007780188,12.903600692749023,1427927.0,0.0,0.0
1997-05-08,12.867812038758803,13.028883306535121,12.867812038758803,12.921502113342285,1169103.0,0.0,0.0
1997-05-09,12.957290649414062,13.046775117605272,12.903600594914627,12.957290649414062,930160.0,0.0,0.0
1997-05-12,12.993087108581546,13.26153953296241,12.993087108581546,13.225746154785156,633105.0,0.0,0.0
1997-05-13,13.225740403654571,13.42260494204988,13.189947041041838,13.243637084960938,1433662.0,0.0,0.0
1997-05-14,13.315225966767764,13.351019332371218,13.154154777526855,13.154154777526855,1907343.0,0.0,0.0
1997-05-15,13.118359271791094,13.27943044757367,13.100462590484728,13.243637084960938,571935.0,0.0,0.0
1997-05-16,13.243646005215451,13.279439391936812,13.046781334221992,13.13626480102539,847963.0,0.0,0.0
1997-05-19,13.064669285410806,13.279430506058324,13.064669285410806,13.207843780517578,636928.0,0.0,0.0
1997-05-20,13.189952776607903,13.225746154785156,13.046778219873158,13.225746154785156,743592.0,0.0,0.0
1997-05-21,13.189949792411673,13.297329902648926,13.172053107372129,13.297329902648926,813555.0,0.0,0.0
1997-05-22,13.297328980551434,13.35102007597237,13.189948877760408,13.27943229675293,874342.0,0.0,0.0
1997-05-23,13.315230296768073,13.36892036263281,13.315230296768073,13.35102367401123,455331.0,0.0,0.0
1997-05-27,13.315234184265137,13.368924265805155,13.189956283312421,13.315234184265137,677071.0,0.0,0.0
1997-05-28,13.279433217609382,13.315227631713963,13.243639847530298,13.297329902648926,820819.0,0.0,0.0
1997-05-29,13.27943229675293,13.315226708375361,13.243638929155921,13.27943229675293,628517.0,0.0,0.0
1997-05-30,13.207843722348205,13.297327128880037,13.154153678429104,13.243637084960938,524529.0,0.0,0.0
1997-06-02,13.27943901310159,13.297335705951713,13.225748934551216,13.261542320251465,464889.0,0.0,0.0
1997-06-03,13.297327128880037,13.315224854211682,13.225740403654571,13.243637084960938,706508.0,0.0,0.0
1997-06-04,13.27742230094974,13.457089506288906,13.151654942780826,13.403189659118652,1337320.0,0.09416,0.0
1997-06-05,13.457082331705017,13.457082331705017,13.313348434443776,13.331315040588379,1196630.0,0.0,0.0
1997-06-06,13.295388233505474,13.582856166518939,13.295388233505474,13.439122200012207,1327762.0,0.0,0.0
1997-06-09,13.421153106849276,13.618786881261446,13.421153106849276,13.564887046813965,1168339.0,0.0,0.0
1997-06-10,13.654719409375865,13.816419940182799,13.582851924514669,13.798453330993652,1346495.0,0.0,0.0
1997-06-11,13.76251906451075,13.834386549371946,13.76251906451075,13.798453330993652,1232184.0,0.0,0.0
1997-06-12,13.870319366455078,13.96015345790635,13.816419540447063,13.870319366455078,932836.0,0.0,0.0
1997-06-13,13.870322195987416,13.870322195987416,13.690655024537524,13.726588249206543,1752508.0,0.0,0.0
1997-06-16,13.690651498249675,13.852352015716011,13.636750627024549,13.762517929077148,997828.0,0.0,0.0
1997-06-17,13.690650603855053,13.780483636520705,13.690650603855053,13.708617210388184,791381.0,0.0,0.0
1997-06-18,13.690653508473492,13.906253880717433,13.654720287783615,13.852354049682617,1041412.0,0.0,0.0
1997-06-19,14.085918890765434,14.283553670722362,13.996085852698208,14.15778636932373,949275.0,0.0,0.0
1997-06-20,14.175755113321387,14.229654944284798,13.996087962005339,14.04998779296875,1312852.0,0.0,0.0
1997-06-23,14.067952084780705,14.121852954965503,13.92421817779541,13.92421817779541,932071.0,0.0,0.0
1997-06-24,14.139819482013912,14.139819482013912,13.942184705966351,14.12185287475586,1179808.0,0.0,0.0
1997-06-25,14.22965256183462,14.49915376773883,14.22965256183462,14.292536735534668,1340760.0,0.0,0.0
1997-06-26,14.229655754549874,14.481190409578032,14.229655754549874,14.445257186889648,1484126.0,0.0,0.0
1997-06-27,14.481186689572331,14.705771369891671,14.445253476114665,14.562037467956543,1188219.0,0.0,0.0
1997-06-30,14.65186658907735,14.660849890042934,14.19371509552002,14.19371509552002,1310940.0,0.0,0.0
1997-07-01,14.265592189472319,14.66085979521719,14.265592189472319,14.624926567077637,1060527.0,0.0,0.0
1997-07-02,14.750678554624624,14.876445770263672,14.660844529709932,14.876445770263672,1077349.0,0.0,0.0
1997-07-03,14.975270469810926,15.253754950807066,14.975270469810926,15.235788345336914,604814.0,0.0,0.0
1997-07-07,15.110020687583322,15.30765543910652,14.95730349673596,15.056120872497559,1457747.0,0.0,0.0
1997-07-08,14.984258160562945,15.22680950164795,14.975274855197181,15.22680950164795,909515.0,0.0,0.0
1997-07-09,15.26273778637926,15.289688741863962,14.912386894226074,14.912386894226074,900339.0,0.0,0.0
1997-07-10,14.894421186244482,14.966287610253179,14.67881981800955,14.741703987121582,1573587.0,0.0,0.0
1997-07-11,14.70577549764033,15.047143217515229,14.669841225991847,14.939342498779297,1224156.0,0.0,0.0
1997-07-14,14.912388102659017,15.19087259769842,14.912388102659017,14.975271224975586,995152.0,0.0,0.0
1997-07-15,14.975270233168148,14.975270233168148,14.768653225422018,14.777636528015137,1362934.0,0.0,0.0
1997-07-16,14.786628464680316,14.921379130363857,14.777645156841745,14.894429206848145,1315910.0,0.0,0.0
1997-07-17,14.822555818353047,14.867473387839437,14.660855293273926,14.660855293273926,852551.0,0.0,0.0
1997-07-18,14.651871834586487,14.804589053779809,14.3913539171083,14.71475601196289,1557912.0,0.0,0.0
1997-07-21,14.67882418246888,14.750691675950382,14.445257186889648,14.445257186889648,1058998.0,0.0,0.0
1997-07-22,14.624916274916735,15.002218049173795,14.61593297420377,14.966283798217773,753150.0,0.0,0.0
1997-07-23,15.127991103507208,15.127991103507208,14.858490912084177,14.885440826416016,1011209.0,0.0,0.0
1997-07-24,14.921379130363857,14.939345746040996,14.705778694133183,14.894429206848145,1000887.0,0.0,0.0
1997-07-25,14.89442441987892,14.939340944635898,14.660856394933335,14.723740577697754,746651.0,0.0,0.0
1997-07-28,14.705770775117234,14.77763719912593,14.660853212007376,14.741703987121582,666366.0,0.0,0.0
1997-07-29,14.597978246326294,14.732728914727014,14.490177501984716,14.615944862365723,1201600.0,0.0,0.0
1997-07-30,14.669838039550159,14.858489518387161,14.580005000203519,14.588988304138184,1031854.0,0.0,0.0
1997-07-31,14.588989171374946,14.588989171374946,14.220670543845577,14.274571418762207,1465011.0,0.0,0.0
1997-08-01,14.310505393100318,14.418306100527406,13.942186746101365,14.067954063415527,2568357.0,0.0,0.0
1997-08-04,14.06795317096847,14.06795317096847,13.960153518484656,14.014053344726562,1402695.0,0.0,0.0
1997-08-05,14.229653294194174,14.229653294194174,14.076936076069137,14.085919380187988,2289271.0,0.0,0.0
1997-08-06,14.157785215184605,14.60695351321819,14.157785215184605,14.490169525146484,1453159.0,0.0,0.0
1997-08-07,14.454235633437547,14.517118752002611,14.256601926985821,14.301518440246582,1684075.0,0.0,0.0
1997-08-08,14.301521180892564,14.319487789639867,14.014053344726562,14.014053344726562,897281.0,0.0,0.0
1997-08-11,13.978120981924686,14.175754738333918,13.978120981924686,14.094903945922852,643427.0,0.0,0.0
1997-08-12,14.058970758471991,14.184738075786154,13.97812101398016,14.067954063415527,1920724.0,0.0,0.0
1997-08-13,14.211687958025662,14.220671262948597,13.996087591770559,14.094903945922852,1046000.0,0.0,0.0
1997-08-14,14.103895142040571,14.148811688448378,14.014061001119806,14.130845069885254,987124.0,0.0,0.0
1997-08-15,13.96914152461707,14.06795790598703,13.879307402539446,13.897274017333984,1262005.0,0.0,0.0
1997-08-18,14.014058192972373,14.014058192972373,13.69065702742923,13.960158348083496,758120.0,0.0,0.0
1997-08-19,14.103885849012412,14.25660305427898,14.103885849012412,14.22066879272461,1405371.0,0.0,0.0
1997-08-20,14.364410704079692,14.580012201205287,14.301527545479338,14.373394012451172,1268886.0,0.0,0.0
1997-08-21,14.301519654777884,14.445253557523044,14.139819145202637,14.139819145202637,999358.0,0.0,0.0
1997-08-22,14.049987263465031,14.148804664611816,13.942186557496232,14.148804664611816,816614.0,0.0,0.0
1997-08-25,14.22066879272461,14.373385997991177,14.148802365824796,14.22066879272461,677835.0,0.0,0.0
1997-08-26,14.21168668595647,14.310504079368396,13.987103034880617,14.085919380187988,743592.0,0.0,0.0
1997-08-27,13.960156332596148,14.103890279653276,13.83438899790806,14.041006088256836,847581.0,0.0,0.0
1997-08-28,13.933202899912256,13.960153861800585,13.76251906451075,13.798453330993652,1498272.0,0.0,0.0
1997-08-29,13.834382137005482,14.00506591796875,13.726581468148158,14.00506591796875,1070085.0,0.0,0.0
1997-09-02,13.897266146976827,14.076933241277331,13.897266146976827,14.058966636657715,947746.0,0.0,0.0
1997-09-03,14.067951466986386,14.364402571618369,14.05896816370084,14.24761962890625,969538.0,0.0,0.0
1997-09-04,14.301515755211211,14.337448959073546,14.1487985906921,14.19371509552002,1424486.0,0.0,0.0
1997-09-05,14.229655175279238,14.256606139303122,13.942187309265137,13.942187309265137,945834.0,0.0,0.0
1997-09-08,13.906260152741387,14.355428758263635,13.906260152741387,14.184744834899902,1552942.0,0.0,0.0
1997-09-09,14.148797762774626,14.418298872180642,14.112864561014923,14.337448120117188,912573.0,0.0,0.0
1997-09-10,14.293087285037132,14.374247255767465,14.130768395689127,14.1488037109375,835729.0,0.0994,0.0
1997-09-11,14.112731397182634,14.14880202337715,13.598721817573178,13.761040687561035,1490626.0,0.0,0.0
1997-09-12,13.724974187214134,14.229966262080007,13.688902498063614,14.202913284301758,1239448.0,0.0,0.0
1997-09-15,14.184873907481252,14.518529308846334,14.148802228650865,14.437369346618652,1987628.0,0.0,0.0
1997-09-16,14.68986494582227,14.843166152176362,14.590669676259333,14.807095527648926,2035417.0,0.0,0.0
1997-09-17,14.84316750085722,14.951380436384468,14.807096873052332,14.87923812866211,1307117.0,0.0,0.0
1997-09-18,14.942362609538039,15.402266265158993,14.915309638991967,15.059593200683594,1304441.0,0.0,0.0
1997-09-19,14.915312469372472,15.212897306075128,14.87924078302005,15.149772644042969,852933.0,0.0,0.0
1997-09-22,15.113704182020156,15.267005451684662,15.059598222884302,15.221917152404785,820437.0,0.0,0.0
1997-09-23,15.158795639351789,15.23995564707666,15.014511999484458,15.167813301086426,694275.0,0.0,0.0
1997-09-24,15.16780613489103,15.348161388599243,14.915310673502292,14.969416618347168,855992.0,0.0,0.0
1997-09-25,15.005489902620992,15.402270058009284,14.942366289135796,15.176826477050781,1200453.0,0.0,0.0
1997-09-26,15.149777740415841,15.429327354038934,15.113707094042054,15.285043716430664,907221.0,0.0,0.0
1997-09-29,15.248967735946046,15.420304298400879,15.212897102189817,15.420304298400879,1079260.0,0.0,0.0
1997-09-30,15.438337717990759,15.636727231381764,15.438337717990759,15.573603630065918,1455071.0,0.0,0.0
1997-10-01,15.53752902380858,15.726900831397774,15.501458403717754,15.627705574035645,1068938.0,0.0,0.0
1997-10-02,15.60065994057304,15.699855244552483,15.528518666488248,15.618695259094238,1115962.0,0.0,0.0
1997-10-03,15.654768290085181,15.808069562768312,15.519502337469131,15.600661277770996,1391990.0,0.0,0.0
1997-10-06,15.618687167979756,15.96136119870201,15.609669513390669,15.907254219055176,1692868.0,0.0,0.0
1997-10-07,15.979398801188225,16.340107140743957,15.961363489421684,16.286001205444336,966670.0,0.0,2.0
1997-10-08,16.177800684769316,16.28601369043801,15.817092068691355,15.943339347839355,1072570.0,0.0,0.0
1997-10-09,15.690839243982833,16.123690090587147,15.690839243982833,15.889228820800781,768443.0,0.0,0.0
1997-10-10,15.99743519177795,16.051541130726328,15.835116322820284,16.015470504760742,947555.0,0.0,0.0
1997-10-13,16.087611620131856,16.105647985074075,15.74493857214252,15.79904556274414,487254.0,0.0,0.0
1997-10-14,16.03351702791548,16.03351702791548,15.799056743098783,15.943339347839355,763473.0,0.0,0.0
1997-10-15,15.943331809545507,16.051544764049172,15.871190541284909,15.979403495788574,569833.0,0.0,0.0
1997-10-16,16.051543128605893,16.24993370033466,15.799047663307036,15.835118293762207,591433.0,0.0,0.0
1997-10-17,15.762977127122861,15.925296028088653,15.221914474607804,15.564587593078613,1016371.0,0.0,0.0
1997-10-20,15.58262234000923,15.907260130073974,15.58262234000923,15.853154182434082,806865.0,0.0,0.0
1997-10-21,15.871189498314045,15.889224814194009,15.762976550921566,15.853154182434082,470050.0,0.0,0.0
1997-10-22,15.925292752552037,15.943328065381738,15.74493857214252,15.79904556274414,765958.0,0.0,0.0
1997-10-23,15.690838357665893,15.8531572844596,15.3481651846695,15.582625389099121,536189.0,0.0,0.0
1997-10-24,15.72690899648385,15.72690899648385,15.31209349373864,15.582625389099121,677644.0,0.0,0.0
1997-10-27,15.510481161687697,15.690835373590708,14.572637365989166,14.752992630004883,1072379.0,0.0,0.0
1997-10-28,14.284063117999253,15.67279228039043,14.139779609651292,15.366189956665039,1388167.0,0.0,0.0
1997-10-29,15.384237927263923,15.690840503369902,14.789068096927254,15.185847282409668,922513.0,0.0,0.0
1997-10-30,15.18583579715614,15.474402833139669,15.095659255981444,15.095659255981445,605005.0,0.0,0.0
1997-10-31,15.167813301086426,15.402274610413265,15.167813301086426,15.167813301086426,825598.0,0.0,0.0
1997-11-03,15.38423414929047,15.492446053968125,15.239950557607477,15.312091827392578,659675.0,0.0,0.0
1997-11-04,15.203877475599423,15.708869439153347,15.203877475599423,15.510479927062988,730403.0,0.0,0.0
1997-11-05,15.546553058419741,15.546553058419741,15.131737600817033,15.312091827392578,1208481.0,0.0,0.0
1997-11-06,15.38423062944555,15.58262012807672,15.312088324053503,15.474407196044922,440994.0,0.0,0.0
1997-11-07,15.257988544144887,15.438342802269936,15.077634286019839,15.276023864746094,591051.0,0.0,0.0
1997-11-10,15.203878215114951,15.47440899853763,15.203878215114951,15.257984161376953,445964.0,0.0,0.0
1997-11-11,15.294052124023438,15.51047797553921,15.185839198265551,15.294052124023438,354592.0,0.0,0.0
1997-11-12,15.221918347167872,15.781016458460538,15.149776010544718,15.384237289428711,1145209.0,0.0,0.0
1997-11-13,15.4563664918124,15.708862894449375,15.257977062376023,15.366189956665039,504840.0,0.0,0.0
1997-11-14,15.366195316125676,15.654762433468767,15.22191175745413,15.474407196044922,744931.0,0.0,0.0
1997-11-17,15.582621776350686,16.141720756856483,15.582621776350686,15.835118293762207,1178852.0,0.0,0.0
1997-11-18,15.907257439722338,16.01547036881306,15.654762007994021,15.79904556274414,1394857.0,0.0,0.0
1997-11-19,15.726903957491404,16.123684013696973,15.528514455444903,16.033506393432617,648971.0,0.0,0.0
1997-11-20,16.17779618130518,16.44832809411146,16.033512564616025,16.141725540161133,767678.0,0.0,0.0
1997-11-21,16.286010093111457,16.59261266468796,16.12369114651878,16.231903076171875,916014.0,0.0,0.0
1997-11-24,16.0876183246397,16.430292567550893,16.015477043256052,16.195831298828125,545747.0,0.0,0.0
1997-11-25,16.340109630494023,16.6286767669527,16.087613123064525,16.304039001464844,746460.0,0.0,0.0
1997-11-26,16.412260832591596,16.772969422535354,16.37618913190667,16.592615127563477,788514.0,0.0,0.0
1997-11-28,16.610641208063274,16.89920834027657,16.520463584704395,16.754924774169922,146042.0,0.0,0.0
1997-12-01,16.863144079487157,17.00742770007689,16.700825137837832,16.989391326904297,1155340.0,0.0,0.0
1997-12-02,16.98939014888662,17.674737562195187,16.917248869650418,17.602596282958984,1543385.0,0.0,0.0
1997-12-03,17.620623714455405,17.620623714455405,17.277949635151273,17.3500919342041,1121506.0,0.0,0.0
1997-12-04,17.133669950182824,17.277953528689924,17.097599318584223,17.259918212890625,1286664.0,0.0,0.0
1997-12-05,17.205802358401687,17.80097059341917,17.115624779216688,17.54847526550293,1168530.0,0.0,0.0
1997-12-08,17.440274440669526,17.458310810668156,17.151708302383675,17.295991897583008,834200.0,0.0,0.0
1997-12-09,17.44027532570573,17.44027532570573,17.133672801862186,17.16974449157715,1522931.0,0.0,0.0
1997-12-10,17.116188020685954,17.18856039994849,17.00762839630885,17.080001831054688,1030516.0,0.0994,0.0
1997-12-11,17.152382764712456,17.351409017911248,16.971450670836685,17.206663131713867,1380329.0,0.0,0.0
1997-12-12,16.7905102730302,17.206654621974405,16.736229932873723,17.170467376708984,1524651.0,0.0,0.0
1997-12-15,17.098097800855744,17.260936737060547,16.989538158224715,17.260936737060547,1145209.0,0.0,0.0
1997-12-16,17.260933944628505,17.658985199557524,17.242840849697636,17.478052139282227,856756.0,0.0,0.0
1997-12-17,17.622802687673953,17.65898994273885,17.514244088930052,17.532337188720703,677835.0,0.0,0.0
1997-12-18,17.459957024967537,17.49614321064405,16.808601460857545,16.899066925048828,748180.0,0.0,0.0
1997-12-19,16.681945888200723,17.260928981441626,16.519107025162096,16.953344345092773,1413208.0,0.0,0.0
1997-12-22,16.953351010324848,17.496147082026923,16.899070664316245,17.387588500976562,1233522.0,0.0,0.0
1997-12-23,17.315217068853276,17.351404322222393,16.862886428833008,16.862886428833008,624312.0,0.0,0.0
1997-12-24,16.790512084960938,16.899070666022258,16.57339281187145,16.790512084960938,329742.0,0.0,0.0
1997-12-26,16.71813581839699,16.899067811756392,16.64576344324653,16.700042724609375,198419.0,0.0,0.0
1997-12-29,16.772419053205002,17.20665654558567,16.718138706980277,17.188562393188477,616857.0,0.0,0.0
1997-12-30,17.351394870620485,17.731351852416992,17.315207636963173,17.731351852416992,773413.0,0.0,0.0
1997-12-31,17.803727981070306,17.894195556640625,17.496143290450558,17.894195556640625,600991.0,0.0,0.0
1998-01-02,17.82182200881445,17.82182200881445,17.387585644971825,17.514238357543945,551291.0,0.0,0.0
1998-01-05,17.58661185749517,17.930383829452317,17.53233257241509,17.858009338378906,911044.0,0.0,0.0
1998-01-06,17.622794071249125,17.695167490509323,17.387582833490402,17.441862106323242,996490.0,0.0,0.0
1998-01-07,17.514241259057954,17.55042745279245,17.224749598215116,17.42377471923828,1083848.0,0.0,0.0
1998-01-08,17.26093583632697,17.55042749791408,17.188562393188477,17.188562393188477,759841.0,0.0,0.0
1998-01-09,17.224745669414578,17.224745669414578,16.501016682383177,16.573389053344727,1412061.0,0.0,0.0
1998-01-12,16.21152602589402,16.82669543660593,16.157246744531175,16.700042724609375,1733010.0,0.0,0.0
1998-01-13,16.826699222720894,16.953351963215123,16.46483515458036,16.935258865356445,1067982.0,0.0,0.0
1998-01-14,17.007632215260216,17.18856425952695,16.82670017099348,17.116191864013672,818525.0,0.0,0.0
1998-01-15,16.935255054814867,16.9714412423901,16.68194963082176,16.700042724609375,1241551.0,0.0,0.0
1998-01-16,16.935258865356445,17.188563290861424,16.86288541843825,16.935258865356445,772457.0,0.0,0.0
1998-01-20,17.00763225526359,17.26093775112294,16.718140561562493,16.82670021057129,4189733.0,0.0,0.0
1998-01-21,16.75432683128618,17.043817452508517,16.71813958008534,16.935258865356445,1809663.0,0.0,0.0
1998-01-22,16.790512084960938,16.971444108879897,16.591485908715004,16.790512084960938,1162604.0,0.0,0.0
1998-01-23,16.862885464742877,16.8990716605596,16.537207591425407,16.68195343017578,606152.0,0.0,0.0
1998-01-26,16.971444108879897,16.989537205723447,16.736231738946856,16.790512084960938,1054984.0,0.0,0.0
1998-01-27,17.043817452508517,17.080004703709353,16.790513027003534,16.935258865356445,588566.0,0.0,0.0
1998-01-28,17.224747754766767,17.586611764350742,17.04381469449147,17.478052139282227,908750.0,0.0,0.0
1998-01-29,17.568514798416285,17.640887162193405,17.387582833490402,17.441862106323242,857712.0,0.0,0.0
1998-01-30,17.369492551101988,17.731356539465256,17.29711912013938,17.514238357543945,980625.0,0.0,0.0
1998-02-02,17.69517323893203,18.07513038316028,17.658987045288086,17.658987045288086,1011783.0,0.0,0.0
1998-02-03,17.405684462434905,17.58661651611328,17.36949826279595,17.58661651611328,1254932.0,0.0,0.0
1998-02-04,17.47805591280477,17.550429363637022,17.3694973197817,17.405683517456055,872049.0,0.0,0.0
1998-02-05,17.550419808521497,17.658979397924142,17.369487863172402,17.45995330810547,924043.0,0.0,0.0
1998-02-06,17.45995342156435,17.948471049309266,17.45995342156435,17.930377960205078,847581.0,0.0,0.0
1998-02-09,17.930385683114697,17.930385683114697,17.677080215587353,17.767545700073242,517074.0,0.0,0.0
1998-02-10,17.803726226581528,18.093217795752214,17.803726226581528,18.038938522338867,751812.0,0.0,0.0
1998-02-11,18.111314616621485,18.201782201906905,17.83991608269846,17.912290573120117,694083.0,0.0,0.0
1998-02-12,17.966567999347443,18.201780319213867,17.912288720370515,18.201780319213867,933792.0,0.0,0.0
1998-02-13,18.00275601870256,18.09322149287696,17.767543674882504,17.8761043548584,537336.0,0.0,0.0
1998-02-17,17.78563695827213,18.219875460846065,17.78563695827213,17.858009338378906,646486.0,0.0,0.0
1998-02-18,18.038946223614186,18.328437916376078,17.894201432716777,18.165597915649414,648971.0,0.0,0.0
1998-02-19,18.02084925621074,18.14750092105762,17.858009290440982,18.057035446166992,925763.0,0.0,0.0
1998-02-20,18.147499167081,18.527458346831406,18.075126794163374,18.473176956176758,1087480.0,0.0,0.0
1998-02-23,18.400804342129277,18.67220284798032,18.12940583627823,18.201780319213867,866123.0,0.0,0.0
1998-02-24,18.31032946269718,18.581727829005573,18.201770960559948,18.32842254638672,1303676.0,0.0,0.0
1998-02-25,18.400806376125743,18.69029800696905,18.05703546030556,18.07512855529785,1016944.0,0.0,0.0
1998-02-26,18.20178229231194,18.672204872072843,18.12940780153081,18.54555320739746,959598.0,0.0,0.0
1998-02-27,18.744585017185976,18.744585017185976,18.59984019759369,18.690305709838867,495856.0,0.0,0.0
1998-03-02,18.527465904639502,18.654117608909694,18.219881083301754,18.274160385131836,598697.0,0.0,0.0
1998-03-03,18.27414514994784,18.509357372748674,18.16558452582756,18.292238235473633,985977.0,0.0,0.0
1998-03-04,18.27483053501967,18.565195335613176,18.220385414574704,18.474454879760742,1287619.0,0.0994,0.0
1998-03-05,18.256679403094637,18.347417724395626,18.038905314638892,18.111495971679688,743019.0,0.0,0.0
1998-03-06,18.329271375322424,18.65593147277832,18.256680713073006,18.65593147277832,758885.0,0.0,0.0
1998-03-09,18.692230667436203,19.086946180335573,18.619639990182876,18.891857147216797,1357009.0,0.0,0.0
1998-03-10,18.87371060410831,19.34555215174392,18.782970134793167,19.20037078857422,666939.0,0.0,0.0
1998-03-11,19.200369592245234,19.272960269307134,18.92815243592916,18.982595443725586,890591.0,0.0,0.0
1998-03-12,18.91000167422327,18.946297006818675,18.42001044951809,18.67407989501953,952525.0,0.0,0.0
1998-03-13,18.601496342772766,19.091485637509187,18.583348669535653,19.03704261779785,594109.0,0.0,0.0
1998-03-16,19.90812750789446,19.90812750789446,19.527024439748207,19.5996150970459,1346113.0,0.0,0.0
1998-03-17,19.708514090828473,19.708514090828473,19.309263094847747,19.635923385620117,596021.0,0.0,0.0
1998-03-18,19.708497016669465,19.926271060964044,19.635906374348917,19.871828079223633,1211157.0,0.0,0.0
1998-03-19,19.871841498329985,19.90813684399987,19.76295546132033,19.781103134155273,561231.0,0.0,0.0
1998-03-20,19.85369618683766,19.85369618683766,19.45444521964878,19.508888244628906,1280355.0,0.0,0.0
1998-03-23,19.43628699610217,20.035164245767323,19.381843994738734,19.672208786010742,820054.0,0.0,0.0
1998-03-24,19.835538796109464,20.234789567739522,19.81739113000508,20.01701545715332,1104302.0,0.0,0.0
1998-03-25,20.089618559755106,20.089618559755106,19.762958284723975,20.035173416137695,1284561.0,0.0,0.0
1998-03-26,19.744800932554043,20.50700716163164,19.726651148686837,20.216642379760742,1862613.0,0.0,0.0
1998-03-27,20.289227292835864,20.543296669597623,20.071455356182668,20.307374954223633,922131.0,0.0,0.0
1998-03-30,20.252941514335195,20.68848982756143,20.216646174455345,20.543306350708008,626988.0,0.0,0.0
1998-03-31,20.47071939304888,21.087744517865314,20.47071939304888,20.869970321655273,1014268.0,0.0,0.0
1998-04-01,21.05144190950035,21.196623245335818,20.94255379029007,21.160327911376953,1199115.0,0.0,0.0
1998-04-02,20.906263780690836,21.450698163396506,20.906263780690836,21.341812133789062,1174838.0,0.0,0.0
1998-04-03,21.359962390898104,21.668474962797198,20.942561658877022,21.450700759887695,1208672.0,0.0,0.0
1998-04-06,21.46883940109634,21.759204177032284,21.178474625160398,21.559579849243164,1483744.0,0.0,0.0
1998-04-07,21.30552122666671,21.813658254636263,21.23292840781278,21.68662452697754,1052690.0,0.0,0.0
1998-04-08,21.75921250186435,21.75921250186435,21.414404595520807,21.523290634155273,2357322.0,0.0,0.0
1998-04-09,21.45069925999336,21.72291646526241,21.4144039149354,21.650325775146484,592389.0,0.0,0.0
1998-04-13,21.65031926633355,21.65031926633355,21.087737352397482,21.305511474609375,1162986.0,0.0,0.0
1998-04-14,21.378101070283105,21.559579849243164,21.214769957485693,21.559579849243164,1231611.0,0.0,0.0
1998-04-15,21.523292205420645,21.632180369338673,21.32366778668427,21.468849182128906,1440352.0,0.0,0.0
1998-04-16,21.196635126942844,21.323670984341508,21.08774906403102,21.12404441833496,962656.0,0.0,0.0
1998-04-17,21.142192095486934,21.232930481246786,20.942565529480383,21.12404441833496,1837954.0,0.0,0.0
1998-04-20,21.124024202370123,21.26920759797837,20.797364208917624,21.051433563232422,1186116.0,0.0,0.0
1998-04-21,20.978856977209,21.414403221127568,20.9244118440517,21.069595336914062,1039118.0,0.0,0.0
1998-04-22,21.142183727161434,21.23292207700598,20.7429328705114,20.77922821044922,862300.0,0.0,0.0
1998-04-23,20.70662773942055,20.86995669191045,20.234784308672566,20.307374954223633,838788.0,0.0,0.0
1998-04-24,20.28923256605268,20.39812068001257,20.01701545715332,20.01701545715332,745886.0,0.0,0.0
1998-04-27,19.508880958933688,19.65406230466195,19.10962802351332,19.236663818359375,1323556.0,0.0,0.0
1998-04-28,19.454438764982093,19.52702944087119,19.164073944091797,19.164073944091797,1533253.0,0.0,0.0
1998-04-29,19.30925379800946,19.527027926117455,19.20036779262234,19.454437255859375,1336555.0,0.0,0.0
1998-04-30,19.527029087512535,19.871836909080052,19.472586081580904,19.762950897216797,1102773.0,0.0,0.0
1998-05-01,19.87183600375676,19.87183600375676,19.59961886916644,19.690357208251953,1169294.0,0.0,0.0
1998-05-04,19.762956546613825,19.99887630642374,19.726659081616283,19.853694915771484,968964.0,0.0,0.0
1998-05-05,19.889978955144677,19.889978955144677,19.200363506952904,19.345544815063477,891164.0,0.0,0.0
1998-05-06,19.381846277007927,19.545177417664647,19.055186113028444,19.309255599975586,1439587.0,0.0,0.0
1998-05-07,19.454437852210866,19.454437852210866,19.00074191452288,19.091480255126953,1012547.0,0.0,0.0
1998-05-08,19.164073944091797,19.32740296484226,19.018890474979692,19.164073944091797,2356940.0,0.0,0.0
1998-05-11,19.291108242909313,19.52703006441634,19.09148176050583,19.127777099609375,1323939.0,0.0,0.0
1998-05-12,19.236659637101543,19.236659637101543,19.091476205596358,19.18221664428711,877019.0,0.0,0.0
1998-05-13,19.200368492750304,19.708505320419473,19.200368492750304,19.563323974609375,1241742.0,0.0,0.0
1998-05-14,19.56333085637274,19.781105069027817,19.399999667547785,19.545183181762695,712434.0,0.0,0.0
1998-05-15,19.617770472137078,19.962578347161255,19.527032114850243,19.74480628967285,1275003.0,0.0,0.0
1998-05-18,19.74480628967285,19.835544646959686,19.581475129222344,19.74480628967285,1241742.0,0.0,0.0
1998-05-19,19.81738968443393,19.889980343556378,19.708501578416836,19.79924201965332,943732.0,0.0,0.0
1998-05-20,19.871831759550947,19.980717743197804,19.599614683100476,19.726648330688477,1379947.0,0.0,0.0
1998-05-21,19.799241103786375,19.81738876772752,19.672205338865048,19.726648330688477,865932.0,0.0,0.0
1998-05-22,19.744798528974652,19.817389186272344,19.56331976839705,19.5996150970459,1056513.0,0.0,0.0
1998-05-26,19.81739028584208,19.81739028584208,19.236660760571972,19.25480842590332,970302.0,0.0,0.0
1998-05-27,19.164074556046902,19.236665234253994,18.928152734539875,19.127777099609375,1421428.0,0.0,0.0
1998-05-28,19.309251421897365,19.399989748554106,18.910000667274225,19.25480842590332,1073335.0,0.0,0.0
1998-05-29,19.4181416155241,19.454439071374217,19.145926576652815,19.309255599975586,791190.0,0.0,0.0
1998-06-01,19.145920790616703,19.418135747222653,19.018885026867288,19.073328018188477,1256079.0,0.0,0.0
1998-06-02,19.36370509493846,19.45444558896253,19.254819042911166,19.327409744262695,1056704.0,0.0,0.0
1998-06-03,19.455530684489972,19.528331291653977,19.109735763193243,19.255334854125977,676115.0,0.0994,0.0
1998-06-04,19.255336619610738,19.309935487443347,18.891342043997867,19.000539779663086,878166.0,0.0,0.0
1998-06-05,18.98234320626302,19.491934844620626,18.964143580728674,19.437335968017578,1262196.0,0.0,0.0
1998-06-08,19.400944795662976,19.81954060405141,19.400944795662976,19.60114288330078,1208863.0,0.0,0.0
1998-06-09,19.54652756329879,19.564727181122464,19.164331342211735,19.400928497314453,1537268.0,0.0,0.0
1998-06-10,19.255344517569938,19.601139612406616,19.200745627342517,19.382741928100586,1085186.0,0.0,0.0
1998-06-11,19.382728879490777,19.60112641676982,19.29173079037239,19.400928497314453,898810.0,0.0,0.0
1998-06-12,19.47372420961331,19.510125563498313,18.60013843105475,19.23712921142578,1210584.0,0.0,0.0
1998-06-15,19.164336263732594,19.783127675436937,18.964140416260605,19.109737396240234,1072570.0,0.0,0.0
1998-06-16,19.18253424696197,19.30993371695252,18.745741220954333,19.255334854125977,1217274.0,0.0,0.0
1998-06-17,19.51013299845324,19.710328842441356,19.16433593022838,19.218936920166016,1533827.0,0.0,0.0
1998-06-18,19.291733688375956,19.491929514509817,18.818539307087274,19.346332550048828,2683623.0,0.0,0.0
1998-06-19,19.255328826670976,19.455524594368114,19.146129011805197,19.23712921142578,1527328.0,0.0,0.0
1998-06-22,19.309935942407918,19.819529634309845,19.291736319368244,19.637531280517578,968199.0,0.0,0.0
1998-06-23,19.80133157074391,20.147126559126672,19.764930198402208,20.110727310180664,1557912.0,0.0,0.0
1998-06-24,20.037925680353716,20.547519386740586,19.94692756256877,20.529319763183594,1477054.0,0.0,0.0
1998-06-25,20.529311829658536,20.693108378372482,20.401914513992136,20.511112213134766,843375.0,0.0,0.0
1998-06-26,20.51112439127601,20.638521782582508,20.365525249243984,20.438325881958008,730976.0,0.0,0.0
1998-06-29,20.456530585471516,20.784126082089696,20.365530302846736,20.383729934692383,940291.0,0.0,0.0
1998-06-30,20.40191375148331,20.74770857590587,20.347312780557907,20.69310760498047,1194718.0,0.0,0.0
1998-07-01,20.91151638815795,21.439309778849978,20.820518259899266,21.421110153198242,1304250.0,0.0,0.0
1998-07-02,21.421090397017004,21.512088441350276,21.129894531756662,21.257291793823242,805144.0,0.0,0.0
1998-07-06,21.402903305924642,21.439302544946532,21.184505748398184,21.33010482788086,745886.0,0.0,0.0
1998-07-07,21.366506116316593,21.439304601342993,21.038910810302465,21.093509674072266,1151899.0,0.0,0.0
1998-07-08,21.093503945035877,21.111703561349426,20.85690680956499,20.96610450744629,1100479.0,0.0,0.0
1998-07-09,20.67491298063026,20.94790940758739,20.67491298063026,20.893310546875,1458703.0,0.0,0.0
1998-07-10,20.89330604219209,21.202701642917173,20.78410834431079,20.96610450744629,829994.0,0.0,0.0
1998-07-13,20.929711666052796,21.038911520674816,20.838713556697268,21.02071189880371,398367.0,0.0,0.0
1998-07-14,20.94790940758739,21.111708113119743,20.820512065925154,20.893310546875,787176.0,0.0,0.0
1998-07-15,20.674913622851296,20.802313091866115,20.383717566611338,20.456518173217773,1627684.0,0.0,0.0
1998-07-16,20.165321973588327,20.347318180322144,19.9469244021125,20.074321746826172,1956279.0,0.0,0.0
1998-07-17,20.056125296104934,20.165325160799952,19.746729572360948,19.80133056640625,1331585.0,0.0,0.0
1998-07-20,19.728523741535557,19.81952395404886,19.091532870917028,19.400928497314453,2003685.0,0.0,0.0
1998-07-21,19.40093350454547,19.491931617149767,19.14613666585798,19.473731994628906,1444940.0,0.0,0.0
1998-07-22,19.364537801424685,19.43733630482352,19.036942412734078,19.091541290283203,1476671.0,0.0,0.0
1998-07-23,19.109741101419882,19.182539605524568,18.563748073842994,18.618349075317383,1353185.0,0.0,0.0
1998-07-24,19.12793875958796,19.2189390037527,18.854942273885047,18.982341766357422,1677002.0,0.0,0.0
1998-07-27,18.982342842413892,19.0005424675994,18.600148590122547,18.800344467163086,1368478.0,0.0,0.0
1998-07-28,18.72753624038941,18.836733934791273,18.454539880990076,18.672937393188477,1879626.0,0.0,0.0
1998-07-29,18.727540250365745,18.945937809327845,18.709340630735166,18.927738189697266,1144827.0,0.0,0.0
1998-07-30,19.000535769323378,19.036935006862528,18.69114012684557,18.745738983154297,1259520.0,0.0,0.0
1998-07-31,18.672947953395898,19.073341849367537,18.509149195764483,18.618349075317383,1801061.0,0.0,0.0
1998-08-03,18.691138614369443,19.109731935592375,18.527339935302734,18.527339935302734,1359685.0,0.0,0.0
1998-08-04,18.454542549226232,18.472742167591253,17.76295280456543,17.76295280456543,2662405.0,0.0,0.0
1998-08-05,17.835758226282387,17.90855672810251,17.544562095606096,17.65376091003418,1730334.0,0.0,0.0
1998-08-06,17.671951896559516,18.41814148393067,17.508154285838767,18.12694549560547,2114746.0,0.0,0.0
1998-08-07,18.345350435316437,18.854942028383817,18.254350192336567,18.472747802734375,2241482.0,0.0,0.0
1998-08-10,18.490933440438315,18.70933088564418,18.399935389683378,18.43633460998535,1591173.0,0.0,0.0
1998-08-11,18.272544446334,18.272544446334,17.81755185872999,18.017749786376953,1407091.0,0.0,0.0
1998-08-12,18.054149316159425,18.72753946089397,18.054149316159425,18.63654136657715,949849.0,0.0,0.0
1998-08-13,18.763940105514,19.055136152556322,18.709341244830163,18.83673858642578,1028031.0,0.0,0.0
1998-08-14,19.073324568324097,19.09152417786084,18.345335940066533,18.399934768676758,1174073.0,0.0,0.0
1998-08-17,18.290741406151465,18.854931557657153,18.054144303226497,18.782133102416992,1089201.0,0.0,0.0
1998-08-18,18.636538161721187,18.854933550524915,18.509138728191008,18.672937393188477,1439587.0,0.0,0.0
1998-08-19,18.63653915098666,18.709337617785526,18.399942010495558,18.49094009399414,1036633.0,0.0,0.0
1998-08-20,18.490941371255225,18.490941371255225,17.98134994506836,17.98134994506836,1867583.0,0.0,0.0
1998-08-21,17.908549657681966,18.090547963773872,17.690153176748154,17.872150421142578,1590600.0,0.0,0.0
1998-08-24,18.01775146308686,18.54554257407991,17.90855161811969,18.36354637145996,1414928.0,0.0,0.0
1998-08-25,18.63654537794179,18.81854160574864,18.27254867553711,18.27254867553711,1234669.0,0.0,0.0
1998-08-26,18.199743126480524,18.74573584495387,18.199743126480524,18.5455379486084,1559250.0,0.0,0.0
1998-08-27,18.43634184881837,18.818535935447553,18.43634184881837,18.527339935302734,1436147.0,0.0,0.0
1998-08-28,18.545540537005127,18.67293998824051,17.926749269276023,17.999549865722656,1226450.0,0.0,0.0
1998-08-31,17.90855403592598,18.05415314107425,17.180564880371094,17.180564880371094,1668209.0,0.0,0.0
1998-09-01,17.326163394594076,17.599158804495897,16.87116962916068,17.1441650390625,2143611.0,0.0,0.0
1998-09-02,17.12596970920628,17.28976742088939,16.816573913616182,16.871173858642578,2992339.0,0.0,0.0
1998-09-03,16.57997294636856,16.962167143695943,16.361575352154855,16.92576789855957,1566323.0,0.0,0.0
1998-09-04,16.92576981469707,17.071367873423203,16.561775198730665,16.743772506713867,1033574.0,0.0,0.0
1998-09-08,17.180559138816268,17.99954825766493,16.907562765866714,17.890348434448242,1116727.0,0.0,0.0
1998-09-09,17.875749309847937,17.894008373811513,17.43752857922617,17.47404670715332,687775.0,0.10463,0.0
1998-09-10,16.360233942931945,17.218416213989258,16.305456759097925,17.218416213989258,3563509.0,0.0,0.0
1998-09-11,16.79845500760815,17.108861187028342,16.707158633887133,16.962787628173828,1616597.0,0.0,0.0
1998-09-14,16.889742417863435,17.437518273697858,16.889742417863435,17.27318572998047,1538414.0,0.0,0.0
1998-09-15,16.981055037089806,17.47405314112491,16.798463265058178,17.072351455688477,1261431.0,0.0,0.0
1998-09-16,17.145375408731123,17.27318987678813,16.798451184837067,17.054079055786133,1863569.0,0.0,0.0
1998-09-17,16.652379255888548,16.688897374501998,16.36023217665085,16.46978759765625,1696691.0,0.0,0.0
1998-09-18,16.469792111891568,16.76193927120441,16.469792111891568,16.634124755859375,1312087.0,0.0,0.0
1998-09-21,16.214154888063206,16.725411625936015,16.14111760255863,16.45152473449707,1454497.0,0.0,0.0
1998-09-22,16.524572353218687,16.87149676946504,16.451536082499683,16.542831420898438,1310940.0,0.0,0.0
1998-09-23,16.579344809476808,17.218417321124917,16.579344809476808,17.163639068603516,1674134.0,0.0,0.0
1998-09-24,17.017561373002888,17.16363490232688,16.506304552951395,16.65237808227539,1611818.0,0.0,0.0
1998-09-25,16.54282501457865,16.926268482858994,16.28719603572509,16.305456161499023,1816354.0,0.0,0.0
1998-09-28,16.50630220731255,16.50630220731255,16.141117903314832,16.23241424560547,3822142.0,0.0,0.0
1998-09-29,16.15938448758597,16.542826935219285,16.15938448758597,16.32371711730957,1305397.0,0.0,0.0
1998-09-30,16.0680921610375,16.10461029570453,15.045576934202073,15.648130416870117,2108247.0,0.0,0.0
1998-10-01,15.191637845209511,15.75767272028046,15.15511974105387,15.374229431152344,4287604.0,0.0,0.0
1998-10-02,15.28294155745397,15.629865844940428,15.209904248677,15.50205135345459,1291251.0,0.0,0.0
1998-10-05,15.502052585323781,15.611608024612476,15.009054706272499,15.282942771911621,2394406.0,0.0,0.0
1998-10-06,15.48379472623091,15.556832046487585,14.99079680886827,15.136870384216309,1098949.0,0.0,0.0
1998-10-07,15.155125435027582,15.483790626241309,14.570831288352057,14.589090347290039,2481190.0,0.0,0.0
1998-10-08,14.315207498449022,14.388244825721069,13.91350592653171,14.296948432922363,2474309.0,0.0,0.0
1998-10-09,14.461276803325404,14.844720261277091,14.351722442623577,14.60735034942627,1935634.0,0.0,0.0
1998-10-12,14.789943907967913,14.899498274795931,14.534314921705555,14.64387035369873,2009611.0,0.0,0.0
1998-10-13,14.899497032165527,14.972534335791327,14.643869132387907,14.899497032165527,4601671.0,0.0,0.0
1998-10-14,14.972538864677773,15.191648711501273,14.972538864677773,15.063834190368652,4002783.0,0.0,0.0
1998-10-15,15.19164589586046,15.775940132649739,15.173386834106445,15.66638469696045,4023810.0,0.0,0.0
1998-10-16,15.848974965728747,16.50630534671424,15.812455782767865,16.031566619873047,2440666.0,0.0,0.0
1998-10-19,16.068088108777197,16.615864251299357,16.068088108777197,16.32371711730957,1378991.0,0.0,0.0
1998-10-20,16.652376950573917,17.10885656554326,16.5428215447351,16.798450469970703,2524774.0,0.0,0.0
1998-10-21,17.23666843071605,17.382741928100586,16.98103954400193,17.382741928100586,1859937.0,0.0,0.0
1998-10-22,17.455783476155343,17.747930560162004,17.30970993415201,17.693153381347656,1505154.0,0.0,0.0
1998-10-23,17.91226316177012,17.967040340584468,17.455783476155343,17.693153381347656,963421.0,0.0,0.0
1998-10-26,17.820974314471243,17.98530591039801,17.72967791823536,17.857492446899414,1556383.0,0.0,0.0
1998-10-27,17.656628476305137,18.0400728644316,17.60185131523834,17.729665756225586,1008151.0,0.0,0.0
1998-10-28,17.674898117454944,18.09485977404758,17.601860798185864,17.711416244506836,1377462.0,0.0,0.0
1998-10-29,17.784448634754288,17.784448634754288,17.60185697399947,17.766189575195312,1362743.0,0.0,0.0
1998-10-30,18.058336248329212,18.204408712867387,17.729670007623387,18.076595306396484,1096656.0,0.0,0.0
1998-11-02,18.259198651042343,18.58786405633459,18.07660794273079,18.478309631347656,948702.0,0.0,0.0
1998-11-03,18.551336875182464,18.77044774872186,18.058340072631836,18.058340072631836,1211540.0,0.0,0.0
1998-11-04,18.20441683529795,18.277453100154293,17.784455116877616,17.857492446899414,1122844.0,0.0,0.0
1998-11-05,17.857489206419363,18.806966868249134,17.857489206419363,18.697412490844727,1816163.0,0.0,0.0
1998-11-06,18.551333567348564,19.208663940429688,18.514815449991836,19.208663940429688,932262.0,0.0,0.0
1998-11-09,19.208665932548914,19.208665932548914,18.770446348490683,19.080852508544922,635208.0,0.0,0.0
1998-11-10,18.989563538856927,19.062599805503105,18.460046345010213,18.660898208618164,1300618.0,0.0,0.0
1998-11-11,18.58784872177753,18.6608870751786,18.42351721986692,18.441776275634766,789661.0,0.0,0.0
1998-11-12,18.441774677115756,18.46003373130092,17.912257845086984,18.16788673400879,502737.0,0.0,0.0
1998-11-13,18.113116685563508,18.73392903234845,18.040080440137125,18.55133628845215,651838.0,0.0,0.0
1998-11-16,18.733927515867002,19.02607460425404,18.003558729734333,18.259187698364258,1074482.0,0.0,0.0
1998-11-17,18.259185466996186,18.66088899589444,18.222667351701784,18.460037231445312,989991.0,0.0,0.0
1998-11-18,18.387006291201715,18.953041501785535,18.240931657665314,18.697412490844727,823495.0,0.0,0.0
1998-11-19,18.989559439339295,19.19040912925631,18.91652105812988,18.93478012084961,946599.0,0.0,0.0
1998-11-20,19.190414486776913,19.263452888376964,18.989564740787287,19.135637283325195,839170.0,0.0,0.0
1998-11-23,19.06260101205624,19.135637283325195,18.71567659319761,19.135637283325195,1092450.0,0.0,0.0
1998-11-24,18.98955372711127,19.281700773076977,18.770442910054523,18.87999725341797,984065.0,0.0,0.0
1998-11-25,18.953039555624144,19.08085298280498,18.64263125752437,18.715669631958008,884856.0,0.0,0.0
1998-11-27,18.642631170514363,19.04433477186845,18.642631170514363,18.843482971191406,330698.0,0.0,0.0
1998-11-30,18.697404799103523,19.080847092608927,18.697404799103523,18.861736297607422,1020385.0,0.0,0.0
1998-12-01,18.770448742447666,18.880003119852073,18.642633171812,18.697412490844727,795969.0,0.0,0.0
1998-12-02,18.514822090049503,18.67915580742057,18.350490503009226,18.423526763916016,1213833.0,0.0,0.0
1998-12-03,18.49656305855215,18.569599319592125,18.222674949321448,18.387008666992188,915632.0,0.0,0.0
1998-12-04,18.31396932619573,19.20866986854509,18.31396932619573,18.971302032470703,1199115.0,0.0,0.0
1998-12-07,18.8252273876327,19.226928932858502,18.8252273876327,18.971302032470703,708038.0,0.0,0.0
1998-12-08,18.934774150321452,19.026071565462622,18.806960751585574,18.989553451538086,1060910.0,0.0,0.0
1998-12-09,18.810073160027887,19.10312208442143,18.77344231159199,19.048175811767578,1123608.0,0.10463,0.0
1998-12-10,18.974906678612918,18.993222097715677,18.498703645035476,18.55364990234375,1586968.0,0.0,0.0
1998-12-11,18.26060444096159,18.278919863455663,17.582929534868516,18.16902732849121,1600158.0,0.0,0.0
1998-12-14,17.9126033782959,18.31554467738871,17.747763561675615,17.9126033782959,1001078.0,0.0,0.0
1998-12-15,17.784398813811986,18.022500355449903,17.656189798259426,17.967554092407227,939909.0,0.0,0.0
1998-12-16,17.93091613136799,18.4437519899699,17.87596989014031,18.187334060668945,1019238.0,0.0,0.0
1998-12-17,18.33386230482813,18.645226559154672,18.315546886156316,18.462072372436523,619151.0,0.0,0.0
1998-12-18,18.315544283795443,18.443754333187137,17.985864657639556,18.11407470703125,1238301.0,0.0,0.0
1998-12-21,18.388804097469116,19.267950391044813,18.370488683242865,19.029850006103516,1127240.0,0.0,0.0
1998-12-22,18.974901779363282,19.59763014188236,18.974901779363282,19.48773765563965,1317248.0,0.0,0.0
1998-12-23,19.50605859136395,20.110471710593355,19.50605859136395,19.945632934570312,1262578.0,0.0,0.0
1998-12-24,19.963941339358826,20.037202991849195,19.79910048435045,19.87236213684082,385559.0,0.0,0.0
1998-12-28,19.90899825491542,20.03720831775696,19.67089782103441,19.780790328979492,778000.0,0.0,0.0
1998-12-29,19.707535634484525,19.8906898792389,19.65258936105821,19.72585105895996,580155.0,0.0,0.0
1998-12-30,19.78079480916311,19.78079480916311,19.524376762309107,19.542692184448242,691216.0,0.0,0.0
1998-12-31,19.359527613510018,19.451104675248867,18.90163803100586,18.90163803100586,1220715.0,0.0,0.0
1999-01-04,19.029855962491407,19.799107874581996,19.011540542532384,19.615951538085938,1803737.0,0.0,0.0
1999-01-05,19.54268475491289,19.63426396769903,19.194689729660354,19.506053924560547,742446.0,0.0,0.0
1999-01-06,19.43279436709906,19.487740618574495,19.121430138499402,19.469425201416016,1089774.0,0.0,0.0
1999-01-07,19.176381604759428,19.67090227632829,19.176381604759428,19.542692184448242,1217848.0,0.0,0.0
1999-01-08,19.780785323488498,20.586669921875,19.780785323488498,20.586669921875,1890713.0,0.0,0.0
1999-01-11,20.51341438293457,20.55004736128735,20.165419252283545,20.51341438293457,1413399.0,0.0,0.0
1999-01-12,20.22036466146143,20.22036466146143,19.487743589618013,19.74416160583496,785264.0,0.0,0.0
1999-01-13,19.194696002291696,19.5976374047499,19.04817263299998,19.103118896484375,1009680.0,0.0,0.0
1999-01-14,19.103108748159766,19.26794745104413,18.608588365696985,18.718482971191406,1273474.0,0.0,0.0
1999-01-15,18.75512710237727,19.158068576697715,18.75512710237727,19.011545181274414,1041985.0,0.0,0.0
1999-01-19,19.02985195938983,19.24963695266433,18.681854779561096,19.194690704345703,1009298.0,0.0,0.0
1999-01-20,19.158067648337227,19.799111746063225,19.13975222479684,19.45111656188965,1430985.0,0.0,0.0
1999-01-21,19.377851724755484,19.524375089313345,18.462074285551118,18.62691307067871,1214789.0,0.0,0.0
1999-01-22,18.352181553431965,18.60859960525516,18.150711905997134,18.16902732849121,1506492.0,0.0,0.0
1999-01-25,18.242280565042293,18.425436842015046,18.132388081001732,18.315542221069336,919264.0,0.0,0.0
1999-01-26,18.315549638109534,18.681860203490523,18.132395423872044,18.35218048095703,2143611.0,0.0,0.0
1999-01-27,18.60859465737785,19.02985353654448,18.37049209135831,18.48038673400879,1255505.0,0.0,0.0
1999-01-28,18.462073651619626,18.71849166769718,18.22397105548291,18.57196617126465,1015032.0,0.0,0.0
1999-01-29,18.64522622573984,19.30458555994586,18.49870287898546,19.286270141601562,1172735.0,0.0,0.0
1999-02-01,19.06648334063326,19.267952923602987,18.718488287689183,18.791749954223633,1205805.0,0.0,0.0
1999-02-02,18.901640335692075,19.048165789245108,18.53532990716731,18.828378677368164,993623.0,0.0,0.0
1999-02-03,18.82837718900648,19.39615926994469,18.736800123340657,19.377843856811523,1379374.0,0.0,0.0
1999-02-04,19.43279882879065,19.43279882879065,18.773439385888132,19.231327056884766,1663239.0,0.0,0.0
1999-02-05,19.469426433014284,19.469426433014284,18.883328773056522,18.993221282958984,819290.0,0.0,0.0
1999-02-08,18.919962756797133,19.267957899612018,18.553652192618625,19.231327056884766,884091.0,0.0,0.0
1999-02-09,19.524367614383767,19.524367614383767,18.77343138470982,18.84669303894043,794440.0,0.0,0.0
1999-02-10,18.773446986361357,19.322914123535156,18.66355227678247,19.322914123535156,1144253.0,0.0,0.0
1999-02-11,19.32290337105696,19.89068348415401,19.249639559804006,19.835737228393555,1410150.0,0.0,0.0
1999-02-12,19.762488711776918,20.055537741181745,19.542701405496523,19.707542419433594,1085377.0,0.0,0.0
1999-02-16,19.469421489786647,19.908993554696114,19.103111079544572,19.762470245361328,1098567.0,0.0,0.0
1999-02-17,19.524371812730287,19.689212707100168,18.93827417904601,18.974905014038086,926719.0,0.0,0.0
1999-02-18,19.048169907163054,19.286270348189372,18.90164442193349,19.2496395111084,819290.0,0.0,0.0
1999-02-19,19.322898436617507,19.5426834035334,19.066480504977164,19.2679500579834,911044.0,0.0,0.0
1999-02-22,19.04817137389313,19.817423285638135,19.04817137389313,19.74416160583496,779530.0,0.0,0.0
1999-02-23,19.487739245821732,19.542685493426653,18.82838000075196,19.066482543945312,979478.0,0.0,0.0
1999-02-24,19.21301142345316,19.63427038397881,19.066488054161443,19.103118896484375,884282.0,0.0,0.0
1999-02-25,18.91995960969068,19.13974676640125,18.700172452980105,18.993221282958984,1014841.0,0.0,0.0
1999-02-26,19.139752171458564,19.139752171458564,18.462077228540323,18.608600616455078,1579130.0,0.0,0.0
1999-03-01,18.846696447144897,19.08479900335754,18.333860500980055,18.919958114624023,1008724.0,0.0,0.0
1999-03-02,18.9199572878988,18.9199572878988,18.07744173798692,18.11407470703125,886194.0,0.0,0.0
1999-03-03,18.117747776339534,18.393372962113503,17.823748793024414,18.374998092651367,1974056.0,0.10463,0.0
1999-03-04,18.577123885202152,18.981373159052552,18.466874667927126,18.92624855041504,1516241.0,0.0,0.0
1999-03-05,18.999757230935984,19.60613250732422,18.999757230935984,19.60613250732422,1894727.0,0.0,0.0
1999-03-08,19.312123951303015,19.771500001338556,19.238624469326794,19.642873764038086,2318709.0,0.0,0.0
1999-03-09,19.569383777624946,19.642883295265005,18.669008255004883,18.669008255004883,800557.0,0.0,0.0
1999-03-10,18.70575663484087,19.624506969140885,18.70575663484087,19.110008239746094,921367.0,0.0,0.0
1999-03-11,18.944628288255235,18.944628288255235,18.24637877839685,18.485254287719727,2832151.0,0.0,0.0
1999-03-12,18.816003852202716,19.073254231470553,18.61387809481174,18.742502212524414,2245305.0,0.0,0.0
1999-03-15,18.81600506370016,18.889504564268353,18.356628897463704,18.6506290435791,1337128.0,0.0,0.0
1999-03-16,18.68738175678545,19.16513287391236,18.669006878730027,19.110008239746094,1267548.0,0.0,0.0
1999-03-17,18.963008469408233,19.091634769121455,18.558758978544798,18.669008255004883,658720.0,0.0,0.0
1999-03-18,18.70574545753368,19.036495208740234,18.41174544047878,19.036495208740234,1267357.0,0.0,0.0
1999-03-19,19.220250751423087,19.440751354416697,19.018125020025426,19.275375366210938,1665532.0,0.0,0.0
1999-03-22,19.27537535494953,19.27537535494953,18.963000394158673,18.9997501373291,868034.0,0.0,0.0
1999-03-23,18.59550166025451,18.9262515076005,18.59550166025451,18.687376022338867,1288766.0,0.0,0.0
1999-03-24,18.6873767215838,19.128377963774728,18.55875260985284,19.05487632751465,1328335.0,0.0,0.0
1999-03-25,18.981372751953387,19.091624110705794,18.374997782261907,18.77924919128418,1159737.0,0.0,0.0
1999-03-26,18.522005212523133,19.165130140420985,18.41175381607261,18.871129989624023,1394475.0,0.0,0.0
1999-03-29,18.907879518130848,19.220254540688824,18.83438001725665,19.07325553894043,1143489.0,0.0,0.0
1999-03-30,18.779251399010363,18.81600114163423,18.11774960025425,18.172876358032227,1408047.0,0.0,0.0
1999-03-31,18.227997424171658,18.72412099687328,18.172872820965008,18.521997451782227,1532489.0,0.0,0.0
1999-04-01,18.522004036255165,18.540378910522882,18.04425301760941,18.485254287719727,893267.0,0.0,0.0
1999-04-05,18.301500993150196,18.54037647104264,18.15450201835007,18.466876983642578,1548163.0,0.0,0.0
1999-04-06,18.227999260662184,18.46687470913306,18.136122768886015,18.246374130249023,1250535.0,0.0,0.0
1999-04-07,18.283125466404893,18.650625034083742,18.09937461064439,18.577125549316406,1339613.0,0.0,0.0
1999-04-08,18.595507366508336,19.183507751967785,18.154508149335232,19.110008239746094,1468643.0,0.0,0.0
1999-04-09,18.999749730570755,19.110001101563928,18.50362606454907,18.577125549316406,1222818.0,0.0,0.0
1999-04-12,18.521996786775418,19.07324708673357,18.154497301417212,19.036495208740234,2139214.0,0.0,0.0
1999-04-13,19.40400884774485,20.194132908723546,19.36725694700451,20.028759002685547,2143611.0,0.0,0.0
1999-04-14,20.285996984448687,20.377873473810908,19.91849745852557,20.13899803161621,1203511.0,0.0,0.0
1999-04-15,20.43299853305561,20.598374502491815,20.06549899900422,20.561622619628906,2295579.0,0.0,0.0
1999-04-16,20.72699858906511,20.72699858906511,20.414623663545136,20.561622619628906,1312852.0,0.0,0.0
1999-04-19,20.85563141853629,21.90300799507218,20.85563141853629,21.498756408691406,2519804.0,0.0,0.0
1999-04-20,21.79275349426132,22.160255274044918,20.21250355902508,20.35950469970703,2907083.0,0.0,0.0
1999-04-21,20.35950756614503,20.874006271362305,20.286005913534392,20.874006271362305,2073075.0,0.0,0.0
1999-04-22,20.85562191816945,21.16799683234408,20.690248098581534,21.149621963500977,1582380.0,0.0,0.0
1999-04-23,21.24150247450658,22.160252522190294,21.24150247450658,22.05000114440918,2258877.0,0.0,0.0
1999-04-26,22.049995077401228,22.343995097520246,22.01324534286656,22.178621292114258,1487567.0,0.0,0.0
1999-04-27,22.04999765512125,22.1051222633675,21.75599760063262,21.994873046875,1619273.0,0.0,0.0
1999-04-28,21.553885024172075,21.73763381199233,21.27825969859865,21.5722599029541,1474569.0,0.0,0.0
1999-04-29,21.278256910213297,21.40688104483207,20.745381207678566,20.984256744384766,2256583.0,0.0,0.0
1999-04-30,20.69024836820436,21.4987468955205,20.543247271702025,20.818872451782227,1352803.0,0.0,0.0
1999-05-03,20.87400511510807,21.517132212730537,20.818880486585705,21.388505935668945,1195865.0,0.0,0.0
1999-05-04,21.535505775801134,21.535505775801134,20.50650419742161,20.855628967285156,1228170.0,0.0,0.0
1999-05-05,20.78212855400082,21.0210040630469,20.580002793447598,20.965879440307617,836685.0,0.0,0.0
1999-05-06,20.892369669055757,21.020995882567405,20.39624611362993,20.94749641418457,1168339.0,0.0,0.0
1999-05-07,20.965879440307617,21.241504697846548,20.874002925232958,20.965879440307617,580729.0,0.0,0.0
1999-05-10,20.89236948236264,21.314995709470754,20.579994600685268,20.800495147705078,728300.0,0.0,0.0
1999-05-11,20.984262772341573,21.351762549234834,20.727012285363273,21.131261825561523,1160692.0,0.0,0.0
1999-05-12,21.05775624988121,21.131255755377648,20.800505836800898,20.984256744384766,725815.0,0.0,0.0
1999-05-13,20.91075205219191,20.965876667641147,20.488125712729946,20.727001190185547,1409003.0,0.0,0.0
1999-05-14,20.322757370648414,20.745381680732763,20.322757370648414,20.580005645751953,1087289.0,0.0,0.0
1999-05-17,20.54324201873547,20.818867128337534,20.414617968047146,20.63511848449707,1140430.0,0.0,0.0
1999-05-18,20.63513322406674,20.727007611612375,20.433007427623448,20.616758346557617,1892816.0,0.0,0.0
1999-05-19,20.873996492989807,21.608997667886634,20.708622675731277,21.55387306213379,1362552.0,0.0,0.0
1999-05-20,21.57224918688494,22.12349956419678,21.57224918688494,21.66412353515625,1536312.0,0.0,0.0
1999-05-21,21.682504492639186,21.90300513424261,21.664129617825783,21.811128616333008,765384.0,0.0,0.0
1999-05-24,21.774379068566393,21.939755087262732,21.31500505013009,21.406879425048828,652794.0,0.0,0.0
1999-05-25,21.259884289608642,21.84788468365519,21.223134532961108,21.75600814819336,1546061.0,0.0,0.0
1999-05-26,21.774380190372405,22.013255721310493,21.186379872913754,21.866256713867188,1784049.0,0.0,0.0
1999-05-27,21.64575658153827,21.64575658153827,20.910757238888326,20.984256744384766,1451248.0,0.0,0.0
1999-05-28,21.057742438036552,21.461991596961347,21.057742438036552,21.241493225097656,1090921.0,0.0,0.0
1999-06-01,21.168004409705034,21.22313117980957,20.965880780078145,21.22313117980957,861917.0,0.0,0.0
1999-06-02,21.318948882984227,21.576914021165916,21.024131889319307,21.50320816040039,717595.0,0.10463,0.0
1999-06-03,21.503208132901925,21.6137658490093,21.20839113961402,21.46635627746582,968773.0,0.0,0.0
1999-06-04,21.245242837553853,21.632191616362533,21.15311319964657,21.576913833618164,1304250.0,0.0,0.0
1999-06-07,21.282101737292074,21.558490714582003,21.226821792034553,21.484786987304688,918882.0,0.0,0.0
1999-06-08,21.22681333333574,21.374222878948494,21.17153555990546,21.2452392578125,1056895.0,0.0,0.0
1999-06-09,21.171541044840055,21.503209921146226,21.171541044840055,21.2820987701416,1141959.0,0.0,0.0
1999-06-10,20.931993592237454,21.35579409811661,20.931993592237454,21.263662338256836,1783093.0,0.0,0.0
1999-06-11,21.226809358562168,21.245235279588627,20.821436946181787,21.097827911376953,1208290.0,0.0,0.0
1999-06-14,21.22681427001953,21.31894604626754,21.15311056886014,21.22681427001953,1267739.0,0.0,0.0
1999-06-15,21.30052592708691,21.3742296483365,20.839873369678248,20.932003021240234,1901800.0,0.0,0.0
1999-06-16,21.116262383998073,21.263669811906322,20.987280884578354,21.042558670043945,942585.0,0.0,0.0
1999-06-17,21.22682358090465,22.00071923193437,21.208397647532493,21.816457748413086,1517770.0,0.0,0.0
1999-06-18,21.853303660486873,22.387659882275447,21.83487773213548,22.184974670410156,1585821.0,0.0,0.0
1999-06-21,22.037554806058637,22.277093912602343,21.908573367811016,22.092832565307617,681849.0,0.0,0.0
1999-06-22,22.240243746030846,22.240243746030846,21.37421900325941,21.650609970092773,1220906.0,0.0,0.0
1999-06-23,21.576906285550084,21.98227870033315,21.50320045120911,21.650609970092773,1501713.0,0.0,0.0
1999-06-24,21.521632108870673,21.521632108870673,20.692461137155856,20.839868545532227,1934105.0,0.0,0.0
1999-06-25,20.913572311401367,21.208389278822484,20.876720459198587,20.913572311401367,1205614.0,0.0,0.0
1999-06-28,21.22681037709551,21.576907192993605,21.153106689453125,21.153106689453125,1291825.0,0.0,0.0
1999-06-29,21.189966114899914,21.55848683476443,21.153114257893375,21.41107940673828,968199.0,0.0,0.0
1999-06-30,21.22681795492926,21.447931246590784,20.96885495608982,21.042558670043945,1362552.0,0.0,0.0
1999-07-01,21.30052366014604,22.258678383815717,21.24524372529274,22.184974670410156,1132975.0,0.0,0.0
1999-07-02,21.89015881124468,22.129695892333984,21.705897368299823,22.129695892333984,1074290.0,0.0,0.0
1999-07-06,21.982282807439475,22.184970127599666,21.89015318454788,22.166542053222656,682996.0,0.0,0.0
1999-07-07,22.313952478309766,22.313952478309766,21.834874120811325,22.074413299560547,590860.0,0.0,0.0
1999-07-08,21.779596344897808,22.00070959834313,21.411075689021455,21.521631240844727,763473.0,0.0,0.0
1999-07-09,21.59534181547703,21.59534181547703,20.96885591851434,21.060985565185547,1631698.0,0.0,0.0
1999-07-12,21.263658326972152,21.52162333627859,21.024121386000015,21.300512313842773,1321645.0,0.0,0.0
1999-07-13,21.226812227921446,21.669038691931505,21.189960380887037,21.337369918823242,981580.0,0.0,0.0
1999-07-14,21.41107849431166,21.576913993573196,21.392652566593608,21.46635627746582,897663.0,0.0,0.0
1999-07-15,21.816446275293682,22.166540975051973,21.742742580565324,22.037559509277344,934747.0,0.0,0.0
1999-07-16,22.11127367709361,22.53507442211366,21.908588420587993,22.424516677856445,1220906.0,0.0,0.0
1999-07-19,22.627188747197092,22.700892426878312,22.516633227675264,22.682466506958008,1306161.0,0.0,0.0
1999-07-20,22.64560794762258,22.68245977652837,22.46134665329613,22.479772567749023,1953221.0,0.0,0.0
1999-07-21,22.406081250244544,22.51663894764985,22.332377551840136,22.46135902404785,933983.0,0.0,0.0
1999-07-22,22.461353110098944,22.479779029848604,21.540050673221558,22.092832565307617,1282649.0,0.0,0.0
1999-07-23,22.01914405822754,22.221831464930258,21.890162531107382,22.01914405822754,914867.0,0.0,0.0
1999-07-26,22.0191354264244,22.074413202091964,21.74274439828781,21.963857650756836,533131.0,0.0,0.0
1999-07-27,22.258668950040143,22.59033766959487,22.240243029498114,22.516633987426758,1092068.0,0.0,0.0
1999-07-28,22.29552645456099,22.387656080673597,21.945431725534313,21.963857650756836,674968.0,0.0,0.0
1999-07-29,22.037556422279625,22.037556422279625,21.318941199743826,21.613758087158203,1095126.0,0.0,0.0
1999-07-30,21.742736508512394,21.982275599282517,21.300512313842773,21.300512313842773,892120.0,0.0,0.0
1999-08-02,21.5953369612141,21.87172583910022,21.35579778391404,21.374223709106445,603094.0,0.0,0.0
1999-08-03,21.374226661553315,21.447930372503723,21.060983740215008,21.171539306640625,992476.0,0.0,0.0
1999-08-04,21.669046683134223,21.669046683134223,20.858299299990644,20.932003021240234,937232.0,0.0,0.0
1999-08-05,21.079403988850867,21.226811371037968,20.83986484299834,20.950420379638672,1208672.0,0.0,0.0
1999-08-06,20.803011835055663,20.93199328726237,20.618750467819154,20.74773406982422,581302.0,0.0,0.0
1999-08-09,20.747735096644345,21.00570016362299,20.545047797632883,20.581899642944336,534469.0,0.0,0.0
1999-08-10,20.47134786615193,20.563477496348277,20.231808677842565,20.250234603881836,921367.0,0.0,0.0
1999-08-11,20.176528041194786,20.618752353283533,20.176528041194786,20.489770889282227,476549.0,0.0,0.0
1999-08-12,20.416072845458984,20.655612066120867,20.268663267436615,20.416072845458984,948893.0,0.0,0.0
1999-08-13,20.489770067053463,20.821438825260216,20.452918221674768,20.618751525878906,724477.0,0.0,0.0
1999-08-16,20.545050590569684,20.784589767456055,20.342363264004486,20.784589767456055,715684.0,0.0,0.0
1999-08-17,21.226818929193715,21.226818929193715,20.71089075803572,21.060985565185547,741107.0,0.0,0.0
1999-08-18,21.17153634562711,21.17153634562711,20.784589767456055,20.784589767456055,760414.0,0.0,0.0
1999-08-19,20.821433882081696,20.821433882081696,20.56346887587534,20.710878372192383,807821.0,0.0,0.0
1999-08-20,20.710883230022766,20.710883230022766,20.194953096596336,20.32393455505371,969538.0,0.0,0.0
1999-08-23,20.36079138527257,20.5634765625,20.342363310271313,20.5634765625,1238301.0,0.0,0.0
1999-08-24,20.489782379607465,20.63718984970116,20.36080084327548,20.600337982177734,924043.0,0.0,0.0
1999-08-25,20.61876102145316,20.655615033602736,20.342369904027837,20.54505729675293,917735.0,0.0,0.0
1999-08-26,20.618760938222792,20.63718686932347,20.34236982191316,20.39764976501465,935512.0,0.0,0.0
1999-08-27,20.342367120988897,20.61875820060116,20.26866340637207,20.26866340637207,753150.0,0.0,0.0
1999-08-30,20.194952937335,20.581899459454053,19.69744873046875,19.69744873046875,1092450.0,0.0,0.0
1999-08-31,19.531611804754572,20.268652867281972,19.531611804754572,20.02911376953125,1417031.0,0.0,0.0
1999-09-01,20.029122212537388,20.305513264943592,19.900140724654005,20.158105850219727,1368287.0,0.0,0.0
1999-09-02,20.1949520111084,20.28708161934023,20.121248324522934,20.1949520111084,1083084.0,0.0,0.0
1999-09-03,20.158101419096717,21.26366323589967,20.158101419096717,21.208385467529297,1289913.0,0.0,0.0
1999-09-07,21.208380571363197,21.44791966213332,21.116250978681606,21.300512313842773,1157443.0,0.0,0.0
1999-09-08,21.14086150171517,21.14086150171517,20.623427157652568,20.697345733642578,1110228.0,0.10986,0.0
1999-09-09,20.623424530029297,20.8451823858115,20.58646524674326,20.623424530029297,1710454.0,0.0,0.0
1999-09-10,20.623422525604465,20.808221080139756,20.623422525604465,20.734302520751953,1787298.0,0.0,0.0
1999-09-13,20.73429706989066,20.956052689756497,20.71581743490184,20.90061378479004,655088.0,0.0,0.0
1999-09-14,20.82669524483476,21.029973385776994,20.771256339868298,20.90061378479004,740916.0,0.0,0.0
1999-09-15,20.8636614721301,21.214776810067857,20.845181830978955,20.88214111328125,1703763.0,0.0,0.0
1999-09-16,20.919094487972274,21.10389300336207,20.771257400512695,20.771257400512695,912956.0,0.0,0.0
1999-09-17,20.69734015444461,21.04845760788208,20.6788605154285,20.974536895751953,1872362.0,0.0,0.0
1999-09-20,20.97452694050381,21.122366138528697,20.660371070273673,20.752771377563477,1227788.0,0.0,0.0
1999-09-21,20.45710475191247,20.623421502282486,19.939670549741063,20.105989456176758,2192546.0,0.0,0.0
1999-09-22,20.290781407283728,20.771256226501098,20.290781407283728,20.678855895996094,892120.0,0.0,0.0
1999-09-23,20.845174274818714,20.845174274818714,20.216862391304364,20.235342025756836,709376.0,0.0,0.0
1999-09-24,20.30926512664549,20.697339693405013,20.253826210832077,20.475584030151367,1051543.0,0.0,0.0
1999-09-27,20.401665145814263,20.6419026252416,20.401665145814263,20.420146942138672,1094935.0,0.0,0.0
1999-09-28,20.401665877729712,20.567984802089477,20.272308391278933,20.49406623840332,873578.0,0.0,0.0
1999-09-29,20.42015028241456,20.51254849882171,20.327749909941225,20.346229553222656,1318969.0,0.0,0.0
1999-09-30,20.364705281885062,20.660381673617536,20.25382744351005,20.45710563659668,1423339.0,0.0,0.0
1999-10-01,20.69732451238546,21.196278700865832,20.401648355520067,20.58644676208496,2259068.0,0.0,0.0
1999-10-04,20.512539182004453,20.82669513116498,20.512539182004453,20.678855895996094,747989.0,0.0,0.0
1999-10-05,20.845185041688865,20.95606290567388,20.660386445647575,20.697345733642578,1028987.0,0.0,0.0
1999-10-06,20.660396336292106,21.10391231668681,20.660396336292106,21.048473358154297,913720.0,0.0,0.0
1999-10-07,20.97453261481993,21.621324160504084,20.900614073842366,21.23324966430664,1062821.0,0.0,0.0
1999-10-08,21.159331212412624,21.43652789831076,21.14085157709043,21.28868865966797,743019.0,0.0,0.0
1999-10-11,21.362616387128234,21.60285172537446,21.17781781702671,21.491973876953125,743401.0,0.0,0.0
1999-10-12,21.288689059843822,21.399569029926507,21.011492368735055,21.140851974487305,711670.0,0.0,0.0
1999-10-13,21.14085675345065,21.14085675345065,20.660381805298364,20.734302520751953,1401930.0,0.0,0.0
1999-10-14,20.77125710503072,21.307168695513386,20.6788567706176,21.140851974487305,1840248.0,0.0,0.0
1999-10-15,21.32565378188531,21.32565378188531,20.512545292468484,20.531024932861328,1672032.0,0.0,0.0
1999-10-18,20.53101875040852,20.826695063723623,20.457100211096044,20.789735794067383,905310.0,0.0,0.0
1999-10-19,21.011497118456212,21.14085675345065,20.715822880905,20.734302520751953,593536.0,0.0,0.0
1999-10-20,20.919093419778857,20.993011959734137,20.78973597485712,20.90061378479004,1757096.0,0.0,0.0
1999-10-21,20.826699038242815,21.103895769629382,20.623420860275168,21.066936492919922,1071805.0,0.0,0.0
1999-10-22,21.177826517576268,21.806138895560547,21.140867219585058,21.695261001586914,1049823.0,0.0,0.0
1999-10-25,21.62132425153268,21.62132425153268,21.28868865966797,21.28868865966797,861917.0,0.0,0.0
1999-10-26,21.39957363800376,21.602849674141414,21.159336166502584,21.21477508544922,1416840.0,0.0,0.0
1999-10-27,21.214779640597595,21.732213973999023,21.140861066130597,21.732213973999023,1260858.0,0.0,0.0
1999-10-28,21.880038670339637,22.7301082611084,21.82459977104135,22.7301082611084,1416458.0,0.0,0.0
1999-10-29,23.13667279622288,23.13667279622288,22.45292175056284,22.80403709411621,2613470.0,0.0,0.0
1999-11-01,22.767070968180214,22.84098951174952,21.990921948571852,22.175718307495117,2145331.0,0.0,0.0
1999-11-02,22.175724504960016,22.45292127687861,21.861568450927734,21.861568450927734,1681398.0,0.0,0.0
1999-11-03,21.824618544556152,21.972457892587844,21.658301703595704,21.695261001586914,974890.0,0.0,0.0
1999-11-04,21.769169514227134,22.175723759883933,21.713730592919276,21.787649154663086,732888.0,0.0,0.0
1999-11-05,21.824605196280473,22.009403729277654,21.695247732428317,21.750686645507812,878357.0,0.0,0.0
1999-11-08,21.750696948748523,22.064853094412694,21.584377974659702,21.880054473876953,1218039.0,0.0,0.0
1999-11-09,21.713727370121482,21.806125558587308,21.584367750203796,21.750686645507812,595256.0,0.0,0.0
1999-11-10,21.71373143255487,22.286604620353188,21.676772150253807,22.138765335083008,1992216.0,0.0,0.0
1999-11-11,22.15724486390317,22.268124866310163,21.76917024564351,21.861568450927734,948893.0,0.0,0.0
1999-11-12,21.935493413217706,22.175730973094204,21.880054473876953,21.880054473876953,1394857.0,0.0,0.0
1999-11-15,21.898524332925486,22.00940431811649,21.695248312862237,21.713727951049805,1296412.0,0.0,0.0
1999-11-16,21.750700554681714,21.843098802234522,21.436544356935258,21.658302307128906,1178088.0,0.0,0.0
1999-11-17,21.43653540072117,21.54741325145962,20.993019685635346,21.34413719177246,1785578.0,0.0,0.0
1999-11-18,21.399585057914134,21.658302307128906,21.233266056252166,21.658302307128906,3091548.0,0.0,0.0
1999-11-19,21.584367750203796,22.02788336697082,21.288691391047628,21.750686645507812,1059189.0,0.0,0.0
1999-11-22,21.584368414716423,21.713728038616672,21.251732769933152,21.602848052978516,950996.0,0.0,0.0
1999-11-23,21.36260878586947,21.39956805552571,20.66037619420535,20.789735794067383,1363317.0,0.0,0.0
1999-11-24,20.715822658863758,21.307173283693608,20.69734086314912,21.21477508544922,1648329.0,0.0,0.0
1999-11-26,21.27021067498279,21.28869031173906,21.02997539715126,21.122373580932617,610549.0,0.0,0.0
1999-11-29,20.734299453865102,20.97453473634137,20.475582378209804,20.808218002319336,1670311.0,0.0,0.0
1999-11-30,20.974531866129265,21.38108813912423,20.900613327790243,21.159330368041992,910853.0,0.0,0.0
1999-12-01,20.97454223710574,21.51045621717958,20.97454223710574,21.24250030517578,1218421.0,0.0,0.0
1999-12-02,21.140854289502307,21.769166283200978,21.122374651809142,21.750686645507812,1002225.0,0.0,0.0
1999-12-03,21.676774737745838,22.693161590545895,21.676774737745838,22.434444427490234,1241933.0,0.0,0.0
1999-12-06,22.415955730160686,22.415955730160686,21.917001248937222,22.175718307495117,1195674.0,0.0,0.0
1999-12-07,22.101802080981688,22.305080253173397,22.027883529663086,22.027883529663086,1048102.0,0.0,0.0
1999-12-08,23.044259422225906,23.284496758984925,22.656185051193372,22.947240829467773,1787298.0,0.0,0.0
1999-12-09,23.099715675076993,23.506272137083347,22.65620208278463,23.41387176513672,3315199.0,0.0,0.0
1999-12-10,23.48778002008054,23.48778002008054,22.840986384216244,23.062744140625,2538346.0,0.0,0.0
1999-12-13,23.09971725231725,23.118196896755126,22.268128940480253,22.471405029296875,1157825.0,0.0,0.0
1999-12-14,22.323555053620915,22.563792449413903,22.101797291653153,22.212675094604492,1545870.0,0.0,0.0
1999-12-15,22.274953134482946,22.534395533261748,22.163764461624925,22.237890243530273,1712939.0,0.10986,0.0
1999-12-16,22.23787821366188,22.756762730522176,22.200815342758847,22.71969985961914,2371659.0,0.0,0.0
1999-12-17,23.01620601525588,23.40536833919958,22.64557512759002,22.979143142700195,3015468.0,0.0,0.0
1999-12-20,23.016217873096135,23.164469439697342,22.83090125273451,22.88649559020996,1598819.0,0.0,0.0
1999-12-21,22.923546671757663,23.201520378034306,22.886483799201976,22.979143142700195,1047911.0,0.0,0.0
1999-12-22,22.979149802635433,23.42390656431435,22.81236466568732,23.23859214782715,1156487.0,0.0,0.0
1999-12-23,23.4053728689926,23.59068942974554,23.275652789942136,23.51656150817871,1002416.0,0.0,0.0
1999-12-27,23.701879386105215,24.18370117357327,23.701879386105215,23.794536590576172,814511.0,0.0,0.0
1999-12-28,23.813071011033355,24.79524614975636,23.794539567820454,24.68405532836914,1165662.0,0.0,0.0
1999-12-29,24.609926595035137,24.628458036018774,24.0539790413069,24.109573364257812,313112.0,0.0,0.0
1999-12-30,24.14663252723352,24.27635475624911,23.850129517161818,24.01691246032715,411748.0,0.0,0.0
1999-12-31,23.99838588789491,24.22076535264557,23.92426012034791,24.18370246887207,230150.0,0.0,0.0
2000-01-03,23.720409732645248,24.109572135578585,23.275653009594215,23.331247329711914,1249006.0,0.0,0.0
2000-01-04,22.830897802729734,23.275656759545523,22.79383491668005,22.9050235748291,1149605.0,0.0,0.0
2000-01-05,22.905037214792923,22.94210228502467,22.460280155233825,22.497343063354492,1015606.0,0.0,0.0
2000-01-06,22.497321798711646,22.5343846718002,21.996968687798102,22.27494239807129,1032428.0,0.0,0.0
2000-01-07,22.534392029179823,22.534392029179823,21.99697586971372,22.256418228149414,1070467.0,0.0,0.0
2000-01-10,22.960620145267438,23.498034156952652,22.682646336825524,23.220060348510742,1823809.0,0.0,0.0
2000-01-11,23.2200540047807,24.183697430570035,22.830891644125288,23.090333938598633,1969851.0,0.0,0.0
2000-01-12,22.960620838681173,23.25712609916639,22.534393310546875,22.534393310546875,1569955.0,0.0,0.0
2000-01-13,22.6641189392893,23.423912565773414,22.6641189392893,22.923559188842773,1045235.0,0.0,0.0
2000-01-14,22.404672205730108,22.701177452990805,21.95991325378418,21.95991325378418,1019620.0,0.0,0.0
2000-01-18,21.99698432520639,21.99698432520639,20.755368545653035,21.570758819580078,1709307.0,0.0,0.0
2000-01-19,21.830186396721224,21.830186396721224,21.274238959931502,21.403961181640625,1210010.0,0.0,0.0
2000-01-20,21.329847811134524,21.700481129717183,21.292784911698373,21.570758819580078,1423148.0,0.0,0.0
2000-01-21,21.73754345616591,22.0711117044092,21.663415497137,21.756074905395508,1393901.0,0.0,0.0
2000-01-24,21.607806890059482,21.626338327059848,20.755354301715517,20.88507652282715,1668209.0,0.0,0.0
2000-01-25,20.84801685421453,20.922142613612838,20.57004309436146,20.644168853759766,2131950.0,0.0,0.0
2000-01-26,20.4588623046875,20.82949560726708,20.421799406851637,20.4588623046875,2881660.0,0.0,0.0
2000-01-27,20.458852184614816,20.755357382744425,20.458852184614816,20.736825942993164,1491582.0,0.0,0.0
2000-01-28,20.662698218633953,20.71829253259983,20.29206729675224,20.329130172729492,2243203.0,0.0,0.0
2000-01-31,20.458849685766545,20.60710334777832,20.292066748376087,20.60710334777832,1735686.0,0.0,0.0
2000-02-01,20.718298670050324,21.348372072530733,20.570047122224274,20.755361557006836,1808899.0,0.0,0.0
2000-02-02,20.69976505729725,21.23718118606674,20.681233615761034,21.163055419921875,1710263.0,0.0,0.0
2000-02-03,21.163050326210858,21.329833259894,20.866545170887285,21.292770385742188,1980938.0,0.0,0.0
2000-02-04,21.2927813333359,21.385438566354747,21.14452976050574,21.366907119750977,1082510.0,0.0,0.0
2000-02-07,21.47809286079327,21.47809286079327,20.625640033132633,20.68123435974121,2921229.0,0.0,0.0
2000-02-08,20.736823941082335,20.99626623466314,20.681229627195563,20.940671920776367,1133740.0,0.0,0.0
2000-02-09,21.070391447083182,21.218645109094957,20.60710334777832,20.60710334777832,1732437.0,0.0,0.0
2000-02-10,20.60711271310124,20.792429334309595,20.310607416433953,20.384733200073242,2070399.0,0.0,0.0
2000-02-11,20.347667982503125,20.347667982503125,19.92144261318489,20.051162719726562,3313096.0,0.0,0.0
2000-02-14,20.03262841319951,20.162350663313287,19.865845442908398,19.902908325195312,2010758.0,0.0,0.0
2000-02-15,19.56933927339213,19.56933927339213,18.791012296787002,19.12458038330078,3690054.0,0.0,0.0
2000-02-16,19.068994934761264,19.143120730228365,18.679832346448507,18.860515594482422,2149728.0,0.0,0.0
2000-02-17,19.068984520285042,19.25430106985312,19.050453081539164,19.143110275268555,1623670.0,0.0,0.0
2000-02-18,18.976331354178097,19.18017722364793,18.809546207956664,18.957799911499023,4113462.0,0.0,0.0
2000-02-22,18.957799076511012,19.365492959603728,18.902202588812756,19.01339340209961,2000436.0,0.0,0.0
2000-02-23,18.994858822460635,19.03192170006392,18.420379895391104,18.642759323120117,1693059.0,0.0,0.0
2000-02-24,18.679825446486763,18.69835688850839,18.272129397791694,18.401851654052734,2530508.0,0.0,0.0
2000-02-25,18.58716426067267,18.66129218363599,18.309192657470703,18.309192657470703,1537076.0,0.0,0.0
2000-02-28,18.235070395244943,18.994866166189805,18.179476057346324,18.920738220214844,1522740.0,0.0,0.0
2000-02-29,18.976336234266526,19.346967345271903,18.976336234266526,19.32843589782715,1692294.0,0.0,0.0
2000-03-01,19.335126329559948,19.446674346923828,19.26075881555301,19.446674346923828,1819412.0,0.10986,0.0
2000-03-02,19.260766180886915,19.762736789173744,19.223583494213596,19.61400604248047,1511653.0,0.0,0.0
2000-03-03,19.33512113527694,19.91145457259226,19.33512113527694,19.762723922729492,2108056.0,0.0,0.0
2000-03-06,19.72553942483633,19.762722083842238,19.48384997220102,19.59539794921875,1096273.0,0.0,0.0
2000-03-07,19.521032333374023,19.725539123883255,19.4466670164968,19.521032333374023,1186116.0,0.0,0.0
2000-03-08,19.446674074948305,19.446674074948305,19.186393202308448,19.3723087310791,1171206.0,0.0,0.0
2000-03-09,19.297951036658745,19.651188729153787,19.242174837550255,19.61400604248047,781059.0,0.0,0.0
2000-03-10,19.613995389479193,19.68836072243559,19.483853887708165,19.502445220947266,1720967.0,0.0,0.0
2000-03-13,19.706948939360867,19.96722973264668,19.44666814607506,19.632583618164062,1807561.0,0.0,0.0
2000-03-14,19.632597385817128,20.04160910832215,19.483864470025342,19.61400604248047,1784049.0,0.0,0.0
2000-03-15,19.390895128975476,19.762723922729492,19.24216231001561,19.762723922729492,2740014.0,0.0,0.0
2000-03-16,19.799904111414875,21.305812598614178,19.6325821512243,21.064123153686523,2000054.0,0.0,0.0
2000-03-17,21.064129822085068,21.064129822085068,20.69230095707486,20.933990478515625,1911549.0,0.0,0.0
2000-03-20,20.933985052407476,21.008350372314453,20.710886923589584,21.008350372314453,1123035.0,0.0,0.0
2000-03-21,20.878208066823053,21.026938685296795,20.74806660656189,20.97116470336914,1196630.0,0.0,0.0
2000-03-22,20.896797066868263,21.194260439784063,20.8038382715783,21.15707778930664,1628831.0,0.0,0.0
2000-03-23,21.101317890877016,21.547514378335713,20.98976985356138,21.45455551147461,1267548.0,0.0,0.0
2000-03-24,21.584687868525847,21.993699333659137,21.287224393220598,21.937925338745117,1986864.0,0.0,0.0
2000-03-27,21.714830077255854,21.975110923892753,21.21286188718945,21.305818557739258,1109654.0,0.0,0.0
2000-03-28,21.231459436843334,21.86356931982809,21.13850056998223,21.45455551147461,1768183.0,0.0,0.0
2000-03-29,21.43595767792632,21.43595767792632,20.729482650756836,20.729482650756836,2293476.0,0.0,0.0
2000-03-30,20.80384896584867,21.119903826471973,20.69230095707486,20.933990478515625,1742568.0,0.0,0.0
2000-03-31,21.138495161267606,21.17567999995639,20.822440300644303,20.933990478515625,1314381.0,0.0,0.0
2000-04-03,21.008360279166453,21.398780561884415,20.8968122467036,21.32441520690918,1290487.0,0.0,0.0
2000-04-04,21.398762774591074,21.97509813477787,20.506372749375668,20.915386199951172,1693441.0,0.0,0.0
2000-04-05,20.952580027464503,21.008354027097635,20.655116526990476,20.841032028198242,1795900.0,0.0,0.0
2000-04-06,20.841029394061355,20.933986048367604,20.655113916351795,20.710887908935547,1911167.0,0.0,0.0
2000-04-07,20.78526531216338,20.78526531216338,20.394844968079283,20.52498435974121,1167001.0,0.0,0.0
2000-04-10,20.748074240464767,20.748074240464767,20.1345558753336,20.543569564819336,1466923.0,0.0,0.0
2000-04-11,20.33907199341572,20.82244907079194,20.246115280285373,20.63653564453125,1456218.0,0.0,0.0
2000-04-12,20.65510810057301,20.89679750281477,20.26468809331875,20.283279418945312,1637624.0,0.0,0.0
2000-04-13,19.85569350585704,19.93006104830219,19.55822984337198,19.61400604248047,1843115.0,0.0,0.0
2000-04-14,19.632582450226433,19.706947766999264,18.963288091980374,19.093429565429688,2339353.0,0.0,0.0
2000-04-17,19.167799453073474,19.725543800066564,19.05625145131381,19.483854293823242,1741230.0,0.0,0.0
2000-04-18,19.50244100415472,19.576806321031942,19.242160225987565,19.521032333374023,1716189.0,0.0,0.0
2000-04-19,19.52103724187989,19.632587414341543,19.37230657072756,19.55821990966797,763090.0,0.0,0.0
2000-04-20,19.595405988619675,19.781321529021625,19.50244930296759,19.576814651489258,1004328.0,0.0,0.0
2000-04-24,19.483850806673463,19.74413159995927,19.037656710395638,19.632583618164062,1100096.0,0.0,0.0
2000-04-25,19.669773506239128,19.87427821467371,19.18639440265272,19.576814651489258,980816.0,0.0,0.0
2000-04-26,19.632589465674684,19.83709415987704,19.46526527404785,19.46526527404785,1245183.0,0.0,0.0
2000-04-27,19.44666664388859,19.44666664388859,18.758783137760734,18.9446964263916,1507639.0,0.0,0.0
2000-04-28,19.186395945457825,19.260761299959313,18.926115035604653,19.0004825592041,1069703.0,0.0,0.0
2000-05-01,18.92610469657717,19.204976792712362,18.62864127197275,18.963287353515625,2255436.0,0.0,0.0
2000-05-02,18.888924237346338,18.981880890507888,18.368364810544612,18.61005210876465,1922636.0,0.0,0.0
2000-05-03,18.61005170565906,19.07483929959329,18.55427771497023,18.628643035888672,1952265.0,0.0,0.0
2000-05-04,18.740194932955948,18.777377596880605,18.38695745657451,18.461322784423828,1117683.0,0.0,0.0
2000-05-05,18.424144327004452,18.479918335625474,17.996540340596777,18.070905685424805,1960484.0,0.0,0.0
2000-05-08,17.847803408353105,17.99653513957433,17.680480346297788,17.922168731689453,2650745.0,0.0,0.0
2000-05-09,17.736264941289264,17.977953471158926,17.345843506739413,17.62471580505371,3327051.0,0.0,0.0
2000-05-10,17.77343808901032,18.145267982110536,17.661889012625394,17.959352493286133,2702357.0,0.0,0.0
2000-05-11,18.145273617686904,18.405554515240485,17.996541831163274,18.08949851989746,1194909.0,0.0,0.0
2000-05-12,18.219634100505615,18.72160442374271,18.126676352060212,18.42414093017578,1645079.0,0.0,0.0
2000-05-15,18.42414154923859,19.149207890190613,18.42414154923859,18.90751838684082,1330056.0,0.0,0.0
2000-05-16,18.907517643504622,19.316531300507975,18.74019564944647,19.279346466064453,1340569.0,0.0,0.0
2000-05-17,19.037657381214196,19.149205366939956,18.442730452482685,18.758785247802734,1387784.0,0.0,0.0
2000-05-18,18.47992349853158,19.056259420160412,18.47992349853158,18.554288864135742,1133357.0,0.0,0.0
2000-05-19,18.29399863789231,18.40554879882583,17.810620752955764,17.959352493286133,1058807.0,0.0,0.0
2000-05-22,18.442730322848913,18.7401937851238,18.070900452731042,18.34977149963379,1179234.0,0.0,0.0
2000-05-23,18.424146356683163,19.000482180787223,18.40555501842806,18.68442726135254,1170632.0,0.0,0.0
2000-05-24,18.75878771960855,19.335123393328303,18.610054883278927,18.90751838684082,1200453.0,0.0,0.0
2000-05-25,18.814565108149147,19.27935069605091,18.777382434644824,18.92611312866211,842420.0,0.0,0.0
2000-05-26,18.87033364016312,19.186388442293797,18.535687506677526,18.74019432067871,1107743.0,0.0,0.0
2000-05-30,18.535693676034978,19.409493047839767,18.517102338492187,19.297945022583008,963994.0,0.0,0.0
2000-05-31,19.019064442271088,19.372301869634853,18.9075142968794,19.260751724243164,1261049.0,0.0,0.0
2000-06-01,19.00048312682369,19.093439822727532,18.684428191652586,18.81456756591797,1149988.0,0.0,0.0
2000-06-02,18.85174968110316,19.242169961333943,18.59146877124999,19.0004825592041,1120359.0,0.0,0.0
2000-06-05,19.260752934523143,19.335120425822897,19.037656967914945,19.204978942871094,864211.0,0.0,0.0
2000-06-06,19.16780099877503,19.223575004152508,18.572873936553485,18.665830612182617,1004137.0,0.0,0.0
2000-06-07,18.46735277172703,18.59792909023426,18.056966791847408,18.243505477905273,1313616.0,0.10986,0.0
2000-06-08,18.392730252004103,18.486001200420652,18.000999233071138,18.318115234375,1272709.0,0.0,0.0
2000-06-09,18.243504102504506,18.374080411167423,18.001003067178463,18.15023422241211,1122844.0,0.0,0.0
2000-06-12,18.15023422241211,18.33677289440659,17.982349308798046,18.15023422241211,2101366.0,0.0,0.0
2000-06-13,18.15023342337458,18.784466621339124,18.05696463557852,18.560619354248047,915823.0,0.0,0.0
2000-06-14,18.54197173613122,19.08293523722816,18.411393213600277,18.63524055480957,1238110.0,0.0,0.0
2000-06-15,18.6165867910739,19.10158900096383,18.52331797239555,18.63524055480957,1212878.0,0.0,0.0
2000-06-16,18.57928513251952,18.616592671775752,18.019667690912172,18.056976318359375,2832151.0,0.0,0.0
2000-06-19,18.168890168204776,18.821777231074144,18.168890168204776,18.43004608154297,1124373.0,0.0,0.0
2000-06-20,18.150241076229516,18.597934710986635,18.11293354538077,18.20620346069336,1391799.0,0.0,0.0
2000-06-21,18.31812320220544,18.35543072724764,17.926392012881237,18.187545776367188,841655.0,0.0,0.0
2000-06-22,18.243511404468567,18.280818936161737,17.870432822964617,17.889087677001953,1731863.0,0.0,0.0
2000-06-23,17.907732947318703,17.907732947318703,17.702539443969727,17.702539443969727,988462.0,0.0,0.0
2000-06-26,17.721192000460757,17.721192000460757,17.030998685562274,17.105613708496094,1343054.0,0.0,0.0
2000-06-27,17.180238575065726,17.47870099528466,16.900429920086637,17.34812355041504,1909828.0,0.0,0.0
2000-06-28,17.571965817289012,17.889083018675727,17.310812075250638,17.604610443115234,1153429.0,0.0,0.0
2000-06-29,17.23619586192186,18.13158291432596,17.23619586192186,17.87042808532715,2517510.0,0.0,0.0
2000-06-30,17.79581103196572,18.18754214303362,17.36677131511822,17.85177230834961,3946584.0,0.0,0.0
2000-07-03,17.83312170290651,17.963699125748683,17.553313095129077,17.9263916015625,1021914.0,0.0,0.0
2000-07-05,17.851775944666823,17.87042970726113,17.27350603967161,17.441390991210938,1420281.0,0.0,0.0
2000-07-06,17.19888696758183,17.19888696758183,16.90042464059891,17.031002044677734,1530004.0,0.0,0.0
2000-07-07,16.919081062747868,17.739853135219754,16.807158488657603,17.590621948242188,1802208.0,0.0,0.0
2000-07-10,17.422733168723838,17.422733168723838,16.881770881186274,17.031002044677734,1416075.0,0.0,0.0
2000-07-11,17.030998763098314,17.086960030553453,16.58330535888672,16.58330535888672,1969086.0,0.0,0.0
2000-07-12,16.583311809509677,17.46004520314869,16.583311809509677,17.3294677734375,1886890.0,0.0,0.0
2000-07-13,16.993697884165744,17.497352752410865,16.993697884165744,17.142929077148438,1887846.0,0.0,0.0
2000-07-14,17.068311248892456,17.38542736660126,16.937733831919925,17.36677360534668,1501904.0,0.0,0.0
2000-07-17,17.404079161049964,17.590618928896166,17.198886722247572,17.357444763183594,1113286.0,0.0,0.0
2000-07-18,17.3481181589281,17.460041803773997,17.32946439948551,17.40407943725586,1154193.0,0.0,0.0
2000-07-19,17.366771365658074,17.57196380118648,17.2735025714135,17.310810089111328,1113095.0,0.0,0.0
2000-07-20,17.348124015270454,17.422739078229196,17.2362003326416,17.2362003326416,2004641.0,0.0,0.0
2000-07-21,17.273500854893086,17.38542339686449,17.086961108560274,17.161577224731445,2085500.0,0.0,0.0
2000-07-24,17.161576309381118,17.254845089382595,16.69522914480321,16.788497924804688,2148581.0,0.0,0.0
2000-07-25,16.78850195448261,16.919079366016835,16.639270782470703,16.639270782470703,1362743.0,0.0,0.0
2000-07-26,16.639265446669558,16.788496570826734,16.17291831970215,16.17291831970215,1417605.0,0.0,0.0
2000-07-27,16.247537786347994,16.41542269972463,15.799844321280199,15.911767959594727,2845723.0,0.0,0.0
2000-07-28,15.930421067446972,16.042344701191215,15.594651254404505,15.781189918518066,1585439.0,0.0,0.0
2000-07-31,15.967732936688728,16.210234027894376,15.911771648652302,16.07965660095215,1431368.0,0.0,0.0
2000-08-01,16.02369467277993,16.135618340172957,15.85580971578568,15.967733383178711,683761.0,0.0,0.0
2000-08-02,16.04234793425897,16.19157911326293,15.967731800661744,16.023693084716797,1359685.0,0.0,0.0
2000-08-03,16.07965918066186,16.191582862881543,15.874466670084724,16.005043029785156,905118.0,0.0,0.0
2000-08-04,16.116960636501894,16.41542295111788,16.098306877862186,16.1356143951416,2470295.0,0.0,0.0
2000-08-07,16.116958484423908,16.490035783782165,16.098304728275014,16.452728271484375,2102513.0,0.0,0.0
2000-08-08,16.415424568548058,16.863118084583782,16.228885875580787,16.639270782470703,1779461.0,0.0,0.0
2000-08-09,16.69524060482182,16.713894373626516,16.564663134998032,16.601970672607422,1557148.0,0.0,0.0
2000-08-10,16.601962285765207,16.82580957472207,16.564654767002523,16.65792465209961,1397724.0,0.0,0.0
2000-08-11,16.82581170975016,16.937734280240075,16.43407944846391,16.881772994995117,1049058.0,0.0,0.0
2000-08-14,16.80715784047926,16.919080410253162,16.24754063884773,16.86311912536621,1508785.0,0.0,0.0
2000-08-15,16.93773215942418,17.236194486407104,16.69523219886954,17.031002044677734,1082319.0,0.0,0.0
2000-08-16,17.031002687893828,17.086963968245247,16.60196294062838,16.769847869873047,1080025.0,0.0,0.0
2000-08-17,16.639268763707676,16.807154764018897,16.545999972635116,16.620615005493164,1009107.0,0.0,0.0
2000-08-18,16.69524143926091,17.217550256470478,16.583317732647796,16.807165145874023,1918813.0,0.0,0.0
2000-08-21,16.881765407409205,17.068304029242285,16.695226785576125,16.71388053894043,812217.0,0.0,0.0
2000-08-22,16.751195467401804,16.919080410253162,16.695234182514852,16.86311912536621,1051925.0,0.0,0.0
2000-08-23,16.788501419530814,16.919078826904297,16.648597132215684,16.919078826904297,1011018.0,0.0,0.0
2000-08-24,16.844462280447924,16.88176979687695,16.564653730849628,16.620615005493164,1163560.0,0.0,0.0
2000-08-25,16.601956930564572,16.751188045669043,16.210225933534105,16.71388053894043,1139283.0,0.0,0.0
2000-08-28,16.751188045669043,16.807150393951982,16.639264437293185,16.71388053894043,921558.0,0.0,0.0
2000-08-29,16.71388053894043,16.769841799033347,16.601956930564572,16.71388053894043,778956.0,0.0,0.0
2000-08-30,16.751193150818853,17.03100171293888,16.732539391769564,16.975040435791016,786602.0,0.0,0.0
2000-08-31,16.90042825443423,17.12427559163211,16.732543295631128,16.905092239379883,1138710.0,0.0,0.0
2000-09-01,16.919078727411627,17.14292602107566,16.90042496763802,17.086963653564453,1823618.0,0.0,0.0
2000-09-05,16.900426984148243,17.086965692331937,16.639272139776757,16.732542037963867,1764742.0,0.0,0.0
2000-09-06,16.80716019586152,17.068313983456303,16.63927414129184,16.751197814941406,1147503.0,0.0,0.0
2000-09-07,16.80716073784854,16.844468267537913,15.967734790693466,16.266197204589844,2157183.0,0.0,0.0
2000-09-08,16.098313175492198,16.191583093368084,15.706580826242382,15.874466896057129,1932002.0,0.0,0.0
2000-09-11,15.893118330377089,16.284849533966803,15.799848426184463,15.967733383178711,1817309.0,0.0,0.0
2000-09-12,15.930421742251042,16.340807691236822,15.837151862148264,16.09830665588379,705362.0,0.0,0.0
2000-09-13,16.051855042453603,16.108046598927242,15.920742867544426,15.95820426940918,722948.0,0.11509,0.0
2000-09-14,15.88328850881891,16.182973280128504,15.602333899135242,15.752176284790039,2345662.0,0.0,0.0
2000-09-15,15.883291249641982,16.051863826011612,15.714718673272351,15.808370590209961,1793415.0,0.0,0.0
2000-09-18,15.733440442319893,15.883282773871397,15.358835159764633,15.5274076461792,2099836.0,0.0,0.0
2000-09-19,15.508684432331385,15.639796667699983,15.021696909996232,15.283920288085938,2208221.0,0.0,0.0
2000-09-20,15.283916760054693,15.283916760054693,14.684547303951021,14.759469032287598,2255436.0,0.0,0.0
2000-09-21,14.871850025688499,14.984230971267047,14.497243595818526,14.909310340881348,2475456.0,0.0,0.0
2000-09-22,14.909315109265526,15.134078164954815,14.740742544336683,14.890584945678711,1777740.0,0.0,0.0
2000-09-25,14.890575496919721,14.984226255428057,14.497239033244263,14.590890884399414,1247859.0,0.0,0.0
2000-09-26,14.628355604338962,15.20899485298225,14.609625446982358,15.171534538269043,3157879.0,0.0,0.0
2000-09-27,15.134078025817871,15.321381845259038,14.928045135609587,15.134078025817871,1981320.0,0.0,0.0
2000-09-28,15.077882450461662,15.845824354705128,15.077882450461662,15.770902633666992,2385995.0,0.0,0.0
2000-09-29,15.770908215820953,15.976942202116746,15.433763083433767,15.88329029083252,2076898.0,0.0,0.0
2000-10-02,15.883284636092723,15.92074495021085,15.602330094912517,15.677251815795898,1567852.0,0.0,0.0
2000-10-03,15.621063935431435,15.939479958459657,15.583603612480132,15.864558219909668,3840110.0,0.0,0.0
2000-10-04,15.75217370526782,15.789635115032512,15.208995829122758,15.246456146240234,1674708.0,0.0,0.0
2000-10-05,15.265185286086984,15.602330302939558,15.265185286086984,15.47121810913086,2033888.0,0.0,0.0
2000-10-06,15.452492712443178,15.58360494664508,15.377572060126363,15.396302223205566,1926268.0,0.0,0.0
2000-10-09,15.546144620486674,15.58360494664508,15.396302223205566,15.396302223205566,2019551.0,0.0,0.0
2000-10-10,15.508675564217794,15.69597818222132,15.452484013963934,15.489945411682129,1398107.0,0.0,0.0
2000-10-11,15.564866076951219,15.695978237812106,15.265181450025436,15.583596229553223,2172666.0,0.0,0.0
2000-10-12,15.58359622955322,15.808360246070992,15.396293610886325,15.583596229553223,2192164.0,0.0,0.0
2000-10-13,15.583599005057502,15.770901657083787,15.56486884911958,15.71471118927002,1453733.0,0.0,0.0
2000-10-16,15.827097294143014,15.864557615667545,15.415030479431152,15.415030479431152,1597481.0,0.0,0.0
2000-10-17,15.340108031681142,15.56487102703322,15.059153468005634,15.246456146240234,1110228.0,0.0,0.0
2000-10-18,15.246451243424744,15.564866021824793,15.096608930492552,15.489945411682129,1212878.0,0.0,0.0
2000-10-19,15.433762415326935,15.808368951600107,15.321381437827705,15.546144485473633,1346113.0,0.0,0.0
2000-10-20,15.546136816084918,15.920742074906293,15.546136816084918,15.733439445495605,798836.0,0.0,0.0
2000-10-23,15.864558224096916,16.23916363900358,15.808367739655132,15.902018547058105,1059954.0,0.0,0.0
2000-10-24,15.958210825217934,16.29535593197475,15.902019245660176,16.239164352416992,1349936.0,0.0,0.0
2000-10-25,16.23915846527922,16.557573294298535,16.12677753219972,16.50138282775879,1491008.0,0.0,0.0
2000-10-26,16.632494086935864,16.801066569856925,16.29534912109375,16.29534912109375,1491390.0,0.0,0.0
2000-10-27,16.220433683069835,16.78234290519778,16.220433683069835,16.726152420043945,1007577.0,0.0,0.0
2000-10-30,16.557571189388796,17.25059231851271,16.557571189388796,17.156940460205078,1374595.0,0.0,0.0
2000-10-31,17.344249734222995,17.662664624789016,17.194407368506795,17.381710052490234,1725555.0,0.0,0.0
2000-11-01,17.3067847103395,17.550278913539128,17.025830196692855,17.17567253112793,1183058.0,0.0,0.0
2000-11-02,17.194404631738013,17.288055412500068,16.91345010415771,17.269325256347656,1088436.0,0.0,0.0
2000-11-03,17.156938477215085,17.23186017373116,16.894715271025756,17.044557571411133,1242889.0,0.0,0.0
2000-11-06,17.007099095254578,17.2131329765442,16.894718170166016,16.894718170166016,873195.0,0.0,0.0
2000-11-07,16.81980132659206,16.85726164579181,16.463926108899916,16.801071166992188,1260666.0,0.0,0.0
2000-11-08,16.801063423542356,17.17566862818241,16.66995127412431,17.044557571411133,1813104.0,0.0,0.0
2000-11-09,17.04456157375767,17.082021884488622,16.6137647224106,16.83852767944336,1502477.0,0.0,0.0
2000-11-10,16.632492110728744,17.007097341011537,16.613761958479287,16.707412719726562,1530195.0,0.0,0.0
2000-11-13,16.744883671806683,16.875995905014737,16.57631111272418,16.613771438598633,1436720.0,0.0,0.0
2000-11-14,16.688690182768955,16.7636119186015,16.595039378787458,16.669960021972656,1473613.0,0.0,0.0
2000-11-15,16.63249798536452,16.63249798536452,16.12678041806811,16.314083099365234,2379496.0,0.0,0.0
2000-11-16,16.4077322010569,16.520113135169705,15.995665498035462,16.201698303222656,2108821.0,0.0,0.0
2000-11-17,16.35154061738519,16.482652799638327,15.995665474588849,16.1455078125,2202487.0,0.0,0.0
2000-11-20,16.22042741054718,16.520112067439502,16.182967101597384,16.29534912109375,937615.0,0.0,0.0
2000-11-21,16.37027464790766,16.407736060737896,15.677254353934226,16.182971954345703,2471633.0,0.0,0.0
2000-11-22,16.22043419011355,16.314086094278192,15.82709859644641,16.239164352416992,1551795.0,0.0,0.0
2000-11-24,16.201700216248465,16.276621940483814,16.201700216248465,16.220430374145508,374090.0,0.0,0.0
2000-11-27,16.201701910623097,16.65122902510522,16.201701910623097,16.55757713317871,1110228.0,0.0,0.0
2000-11-28,16.501382049505352,16.538842358765113,15.789631802981944,15.995664596557617,1737024.0,0.0,0.0
2000-11-29,16.1455127109101,16.46392763899477,15.82709778282543,16.07059097290039,2046886.0,0.0,0.0
2000-11-30,16.182973033591267,16.182973033591267,15.770906206156301,16.07059097290039,2157183.0,0.0,0.0
2000-12-01,16.145510562903066,16.332813244037432,16.10805024520564,16.257892608642578,1634183.0,0.0,0.0
2000-12-04,16.31408030606916,16.31408030606916,15.958205163272824,16.1455078125,2331707.0,0.0,0.0
2000-12-05,16.089313342181555,16.31407735471003,16.033122885372862,16.2766170501709,1866245.0,0.0,0.0
2000-12-06,16.276623616902572,16.46392630781151,15.939478554737027,16.42646598815918,1633418.0,0.0,0.0
2000-12-07,16.23915005046267,16.46391398544737,16.014387208124436,16.388992309570312,2033123.0,0.0,0.0
2000-12-08,16.482651563885657,17.32551396853961,16.4639214096319,17.025829315185547,2563005.0,0.0,0.0
2000-12-11,17.044557571411133,17.19439987179651,16.969635874895058,17.044557571411133,1306544.0,0.0,0.0
2000-12-12,16.96964327360887,17.550282577340052,16.932182955341634,17.381710052490234,1662665.0,0.0,0.0
2000-12-13,17.447891074188167,18.425574323191466,17.447891074188167,18.068344116210938,2998455.0,0.11509,0.0
2000-12-14,17.823929193445665,18.46318394075082,17.823929193445665,18.425580978393555,4560764.0,0.0,0.0
2000-12-15,18.425575645701773,18.48198007291322,17.899131034638827,17.917932510375977,4804869.0,0.0,0.0
2000-12-18,18.011938167167774,18.35036798850623,17.974335219288218,18.03074073791504,3169348.0,0.0,0.0
2000-12-19,18.030739492747376,18.68879542242548,18.030739492747376,18.444374084472656,1746200.0,0.0,0.0
2000-12-20,18.444377121438922,18.444377121438922,17.673511132177858,17.917932510375977,3089254.0,0.0,0.0
2000-12-21,18.049545814599,18.199958732947582,17.993140284713466,18.181156158447266,2446209.0,0.0,0.0
2000-12-22,18.199956513670298,18.782805541492515,18.16235246606276,18.707599639892578,1582189.0,0.0,0.0
2000-12-26,18.651192170515266,18.651192170515266,18.2187550164505,18.500778198242188,1027649.0,0.0,0.0
2000-12-27,18.65119171142578,18.74519907077327,18.500777742855064,18.65119171142578,1155531.0,0.0,0.0
2000-12-28,18.65119501849222,18.876812720930747,18.538383973657837,18.85801124572754,1470555.0,0.0,0.0
2000-12-29,18.76399919657523,19.046023448000938,18.707594785013004,18.97081756591797,1333879.0,0.0,0.0
2001-01-02,18.895610661955008,19.064823887490586,18.575983486773342,18.61358642578125,1172926.0,0.0,0.0
2001-01-03,18.57598545882749,19.816889158667962,18.57598545882749,19.328048706054688,3711463.0,0.0,0.0
2001-01-04,19.440869696292598,20.66297488273585,19.42206821303138,20.249340057373047,2947608.0,0.0,0.0
2001-01-05,20.098910087895725,20.19291962340237,19.553665311305917,19.647672653198242,4035471.0,0.0,0.0
2001-01-08,19.516073742014566,19.53487522134427,18.858015384628157,19.083635330200195,2111497.0,0.0,0.0
2001-01-09,19.083630776133592,19.40325804207915,19.008424876761715,19.102432250976562,1267166.0,0.0,0.0
2001-01-10,19.140038910394775,19.158840388881856,18.425578340654667,18.726404190063477,1750979.0,0.0,0.0
2001-01-11,18.61359075283475,19.177637162690225,18.53838266372105,18.933218002319336,1509550.0,0.0,0.0
2001-01-12,18.707598122208168,19.00842389781807,18.63239222670943,18.933218002319336,2069634.0,0.0,0.0
2001-01-16,18.85801144309245,18.85801144309245,18.312765366070202,18.707599639892578,1323748.0,0.0,0.0
2001-01-17,18.764003510188036,19.252846243335394,18.66999613597319,19.102432250976562,1718674.0,0.0,0.0
2001-01-18,18.876810651609496,19.1588349423566,18.688795920188014,18.95201873779297,1762257.0,0.0,0.0
2001-01-19,18.839208439330953,18.989622423943388,18.7828040177069,18.933218002319336,1495978.0,0.0,0.0
2001-01-22,18.820410706222646,18.820410706222646,18.275164565060624,18.369173049926758,2102895.0,0.0,0.0
2001-01-23,18.369176534857655,18.59479650261707,18.237565069799317,18.425580978393555,927292.0,0.0,0.0
2001-01-24,18.425580978393555,18.48198542192945,18.105953604740975,18.425580978393555,1612583.0,0.0,0.0
2001-01-25,18.42557489337838,19.027226479631842,17.97433620368828,18.66999626159668,1920533.0,0.0,0.0
2001-01-26,18.40677083658076,18.500778198242188,18.124746557981673,18.500778198242188,1565750.0,0.0,0.0
2001-01-29,18.65119110410839,18.82867646630966,18.33532375464837,18.798595428466797,1077349.0,0.0,0.0
2001-01-30,18.952015634527704,19.246824264526367,18.831684909952376,19.246824264526367,1394093.0,0.0,0.0
2001-01-31,19.313007202580746,19.313007202580746,18.96104172367154,19.072345733642578,1401930.0,0.0,0.0
2001-02-01,19.072348830631075,19.279919655497654,19.072348830631075,19.16861343383789,2555167.0,0.0,0.0
2001-02-02,19.237799299905614,19.252840914339636,19.072343734745854,19.174625396728516,1703763.0,0.0,0.0
2001-02-05,19.11746705661593,19.77928268374206,19.105432888580644,19.36414337158203,1462144.0,0.0,0.0
2001-02-06,19.59879329598924,19.704082425031423,19.5085457844695,19.583751678466797,1075629.0,0.0,0.0
2001-02-07,19.58375762739156,19.749213276783696,19.478468466365868,19.637907028198242,1387020.0,0.0,0.0
2001-02-08,19.658959232977196,19.77327289070996,19.328050237301632,19.529603958129883,1723261.0,0.0,0.0
2001-02-09,19.553667501004412,19.628873382940128,19.403253543518407,19.472444534301758,1587350.0,0.0,0.0
2001-02-12,19.403250623837152,19.758225667453434,19.388209010990465,19.616838455200195,1674708.0,0.0,0.0
2001-02-13,19.71912313513205,20.0801131645992,19.628875627765265,19.983848571777344,1137180.0,0.0,0.0
2001-02-14,19.983846567054215,19.983846567054215,19.535616521105577,19.54163360595703,1164133.0,0.0,0.0
2001-02-15,19.523592697146782,19.77929368353433,19.523592697146782,19.701080322265625,1077158.0,0.0,0.0
2001-02-16,19.76425435051366,20.041014077914227,19.74319783272505,19.977842330932617,1077731.0,0.0,0.0
2001-02-20,20.215485641905595,20.45614712538226,20.17036079114816,20.377931594848633,1799532.0,0.0,0.0
2001-02-21,20.37793308472099,20.486229663395854,20.170362265844588,20.305734634399414,1633227.0,0.0,0.0
2001-02-22,20.305742233839908,20.305742233839908,19.83946286882451,20.065080642700195,2102130.0,0.0,0.0
2001-02-23,19.86953919977417,19.97482834666996,19.403259945587283,19.734169006347656,1931047.0,0.0,0.0
2001-02-26,19.944748584184627,19.97482963265198,19.613839502120285,19.797344207763672,2474500.0,0.0,0.0
2001-02-27,19.82441760875223,20.27565526734819,19.82441760875223,20.15231704711914,1180764.0,0.0,0.0
2001-02-28,20.200455073761578,20.28769518344029,19.8815800789553,19.896621704101562,1470937.0,0.0,0.0
2001-03-01,19.89962228262983,19.920680989288655,19.719127230410948,19.731159210205078,2312783.0,0.0,0.0
2001-03-02,19.613840069478844,19.9597907825917,19.613840069478844,19.887592315673828,2234983.0,0.0,0.0
2001-03-05,19.794335032967194,19.899624189118008,19.018205356622598,19.322038650512695,2738676.0,0.0,0.0
2001-03-06,19.433337906400283,19.538627024692836,19.25284290178868,19.532609939575195,2513878.0,0.0,0.0
2001-03-07,19.348490359736285,19.541674178489885,18.56368439766003,19.001365661621094,3407527.0,0.11509,0.0
2001-03-08,18.971178333289124,18.971178333289124,18.663292201735015,18.70857048034668,2861780.0,0.0,0.0
2001-03-09,18.70856287428325,18.70856287428325,18.379547673461857,18.464065551757812,2392494.0,0.0,0.0
2001-03-12,18.382569998297793,18.41275551093617,17.824151220924804,17.872446060180664,2107674.0,0.0,0.0
2001-03-13,17.899615119207613,17.975076709501987,16.994069432455785,17.893577575683594,2410845.0,0.0,0.0
2001-03-14,17.778875793764943,18.141094299568014,17.567581573668438,17.718505859375,2333619.0,0.0,0.0
2001-03-15,17.809060147323574,18.5033115960939,17.70341304417985,18.442941665649414,1983997.0,0.0,0.0
2001-03-16,18.050542663538273,18.195429427332417,17.778878468186228,17.80000877380371,3292069.0,0.0,0.0
2001-03-19,17.809061835877337,17.8845234306854,17.582674850379913,17.803024291992188,1230082.0,0.0,0.0
2001-03-20,17.806039952816956,18.11090725179781,17.65813446044922,17.65813446044922,2178592.0,0.0,0.0
2001-03-21,17.507209452646784,17.56757827516524,17.14499101485415,17.160083770751953,1281885.0,0.0,0.0
2001-03-22,17.163103504924184,17.27478704343902,16.60166483982092,17.0544376373291,4676604.0,0.0,0.0
2001-03-23,17.114811772978317,17.223476566761917,16.9518134817662,17.205366134643555,3596770.0,0.0,0.0
2001-03-26,17.280825446607366,17.899615336907985,17.160086680560592,17.84226417541504,2113791.0,0.0,0.0
2001-03-27,17.869433812223907,18.141098022460938,17.733602257373796,18.141098022460938,1585247.0,0.0,0.0
2001-03-28,18.09279070739073,18.10486468916715,17.77283184111969,17.863386154174805,1064542.0,0.0,0.0
2001-03-29,17.809052815246066,18.11090124265946,17.688313004066284,18.002235412597656,1074099.0,0.0,0.0
2001-03-30,18.050534227088548,18.11090414234409,17.809055666602607,18.026386260986328,1221480.0,0.0,0.0
2001-04-02,18.23164590225313,18.276923071085385,17.92979737634716,17.984130859375,950804.0,0.0,0.0
2001-04-03,17.86338974318357,18.201460200310464,17.748687443530287,17.99620246887207,1671649.0,0.0,0.0
2001-04-04,18.035443636500734,18.292014981710476,18.035443636500734,18.27692222595215,2784553.0,0.0,0.0
2001-04-05,18.503310073556992,19.01645278930664,18.397662979106393,19.01645278930664,2227910.0,0.0,0.0
2001-04-06,18.714603445040908,18.717621115780634,18.231645162856207,18.63310432434082,1587924.0,0.0,0.0
2001-04-09,18.69347500444771,18.98023079076637,18.675364576064,18.925899505615234,1059380.0,0.0,0.0
2001-04-10,18.925901185635546,19.31830410712276,18.925901185635546,19.107009887695312,1722497.0,0.0,0.0
2001-04-11,19.046638924021664,19.049656594991696,18.684419359336477,18.768936157226562,1352994.0,0.0,0.0
2001-04-12,18.624052703854417,19.1975643301321,18.542553567432158,19.122102737426758,1216319.0,0.0,0.0
2001-04-16,19.061727040746177,19.122098061004905,18.717620149132937,19.031543731689453,1355288.0,0.0,0.0
2001-04-17,18.925899505615234,19.107008191598286,18.44294117543296,18.925899505615234,2355219.0,0.0,0.0
2001-04-18,19.227746271604477,19.81635054716732,19.182468003758366,19.626184463500977,2249511.0,0.0,0.0
2001-04-19,19.620157409699097,19.623175081734423,19.1824761065975,19.375659942626953,1315337.0,0.0,0.0
2001-04-20,19.303205394409375,19.34244611466902,18.97117140899949,19.28811264038086,1208863.0,0.0,0.0
2001-04-23,19.16737433211796,19.60505542942976,19.14020869335175,19.439037322998047,919837.0,0.0,0.0
2001-04-24,19.19756589085207,19.55072811036878,19.152287610903933,19.41791534423828,1374212.0,0.0,0.0
2001-04-25,19.423949285925953,19.614113184077436,18.986268131896555,19.36659812927246,943923.0,0.0,0.0
2001-04-26,19.318301478595693,19.9069057807386,19.288115965335173,19.76503562927246,1420090.0,0.0,0.0
2001-04-27,19.695607193682385,19.882753372192383,19.58996012192557,19.882753372192383,1010636.0,0.0,0.0
2001-04-30,19.81031040716013,19.98236384048572,19.333390827290415,19.48431396484375,1262387.0,0.0,0.0
2001-05-01,19.57487096953866,19.695610816767353,19.11304408036398,19.559778213500977,1584483.0,0.0,0.0
2001-05-02,19.629199101518207,19.725790952977004,19.423942517704354,19.701642990112305,1436911.0,0.0,0.0
2001-05-03,19.665418682412213,19.846527291731,19.514495575003906,19.79521369934082,1002034.0,0.0,0.0
2001-05-04,19.725799406173994,19.786168238669816,19.3092485190554,19.74390983581543,827701.0,0.0,0.0
2001-05-07,19.771077305629294,19.982371540481953,19.499414232707302,19.906909942626953,885812.0,0.0,0.0
2001-05-08,19.83144361851803,19.861629134245774,19.46318869071714,19.635244369506836,848728.0,0.0,0.0
2001-05-09,19.63524321963962,19.873703057134332,19.52959392077949,19.710704803466797,1190130.0,0.0,0.0
2001-05-10,19.92199782333683,20.235919226132523,19.88275709771917,20.20875358581543,1502477.0,0.0,0.0
2001-05-11,20.226869763408374,20.29931369258999,19.958224351429077,20.078964233398438,1013312.0,0.0,0.0
2001-05-14,20.238945515505925,20.284223803055244,20.051799222234777,20.281206130981445,795778.0,0.0,0.0
2001-05-15,20.208751718603914,20.284213291005333,20.11819739150769,20.257047653198242,666366.0,0.0,0.0
2001-05-16,20.257044657713244,20.63435466499869,20.193655977797633,20.62529945373535,1512226.0,0.0,0.0
2001-05-17,20.736990185283485,20.91810108647733,20.691714110789878,20.815471649169922,982345.0,0.0,0.0
2001-05-18,20.755104237137218,21.008656874880128,20.447218105208936,20.60719871520996,1284370.0,0.0,0.0
2001-05-21,20.66756838592143,20.797363482046215,20.495514881980686,20.69775390625,920793.0,0.0,0.0
2001-05-22,20.84262803954884,21.135421261872807,20.6645392908495,20.94223976135254,1257990.0,0.0,0.0
2001-05-23,20.70681317967313,20.903014698108116,20.257058963584843,20.371761322021484,1533253.0,0.0,0.0
2001-05-24,20.163482842035435,20.438165822790808,20.00652208206391,20.193668365478516,1440734.0,0.0,0.0
2001-05-25,20.133289697974273,20.365714178578894,19.952181028014145,20.063865661621094,635399.0,0.0,0.0
2001-05-29,19.922005275084555,20.254037228953557,19.89181975161515,20.24196434020996,661969.0,0.0,0.0
2001-05-30,20.172537564250177,20.214795975390206,19.86767126860024,19.88880157470703,717213.0,0.0,0.0
2001-05-31,19.755984350029443,20.094056002872183,19.713725943692427,20.006519317626953,1984761.0,0.0,0.0
2001-06-01,19.71069800403461,19.71069800403461,19.387719279081608,19.58995819091797,1489288.0,0.0,0.0
2001-06-04,19.393759855781397,19.39677752617962,19.21265120829291,19.35150146484375,2260598.0,0.0,0.0
2001-06-05,19.35150856738259,19.644301942083658,19.333398136201215,19.61713409423828,1478010.0,0.0,0.0
2001-06-06,19.565640629633222,19.623186579519228,19.217334801239677,19.314254760742188,827318.0,0.11509,0.0
2001-06-07,19.17796054903334,19.44146027490979,19.17796054903334,19.429344177246094,990373.0,0.0,0.0
2001-06-08,19.486896739927165,19.4899268696468,19.096191107141774,19.211280822753906,983874.0,0.0,0.0
2001-06-11,19.09618930557143,19.41420492332379,19.050757241007293,19.399063110351562,661014.0,0.0,0.0
2001-06-12,19.338489170398837,19.338489170398837,19.005327285602547,19.17190933227539,822539.0,0.0,0.0
2001-06-13,19.17190249489283,19.353626291409128,18.90537264039995,18.92657470703125,1065880.0,0.0,0.0
2001-06-14,18.869036944128922,18.869036944128922,18.499531142087637,18.693368911743164,1115198.0,0.0,0.0
2001-06-15,18.414720135426727,18.657018924747884,18.17242134610557,18.547985076904297,2142464.0,0.0,0.0
2001-06-18,18.551009534617677,18.73273331661919,18.323854807115783,18.39351463317871,1064924.0,0.0,0.0
2001-06-19,18.62068022925656,19.323347991109564,18.584336335062314,18.953842163085938,1413590.0,0.0,0.0
2001-06-20,18.95383498849945,19.262766806409605,18.62673123037079,19.217334747314453,1554854.0,0.0,0.0
2001-06-21,19.24762202051103,19.562609666922555,19.111330265748784,19.532323837280273,1722879.0,0.0,0.0
2001-06-22,19.59592199397168,19.59592199397168,19.262762469806585,19.380882263183594,1005475.0,0.0,0.0
2001-06-25,19.353632624042966,19.686794499034637,19.262770696054208,19.383920669555664,1217657.0,0.0,0.0
2001-06-26,19.353631622382817,19.383919666327937,19.211279582680135,19.26276969909668,2134244.0,0.0,0.0
2001-06-27,19.323341607713672,19.323341607713672,19.126473759246736,19.13858985900879,1218995.0,0.0,0.0
2001-06-28,19.13858647880154,19.41723022152753,19.13858647880154,19.33242416381836,925381.0,0.0,0.0
2001-06-29,19.383925171127352,19.95938491821289,19.30820503976096,19.95938491821289,1732628.0,0.0,0.0
2001-07-02,19.95938151568722,20.292543411254883,19.762513624794842,20.292543411254883,1858981.0,0.0,0.0
2001-07-03,20.32888318315014,20.437917039673145,20.216819197372953,20.353113174438477,1362361.0,0.0,0.0
2001-07-05,20.356149020997112,20.38340915215361,20.080535247397172,20.125965118408203,1479539.0,0.0,0.0
2001-07-06,20.09566660689858,20.125952432299066,19.614097026432926,19.70193099975586,1220906.0,0.0,0.0
2001-07-09,19.91394867104847,19.929092694151834,19.535356927661873,19.792800903320312,1039500.0,0.0,0.0
2001-07-10,19.686794561654427,19.844288423432612,19.53535654215858,19.611074447631836,512295.0,0.0,0.0
2001-07-11,19.535355251771854,19.79279920534481,19.423293465809344,19.54444122314453,872049.0,0.0,0.0
2001-07-12,19.48992376803625,20.107785229648375,19.35362979172447,20.10475730895996,1083084.0,0.0,0.0
2001-07-13,20.0502416102856,20.55301122456703,20.026011616311237,20.44397735595703,1638771.0,0.0,0.0
2001-07-16,20.559068353288584,20.6499302744807,20.44094851830359,20.54392433166504,1148459.0,0.0,0.0
2001-07-17,20.574210353594665,20.574210353594665,20.101726642975603,20.322824478149414,1442646.0,0.0,0.0
2001-07-18,20.26225655326336,20.368262516777904,19.810974780089875,19.944238662719727,1120741.0,0.0,0.0
2001-07-19,20.14110006538186,20.504547703828546,20.14110006538186,20.383399963378906,3008969.0,0.0,0.0
2001-07-20,20.45305094841114,20.565114878784478,20.383391138239766,20.46819496154785,1745053.0,0.0,0.0
2001-07-23,20.534846949764276,20.595423061596378,20.337979003410123,20.368267059326172,1332923.0,0.0,0.0
2001-07-24,20.51363427305179,20.637814354745103,20.286480596662848,20.322824478149414,2425182.0,0.0,0.0
2001-07-25,20.259225920533744,20.56512990895239,20.259225920533744,20.522727966308594,1347642.0,0.0,0.0
2001-07-26,20.549979762908823,20.549979762908823,20.14110006538186,20.383399963378906,1740656.0,0.0,0.0
2001-07-27,20.398546846397984,20.453062674687995,20.33494283817711,20.41368865966797,699245.0,0.0,0.0
2001-07-30,20.443977271275052,20.580271262884946,20.189563439872703,20.195621490478516,1061674.0,0.0,0.0
2001-07-31,20.247111974852654,20.38340598380026,20.219854056482948,20.3016300201416,1056895.0,0.0,0.0
2001-08-01,20.365236607800107,20.646908425475566,20.337976477441323,20.586332321166992,856183.0,0.0,0.0
2001-08-02,20.595413208007812,20.637815140873617,20.53483712515749,20.595413208007812,912000.0,0.0,0.0
2001-08-03,20.595417687979957,20.807427398425915,20.368261744977737,20.755939483642578,1403077.0,0.0,0.0
2001-08-06,20.898283652630976,21.170871593549272,20.731703850941173,20.90131378173828,1539370.0,0.0,0.0
2001-08-07,20.86799907205799,21.004293050685487,20.625699156397783,20.87102699279785,1465011.0,0.0,0.0
2001-08-08,21.004296278593557,21.12544404649242,20.777140348821767,20.93160629272461,1400210.0,0.0,0.0
2001-08-09,20.871027072311662,20.928573026431565,20.34099959367787,20.347055435180664,1422766.0,0.0,0.0
2001-08-10,20.39854809853231,20.480321845986882,20.071444274516693,20.356143951416016,1319160.0,0.0,0.0
2001-08-13,20.35614227970612,20.35614227970612,20.01086654016683,20.150188446044922,1200835.0,0.0,0.0
2001-08-14,20.019960403442383,20.231972370992835,19.92909844714219,20.019960403442383,1109654.0,0.0,0.0
2001-08-15,20.05023904488204,20.065383065247016,19.502037433834435,19.641359329223633,1359685.0,0.0,0.0
2001-08-16,19.626215837847013,19.641359858620167,19.29911205650381,19.402090072631836,2280095.0,0.0,0.0
2001-08-17,19.353627945631,19.717075569728724,19.308195888344386,19.532323837280273,2136729.0,0.0,0.0
2001-08-20,19.626219782677772,19.853375722834894,19.56261576606586,19.720111846923828,1316101.0,0.0,0.0
2001-08-21,19.732222474189424,19.732222474189424,19.535354614257812,19.535354614257812,1305779.0,0.0,0.0
2001-08-22,19.514157870664835,19.535359947997446,18.9296121815053,19.050762176513672,1732246.0,0.0,0.0
2001-08-23,19.123445587067224,19.56564126013552,19.111331696013487,19.26882553100586,1333688.0,0.0,0.0
2001-08-24,19.277909274547795,19.459633079204803,19.15675933526022,19.28093719482422,745504.0,0.0,0.0
2001-08-27,19.323340676654258,19.42934660599406,19.159788797589925,19.217334747314453,594301.0,0.0,0.0
2001-08-28,19.3506049240203,19.368776868115827,18.929609037360915,19.08104705810547,808394.0,0.0,0.0
2001-08-29,19.153737387852722,19.202195170130036,18.8387474474791,19.17190933227539,1132593.0,0.0,0.0
2001-08-30,19.168876999126446,19.18099309971513,18.445009558250632,18.460153579711914,1801826.0,0.0,0.0
2001-08-31,18.44500618828563,18.717591899138956,18.33900026597344,18.675189971923828,1748876.0,0.0,0.0
2001-09-04,18.76605991283028,19.380893642147758,18.71759991567277,18.987157821655273,1061101.0,0.0,0.0
2001-09-05,18.99019020266831,19.6262238757857,18.80846629606334,19.520217895507812,1995466.0,0.0,0.0
2001-09-06,19.520204121074922,19.520204121074922,19.286992454159353,19.380882263183594,2094675.0,0.0,0.0
2001-09-07,19.323348008870223,19.326378139089005,18.9720141276208,19.050762176513672,1962396.0,0.0,0.0
2001-09-10,19.035612538833814,19.474780313053987,18.838744683193546,19.29911231994629,1776402.0,0.0,0.0
2001-09-12,,,,,,0.23,0.0
2001-09-17,19.0230470495297,19.09956721857764,18.619018369645712,18.671052932739258,2536625.0,0.12032,0.0
2001-09-18,18.671054382399703,18.961832832918425,18.24253783134052,18.502708435058594,2325590.0,0.0,0.0
2001-09-19,18.65574587756519,19.09038234188232,17.905843190916624,18.499643325805664,2235556.0,0.0,0.0
2001-09-20,18.043590370862542,18.187449644870632,16.926387388840368,17.00290870666504,3471564.0,0.0,0.0
2001-09-21,16.375431822793477,17.72219600669355,16.222390362170174,17.64873695373535,3946393.0,0.0,0.0
2001-09-24,17.814021344282757,18.42006608730311,17.814021344282757,18.113983154296875,2093719.0,0.0,0.0
2001-09-25,17.997669594016553,18.181318885188958,17.416111645345797,17.5875186920166,4268871.0,0.0,0.0
2001-09-26,17.538550250583572,17.62425379835419,17.152885959578597,17.308988571166992,2905172.0,0.0,0.0
2001-09-27,17.47732717993661,17.982363810000642,17.416110381994798,17.862991333007812,1755375.0,0.0,0.0
2001-09-28,17.967052712690812,18.447603562524186,17.95787047537586,18.398630142211914,1830499.0,0.0,0.0
2001-10-01,18.349663116902118,18.349663116902118,17.8752343372528,17.939512252807617,2503747.0,0.0,0.0
2001-10-02,17.93951087243927,18.257837074940014,17.691583701761537,17.921146392822266,2058738.0,0.0,0.0
2001-10-03,17.921151703269103,18.44149179964434,17.67628446265131,18.276206970214844,2608500.0,0.0,0.0
2001-10-04,18.2425309086432,18.74450744070331,17.997664879235014,18.658803939819336,1470363.0,0.0,0.0
2001-10-05,18.658813116989545,18.747576663867413,18.426189214461917,18.680238723754883,803233.0,0.0,0.0
2001-10-08,18.563920213783717,18.609833648264704,18.380270939758905,18.48740005493164,1302529.0,0.0,0.0
2001-10-09,18.48740058581583,18.61901642343466,18.349663626341968,18.44148826599121,800939.0,0.0,0.0
2001-10-10,18.41088259218911,19.007745052124495,18.19662433046743,18.940404891967773,1482788.0,0.0,0.0
2001-10-11,19.06895599101291,19.436254501342773,18.931217933664545,19.436254501342773,1258755.0,0.0,0.0
2001-10-12,19.43625555602713,19.57399362084968,18.609832746965463,19.344430923461914,1861657.0,0.0,0.0
2001-10-15,19.084269758404105,19.919876284957596,19.016931814191427,19.895389556884766,2890262.0,0.0,0.0
2001-10-16,19.898451038794683,20.56877275862979,19.8341730938357,20.293298721313477,1806031.0,0.0,0.0
2001-10-17,20.323906158532584,20.323906158532584,19.476057291794664,19.521970748901367,2286977.0,0.0,0.0
2001-10-18,19.497479317096666,19.650519673317852,19.28322103282691,19.3597412109375,1864142.0,0.0,0.0
2001-10-19,19.329132371357733,19.919873774689126,19.07508511056095,19.843351364135742,2313930.0,0.0,0.0
2001-10-22,19.843346539589884,20.155551649280348,19.61684606249167,20.109638214111328,1390652.0,0.0,0.0
2001-10-23,20.10351877341116,20.35450597659801,19.89232053681639,19.987207412719727,1931811.0,0.0,0.0
2001-10-24,20.033125449337813,20.06985665742227,19.83417162072748,19.895389556884766,836494.0,0.0,0.0
2001-10-25,19.742343325389523,19.788256769081595,19.543389533290558,19.69643211364746,1623670.0,0.0,0.0
2001-10-26,19.733165558216147,19.97803284953928,19.708678829083834,19.877023696899414,889061.0,0.0,0.0
2001-10-29,19.877021424425372,19.877021424425372,19.31383118267088,19.4025936126709,1220524.0,0.0,0.0
2001-10-30,19.329131503458118,19.466869604319474,19.059779772644852,19.283220291137695,916014.0,0.0,0.0
2001-10-31,19.283215245734922,19.635209298576672,19.261788530958274,19.344430923461914,939526.0,0.0,0.0
2001-11-01,19.298524900469925,19.433200766769176,19.160786798695653,19.36280059814453,1207908.0,0.0,0.0
2001-11-02,19.362801856411565,19.727040505354168,19.255672710725495,19.65052032470703,1279208.0,0.0,0.0
2001-11-05,19.83723336753309,19.987213736299356,19.71173749428547,19.80356216430664,1575690.0,0.0,0.0
2001-11-06,19.800500326111862,20.063732064031285,19.79744032244309,20.04842758178711,1265828.0,0.0,0.0
2001-11-07,19.895381195499123,20.109637186153492,19.895381195499123,20.097394943237305,1413208.0,0.0,0.0
2001-11-08,20.0667880615482,20.62079815565338,19.98720789449617,20.46163558959961,2483102.0,0.0,0.0
2001-11-09,20.538152260348504,20.66058584108479,20.44632763278362,20.626916885375977,1511653.0,0.0,0.0
2001-11-12,20.492248179784276,20.568768357339977,19.99027144039665,20.082096099853516,1776402.0,0.0,0.0
2001-11-13,20.354513689382767,20.721812392438817,20.216775559761494,20.629987716674805,1651005.0,0.0,0.0
2001-11-14,20.783024668711043,20.98197845065445,20.685077779394305,20.874849319458008,1547016.0,0.0,0.0
2001-11-15,20.75241124176718,20.880967064316877,20.68507332784093,20.813629150390625,2252187.0,0.0,0.0
2001-11-16,20.783023894671878,20.8044483809433,20.247378258639156,20.56876564025879,1664959.0,0.0,0.0
2001-11-19,20.629984228401465,21.09522976879204,20.599377496289016,20.920764923095703,1873127.0,0.0,0.0
2001-11-20,20.828934061081547,20.890151977539062,20.663649257765776,20.890151977539062,1188219.0,0.0,0.0
2001-11-21,20.767718121122197,20.767718121122197,20.40041955469383,20.45551300048828,605196.0,0.0,0.0
2001-11-23,20.400422536985932,20.614680809374306,20.232075476137922,20.59325408935547,797498.0,0.0,0.0
2001-11-26,20.645280312462116,20.69119373987958,20.461631066690707,20.663644790649414,866314.0,0.0,0.0
2001-11-27,20.590193193527423,20.868727150000694,20.40042165283524,20.66059112548828,945643.0,0.0,0.0
2001-11-28,20.660590544808066,20.72792847155628,20.415723327587447,20.61467933654785,1230846.0,0.0,0.0
2001-11-29,20.614682125353212,21.11971664428711,20.568768678931868,21.11971664428711,1583909.0,0.0,0.0
2001-11-30,21.10440599248329,21.2574462890625,20.936058987907053,21.2574462890625,1768183.0,0.0,0.0
2001-12-03,21.180928155952497,21.193170398785902,20.90545425673144,21.058494567871094,1185925.0,0.0,0.0
2001-12-04,21.058503418297985,21.242152761629146,20.890158558902822,21.226850509643555,1459085.0,0.0,0.0
2001-12-05,21.211545126897114,21.77473761295504,21.135022710459662,21.762493133544922,2017449.0,0.0,0.0
2001-12-06,21.685963549544006,21.685963549544006,21.33702951685149,21.56352996826172,2298064.0,0.0,0.0
2001-12-07,21.089111165838446,21.18093583219055,20.706505785429364,20.884035110473633,2572371.0,0.0,0.0
2001-12-10,20.88403191193064,21.012585532354542,20.67589588461342,20.880971908569336,1138901.0,0.0,0.0
2001-12-11,20.844239121183506,21.027888411775475,20.737109996346565,20.936063766479492,824642.0,0.0,0.0
2001-12-12,21.006701243715767,21.206326276248614,20.837788443720363,20.997488021850586,1215172.0,0.12032,0.0
2001-12-13,20.920712777197465,20.923783105113646,20.11606963353901,20.2542724609375,1571484.0,0.0,0.0
2001-12-14,20.10071367182219,20.13142590914605,19.747531900520297,20.023935317993164,2275508.0,0.0,0.0
2001-12-17,20.10071105668647,20.377116677679137,19.993220479518286,20.21741485595703,1418178.0,0.0,0.0
2001-12-18,20.300324672199906,20.776352823543043,20.278827912549815,20.539875030517578,1511079.0,0.0,0.0
2001-12-19,20.57672957877381,21.26773874472341,20.542944798351602,20.84084701538086,1556192.0,0.0,0.0
2001-12-20,20.902285443535987,21.14490628355383,20.6197391448994,20.678091049194336,806674.0,0.0,0.0
2001-12-21,20.699584363946006,20.7702220465425,20.32797622680664,20.32797622680664,2368600.0,0.0,0.0
2001-12-24,20.512242579324305,20.736436908307798,20.49995679280145,20.613590240478516,399896.0,0.0,0.0
2001-12-26,20.59208383585347,20.917627948515456,20.59208383585347,20.767139434814453,625841.0,0.0,0.0
2001-12-27,20.77635868693905,20.856209575406403,20.622802042323013,20.831640243530273,756400.0,0.0,0.0
2001-12-28,20.877712301007087,20.905351964488226,20.72722595625404,20.862356185913086,586081.0,0.0,0.0
2001-12-31,20.831645933825502,21.00670163145561,20.63816379212492,20.647377014160156,648971.0,0.0,0.0
2002-01-02,20.71493893583118,21.221679506381243,20.506100709835035,21.175613403320312,1976159.0,0.0,0.0
2002-01-03,21.129552785235166,21.46738070226362,20.914571587078953,21.144908905029297,1340569.0,0.0,0.0
2002-01-04,21.14490716574794,21.267753874515382,21.11419492868593,21.19097328186035,2048416.0,0.0,0.0
2002-01-07,21.1909616359972,21.206317746088992,21.003622467627903,21.037405014038086,1213833.0,0.0,0.0
2002-01-08,21.037407469981233,21.17561023746197,20.853138606326677,21.132612228393555,1467114.0,0.0,0.0
2002-01-09,21.07119552313879,21.20939832671159,20.684231256303313,20.70265769958496,1257990.0,0.0,0.0
2002-01-10,20.71493539629709,20.92070326008988,20.650442863031547,20.79171371459961,842611.0,0.0,0.0
2002-01-11,20.86850181042097,21.114192965632554,20.71494287886838,20.73029899597168,731359.0,0.0,0.0
2002-01-14,20.776357772798193,20.94527276181938,20.73643456980081,20.90227699279785,827127.0,0.0,0.0
2002-01-15,21.03741181376714,21.375239626541305,20.945277362916023,21.07733726501465,856183.0,0.0,0.0
2002-01-16,20.94528349801081,21.117268901733283,20.902287706950382,20.911500930786133,770354.0,0.0,0.0
2002-01-17,20.88999765397498,21.031270789771515,20.714941957845376,20.893070220947266,980816.0,0.0,0.0
2002-01-18,20.807076433411925,21.074266588796647,20.807076433411925,20.985204696655273,941247.0,0.0,0.0
2002-01-22,20.914562105765935,21.172538978707166,20.883852119580396,21.160255432128906,854080.0,0.0,0.0
2002-01-23,21.14490223307495,21.16025834802369,20.567523956298828,20.567523956298828,1374212.0,0.0,0.0
2002-01-24,20.641227123136684,20.761003447956252,20.346397399503054,20.453887939453125,2422888.0,0.0,0.0
2002-01-25,20.361760273274612,20.80707645283814,20.22355746473128,20.785579681396484,2107100.0,0.0,0.0
2002-01-28,20.724155357440665,20.79479304568456,20.592095442468427,20.647377014160156,782779.0,0.0,0.0
2002-01-29,20.650456235907882,20.714948810937695,20.35869440635516,20.407833099365234,889444.0,0.0,0.0
2002-01-30,20.41703508446172,20.515312416378617,20.208196873878226,20.503028869628906,1776785.0,0.0,0.0
2002-01-31,20.515317888233557,20.724156154518493,20.370974418156145,20.714942932128906,2029683.0,0.0,0.0
2002-02-01,20.83778212881179,20.856208566957996,20.638157156775467,20.718008041381836,1436529.0,0.0,0.0
2002-02-04,20.684220283499485,20.684220283499485,19.8703622491825,19.971712112426758,1897786.0,0.0,0.0
2002-02-05,20.048493211612936,20.226619159518226,19.962501683586844,20.13141441345215,2875734.0,0.0,0.0
2002-02-06,20.28497165563906,20.469242740529076,20.208193343297875,20.426244735717773,1729761.0,0.0,0.0
2002-02-07,20.487680073192905,21.252397755984376,20.487680073192905,21.19097328186035,2486543.0,0.0,0.0
2002-02-08,21.19096169309704,21.789838790893555,21.1141833819106,21.789838790893555,3933394.0,0.0,0.0
2002-02-11,21.80520068425177,22.603703028610585,21.80520068425177,22.514638900756836,3868975.0,0.0,0.0
2002-02-12,22.533058749137968,22.708114386767072,22.31193477764247,22.46242332458496,4250520.0,0.0,0.0
2002-02-13,22.51156172635492,23.174931459735443,22.471638520866446,22.75418472290039,5911082.0,0.0,0.0
2002-02-14,22.757259707480994,22.95381440633611,22.465500226043055,22.514638900756836,3336991.0,0.0,0.0
2002-02-15,22.517707148402664,22.818679823616794,22.342651475707914,22.511564254760742,2415051.0,0.0,0.0
2002-02-19,22.496211648177425,22.956883907693495,22.2781579471757,22.846323013305664,2237468.0,0.0,0.0
2002-02-20,22.849392067689767,23.80145100362684,22.846321740606744,23.61717987060547,4178837.0,0.0,0.0
2002-02-21,23.340769111531984,23.340769111531984,22.94459178818527,23.190282821655273,5871896.0,0.0,0.0
2002-02-22,22.987587722607245,23.371481504910623,22.926163284171945,23.193355560302734,1876567.0,0.0,0.0
2002-02-25,22.95687665393682,23.38683878661541,22.94459310932172,23.368410110473633,2165785.0,0.0,0.0
2002-02-26,23.36841492315082,23.402199716628946,23.141150265391737,23.331562042236328,2049371.0,0.0,0.0
2002-02-27,23.43291006031232,23.494334515409708,23.104297735564984,23.380701065063477,1548737.0,0.0,0.0
2002-02-28,23.432910919189453,23.709316498298843,23.294710369114757,23.432910919189453,1995466.0,0.0,0.0
2002-03-01,23.356135887042957,23.485125474116668,23.26400142748187,23.42984390258789,2714399.0,0.0,0.0
2002-03-04,23.2947237835375,23.429854084352446,23.17187703757787,23.310077667236328,2659920.0,0.0,0.0
2002-03-05,23.26399831753884,23.80145112603182,23.211789319978955,23.635608673095703,1975586.0,0.0,0.0
2002-03-06,23.481591330272625,23.771143574701817,23.164314325913956,23.70029640197754,2157565.0,0.12032,0.0
2002-03-07,23.749584197998047,23.795788391118506,23.54936078669204,23.749584197998047,1510124.0,0.0,0.0
2002-03-08,23.826589540914224,23.996008636995604,23.309089169072145,23.44770622253418,1836616.0,0.0,0.0
2002-03-11,23.59556442175006,23.7002954111716,23.302928166595695,23.614046096801758,1139283.0,0.0,0.0
2002-03-12,23.54935709801838,23.55243662834633,23.176632849660624,23.272125244140625,2039240.0,0.0,0.0
2002-03-13,23.17971492899075,23.370695228060033,23.07189991940491,23.256723403930664,1400974.0,0.0,0.0
2002-03-14,23.2567248951112,23.358376358092745,23.158152962695294,23.16431427001953,1032619.0,0.0,0.0
2002-03-15,23.11810531803158,23.76190009303226,23.010292559460943,23.6232852935791,3008204.0,0.0,0.0
2002-03-18,23.518561547147662,23.934410605549232,23.518561547147662,23.780393600463867,1760536.0,0.0,0.0
2002-03-19,23.918993703413225,24.24243191003961,23.86354869395196,23.980602264404297,2526494.0,0.0,0.0
2002-03-20,23.81118740093606,23.955965761426032,23.577080196782674,23.62944793701172,1783284.0,0.0,0.0
2002-03-21,23.743421649543198,23.743421649543198,23.41074249168644,23.47235107421875,1594423.0,0.0,0.0
2002-03-22,23.472348317857865,23.472348317857865,23.213598141709124,23.287527084350586,1308837.0,0.0,0.0
2002-03-25,23.34913424854489,23.44154486860362,23.09962490052845,23.10886573791504,1204849.0,0.0,0.0
2002-03-26,23.071895431962535,23.416897106195098,23.065736372424105,23.155067443847656,2125833.0,0.0,0.0
2002-03-27,23.155073161433833,23.389180375088284,23.010294795068145,23.19511604309082,1600922.0,0.0,0.0
2002-03-28,23.26904271625774,23.68181207651442,23.19511377503896,23.441543579101562,1185160.0,0.0,0.0
2002-04-01,23.441548613117362,23.88820188657627,23.14275325384815,23.718780517578125,1449719.0,0.0,0.0
2002-04-02,23.59556376077981,23.598643291137865,23.041097801410682,23.346052169799805,1850570.0,0.0,0.0
2002-04-03,23.416906929042888,23.771147341178708,23.256728636197185,23.41074562072754,2176681.0,0.0,0.0
2002-04-04,23.641770531740786,23.734181160706253,23.2413237241594,23.43230628967285,1863378.0,0.0,0.0
2002-04-05,23.56475291200737,24.162341114792184,23.56475291200737,24.026805877685547,1320307.0,0.0,0.0
2002-04-08,24.042208017573518,24.10689610662612,23.86970719549731,24.026805877685547,1509359.0,0.0,0.0
2002-04-09,23.965202339387563,24.32252438911131,23.749576848371895,24.21162986755371,2585179.0,0.0,0.0
2002-04-10,24.18083619227398,24.612085077241176,24.08842331028826,24.60284423828125,2414860.0,0.0,0.0
2002-04-11,24.427260324717427,24.504271048731326,24.1654306016489,24.36565399169922,2591296.0,0.0,0.0
2002-04-12,24.334841936868393,24.33792146636911,23.90359100477397,24.026805877685547,1819412.0,0.0,0.0
2002-04-15,24.057616458298547,24.279403287626717,23.857393079699577,24.02065086364746,1972718.0,0.0,0.0
2002-04-16,24.020659948701542,24.020659948701542,23.518561547147662,23.780393600463867,2564725.0,0.0,0.0
2002-04-17,23.734178008939082,23.78038444038239,23.349133398349238,23.715696334838867,2424417.0,0.0,0.0
2002-04-18,23.48774528503418,23.589398972353823,23.256719895070418,23.48774528503418,1835278.0,0.0,0.0
2002-04-19,23.65716912543578,23.89127631648911,23.55859720368854,23.80502700805664,1513947.0,0.0,0.0
2002-04-22,23.73417945672284,23.78038589098474,23.570921663955183,23.687973022460938,917161.0,0.0,0.0
2002-04-23,23.780386847536903,23.934403808886,23.660251461339328,23.75882339477539,1409576.0,0.0,0.0
2002-04-24,23.795789005562803,23.841995446069536,23.62329035186804,23.718780517578125,1120741.0,0.0,0.0
2002-04-25,23.68797345321561,23.68797345321561,23.10270541907948,23.19511604309082,2814373.0,0.0,0.0
2002-04-26,23.423071321383677,23.64177645653791,23.195123099442753,23.201284408569336,1672988.0,0.0,0.0
2002-04-29,23.25671913577812,23.25671913577812,22.67145123973661,22.75153923034668,1646608.0,0.0,0.0
2002-04-30,22.779263892098943,22.78234566838591,22.43118489754074,22.57904052734375,3459139.0,0.0,0.0
2002-05-01,22.563647784286907,23.013380615046373,22.47431667511048,22.850120544433594,1824573.0,0.0,0.0
2002-05-02,22.911714377717203,23.179707558902464,22.911714377717203,23.059572219848633,1585630.0,0.0,0.0
2002-05-03,23.127352776646113,23.13351408506379,22.72998544589662,22.834718704223633,1693250.0,0.0,0.0
2002-05-06,22.76386859997296,22.964092005228135,22.203241268303994,22.252527236938477,954054.0,0.0,0.0
2002-05-07,22.486625333003033,22.579035925116333,21.90751880601353,22.024572372436523,2248555.0,0.0,0.0
2002-05-08,22.271013508301643,23.04110291858353,22.224807065511936,22.97333526611328,1776402.0,0.0,0.0
2002-05-09,22.933290174152194,23.42614766719027,22.683780773488795,22.948692321777344,1905050.0,0.0,0.0
2002-05-10,22.96101163976811,22.96101163976811,22.545162657722436,22.572887420654297,1138327.0,0.0,0.0
2002-05-13,22.77926707419336,23.24132243967728,22.72074027087674,23.219758987426758,1619082.0,0.0,0.0
2002-05-14,23.441543521834326,23.758820489919373,23.0564989193458,23.712614059448242,1979791.0,0.0,0.0
2002-05-15,23.595562463078394,23.641766646872217,23.284444558698283,23.456945419311523,1677002.0,0.0,0.0
2002-05-16,23.610972120211812,23.90052669438532,23.580170067014276,23.67258071899414,1274812.0,0.0,0.0
2002-05-17,23.644844822258293,23.79886400052901,23.46926444151677,23.657167434692383,1521211.0,0.0,0.0
2002-05-20,23.44770334921859,23.55243432443761,22.97948899837455,23.376853942871094,2181268.0,0.0,0.0
2002-05-21,23.37378265726271,23.684898408822622,22.91788851191475,22.991817474365234,1155340.0,0.0,0.0
2002-05-22,22.994904045593607,23.272138301209246,22.982583671176542,23.17048454284668,1182484.0,0.0,0.0
2002-05-23,23.232090050776524,23.466197349181332,23.127356774345753,23.379945755004883,784117.0,0.0,0.0
2002-05-24,23.45079273063295,23.4969991775998,23.161238169743847,23.188962936401367,719507.0,0.0,0.0
2002-05-28,23.256724822008472,23.287529112339858,22.964090802439188,23.031858444213867,897854.0,0.0,0.0
2002-05-29,23.17971269173531,23.44462190980787,23.17971269173531,23.29676628112793,1282267.0,0.0,0.0
2002-05-30,23.284441689944845,23.456942529305167,23.108861320775247,23.139665603637695,1631698.0,0.0,0.0
2002-05-31,23.21051549481322,23.78038356398165,23.21051549481322,23.349132537841797,1445513.0,0.0,0.0
2002-06-03,23.352213145801432,23.808107172938765,23.352213145801432,23.567838668823242,2312401.0,0.0,0.0
2002-06-04,23.564765609541187,23.77730941442165,23.53396131316679,23.620210647583008,1829926.0,0.0,0.0
2002-06-05,23.80558507184665,24.14544493841365,23.73761354912339,24.133085250854492,1772962.0,0.12032,0.0
2002-06-06,24.099105200396618,24.207242353886972,23.76851389468151,23.8210391998291,1595379.0,0.0,0.0
2002-06-07,23.79013076801853,23.86737091103706,23.542961859769203,23.712890625,2343368.0,0.0,0.0
2002-06-10,23.69745207837849,23.774692253771537,23.342145919799805,23.342145919799805,1543958.0,0.0,0.0
2002-06-11,23.363758290325336,23.527509438804085,23.22781530091643,23.274158477783203,1639344.0,0.0,0.0
2002-06-12,23.11042254025525,23.11351133612833,22.603722587056883,22.63153076171875,2963474.0,0.0,0.0
2002-06-13,22.646980293313838,22.705685447062994,22.152639957492912,22.23297119140625,1978453.0,0.0,0.0
2002-06-14,22.183528930356903,22.739663015638115,22.09084029163513,22.5079402923584,2059120.0,0.0,0.0
2002-06-17,22.86325002898114,23.113510069517577,22.616081037099427,23.017732620239258,2505658.0,0.0,0.0
2002-06-18,23.017719494546185,23.58929957447459,22.95592559210011,23.329771041870117,2891218.0,0.0,0.0
2002-06-19,23.342146765232172,23.66037837209262,23.326698279003814,23.644929885864258,2433402.0,0.0,0.0
2002-06-20,23.64491789572677,23.960060546715848,23.51206368507353,23.780860900878906,2578297.0,0.0,0.0
2002-06-21,23.51206494467503,23.635650525502328,22.430696181574,22.585176467895508,3205285.0,0.0,0.0
2002-06-24,22.58517954727143,23.079519685031272,22.338010604866742,22.798362731933594,2852604.0,0.0,0.0
2002-06-25,23.05789380677575,23.33595971416787,22.937397003173828,22.937397003173828,2242629.0,0.0,0.0
2002-06-26,22.937398036334617,22.977563639344424,22.52338907818503,22.844709396362305,2294241.0,0.0,0.0
2002-06-27,23.119682961327523,23.21855142952886,22.399800025043135,23.079517364501953,2567019.0,0.0,0.0
2002-06-28,23.342148146442348,24.031134451747672,23.326699659299862,23.45028305053711,3024835.0,0.0,0.0
2002-07-01,23.567684821308504,23.84883955233792,22.977564935672998,23.094970703125,3192478.0,0.0,0.0
2002-07-02,23.020815720662345,23.04244404409101,22.582089685812583,22.789093017578125,2087029.0,0.0,0.0
2002-07-03,22.832354288426856,22.863249002931266,22.229874687804095,22.677871704101562,2591869.0,0.0,0.0
2002-07-05,22.724216397230506,23.357590691229035,22.616079267695373,23.3236026763916,1051734.0,0.0,0.0
2002-07-08,23.280347120708942,23.388484244881617,22.801455429630305,23.11041831970215,1680060.0,0.0,0.0
2002-07-09,22.98682955104674,23.280343918296964,22.449235052393732,22.464683532714844,1604745.0,0.0,0.0
2002-07-10,22.724210346874077,23.048621649104458,21.93635368347168,21.93635368347168,3579949.0,0.0,0.0
2002-07-11,21.781876624938967,21.874565260313346,21.472913756040878,21.581050872802734,3531778.0,0.0,0.0
2002-07-12,21.581048703173384,22.121734232625368,21.56868901812578,21.95180320739746,2534523.0,0.0,0.0
2002-07-15,21.920898913481075,21.936345133609738,21.00945927842699,21.543962478637695,3047773.0,0.0,0.0
2002-07-16,21.235009554336898,21.642840870187193,20.802463373720208,20.879703521728516,2965768.0,0.0,0.0
2002-07-17,21.287539570438355,21.3555110960338,20.777750875521722,21.19485092163086,2908804.0,0.0,0.0
2002-07-18,21.358598541968355,21.60267871017015,20.703598197663425,20.734495162963867,2082250.0,0.0,0.0
2002-07-19,20.669609987261357,20.669609987261357,19.826141408722116,19.928098678588867,2069634.0,0.0,0.0
2002-07-22,19.92810291222825,20.190722636047578,19.464659653945418,19.869400024414062,2322149.0,0.0,0.0
2002-07-23,19.869391629421454,20.308119831316823,19.529534134590445,19.585145950317383,3492017.0,0.0,0.0
2002-07-24,19.40285850764,20.675786539755038,19.390501076721424,20.626352310180664,2704077.0,0.0,0.0
2002-07-25,20.65415634752217,22.090833163561427,20.63870787056156,22.05375862121582,5118937.0,0.0,0.0
2002-07-26,22.053760237919583,22.053760237919583,21.611943226846925,21.812768936157227,3422055.0,0.0,0.0
2002-07-29,21.93635870946408,22.189709769425868,21.862207344569214,21.87456703186035,3527572.0,0.0,0.0
2002-07-30,21.93635225500203,22.07538630488993,21.621211863112787,21.812768936157227,3060963.0,0.0,0.0
2002-07-31,21.89002140740965,22.24532759194505,21.661389660481255,22.21752166748047,3003617.0,0.0,0.0
2002-08-01,22.217522107656436,22.430707624962338,21.96726202366323,22.26077651977539,2723575.0,0.0,0.0
2002-08-02,22.37508944188855,22.399806566156695,21.596503406868415,21.70772933959961,2957166.0,0.0,0.0
2002-08-05,21.85602461346036,21.998147466178025,20.623262123066837,20.725221633911133,3144307.0,0.0,0.0
2002-08-06,21.00947161793445,21.720086026239716,20.947677689329293,21.4821834564209,2495336.0,0.0,0.0
2002-08-07,21.741712401543726,21.90237256284254,21.398763753043095,21.818952560424805,1739318.0,0.0,0.0
2002-08-08,21.846759077919735,22.22060240993423,21.62739379903591,22.168079376220703,2175916.0,0.0,0.0
2002-08-09,22.152626516892184,22.236046496515417,21.93635232876158,22.029043197631836,1828205.0,0.0,0.0
2002-08-12,21.95490118844631,22.090844249198973,21.574875673950146,21.99815559387207,1453351.0,0.0,0.0
2002-08-13,21.874567655514497,22.362730258419106,21.695370208289226,21.8405818939209,2053003.0,0.0,0.0
2002-08-14,22.075391819519133,22.653151977420702,21.584140457009596,22.616077423095703,2035226.0,0.0,0.0
2002-08-15,22.616074186020423,23.16911714423054,22.569728746797118,22.863243103027344,2604103.0,0.0,0.0
2002-08-16,22.80454120643619,23.045532544206708,22.52338652316253,22.89105224609375,1537459.0,0.0,0.0
2002-08-19,22.705678017919478,23.66655244940807,22.705678017919478,23.542966842651367,2189679.0,0.0,0.0
2002-08-20,23.542961520052444,23.56149879363738,23.141307825661475,23.4842586517334,2251040.0,0.0,0.0
2002-08-21,23.561506777554182,23.851932422947257,23.37303842437704,23.80867576599121,2270920.0,0.0,0.0
2002-08-22,23.75922752713613,24.080549951730298,23.626375597689485,23.85500717163086,2392494.0,0.0,0.0
2002-08-23,23.836481610259895,23.9415276878751,23.725253436025287,23.759239196777344,2196561.0,0.0,0.0
2002-08-26,23.88282309165289,24.086739894483557,23.715983095223486,24.00640869140625,2107100.0,0.0,0.0
2002-08-27,23.975513829305495,24.08674200530616,23.567684693805383,23.59857940673828,3212549.0,0.0,0.0
2002-08-28,23.45027680090579,23.453367849281292,22.92504189574729,23.094970703125,2150110.0,0.0,0.0
2002-08-29,23.033175904285777,23.311241802228253,22.85088743399723,23.271076202392578,2859868.0,0.0,0.0
2002-08-30,23.27106842794914,23.60783708915838,23.26488858705044,23.46880531311035,1724408.0,0.0,0.0
2002-09-03,23.12895705704665,23.280348589852075,22.32874273826019,22.41834259033203,2545610.0,0.0,0.0
2002-09-04,22.585179239785173,22.884873465216682,22.4801309199518,22.569730758666992,2918935.0,0.0,0.0
2002-09-05,22.168077621189305,22.84161737981441,22.121734434214105,22.70258331298828,1554280.0,0.0,0.0
2002-09-06,22.971385574793572,23.468816825684893,22.745842674373133,23.34832000732422,1611436.0,0.0,0.0
2002-09-09,23.29579260803924,23.308152293587366,22.616075238451995,22.98682975769043,2187194.0,0.0,0.0
2002-09-10,23.12276708915667,23.629466759944492,23.12276708915667,23.610929489135742,1823044.0,0.0,0.0
2002-09-11,23.610936272876447,23.648127626501335,23.44666918758732,23.449769973754883,1556001.0,0.12555,0.0
2002-09-12,23.527256840166554,23.57374603886261,23.39398403715695,23.4776668548584,1896639.0,0.0,0.0
2002-09-13,23.245208744549398,23.645027061787093,23.15222810845543,23.59233856201172,1918813.0,0.0,0.0
2002-09-16,23.493163378922603,24.029353103172173,23.412579089941737,23.82169532775879,2440857.0,0.0,0.0
2002-09-17,23.899169609839124,24.07583301209514,23.6047306060791,23.6047306060791,1985526.0,0.0,0.0
2002-09-18,23.555145692562665,23.65742416947879,23.30719807519461,23.548946380615234,1962778.0,0.0,0.0
2002-09-19,23.477658840267665,23.64812294404262,22.575743832917755,22.603639602661133,2976282.0,0.0,0.0
2002-09-20,22.603648047892467,23.28860550446138,22.59744873451687,23.16463279724121,4726113.0,0.0,0.0
2002-09-23,23.16772399198328,23.177021829079862,22.780304319418082,22.953866958618164,1845218.0,0.0,0.0
2002-09-24,22.798903858005776,22.916679494589232,22.53235828256481,22.563352584838867,2598942.0,0.0,0.0
2002-09-25,22.671837566885124,22.922886070740024,22.560258947361387,22.780315399169922,3146027.0,0.0,0.0
2002-09-26,23.043753045190883,23.260708641722054,22.873288902222807,23.173927307128906,2257921.0,0.0,0.0
2002-09-27,23.105745979315525,23.316502302851827,22.75551752900505,22.761716842651367,1274812.0,0.0,0.0
2002-09-30,22.516858251400905,22.650131022075087,21.912482994649437,22.37118911743164,2522480.0,0.0,0.0
2002-10-01,22.371187669243476,22.95076790183792,22.13253791584194,22.907377243041992,2867897.0,0.0,0.0
2002-10-02,22.74621354577834,23.235911730567686,22.129439635776457,22.594345092773438,2740970.0,0.0,0.0
2002-10-03,22.718320924203855,23.12124009753066,22.27821265402833,22.349496841430664,2870573.0,0.0,0.0
2002-10-04,22.426984870139314,22.547859052329535,21.308113882984472,21.43208885192871,3696935.0,0.0,0.0
2002-10-07,21.43517952879383,21.621140784084442,20.595253094367624,20.64794158935547,2328458.0,0.0,0.0
2002-10-08,20.626249281915594,21.264717371656772,20.455785158940436,21.016767501831055,2656288.0,0.0,0.0
2002-10-09,20.93928223164054,20.93928223164054,20.585955392267586,20.657241821289062,2981825.0,0.0,0.0
2002-10-10,20.66034116771131,21.664534704803174,20.418590620628308,21.345300674438477,3631369.0,0.0,0.0
2002-10-11,21.85050637674982,22.90118960026346,21.85050637674982,22.780315399169922,4314366.0,0.0,0.0
2002-10-14,22.662525517902072,23.108832936055407,22.63153122523733,22.79889678955078,3088489.0,0.0,0.0
2002-10-15,23.291704949064894,23.93327169513369,23.260710644021486,23.648130416870117,4767594.0,0.0,0.0
2002-10-16,23.49315663794304,23.6636207464347,23.068543369461818,23.20801544189453,4031839.0,0.0,0.0
2002-10-17,23.80308817468277,23.930161599860526,23.477654909199796,23.62642478942871,3189419.0,0.0,0.0
2002-10-18,23.629540859513096,23.874390056662445,23.32270529626676,23.83099937438965,1557721.0,0.0,0.0
2002-10-21,23.77519201326156,24.587222433676445,23.67911062883109,24.54693031311035,2768114.0,0.0,0.0
2002-10-22,24.376478345176988,24.59343393884649,24.252503397358947,24.444664001464844,2486543.0,0.0,0.0
2002-10-23,24.360983313223617,24.47566043243648,24.035552154460134,24.2958984375,2164064.0,0.0,0.0
2002-10-24,24.29898680502139,24.422961711791885,23.72250518357422,23.90226936340332,2171711.0,0.0,0.0
2002-10-25,23.694620670246735,24.435367346770025,23.66362636677849,24.31449317932129,1857834.0,0.0,0.0
2002-10-28,24.438470045735126,24.481860717957453,23.614038233316705,23.703920364379883,1595187.0,0.0,0.0
2002-10-29,23.694612692924107,24.032442350815845,23.214210191098154,23.958057403564453,1881346.0,0.0,0.0
2002-10-30,23.911575373873944,24.069643151541122,23.57064482870849,23.927072525024414,1654445.0,0.0,0.0
2002-10-31,23.89607772891479,24.035549826338553,23.524152889134164,23.5334529876709,2003685.0,0.0,0.0
2002-11-01,23.6171424961944,23.985966654445047,23.288608229477916,23.800003051757812,2248173.0,0.0,0.0
2002-11-04,23.81859472701942,24.091337355113147,23.710116929014426,23.927072525024414,2299976.0,0.0,0.0
2002-11-05,24.08204002703443,24.08204002703443,23.592341792547842,23.762805938720703,1767800.0,0.0,0.0
2002-11-06,23.762797175139383,23.964255549973668,23.47765602121863,23.892969131469727,1530959.0,0.0,0.0
2002-11-07,23.896075238278385,23.914670913317167,23.459065574626944,23.508655548095703,1405180.0,0.0,0.0
2002-11-08,23.508648605520303,23.880571036651844,23.291693100677794,23.406370162963867,1092068.0,0.0,0.0
2002-11-11,23.338184122408578,23.493153321015047,23.208012165224766,23.254501342773438,1425442.0,0.0,0.0
2002-11-12,23.331987895822373,23.51794913267737,23.08403807331731,23.183218002319336,1407091.0,0.0,0.0
2002-11-13,23.090242633029888,23.52415153098348,22.8051014023513,23.384681701660156,2153360.0,0.0,0.0
2002-11-14,23.524149073500162,23.803093223102746,23.31339282850008,23.728708267211914,2092572.0,0.0,0.0
2002-11-15,23.728712168133388,23.886779942881233,23.099541855343798,23.397079467773438,3041465.0,0.0,0.0
2002-11-18,23.3939829471063,23.431176564378642,22.67183192727189,22.795806884765625,3802071.0,0.0,0.0
2002-11-19,22.74930623351778,23.20491147560914,22.566443527628852,23.09023666381836,2975517.0,0.0,0.0
2002-11-20,22.981774763130687,23.61714462444182,22.80820977300469,23.446678161621094,2962327.0,0.0,0.0
2002-11-21,23.369187397828895,23.44667089689493,22.842295536092763,23.214218139648438,4639520.0,0.0,0.0
2002-11-22,23.21422162002025,23.31960091218573,22.57265480669553,22.625343322753906,3663292.0,0.0,0.0
2002-11-25,22.609835539509273,22.609835539509273,21.435178024004006,22.027156829833984,6158628.0,0.0,0.0
2002-11-26,21.88149570218329,21.896990594650774,21.38559586186597,21.410390853881836,4373241.0,0.0,0.0
2002-11-27,21.534359976291427,22.349491445263258,21.32360373131394,22.290603637695312,2652847.0,0.0,0.0
2002-11-29,22.234813284652095,22.309198229390773,21.850492200192683,22.082944869995117,1192806.0,0.0,0.0
2002-12-02,22.2224133885856,22.29989685405744,21.64903258002761,21.807100296020508,2986986.0,0.0,0.0
2002-12-03,21.726531093062924,22.09845605300435,21.556066898953713,21.760623931884766,2647113.0,0.0,0.0
2002-12-04,21.751311497600582,22.12943325815858,21.64283373956737,21.97446632385254,2303416.0,0.0,0.0
2002-12-05,21.996161498229377,22.197619877820326,21.853590917902743,21.99306297302246,1627684.0,0.0,0.0
2002-12-06,21.974479991785522,22.423886188837706,21.819510701042486,22.1263484954834,2048798.0,0.0,0.0
2002-12-09,22.051960432994196,22.051960432994196,21.53746716035154,21.624248504638672,2488645.0,0.0,0.0
2002-12-10,21.801516475844778,22.031660075164638,21.42208943855299,21.966350555419922,2180121.0,0.12555,0.0
2002-12-11,21.90725791661931,22.392425653674508,21.838836912721106,22.184053421020508,2233262.0,0.0,0.0
2002-12-12,22.17472523461113,22.205824250198194,21.854389272335307,22.07520294189453,2045166.0,0.0,0.0
2002-12-13,22.05031807420999,22.202710704808958,21.770411113496763,22.081417083740234,2357322.0,0.0,0.0
2002-12-16,22.081421596685562,22.44218877732857,22.019221297064014,22.420419692993164,2225616.0,0.0,0.0
2002-12-17,22.358220748642278,22.579036723957447,22.342670104254633,22.392431259155273,2297108.0,0.0,0.0
2002-12-18,22.34577753975973,22.488840267181526,22.252475958210656,22.33022689819336,1745818.0,0.0,0.0
2002-12-19,22.386203461133963,22.594575658876938,22.025436372783215,22.12184715270996,2165976.0,0.0,0.0
2002-12-20,22.30846172699238,22.625688552856445,22.283581147162852,22.625688552856445,2659538.0,0.0,0.0
2002-12-23,22.641229449443326,22.855824641549795,22.429745745881853,22.532377243041992,1585056.0,0.0,0.0
2002-12-24,22.641234799701362,22.718985746118527,22.407979692600538,22.426639556884766,632914.0,0.0,0.0
2002-12-26,22.43907658452786,22.768742437778446,22.367544094979277,22.414196014404297,773604.0,0.0,0.0
2002-12-27,22.48572659565357,22.501274966293476,22.012995803425127,22.034767150878906,864785.0,0.0,0.0
2002-12-30,22.06586834889361,22.544817580524626,21.969455297748773,22.460845947265625,1540899.0,0.0,0.0
2002-12-31,22.404868617002446,22.404868617002446,22.14362373509521,22.33022689819336,1746391.0,0.0,0.0
2003-01-02,22.330222388297205,23.15438808207002,22.3146717498715,22.921133041381836,1994510.0,0.0,0.0
2003-01-03,22.846494748327796,22.911806532326466,22.43907793928662,22.734533309936523,1890904.0,0.0,0.0
2003-01-06,22.73452882831058,23.396971932891258,22.718978190628846,23.325439453125,2207839.0,0.0,0.0
2003-01-07,23.2819046836833,23.46228940318999,23.16994324016651,23.35654640197754,2562431.0,0.0,0.0
2003-01-08,23.34099832970713,23.428079210044334,22.911810103160537,23.005111694335938,1690191.0,0.0,0.0
2003-01-09,22.967783597798288,23.26323890686035,22.95223296029262,23.26323890686035,1957426.0,0.0,0.0
2003-01-10,23.201037806720883,23.390750134765113,22.97400122856067,23.334768295288086,1668591.0,0.0,0.0
2003-01-13,23.28190700553506,23.484060828965536,23.13884426483273,23.194826126098633,2031021.0,0.0,0.0
2003-01-14,23.232135772705078,23.365868523133656,23.001992252444563,23.232135772705078,1574352.0,0.0,0.0
2003-01-15,23.29433433445279,23.309884969568838,22.77184478736416,22.914907455444336,1508212.0,0.0,0.0
2003-01-16,22.983337534015117,23.042428604308647,22.753191694456934,22.90558433532715,1555618.0,0.0,0.0
2003-01-17,22.908705409570654,22.983347150833787,22.765642639112105,22.82473373413086,1177896.0,0.0,0.0
2003-01-21,22.824723300344484,22.983336644541044,22.644338607788086,22.644338607788086,1838719.0,0.0,0.0
2003-01-22,22.647454074993128,22.709654374614672,22.414198982676254,22.420419692993164,2108247.0,0.0,0.0
2003-01-23,22.579030011871048,22.911805085014013,22.551037953154687,22.809173583984375,1457365.0,0.0,0.0
2003-01-24,22.77806863875307,22.83094125901463,22.44218213100241,22.635005950927734,1632654.0,0.0,0.0
2003-01-27,22.485725141325943,22.61012570549141,21.9570148061528,22.109407424926758,3224974.0,0.0,0.0
2003-01-28,22.18405672001316,22.36132996588874,22.050323913288707,22.205825805664062,2251040.0,0.0,0.0
2003-01-29,21.94145842883926,22.467057138311404,21.925907795424447,22.348875045776367,1468834.0,0.0,0.0
2003-01-30,22.277355224807017,22.361326870062015,21.91347885131836,21.91347885131836,1745053.0,0.0,0.0
2003-01-31,21.91658935684167,22.73453450684537,21.91658935684167,22.597692489624023,2233262.0,0.0,0.0
2003-02-03,22.532384790794517,22.750089276522427,22.35511152690457,22.392431259155273,2026433.0,0.0,0.0
2003-02-04,22.34576723638118,22.41729743318575,21.972558814417894,22.274234771728516,2092381.0,0.0,0.0
2003-02-05,22.351991711594295,22.827831727646057,22.137398795385725,22.24003028869629,1789210.0,0.0,0.0
2003-02-06,22.205818905679997,22.87759195198488,22.174719897577873,22.65677833557129,2902878.0,0.0,0.0
2003-02-07,22.750074061083474,22.877586084791677,22.336436721984363,22.358205795288086,1597481.0,0.0,0.0
2003-02-10,22.423524296138105,22.68787834989786,22.233811947261373,22.476394653320312,1668400.0,0.0,0.0
2003-02-11,22.641225415888556,22.694095765397826,22.33021949126913,22.423521041870117,1636859.0,0.0,0.0
2003-02-12,22.40486046449454,22.48261137618584,22.016103638189712,22.17471694946289,1768374.0,0.0,0.0
2003-02-13,22.22136874295606,22.22136874295606,21.664668623449526,21.938352584838867,1455453.0,0.0,0.0
2003-02-14,21.894813955163894,22.12806899980868,21.770411113496763,22.081417083740234,1536312.0,0.0,0.0
2003-02-18,22.28357792895303,22.607025420024403,22.2213776222871,22.58836555480957,1696691.0,0.0,0.0
2003-02-19,22.554149055625953,22.59146877614357,22.17783129044536,22.324003219604492,1431750.0,0.0,0.0
2003-02-20,22.370656571260888,22.392425653674508,22.087640357091953,22.184053421020508,885047.0,0.0,0.0
2003-02-21,22.376867371656495,22.61012236372673,22.180934357598566,22.579023361206055,1416840.0,0.0,0.0
2003-02-24,22.532375810141648,22.532375810141648,21.779742610980662,21.848163604736328,1904094.0,0.0,0.0
2003-02-25,21.845063050917,22.54793773468245,21.661569056988867,22.49817657470703,2057400.0,0.0,0.0
2003-02-26,22.376878273472958,22.442190065927665,21.94769232609742,21.98501205444336,1647373.0,0.0,0.0
2003-02-27,22.00365659958144,22.17471128300953,21.81705355206692,22.12805938720703,1808325.0,0.0,0.0
2003-02-28,22.31468126640153,22.523055828043713,22.246260242427905,22.44530487060547,1832793.0,0.0,0.0
2003-03-03,22.600792403625633,22.79361619750816,22.08141207488487,22.168495178222656,1650240.0,0.0,0.0
2003-03-04,22.112512549402442,22.112512549402442,21.534041188573436,21.605573654174805,2360572.0,0.0,0.0
2003-03-05,21.62742814576778,21.877094115691996,21.490109472812986,21.814678192138672,2414668.0,0.12555,0.0
2003-03-06,21.81467487985472,21.81467487985472,21.346547559295804,21.465139389038086,1824000.0,0.0,0.0
2003-03-07,21.315349083091387,21.71481609609689,21.12809671614957,21.70233154296875,3234532.0,0.0,0.0
2003-03-10,21.6430321986794,21.65863447242632,21.21235391591903,21.290376663208008,1210393.0,0.0,0.0
2003-03-11,21.287251524982363,21.47138154268344,21.168659695905493,21.277889251708984,1630933.0,0.0,0.0
2003-03-12,21.22484209528405,21.318467132330124,20.816010566995296,21.121854782104492,1775255.0,0.0,0.0
2003-03-13,21.299736441186937,22.08930789037615,21.224835977995166,22.07058334350586,2472971.0,0.0,0.0
2003-03-14,21.99568776245302,22.29216740607429,21.721054945503262,22.248476028442383,2826798.0,0.0,0.0
2003-03-17,22.17357246899896,23.07861582525612,21.958235610681,23.044286727905273,2874205.0,0.0,0.0
2003-03-18,23.044280377370153,23.04740265172121,22.24846680718776,22.64793586730957,2938051.0,0.0,0.0
2003-03-19,22.501264554027944,22.657307791040573,22.292167663258148,22.604251861572266,1973292.0,0.0,0.0
2003-03-20,22.53247714183885,22.785265449845273,22.220392895252335,22.766538619995117,1860893.0,0.0,0.0
2003-03-21,23.00684484542421,23.215941770308337,22.897615244407817,23.14728355407715,3017571.0,0.0,0.0
2003-03-24,22.844565555063053,22.969399731608558,22.417009353786664,22.52311897277832,2031594.0,0.0,0.0
2003-03-25,22.329609554232928,22.96625995595759,22.235984562088422,22.75092315673828,1720967.0,0.0,0.0
2003-03-26,22.75093037645341,22.75093037645341,22.357703464092854,22.51686668395996,1637050.0,0.0,0.0
2003-03-27,22.376420624060117,22.58551742329572,22.12987473873343,22.45444107055664,1569573.0,0.0,0.0
2003-03-28,22.220386448238315,22.585524250847268,22.179815075568246,22.3452205657959,1704146.0,0.0,0.0
2003-03-31,22.195422632003343,22.363948144612035,21.80219567734601,21.980083465576172,2058929.0,0.0,0.0
2003-04-01,22.0237759494325,22.470054258429283,21.983204573420696,22.445087432861328,2543125.0,0.0,0.0
2003-04-02,22.22350092721655,22.610485457658307,22.076822297842288,22.407630920410156,4009282.0,0.0,0.0
2003-04-03,22.410754462377,22.626093580180655,22.22974671504823,22.260955810546875,2239571.0,0.0,0.0
2003-04-04,22.392038359177757,22.46069657459661,22.06747183615927,22.182941436767578,2514260.0,0.0,0.0
2003-04-07,22.657291339210513,22.913199422267258,22.50124821550335,22.529335021972656,2762761.0,0.0,0.0
2003-04-08,22.454453941384173,22.779022734959412,22.410762557330752,22.473180770874023,1782519.0,0.0,0.0
2003-04-09,22.78214307110489,22.78214307110489,22.058107258170295,22.1018009185791,2457296.0,0.0,0.0
2003-04-10,22.10179693377589,22.710360760802917,22.10179693377589,22.55743980407715,2592825.0,0.0,0.0
2003-04-11,22.750920151056437,22.857027399470695,22.551185647156835,22.654172897338867,2243776.0,0.0,0.0
2003-04-14,22.65418797595361,23.368861482159517,22.65418797595361,23.297080993652344,2083015.0,0.0,0.0
2003-04-15,23.29707468988166,23.453117901620498,23.016199639604675,23.33452606201172,2014390.0,0.0,0.0
2003-04-16,23.39068986701573,23.39068986701573,22.87263135544984,22.916322708129883,1422957.0,0.0,0.0
2003-04-17,22.944422495126975,23.23465983277688,22.88824657221921,23.20033073425293,2229439.0,0.0,0.0
2003-04-21,23.16911734810921,23.31891826433676,23.04428325125292,23.19408416748047,1610480.0,0.0,0.0
2003-04-22,23.156637884551536,23.780806168817232,23.031803772556252,23.74335479736328,2342794.0,0.0,0.0
2003-04-23,23.743358869428498,23.830743900667386,23.609162460482274,23.787050247192383,2439327.0,0.0,0.0
2003-04-24,23.593551054540935,23.771436496699696,23.48432151454661,23.606033325195312,1795518.0,0.0,0.0
2003-04-25,23.49993611056403,23.56235432370741,23.1660073179504,23.30332374572754,1869686.0,0.0,0.0
2003-04-28,23.36573079162495,23.802649014519147,23.350128519987788,23.705904006958008,1762257.0,0.0,0.0
2003-04-29,23.70590274424031,23.812010019416064,23.453114552377436,23.774560928344727,1556192.0,0.0,0.0
2003-04-30,23.593555239180613,23.87443027367866,23.387578393313532,23.631004333496094,1912887.0,0.0,0.0
2003-05-01,23.565468903248835,23.59043572762071,23.0879792405283,23.431272506713867,1740274.0,0.0,0.0
2003-05-02,23.371985647661447,23.718399047851562,23.23466919821609,23.718399047851562,2469721.0,0.0,0.0
2003-05-05,23.746477310418445,23.749599585868037,23.29395673563692,23.49993133544922,2058165.0,0.0,0.0
2003-05-06,23.50304768734606,23.62788178109311,23.18784131617096,23.56234359741211,2961563.0,0.0,0.0
2003-05-07,23.499941643063647,23.587326706894817,23.347020625999065,23.446887969970703,2745175.0,0.0,0.0
2003-05-08,23.4000692473404,23.4000692473404,23.147283216589155,23.20345687866211,1444366.0,0.0,0.0
2003-05-09,23.250268080680367,23.549867740520728,23.14415849291137,23.531143188476562,2550580.0,0.0,0.0
2003-05-12,23.562358041793072,23.818266384070657,23.39071020427458,23.718399047851562,2331707.0,0.0,0.0
2003-05-13,23.65596910567156,23.905637298515302,23.496805917197477,23.774560928344727,1708160.0,0.0,0.0
2003-05-14,23.78081271552816,23.84322865085316,23.462486211234545,23.668460845947266,1505727.0,0.0,0.0
2003-05-15,23.730881781944337,23.97742782699871,23.574838512146727,23.908769607543945,1675473.0,0.0,0.0
2003-05-16,23.655977328289726,23.733997812281242,23.40943132447825,23.531143188476562,2822975.0,0.0,0.0
2003-05-19,23.474959401729546,23.484323950329415,23.203446660805703,23.25962257385254,2937477.0,0.0,0.0
2003-05-20,23.309563234447275,23.468726472931554,22.95066537892999,23.19097137451172,2339927.0,0.0,0.0
2003-05-21,23.03804526053005,23.38445848717069,23.016198438285237,23.381336212158203,2155462.0,0.0,0.0
2003-05-22,23.50617636051393,23.652855052474877,23.38758449661923,23.531143188476562,1617170.0,0.0,0.0
2003-05-23,23.60916073792876,23.762081686800617,23.343890215045352,23.643489837646484,1335026.0,0.0,0.0
2003-05-27,23.577955399844583,23.9867846225115,23.47808809411221,23.952455520629883,1821897.0,0.0,0.0
2003-05-28,24.061681906698226,24.086648729816012,23.740235481375947,24.02111053466797,2650171.0,0.0,0.0
2003-05-29,24.052316429746906,24.45490326981145,23.968053697408433,24.31758689880371,4677942.0,0.0,0.0
2003-05-30,24.342554174993413,24.776352392570903,24.339434175852194,24.654638290405273,2469721.0,0.0,0.0
2003-06-02,24.81068552659506,24.966726471858298,24.707695953925104,24.82316780090332,2826416.0,0.0,0.0
2003-06-03,24.823166634453266,24.888704829696962,24.69209024396588,24.87310028076172,2305519.0,0.0,0.0
2003-06-04,24.885637283325195,25.029629637362827,24.613304265430102,24.885637283325195,2976090.0,0.12555,0.0
2003-06-05,24.797975276897876,24.80110698284384,24.450515697811376,24.647724151611328,2251613.0,0.0,0.0
2003-06-06,24.679018645006163,24.79170752953532,24.10304968450442,24.190698623657227,2888924.0,0.0,0.0
2003-06-09,24.19070488147396,24.422343838090253,24.112446472238837,24.19383430480957,1476480.0,0.0,0.0
2003-06-10,24.24391164060849,24.353471098718437,24.04357382404543,24.181304931640625,1896639.0,0.0,0.0
2003-06-11,24.25955918380792,24.25955918380792,23.883925841763414,24.046701431274414,3926321.0,0.0,0.0
2003-06-12,24.043583701669057,24.134362097415895,23.83698695540186,23.868288040161133,3256515.0,0.0,0.0
2003-06-13,23.868293308198826,23.95281287519921,23.71178100210391,23.790037155151367,2911289.0,0.0,0.0
2003-06-16,24.040445255895754,24.25956417990193,23.940276344054773,24.190698623657227,1738745.0,0.0,0.0
2003-06-17,24.322187290887136,24.45991850917074,24.21262774472909,24.350358963012695,3208917.0,0.0,0.0
2003-06-18,24.353465561251205,24.353465561251205,23.890185607081182,24.049829483032227,3909882.0,0.0,0.0
2003-06-19,24.087395772380614,24.10304744872692,23.73680689604139,23.752458572387695,2040578.0,0.0,0.0
2003-06-20,23.836986416891268,24.243921052831446,23.811944180098735,23.987239837646484,2450797.0,0.0,0.0
2003-06-23,24.04044792994089,24.096791237180643,23.871413443053317,23.940279006958008,1717527.0,0.0,0.0
2003-06-24,23.921501171808888,24.040451213451544,23.664819983545154,23.81507110595703,2295579.0,0.0,0.0
2003-06-25,23.977846229790654,24.159400711470965,23.811941146850586,23.811941146850586,2683432.0,0.0,0.0
2003-06-26,23.811944718043584,23.999760356938264,23.7274274522825,23.868288040161133,1734731.0,0.0,0.0
2003-06-27,23.94655024305828,24.356614376699127,23.733692333165045,23.974721908569336,1826676.0,0.0,0.0
2003-06-30,24.112444670475952,24.228265281421837,23.955932428869804,24.0435791015625,1774682.0,0.0,0.0
2003-07-01,24.04671641404104,24.253313168952005,23.80568458406006,24.209489822387695,2150875.0,0.0,0.0
2003-07-02,24.441116224589948,24.494330097819685,24.26582064605334,24.469287872314453,1583718.0,0.0,0.0
2003-07-03,24.46302293116741,24.569450651102816,24.228252410888672,24.228252410888672,954819.0,0.0,0.0
2003-07-07,24.290867906128433,24.525638533575997,24.290867906128433,24.494335174560547,1536694.0,0.0,0.0
2003-07-08,24.503714955290828,24.707182134290193,24.503714955290828,24.65083885192871,1860128.0,0.0,0.0
2003-07-09,24.613286810957433,24.729105127504095,24.55380951741671,24.61015510559082,1656931.0,0.0,0.0
2003-07-10,24.610155709184962,24.64145906811434,24.416078992474265,24.553810119628906,2014964.0,0.0,0.0
2003-07-11,24.459902574840793,24.544419818744622,24.22513422822896,24.406688690185547,1842924.0,0.0,0.0
2003-07-14,24.412960601484237,24.578863457093973,23.993503619586825,24.04045867919922,2167123.0,0.0,0.0
2003-07-15,24.103050469935905,24.369124436006892,23.893322089257545,23.955928802490234,2992530.0,0.0,0.0
2003-07-16,24.034189802859213,24.23452767384201,23.962194807090047,24.068622589111328,2398420.0,0.0,0.0
2003-07-17,24.068616109886698,24.228260022527227,23.990360006069597,24.121829986572266,3015851.0,0.0,0.0
2003-07-18,24.278363928941047,24.39731403247428,24.209498319799245,24.350358963012695,2066193.0,0.0,0.0
2003-07-21,24.287735830388243,24.353471964106873,24.078007456544174,24.190698623657227,1316866.0,0.0,0.0
2003-07-22,24.23452670181996,24.437993987906832,24.049840519738325,24.3159122467041,1510506.0,0.0,0.0
2003-07-23,24.378514986475,24.400425510039263,23.827588235980784,23.955928802490234,1672796.0,0.0,0.0
2003-07-24,24.08740304036707,24.303392586983552,23.940281346970835,24.093664169311523,2158139.0,0.0,0.0
2003-07-25,24.253314347834866,24.303398827081352,23.95593917892446,24.171926498413086,1840439.0,0.0,0.0
2003-07-28,24.134360052000115,24.21887731059826,23.915241064331997,24.018539428710938,1167001.0,0.0,0.0
2003-07-29,24.150011734345632,24.228267863488657,23.777509911826744,24.018539428710938,1430794.0,0.0,0.0
2003-07-30,24.090534049423848,24.23452631547573,24.024797903869132,24.08740234375,1205996.0,0.0,0.0
2003-07-31,24.3378138875681,24.463024994449633,24.03417780934912,24.049829483032227,2003685.0,0.0,0.0
2003-08-01,24.128099581770286,24.353479705051335,24.02167179104826,24.11557960510254,2137685.0,0.0,0.0
2003-08-04,24.040449437772168,24.312782287597656,23.974713292618624,24.312782287597656,2386569.0,0.0,0.0
2003-08-05,24.40043180412022,24.40043180412022,24.00601945238526,24.018539428710938,1474760.0,0.0,0.0
2003-08-06,24.040460291909827,24.353487195902428,24.01854747277036,24.21888542175293,2267288.0,0.0,0.0
2003-08-07,24.137487425713534,24.347215842681408,24.103054640511207,24.25956916809082,3094989.0,0.0,0.0
2003-08-08,24.30651498777205,24.309646692631684,24.106177180104083,24.175045013427734,2883189.0,0.0,0.0
2003-08-11,24.143748004271483,24.25643690940265,24.04044965101922,24.134357452392578,2383128.0,0.0,0.0
2003-08-12,24.228259963366522,24.228259963366522,24.05609607887253,24.181304931640625,2620925.0,0.0,0.0
2003-08-13,24.187576378220015,24.278354775401993,24.093668557288066,24.128101348876953,2022801.0,0.0,0.0
2003-08-14,24.259568426575616,24.259568426575616,24.156267791541737,24.222003936767578,2168461.0,0.0,0.0
2003-08-15,24.319048604336015,24.344090841994692,24.184446862243732,24.30965805053711,1253976.0,0.0,0.0
2003-08-18,24.416078501354225,24.5099862936693,24.378516297461832,24.475553512573242,1900080.0,0.0,0.0
2003-08-19,24.409818811410673,24.44425159453552,24.218873792733653,24.306520462036133,2209750.0,0.0,0.0
2003-08-20,24.18756992204766,24.400427744849498,24.171918242305967,24.319042205810547,2282963.0,0.0,0.0
2003-08-21,24.322165717086737,24.679015711159913,24.322165717086737,24.572587966918945,2308960.0,0.0,0.0
2003-08-22,24.588241558554177,24.679017633930147,24.40981426503249,24.4818115234375,2054342.0,0.0,0.0
2003-08-25,24.44739076080772,24.491214108832704,24.259575107794973,24.394174575805664,1543193.0,0.0,0.0
2003-08-26,24.397305820351793,24.50373362317079,24.178186801791067,24.453651428222656,1565367.0,0.0,0.0
2003-08-27,24.41607940021534,24.444251054171755,24.128094884491393,24.19696044921875,1674134.0,0.0,0.0
2003-08-28,24.200095378856577,24.30965486895132,24.103055864660202,24.26896095275879,1894918.0,0.0,0.0
2003-08-29,24.268956253835213,24.581982981700293,24.23139176824434,24.547550201416016,1356244.0,0.0,0.0
2003-09-02,24.588251421487236,24.882494852763422,24.575729161705212,24.785457611083984,1615259.0,0.0,0.0
2003-09-03,24.860573517423145,24.879354616349048,24.669626258119855,24.77605628967285,1638197.0,0.0,0.0
2003-09-04,24.766660818721448,24.823006392079225,24.578845284306833,24.663362503051758,1470555.0,0.0,0.0
2003-09-05,24.675905383095184,24.729119296392323,24.34409735725388,24.510000228881836,1698029.0,0.0,0.0
2003-09-08,24.44738808796338,24.694678746813256,24.441126958191504,24.585119247436523,1283223.0,0.0,0.0
2003-09-09,24.58511056431385,24.597632819434907,24.375382192999027,24.397294998168945,2246452.0,0.0,0.0
2003-09-10,24.321935162413798,24.3627600308122,23.979638746476773,24.117813110351562,2246643.0,0.13078,0.0
2003-09-11,24.11780406406508,24.494643929622885,24.11780406406508,24.237136840820312,2234409.0,0.0,0.0
2003-09-12,24.227719852932218,24.28738625061837,24.033018614704364,24.19317626953125,2041152.0,0.0,0.0
2003-09-15,24.180614981987432,24.243423165949693,23.737827360742916,23.822616577148438,2544463.0,0.0,0.0
2003-09-16,23.866578143823116,24.149208068847656,23.866578143823116,24.149208068847656,1962969.0,0.0,0.0
2003-09-17,24.149212851481426,24.180616946013295,23.82261851209654,23.8665828704834,2673110.0,0.0,0.0
2003-09-18,23.882279949012094,24.38787569009515,23.854017643771176,24.318788528442383,3280791.0,0.0,0.0
2003-09-19,24.337623044455967,24.58884880618175,24.177465447767442,24.526042938232422,2590340.0,0.0,0.0
2003-09-22,24.29052478558508,24.431840896606445,24.28110401684088,24.431840896606445,1580086.0,0.0,0.0
2003-09-23,24.579438525918174,24.80868336212389,24.513490847985015,24.761579513549805,2166549.0,0.0,0.0
2003-09-24,24.764715734963023,24.8023988088437,24.475804535447352,24.494646072387695,2527068.0,0.0,0.0
2003-09-25,24.670504254412634,24.80867857011297,24.52918815612793,24.52918815612793,1715424.0,0.0,0.0
2003-09-26,24.529201872691146,24.563745470932776,24.3690441490571,24.47895622253418,2167314.0,0.0,0.0
2003-09-29,24.53861161765909,24.695629776314743,24.359612428144946,24.557453155517578,1601304.0,0.0,0.0
2003-09-30,24.554305043916564,24.689339834387052,24.2434129085874,24.356464385986328,2944550.0,0.0,0.0
2003-10-01,24.271677243920497,24.651658842275257,24.271677243920497,24.488359451293945,3098238.0,0.0,0.0
2003-10-02,24.573155766617145,24.91859389167614,24.5480329522505,24.802400588989258,2090852.0,0.0,0.0
2003-10-03,24.981393677447194,25.12270745708228,24.796113269998695,24.85577964782715,1876759.0,0.0,0.0
2003-10-06,24.877762061732234,25.20749804918409,24.808674914063428,25.091304779052734,1161075.0,0.0,0.0
2003-10-07,25.01595314280494,25.22635419992359,24.902899299355827,25.188671112060547,2042108.0,0.0,0.0
2003-10-08,25.138419327141726,25.355103899209606,25.02222601806594,25.116436004638672,1410532.0,0.0,0.0
2003-10-09,25.116426415376587,25.609459482506992,25.116426415376587,25.421039581298828,1523887.0,0.0,0.0
2003-10-10,25.399059252881003,25.480706657679235,25.232620371294967,25.358234405517578,1848850.0,0.0,0.0
2003-10-13,25.42103807504266,25.49326699718557,25.088162630641413,25.103864669799805,1868730.0,0.0,0.0
2003-10-14,25.358237887945915,25.603184715836218,25.02850186155239,25.411623001098633,2603147.0,0.0,0.0
2003-10-15,25.672273547782197,26.12762136544911,25.578063575508732,26.017711639404297,3263205.0,0.0,0.0
2003-10-16,25.954901023470754,26.372565728917365,25.954901023470754,26.253232955932617,2262509.0,0.0,0.0
2003-10-17,26.410260275165722,26.53587207679144,26.064822095870852,26.215559005737305,1904285.0,0.0,0.0
2003-10-20,26.26894424113166,26.42910192226499,26.19043629231875,26.391416549682617,1354332.0,0.0,0.0
2003-10-21,26.391412454375075,26.60809701579294,26.378852192083112,26.526447296142578,1907152.0,0.0,0.0
2003-10-22,26.378853506349568,26.378853506349568,26.15902944088881,26.234397888183594,1165854.0,0.0,0.0
2003-10-23,26.234396293517353,26.262658600811427,26.02713479350223,26.143325805664062,1286855.0,0.0,0.0
2003-10-24,26.143329645124794,26.190435787462306,25.848137106960067,26.184154510498047,985786.0,0.0,0.0
2003-10-27,26.184144351704155,26.582967500362443,26.184144351704155,26.32546043395996,1564603.0,0.0,0.0
2003-10-28,26.325457970182597,26.692877001746773,25.936055624794704,26.165300369262695,2641760.0,0.0,0.0
2003-10-29,26.143318923330398,26.221826838432605,26.008284118591682,26.12761688232422,1660180.0,0.0,0.0
2003-10-30,26.127624753402497,26.64578081306009,26.111922707665997,26.463642120361328,2465325.0,0.0,0.0
2003-10-31,26.4196857428986,26.674053464798188,26.360019325043023,26.41340446472168,1300236.0,0.0,0.0
2003-11-03,26.44166303526133,26.630085324362057,26.385138409467885,26.54215431213379,867843.0,0.0,0.0
2003-11-04,26.542150313966637,26.542150313966637,26.259520357784027,26.284643173217773,1433853.0,0.0,0.0
2003-11-05,26.28463133496427,26.626927537395133,26.28463133496427,26.601804733276367,1585247.0,0.0,0.0
2003-11-06,26.63007643442151,26.91270633882741,26.52330391590605,26.87188148498535,1668209.0,0.0,0.0
2003-11-07,26.871893687066056,27.13568217561266,26.787104448250005,26.859331130981445,1733392.0,0.0,0.0
2003-11-10,26.4353776747281,26.736851458779395,26.400836379809455,26.67718505859375,3070903.0,0.0,0.0
2003-11-11,26.677174820634104,26.733701705932617,26.410247013799726,26.733701705932617,2661641.0,0.0,0.0
2003-11-12,26.752553654023906,26.893869777328394,26.683466483941967,26.887588500976562,1479539.0,0.0,0.0
2003-11-13,26.88757663559292,26.95666377518697,26.7148587866078,26.8530330657959,2010758.0,0.0,0.0
2003-11-14,26.853046096056275,27.101132478597627,26.768256876333197,26.944116592407227,2049371.0,0.0,0.0
2003-11-17,26.944119419623608,26.944119419623608,26.419681999651573,26.54215431213379,1782710.0,0.0,0.0
2003-11-18,26.692877518405748,26.93154303343815,26.586105019082986,26.636350631713867,1675473.0,0.0,0.0
2003-11-19,26.611227361290428,26.966086135583968,26.52015919367271,26.90955924987793,1493111.0,0.0,0.0
2003-11-20,26.849902980160493,27.21418265755484,26.670903779621383,26.67404556274414,1790165.0,0.0,0.0
2003-11-21,26.674040176187674,26.724285796711285,26.447934883831426,26.623794555664062,1233714.0,0.0,0.0
2003-11-24,26.677186379982242,27.057168122061494,26.677186379982242,26.944116592407227,1979026.0,0.0,0.0
2003-11-25,26.959811997993093,27.30525009776244,26.937830968237332,27.220460891723633,1649667.0,0.0,0.0
2003-11-26,27.258151253732837,27.399467398225134,27.217328676148828,27.273853302001953,1437102.0,0.0,0.0
2003-11-28,27.276987006375705,27.349213659104954,27.185916527347068,27.195337295532227,501017.0,0.0,0.0
2003-12-01,27.556484700760485,27.782587776728096,27.49367650971307,27.71978187561035,2626659.0,0.0,0.0
2003-12-02,27.722912403024296,28.146858395762706,27.67266678240871,27.927034378051758,2803286.0,0.0,0.0
2003-12-03,27.71348932626304,27.977277667551082,27.68522702574499,27.88934898376465,1752699.0,0.0,0.0
2003-12-04,27.729185000260056,27.78570958831657,27.521921307601524,27.64439582824707,1702617.0,0.0,0.0
2003-12-05,27.330367476137592,27.591016318042797,27.226736753790632,27.521926879882812,1849423.0,0.0,0.0
2003-12-08,27.399459124236138,27.45912551568309,27.239301486156617,27.45598602294922,1235434.0,0.0,0.0
2003-12-09,27.44655986677246,27.660102578981476,27.330366599422376,27.40887451171875,1270606.0,0.0,0.0
2003-12-10,27.493912871149913,27.538003509309522,27.15693032145324,27.248262405395508,1253020.0,0.13078,0.0
2003-12-11,27.093941981049706,27.619885681213628,27.037252709685557,27.43722152709961,1299853.0,0.0,0.0
2003-12-12,27.44667337597301,27.616738918465742,27.33959643233369,27.50336265563965,1188028.0,0.0,0.0
2003-12-15,27.607293657722863,27.749015721827853,27.50966453552246,27.50966453552246,1349553.0,0.0,0.0
2003-12-16,27.5632010024878,27.884436432898177,27.556901683173994,27.682876586914062,1203129.0,0.0,0.0
2003-12-17,27.62618218280744,27.62618218280744,27.28290264322103,27.512805938720703,1280355.0,0.0,0.0
2003-12-18,27.623021496335944,27.871820340100268,27.597826531365776,27.808834075927734,1344201.0,0.0,0.0
2003-12-19,27.846641917193466,27.868688385828555,27.49706300588405,27.723817825317383,1485273.0,0.0,0.0
2003-12-22,27.682886197189738,27.69548484019105,27.490774115229897,27.525419235229492,1755184.0,0.0,0.0
2003-12-23,27.667111867838496,27.941105674165822,27.667111867838496,27.74269676208496,1307308.0,0.0,0.0
2003-12-24,27.808836782607987,27.887570194613353,27.67656262951368,27.783641815185547,523191.0,0.0,0.0
2003-12-26,27.84034349420873,27.846642813522543,27.682876586914062,27.682876586914062,315597.0,0.0,0.0
2003-12-29,27.871821525224394,27.994647845866282,27.74584899152291,27.991497039794922,1374212.0,0.0,0.0
2003-12-30,27.95370998512704,28.108028314382164,27.934814331852174,28.045042037963867,882180.0,0.0,0.0
2003-12-31,27.98207094689338,28.12379302800849,27.947428128744214,28.079702377319336,991520.0,0.0,0.0
2004-01-02,27.922224177234504,28.205665951943146,27.82459507466518,27.92537498474121,1188983.0,0.0,0.0
2004-01-05,28.177327055407513,28.337944776203262,28.126937092157583,28.24976348876953,1635330.0,0.0,0.0
2004-01-06,28.202524361082407,28.37574073521831,28.148985881907716,28.347394943237305,1758243.0,0.0,0.0
2004-01-07,28.344240712831322,28.495408288031857,28.10488956421452,28.26865577697754,1699558.0,0.0,0.0
2004-01-08,28.344234766887567,28.47020733704414,28.22455921768424,28.281246185302734,1611053.0,0.0,0.0
2004-01-09,28.249756510388416,28.271800678547745,27.714365005493164,27.714365005493164,1899888.0,0.0,0.0
2004-01-12,27.682874593453334,27.95372004286393,27.54430335757147,27.856088638305664,1655019.0,0.0,0.0
2004-01-13,27.903334756228343,28.22141940907254,27.774211328766985,27.928529739379883,1300809.0,0.0,0.0
2004-01-14,27.941121691161023,28.139533013485146,27.81514909171003,27.906478881835938,1889566.0,0.0,0.0
2004-01-15,27.893870313826714,28.108026394831274,27.739551995110283,27.758447647094727,2532229.0,0.0,0.0
2004-01-16,27.871830459156335,27.997805329743215,27.326991153311365,27.36793327331543,2626277.0,0.0,0.0
2004-01-20,27.399430800838047,27.478164243062928,27.053000439938916,27.109689712524414,2863882.0,0.0,0.0
2004-01-21,27.122284952938163,27.169526394261464,26.980565221981855,27.08449363708496,3056375.0,0.0,0.0
2004-01-22,27.08449363708496,27.163227076116996,26.990013050945155,27.08449363708496,1983232.0,0.0,0.0
2004-01-23,27.28921274658488,27.330154885952172,26.914438764659444,27.093952178955078,1761875.0,0.0,0.0
2004-01-26,27.093937815215636,27.241956844371256,26.79160043960874,27.131729125976562,1462908.0,0.0,0.0
2004-01-27,27.06874919010313,27.178976934345993,26.596346212281595,26.612091064453125,2279140.0,0.0,0.0
2004-01-28,26.760102424629853,26.87977795405594,26.649874721578858,26.785297393798828,3309273.0,0.0,0.0
2004-01-29,26.722311626277904,27.389977231052868,26.706566778338274,27.380529403686523,2817432.0,0.0,0.0
2004-01-30,27.317546043880508,27.33644170222249,26.977415007697434,26.993162155151367,2333810.0,0.0,0.0
2004-02-02,27.021509325841954,27.238814000939932,26.539656234352922,27.068748474121094,2462075.0,0.0,0.0
2004-02-03,27.00576652971773,27.119142800365886,26.864044469027032,26.9144344329834,1152664.0,0.0,0.0
2004-02-04,26.769550323486328,27.005752873021738,26.706564048646435,26.769550323486328,1658651.0,0.0,0.0
2004-02-05,26.769560014713267,26.942774055610275,26.486118230561715,26.81679916381836,1673179.0,0.0,0.0
2004-02-06,26.69082678077852,26.879787971715505,26.517610441997093,26.7254695892334,1611627.0,0.0,0.0
2004-02-09,26.816786873107553,27.393120303592667,26.744352778842185,27.14432144165039,1476863.0,0.0,0.0
2004-02-10,27.241969549223484,27.51596356954242,27.10654909150305,27.415185928344727,1259328.0,0.0,0.0
2004-02-11,27.415178300904515,27.667125778563364,27.14748137879002,27.57264518737793,1633418.0,0.0,0.0
2004-02-12,27.566333630678887,27.862373909768305,27.43091327075565,27.771041870117188,1537841.0,0.0,0.0
2004-02-13,27.714358435406286,27.87812458843754,27.704910608933925,27.834033966064453,1349745.0,0.0,0.0
2004-02-17,27.83404446705558,28.095442086429422,27.793102339224923,27.856088638305664,1399636.0,0.0,0.0
2004-02-18,27.84033559438198,27.84033559438198,27.55689386377517,27.73011016845703,1342672.0,0.0,0.0
2004-02-19,27.761611857727406,28.23716571515704,27.761611857727406,27.777359008789062,2081486.0,0.0,0.0
2004-02-20,27.852942098969578,27.852942098969578,27.443525384692585,27.506511688232422,1268504.0,0.0,0.0
2004-02-23,27.55689842877075,27.588392725113174,27.156929591948398,27.336442947387695,1136989.0,0.0,0.0
2004-02-24,27.27345899425982,27.903331196178588,27.207321884861702,27.723817825317383,1623287.0,0.0,0.0
2004-02-25,27.651366991025824,27.651366991025824,27.138022125821156,27.14432144165039,1599966.0,0.0,0.0
2004-02-26,27.43093017089307,27.55375427162536,27.289208111465015,27.295507431030273,1730716.0,0.0,0.0
2004-02-27,27.33643792677975,27.405725825309062,27.169523239135746,27.169523239135742,2151257.0,0.0,0.0
2004-03-01,27.169520030818667,27.68286496446469,27.06874015013831,27.270299911499023,2119525.0,0.0,0.0
2004-03-02,27.446665874816453,27.475011655156475,27.09708705484408,27.122282028198242,1560015.0,0.0,0.0
2004-03-03,27.04965216108443,27.25179657031588,27.04965216108443,27.17915153503418,1410341.0,0.13078,0.0
2004-03-04,27.144392235685643,27.35285418551318,27.144392235685643,27.314952850341797,1104684.0,0.0,0.0
2004-03-05,27.236001077442783,27.324441407630275,27.065440380244826,27.23284339904785,2015919.0,0.0,0.0
2004-03-08,27.365492892296785,27.365492892296785,27.11912727355957,27.11912727355957,1002799.0,0.0,0.0
2004-03-09,27.084385255799813,27.264421237504415,27.052799268527565,27.239152908325195,1138901.0,0.0,0.0
2004-03-10,27.17597859889578,27.258101237470715,27.04016162912561,27.04332160949707,1406709.0,0.0,0.0
2004-03-11,27.011727797028744,27.153862383159012,26.81274121899999,26.815898895263672,1610671.0,0.0,0.0
2004-03-12,26.76853639116925,27.10018239872727,26.74642573605475,27.062278747558594,1441690.0,0.0,0.0
2004-03-15,26.983310618902085,27.144395921639262,26.901187977289318,26.942249298095703,1884214.0,0.0,0.0
2004-03-16,26.942245012553823,27.302316901071723,26.85064705043149,27.182292938232422,1582189.0,0.0,0.0
2004-03-17,27.491830632008643,28.246720437091923,27.491830632008643,28.186708450317383,2929066.0,0.0,0.0
2004-03-18,28.11090285614142,28.30988948094277,28.038255556272393,28.297256469726562,2046886.0,0.0,0.0
2004-03-19,28.145634356636865,28.294084266055652,27.807670935307165,27.874000549316406,1956088.0,0.0,0.0
2004-03-22,27.877173890248017,27.975089528463688,27.32127295746575,27.50446891784668,1772579.0,0.0,0.0
2004-03-23,27.599229830259937,27.757155188608532,27.460255146402243,27.687667846679688,2197708.0,0.0,0.0
2004-03-24,27.70345372863664,27.975087670559017,27.608698077322995,27.68134307861328,1967940.0,0.0,0.0
2004-03-25,27.684507890644007,27.842433235997724,27.431824574246324,27.776105880737305,1790357.0,0.0,0.0
2004-03-26,27.70029067993164,28.01298357767305,27.523412423622233,27.70029067993164,1685413.0,0.0,0.0
2004-03-29,27.826631484403062,27.9529707891956,27.66870389862409,27.921384811401367,1641256.0,0.0,0.0
2004-03-30,27.851911973380723,28.091962304866936,27.80137760712369,28.000364303588867,1206761.0,0.0,0.0
2004-03-31,27.937188705018976,27.981410012468682,27.73188437560443,27.839275360107422,1891860.0,0.0,0.0
2004-04-01,28.016149082038996,28.360428026380152,27.86769679537994,28.199342727661133,1759390.0,0.0,0.0
2004-04-02,28.385699364724506,28.483612703951778,28.27830838645602,28.470979690551758,2392494.0,0.0,0.0
2004-04-05,28.42675183745973,28.739444732666016,28.31620321606164,28.739444732666016,1664003.0,0.0,0.0
2004-04-06,28.679431348193095,28.742603302001953,28.59099337669125,28.742603302001953,1494449.0,0.0,0.0
2004-04-07,28.726815794907406,28.862632757681098,28.474132537841797,28.474132537841797,2045166.0,0.0,0.0
2004-04-08,28.584670782340037,28.69521937921486,28.379366574314183,28.559402465820312,1243271.0,0.0,0.0
2004-04-12,28.590992151646592,28.647846447000088,28.006665423104227,28.180383682250977,1820559.0,0.0,0.0
2004-04-13,28.41096017368815,28.41096017368815,27.795047384247038,27.930864334106445,1844836.0,0.0,0.0
2004-04-14,27.934023538762112,28.410961727715605,27.88664456627863,28.347789764404297,1960293.0,0.0,0.0
2004-04-15,28.410961619808152,28.410961619808152,28.101426370974302,28.316205978393555,1902182.0,0.0,0.0
2004-04-16,28.553098767482197,28.553098767482197,28.268831795081056,28.458345413208008,1512991.0,0.0,0.0
2004-04-19,28.395176380237487,28.44571304321289,28.253041727720028,28.44571304321289,1344010.0,0.0,0.0
2004-04-20,28.426761685357864,28.55941869507666,27.94034804333619,27.9498233795166,1387020.0,0.0,0.0
2004-04-21,27.943503215465093,28.000357530642802,27.64976091063141,27.915077209472656,1363699.0,0.0,0.0
2004-04-22,27.79505364015967,28.15828327831494,27.79505364015967,28.11090660095215,2057591.0,0.0,0.0
2004-04-23,28.142491841578387,28.230929839105247,27.990881871652793,28.091955184936523,1515285.0,0.0,0.0
2004-04-26,28.126699594470704,28.174076271833496,28.01615094303369,28.11090660095215,1424868.0,0.0,0.0
2004-04-27,28.107739795554007,28.1772294108016,27.987715837787192,28.072996139526367,1327379.0,0.0,0.0
2004-04-28,27.952973437008826,28.000352408188093,27.65607120591902,27.659231185913086,2079765.0,0.0,0.0
2004-04-29,27.684493661208798,27.716079635322046,27.368640829652104,27.472871780395508,2305328.0,0.0,0.0
2004-04-30,27.494994364179135,27.542371042733098,27.378128051757812,27.378128051757812,1907917.0,0.0,0.0
2004-05-03,27.381286437896016,27.51078807007854,27.153873768565663,27.210725784301758,2396509.0,0.0,0.0
2004-05-04,27.416029169020142,27.627651140001074,27.289689825120483,27.352859497070312,2632203.0,0.0,0.0
2004-05-05,27.400243024575357,27.44761971060007,27.251790700913585,27.283376693725586,2035417.0,0.0,0.0
2004-05-06,27.25810514437664,27.35286080844068,27.07175149387992,27.318117141723633,1382432.0,0.0,0.0
2004-05-07,27.289694937197154,27.44762029825175,27.13176727294922,27.13176727294922,2086456.0,0.0,0.0
2004-05-10,27.131753095622116,27.232826379415396,26.768523573081172,26.879072189331055,2789141.0,0.0,0.0
2004-05-11,26.743263188711964,27.289688776088592,26.733787853443374,27.267578125,2631247.0,0.0,0.0
2004-05-12,26.97383319602085,27.283368461969,26.879077549367178,27.248624801635742,2790288.0,0.0,0.0
2004-05-13,27.251779588064853,27.539206477781985,27.204402921359605,27.49498748779297,1896448.0,0.0,0.0
2004-05-14,27.321266583136634,27.551839166929522,27.305473593354716,27.42865753173828,1544149.0,0.0,0.0
2004-05-17,27.384439617229255,27.43497626523826,27.188610681992472,27.22335433959961,1741994.0,0.0,0.0
2004-05-18,27.261261479087675,27.573956767330404,27.261261479087675,27.498151779174805,1494449.0,0.0,0.0
2004-05-19,27.637127757139982,27.839274401861427,27.463409423828125,27.463409423828125,1672223.0,0.0,0.0
2004-05-20,27.479198537964475,27.747672497279616,27.479198537964475,27.65607452392578,1740465.0,0.0,0.0
2004-05-21,27.795050909694424,27.810843901661546,27.555002959456555,27.57395362854004,1622905.0,0.0,0.0
2004-05-24,27.58975313995241,27.656080497417733,27.5234234792939,27.545534133911133,1552178.0,0.0,0.0
2004-05-25,27.52658554388189,28.050902950595468,27.40024616454244,28.041427612304688,1730907.0,0.0,0.0
2004-05-26,27.98456258347737,28.025623902505878,27.719246303160517,27.826637268066406,2873058.0,0.0,0.0
2004-05-27,27.826642544016842,27.874019226345712,27.763470563320865,27.776105880737305,1667444.0,0.0,0.0
2004-05-28,27.769789560917868,27.899288903117927,27.684509225421095,27.73188591003418,1387784.0,0.0,0.0
2004-06-01,27.750830285091176,27.75714563895319,27.466561052755296,27.54236602783203,2601044.0,0.0,0.0
2004-06-02,27.558198410706343,27.646890653831203,27.494844828633614,27.50118064880371,2782833.0,0.13078,0.0
2004-06-03,27.5582118237554,27.76410644607591,27.513865680608948,27.612060546875,2412183.0,0.0,0.0
2004-06-04,27.748252213997215,28.011164475994896,27.72607800016553,27.78626251220703,1610289.0,0.0,0.0
2004-06-07,27.938318586375704,27.998503120522887,27.773603383943634,27.83378791809082,992094.0,0.0,0.0
2004-06-08,27.754600585401985,27.754600585401985,27.43467042159014,27.694416046142578,1525798.0,0.0,0.0
2004-06-09,27.64372201216196,27.80527040168308,27.558196530051596,27.58670425415039,1576645.0,0.0,0.0
2004-06-10,27.57404629961571,27.824287029440928,27.567710477264267,27.732425689697266,809923.0,0.0,0.0
2004-06-14,27.73241328558441,27.764090073358346,27.558195572455556,27.589872360229492,1066262.0,0.0,0.0
2004-06-15,27.63106698651359,27.76093866524846,27.58988990799464,27.675413131713867,1567852.0,0.0,0.0
2004-06-16,27.675406113943833,27.675406113943833,27.488519000119233,27.52652931213379,1535356.0,0.0,0.0
2004-06-17,27.479018262233144,27.73242574886729,27.33647496300367,27.6722412109375,1834513.0,0.0,0.0
2004-06-18,27.542380855532432,27.71659871842866,27.510704040527344,27.510704040527344,1642403.0,0.0,0.0
2004-06-21,27.469508959330692,27.700742165991354,27.39031697369143,27.47901153564453,1525225.0,0.0,0.0
2004-06-22,27.48535796411051,27.55821416317644,27.352319523377503,27.44734764099121,1505727.0,0.0,0.0
2004-06-23,27.54237224376778,27.545539000351777,27.010213929116563,27.23194694519043,3107605.0,0.0,0.0
2004-06-24,27.200256616971583,27.27311277051812,26.988026285979156,27.01020050048828,2435313.0,0.0,0.0
2004-06-25,27.067223364660357,27.098900162690164,26.80431333241984,26.908843994140625,2133288.0,0.0,0.0
2004-06-28,26.956355899497247,27.589877923844977,26.956355899497247,27.05138397216797,2208030.0,0.0,0.0
2004-06-29,27.083056028714932,27.273114466833373,26.99436378479004,26.99436378479004,2056635.0,0.0,0.0
2004-06-30,27.083057468258843,27.133739413142436,26.816978412527128,26.87716293334961,2350823.0,0.0,0.0
2004-07-01,26.880348289032778,26.89301762802463,26.36085919405333,26.51290512084961,2844767.0,0.0,0.0
2004-07-02,26.544564227728685,26.5952461695224,26.402020977707096,26.455869674682617,1651196.0,0.0,0.0
2004-07-06,26.32284097921253,26.452712636585407,26.097938913707566,26.275325775146484,1561735.0,0.0,0.0
2004-07-07,26.196144701114488,26.23732409623033,25.511940320161234,25.689327239990234,3023879.0,0.0,0.0
2004-07-08,25.657649843013473,25.733672806924574,25.35672705450018,25.470760345458984,2599324.0,0.0,0.0
2004-07-09,25.673470603290216,25.733655119626757,25.54676575052537,25.63545799255371,2761423.0,0.0,0.0
2004-07-12,25.594288498896073,25.809685657333155,25.54043747692571,25.78117561340332,2536243.0,0.0,0.0
2004-07-13,26.37034249193454,26.5540650965833,25.945884143957798,26.09476089477539,4130666.0,0.0,0.0
2004-07-14,26.09477497013038,26.177133742129687,25.77484708163812,25.800188064575195,2866367.0,0.0,0.0
2004-07-15,25.822355665506187,25.822355665506187,25.572114944458008,25.572114944458008,3036495.0,0.0,0.0
2004-07-16,25.572115460924824,25.597456440138643,25.160326281061423,25.201505661010742,3455507.0,0.0,0.0
2004-07-19,25.42007340274017,25.879377853779584,25.372560503213993,25.654478073120117,2409125.0,0.0,0.0
2004-07-20,25.720988287465747,25.917380268509273,25.594285720830506,25.89520835876465,1554280.0,0.0,0.0
2004-07-21,25.895204588608237,26.30065782440191,25.895204588608237,26.066255569458008,2757600.0,0.0,0.0
2004-07-22,25.92689378166444,26.370357532065057,25.92689378166444,26.284832000732422,2516745.0,0.0,0.0
2004-07-23,26.284821140672232,26.284821140672232,26.015575320965205,26.135944366455078,2265759.0,0.0,0.0
2004-07-26,26.085273353939726,26.221480853531602,25.933227450700144,26.078937530517578,2370129.0,0.0,0.0
2004-07-27,26.053602650005605,26.370363867718762,26.028261660195916,26.08527946472168,2220837.0,0.0,0.0
2004-07-28,26.006079794277724,26.104274648610374,25.657641895074324,25.968067169189453,2207265.0,0.0,0.0
2004-07-29,26.06943477558398,26.50022918872711,26.053596372042417,26.370357513427734,2119908.0,0.0,0.0
2004-07-30,26.367187056544175,26.433707418157823,26.18029761668439,26.33551025390625,1918048.0,0.0,0.0
2004-08-02,26.259487784001497,26.71245636861753,26.16445968419992,26.649105072021484,2046504.0,0.0,0.0
2004-08-03,26.569916667397266,26.668111528374073,26.465383673692752,26.62693214416504,2101366.0,0.0,0.0
2004-08-04,26.54773143896352,26.64909532429224,26.468541769730777,26.487546920776367,2006553.0,0.0,0.0
2004-08-05,26.497053684050492,26.607920162424,26.31016427966533,26.32283592224121,1644505.0,0.0,0.0
2004-08-06,26.326008419593425,26.329175176020783,25.54360938886682,25.613296508789062,3019865.0,0.0,0.0
2004-08-09,25.65763788402822,25.847694050313237,25.610124997364274,25.695648193359375,1424677.0,0.0,0.0
2004-08-10,25.68298760631007,25.892048998454747,25.66714920209025,25.88571548461914,1284370.0,0.0,0.0
2004-08-11,25.752646508813037,26.009222832376533,25.71780298164858,25.901525497436523,1445704.0,0.0,0.0
2004-08-12,25.869877347783962,26.00608485370375,25.800190216348803,25.926895141601562,1540326.0,0.0,0.0
2004-08-13,25.863544293315517,25.968075001660516,25.67665479728409,25.873046875,1670311.0,0.0,0.0
2004-08-16,25.80017838242954,26.291157144041513,25.790675806121115,26.21196746826172,1667253.0,0.0,0.0
2004-08-17,26.173956777403102,26.471712659609448,26.120108071091856,26.383020401000977,1244801.0,0.0,0.0
2004-08-18,26.33866539563763,26.699774780951994,26.18028607191877,26.63642120361328,1370772.0,0.0,0.0
2004-08-19,26.576238378787973,26.623753564809522,26.329164493066965,26.47487449645996,1328335.0,0.0,0.0
2004-08-20,26.417868492441155,26.721957938358084,26.35451488842288,26.706119537353516,1122461.0,0.0,0.0
2004-08-23,26.70295502526047,26.788480550020964,26.65543981825347,26.687116622924805,1066071.0,0.0,0.0
2004-08-24,26.702947687140206,26.873998689655416,26.702947687140206,26.813814163208008,1120168.0,0.0,0.0
2004-08-25,26.816981095774306,26.92151406118997,26.76946821132583,26.88983726501465,888106.0,0.0,0.0
2004-08-26,26.861339998202165,27.010216840555167,26.861339998202165,26.972204208374023,781632.0,0.0,0.0
2004-08-27,27.019710477430294,27.04505145389121,26.874000440233697,26.908843994140625,977184.0,0.0,0.0
2004-08-30,26.836003952482606,26.899355271357017,26.750478401603438,26.76948356628418,1105449.0,0.0,0.0
2004-08-31,26.829668045043945,26.978544914339146,26.737806669615424,26.829668045043945,1482024.0,0.0,0.0
2004-09-01,26.797983157401305,26.97853678654893,26.693452473655068,26.883508682250977,1379756.0,0.0,0.0
2004-09-02,26.88033615915495,27.048218106479606,26.791641586973125,27.029212951660156,1033574.0,0.0,0.0
2004-09-03,27.048216824234732,27.225603650374566,27.02604491460133,27.136911392211914,1289722.0,0.0,0.0
2004-09-07,27.178096435134467,27.339642586955936,27.10524025016252,27.197101593017578,1007386.0,0.0,0.0
2004-09-08,27.02551444977538,27.130374891433974,26.818970313016887,27.04140281677246,1258946.0,0.14125,0.0
2004-09-09,27.03187591954718,27.29879451651716,27.009631737673732,27.178043365478516,1311514.0,0.0,0.0
2004-09-10,27.22569604071846,27.31149134759564,27.1367239880685,27.232051849365234,1191277.0,0.0,0.0
2004-09-13,27.23205226276606,27.42906379699707,27.181210427022492,27.42906379699707,1597290.0,0.0,0.0
2004-09-14,27.565685651406632,27.60063910445548,27.432225327329217,27.575218200683594,1426971.0,0.0,0.0
2004-09-15,27.263826608933172,27.483079978970352,27.24793824701289,27.42588233947754,1850953.0,0.0,0.0
2004-09-16,27.279719856749033,27.537105826775854,27.263833807735214,27.514863967895508,1145400.0,0.0,0.0
2004-09-17,27.549808026287547,27.64513587328293,27.321019803238112,27.40045928955078,2718414.0,0.0,0.0
2004-09-20,27.29560747378437,27.359160936502185,26.965137809217488,27.0223331451416,2025477.0,0.0,0.0
2004-09-21,27.009621070713766,27.22569772415369,27.000088515704793,27.206632614135742,1398680.0,0.0,0.0
2004-09-22,27.152613499795912,27.152613499795912,26.84756476813015,26.888874053955078,1748494.0,0.0,0.0
2004-09-23,26.7713011911536,26.91429415554896,26.72045935123976,26.82849884033203,1370580.0,0.0,0.0
2004-09-24,26.77131175757859,26.898416407530394,26.70140477938069,26.815797805786133,1110228.0,0.0,0.0
2004-09-27,26.660081566444525,26.81260706679411,26.567932770780153,26.691858291625977,1463673.0,0.0,0.0
2004-09-28,26.660073793874453,26.930171244969344,26.660073793874453,26.90157127380371,1151708.0,0.0,0.0
2004-09-29,26.85074434523079,26.853923408845738,26.50756303773614,26.56793975830078,1965072.0,0.0,0.0
2004-09-30,26.56793399836692,26.739522297812105,26.41222942804408,26.615596771240234,2535670.0,0.0,0.0
2004-10-01,26.682323161919076,26.926997434315282,26.647369694433902,26.714099884033203,1609524.0,0.0,0.0
2004-10-04,26.860267151175915,26.93017407987229,26.76811605557582,26.857088088989258,1111183.0,0.0,0.0
2004-10-05,26.803078272324107,27.07317352294922,26.71728295598061,27.07317352294922,1257417.0,0.0,0.0
2004-10-06,27.07317220980738,27.219341915113922,26.984200151656047,27.206632614135742,927483.0,0.0,0.0
2004-10-07,27.228875144557428,27.34962625089851,27.035042659404965,27.184389114379883,1156869.0,0.0,0.0
2004-10-08,27.184381763886257,27.200270124032425,26.615591446417906,26.723630905151367,1716189.0,0.0,0.0
2004-10-11,26.834855193792926,27.06364116094342,26.75541336912811,27.00962257385254,1364272.0,0.0,0.0
2004-10-12,27.0096122396416,27.0096122396416,26.440821968436047,26.45353126525879,1975012.0,0.0,0.0
2004-10-13,26.456716133972996,26.4598951969803,25.980076807503,26.02456283569336,3931674.0,0.0,0.0
2004-10-14,25.95465728621223,25.98007820613258,25.77671084676979,25.795778274536133,2882616.0,0.0,0.0
2004-10-15,25.827557478267792,25.8879318846419,25.5892389165396,25.652790069580078,2377011.0,0.0,0.0
2004-10-18,25.652784303234814,25.926058602374628,25.45577276086202,25.8974609375,2055297.0,0.0,0.0
2004-10-19,25.881572961972484,25.945124101681447,25.551101011022272,25.573345184326172,1824191.0,0.0,0.0
2004-10-20,25.516143503668072,25.614650419314067,25.43352494971343,25.54792022705078,2227337.0,0.0,0.0
2004-10-21,25.605110076177866,25.744923909166243,25.408098621921372,25.563800811767578,2270155.0,0.0,0.0
2004-10-22,25.61147770056444,25.63689862214705,25.446242868828243,25.484373092651367,1485656.0,0.0,0.0
2004-10-25,25.4049364175991,25.67503402920336,25.341385265099078,25.627368927001953,2249319.0,0.0,0.0
2004-10-26,25.611471641120765,26.142131805419922,25.592406533719835,26.142131805419922,2059885.0,0.0,0.0
2004-10-27,26.07222504570029,26.469424826715063,25.91652280568973,26.45989227294922,1709689.0,0.0,0.0
2004-10-28,26.45989005419943,26.54886209328742,26.301011081956474,26.393159866333008,1150561.0,0.0,0.0
2004-10-29,26.38999397373677,26.399526530623472,26.167561467442194,26.358217239379883,1772770.0,0.0,0.0
2004-11-01,26.29465215556252,26.297828900474286,25.948294276156506,26.177080154418945,1539179.0,0.0,0.0
2004-11-02,26.135773685555428,26.50437577014191,26.1167085798408,26.180259704589844,1000887.0,0.0,0.0
2004-11-03,26.45353126525879,26.625121833519735,26.326429028628954,26.45353126525879,1602643.0,0.0,0.0
2004-11-04,26.545700409984317,26.844395735117303,26.545700409984317,26.831684112548828,1849232.0,0.0,0.0
2004-11-05,26.86662484137141,27.04457125311713,26.825315563292804,26.965131759643555,2262891.0,0.0,0.0
2004-11-08,26.818972993278084,26.86345903505473,26.710933477161635,26.774484634399414,1250344.0,0.0,0.0
2004-11-09,26.774476596575592,26.825318433943664,26.618776655650198,26.67597198486328,1434235.0,0.0,0.0
2004-11-10,26.539328693447455,26.749049486220148,26.43764504224829,26.478954315185547,1936781.0,0.0,0.0
2004-11-11,26.580638656379605,26.609236315108927,26.45353408908119,26.555217742919922,1631698.0,0.0,0.0
2004-11-12,26.532973962601528,26.564750684165872,26.158018379966,26.418581008911133,3276395.0,0.0,0.0
2004-11-15,26.469425908548875,26.498023571015224,26.24699346598529,26.399518966674805,1399636.0,0.0,0.0
2004-11-16,26.421764966017523,26.485318426493055,26.132604598999023,26.132604598999023,1736642.0,0.0,0.0
2004-11-17,26.12306707770869,26.285125127174137,25.7385765930633,25.770353317260742,2768687.0,0.0,0.0
2004-11-18,25.84980143640481,25.84980143640481,25.487555001240796,25.627368927001953,2969018.0,0.0,0.0
2004-11-19,25.627361208387235,25.65913793361745,25.325489270003636,25.350910186767578,2654950.0,0.0,0.0
2004-11-22,25.420812421438352,26.231100227959203,25.411279869054656,26.215211868286133,4450277.0,0.0,0.0
2004-11-23,26.285129410006693,26.288306156103616,25.9451248935776,26.10400390625,2096204.0,0.0,0.0
2004-11-24,26.183438620662702,26.377271056179943,26.14530609234564,26.196147918701172,1581998.0,0.0,0.0
2004-11-26,26.25970600991963,26.383631535416324,26.224752537748703,26.256526947021484,514589.0,0.0,0.0
2004-11-29,26.351864928404556,26.37410910882859,26.030927746928292,26.301025390625,1836234.0,0.0,0.0
2004-11-30,26.231095512106457,26.320069846859617,26.11034678082031,26.2120304107666,2591678.0,0.0,0.0
2004-12-01,26.29149189590445,26.447194215742048,26.247005849822603,26.39635467529297,1715806.0,0.0,0.0
2004-12-02,26.316907343894894,26.316907343894894,25.84662373514022,25.859333038330078,1827632.0,0.0,0.0
2004-12-03,25.859324558808925,26.088112795120356,25.738575791142033,25.945119857788086,2206501.0,0.0,0.0
2004-12-06,25.929232401807624,26.12624392179263,25.86568127027421,26.046804428100586,2161962.0,0.0,0.0
2004-12-07,26.024560666889375,26.21203963594749,25.992786259173567,26.00867462158203,1637050.0,0.0,0.0
2004-12-08,26.07223388641821,26.14214084913955,25.770361857802495,25.862510681152344,2489219.0,0.0,0.0
2004-12-09,25.80848618655354,26.065872117977733,25.63054207379211,26.02456283569336,2377776.0,0.0,0.0
2004-12-10,26.447185393101087,26.447185393101087,25.560634563089636,25.706804275512695,2605632.0,0.0,0.0
2004-12-13,25.833906169821006,25.852971278769314,25.528857475344378,25.598764419555664,2396126.0,0.0,0.0
2004-12-14,25.58287657833028,25.827550888061523,25.57652076951743,25.827550888061523,2477367.0,0.0,0.0
2004-12-15,25.830736229982385,25.872180860550895,25.37801170349121,25.37801170349121,3500237.0,0.14125,0.0
2004-12-16,25.441791828237548,25.505554802750623,25.295134894515,25.400344848632812,3768427.0,0.0,0.0
2004-12-17,25.202673990004577,25.508739490660865,25.202673990004577,25.26962661743164,5147801.0,0.0,0.0
2004-12-20,25.33338264907207,25.384393939352066,25.135714480443117,25.18353843688965,3156158.0,0.0,0.0
2004-12-21,25.17078771314634,25.613948064268595,25.17078771314634,25.50554847717285,3205285.0,0.0,0.0
2004-12-22,25.473662860201514,25.910446166992188,25.473662860201514,25.910446166992188,3269131.0,0.0,0.0
2004-12-23,25.91044864276373,25.913635976942448,25.604383192754845,25.725534439086914,2495909.0,0.0,0.0
2004-12-27,25.690465488077184,25.82436840128704,25.661770180027297,25.73509979248047,1324321.0,0.0,0.0
2004-12-28,25.73509276449192,25.89450128308861,25.73509276449192,25.789291381835938,1438823.0,0.0,0.0
2004-12-29,25.85625119446924,25.935955475998934,25.773357253790714,25.913637161254883,1169103.0,0.0,0.0
2004-12-30,25.913640832588506,26.09537006096301,25.878570850753896,26.031604766845703,917161.0,0.0,0.0
2004-12-31,25.951887466864964,26.168684243590143,25.951887466864964,26.04753303527832,1317248.0,0.0,0.0
2005-01-03,26.05071880523792,26.127235720341794,25.7605947842288,25.888120651245117,2402243.0,0.0,0.0
2005-01-04,25.824371640981752,25.872193285690106,25.65858606461824,25.760608673095703,2267479.0,0.0,0.0
2005-01-05,25.664959665994996,25.8052395716944,25.601194381713867,25.601194381713867,2155271.0,0.0,0.0
2005-01-06,25.633066592389007,25.964637566348994,25.633066592389007,25.888120651245117,2446782.0,0.0,0.0
2005-01-07,26.079428737433684,26.16232036503149,25.897699509059176,26.031604766845703,2373570.0,0.0,0.0
2005-01-10,25.95189111405955,26.111299642210025,25.894502835016926,26.050724029541016,1410341.0,0.0,0.0
2005-01-11,26.063486685294148,26.136813981689436,25.951899748533073,26.037981033325195,1330247.0,0.0,0.0
2005-01-12,25.96782456391335,26.12085605362048,25.811603416722317,26.069847106933594,1603216.0,0.0,0.0
2005-01-13,26.053912934204543,26.133617195973795,25.93594904590582,25.999711990356445,1351847.0,0.0,0.0
2005-01-14,26.06348075807223,26.06348075807223,25.73509701666676,25.824365615844727,2004259.0,0.0,0.0
2005-01-18,25.633072952015958,26.27389907836914,25.623508625857976,26.27389907836914,2005788.0,0.0,0.0
2005-01-19,26.127249494730506,26.222895107829228,25.833935661274513,25.904075622558594,1516049.0,0.0,0.0
2005-01-20,25.66494827409743,25.80203845983792,25.54698441039749,25.715959548950195,1673752.0,0.0,0.0
2005-01-21,25.664956917484606,25.96783501091089,25.58525032066913,25.827552795410156,2106144.0,0.0,0.0
2005-01-24,25.601187661281642,25.87537273213701,25.582059010948434,25.649011611938477,1815207.0,0.0,0.0
2005-01-25,25.655390655051722,25.728720260269114,25.464099469442147,25.56612205505371,2212618.0,0.0,0.0
2005-01-26,25.56612410162578,25.56612410162578,25.043261795747625,25.50554847717285,4211524.0,0.0,0.0
2005-01-27,25.42584740826688,25.505551697911915,25.374836104936133,25.473669052124023,3072241.0,0.0,0.0
2005-01-28,25.409900049796992,25.48960432050999,25.15484359372644,25.29831314086914,3813922.0,0.0,0.0
2005-01-31,25.617130528829925,25.617130528829925,25.39714638703426,25.518295288085938,2181268.0,0.0,0.0
2005-02-01,25.515114114233995,25.559748420096724,25.189917661081296,25.314258575439453,3075873.0,0.0,0.0
2005-02-02,25.250495340434405,25.457730214537378,25.23136668277096,25.390777587890625,2036564.0,0.0,0.0
2005-02-03,25.425850349368826,25.480048993617846,25.221805112443175,25.460920333862305,1832602.0,0.0,0.0
2005-02-04,25.441780906804137,25.821175905632128,25.378015634838707,25.7095890045166,1601687.0,0.0,0.0
2005-02-07,25.70959575023876,25.86900432233024,25.601196154349868,25.798864364624023,1087480.0,0.0,0.0
2005-02-08,25.72871567969527,25.983772098315587,25.72871567969527,25.907255172729492,1267357.0,0.0,0.0
2005-02-09,25.99971871300393,26.02841402152664,25.464102401690024,25.553373336791992,1873891.0,0.0,0.0
2005-02-10,25.585253215285356,25.67133448972563,25.50554893427662,25.598007202148438,1392372.0,0.0,0.0
2005-02-11,25.598007959948294,26.085800313000767,25.585253972707644,26.025224685668945,1718482.0,0.0,0.0
2005-02-14,25.84030301098716,25.91044294609272,25.508729661150888,25.5501766204834,2343368.0,0.0,0.0
2005-02-15,25.55337406401349,25.610760033043103,25.413091826239395,25.46729278564453,2098307.0,0.0,0.0
2005-02-16,25.43540690194484,25.44816088776543,25.266431701179663,25.362079620361328,1786342.0,0.0,0.0
2005-02-17,25.314252705628668,25.390769637147,25.11020755491312,25.295124053955078,2084926.0,0.0,0.0
2005-02-18,25.37802433325397,25.585256888523418,25.37802433325397,25.441789627075195,2403773.0,0.0,0.0
2005-02-22,25.4449711799506,25.562935086855,25.167598724365234,25.167598724365234,2994441.0,0.0,0.0
2005-02-23,25.45773227948473,25.464106949339808,25.161228762352327,25.330204010009766,2269773.0,0.0,0.0
2005-02-24,25.266429517771307,25.441781696293653,25.173973590270776,25.425840377807617,1807561.0,0.0,0.0
2005-02-25,25.378017846965147,25.4290291390544,25.186726664042524,25.253679275512695,1480495.0,0.0,0.0
2005-02-28,25.21860249044019,25.2217898235257,24.85195921819395,25.10701560974121,2816858.0,0.0,0.0
2005-03-01,25.218610382771363,25.645827066283875,25.202669062707773,25.537429809570312,1973483.0,0.0,0.0
2005-03-02,25.33588834558111,25.81893414602538,25.33588834558111,25.56621551513672,2433402.0,0.14125,0.0
2005-03-03,25.591818546678425,25.604613339760608,25.137564902910714,25.303911209106445,2951431.0,0.0,0.0
2005-03-04,25.479849328302993,25.703777992332565,25.43826217652251,25.569419860839844,2749190.0,0.0,0.0
2005-03-07,25.495849868436473,25.495849868436473,25.22393776710154,25.271921157836914,2861206.0,0.0,0.0
2005-03-08,25.2175350189209,25.3231007937066,25.191943103880043,25.2175350189209,2480808.0,0.0,0.0
2005-03-09,25.220736335015506,25.284714964395203,25.019201436416022,25.08957862854004,2671772.0,0.0,0.0
2005-03-10,25.05758912538443,25.339100237554366,25.05758912538443,25.271921157836914,2090661.0,0.0,0.0
2005-03-11,25.271920276836095,25.31670555085717,25.179151613752392,25.214340209960938,1680060.0,0.0,0.0
2005-03-14,25.28790577091884,25.62379869564833,25.28790577091884,25.55661964416504,1936399.0,0.0,0.0
2005-03-15,25.70378943900488,25.863739555694085,25.34870293252725,25.412681579589844,2685917.0,0.0,0.0
2005-03-16,25.41587429188293,25.59181726726635,25.34869521666825,25.553430557250977,2304946.0,0.0,0.0
2005-03-17,25.54383065966731,25.668589784177794,25.54383065966731,25.591814041137695,2209177.0,0.0,0.0
2005-03-18,25.591811271946902,25.652591770357557,25.447858810424805,25.447858810424805,3320934.0,0.0,0.0
2005-03-21,25.502253747065147,25.614218125702543,25.393487484247412,25.547039031982422,2042681.0,0.0,0.0
2005-03-22,25.54703414326978,25.57582417820264,25.239931106567383,25.239931106567383,2278948.0,0.0,0.0
2005-03-23,25.239906619310094,25.46383511648261,25.201519943308273,25.31348419189453,1924356.0,0.0,0.0
2005-03-24,25.313504710869267,25.38068378101311,25.255922317504883,25.255922317504883,1432132.0,0.0,0.0
2005-03-28,25.271911711737996,25.473446542873027,25.271911711737996,25.307100296020508,1688662.0,0.0,0.0
2005-03-29,25.26871267891465,25.495839411512964,25.227125535542022,25.36787986755371,2032741.0,0.0,0.0
2005-03-30,25.38067616266097,25.473444787912566,25.319895672843383,25.463848114013672,1940222.0,0.0,0.0
2005-03-31,25.38387683151994,25.45745444906692,25.27511062857267,25.297504425048828,1919960.0,0.0,0.0
2005-04-01,25.310304230032646,25.329499916253802,25.067182198107293,25.102373123168945,2508334.0,0.0,0.0
2005-04-04,25.10237630607485,25.38068696566322,24.900839070355357,25.303911209106445,1967366.0,0.0,0.0
2005-04-05,25.335899490437573,25.42867048834736,25.18554842432549,25.28471565246582,1442264.0,0.0,0.0
2005-04-06,25.303915023087445,25.38708702237762,25.169556845689726,25.182353973388672,998020.0,0.0,0.0
2005-04-07,25.182349925937473,25.55982780937409,25.182349925937473,25.52783966064453,1863760.0,0.0,0.0
2005-04-08,25.4958419590298,25.4958419590298,25.24312329238826,25.28790855407715,1377462.0,0.0,0.0
2005-04-11,25.28150156975555,25.377470622167323,25.207926307070647,25.211124420166016,1721159.0,0.0,0.0
2005-04-12,24.984008991262936,25.59821260289624,24.952018515157693,25.591814041137695,3349607.0,0.0,0.0
2005-04-13,25.495839588536228,25.585410103586124,25.326292900027145,25.406269073486328,2037520.0,0.0,0.0
2005-04-14,25.367883172851812,25.54702655773618,25.358286497390345,25.36468505859375,3077594.0,0.0,0.0
2005-04-15,25.271911888419268,25.335890496829197,25.031988024679645,25.083171844482422,2438754.0,0.0,0.0
2005-04-18,24.952021669658144,25.031995537344283,24.817665851867964,24.894441604614258,2686873.0,0.0,0.0
2005-04-19,24.89443889880173,25.060785178661057,24.728090286254883,24.728090286254883,2864265.0,0.0,0.0
2005-04-20,24.72809784043915,24.731298288696618,24.382608051432857,24.449787139892578,2264230.0,0.0,0.0
2005-04-21,24.529761757584357,24.75689095238089,24.494573154516555,24.64812469482422,2945506.0,0.0,0.0
2005-04-22,24.63212021402515,24.651313566193984,23.928346083897623,24.219453811645508,2981825.0,0.0,0.0
2005-04-25,24.222657457734204,24.561748643340955,24.184270744630332,24.51056480407715,2171519.0,0.0,0.0
2005-04-26,24.504174679373193,24.600141486044862,24.3954084106644,24.41140365600586,1800488.0,0.0,0.0
2005-04-27,24.41139178952747,24.616124765386388,24.18426501453852,24.475370407104492,2365733.0,0.0,0.0
2005-04-28,24.408195499577563,24.472176460739156,24.29943159790334,24.37620735168457,2245114.0,0.0,0.0
2005-04-29,24.472172421319165,24.702497311957217,24.398594794665744,24.63212013244629,2131950.0,0.0,0.0
2005-05-02,24.616131332574035,24.676911851928065,24.369811139866457,24.46578025817871,2295770.0,0.0,0.0
2005-05-03,24.47536629189249,24.62891774748457,24.411387685072633,24.456172943115234,1754993.0,0.0,0.0
2005-05-04,24.584137806603792,24.79207123959983,24.520156853258843,24.728090286254883,2074222.0,0.0,0.0
2005-05-05,24.77607196865802,24.910427749976844,24.609723383186417,24.744081497192383,1847130.0,0.0,0.0
2005-05-06,24.920027540681502,24.920027540681502,24.561743079680458,24.580936431884766,1523887.0,0.0,0.0
2005-05-09,24.60012736963954,24.71849025109478,24.55534210799592,24.609724044799805,1386829.0,0.0,0.0
2005-05-10,24.612929975438245,24.612929975438245,24.420991764094506,24.47217559814453,1490626.0,0.0,0.0
2005-05-11,24.47537214874853,24.500964064137914,24.24824535759745,24.40499496459961,1547399.0,0.0,0.0
2005-05-12,24.456175815831518,24.705696377306538,24.302624342202694,24.309022903442383,1737216.0,0.0,0.0
2005-05-13,24.305822105937487,24.420986875841834,24.024313407698546,24.16826820373535,2136920.0,0.0,0.0
2005-05-16,24.168273893284997,24.42419073986796,24.1362834127042,24.37620735168457,1622714.0,0.0,0.0
2005-05-17,24.248244813753487,24.334617234669544,24.091495210266938,24.312223434448242,1533062.0,0.0,0.0
2005-05-18,24.344203055334507,24.414580206521727,24.177856849556846,24.23223876953125,2324252.0,0.0,0.0
2005-05-19,24.104287051262606,24.257838521362235,24.05950178898869,24.216251373291016,1739318.0,0.0,0.0
2005-05-20,24.216248527998022,24.216248527998022,23.944336539412948,23.982723236083984,1938693.0,0.0,0.0
2005-05-23,23.950732925276853,24.23544203642427,23.950732925276853,24.13947296142578,1610480.0,0.0,0.0
2005-05-24,24.05630721762978,24.161872994112546,23.94434287911205,24.110689163208008,1342098.0,0.0,0.0
2005-05-25,24.0243202491529,24.104294121864445,23.998728329962656,24.09149932861328,2522289.0,0.0,0.0
2005-05-26,24.168276471752026,24.248250349048472,23.992331142474175,23.998729705810547,2074030.0,0.0,0.0
2005-05-27,23.9923233040337,24.059502365397645,23.97312995298323,24.01471710205078,1685413.0,0.0,0.0
2005-05-31,23.992321072187263,24.027509656735532,23.819576263427734,23.819576263427734,2316988.0,0.0,0.0
2005-06-01,23.7585809779699,24.00579991198582,23.739317773027636,23.835636138916016,2354646.0,0.14125,0.0
2005-06-02,23.790688960696603,23.83884931641636,23.723265399159807,23.781057357788086,2597986.0,0.0,0.0
2005-06-03,23.758583769226437,23.81316597787815,23.69758205229116,23.77463722229004,1994319.0,0.0,0.0
2005-06-06,23.790686356979254,23.851688062841784,23.771423153270437,23.806739807128906,1963925.0,0.0,0.0
2005-06-07,23.887006256810295,24.10532804233261,23.832426395723985,23.919113159179688,2186238.0,0.0,0.0
2005-06-08,23.983326410439584,24.0282746724009,23.81316496578766,23.838850021362305,1511270.0,0.0,0.0
2005-06-09,23.77463354104628,23.877373751803244,23.67189333028932,23.85489845275879,2804433.0,0.0,0.0
2005-06-10,23.83884963097516,23.96406281161527,23.73931916431187,23.78426742553711,1632272.0,0.0,0.0
2005-06-13,23.822788093657003,23.999371324674694,23.8163662467537,23.94158172607422,1815398.0,0.0,0.0
2005-06-14,23.9255318859729,23.9255318859729,23.797106634429934,23.89342498779297,1786151.0,0.0,0.0
2005-06-15,23.887002976485743,23.899846672140544,23.662259373117443,23.72968292236328,1780034.0,0.0,0.0
2005-06-16,23.73289365587465,23.999375769361844,23.697577003130466,23.906267166137695,1932576.0,0.0,0.0
2005-06-17,24.063592210942357,24.13422787223803,23.87737730710104,24.089277267456055,4328320.0,0.0,0.0
2005-06-20,24.04753615293377,24.15991031153801,23.954429881687865,24.07322120666504,2187194.0,0.0,0.0
2005-06-21,24.073217079396468,24.073217079396468,23.739313779313612,23.82921028137207,2219308.0,0.0,0.0
2005-06-22,23.88700018041884,23.94800187469679,23.691151403433587,23.790681838989258,2340692.0,0.0,0.0
2005-06-23,23.630156660611558,23.646207769667686,23.286619380919436,23.293041229248047,4375153.0,0.0,0.0
2005-06-24,23.276980147120867,23.309087037060007,23.106816439854814,23.135713577270508,2649598.0,0.0,0.0
2005-06-27,23.138931468778832,23.273778581013982,23.119668264510096,23.145353317260742,2654568.0,0.0,0.0
2005-06-28,23.212785023635632,23.215994778415073,23.004092433526797,23.196731567382812,2412375.0,0.0,0.0
2005-06-29,23.196718195725868,23.2063497956899,22.939867726096832,22.955921173095703,2635261.0,0.0,0.0
2005-06-30,23.004085085171493,23.167827008996085,22.83392365383865,22.837133407592773,2616719.0,0.0,0.0
2005-07-01,22.955923549818504,23.10361199985189,22.955923549818504,23.08113670349121,2375482.0,0.0,0.0
2005-07-05,23.01050464845543,23.077928200012067,22.872447791906822,22.94950294494629,2606588.0,0.0,0.0
2005-07-06,22.939869657462662,22.99123975571345,22.78897145708639,22.798603057861328,2610411.0,0.0,0.0
2005-07-07,22.718337014977145,22.795392166419596,22.64770371144909,22.782550811767578,3516103.0,0.0,0.0
2005-07-08,22.801811544649546,23.28661535672996,22.795389697430704,23.244876861572266,2366306.0,0.0,0.0
2005-07-11,23.29304698143634,23.58521188782625,23.183884897600237,23.572370529174805,3112384.0,0.0,0.0
2005-07-12,23.59484551956467,23.70400526077185,23.521000099473802,23.56916046142578,2521906.0,0.0,0.0
2005-07-13,23.572371243174526,23.572371243174526,23.15177869046546,23.421470642089844,2828901.0,0.0,0.0
2005-07-14,23.469630577528523,23.546685753896504,23.2352552940175,23.337995529174805,2466663.0,0.0,0.0
2005-07-15,23.328356310586976,23.328356310586976,23.023347800252026,23.097190856933594,1983805.0,0.0,0.0
2005-07-18,23.052251233105746,23.180676533208505,22.99767135850369,23.074724197387695,1400592.0,0.0,0.0
2005-07-19,23.113240471223413,23.119662318053603,22.952710688703416,23.055448532104492,1662474.0,0.0,0.0
2005-07-20,23.116454358860594,23.40862151836527,23.103613004079687,23.341197967529297,1548163.0,0.0,0.0
2005-07-21,23.302668276386456,23.341194676473844,23.13250454658871,23.193506240844727,1704719.0,0.0,0.0
2005-07-22,23.180676726852216,23.453578443319866,23.11646290567559,23.443946838378906,1533253.0,0.0,0.0
2005-07-25,23.4118348002644,23.867743934292687,23.4118348002644,23.816373825073242,2965195.0,0.0,0.0
2005-07-26,23.74894938603439,23.9576395690813,23.588419556541567,23.919113159179688,2907275.0,0.0,0.0
2005-07-27,23.92232469609696,23.964063204052916,23.71363449749445,23.838850021362305,960936.0,0.0,0.0
2005-07-28,23.838848223207936,23.91911313788288,23.74252751618552,23.752159118652344,1295457.0,0.0,0.0
2005-07-29,23.694364920882883,23.72325972269453,23.408619632378993,23.424673080444336,2245114.0,0.0,0.0
2005-08-01,23.392577210826854,23.485685848788307,23.193518575104644,23.215993881225586,1872553.0,0.0,0.0
2005-08-02,23.23204313221448,23.328361507399176,23.180673019959,23.20314598083496,1453159.0,0.0,0.0
2005-08-03,23.199935909389794,23.293044529226304,23.10361753552271,23.116458892822266,1831646.0,0.0,0.0
2005-08-04,23.11967010626691,23.35083325826065,23.103616654371784,23.260936737060547,1724026.0,0.0,0.0
2005-08-05,23.206360886672062,23.260940759612335,23.039406831032846,23.10040855407715,2097925.0,0.0,0.0
2005-08-08,23.116461490773542,23.33478331882025,23.116461490773542,23.25773048400879,1692294.0,0.0,0.0
2005-08-09,23.293036018048216,23.370088816045296,23.267350971657052,23.30266761779785,1205805.0,0.0,0.0
2005-08-10,23.27699423229174,23.492106310933625,23.27699423229174,23.421470642089844,2238233.0,0.0,0.0
2005-08-11,23.405415338539225,23.42788829813122,23.11324813442601,23.222410202026367,2604868.0,0.0,0.0
2005-08-12,23.132512026499015,23.16140917708494,22.766501742613297,23.02977180480957,3438303.0,0.0,0.0
2005-08-15,23.0618813724423,23.89343250393985,23.049040013836883,23.77142906188965,4510299.0,0.0,0.0
2005-08-16,23.774629820032978,23.774629820032978,23.418251232982875,23.424673080444336,2172666.0,0.0,0.0
2005-08-17,23.42468082971235,23.562737719333835,23.293045789676782,23.463207244873047,1275768.0,0.0,0.0
2005-08-18,23.41825453062043,23.44393958290649,23.305882719516035,23.373306274414062,963421.0,0.0,0.0
2005-08-19,23.53383484704057,23.610889999811604,23.415043535048284,23.54667854309082,1373448.0,0.0,0.0
2005-08-22,23.614098392700566,23.941582155347362,23.614098392700566,23.742521286010742,1661136.0,0.0,0.0
2005-08-23,23.806728391030187,23.94799493872217,23.7007784802612,23.848466873168945,1496169.0,0.0,0.0
2005-08-24,23.822800891552454,23.91590952755196,23.415052023556026,23.443946838378906,1565367.0,0.0,0.0
2005-08-25,23.373306394104205,23.463202906977287,23.283409881231126,23.370094299316406,1331585.0,0.0,0.0
2005-08-26,23.3411948434434,23.514568327429817,23.273773642808177,23.315509796142578,1211922.0,0.0,0.0
2005-08-29,23.315518368529517,23.710425823327693,23.26414825504069,23.659055709838867,1237919.0,0.0,0.0
2005-08-30,23.578794985350626,23.578794985350626,23.148570793543758,23.30910301208496,1633418.0,0.0,0.0
2005-08-31,23.30909550873617,23.37009487590886,23.12287828882002,23.34762191772461,1489670.0,0.0,0.0
2005-09-01,23.3572550437608,23.537050426849433,23.251305070953585,23.37651824951172,2157947.0,0.0,0.0
2005-09-02,23.354040107427583,23.3989883579311,23.14855971520962,23.228824615478516,990756.0,0.0,0.0
2005-09-06,23.293041704534005,23.58520654473568,23.293041704534005,23.54347038269043,1374977.0,0.0,0.0
2005-09-07,23.456782744682613,23.62373441014603,23.341198841442875,23.60447120666504,1192233.0,0.0,0.0
2005-09-08,23.854892038213965,23.85810413217201,23.302667065653235,23.366878509521484,1831455.0,0.0,0.0
2005-09-09,23.453569960167425,23.75215662887144,23.453569960167425,23.630155563354492,1655784.0,0.0,0.0
2005-09-12,23.662269080908672,24.079649560921446,23.59805759982121,24.015438079833984,2167123.0,0.0,0.0
2005-09-13,23.887009074007725,23.890221169329738,23.24809709327317,23.2545166015625,3135322.0,0.0,0.0
2005-09-14,23.2448505042073,23.25129817061513,22.916052425657977,22.948286056518555,1894918.0,0.15171,0.0
2005-09-15,22.90315420530342,23.13202400332817,22.887036216610582,23.128801345825195,1706440.0,0.0,0.0
2005-09-16,23.161022446480334,23.24483264302576,22.874128543556143,22.89669418334961,2813226.0,0.0,0.0
2005-09-19,22.89992156130171,22.89992156130171,22.65171122532397,22.7161808013916,2481573.0,0.0,0.0
2005-09-20,22.674273313191257,22.922483635967264,22.484084900613677,22.51309585571289,2417536.0,0.0,0.0
2005-09-21,22.484082920356077,22.487305575998434,21.22368607957544,21.355850219726562,6043744.0,0.0,0.0
2005-09-22,21.3590817631274,22.110162990866453,21.226917567981243,22.071481704711914,4295059.0,0.0,0.0
2005-09-23,22.081155015207653,22.226214559099997,21.778142947155764,22.077932357788086,2359425.0,0.0,0.0
2005-09-26,22.119838146043566,22.271345367963036,21.787815081838346,21.839391708374023,1604745.0,0.0,0.0
2005-09-27,21.936093454476527,22.152070246453547,21.85550587109632,21.994117736816406,2293667.0,0.0,0.0
2005-09-28,21.855503085723825,22.081150170901804,21.723338901682645,21.907079696655273,2356940.0,0.0,0.0
2005-09-29,21.85550011326208,22.013452581286625,21.729783610332532,21.952205657958984,1623478.0,0.0,0.0
2005-09-30,21.936091304832598,22.322915898210105,21.77813881067413,22.18752670288086,2770025.0,0.0,0.0
2005-10-03,22.268115171649644,22.368045743751562,22.0908220283573,22.11983299255371,2066002.0,0.0,0.0
2005-10-04,22.14561989657221,22.239102798288595,21.99411507013953,22.042469024658203,1349362.0,0.0,0.0
2005-10-05,21.984447124710957,21.984447124710957,21.459012985229492,21.459012985229492,1792650.0,0.0,0.0
2005-10-06,21.43644310265171,21.74590274251236,21.35907819268655,21.629854202270508,2738103.0,0.0,0.0
2005-10-07,21.620189536982096,21.73301309969944,21.513813639428587,21.639530181884766,1422575.0,0.0,0.0
2005-10-10,21.629854739798407,21.639525059960846,21.210796563347508,21.336515426635742,2297108.0,0.0,0.0
2005-10-11,21.45256538997456,21.913529935213745,21.246258922010533,21.346189498901367,2016302.0,0.0,0.0
2005-10-12,21.033506267535284,21.22369474097829,20.791741179240322,20.846540451049805,3402748.0,0.0,0.0
2005-10-13,20.649902171822802,21.114089253929524,20.649902171822802,21.049619674682617,1917475.0,0.0,0.0
2005-10-14,21.059288010836408,21.294605361279924,20.917453539497263,21.22368812561035,2529935.0,0.0,0.0
2005-10-17,21.06574243342876,21.143105005830417,20.711153790703833,20.817529678344727,1676046.0,0.0,0.0
2005-10-18,20.804632176623223,20.972254964697907,20.753055572509766,20.753055572509766,2382554.0,0.0,0.0
2005-10-19,20.598320897907993,20.75305067372419,20.424250487761654,20.74660301208496,2733324.0,0.0,0.0
2005-10-20,20.646684650768258,20.74661287604312,20.475836814918313,20.54353141784668,2251996.0,0.0,0.0
2005-10-21,20.566092985733352,20.60477662011417,19.98263461794224,20.205059051513672,4069305.0,0.0,0.0
2005-10-24,20.22761849282512,20.595102371716283,20.22761849282512,20.585432052612305,2476220.0,0.0,0.0
2005-10-25,20.42102908358833,20.543522909302066,20.11156951299298,20.2308406829834,3626782.0,0.0,0.0
2005-10-26,20.246958461827266,20.61766259101261,20.227615475916267,20.3726749420166,2434549.0,0.0,0.0
2005-10-27,20.375914049327655,20.443606319805365,19.934290034020663,20.018102645874023,3739181.0,0.0,0.0
2005-10-28,20.01487033172445,20.15670483793047,19.99552969007607,20.140586853027344,2745749.0,0.0,0.0
2005-10-31,20.19539146326079,20.330778325442076,20.12124919184176,20.1986141204834,2218926.0,0.0,0.0
2005-11-01,20.185719109428554,20.44682248525597,20.027766610819672,20.424259185791016,7351817.0,0.0,0.0
2005-11-02,20.401689452081424,20.949689102176063,20.30820891485755,20.94646644592285,5449826.0,0.0,0.0
2005-11-03,20.82397753234353,21.13665988413629,20.76273059490931,20.891672134399414,3418423.0,0.0,0.0
2005-11-04,20.727265849518208,21.030277790265092,20.653123604717315,20.90778160095215,2281051.0,0.0,0.0
2005-11-07,20.869107038091414,21.24303633725515,20.865884380989257,21.18178939819336,1823235.0,0.0,0.0
2005-11-08,20.872325229688908,21.114090277109774,20.82397363055765,21.065738677978516,2527641.0,0.0,0.0
2005-11-09,21.00127035563195,21.326848031639052,20.985152369621073,21.197906494140625,2048798.0,0.0,0.0
2005-11-10,21.143106580399365,21.3171770824437,21.046401007106823,21.226919174194336,1796091.0,0.0,0.0
2005-11-11,21.223695766865376,21.26882471939508,20.875554775080936,21.01738929748535,1814251.0,0.0,0.0
2005-11-14,21.0012725563277,21.114096119637882,20.653131543895004,20.695037841796875,2669669.0,0.0,0.0
2005-11-15,20.227623940409313,20.29209588591638,19.866589977806623,20.20183563232422,4581600.0,0.0,0.0
2005-11-16,20.188944755022245,20.279202667420606,20.08579151194475,20.172826766967773,2137112.0,0.0,0.0
2005-11-17,20.05033658686855,20.23407745361328,19.879491053188012,20.23407745361328,2813800.0,0.0,0.0
2005-11-18,20.437148503775106,20.437148503775106,20.130913882685867,20.240514755249023,2175725.0,0.0,0.0
2005-11-21,20.163149838548343,20.363008593887496,20.09223259481318,20.18893814086914,1888228.0,0.0,0.0
2005-11-22,20.024543956761566,20.13736751911183,19.943956369536757,19.995532989501953,2678653.0,0.0,0.0
2005-11-23,20.053557160562953,20.108356437493512,19.824685029298212,19.860143661499023,2671581.0,0.0,0.0
2005-11-25,19.87303454299253,19.943951791518828,19.785999310603298,19.88915252685547,763855.0,0.0,0.0
2005-11-28,19.966520378864676,20.018096994584774,19.75054359436035,19.75054359436035,2652465.0,0.0,0.0
2005-11-29,19.756983075919393,19.911712877401857,19.756983075919393,19.821455001831055,2643290.0,0.0,0.0
2005-11-30,19.83757496317037,19.979409453390915,19.650610355366304,19.86336326599121,3348269.0,0.0,0.0
2005-12-01,19.866591396933355,20.034214236165926,19.756990492095436,19.79889678955078,2991956.0,0.0,0.0
2005-12-02,19.72797733918822,19.831130567468538,19.547460364991945,19.628047943115234,3322272.0,0.0,0.0
2005-12-05,19.40562320606057,19.408847038023683,19.17352963530606,19.302471160888672,4152840.0,0.0,0.0
2005-12-06,19.292802462220653,19.292802462220653,19.018802578793345,19.080049514770508,3022732.0,0.0,0.0
2005-12-07,19.00268608125066,19.566802702870284,18.986568094111863,19.447532653808594,6100326.0,0.0,0.0
2005-12-08,19.444307327270508,19.479764778578314,19.24444736995194,19.444307327270508,4606450.0,0.0,0.0
2005-12-09,19.395954608590838,19.47009569856394,18.815720042509763,19.43463706970215,2554020.0,0.0,0.0
2005-12-12,19.434636182351742,19.628047303783198,19.434636182351742,19.502330780029297,2240335.0,0.0,0.0
2005-12-13,19.486209277632483,19.921384222306,19.479761614591617,19.837574005126953,3356489.0,0.0,0.0
2005-12-14,19.869962620593547,20.012468651723662,19.724216313117555,19.87967872619629,2496865.0,0.15171,0.0
2005-12-15,19.84082024146869,20.167939501036955,19.737179770255526,19.892641067504883,2433784.0,0.0,0.0
2005-12-16,19.90235036489144,20.035142662230367,19.886156067083395,20.022186279296875,3912558.0,0.0,0.0
2005-12-19,19.960648583075084,20.122589193096946,19.869963352962067,19.976842880249023,2154698.0,0.0,0.0
2005-12-20,19.918545022229228,20.080485641515086,19.607621347683704,19.69830894470215,2653421.0,0.0,0.0
2005-12-21,19.688596091482403,19.811669950701887,19.646492560141535,19.76308822631836,3016806.0,0.0,0.0
2005-12-22,19.75660768886912,19.934740252870643,19.714502984182094,19.821382522583008,2671389.0,0.0,0.0
2005-12-23,19.675644114802758,19.869972225082975,19.62706238244753,19.785762786865234,1681781.0,0.0,0.0
2005-12-27,19.750134584154605,19.905597059172763,19.698314940007748,19.75661277770996,1783666.0,0.0,0.0
2005-12-28,19.834338963195428,19.879681583096865,19.74365254253366,19.769561767578125,1373830.0,0.0,0.0
2005-12-29,19.766323434647166,19.83109826717741,19.708025613026397,19.77280044555664,3241031.0,0.0,0.0
2005-12-30,19.610861895827185,19.67239999699418,19.55904108275535,19.617340087890625,2043063.0,0.0,0.0
2006-01-03,19.869970726078773,20.13231276952133,19.743657759140593,20.090208053588867,3775882.0,0.0,0.0
2006-01-04,20.27481721759896,20.404369270858766,20.145265164339154,20.371980667114258,2582694.0,0.0,0.0
2006-01-05,20.42703584061934,20.4659026306761,20.18088816322516,20.248903274536133,2019934.0,0.0,0.0
2006-01-06,20.32339901657294,20.68290687221471,20.23919194804251,20.669950485229492,2289653.0,0.0,0.0
2006-01-09,20.66994956515145,20.78654523423655,20.50477098961191,20.644039154052734,1328526.0,0.0,0.0
2006-01-10,20.550107264703517,20.588974050193478,20.297481425030142,20.537153244018555,1763021.0,0.0,0.0
2006-01-11,20.582494448096558,20.605166934888004,20.281288099354843,20.33310890197754,1598628.0,0.0,0.0
2006-01-12,20.274818363513056,20.414086533423877,20.18737101783502,20.41084861755371,1352421.0,0.0,0.0
2006-01-13,20.436759754169813,20.828651503960405,20.423803366793123,20.81893539428711,2745175.0,0.0,0.0
2006-01-17,20.776829257989867,21.00678268188577,20.682906083660615,20.987350463867188,3494885.0,0.0,0.0
2006-01-18,20.938771731547856,21.042413385577223,20.63756287931019,20.770355224609375,2922567.0,0.0,0.0
2006-01-19,20.78654653452017,20.867515688624263,20.566309207263455,20.579265594482422,2902305.0,0.0,0.0
2006-01-20,20.436753503934636,20.436753503934636,20.070769917390425,20.161455154418945,3633090.0,0.0,0.0
2006-01-23,20.27481463353578,20.39141028575016,20.222993818836517,20.359024047851562,1351083.0,0.0,0.0
2006-01-24,19.934732440596118,20.109627020973278,19.720972266706436,19.84080696105957,4093964.0,0.0,0.0
2006-01-25,19.772803700766836,19.902354568014246,19.568760701072975,19.656208038330078,2620925.0,0.0,0.0
2006-01-26,19.695075421932753,19.925030046550763,19.6918375058894,19.759851455688477,2325590.0,0.0,0.0
2006-01-27,20.080486195391124,20.67966107132506,19.973606659041966,20.598691940307617,6517808.0,0.0,0.0
2006-01-30,20.57602446571416,20.886949405487336,20.50153350830078,20.50153350830078,3119839.0,0.0,0.0
2006-01-31,20.456181913619815,20.50152452370286,19.963884308057022,20.015705108642578,3287482.0,0.0,0.0
2006-02-01,19.934744044906306,20.452949898345125,19.934744044906306,20.404369354248047,2832342.0,0.0,0.0
2006-02-02,20.414080848507048,20.417318763475517,20.109634181351375,20.138782501220703,2540640.0,0.0,0.0
2006-02-03,20.015714361326868,20.394654435996422,20.015714361326868,20.180892944335938,1712557.0,0.0,0.0
2006-02-06,20.11288035354797,20.11611826946554,19.675642437897,19.714508056640625,3941996.0,0.0,0.0
2006-02-07,19.724214011846808,20.099913618761253,19.71773700248691,20.074003219604492,2278757.0,0.0,0.0
2006-02-08,20.015707714297527,20.213274837464013,19.98655939581759,20.206796646118164,2185665.0,0.0,0.0
2006-02-09,20.22623396312293,20.25214437332799,20.067533586261245,20.142026901245117,1445896.0,0.0,0.0
2006-02-10,20.151737923972416,20.320154366941374,20.112873499332498,20.206796646118164,1657504.0,0.0,0.0
2006-02-13,20.232709179601716,20.300724291598847,20.061054803749247,20.177650451660156,1342863.0,0.0,0.0
2006-02-14,20.291013503552925,20.572787770871365,20.27805711610094,20.446475982666016,2011141.0,0.0,0.0
2006-02-15,20.37198093650765,20.65375517999994,20.37198093650765,20.611650466918945,2202104.0,0.0,0.0
2006-02-16,20.517729028496568,20.517729028496568,20.284535309826932,20.446475982666016,1612583.0,0.0,0.0
2006-02-17,20.420554822944723,20.462657155710733,20.278046444561724,20.323389053344727,1297750.0,0.0,0.0
2006-02-21,20.323398104379216,20.32663838183927,20.142027588473763,20.15498161315918,2007126.0,0.0,0.0
2006-02-22,20.27481129840207,20.598690156136588,20.27481129840207,20.537153244018555,1545487.0,0.0,0.0
2006-02-23,20.45618545920668,20.582497206453773,20.27805054067445,20.284528732299805,1515667.0,0.0,0.0
2006-02-24,20.287771383051467,20.462666065738045,20.213280427983314,20.310443878173828,1390652.0,0.0,0.0
2006-02-27,20.287764690029384,20.41407878680825,20.25861637310386,20.336347579956055,1121315.0,0.0,0.0
2006-02-28,20.210037821782173,20.352546245796365,20.106398552114538,20.132308959960938,1973865.0,0.0,0.0
2006-03-01,20.129062614056913,20.316913604736328,19.96064619469131,20.316913604736328,2353690.0,0.0,0.0
2006-03-02,20.129062237579163,20.362255833528167,20.00275051584671,20.323389053344727,1824956.0,0.0,0.0
2006-03-03,20.161454991153093,20.333111718836,20.048097264926543,20.138782501220703,1610098.0,0.0,0.0
2006-03-06,20.080491003509934,20.09992322173218,19.892639929446098,19.9379825592041,1557530.0,0.0,0.0
2006-03-07,19.873209219546183,19.886163245438087,19.61410626538253,19.759851455688477,2257730.0,0.0,0.0
2006-03-08,19.7207982552086,19.886765721663,19.70127204277337,19.776121139526367,1154193.0,0.15171,0.0
2006-03-09,19.746827551809723,19.805403801694226,19.694759246801894,19.717538833618164,1755758.0,0.0,0.0
2006-03-10,19.8835134692558,20.15036303593514,19.772868874242135,20.07876968383789,1522357.0,0.0,0.0
2006-03-13,20.104801056294402,20.25449687345459,19.932324460719464,19.97137451171875,2081294.0,0.0,0.0
2006-03-14,20.01368015249891,20.059239335959305,19.79890012775803,20.02018928527832,1862040.0,0.0,0.0
2006-03-15,19.94859649849319,20.03646148796677,19.733815281280112,20.0234432220459,2227146.0,0.0,0.0
2006-03-16,20.023444231000216,20.098293331322267,19.62968082151635,19.711036682128906,2328075.0,0.0,0.0
2006-03-17,19.68825174419933,19.691505123461447,19.161061923900252,19.2131290435791,3220195.0,0.0,0.0
2006-03-20,19.086214468506228,19.268452357811938,18.978824474424076,19.138282775878906,2633732.0,0.0,0.0
2006-03-21,18.95604252441198,19.346553618988725,18.897466275499976,19.23916244506836,3265308.0,0.0,0.0
2006-03-22,19.157815055854112,19.252189195345505,19.086221699342786,19.216392517089844,2896570.0,0.0,0.0
2006-03-23,19.258692686058072,19.349812237393756,19.135031031066212,19.330286026000977,4401915.0,0.0,0.0
2006-03-24,19.34655783714988,19.35632034968065,19.095979958699917,19.170827865600586,2529744.0,0.0,0.0
2006-03-27,19.118757143959137,19.265198372987253,19.03740130110975,19.15130043029785,2411228.0,0.0,0.0
2006-03-28,19.102488532325328,19.294490155398268,19.04065770226775,19.167573928833008,2333619.0,0.0,0.0
2006-03-29,19.154556055960153,19.385608907365206,19.00811480975908,19.330286026000977,2437607.0,0.0,0.0
2006-03-30,19.39537120259741,19.60038870768309,19.28147206132811,19.50601577758789,3308700.0,0.0,0.0
2006-03-31,19.434424411710665,19.561340644482794,19.31076274554781,19.499509811401367,3465447.0,0.0,0.0
2006-04-03,19.492996268032666,19.72079452216293,19.414894992572624,19.623167037963867,3417467.0,0.0,0.0
2006-04-04,19.737060245789134,19.763094393532658,19.398618698120117,19.398618698120117,2900775.0,0.0,0.0
2006-04-05,19.39862492429493,19.506014928331016,19.310759944084026,19.418149948120117,2382746.0,0.0,0.0
2006-04-06,19.369341158607572,19.870497012017637,19.25869656012078,19.82493782043457,4030118.0,0.0,0.0
2006-04-07,19.828182009554407,19.880250310941133,19.317263878569584,19.336790084838867,3415747.0,0.0,0.0
2006-04-10,19.2944888191499,19.54181212225172,19.190353378448442,19.447439193725586,2021845.0,0.0,0.0
2006-04-11,19.2977385202189,19.392111424952667,19.060177789183875,19.14153480529785,2356557.0,0.0,0.0
2006-04-12,19.10248654232719,19.232657321782035,18.777060780188837,18.796586990356445,2839032.0,0.0,0.0
2006-04-13,18.695707812798673,18.858420718932216,18.396316160432868,18.47441864013672,3118501.0,0.0,0.0
2006-04-17,18.380050257266177,18.45164481261604,18.19130313225167,18.223846435546875,2558608.0,0.0,0.0
2006-04-18,18.24987168338617,18.327974149320454,18.02858136323904,18.220582962036133,3812393.0,0.0,0.0
2006-04-19,18.266151528913465,18.28893112841473,17.927708544396616,17.99930191040039,2962327.0,0.0,0.0
2006-04-20,17.983025123014862,18.184789266396137,17.953736396879215,18.132720947265625,2129657.0,0.0,0.0
2006-04-21,18.132721948991723,18.18804483774889,17.657600290426505,17.810550689697266,3645324.0,0.0,0.0
2006-04-24,17.742211572688912,17.80729578747251,17.507904128071647,17.621803283691406,3765369.0,0.0,0.0
2006-04-25,17.621796573397795,17.667355743697403,17.51766115749891,17.556711196899414,3301054.0,0.0,0.0
2006-04-26,17.582752042921864,17.764991166513067,17.501396181192877,17.621803283691406,4238477.0,0.0,0.0
2006-04-27,17.57298595395281,17.703155543534663,17.52742677557397,17.566476821899414,3087916.0,0.0,0.0
2006-04-28,17.550211082667186,18.01231568222961,17.540447381962384,17.89841651916504,4579689.0,0.0,0.0
2006-05-01,17.64132778284099,18.0253298333402,17.64132778284099,17.703157424926758,3298951.0,0.0,0.0
2006-05-02,17.58925941309573,17.75522568660558,17.498139860434243,17.71942901611328,3057713.0,0.0,0.0
2006-05-03,17.725938094740584,17.75197225256441,17.589259359414914,17.735700607299805,2588428.0,0.0,0.0
2006-05-04,17.738956969879222,17.869126585680334,17.71617737610145,17.768245697021484,3957097.0,0.0,0.0
2006-05-05,17.800788560058752,17.9830265045166,17.77149983167307,17.9830265045166,1980938.0,0.0,0.0
2006-05-08,17.98302215225436,18.637128226901254,17.98302215225436,18.503704071044922,8972428.0,0.0,0.0
2006-05-09,18.46790887808316,18.5069601166054,18.19455139492641,18.201059341430664,2274361.0,0.0,0.0
2006-05-10,18.20105629968649,18.266142872845247,18.116445890277777,18.184785842895508,2000245.0,0.0,0.0
2006-05-11,18.093670171077278,18.256383068605817,17.849600231535028,17.901668548583984,1998333.0,0.0,0.0
2006-05-12,17.90167147111059,17.973264825491388,17.69339816891324,17.699907302856445,2942447.0,0.0,0.0
2006-05-15,17.719425100352172,17.84308672981573,17.654340906475582,17.751968383789062,2841708.0,0.0,0.0
2006-05-16,17.703157136671404,17.810548333226887,17.57624210169495,17.774751663208008,2017831.0,0.0,0.0
2006-05-17,17.62180633192287,17.830078465555175,17.599026734158283,17.778011322021484,2963856.0,0.0,0.0
2006-05-18,17.75197405010923,17.83007534499031,17.657599921816924,17.768245697021484,2281242.0,0.0,0.0
2006-05-19,17.914680746276968,18.012308220891814,17.758475837694363,17.979764938354492,3045480.0,0.0,0.0
2006-05-22,17.947224642752445,18.04159874777987,17.862614235364834,17.865867614746094,3889811.0,0.0,0.0
2006-05-23,17.859359604793568,17.862614170661715,17.576239663734196,17.62505340576172,3184640.0,0.0,0.0
2006-05-24,17.576242865775143,17.732446631420693,17.377733295632414,17.481868743896484,3105502.0,0.0,0.0
2006-05-25,17.488367663364205,17.559960964702793,17.407011854842754,17.501384735107422,1573205.0,0.0,0.0
2006-05-26,17.524171148698326,17.651087351069172,17.49488242922854,17.543697357177734,1995466.0,0.0,0.0
2006-05-30,17.735697842818503,17.979766551250083,17.6478328704834,17.6478328704834,3746253.0,0.0,0.0
2006-05-31,17.6543410894619,17.699900262947452,17.478611153876763,17.57623863220215,2753204.0,0.0,0.0
2006-06-01,17.615291947844337,17.804038982001675,17.60878281571887,17.794275283813477,4497683.0,0.0,0.0
2006-06-02,17.791027638899482,17.791027638899482,17.455838075362422,17.673873901367188,3071859.0,0.0,0.0
2006-06-05,17.54044067151095,17.6543409774997,17.442814380303307,17.462339401245117,1538988.0,0.0,0.0
2006-06-06,17.426547852921797,17.55346408578716,17.24756330026563,17.319156646728516,2650362.0,0.0,0.0
2006-06-07,17.319152701165255,17.65944981196401,17.319152701165255,17.522022247314453,2173813.0,0.15171,0.0
2006-06-08,17.39114019214101,17.865593715311917,17.39114019214101,17.757614135742188,4158574.0,0.0,0.0
2006-06-09,17.71180793414353,17.780521137569888,17.574380334291114,17.705263137817383,2207457.0,0.0,0.0
2006-06-12,17.721619878657574,17.895040239603922,17.603824308750912,17.819782257080078,2411801.0,0.0,0.0
2006-06-13,17.813239949522618,17.91794593738127,17.734709563879,17.816511154174805,3057331.0,0.0,0.0
2006-06-14,17.816519120143084,17.993211970342852,17.74126109850244,17.888505935668945,2696813.0,0.0,0.0
2006-06-15,17.96375399995174,18.16989595560997,17.842687221771186,18.160079956054688,3044524.0,0.0,0.0
2006-06-16,18.232068230638326,18.232068230638326,18.00302303759235,18.05210304260254,2682859.0,0.0,0.0
2006-06-19,18.05209843407502,18.1764387893566,17.86886208781679,17.924488067626953,2037902.0,0.0,0.0
2006-06-20,17.927764996277993,17.98339099385,17.754344593141287,17.780521392822266,2389436.0,0.0,0.0
2006-06-21,17.66599225508381,17.92448655634985,17.61690988074292,17.842683792114258,2250275.0,0.0,0.0
2006-06-22,17.783792228139863,17.921219817887604,17.70199063107555,17.754343032836914,3205476.0,0.0,0.0
2006-06-23,17.75435112241046,17.813249539852762,17.64637267876648,17.724903106689453,2238424.0,0.0,0.0
2006-06-26,17.72489142953449,17.87867859165184,17.70853063624565,17.839414596557617,2366306.0,0.0,0.0
2006-06-27,17.865590947922026,17.993201314829168,17.836141759328427,17.86886215209961,2833106.0,0.0,0.0
2006-06-28,17.849238347582208,18.081555986786544,17.832877547187575,18.06192398071289,2535287.0,0.0,0.0
2006-06-29,17.770702987546727,18.362950912472613,17.525295821980965,18.290964126586914,4468437.0,0.0,0.0
2006-06-30,18.30732604593651,18.356408436461464,18.186259251107305,18.30078125,3658131.0,0.0,0.0
2006-07-03,18.300787156057684,18.34005355834961,18.140456305865698,18.34005355834961,1144444.0,0.0,0.0
2006-07-05,18.27460704087988,18.32695944737198,18.016111441638955,18.294239044189453,2331134.0,0.0,0.0
2006-07-06,18.290966895173245,18.546190099673243,18.258246491544924,18.513469696044922,2488263.0,0.0,0.0
2006-07-07,18.487292631370217,18.598543433714077,18.421850632050383,18.484020233154297,2287742.0,0.0,0.0
2006-07-10,18.523282148635335,18.65089372643401,18.47092855846157,18.58872413635254,1689618.0,0.0,0.0
2006-07-11,18.601814607493225,18.719610198515205,18.487291414471763,18.62144660949707,2285065.0,0.0,0.0
2006-07-12,18.624715738427174,18.624715738427174,18.078276667237507,18.199344635009766,3266263.0,0.0,0.0
2006-07-13,18.202620675240027,18.202620675240027,17.819785889749795,17.87868309020996,3563127.0,0.0,0.0
2006-07-14,17.84268828015731,17.84596067786967,17.489302731209474,17.554744720458984,2735809.0,0.0,0.0
2006-07-17,17.571108211458533,17.662725817462615,17.4762182072401,17.544931411743164,2322914.0,0.0,0.0
2006-07-18,17.571102030723853,17.603822422358625,17.4074976865514,17.482755661010742,1817883.0,0.0,0.0
2006-07-19,17.51548353583739,17.649639942754373,17.394416722765776,17.450042724609375,3540571.0,0.0,0.0
2006-07-20,17.616910309252567,17.881949410743832,17.05738411254829,17.276613235473633,3196110.0,0.0,0.0
2006-07-21,17.28316140867803,17.28316140867803,17.08683664014989,17.168638229370117,2321194.0,0.0,0.0
2006-07-24,17.194816500077255,17.355148487669886,17.12937450728447,17.342060089111328,1797047.0,0.0,0.0
2006-07-25,17.204631907291756,17.240624703836357,17.005034730908335,17.20136070251465,3584919.0,0.0,0.0
2006-07-26,17.237357452665137,17.243902250172553,16.95923099759776,17.054121017456055,3649720.0,0.0,0.0
2006-07-27,17.034485296572857,17.204633292666326,16.9003289069226,16.90687370300293,2166358.0,0.0,0.0
2006-07-28,16.906874467037014,17.188273272215856,16.906874467037014,17.132648468017578,1992216.0,0.0,0.0
2006-07-31,17.113018230023275,17.116290628776987,16.998495010642635,17.054121017456055,2400332.0,0.0,0.0
2006-08-01,17.031213152146538,17.194817547595584,17.014852354701734,17.171913146972656,1865863.0,0.0,0.0
2006-08-02,17.14900924451953,17.571108048259962,17.11956004686333,17.512210845947266,2674448.0,0.0,0.0
2006-08-03,17.515477113335574,17.60055109113727,17.345329157732184,17.548198699951172,1843880.0,0.0,0.0
2006-08-04,17.652902258554025,17.737977417707878,17.567828292399373,17.633270263671875,2458443.0,0.0,0.0
2006-08-07,17.633279625530005,17.65945642793679,17.450043201682348,17.6463680267334,2015346.0,0.0,0.0
2006-08-08,17.685627494822096,17.911401447611322,17.652905905925444,17.692171096801758,2605823.0,0.0,0.0
2006-08-09,17.744528336775172,17.803426731711703,17.66272554069652,17.705263137817383,2597413.0,0.0,0.0
2006-08-10,17.718349033044905,17.911402602383347,17.659451839432975,17.891769409179688,1868730.0,0.0,0.0
2006-08-11,17.83287065373637,17.904856238846286,17.70198788017284,17.819782257080078,1783666.0,0.0,0.0
2006-08-14,17.86559173229987,17.957209313281325,17.84595854137571,17.904855728149414,1359685.0,0.0,0.0
2006-08-15,17.97030333499357,18.202622143491727,17.931038133853047,18.196077346801758,2402435.0,0.0,0.0
2006-08-16,18.261517010986427,18.277877807617188,18.1502662184964,18.277877807617188,1442072.0,0.0,0.0
2006-08-17,18.29096069949424,18.47419823814422,18.23206351571355,18.454565048217773,2374717.0,0.0,0.0
2006-08-18,18.46438547253099,18.46438547253099,18.202619883428216,18.2680606842041,2897143.0,0.0,0.0
2006-08-21,18.209160531516638,18.241880926595062,18.04882856753334,18.065189361572266,4171573.0,0.0,0.0
2006-08-22,18.039020808436682,18.039020808436682,17.93104118865448,17.970306396484375,2290800.0,0.0,0.0
2006-08-23,17.98993008447046,18.114270448264005,17.97357048352346,18.02265167236328,2031976.0,0.0,0.0
2006-08-24,18.029197762330753,18.110999351940485,17.960483377219024,18.019380569458008,1650431.0,0.0,0.0
2006-08-25,17.957212715544603,18.078279509350526,17.90158791555254,17.986661911010742,1371536.0,0.0,0.0
2006-08-28,17.99648013575392,18.290967354808203,17.957214934613397,18.196077346801758,1495596.0,0.0,0.0
2006-08-29,18.241885352352288,18.441483747654352,18.160083748310207,18.395673751831055,2519039.0,0.0,0.0
2006-08-30,18.444750748269612,18.673797096174535,18.40221435334404,18.667253494262695,2341074.0,0.0,0.0
2006-08-31,18.667256263844497,18.74905786137599,18.58872587125454,18.60181427001953,1992407.0,0.0,0.0
2006-09-01,18.618175078929443,18.79814027534781,18.618175078929443,18.69997787475586,1473231.0,0.0,0.0
2006-09-05,18.69997823440989,18.745787037433917,18.454571035210442,18.484020233154297,1291251.0,0.0,0.0
2006-09-06,18.418572258518502,18.588721401550625,18.38257946881923,18.454565048217773,2153169.0,0.0,0.0
2006-09-07,18.43493537097238,18.484016562465428,18.320412193155434,18.326955795288086,1760536.0,0.0,0.0
2006-09-08,18.326954497999164,18.349860086340744,18.06518895723184,18.238609313964844,1556574.0,0.0,0.0
2006-09-11,18.19280302704484,18.356407407289833,18.15026543484131,18.3335018157959,1845027.0,0.0,0.0
2006-09-12,18.313871206451896,18.313871206451896,17.698718833155496,17.993206024169922,4791488.0,0.0,0.0
2006-09-13,18.098502368094483,18.12811851501465,17.891191739179092,18.12811851501465,2744793.0,0.16217,0.0
2006-09-14,18.12812038366116,18.19722313391414,17.966879433307856,18.088632583618164,1926077.0,0.0,0.0
2006-09-15,18.13141513699715,18.147867490643982,18.016242662652996,18.06231117248535,2433210.0,0.0,0.0
2006-09-18,17.99978553871051,18.23012924194336,17.99978553871051,18.23012924194336,1807369.0,0.0,0.0
2006-09-19,18.184060363695764,18.23012886343321,17.7891835667249,17.917518615722656,2532611.0,0.0,0.0
2006-09-20,17.9109397774072,18.266328811645508,17.90435907665911,18.266328811645508,2552873.0,0.0,0.0
2006-09-21,18.25316885116495,18.41111888936501,18.16103062901966,18.210390090942383,1588879.0,0.0,0.0
2006-09-22,18.098506354002858,18.131413457775395,17.904359480750127,17.924102783203125,2806727.0,0.0,0.0
2006-09-25,17.9339764172663,18.480222642606233,17.9339764172663,18.401247024536133,3936835.0,0.0,0.0
2006-09-26,18.404534415122075,18.707274245565017,18.38479111301823,18.690820693969727,3052935.0,0.0,0.0
2006-09-27,18.690815911764847,18.690815911764847,18.420983253551476,18.522993087768555,2999220.0,0.0,0.0
2006-09-28,18.53945242742142,18.730309557529083,18.532871726268908,18.601974487304688,2083971.0,0.0,0.0
2006-09-29,18.52628577633117,18.720433814464567,18.417695232823778,18.7006893157959,2188915.0,0.0,0.0
2006-10-02,18.70397829740514,18.70397829740514,18.578934218125465,18.64803695678711,2227910.0,0.0,0.0
2006-10-03,18.65133315770607,18.671077659856444,18.569066598311956,18.59210205078125,3040510.0,0.0,0.0
2006-10-04,18.569065291258237,18.852060603976412,18.539450339761963,18.779666900634766,1732054.0,0.0,0.0
2006-10-05,18.77966281570125,18.91128879293043,18.654618737214935,18.8520565032959,1234861.0,0.0,0.0
2006-10-06,18.852058970062263,18.868512519309533,18.618424329613198,18.707271575927734,1710645.0,0.0,0.0
2006-10-09,18.671075165979698,18.829025163269712,18.572356267703064,18.723724365234375,2423462.0,0.0,0.0
2006-10-10,18.7895429414911,19.204163157186546,18.75663703221877,18.993562698364258,3135514.0,0.0,0.0
2006-10-11,18.664494898034036,18.756633104370483,18.28607162171322,18.503253936767578,5889291.0,0.0,0.0
2006-10-12,18.526287739175928,18.825736602567414,18.414406234076182,18.779666900634766,2611940.0,0.0,0.0
2006-10-13,18.746760999051215,18.792829501220798,18.542741289849236,18.779666900634766,2290227.0,0.0,0.0
2006-10-16,18.723727427920746,18.78624948704037,18.634881364749397,18.75334358215332,1911931.0,0.0,0.0
2006-10-17,18.608559921330176,18.766509976374827,18.575652810030114,18.71385955810547,1830881.0,0.0,0.0
2006-10-18,18.796116129225098,18.927740905055835,18.680943700521464,18.710559844970703,2579444.0,0.0,0.0
2006-10-19,18.690819695565295,18.96723310883276,18.654622843799682,18.832317352294922,1681781.0,0.0,0.0
2006-10-20,18.881673148679706,18.881673148679706,18.592097190861455,18.667781829833984,1808325.0,0.0,0.0
2006-10-23,18.69740415166232,19.345659021488995,18.67436869760523,19.138349533081055,3731726.0,0.0,0.0
2006-10-24,19.14163650310176,19.24035660679058,18.996849097280794,19.03633689880371,2879557.0,0.0,0.0
2006-10-25,18.970523896265515,19.03633689880371,18.87509474264437,19.03633689880371,2010185.0,0.0,0.0
2006-10-26,19.019881543629648,19.411467371874572,19.019881543629648,19.40817642211914,2453282.0,0.0,0.0
2006-10-27,19.39830900748453,19.87216028472166,19.29629914089985,19.83925437927246,4511064.0,0.0,0.0
2006-10-30,19.842539075424526,19.918223713888946,19.691169798495686,19.743820190429688,4147870.0,0.0,0.0
2006-10-31,19.7405312089912,19.773437107349036,19.45753592401463,19.460826873779297,4244403.0,0.0,0.0
2006-11-01,19.44437546844892,19.645104230016702,19.335784912109375,19.335784912109375,2497247.0,0.0,0.0
2006-11-02,19.2535116738328,19.2535116738328,19.072527476093786,19.16795539855957,3038407.0,0.0,0.0
2006-11-03,19.18441189959795,19.309455982670467,19.036333569606207,19.092273712158203,2137685.0,0.0,0.0
2006-11-06,19.21732263186313,19.398308102801074,19.21074193098548,19.33907699584961,2518083.0,0.0,0.0
2006-11-07,19.322620632488235,19.43779307907584,19.20415723605908,19.210739135742188,1816736.0,0.0,0.0
2006-11-08,19.214032558656957,19.40488967758801,19.16138215346727,19.37198257446289,1740083.0,0.0,0.0
2006-11-09,19.414760142644283,19.467410544617753,19.3160400390625,19.3160400390625,1851717.0,0.0,0.0
2006-11-10,19.365393595358253,19.52992544136023,19.167954660298314,19.467403411865234,2100410.0,0.0,0.0
2006-11-13,19.737239767911635,19.79318111346666,19.513476785217378,19.67142677307129,2988707.0,0.0,0.0
2006-11-14,19.681301580998394,19.7668578829248,19.55954722848482,19.724079132080078,2342221.0,0.0,0.0
2006-11-15,19.737242080180497,19.796474382357488,19.697754278650194,19.717498779296875,1975586.0,0.0,0.0
2006-11-16,19.75040130166967,19.786598146938903,19.678007611131196,19.73394775390625,1604172.0,0.0,0.0
2006-11-17,19.67143364672005,19.786606127993828,19.579296621511702,19.7010498046875,2098498.0,0.0,0.0
2006-11-20,19.579286800025343,19.806340697843993,19.56283325387881,19.70762062072754,2248173.0,0.0,0.0
2006-11-21,19.648389770438136,19.918222411576018,19.648389770438136,19.905059814453125,1902565.0,0.0,0.0
2006-11-22,19.812923705900882,19.905061895393544,19.714204817040184,19.740530014038086,1654063.0,0.0,0.0
2006-11-24,19.612195223915823,19.75040191000201,19.612195223915823,19.64181137084961,668469.0,0.0,0.0
2006-11-27,19.579295224700644,19.59245662756574,19.391727837305876,19.43779754638672,2493233.0,0.0,0.0
2006-11-28,19.44766293033984,19.464116478263026,19.250225154313043,19.329200744628906,2138641.0,0.0,0.0
2006-11-29,19.362108613004565,19.701044056265054,19.362108613004565,19.674718856811523,2357513.0,0.0,0.0
2006-11-30,19.645105665302054,19.727372225921346,19.526643449688176,19.585874557495117,1633227.0,0.0,0.0
2006-12-01,19.628653402355905,19.69117546081543,19.506899036056595,19.69117546081543,1875803.0,0.0,0.0
2006-12-04,19.717493218422483,19.872152231094272,19.701039672484445,19.849119186401367,2193693.0,0.0,0.0
2006-12-05,19.7997625269696,19.97745701956403,19.733949529756302,19.95113182067871,2554403.0,0.0,0.0
2006-12-06,19.898482935918825,20.01694633991031,19.60561717563634,19.612197875976562,4006606.0,0.0,0.0
2006-12-07,19.65497472962209,19.756983373506195,19.595742433463847,19.62535858154297,2000054.0,0.0,0.0
2006-12-08,19.645111485272338,19.730669021606445,19.592461062840126,19.730669021606445,1827632.0,0.0,0.0
2006-12-11,19.73066112017703,19.862285923782977,19.720788270102073,19.81621742248535,1459085.0,0.0,0.0
2006-12-12,19.77343549596787,20.007071314486716,19.74382054978809,20.003780364990234,3525469.0,0.0,0.0
2006-12-13,20.003787195727636,20.20554485617128,19.97732705607147,20.132780075073242,2609838.0,0.16217,0.0
2006-12-14,20.25845201080933,20.291527766907446,20.132767031825434,20.16914939880371,2899437.0,0.0,0.0
2006-12-15,20.17577208386606,20.258459091186523,20.096391688581427,20.258459091186523,3149277.0,0.0,0.0
2006-12-18,20.25845923120627,20.327917379038517,20.103006257510877,20.189001083374023,1671267.0,0.0,0.0
2006-12-19,20.063316600462827,20.10962122687446,19.964090506004048,20.069931030273438,1648902.0,0.0,0.0
2006-12-20,20.046776247946028,20.14269330681691,19.95747361807107,20.013700485229492,1768374.0,0.0,0.0
2006-12-21,19.99386437813707,19.997172196978546,19.759032152735628,19.868179321289062,1865863.0,0.0,0.0
2006-12-22,19.82848825027317,19.891330775963155,19.72264769925309,19.745800018310547,1450674.0,0.0,0.0
2006-12-26,19.74579788507093,19.94755550922148,19.66641868629437,19.931018829345703,1055366.0,0.0,0.0
2006-12-27,19.934318821840783,20.22207116848205,19.934318821840783,20.21876335144043,1458894.0,0.0,0.0
2006-12-28,20.22206974541064,20.321294602379293,20.132767132956438,20.22868537902832,1110419.0,0.0,0.0
2006-12-29,20.17577865392153,20.185700905085078,19.970713168948127,19.997173309326172,1179999.0,0.0,0.0
2007-01-03,20.010394317266712,20.1559238175261,19.709410658253272,19.848325729370117,3472328.0,0.0,0.0
2007-01-04,19.92770507522233,19.937627321374823,19.653182764833836,19.663105010986328,2884145.0,0.0,0.0
2007-01-05,19.679651291014633,19.778876206712745,19.646575515173407,19.69618797302246,2237468.0,0.0,0.0
2007-01-08,19.659802256105706,19.795410743454468,19.517579338256134,19.70610809326172,1856496.0,0.0,0.0
2007-01-09,19.768946819489116,19.881401763743522,19.603571617723848,19.722640991210938,1915372.0,0.0,0.0
2007-01-10,19.646566437782784,19.722638998791563,19.583723939815194,19.676334381103516,1723644.0,0.0,0.0
2007-01-11,19.725946816029918,19.725946816029918,19.563879448209526,19.676334381103516,2221411.0,0.0,0.0
2007-01-12,19.673030307466554,19.742488453128114,19.292667430043014,19.32243537902832,4316277.0,0.0,0.0
2007-01-16,19.338979114002026,19.603579299326764,19.315825587834123,19.415050506591797,2383893.0,0.0,0.0
2007-01-17,19.444811824238666,19.557266774155188,19.3885837463242,19.451427459716797,3375604.0,0.0,0.0
2007-01-18,19.451422756364746,19.729252849193898,19.451422756364746,19.620105743408203,4130092.0,0.0,0.0
2007-01-19,19.71271980042878,19.77887012586107,19.580419149564193,19.64326286315918,1948442.0,0.0,0.0
2007-01-22,19.64326326147322,19.686260069441765,19.570497299065988,19.593650817871094,2264230.0,0.0,0.0
2007-01-23,19.616804598459787,19.68626154233444,19.55065426673688,19.613496780395508,1687133.0,0.0,0.0
2007-01-24,19.57049876329749,19.649879161364975,19.55396087888863,19.613496780395508,1308646.0,0.0,0.0
2007-01-25,19.577113759157097,19.613496138936675,19.329050324787246,19.348896026611328,1625581.0,0.0,0.0
2007-01-26,19.352206529870358,19.385282304256993,19.031379477344025,19.041301727294922,2892747.0,0.0,0.0
2007-01-29,19.04460295457007,19.180210206065894,19.03468070805327,19.094215393066406,3278689.0,0.0,0.0
2007-01-30,19.160367857859768,19.193443626583115,19.00491608614514,19.09752655029297,2062943.0,0.0,0.0
2007-01-31,19.123990442856893,19.335670339471886,19.05784009831697,19.229829788208008,1743906.0,0.0,0.0
2007-02-01,19.226520940017057,19.30259232000247,19.157062784847597,19.163677215576172,3431612.0,0.0,0.0
2007-02-02,19.2397474520735,19.742488744821564,19.233133022152625,19.66641616821289,3766516.0,0.0,0.0
2007-02-05,19.94424772489336,20.20223342201797,19.81194705818521,20.109622955322266,3818510.0,0.0,0.0
2007-02-06,20.112931558007947,20.146007330914568,19.927711812199046,19.99386215209961,1705484.0,0.0,0.0
2007-02-07,20.03685982668171,20.27499984027705,19.98393955567993,20.265077590942383,2983545.0,0.0,0.0
2007-02-08,20.15592776838367,20.245231623655435,20.09639307078173,20.23200035095215,1904858.0,0.0,0.0
2007-02-09,20.241916484622397,20.31799025012208,20.119539308212,20.149307250976562,1366375.0,0.0,0.0
2007-02-12,20.1923089013452,20.324608355154847,20.099699645452194,20.189001083374023,1556957.0,0.0,0.0
2007-02-13,20.271689273312955,20.347763061523438,20.205540145507207,20.347763061523438,1643167.0,0.0,0.0
2007-02-14,20.34114464199657,20.89680495737645,20.34114464199657,20.853809356689453,4752493.0,0.0,0.0
2007-02-15,20.83727865163864,20.946425820502018,20.754589209930966,20.873661041259766,2125642.0,0.0,0.0
2007-02-16,20.777740184811773,20.83727609316615,20.698359777614385,20.728126525878906,1525989.0,0.0,0.0
2007-02-20,20.774426976573658,20.84057608899036,20.68843095978983,20.79427146911621,1664577.0,0.0,0.0
2007-02-21,20.75127778121155,20.857118312574293,20.73473989670799,20.820735931396484,1874465.0,0.0,0.0
2007-02-22,20.827353765762947,21.002650053987004,20.80750685516891,20.857120513916016,1565367.0,0.0,0.0
2007-02-23,20.817429833233145,20.933190203966205,20.691742390267713,20.847196578979492,1143106.0,0.0,0.0
2007-02-26,20.837277630914688,20.9133490193686,20.774435105390605,20.80750846862793,1443411.0,0.0,0.0
2007-02-27,20.73473854363202,20.73804756741184,20.22207621660148,20.407297134399414,4100846.0,0.0,0.0
2007-02-28,20.38414676787194,20.400684653854064,20.152621187772784,20.261768341064453,2814564.0,0.0,0.0
2007-03-01,20.043470919993453,20.360990081306017,20.026933036581095,20.245229721069336,2205545.0,0.0,0.0
2007-03-02,20.16254084876632,20.165847460610397,19.92770749447864,19.967397689819336,2239188.0,0.0,0.0
2007-03-05,19.831790386206904,19.964089831159075,19.64326286315918,19.64326286315918,2639084.0,0.0,0.0
2007-03-06,19.69948738415365,19.762329884335795,19.59364808200661,19.663105010986328,3224592.0,0.0,0.0
2007-03-07,19.659778395181505,19.826020438101338,19.556709468070544,19.68305206298828,1712365.0,0.16217,0.0
2007-03-08,19.832675209628185,19.90249622874802,19.653133714414874,19.689706802368164,1804884.0,0.0,0.0
2007-03-09,19.82602594806748,19.949045845601997,19.629859870745086,19.79277801513672,1232376.0,0.0,0.0
2007-03-12,19.789451355638793,19.922445501731453,19.66975783638898,19.899171829223633,1506683.0,0.0,0.0
2007-03-13,19.79277611041456,19.849297712180963,19.46694227745467,19.48689079284668,2579635.0,0.0,0.0
2007-03-14,19.523463232021108,19.64315795710598,19.367195421774234,19.566686630249023,2694902.0,0.0,0.0
2007-03-15,19.526790016830944,19.596611036444138,19.157732765669973,19.367197036743164,3531778.0,0.0,0.0
2007-03-16,19.367199631499936,19.393798465078195,18.50274117690787,18.53931427001953,6636897.0,0.0,0.0
2007-03-19,18.64902918378978,18.828571874530635,18.529335672940533,18.602481842041016,3856932.0,0.0,0.0
2007-03-20,18.625760532130688,18.77537805738982,18.602485644265577,18.678956985473633,3759825.0,0.0,0.0
2007-03-21,18.595831615276623,18.742125166389144,18.4096410351851,18.672304153442383,5478690.0,0.0,0.0
2007-03-22,18.732155278009078,18.732155278009078,18.509390349009262,18.6091365814209,2814373.0,0.0,0.0
2007-03-23,18.539307923393203,18.74544820693909,18.49608574280027,18.695575714111328,2781686.0,0.0,0.0
2007-03-26,18.569238330903,18.652359989207067,18.479467570296176,18.6091365814209,3985579.0,0.0,0.0
2007-03-27,18.51935908417827,18.738798776086036,18.49276026017531,18.65900230407715,2127554.0,0.0,0.0
2007-03-28,18.585858935832174,18.758751329096967,18.539311589916146,18.635732650756836,2968826.0,0.0,0.0
2007-03-29,18.855170051263695,18.90504254776889,18.575882373707767,18.68227767944336,3447669.0,0.0,0.0
2007-03-30,18.685600000091295,18.758746155567174,18.619102944098103,18.71552276611328,2523053.0,0.0,0.0
2007-04-02,18.785349420568096,18.95491543816033,18.642381019430022,18.722177505493164,2463031.0,0.0,0.0
2007-04-03,18.7986512675289,18.951593946157843,18.738804501353922,18.81195068359375,3664821.0,0.0,0.0
2007-04-04,18.815270599379392,18.895067078681087,18.63905428342991,18.68227767944336,2516936.0,0.0,0.0
2007-04-05,18.682282767920153,18.712206758867023,18.56591317363473,18.6091365814209,3672085.0,0.0,0.0
2007-04-09,18.795323155409474,19.194304362392565,18.78534889798744,19.09123420715332,4171955.0,0.0,0.0
2007-04-10,19.121158785519793,19.121158785519793,18.87512142211356,18.878446578979492,3935497.0,0.0,0.0
2007-04-11,18.85849583114679,18.93829231821616,18.74877657060158,18.91834259033203,3599638.0,0.0,0.0
2007-04-12,18.898393750205972,19.127807737416315,18.75875050634896,19.111183166503906,2037138.0,0.0,0.0
2007-04-13,19.57666294836776,19.57666294836776,19.05798817620162,19.167707443237305,2495718.0,0.0,0.0
2007-04-16,19.204281369902745,19.33727552868662,19.204281369902745,19.294052124023438,1874465.0,0.0,0.0
2007-04-17,19.24417552859575,19.380493603209516,19.224227015133614,19.323970794677734,1343054.0,0.0,0.0
2007-04-18,19.26080095242079,19.38714599609375,19.154406848817576,19.38714599609375,2120099.0,0.0,0.0
2007-04-19,19.722950748861873,19.722950748861873,19.121153291779223,19.151077270507812,2752821.0,0.0,0.0
2007-04-20,19.333957927317368,19.599945136598514,19.224238612617928,19.23421287536621,2822020.0,0.0,0.0
2007-04-23,19.217582026926216,19.25415511989539,18.815275579797767,18.92167091369629,3606137.0,0.0,0.0
2007-04-24,18.921666000333744,19.021412206079535,18.81194674991687,18.828571319580078,2209368.0,0.0,0.0
2007-04-25,18.83855076776396,19.061314486363326,18.83855076776396,19.03471565246582,2249128.0,0.0,0.0
2007-04-26,19.03138290123573,19.157726697670405,18.868464815940232,19.02473258972168,3364708.0,0.0,0.0
2007-04-27,18.74213299054233,19.01477047986052,18.74213299054233,18.86847686767578,2272832.0,0.0,0.0
2007-04-30,18.84519851260339,19.02141607753894,18.815274523565826,18.971542358398438,2666802.0,0.0,0.0
2007-05-01,19.00146015904848,20.507612771365004,18.93163794477841,19.340593338012695,15150171.0,0.0,0.0
2007-05-02,19.300696315267867,19.443663475314562,19.107855452323516,19.340593338012695,4452571.0,0.0,0.0
2007-05-03,19.350574493408203,19.417071575415537,19.270779207233147,19.350574493408203,2279904.0,0.0,0.0
2007-05-04,19.450321931371352,19.526793277374036,19.330627176319137,19.44034767150879,2452135.0,0.0,0.0
2007-05-07,19.397119726340954,19.486890468578302,19.373846054693036,19.4503173828125,1678149.0,0.0,0.0
2007-05-08,19.383823166429533,19.603262925569695,19.367198593275877,19.560039520263672,3050641.0,0.0,0.0
2007-05-09,19.566689941201663,19.566689941201663,19.38714842931022,19.400447845458984,2019742.0,0.0,0.0
2007-05-10,19.397116423591527,19.397116423591527,19.15772822246377,19.310670852661133,2365159.0,0.0,0.0
2007-05-11,19.333951313307672,19.480243682861328,19.327302211161488,19.480243682861328,3201080.0,0.0,0.0
2007-05-14,19.47026258266853,19.47358773869021,19.25414804922588,19.310670852661133,2062752.0,0.0,0.0
2007-05-15,19.3671925877351,19.516810063022238,19.320645252019105,19.446989059448242,2095057.0,0.0,0.0
2007-05-16,19.45031897784801,19.832675649800713,19.45031897784801,19.7861270904541,2536052.0,0.0,0.0
2007-05-17,19.786122202332578,19.839319850024257,19.679728119182553,19.68305206298828,2654568.0,0.0,0.0
2007-05-18,19.766173565602262,19.93906470727386,19.646478859052696,19.862594604492188,2922949.0,0.0,0.0
2007-05-21,19.816051046000457,19.81937620285567,19.573337628008975,19.71963119506836,2759512.0,0.0,0.0
2007-05-22,19.643158281405082,19.716304452936686,19.36054664057515,19.4503173828125,2968062.0,0.0,0.0
2007-05-23,19.453644824768862,19.5068424908049,19.367199223577174,19.413747787475586,1882493.0,0.0,0.0
2007-05-24,19.397116423591527,19.5234602300821,19.287395972742697,19.310670852661133,2348338.0,0.0,0.0
2007-05-25,19.360548130174802,19.533439314776025,19.290725897625396,19.49686622619629,1644123.0,0.0,0.0
2007-05-29,19.500192754037705,19.749555290173994,19.450320246810445,19.560039520263672,1805458.0,0.0,0.0
2007-05-30,19.526792304872423,19.68638409142667,19.490218000141518,19.626537322998047,2873631.0,0.0,0.0
2007-05-31,19.64647880391938,19.689702195332647,19.530110465947743,19.55670928955078,2498012.0,0.0,0.0
2007-06-01,19.556712734719063,19.88587171950062,19.556712734719063,19.82269859313965,3160364.0,0.0,0.0
2007-06-04,19.699681371822322,19.892522284996566,19.67308254157528,19.879222869873047,1548928.0,0.0,0.0
2007-06-05,19.87922417684903,19.885874490964834,19.576663978188883,19.79610252380371,2545418.0,0.0,0.0
2007-06-06,19.819497155104585,19.869630681492463,19.515353436730603,19.588882446289062,3284614.0,0.16217,0.0
2007-06-07,19.52871517820092,19.562138331137366,19.301443099975586,19.301443099975586,2582311.0,0.0,0.0
2007-06-08,19.20118166029712,19.39168930053711,19.16441715624149,19.39168930053711,3282703.0,0.0,0.0
2007-06-11,19.32483940333466,19.381656812452114,19.171095096378853,19.201175689697266,2635261.0,0.0,0.0
2007-06-12,19.134337630161955,19.244632367112757,18.967225463229518,19.144365310668945,3793660.0,0.0,0.0
2007-06-13,19.21789482614426,19.465221132139373,19.141023251713996,19.45185089111328,4050381.0,0.0,0.0
2007-06-14,19.46855568608727,19.478582144782813,19.2914171143472,19.31147003173828,3136087.0,0.0,0.0
2007-06-15,19.35492122105878,19.385001818173976,19.184466535035963,19.308130264282227,3861329.0,0.0,0.0
2007-06-18,19.254659109852813,19.254659109852813,19.017359268801954,19.124311447143555,3951745.0,0.0,0.0
2007-06-19,18.866957983620136,18.866957983620136,18.699845820435844,18.786745071411133,3764413.0,0.0,0.0
2007-06-20,18.82016643834695,18.836878019725365,18.19516743030119,18.28540802001953,7660341.0,0.0,0.0
2007-06-21,18.26869402119184,18.455859077265906,18.24864110105385,18.389015197753906,4542413.0,0.0,0.0
2007-06-22,18.332200528532173,18.33888443049918,18.071505198831247,18.08821678161621,5111864.0,0.0,0.0
2007-06-25,18.048107590607486,18.248642904697938,17.98460504579005,18.131664276123047,4506285.0,0.0,0.0
2007-06-26,18.15171467788769,18.235270133223466,18.071500563389197,18.11495018005371,4292383.0,0.0,0.0
2007-06-27,18.114946655297352,18.532726287841797,18.064813148135126,18.532726287841797,3766325.0,0.0,0.0
2007-06-28,18.64970931183686,18.64970931183686,18.37564501808384,18.412410736083984,2764673.0,0.0,0.0
2007-06-29,18.409067368709987,18.54944145969733,18.258666818061684,18.365617752075195,2414668.0,0.0,0.0
2007-07-02,18.382333448699523,18.442493438720703,18.292092854378623,18.442493438720703,2255245.0,0.0,0.0
2007-07-03,18.529394734139874,18.542762539104242,18.34222840454124,18.35225486755371,774942.0,0.0,0.0
2007-07-05,18.365626825607837,18.53942415943354,18.33220487069988,18.516027450561523,1944236.0,0.0,0.0
2007-07-06,18.48259327010195,18.48259327010195,18.362273337157617,18.42911720275879,1977115.0,0.0,0.0
2007-07-09,18.425776971292816,18.44582988846434,18.25197974196893,18.342220306396484,2243203.0,0.0,0.0
2007-07-10,18.19850977614405,18.315488415092982,18.044767849574274,18.054794311523438,2250658.0,0.0,0.0
2007-07-11,18.054795047439992,18.248645266864308,18.05145248712794,18.181798934936523,4261225.0,0.0,0.0
2007-07-12,18.23192572765311,18.42911720275879,18.181791000585562,18.42911720275879,2414668.0,0.0,0.0
2007-07-13,18.48259564262739,18.572836213208294,18.39569763132895,18.512676239013672,1889757.0,0.0,0.0
2007-07-16,18.405724809297006,18.482596364327648,18.292088756457535,18.365617752075195,3812775.0,0.0,0.0
2007-07-17,18.348909459581176,18.505995157186945,18.04810830441595,18.332199096679688,5670036.0,0.0,0.0
2007-07-18,18.21521874974725,18.26535227089144,17.673775259096292,17.877653121948242,10705820.0,0.0,0.0
2007-07-19,17.884333802178258,17.961205349900172,17.57016371167811,17.61026954650879,6349209.0,0.0,0.0
2007-07-20,17.820833440211228,17.86762439892451,17.25933706133977,17.31615447998047,6543996.0,0.0,0.0
2007-07-23,17.37965798595828,17.47992502797499,17.249310343905314,17.29610252380371,3700950.0,0.0,0.0
2007-07-24,17.29610427411571,17.386344864778437,16.721238785610943,16.78139877319336,7164103.0,0.0,0.0
2007-07-25,16.878323814565533,17.048778539937025,16.74797737365842,16.911746978759766,7086876.0,0.0,0.0
2007-07-26,17.045436145376957,17.139019300020305,16.283405541873048,16.473913192749023,6119632.0,0.0,0.0
2007-07-27,16.480602461712365,16.617635287426193,16.25333023071289,16.25333023071289,6215592.0,0.0,0.0
2007-07-30,16.19984157979443,16.24663374540817,15.912409561665276,16.089548110961914,4917268.0,0.0,0.0
2007-07-31,17.245977210083748,17.332875273280784,16.37699292237738,16.67779541015625,10796045.0,0.0,0.0
2007-08-01,16.67778545868021,16.965217529836064,16.661073880836724,16.941822052001953,9404056.0,0.0,0.0
2007-08-02,17.001988271545986,17.048779241048237,16.751319404093763,16.878324508666992,5326913.0,0.0,0.0
2007-08-03,16.945167294931473,17.118964563725726,16.407066345214844,16.407066345214844,6812951.0,0.0,0.0
2007-08-06,16.574176632641777,16.868293835908705,16.29008588911143,16.641021728515625,4075040.0,0.0,0.0
2007-08-07,16.45052049804411,16.577525620162785,16.260011596287633,16.47057342529297,4670678.0,0.0,0.0
2007-08-08,16.724577026599448,16.724577026599448,15.631664898332046,16.036075592041016,4918033.0,0.0,0.0
2007-08-09,15.544776573725123,16.133012606078744,15.360953956032278,15.822183609008789,10705247.0,0.0,0.0
2007-08-10,15.69183351176325,16.146377972447546,14.63568408133784,15.832207679748535,11212572.0,0.0,0.0
2007-08-13,15.571500818438906,16.086206128585484,15.133667048935576,15.802115440368652,3449390.0,0.0,0.0
2007-08-14,15.842224622972013,15.855593641343697,15.30746632526048,15.487947463989258,4227390.0,0.0,0.0
2007-08-15,15.49130106978881,15.86229007092609,15.381006284928748,15.54477596282959,3331638.0,0.0,0.0
2007-08-16,15.49797756988843,15.828859329223633,15.223913238068919,15.828859329223633,4872156.0,0.0,0.0
2007-08-17,16.229927412708825,16.293429955015828,15.47792214711027,15.865622520446777,4304999.0,0.0,0.0
2007-08-20,15.979259302491462,16.03273538653718,15.558136968498669,15.655062675476074,2416771.0,0.0,0.0
2007-08-21,15.638354505010598,15.778728646954601,15.528060971546893,15.648382186889648,2272258.0,0.0,0.0
2007-08-22,15.84557373966948,16.133007144321866,15.661749965630507,16.08287239074707,2665846.0,0.0,0.0
2007-08-23,16.146365227607433,16.397033970235185,16.08954782415901,16.33687400817871,3167054.0,0.0,0.0
2007-08-24,16.340220760124215,16.62765408690598,16.2533227375779,16.607601165771484,3354768.0,0.0,0.0
2007-08-27,16.58420585043839,16.597574871836514,16.102923517262347,16.129661560058594,2427285.0,0.0,0.0
2007-08-28,16.026050333988188,16.139686395132497,15.721905432472868,15.741959571838379,2737911.0,0.0,0.0
2007-08-29,15.745302384234096,15.952520370483398,15.661745702929716,15.952520370483398,2319664.0,0.0,0.0
2007-08-30,15.758671508483092,16.012682914847204,15.751987607078398,15.875651359558105,1855349.0,0.0,0.0
2007-08-31,15.982600175689848,16.00933821489095,15.671771383910565,15.708537101745605,2938624.0,0.0,0.0
2007-09-04,15.70854232803332,15.892364885476768,15.487954040522741,15.83554744720459,3370061.0,0.0,0.0
2007-09-05,15.735269410984875,15.955856326200701,15.711872721270236,15.935803413391113,3565230.0,0.0,0.0
2007-09-06,15.935811691430354,16.042763864845924,15.802121474660893,15.9959716796875,2139788.0,0.0,0.0
2007-09-07,15.79209176614722,15.8589368607884,15.561477103568619,15.621638298034668,2935566.0,0.0,0.0
2007-09-10,15.64503834095307,15.718568581527,15.304130060137,15.431135177612305,2718605.0,0.0,0.0
2007-09-11,15.421106093543289,15.434475115141177,15.040090805870776,15.230598449707031,2960798.0,0.0,0.0
2007-09-12,15.25756890083943,15.301403279965863,15.105836497459311,15.149669647216797,3126912.0,0.20925,0.0
2007-09-13,15.257568453944812,15.257568453944812,15.092348648701156,15.173273086547852,2052048.0,0.0,0.0
2007-09-14,15.088982274226318,15.122701417606649,14.88330017120995,15.085611343383789,3211211.0,0.0,0.0
2007-09-17,15.072116109468388,15.20024707714757,14.82597310905814,15.146297454833984,4911725.0,0.0,0.0
2007-09-18,15.217109344106625,15.217109344106625,14.879925374129812,15.169902801513672,3132264.0,0.0,0.0
2007-09-19,15.21373119300796,15.557659373995488,15.21373119300796,15.500337600708008,3187508.0,0.0,0.0
2007-09-20,15.436276151613718,15.443020469664457,15.139554432867083,15.15304183959961,2491130.0,0.0,0.0
2007-09-21,15.291287381598572,15.291287381598572,15.149669002560607,15.193503379821777,2201531.0,0.0,0.0
2007-09-24,15.146296684813814,15.264311170282847,15.008050477321325,15.031654357910156,2308386.0,0.0,0.0
2007-09-25,14.940612314829107,14.981073293727263,14.714698626015272,14.829340934753418,2645392.0,0.0,0.0
2007-09-26,14.94061993341863,15.115955029280272,14.869810725502326,15.014800071716309,3662528.0,0.0,0.0
2007-09-27,15.008057390104545,15.220483807667188,15.008057390104545,15.12607192993164,2193502.0,0.0,0.0
2007-09-28,15.024910264941507,15.126065188461622,14.71133024790291,14.734932899475098,4465951.0,0.0,0.0
2007-10-01,14.930500165803254,14.954104049489533,14.73493461324878,14.903525352478027,4692279.0,0.0,0.0
2007-10-02,14.991192838734278,15.200247009585791,14.910268405623595,15.13955307006836,3152526.0,0.0,0.0
2007-10-03,15.173278371453206,15.213739375100351,15.05863599259117,15.156418800354004,2490557.0,0.0,0.0
2007-10-04,15.20699340449747,15.284545695750468,15.109210615252,15.25082778930664,4122446.0,0.0,0.0
2007-10-05,15.220476837691619,15.466621055614448,15.220476837691619,15.459877967834473,2814756.0,0.0,0.0
2007-10-08,15.493594082958607,15.571146345034373,15.412669662696421,15.432901382446289,1423339.0,0.0,0.0
2007-10-09,15.443017421300555,15.517197529002246,15.048513003642743,15.180013656616211,3064213.0,0.0,0.0
2007-10-10,15.122695693169108,15.358723460640247,15.122695693169108,15.233965873718262,3422246.0,0.0,0.0
2007-10-11,15.294659204061267,15.443020680141114,15.149669887052749,15.186759948730469,2764482.0,0.0,0.0
2007-10-12,15.169900322712115,15.200247293036735,14.890038189696574,14.9406156539917,2734853.0,0.0,0.0
2007-10-15,14.90352675823261,14.974335957232544,14.600061923753332,14.677614212036133,2334575.0,0.0,0.0
2007-10-16,14.680977405190745,14.802362773100668,14.654002605795585,14.667490005493164,3494694.0,0.0,0.0
2007-10-17,14.836086197081725,15.09234563641376,14.573082441257444,14.684353828430176,4305381.0,0.0,0.0
2007-10-18,14.512392562403369,14.596687929371654,13.969526612671384,14.161721229553223,3867828.0,0.0,0.0
2007-10-19,14.104396789037217,14.16171856209908,13.84476518986275,13.864996910095215,5940903.0,0.0,0.0
2007-10-22,13.82453769011877,13.932436943054201,13.723382755176273,13.9324369430542,2467810.0,0.0,0.0
2007-10-23,13.932432606051542,14.303334328506327,13.932432606051542,14.272987365722656,3643986.0,0.0,0.0
2007-10-24,14.171840171063147,14.272995129540709,13.912208455307153,14.094287872314453,3963596.0,0.0,0.0
2007-10-25,14.111143547794448,14.269620261340267,13.902089368967008,14.033591270446777,2893703.0,0.0,0.0
2007-10-26,14.134751352188662,14.161726174085244,13.945928828281925,14.138123512268066,2221793.0,0.0,0.0
2007-10-29,14.205558382012986,14.252763698386557,14.026851136462595,14.09765911102295,2773275.0,0.0,0.0
2007-10-30,14.009990417859694,14.202185056505371,13.96952819456023,14.117888450622559,1930664.0,0.0,0.0
2007-10-31,14.10777406902687,14.303340878973515,14.074056162223291,14.299968719482422,3465447.0,0.0,0.0
2007-11-01,14.33031419209848,14.33031419209848,13.956040179574186,13.97627067565918,2625130.0,0.0,0.0
2007-11-02,13.979643005157916,14.026849545546494,13.615484236238332,13.709896087646484,2695284.0,0.0,0.0
2007-11-05,13.5244467591023,13.746988402043016,13.382829573479883,13.510960578918457,3007631.0,0.0,0.0
2007-11-06,13.517696824655488,14.04370307215562,13.430029321633562,13.625596046447754,2901922.0,0.0,0.0
2007-11-07,13.591877478996775,13.591877478996775,13.352477607597296,13.43002986907959,7362713.0,0.0,0.0
2007-11-08,13.44014963965765,13.703152248000388,13.379455689804747,13.635716438293457,4235419.0,0.0,0.0
2007-11-09,13.548048232641547,13.615485274504152,13.386200561540393,13.433405876159668,3855976.0,0.0,0.0
2007-11-12,13.436774483153943,13.581763777483712,13.362594371401512,13.3794527053833,4429250.0,0.0,0.0
2007-11-13,13.436775633041128,13.972898483276367,13.403057732823282,13.972898483276367,4402679.0,0.0,0.0
2007-11-14,14.030214189078222,14.030214189078222,13.571645003582722,13.605362892150879,3687951.0,0.0,0.0
2007-11-15,13.548048958614945,13.693038299046538,13.338994732323231,13.396316528320312,4024384.0,0.0,0.0
2007-11-16,13.514327088793914,13.551417145590479,13.163655784487105,13.332247734069824,3405807.0,0.0,0.0
2007-11-19,13.220980688975134,13.295160820103638,12.627535951839835,12.641024589538574,5796007.0,0.0,0.0
2007-11-20,12.688230715361556,12.80961739809048,12.442086419632558,12.721948623657227,5471044.0,0.0,0.0
2007-11-21,12.641022880879795,12.66799769389296,12.334184690197269,12.485917091369629,3725226.0,0.0,0.0
2007-11-23,12.509518472231237,12.721943545502738,12.44545361148349,12.718572616577148,1353759.0,0.0,0.0
2007-11-26,13.049014780902828,13.049014780902828,12.573585852774013,12.580328941345215,4026295.0,0.0,0.0
2007-11-27,12.620791321859944,12.694971443933985,12.253260411764922,12.408366203308105,4748670.0,0.0,0.0
2007-11-28,12.526381226931733,12.56010036304035,12.199312491145177,12.431970596313477,5299578.0,0.0,0.0
2007-11-29,12.475802209176086,12.475802209176086,12.249889680286312,12.293724060058594,4199099.0,0.0,0.0
2007-11-30,12.442083660982451,12.580328652523043,12.303838669441859,12.39150619506836,5605808.0,0.0,0.0
2007-12-03,12.374642276833649,12.45556668557624,12.185819885802733,12.313949584960938,4058792.0,0.0,0.0
2007-12-04,12.236401611372436,12.310581730633201,11.976769964590863,12.054322242736816,4201967.0,0.0,0.0
2007-12-05,12.141989700649177,12.283606849981709,11.956539403528534,12.047577857971191,4593261.0,0.0,0.0
2007-12-06,12.017234457707579,12.158851634632681,11.875617280782478,12.06443977355957,3366620.0,0.0,0.0
2007-12-07,12.064435760463143,12.182450240206082,12.061064831430109,12.08466625213623,3235870.0,0.0,0.0
2007-12-10,12.141992554080051,12.260007077819331,12.06444025814017,12.236404418945312,7048454.0,0.0,0.0
2007-12-11,12.23640320617329,12.27012111131302,11.932937142439469,11.953168869018555,5888908.0,0.0,0.0
2007-12-12,12.386273268422947,12.386273268422947,11.898597506641947,12.072524070739746,5277404.0,0.20925,0.0
2007-12-13,11.956575693665364,12.120270363390954,11.837214401195292,12.09639835357666,4676031.0,0.0,0.0
2007-12-14,12.065704278470252,12.116858931891047,11.711031102927254,12.038421630859375,8642112.0,0.0,0.0
2007-12-17,12.011137834381246,12.386272338051528,11.980444547905229,12.341938972473145,7568778.0,0.0,0.0
2007-12-18,12.406738694163709,12.522689348772904,12.294197438661657,12.461302757263184,5670036.0,0.0,0.0
2007-12-19,12.365812359586698,12.8534881883384,12.321478984590161,12.805744171142578,6957273.0,0.0,0.0
2007-12-20,12.856897460153002,13.22180132142313,12.856897460153002,13.170646667480469,6385720.0,0.0,0.0
2007-12-21,13.194518006186838,13.440061824770678,13.160415319749367,13.426419258117676,10105403.0,0.0,0.0
2007-12-24,13.47075743444631,13.47075743444631,13.12631610706035,13.300241470336914,2389627.0,0.0,0.0
2007-12-26,13.300243233943839,13.35139790561988,13.119496561568651,13.232036590576172,3163422.0,0.0,0.0
2007-12-27,13.102444403014472,13.279781673241285,13.041059046558448,13.133137702941895,3539424.0,0.0,0.0
2007-12-28,13.286596649889072,13.29000729155812,12.959206134619173,13.037643432617188,3155011.0,0.0,0.0
2007-12-31,12.972850868982821,13.47075743444631,12.962620184683965,13.300241470336914,4130666.0,0.0,0.0
2008-01-02,13.300238826536427,13.300238826536427,12.815973684199095,12.853487014770508,5053562.0,0.0,0.0
2008-01-03,12.91827862767483,12.91827862767483,12.389679100518679,12.447653770446777,4998509.0,0.0,0.0
2008-01-04,12.393096962486423,12.393096962486423,11.891780972769721,11.946346282958984,5195590.0,0.0,0.0
2008-01-07,12.024783509295062,12.161196797782312,11.919064764966015,12.045246124267578,4211524.0,0.0,0.0
2008-01-08,12.116861693181406,12.168015114861067,11.533696521850429,11.540517807006836,5751086.0,0.0,0.0
2008-01-09,11.53369677889355,11.560979433329852,10.90278757100182,11.066483497619629,14958443.0,0.0,0.0
2008-01-10,10.93689226432166,11.55416018752631,10.933481621432446,11.441618919372559,6767839.0,0.0,0.0
2008-01-11,11.363184085673954,11.451852106747763,11.192668086655583,11.438209533691406,5104026.0,0.0,0.0
2008-01-14,11.554159194864498,11.711033833505175,11.325667278697182,11.567800521850586,4426191.0,0.0,0.0
2008-01-15,11.581439335461345,11.581439335461345,11.291562132464406,11.448436737060547,4625757.0,0.0,0.0
2008-01-16,11.462077876026804,12.191885591121759,11.40751258080505,12.038421630859375,6903941.0,0.0,0.0
2008-01-17,12.092987674363142,12.092987674363142,11.646234602940744,11.81334114074707,6953832.0,0.0,0.0
2008-01-18,11.91565094164335,12.045242909419,11.393872428389146,11.60531234741211,5459575.0,0.0,0.0
2008-01-22,11.15173969029026,11.769007506208222,11.039199685095763,11.68375015258789,6219415.0,0.0,0.0
2008-01-23,11.475713237529344,12.229393891913137,11.257453389790914,12.198701858520508,6539791.0,0.0,0.0
2008-01-24,12.29419695719326,12.362403587644794,11.973627659168951,12.239631652832031,5000421.0,0.0,0.0
2008-01-25,12.341942223262953,12.49199556689486,11.898599746917562,12.09639835357666,5059679.0,0.0,0.0
2008-01-28,12.089575545151348,12.792100569684663,12.004316965730274,12.781869888305664,4622125.0,0.0,0.0
2008-01-29,12.870539336302198,12.870539336302198,12.3999155051191,12.734126091003418,3940467.0,0.0,0.0
2008-01-30,12.679564404466856,13.01377632894487,12.652282991034863,12.792105674743652,4587908.0,0.0,0.0
2008-01-31,12.7614064871967,12.7614064871967,12.092985433429428,12.594301223754883,6750826.0,0.0,0.0
2008-02-01,12.47153350146653,12.873950733610414,12.451070891771922,12.778461456298828,6385720.0,0.0,0.0
2008-02-04,11.786060004286421,12.618177184521294,11.786060004286421,12.079346656799316,5785302.0,0.0,0.0
2008-02-05,12.185065719283303,12.185065719283303,11.59508181568807,11.820161819458008,7556161.0,0.0,0.0
2008-02-06,11.878136265010932,11.878136265010932,11.40410182188811,11.451847076416016,5960400.0,0.0,0.0
2008-02-07,11.366593677074405,11.612136371646729,11.359772390431283,11.533699035644531,7470333.0,0.0,0.0
2008-02-08,11.48936097960676,11.557566357942367,11.352947736138654,11.431385040283203,5303401.0,0.0,0.0
2008-02-11,11.441615517505845,11.448436801256143,11.073301010145562,11.20289421081543,5142066.0,0.0,0.0
2008-02-12,11.277920383864013,11.294971105705402,11.076711172909633,11.141507148742676,5923125.0,0.0,0.0
2008-02-13,11.219947269440844,11.294973945924504,10.998276639176447,11.254051208496094,6294157.0,0.0,0.0
2008-02-14,11.318846260029717,11.325666301234815,10.953941105494678,10.984634399414062,5558975.0,0.0,0.0
2008-02-15,10.919839769253507,11.001687734274192,10.701579772597078,10.878915786743164,6170097.0,0.0,0.0
2008-02-19,11.022147165988272,11.2369964579088,10.919836617542183,11.025556564331055,5847046.0,0.0,0.0
2008-02-20,10.940300496548513,10.940300496548513,10.664064594764499,10.892555236816406,7068143.0,0.0,0.0
2008-02-21,10.930069013594307,10.943710339300011,10.783425073107642,10.797067642211914,5788934.0,0.0,0.0
2008-02-22,10.820936854638138,10.84821949899825,10.66065162987205,10.824347496032715,4648504.0,0.0,0.0
2008-02-25,10.84140034188733,10.947120298661757,10.70839773540347,10.923248291015625,6648940.0,0.0,0.0
2008-02-26,10.851635609375329,11.175615620182542,10.837993036921473,11.01533031463623,7163529.0,0.0,0.0
2008-02-27,10.930070026990368,11.0221499165901,10.742503335394666,10.827760696411133,6760001.0,0.0,0.0
2008-02-28,10.694755923398244,10.711807889539537,10.299159385728798,10.3093900680542,10098139.0,0.0,0.0
2008-02-29,10.312802556429238,10.452625844006265,10.234365238893199,10.282109260559082,6710301.0,0.0,0.0
2008-03-03,10.30257238835496,10.336675085053361,10.159338451084363,10.22413444519043,6843345.0,0.0,0.0
2008-03-04,10.196852037509142,10.258238633811672,9.920616706043383,10.033157348632812,7543927.0,0.0,0.0
2008-03-05,10.147243974038012,10.378884590989584,10.06081087038335,10.288993835449219,5082999.0,0.20925,0.0
2008-03-06,10.223305131854698,10.250962564652246,10.040065973382042,10.053895950317383,6007042.0,0.0,0.0
2008-03-07,10.002035627710544,10.102298076338888,9.863742790720229,9.991663932800293,6437141.0,0.0,0.0
2008-03-10,10.015868097944603,10.20256370669757,9.832630142085534,9.898319244384766,3744724.0,0.0,0.0
2008-03-11,10.005494798748801,10.257879469415114,9.919061683722413,10.250964164733887,5509657.0,0.0,0.0
2008-03-12,10.292450208760927,10.562121181345699,10.188730119098922,10.309737205505371,4224714.0,0.0,0.0
2008-03-13,10.247502439816182,10.420368590536182,10.040062932898564,10.361594200134277,5024697.0,0.0,0.0
2008-03-14,10.299362166164926,10.406539885586373,9.60789756280246,9.829166412353516,8516523.0,0.0,0.0
2008-03-17,9.618274796629311,10.244049986599153,9.600987795689116,10.109214782714844,8304915.0,0.0,0.0
2008-03-18,10.302821192278294,10.434199333190918,10.143784362696032,10.434199333190918,5891776.0,0.0,0.0
2008-03-19,10.544836625667424,10.81105062277948,10.410000801086426,10.410000801086426,5563372.0,0.0,0.0
2008-03-20,10.420372565881147,10.54137904360242,10.368513457202743,10.458403587341309,6915601.0,0.0,0.0
2008-03-24,10.520635891736523,11.015032908908301,10.492977824208483,10.980460166931152,5221778.0,0.0,0.0
2008-03-25,10.925140960144542,11.00120299674337,10.486061411357188,10.63818359375,9180978.0,0.0,0.0
2008-03-26,10.565580087252599,10.669299565148165,10.506805674427222,10.524092674255371,7867170.0,0.0,0.0
2008-03-27,10.541378650759905,10.562122671619205,9.970920283068244,9.995121955871582,6771279.0,0.0,0.0
2008-03-28,10.060811725992771,10.064268747904173,9.683962933427349,9.86720085144043,5675771.0,0.0,0.0
2008-03-31,9.884485990890832,10.105754259613821,9.842997954154685,10.043522834777832,6799570.0,0.0,0.0
2008-04-01,10.167989878302674,10.475691330525889,10.046982754446008,10.465319633483887,6219033.0,0.0,0.0
2008-04-02,10.579405918548515,10.707327657898606,10.486058797630893,10.631265640258789,4728598.0,0.0,0.0
2008-04-03,10.58286847454586,10.665844571955546,10.371971839032197,10.465319633483887,4027251.0,0.0,0.0
2008-04-04,10.441116852245266,10.46877554845636,10.123043106354384,10.19218921661377,3125573.0,0.0,0.0
2008-04-07,10.26133373615002,10.392711884448516,10.143784932963808,10.34430980682373,3907779.0,0.0,0.0
2008-04-08,10.361595919648432,10.382339936809487,10.085010284704088,10.13341236114502,2966724.0,0.0,0.0
2008-04-09,10.123040459101395,10.185272509302196,9.870655867578199,9.946717262268066,3422246.0,0.0,0.0
2008-04-10,9.929433173387075,9.988207589537863,9.763482251472125,9.884488105773926,2847825.0,0.0,0.0
2008-04-11,9.818797290221868,9.853370655491535,9.535296955547109,9.549125671386719,4088229.0,0.0,0.0
2008-04-14,9.580242861039224,9.666675330755302,9.490351479047725,9.628644943237305,3709934.0,0.0,0.0
2008-04-15,9.670134178159639,9.715079244444357,9.421206542107967,9.469609260559082,3105502.0,0.0,0.0
2008-04-16,9.531838944959638,9.846454960592766,9.473063914966627,9.804966926574707,4905990.0,0.0,0.0
2008-04-17,9.73582423877066,9.78076867927478,9.462694901086982,9.535299301147461,4754213.0,0.0,0.0
2008-04-18,9.639018872237079,9.742737727102815,9.604444870167873,9.673591613769531,6230885.0,0.0,0.0
2008-04-21,9.645930730915682,9.849913263191448,9.600985672891689,9.784223556518555,4339407.0,0.0,0.0
2008-04-22,9.697793561307387,9.725451629255824,9.421207209407457,9.49381160736084,6405600.0,0.0,0.0
2008-04-23,9.493809541671773,9.559497990241486,8.70208168342064,8.940637588500977,15128380.0,0.0,0.0
2008-04-24,8.957922764617257,9.794594941014411,8.957922764617257,9.656301498413086,8686078.0,0.0,0.0
2008-04-25,9.687420896331139,9.773854010108742,9.355517789846607,9.625188827514648,4916312.0,0.0,0.0
2008-04-28,9.386633890905898,9.984751037363575,9.31748714496404,9.89486026763916,4257402.0,0.0,0.0
2008-04-29,9.863743549233886,10.230220005114345,9.822256136134245,10.219847679138184,7303072.0,0.0,0.0
2008-04-30,10.219848713029094,10.233678692485865,9.794598431426063,9.89486026763916,6386293.0,0.0,0.0
2008-05-01,9.95017355164414,10.44111335410385,9.874112792815017,10.368510246276855,5310283.0,0.0,0.0
2008-05-02,10.448030804023764,10.48951884547233,9.981291913398172,10.078097343444824,3617224.0,0.0,0.0
2008-05-05,10.112671570537158,10.257879097676321,9.991665087831736,10.136873245239258,2864838.0,0.0,0.0
2008-05-06,10.095384247521654,10.226763052408032,10.00203646444708,10.202561378479004,2811697.0,0.0,0.0
2008-05-07,10.157616920283784,10.32356847453045,10.03315341216588,10.112671852111816,4311307.0,0.0,0.0
2008-05-08,10.330482861245903,10.340855187623477,10.07118352556358,10.136873245239258,6259175.0,0.0,0.0
2008-05-09,9.960548525974401,10.292451597127348,9.960548525974401,10.143786430358887,2122966.0,0.0,0.0
2008-05-12,10.18873104817833,10.434201004026402,10.129956640477845,10.396170616149902,3196301.0,0.0,0.0
2008-05-13,10.513718186470975,10.766102140307314,10.427285101089046,10.593235969543457,3249442.0,0.0,0.0
2008-05-14,10.676212983275185,10.734988015985921,10.496432124485489,10.527547836303711,3572111.0,0.0,0.0
2008-05-15,10.555207779139927,10.555207779139927,10.354682878592838,10.416914939880371,4058409.0,0.0,0.0
2008-05-16,10.586324819227393,10.707332572811717,10.244050624881437,10.285538673400879,6569420.0,0.0,0.0
2008-05-19,10.23713493189789,10.479147263652871,10.233677909999326,10.302824020385742,4969453.0,0.0,0.0
2008-05-20,10.250963417998108,10.288994439632566,10.112671200351901,10.199104309082031,8371819.0,0.0,0.0
2008-05-21,10.195648073347893,10.306281603887388,9.925976400367885,9.967464447021484,3916381.0,0.0,0.0
2008-05-22,9.988207435616426,10.233678053242581,9.964007021451042,10.136873245239258,3338902.0,0.0,0.0
2008-05-23,10.116127778074635,10.116127778074635,9.936347524865912,10.015865325927734,4595937.0,0.0,0.0
2008-05-27,9.988207713725535,10.195647944369338,9.967464320929531,10.112671852111816,4895285.0,0.0,0.0
2008-05-28,10.123040068325919,10.16798575131446,9.919058190388686,10.07118034362793,5117790.0,0.0,0.0
2008-05-29,9.95363406480511,10.18527533410674,9.946720020911206,10.136873245239258,4865083.0,0.0,0.0
2008-05-30,10.136874200853308,10.188733316556558,9.953635003145004,9.960550308227539,4661885.0,0.0,0.0
2008-06-02,9.977836064351273,10.040067503569324,9.773854115326102,9.808426856994629,5910318.0,0.0,0.0
2008-06-03,9.829169533344995,9.960548328703457,9.784224471119666,9.912145614624023,5317546.0,0.0,0.0
2008-06-04,9.982267324301082,10.129529375188175,9.901624428992388,9.992786407470703,5333603.0,0.20925,0.0
2008-06-05,10.06641850521656,10.087456034610828,9.926168948440798,10.073431015014648,4367507.0,0.0,0.0
2008-06-06,9.992786476571888,9.999798985671477,9.694755798618264,9.729818344116211,6568464.0,0.0,0.0
2008-06-09,9.799943991403659,9.810463075929224,9.554507421349568,9.624631881713867,7025707.0,0.0,0.0
2008-06-10,9.529965206932566,9.529965206932566,9.263491054165218,9.29154109954834,7583879.0,0.0,0.0
2008-06-11,9.259983516785944,9.259983516785944,8.982990325306396,9.11272144317627,9866077.0,0.0,0.0
2008-06-12,9.175831868529153,9.263487911016187,8.979482895841826,9.014545440673828,5137670.0,0.0,0.0
2008-06-13,9.000521032295886,9.151289676398308,8.919878126772723,9.039090156555176,6087327.0,0.0,0.0
2008-06-16,8.975976235716532,9.084669804060765,8.870789241414855,9.011038780212402,4996789.0,0.0,0.0
2008-06-17,9.042595837913725,9.105708425594713,8.905852217531251,8.965458869934082,5957915.0,0.0,0.0
2008-06-18,8.663922312417236,8.835727843971869,8.34836001017408,8.562240600585938,12395821.0,0.0,0.0
2008-06-19,8.576263726783244,8.660413180461974,8.264208091189246,8.299270629882812,12332166.0,0.0,0.0
2008-06-20,8.299271836384316,8.341346249747307,7.948647676848538,8.01877212524414,10403031.0,0.0,0.0
2008-06-23,8.018770701129217,8.03630228950399,7.776840150718141,7.843458652496338,7276119.0,0.0,0.0
2008-06-24,7.801388884973098,7.948650991110647,7.675163674695608,7.794376373291016,10193716.0,0.0,0.0
2008-06-25,7.850471822201977,8.116945851792037,7.773334872241007,7.976696968078613,14145079.0,0.0,0.0
2008-06-26,7.875017315295164,7.903066713495553,7.629580127350445,7.640098571777344,8657405.0,0.0,0.0
2008-06-27,7.678667172418711,7.801385758074838,7.573480178533993,7.720742225646973,10141531.0,0.0,0.0
2008-06-30,7.738274559157104,7.738274559157104,7.545430866302516,7.598024368286133,10082273.0,0.0,0.0
2008-07-01,7.405178439697904,7.4507600575621975,7.131691928441149,7.307003974914551,12179816.0,0.0,0.0
2008-07-02,7.359603901845757,7.454271867950617,6.949373491979481,6.952879428863525,11668667.0,0.0,0.0
2008-07-03,7.023001406607972,7.061570533651447,6.774058883756706,6.8722333908081055,6931467.0,0.0,0.0
2008-07-07,6.872230189971727,6.910799299051106,6.500568587837116,6.602249622344971,11949092.0,0.0,0.0
2008-07-08,6.560178183189769,6.886258316430729,6.3988904451738335,6.830158233642578,16546367.0,0.0,0.0
2008-07-09,6.830158400832784,7.086114715226049,6.504078259609958,6.658352851867676,9521042.0,0.0,0.0
2008-07-10,6.658350776800385,6.707438335143514,6.395382673026735,6.469013690948486,8020668.0,0.0,0.0
2008-07-11,6.384863926646631,6.384863926646631,6.107870180183074,6.230589389801025,9585462.0,0.0,0.0
2008-07-14,6.311233423999251,6.311233423999251,6.069302812608543,6.174490451812744,9144085.0,0.0,0.0
2008-07-15,6.072808687930376,6.192020692789219,5.760753019650929,6.083327770233154,14280225.0,0.0,0.0
2008-07-16,5.609987905618996,5.893993045574686,5.1261261723113165,5.80984354019165,31340034.0,0.0,0.0
2008-07-17,5.816854922119946,6.121898178139291,5.543367644590154,6.0517730712890625,14655462.0,0.0,0.0
2008-07-18,6.0447606558815306,6.051773166677084,5.76776743823631,5.915029525756836,9280187.0,0.0,0.0
2008-07-21,5.925545860564078,6.16046456889989,5.908015548601948,6.146439552307129,12275584.0,0.0,0.0
2008-07-22,6.090339229772425,6.2691578642159635,5.908015300106953,6.230589389801025,9957640.0,0.0,0.0
2008-07-23,6.251625309258683,6.707436980594595,6.174488372340106,6.686399459838867,17258227.0,0.0,0.0
2008-07-24,6.710945936134163,6.710945936134163,6.251628124119222,6.3042216300964355,9223988.0,0.0,0.0
2008-07-25,6.332270794112187,6.332270794112187,6.062290152325194,6.111377716064453,7815558.0,0.0,0.0
2008-07-28,6.22357463959874,6.440961692464523,5.971125694942603,6.030731678009033,10392517.0,0.0,0.0
2008-07-29,6.062292033307123,6.36382874003589,6.0202176048047535,6.328766822814941,8840340.0,0.0,0.0
2008-07-30,6.370840405855515,6.507584038103154,6.251628369077919,6.4479780197143555,9892839.0,0.0,0.0
2008-07-31,6.41642174473665,6.514596245902404,6.314740029779275,6.353309154510498,7125489.0,0.0,0.0
2008-08-01,6.363828155468068,6.423434815477875,6.065798051349503,6.3182477951049805,6364693.0,0.0,0.0
2008-08-04,6.360320988961211,6.360320988961211,6.104365359009943,6.174490451812744,8074382.0,0.0,0.0
2008-08-05,6.248122143319615,6.395384214661266,6.153453577573407,6.353309154510498,10929280.0,0.0,0.0
2008-08-06,6.342791548056216,6.51459776411797,6.2376045123516795,6.490053653717041,9599989.0,0.0,0.0
2008-08-07,6.465508940351124,6.465508940351124,6.170984814730266,6.199034214019775,6603063.0,0.0,0.0
2008-08-08,6.206047745713831,6.668871539224289,6.20254180992,6.623290538787842,10312806.0,0.0,0.0
2008-08-11,6.7179590529451145,7.26142703495594,6.68990901010764,7.023001670837402,16580583.0,0.0,0.0
2008-08-12,7.040532349873577,7.1001383635439295,6.7039331580525126,6.770551681518555,9942921.0,0.0,0.0
2008-08-13,6.763538893576853,6.851194942825168,6.60575774925549,6.7530198097229,5755482.0,0.0,0.0
2008-08-14,6.76704594814152,7.503356302730246,6.640821407238601,7.471800327301025,19761400.0,0.0,0.0
2008-08-15,7.4402441260467675,7.601530572893021,7.194806922509303,7.240387916564941,12108706.0,0.0,0.0
2008-08-18,7.3140200899299845,7.363107666126664,6.738996754084778,6.8511962890625,10091257.0,0.0,0.0
2008-08-19,6.774055551364412,6.8091174471578455,6.493556549902368,6.53913688659668,7886477.0,0.0,0.0
2008-08-20,6.570696551453975,6.581215636445451,6.093847770949238,6.100859642028809,13411426.0,0.0,0.0
2008-08-21,6.044759768289307,6.177996814654644,5.929053676745614,6.153453350067139,9996445.0,0.0,0.0
2008-08-22,6.170985203960417,6.353309187179179,6.027229067299119,6.195528030395508,6134734.0,0.0,0.0
2008-08-25,6.167474714665767,6.206043175928775,6.016706163640355,6.048262119293213,5969767.0,0.0,0.0
2008-08-26,6.079821520033763,6.111377490250035,5.879965976687484,5.988658905029297,6817730.0,0.0,0.0
2008-08-27,6.069302204972698,6.227083328389559,5.978140232641822,6.181502342224121,7172896.0,0.0,0.0
2008-08-28,6.227084754472273,6.560178029441232,6.149947142446411,6.416421890258789,11192118.0,0.0,0.0
2008-08-29,6.349804321109926,6.437460392043862,6.22357911875103,6.237604141235352,11774758.0,0.0,0.0
2008-09-02,6.335776908931201,6.4479764073008194,5.932559262555795,6.093846321105957,12958389.0,0.0,0.0
2008-09-03,6.1008586418761315,6.335777377670017,5.932559701463423,6.27617073059082,10995038.0,0.0,0.0
2008-09-04,6.286689275631733,6.286689275631733,5.985152687830168,6.002683639526367,8108408.0,0.0,0.0
2008-09-05,5.97112905788292,6.139428662168591,5.901004595622419,6.090341091156006,9010085.0,0.0,0.0
2008-09-08,6.220074230067971,6.556673547996467,6.160468194066129,6.48654842376709,13227153.0,0.0,0.0
2008-09-09,6.532125332056009,6.661855758922037,6.244613170623779,6.244613170623779,11210278.0,0.0,0.0
2008-09-10,6.377323563430663,6.377323563430663,6.165702746587482,6.284067153930664,9635353.0,0.20925,0.0
2008-09-11,6.233854288255008,6.402434104374745,6.212333418928782,6.370152473449707,8899024.0,0.0,0.0
2008-09-12,6.341455269573112,6.488513499616944,6.172876179404816,6.28765344619751,7942294.0,0.0,0.0
2008-09-15,5.928972764029042,6.169288014572885,5.853650093078613,5.853650093078613,11204543.0,0.0,0.0
2008-09-16,5.878759198641178,5.936148166656494,5.62768377131658,5.936148166656494,10590936.0,0.0,0.0
2008-09-17,5.756809285809333,5.81778474787946,5.6025767346715325,5.7245283126831055,8463382.0,0.0,0.0
2008-09-18,5.832128664573568,6.922514699046064,5.7352858004528455,6.495686054229736,17837235.0,0.0,0.0
2008-09-19,6.908167444787303,7.410319453261146,6.5961166615306785,6.657092094421387,25297246.0,0.0,0.0
2008-09-22,6.5961210253165765,6.628402004351028,6.388086596269131,6.459822177886963,7073686.0,0.0,0.0
2008-09-23,6.466992770148584,6.721655280211152,6.205156640624913,6.219503879547119,7833718.0,0.0,0.0
2008-09-24,6.2374378168749,6.384496693975393,6.086792456855414,6.129834175109863,7269047.0,0.0,0.0
2008-09-25,6.219501051123265,6.563833320923137,6.219501051123265,6.438295364379883,7911518.0,0.0,0.0
2008-09-26,6.251787313168902,6.567425386570392,6.251787313168902,6.527970790863037,5387127.0,0.0,0.0
2008-09-29,6.316348662817164,6.502862151771252,5.88234558051128,6.0975542068481445,8820077.0,0.0,0.0
2008-09-30,6.122660814501843,6.2195043577370726,5.867998284859408,6.065271854400635,7121475.0,0.0,0.0
2008-10-01,5.979188042040199,6.1621143401644085,5.781913852481792,6.115486145019531,7276693.0,0.0,0.0
2008-10-02,6.061683899297208,6.266131715127338,5.814195676942682,5.839303016662598,6353797.0,0.0,0.0
2008-10-03,5.932562310232738,5.957670316096592,5.40530366822636,5.44475793838501,12076783.0,0.0,0.0
2008-10-06,5.376607786238864,5.433996097919297,4.982059955813894,5.373020648956299,16373945.0,0.0,0.0
2008-10-07,5.437582285357033,5.609748171130911,5.104009962163962,5.2008538246154785,8921963.0,0.0,0.0
2008-10-08,5.179334261708561,5.613336711751899,4.964126278527852,5.240309715270996,11559327.0,0.0,0.0
2008-10-09,5.383779006087042,5.383779006087042,4.770437288507084,4.795544624328613,10444129.0,0.0,0.0
2008-10-10,4.576752204587368,4.953366025264264,4.275461736529978,4.616207122802734,16910325.0,0.0,0.0
2008-10-13,4.885216419003982,5.294111165188905,4.3041557564204105,4.576751708984375,9925335.0,0.0,0.0
2008-10-14,4.730983856306406,4.888802834919521,4.551644018718174,4.720223426818848,11845103.0,0.0,0.0
2008-10-15,4.591098325272325,4.655660571400138,4.074599702378778,4.078186511993408,13397281.0,0.0,0.0
2008-10-16,4.149922647453777,4.1570959396492775,3.744614801228826,3.827110767364502,14469660.0,0.0,0.0
2008-10-17,3.733855829669574,4.149924266961765,3.7302686917686665,3.8701536655426025,10243034.0,0.0,0.0
2008-10-20,4.0459052829251805,4.0459052829251805,3.8199369278651547,3.959822177886963,7206921.0,0.0,0.0
2008-10-21,3.9562358375031534,4.013624798959695,3.76254940032959,3.76254940032959,5569489.0,0.0,0.0
2008-10-22,3.608317545533901,3.7661369054281857,3.256811695909127,3.339308023452759,11467764.0,0.0,0.0
2008-10-23,3.3177877435162277,3.547342711401482,3.0451913621868623,3.4576730728149414,16029293.0,0.0,0.0
2008-10-24,3.299853144384628,3.550928941324139,3.088232269662422,3.3966970443725586,19791603.0,0.0,0.0
2008-10-27,3.335719547070607,3.5042989125384145,3.1922471901865848,3.2747437953948975,9548377.0,0.0,0.0
2008-10-28,3.5222342520252305,3.665705680847168,3.2281164661576045,3.665705680847168,10732009.0,0.0,0.0
2008-10-29,3.6119051686504,3.741029064878078,3.4899535871228444,3.565276622772217,7294279.0,0.0,0.0
2008-10-30,3.6764656111482563,3.9454753617790996,3.6262506015488007,3.859391927719116,7504741.0,0.0,0.0
2008-10-31,3.8342854919124862,4.19655172779197,3.7015744805348754,3.9454762935638428,7596877.0,0.0,0.0
2008-11-03,3.9167818031571424,4.282635176047801,3.9167818031571424,4.1750311851501465,7877875.0,0.0,0.0
2008-11-04,4.275463381665035,4.447629382953956,4.1176439750126255,4.4261088371276855,7703733.0,0.0,0.0
2008-11-05,4.372303826081459,4.418932350074459,4.232418907973489,4.25752592086792,8195766.0,0.0,0.0
2008-11-06,4.207310453934825,4.300567491717222,3.70515946211643,3.744614362716675,11167459.0,0.0,0.0
2008-11-07,3.758962098580934,3.823525009941244,3.6047302388174853,3.7768964767456055,6303906.0,0.0,0.0
2008-11-10,3.8342833059053754,3.913193094107966,3.4899509923994114,3.597554922103882,7925664.0,0.0,0.0
2008-11-11,3.5545145095408426,3.5975558969241876,3.256810299641944,3.4397366046905518,7691117.0,0.0,0.0
2008-11-12,3.378762358298163,3.400283223028475,3.0667114543867875,3.1205129623413086,12516439.0,0.0,0.0
2008-11-13,3.1348601906617297,3.1527935887772625,2.8192218565022347,3.059537172317505,20560619.0,0.0,0.0
2008-11-14,3.066711172626033,3.1527936428313788,2.8335688197370774,2.923238754272461,9161480.0,0.0,0.0
2008-11-17,2.880197039235636,2.923238433076865,2.6900970866114933,2.6972708702087402,9106427.0,0.0,0.0
2008-11-18,2.697271322197252,2.862263468548632,2.668576836870984,2.790527582168579,11268389.0,0.0,0.0
2008-11-19,2.693683689474323,2.7582462735093043,1.7933980829678937,2.442608118057251,13431880.0,0.0,0.0
2008-11-20,2.417500489394246,2.460541713713618,2.177185229666013,2.1843583583831787,14427797.0,0.0,0.0
2008-11-21,2.2345732270021106,2.2919621764140725,2.044473149413728,2.266855001449585,10060290.0,0.0,0.0
2008-11-24,2.2847885731004145,2.654228492646277,2.2130528711239483,2.614773750305176,11026578.0,0.0,0.0
2008-11-25,2.718791961669922,2.761833527812839,2.543038722829545,2.718791961669922,8349454.0,0.0,0.0
2008-11-26,2.7044442953888286,2.977041416162637,2.6506426256914866,2.969867467880249,5874763.0,0.0,0.0
2008-11-28,2.9519330772138903,3.185075417408519,2.9519330772138903,3.1240999698638916,4325070.0,0.0,0.0
2008-12-01,3.048777239159436,3.048777239159436,2.851502983170012,2.9339993000030518,10416412.0,0.0,0.0
2008-12-02,2.9806280752805687,3.192248936655181,2.9017185627586883,3.113339424133301,10243034.0,0.0,0.0
2008-12-03,3.045190680718968,3.2030093793203984,2.869437600703678,3.181488513946533,8755085.0,0.0,0.0
2008-12-04,3.1671413554537455,3.30343983214471,2.9842149945512317,3.055950880050659,8367614.0,0.0,0.0
2008-12-05,2.9662807531739257,3.203008931442072,2.9196522180506417,3.1994221210479736,11817004.0,0.0,0.0
2008-12-08,3.3177855364188953,3.3572404388537334,3.1814871094885846,3.2855045795440674,8651861.0,0.0,0.0
2008-12-09,3.22811621219753,3.3106125143083487,3.055950314994371,3.142033100128174,7256048.0,0.0,0.0
2008-12-10,3.209681449090994,3.273575349633635,3.029278103969538,3.2359907627105713,9596357.0,0.20925,0.0
2008-12-11,3.2096821641925595,3.2096821641925595,2.777465313398423,2.852633476257324,10795090.0,0.0,0.0
2008-12-12,2.5594760271698753,2.8676658651802396,2.5594760271698753,2.8300814628601074,11228438.0,0.0,0.0
2008-12-15,2.852632408085818,2.878941717715432,2.6571955661545927,2.732363700866699,8630261.0,0.0,0.0
2008-12-16,2.7699479868768075,2.9916948822354,2.721089148873448,2.96162748336792,11770171.0,0.0,0.0
2008-12-17,2.89021672197745,3.119479898525182,2.85639124889429,3.044311761856079,12247102.0,0.0,0.0
2008-12-18,3.0480705054015558,3.138272700093634,2.867667143751821,2.9202847480773926,9524865.0,0.0,0.0
2008-12-19,2.9315598824263875,3.0405535106517165,2.807532213225476,2.8977344036102295,11252906.0,0.0,0.0
2008-12-22,2.87142526347192,2.89021738761165,2.6872629607697864,2.8563919067382812,8302239.0,0.0,0.0
2008-12-23,2.8676658651802396,3.0067268348394753,2.743638245355471,2.8300814628601074,6237766.0,0.0,0.0
2008-12-24,2.7924977343719015,2.8977339492306586,2.784981400218958,2.8112900257110596,1755184.0,0.0,0.0
2008-12-26,2.8150495630034755,2.871425424721322,2.8075325416363808,2.848875045776367,2773275.0,0.0,0.0
2008-12-29,2.8225649678938165,2.8375990056674443,2.7060543439951745,2.8188068866729736,5515009.0,0.0,0.0
2008-12-30,2.833839659972673,3.018001885734916,2.7887390947468,2.9954516887664795,6926497.0,0.0,0.0
2008-12-31,2.965384324076255,3.0593445636189225,2.905249551519025,3.0067269802093506,8023153.0,0.0,0.0
2009-01-02,3.0555874004010954,3.2698162216498403,3.025520005094264,3.2247154712677,10365756.0,0.0,0.0
2009-01-05,3.269816148965931,3.4201531221582857,3.266058067214222,3.344984292984009,12337327.0,0.0,0.0
2009-01-06,3.3750507741277893,3.53666263398944,3.352500234252488,3.4953203201293945,10541045.0,0.0,0.0
2009-01-07,3.4878031094485245,3.4878031094485245,3.2209564262127213,3.2735743522644043,8578075.0,0.0,0.0
2009-01-08,3.2998845121022704,3.2998845121022704,3.145789411932146,3.243508815765381,7866597.0,0.0,0.0
2009-01-09,3.303642192940038,3.3637769925484697,3.157064304050803,3.2284743785858154,8915846.0,0.0,0.0
2009-01-12,3.232231692142954,3.232231692142954,2.969142404783078,3.0067269802093506,7371506.0,0.0,0.0
2009-01-13,3.1796151613034116,3.1796151613034116,2.909009622949464,3.033036947250366,12791129.0,0.0,0.0
2009-01-14,2.9014924051408695,2.9766605524647924,2.837599531302252,2.9315598011016846,16872286.0,0.0,0.0
2009-01-15,2.9202841507127357,2.9879350977370365,2.7098134338855733,2.8112900257110596,21076928.0,0.0,0.0
2009-01-16,2.856392244107364,2.9052510874851,2.747398082512681,2.852633476257324,16435879.0,0.0,0.0
2009-01-20,2.848874379310856,2.886458107041337,2.589544140021622,2.6384036540985107,14078748.0,0.0,0.0
2009-01-21,2.717330106105804,2.781222979647163,2.5482016897693103,2.7549145221710205,16443908.0,0.0,0.0
2009-01-22,2.7098132626151195,2.7661891053352154,2.503100640284931,2.544443130493164,13348728.0,0.0,0.0
2009-01-23,2.4767911333327075,2.6797456582465644,2.4392075837680323,2.56323504447937,10992553.0,0.0,0.0
2009-01-26,2.5294095657845617,2.7436392470062727,2.5294095657845617,2.5857861042022705,6112560.0,0.0,0.0
2009-01-27,2.5669942771561525,2.6985381211893236,2.5406849602244748,2.645920515060425,8701370.0,0.0,0.0
2009-01-28,2.6647123347082364,2.826324415956668,2.6647123347082364,2.7549145221710205,6300083.0,0.0,0.0
2009-01-29,2.7661894205663677,2.7661894205663677,2.5857859153740135,2.5933022499084473,13189687.0,0.0,0.0
2009-01-30,2.7135715587035767,2.724846830913925,2.119742782382703,2.168602466583252,31325315.0,0.0,0.0
2009-02-02,2.191152753821637,2.191152753821637,1.8942380971559927,1.9957153797149658,21556154.0,0.0,0.0
2009-02-03,1.9844401040692665,1.9844401040692665,1.8115537893902964,1.8641713857650757,27368600.0,0.0,0.0
2009-02-04,1.867929875109423,1.9280644988062787,1.7852447032928467,1.7852447032928467,18097206.0,0.0,0.0
2009-02-05,1.7326261621402466,1.856653595777745,1.6912835129721073,1.804036021232605,13737537.0,0.0,0.0
2009-02-06,1.8341040794000034,1.9205473264996011,1.7927615824006076,1.84537935256958,12799349.0,0.0,0.0
2009-02-09,1.8228294849395752,1.875447269755733,1.7589359099478472,1.8228294849395752,8716663.0,0.0,0.0
2009-02-10,1.8303448697455778,1.8904794741501372,1.6950421383020773,1.7175931930541992,14922888.0,0.0,0.0
2009-02-11,1.7514194397760394,1.781486840978622,1.6762514506368442,1.7251102924346924,8850471.0,0.0,0.0
2009-02-12,1.7138344438500914,1.766452207069303,1.6048410073853125,1.70631742477417,10301145.0,0.0,0.0
2009-02-13,1.7025594007650209,1.7551769944662516,1.567256649913923,1.5747736692428589,9608018.0,0.0,0.0
2009-02-17,1.5409482924235396,1.548464627903913,1.4770547303910673,1.5108810663223267,11177017.0,0.0,0.0
2009-02-18,1.533431571935567,1.5860493563787141,1.4732969366735273,1.5259145498275757,11354218.0,0.0,0.0
2009-02-19,1.5183973828025679,1.608599584020308,1.409403912776545,1.4507464170455933,14753334.0,0.0,0.0
2009-02-20,1.4281956159769,1.4582630074974456,1.360543899411156,1.3906112909317017,21031434.0,0.0,0.0
2009-02-23,1.4056451960983964,1.469537968803738,1.3530275228560182,1.3755778074264526,10985098.0,0.0,0.0
2009-02-24,1.3567854874042342,1.5860484499042686,1.3154430028179003,1.5334306955337524,16677499.0,0.0,0.0
2009-02-25,1.552223205116413,1.552223205116413,1.322960209828998,1.4094034433364868,17214453.0,0.0,0.0
2009-02-26,1.446987719166908,1.477054250340066,1.3154430696262622,1.341752290725708,13209949.0,0.0,0.0
2009-02-27,1.2891342499105456,1.3379938556475215,1.2102080179943877,1.2177250385284424,11134198.0,0.0,0.0
2009-03-02,1.1763824099740936,1.187657596960671,1.0974555015563965,1.0974555015563965,11453236.0,0.0,0.0
2009-03-03,1.108731125712457,1.1124899796275396,0.8306091660840467,0.8343673348426819,29891462.0,0.0,0.0
2009-03-04,0.88029864556427,0.9491912319028311,0.8381974219202585,0.9070900082588196,17007432.0,0.02093,0.0
2009-03-05,0.8802990815568302,0.9032633174487905,0.7884415274746321,0.8075786232948303,21462679.0,0.0,0.0
2009-03-06,0.8305426287961093,0.8420247435569762,0.7310308221747411,0.8420247435569763,21356588.0,0.0,0.0
2009-03-09,0.8114058192874307,0.8381978948283154,0.7386853560136485,0.7463403344154358,10274193.0,0.0,0.0
2009-03-10,0.7654775242715204,0.8535071700642136,0.7080669672393987,0.7616503834724426,23335997.0,0.0,0.0
2009-03-11,0.8228880376954656,0.8535071700642136,0.750168263344383,0.7616503834724426,10066598.0,0.0,0.0
2009-03-12,0.7616504056694815,0.8420251616919351,0.7386854670132607,0.830543041229248,11122156.0,0.0,0.0
2009-03-13,0.8535070095445647,0.9300546080291922,0.7846143889492423,0.819060742855072,17994556.0,0.0,0.0
2009-03-16,0.8688167918311521,1.1137694941496037,0.8535068391097513,0.9185723066329956,21567432.0,0.0,0.0
2009-03-17,0.9377096749465983,0.9415375131200213,0.8726441882531285,0.9338825345039368,10909018.0,0.0,0.0
2009-03-18,0.930054506172123,1.0180849107152024,0.9032632203060449,0.9415373206138611,12815979.0,0.0,0.0
2009-03-19,0.9568467033554585,0.9874659178725155,0.8573349539057343,0.861162006855011,9410555.0,0.0,0.0
2009-03-20,0.8649891275131746,0.8841262233710895,0.7807865511392422,0.819060742855072,21233867.0,0.0,0.0
2009-03-23,0.8802988466902717,0.8994359374046326,0.8152333836621641,0.8994359374046326,10972672.0,0.0,0.0
2009-03-24,0.899436053417201,0.9798107807455205,0.8611618670517339,0.8879539370536804,13781693.0,0.0,0.0
2009-03-25,0.8917811535012622,0.9836387028450898,0.8764711985425733,0.90326327085495,12077930.0,0.0,0.0
2009-03-26,0.9224004027928375,0.9683287868387903,0.9109182849772655,0.9606738090515137,8023153.0,0.0,0.0
2009-03-27,0.9568465735029241,1.0448762799950206,0.9185723861180706,0.9836386442184448,7846526.0,0.0,0.0
2009-03-30,0.9606738595925911,1.0027751058251961,0.8611620212617527,0.864989161491394,13419455.0,0.0,0.0
2009-03-31,0.899435927875499,0.899435927875499,0.826715489785987,0.8420247435569763,9167406.0,0.0,0.0
2009-04-01,0.8228876365261789,0.8879537952892657,0.8037512441292239,0.8764709830284119,5419241.0,0.0,0.0
2009-04-02,0.9300547242164611,0.9377097030620658,0.89178131266635,0.9300547242164612,8152373.0,0.0,0.0
2009-04-03,0.9491916082469252,0.9874657961062624,0.8535069235455349,0.9759836792945862,8407565.0,0.0,0.0
2009-04-06,0.9912932465360119,1.0946328535324505,0.9377097853747572,1.0525315999984741,16622637.0,0.0,0.0
2009-04-07,1.163524817105661,1.163524817105661,0.9951205107001557,1.029566764831543,11964957.0,0.0,0.0
2009-04-08,1.04870385371263,1.0678401576469714,0.9951205107001557,1.029566764831543,8747247.0,0.0,0.0
2009-04-09,1.0908052124364365,1.4773709476297123,1.0333940261939663,1.4352697134017944,30313532.0,0.0,0.0
2009-04-13,1.4658895204645837,1.9290029379037823,1.3204484925893023,1.5539190769195557,47489372.0,0.0,0.0
2009-04-14,1.5500918011511264,1.5500918011511264,1.1673531031221787,1.2515556812286377,33125612.0,0.0,0.0
2009-04-15,1.2630379774935419,1.3395855883446868,1.190317507339989,1.3357584476470947,17836471.0,0.0,0.0
2009-04-16,1.5386099037723604,1.6075024445513462,1.328103396618086,1.3778597116470337,26197968.0,0.0,0.0
2009-04-17,1.358722174438889,1.5232994538443796,1.2132812890290545,1.4390968084335327,24159492.0,0.0,0.0
2009-04-20,1.4123054258170238,1.4123054258170238,1.186489835121511,1.2209361791610718,15082694.0,0.0,0.0
2009-04-21,1.2209363143946694,1.2821746440741328,1.144388729356546,1.1826621294021606,16077846.0,0.0,0.0
2009-04-22,1.1979719449673092,1.2898286876028542,1.1596977643685775,1.20945405960083,17242361.0,0.0,0.0
2009-04-23,1.255382675600106,1.297483916155983,1.1482159607454454,1.1979721784591675,15390453.0,0.0,0.0
2009-04-24,1.1903172105615683,1.3434123940930693,1.1903172105615683,1.3204481601715088,20116949.0,0.0,0.0
2009-04-27,1.3051387156643122,1.3931684117238032,1.263037480839063,1.328102946281433,13079773.0,0.0,0.0
2009-04-28,1.2898290177198157,1.3548945832060517,1.263037729844486,1.3013111352920532,9442860.0,0.0,0.0
2009-04-29,1.3395854593443397,1.550091870407511,1.3395854593443397,1.4582343101501465,13862170.0,0.0,0.0
2009-04-30,1.4850263288466918,1.6342944769842331,1.4773713507506505,1.4965083599090576,14584162.0,0.0,0.0
2009-05-01,1.4773713921070115,1.8065267378169803,1.4773713921070115,1.6725678443908691,17529285.0,0.0,0.0
2009-05-04,1.638121437868282,1.8141815633635594,1.5883652168533258,1.7108418941497803,13904988.0,0.0,0.0
2009-05-05,1.703186752473665,1.9022110940702006,1.68404974623381,1.8869011402130127,30945490.0,0.0,0.0
2009-05-06,1.9213490078470037,2.3576712118831873,1.9136940273026286,2.0476529598236084,51569764.0,0.0,0.0
2009-05-07,2.0782704849862754,2.2313663718565095,1.6878776218558613,1.8294907808303833,28638060.0,0.0,0.0
2009-05-08,1.8869012016591495,2.1165445862850407,1.8026992436250464,2.097407579421997,21723032.0,0.0,0.0
2009-05-11,2.0553072426370464,2.0897542190048988,1.9404860231261059,2.0476529598236084,13703129.0,0.0,0.0
2009-05-12,2.0591340219390553,2.1816099897108674,1.7644251724412008,1.8869011402130127,19490916.0,0.0,0.0
2009-05-13,1.8524547529795017,1.8677647072463333,1.6266392943357004,1.6342942714691162,18150921.0,0.0,0.0
2009-05-14,1.63429438138549,1.7338061254575121,1.584537986051474,1.6878776550292969,16544455.0,0.0,0.0
2009-05-15,1.6917046234326434,1.7873891256931476,1.6151569518511835,1.6687403917312622,14510758.0,0.0,0.0
2009-05-18,1.6840495380295368,1.7452877759933472,1.6266390497057646,1.7452877759933472,12312859.0,0.0,0.0
2009-05-19,1.7529427519755325,1.8180082162814901,1.672567335705204,1.7452877759933472,10898122.0,0.0,0.0
2009-05-20,1.7682520714351422,1.9251749856915679,1.7682520714351422,1.7988712787628174,10433998.0,0.0,0.0
2009-05-21,1.7950443808482153,1.7950443808482153,1.6802226812174996,1.7108418941497803,11366643.0,0.0,0.0
2009-05-22,1.7146685697951267,1.783561958173753,1.7108415178856098,1.7452877759933472,3962258.0,0.0,0.0
2009-05-26,1.7567704085989426,1.948139622046238,1.6763956703731573,1.9213483333587646,19384252.0,0.0,0.0
2009-05-27,1.925175415294163,1.9787588656420965,1.8715921393789048,1.9290026426315308,15313800.0,0.0,0.0
2009-05-28,1.9864136854319476,1.9864136854319476,1.779734355173322,1.8983839750289917,12889574.0,0.0,0.0
2009-05-29,1.9098661017589367,1.9711036505494997,1.8141814178838762,1.825663447380066,20567692.0,0.0,0.0
2009-06-01,1.8486270958416569,2.02468645377732,1.8256628696832222,1.9404845237731934,12936407.0,0.0,0.0
2009-06-02,1.9328302638996817,1.974931680552249,1.7223238783675003,1.7835623025894165,13651326.0,0.0,0.0
2009-06-03,1.7797054384080926,1.8569158563568309,1.5596545948257519,1.5944000482559204,20565016.0,0.02093,0.0
2009-06-04,1.6561676452540453,1.6716101836863635,1.6059812427530618,1.6368656158447266,8195957.0,0.0,0.0
2009-06-05,1.71793622810908,1.7565418667465735,1.6291441917419434,1.6291441917419434,10171542.0,0.0,0.0
2009-06-08,1.6407256096836191,1.6947728982935546,1.6021199762430305,1.660028338432312,6460462.0,0.0,0.0
2009-06-09,1.6677498239347623,1.714076027102413,1.6291441854464521,1.6831916570663452,7054571.0,0.0,0.0
2009-06-10,1.6986332681000906,1.7179359968487837,1.6291439724344032,1.660028338432312,8317340.0,0.0,0.0
2009-06-11,1.7024944956383312,1.7024944956383312,1.6291442881230107,1.652307391166687,7430955.0,0.0,0.0
2009-06-12,1.6407258305502235,1.6484470990323032,1.60212019191273,1.6291441917419434,4965248.0,0.0,0.0
2009-06-15,1.6175628945607772,1.6330047293337095,1.57509688124737,1.5828181505203247,5608675.0,0.0,0.0
2009-06-16,1.5866785535479513,1.6137018529224203,1.5171885362224424,1.5403523445129395,11244495.0,0.0,0.0
2009-06-17,1.5017461752978576,1.5557936348382875,1.4476988917006142,1.486304521560669,7809250.0,0.0,0.0
2009-06-18,1.4708624701857227,1.4785838278763772,1.370488954873692,1.4245363473892212,11977000.0,0.0,0.0
2009-06-19,1.4785833981393957,1.5094675883230206,1.3859302997589111,1.3859302997589111,10732391.0,0.0,0.0
2009-06-22,1.366627703518129,1.412954521117745,1.3511858708429743,1.3550461530685425,9038376.0,0.0,0.0
2009-06-23,1.3589071756325948,1.4090935730353185,1.3357440741101474,1.3627674579620361,9284010.0,0.0,0.0
2009-06-24,1.385930471512871,1.4399779429895485,1.3550461895302535,1.3627674579620361,8046282.0,0.0,0.0
2009-06-25,1.3820702406820038,1.4283963545327332,1.3511858715428169,1.4168148040771484,6377309.0,0.0,0.0
2009-06-26,1.4283963340034707,1.494025177622958,1.4052332334252065,1.4399778842926025,6130719.0,0.0,0.0
2009-06-29,1.4438389476140185,1.4863048688742417,1.4013730263537953,1.4515594244003296,6566361.0,0.0,0.0
2009-06-30,1.4322572063455112,1.4901648652264774,1.3743488436917293,1.3782098293304443,8857353.0,0.0,0.0
2009-07-01,1.3820699368568647,1.439977588433143,1.3357437452185696,1.4129542112350464,5506981.0,0.0,0.0
2009-07-02,1.4090936497410866,1.4090936497410866,1.2739754915237427,1.2739754915237427,7158750.0,0.0,0.0
2009-07-06,1.2585329892095702,1.3434647496805177,1.2546727065614385,1.2816967964172363,5964606.0,0.0,0.0
2009-07-07,1.300998862271983,1.300998862271983,1.2237884566571504,1.2353699207305908,9667658.0,0.0,0.0
2009-07-08,1.273975402738889,1.285556953323437,1.212206751744318,1.2276484966278076,7703542.0,0.0,0.0
2009-07-09,1.2276484923056081,1.2623938477098129,1.2122067474764844,1.2315095663070679,10854156.0,0.0,0.0
2009-07-10,1.2044854791896737,1.2469513111361914,1.19676491467575,1.2315095663070679,4458879.0,0.0,0.0
2009-07-13,1.2199281393809966,1.2816967964172363,1.2199281393809966,1.2816967964172363,11450560.0,0.0,0.0
2009-07-14,1.2855570280548,1.424536170978109,1.273975476796999,1.3473256826400757,12440360.0,0.0,0.0
2009-07-15,1.5905387022800457,1.7719838661310485,1.5287708358921805,1.737239122390747,45175824.0,0.0,0.0
2009-07-16,1.7333793738955388,1.8376132800644536,1.6638893406953477,1.7604026794433594,21095470.0,0.0,0.0
2009-07-17,1.799007962145666,1.8723581760194041,1.741099583715317,1.8453341722488403,18731267.0,0.0,0.0
2009-07-20,1.856915338485743,1.9843130116041554,1.853055144159922,1.949568271636963,14475968.0,0.0,0.0
2009-07-21,1.9495685256238267,1.9997551050918783,1.864636849775596,1.9109630584716797,15721151.0,0.0,0.0
2009-07-22,1.8800778620342835,2.0885469415440245,1.856914767822333,2.026778221130371,23342496.0,0.0,0.0
2009-07-23,2.015197759310122,2.3819481347811076,2.015197759310122,2.192781686782837,39527580.0,0.0,0.0
2009-07-24,2.235246773748928,2.2506893081762223,2.1271520237922243,2.239107847213745,13876889.0,0.0,0.0
2009-07-27,2.2738529840747113,2.5518112848107837,2.196642579572347,2.517066717147827,19019911.0,0.0,0.0
2009-07-28,2.50162410736084,2.517066645272779,2.4128320655441264,2.50162410736084,13718421.0,0.0,0.0
2009-07-29,2.4514375247951574,2.49004245916684,2.3973902295997087,2.4166922569274902,10325613.0,0.0,0.0
2009-07-30,2.4514373149261104,2.625161000243496,2.4166920500330065,2.5672526359558105,18324680.0,0.0,0.0
2009-07-31,2.5556714291558085,2.787303501865949,2.4939033925332352,2.702371835708618,19401074.0,0.0,0.0
2009-08-03,2.7409775669759275,3.0807037152498697,2.7293959277606037,3.069122076034546,22644781.0,0.0,0.0
2009-08-04,3.0459593144588055,3.0459593144588055,2.8645143273646436,2.8876774311065674,21243615.0,0.0,0.0
2009-08-05,2.8992578029499256,2.9803292513110304,2.806605598824541,2.9301421642303467,14546313.0,0.0,0.0
2009-08-06,2.9417237256226487,3.003492274379012,2.79888442947086,2.8259084224700928,17017372.0,0.0,0.0
2009-08-07,2.8799560162257003,3.1308900645859796,2.841350385527772,2.988050937652588,27768114.0,0.0,0.0
2009-08-10,2.9996324956189695,3.2158223581791594,2.9340035684400023,3.1386117935180664,15476090.0,0.0,0.0
2009-08-11,3.146333013447773,3.1579146539926635,2.934004344337465,2.957167625427246,16814175.0,0.0,0.0
2009-08-12,2.9610278128965635,3.115449334551191,2.930143438188337,3.0575411319732666,18387953.0,0.0,0.0
2009-08-13,3.0884242052466075,3.161774212383091,3.0073527558003117,3.1270296573638916,15641248.0,0.0,0.0
2009-08-14,3.1849385367925995,3.188798731394393,3.069122142144631,3.1540541648864746,14159607.0,0.0,0.0
2009-08-17,3.0420989716254163,3.053680610904143,2.883816920035955,2.980330228805542,15597665.0,0.0,0.0
2009-08-18,3.0189359568605716,3.1270309143541506,3.0150750582105,3.0420992374420166,15990870.0,0.0,0.0
2009-08-19,2.9533063977986003,3.045959522879067,2.937864738114951,2.999633312225342,14162474.0,0.0,0.0
2009-08-20,3.015075031262455,3.088425419114775,3.015075031262455,3.0807039737701416,15275951.0,0.0,0.0
2009-08-21,3.111588460974937,3.200380687092229,3.111588460974937,3.150193929672241,14362040.0,0.0,0.0
2009-08-24,3.1617752578630056,3.235125641140052,3.1154490518902906,3.1540541648864746,12430228.0,0.0,0.0
2009-08-25,3.19265998387556,3.2582889295686845,3.1694970542633767,3.2235443592071533,11533712.0,0.0,0.0
2009-08-26,3.2158228337798707,3.3856861715333157,3.18879865710512,3.347080707550049,27073648.0,0.0,0.0
2009-08-27,3.2891723881713633,3.3895458762508115,3.242845486199285,3.385685682296753,15258174.0,0.0,0.0
2009-08-28,3.451314294908174,3.5594092166957734,3.4397326584431047,3.5169432163238525,21498234.0,0.0,0.0
2009-08-31,3.466756673410594,3.4744777656087718,3.2428457034363247,3.335498809814453,17551459.0,0.0,0.0
2009-09-01,3.32005652274816,3.4281514468366883,3.1656346999268505,3.2003796100616455,16806719.0,0.0,0.0
2009-09-02,3.1887986627064273,3.1887986627064273,3.003493139034176,3.069122076034546,13585569.0,0.0,0.0
2009-09-03,3.142472457731597,3.192659560998,2.9571672859458102,3.069122076034546,13365549.0,0.0,0.0
2009-09-04,3.072984289471359,3.150194538002941,3.061401942852499,3.130891799926758,11075323.0,0.0,0.0
2009-09-08,3.177216467111534,3.2351250049339404,3.0729827880859375,3.0729827880859375,17089820.0,0.0,0.0
2009-09-09,3.119547663009298,3.181628106186023,3.0962673641939555,3.1467080116271973,17168767.0,0.02093,0.0
2009-09-10,3.169986922047212,3.2941481076845593,3.1428269389890677,3.2902677059173584,18508189.0,0.0,0.0
2009-09-11,3.3019080278751196,3.4377093651283137,3.2320678655886392,3.2437076568603516,19535838.0,0.0,0.0
2009-09-14,3.1816265905680887,3.3911488264327647,3.1234265785826003,3.367868185043335,18242866.0,0.0,0.0
2009-09-15,3.3562281910740217,3.554110291913657,3.301907870952735,3.5153098106384277,17293591.0,0.0,0.0
2009-09-16,3.515310896436298,4.004195696853206,3.5036707484583576,3.8761544227600098,27013626.0,0.0,0.0
2009-09-17,3.845112130408254,4.163274249789907,3.728711061742406,3.779151678085327,23406151.0,0.0,0.0
2009-09-18,3.8295934568777676,3.876154402206784,3.7713930709608174,3.8063135147094727,10251636.0,0.0,0.0
2009-09-21,3.755870686291424,3.864512367463224,3.6472300661115336,3.779151678085327,13509489.0,0.0,0.0
2009-09-22,3.748110280125718,4.02359215677919,3.6743897530167695,3.9343514442443848,19354623.0,0.0,0.0
2009-09-23,3.953754376787814,3.9925541560577176,3.833473221997878,3.8489930629730225,17611290.0,0.0,0.0
2009-09-24,3.876153083496273,3.9188332576713276,3.5579898560239305,3.6317107677459717,16282955.0,0.0,0.0
2009-09-25,3.6006724592083525,3.6976733610876984,3.554112210211664,3.6394729614257812,8341426.0,0.0,0.0
2009-09-28,3.678271488474535,3.9421140799140066,3.616191419622061,3.8722732067108154,11029063.0,0.0,0.0
2009-09-29,4.597839623914263,4.671559481770385,4.372797526337067,4.555159091949463,50873769.0,0.0,0.0
2009-09-30,4.539638110454416,5.005242100833747,4.539638110454416,4.853920936584473,45104715.0,0.0,0.0
2009-10-01,4.8500414148495,4.8500414148495,4.512478971485272,4.714240074157715,26543002.0,0.0,0.0
2009-10-02,4.578438540911917,4.6288784530021125,4.458157417501794,4.593958377838135,23468849.0,0.0,0.0
2009-10-05,4.593959760816663,4.900482556257787,4.551279223844921,4.896602153778076,20290517.0,0.0,0.0
2009-10-06,4.92764282261212,5.1138841152879975,4.8422820975116325,5.001363754272461,31713933.0,0.0,0.0
2009-10-07,4.970322498922421,5.082843901391523,4.884961434980343,5.044043064117432,12508602.0,0.0,0.0
2009-10-08,5.094483326749715,5.292364717950088,5.08284353616713,5.2729644775390625,14070529.0,0.0,0.0
2009-10-09,5.203124887226373,5.342805926101679,5.175964194022745,5.276845455169678,9348429.0,0.0,0.0
2009-10-12,5.249683834099113,5.253563527993601,5.02464178303581,5.137163162231445,22778016.0,0.0,0.0
2009-10-13,5.129404241298361,5.300126031058373,5.036283425822031,5.102243900299072,34599034.0,0.0,0.0
2009-10-14,5.187604158781937,5.284605014379235,5.102243448296002,5.230284690856934,15662466.0,0.0,0.0
2009-10-15,5.152684077798955,5.195364256215584,4.993602448253179,5.117763996124268,13403207.0,0.0,0.0
2009-10-16,5.121643677673446,5.1837244514495024,4.958682353839411,5.044043064117432,14512096.0,0.0,0.0
2009-10-19,5.222525064390333,5.478606847901959,5.059563029192588,5.455326557159424,23734746.0,0.0,0.0
2009-10-20,5.474727748623175,5.501887383448962,5.261325413934467,5.307885646820068,19353667.0,0.0,0.0
2009-10-21,5.27296395081442,5.494126315743831,5.234164181196199,5.338924407958984,15563448.0,0.0,0.0
2009-10-22,5.36608526684291,5.435925420248337,5.218643803402989,5.40876579284668,14164194.0,0.0,0.0
2009-10-23,5.451447546172199,5.455327241451875,5.11388399539107,5.129404544830322,10787252.0,0.0,0.0
2009-10-26,5.129402983816944,5.203123891313643,4.706479899635683,4.764679908752441,19784148.0,0.0,0.0
2009-10-27,4.729759620548416,4.850040388481597,4.489197731018066,4.489197731018066,18254335.0,0.0,0.0
2009-10-28,4.477557674775626,4.477557674775626,4.004194298020692,4.035233974456787,29158574.0,0.0,0.0
2009-10-29,4.0779138308399885,4.322356126614925,4.031353612484378,4.260275363922119,24546581.0,0.0,0.0
2009-10-30,4.225357179855542,4.248637476285683,3.775273217193566,3.8101940155029297,21749985.0,0.0,0.0
2009-11-02,3.8295917727507605,3.973153533917104,3.6976708617096614,3.7869112491607666,17843544.0,0.0,0.0
2009-11-03,3.7869133940417585,4.120596615567389,3.755872995667973,4.0895562171936035,23558883.0,0.0,0.0
2009-11-04,4.108952822957532,4.136113501116656,3.90331107339267,3.9343514442443848,14333366.0,0.0,0.0
2009-11-05,3.942112656480773,4.167154681548318,3.9343522085962985,4.143873691558838,15313226.0,0.0,0.0
2009-11-06,4.004194950872295,4.120595347973887,3.969274159780068,4.0817952156066895,10252974.0,0.0,0.0
2009-11-09,4.155516676910218,4.333997874762483,4.147756225035457,4.330118179321289,11248318.0,0.0,0.0
2009-11-10,4.36891649166356,4.427117562306248,4.209835592913842,4.314596176147461,10561498.0,0.0,0.0
2009-11-11,4.415477994736645,4.458158172422965,4.2641568181861595,4.357276916503906,8886026.0,0.0,0.0
2009-11-12,4.337877282925913,4.419358308741479,4.147755950348558,4.171036243438721,13731037.0,0.0,0.0
2009-11-13,4.221477233454465,4.299077863283063,4.163276142170787,4.190436840057373,12380146.0,0.0,0.0
2009-11-16,4.21371701694541,4.473679265182934,4.1943167699879496,4.462039470672607,9913101.0,0.0,0.0
2009-11-17,4.458157374937355,4.49307780343192,4.333996205065112,4.427117347717285,9101649.0,0.0,0.0
2009-11-18,4.427118507034089,4.462038591009088,4.349517888166881,4.4503984451293945,8912405.0,0.0,0.0
2009-11-19,4.399960056053453,4.399960056053453,4.19043838439851,4.225358486175537,7163529.0,0.0,0.0
2009-11-20,4.167155782593575,4.202075862148605,4.008074162704089,4.027474403381348,8224056.0,0.0,0.0
2009-11-23,4.151634400803929,4.275795562484901,4.050753876914097,4.062393665313721,10818793.0,0.0,0.0
2009-11-24,4.0934345727944415,4.1322343440225815,4.011953567826505,4.054634094238281,7115358.0,0.0,0.0
2009-11-25,4.070155058344771,4.186555445004572,4.042994366895273,4.1205949783325195,5176092.0,0.0,0.0
2009-11-27,3.9071938802601967,4.054634658292573,3.8024325735848556,4.004194736480713,3672276.0,0.0,0.0
2009-11-30,3.9809123555941905,4.027473273825043,3.7713908760348773,3.8373513221740723,20882333.0,0.0,0.0
2009-12-01,3.899432869922538,3.9498727844922064,3.7558710999060487,3.8839123249053955,12770675.0,0.0,0.0
2009-12-02,3.895554388971912,3.914954637727868,3.736473410165622,3.8295938968658447,13309541.0,0.0,0.0
2009-12-03,3.8567536964612934,3.9576342590618565,3.8140731591837396,3.821833610534668,10163323.0,0.0,0.0
2009-12-04,3.953754408196528,4.015834833582526,3.7830326194728827,3.992554187774658,13198098.0,0.0,0.0
2009-12-07,3.980913633784897,4.302956581115723,3.980913633784897,4.302956581115723,16589376.0,0.0,0.0
2009-12-08,4.287437572012773,4.656040816588428,4.275797424879127,4.578440189361572,34459682.0,0.0,0.0
2009-12-09,4.590121669331314,4.757531359971196,4.457751926001724,4.67188024520874,18609119.0,0.02093,0.0
2009-12-10,4.6796667666512946,5.193573103016727,4.6796667666512946,4.998911380767822,28405233.0,0.0,0.0
2009-12-11,4.9872317606657885,5.174106622185438,4.948299630924409,5.123495101928711,15132203.0,0.0,0.0
2009-12-14,5.216931924792746,5.508924115795415,5.216931924792746,5.384341239929199,17922108.0,0.0,0.0
2009-12-15,5.376555152634507,5.477779973512931,5.3570889091708205,5.411594390869141,12321461.0,0.0,0.0
2009-12-16,5.431060634332827,5.505032004627574,5.345409163092609,5.411594390869141,16665838.0,0.0,0.0
2009-12-17,5.3726618548540985,5.598469552320508,5.294797241721029,5.50892448425293,14541152.0,0.0,0.0
2009-12-18,5.516711204532894,5.614042057347984,5.380448578379325,5.442739486694336,10617698.0,0.0,0.0
2009-12-21,5.505030781239389,5.5478565073422965,5.427166534423008,5.462205410003662,16525722.0,0.0,0.0
2009-12-22,5.423272996525144,5.610148906707764,5.392127721229121,5.610148906707764,10824336.0,0.0,0.0
2009-12-23,5.7464113796311755,6.030618130897192,5.742518486469152,6.0033650398254395,20766302.0,0.0,0.0
2009-12-24,6.007258570128007,6.13184252027671,6.007258570128007,6.085123538970947,4422177.0,0.0,0.0
2009-12-28,6.11237572956016,6.225280285672869,5.882675143352054,5.929393768310547,7113447.0,0.0,0.0
2009-12-29,5.956647826756891,6.050085097383052,5.839851061040538,5.863210201263428,6123455.0,0.0,0.0
2009-12-30,5.839849726255678,5.8476362228393555,5.761985115286128,5.8476362228393555,7384122.0,0.0,0.0
2009-12-31,5.839850556770566,5.89824857971878,5.765878828705736,5.781452178955078,4127799.0,0.0,0.0
2010-01-04,5.828170697825147,6.100697047153283,5.746412473646167,5.976113796234131,16230005.0,0.0,0.0
2010-01-05,5.995580529422253,6.38101043762843,5.90214290064284,6.322612762451172,17576118.0,0.0,0.0
2010-01-06,6.295358844062653,6.501699966526352,6.271999351187313,6.39658260345459,10921061.0,0.0,0.0
2010-01-07,6.345971041559463,6.579564562541955,6.345971041559463,6.571778774261475,11562385.0,0.0,0.0
2010-01-08,6.513378646309362,6.595137217305679,6.462767481878763,6.525058746337891,10226786.0,0.0,0.0
2010-01-11,6.532846302626115,6.746973934042664,6.490020918289721,6.715827941894531,12057094.0,0.0,0.0
2010-01-12,6.6184959222599,6.684680782119686,6.314823293835216,6.38490104675293,16120665.0,0.0,0.0
2010-01-13,6.392689486248384,6.509486236811489,6.127949995709474,6.404368877410889,8235908.0,0.0,0.0
2010-01-14,6.369331987020735,6.45887637973157,6.295360593888718,6.314826488494873,8131920.0,0.0,0.0
2010-01-15,6.314824256221062,6.3849020198187,5.983899196754427,6.268105983734131,14042620.0,0.0,0.0
2010-01-19,6.264211825446749,6.509485395780424,6.244745229711656,6.349862575531006,10010017.0,0.0,0.0
2010-01-20,6.271999009669788,6.322611596344381,6.131842769783951,6.2136006355285645,10525370.0,0.0,0.0
2010-01-21,6.217493339257281,6.361543178208815,6.069550606691397,6.116269588470459,10922972.0,0.0,0.0
2010-01-22,6.08901578673393,6.28367747846064,5.964433269267614,6.0033650398254395,11232643.0,0.0,0.0
2010-01-25,6.05397808239616,6.279785802110614,6.05397808239616,6.244746208190918,10332877.0,0.0,0.0
2010-01-26,6.217494398973365,6.3342918733281,6.127950733236634,6.166882514953613,10677912.0,0.0,0.0
2010-01-27,6.307037066517679,6.6146026010954095,6.0656571043520735,6.283677577972412,11089659.0,0.0,0.0
2010-01-28,6.322612762451172,6.369331044539905,6.073445515794527,6.322612762451172,13061613.0,0.0,0.0
2010-01-29,6.369329524414572,6.53284524703651,6.194134411491549,6.287570953369141,19411778.0,0.0,0.0
2010-02-01,5.952752862117332,6.007258338203071,5.497244941175548,5.8476362228393555,43238661.0,0.0,0.0
2010-02-02,5.839850484839223,5.968327340291532,5.7892382504709055,5.870996475219727,15967358.0,0.0,0.0
2010-02-03,5.85152878607826,5.987792113736424,5.66854683642146,5.688013076782227,12625398.0,0.0,0.0
2010-02-04,5.50113819058599,5.540069961266439,5.216931793292002,5.3181562423706055,20821928.0,0.0,0.0
2010-02-05,5.360982357450957,5.372662103190867,4.971659273790204,5.267544746398926,16243195.0,0.0,0.0
2010-02-08,5.267545443309946,5.399915202807318,5.115709438337286,5.325943470001221,13831967.0,0.0,0.0
2010-02-09,5.341516672019133,5.614043036457531,5.341516672019133,5.438847541809082,14686812.0,0.0,0.0
2010-02-10,5.450527128079354,5.567324239357419,5.294797882953452,5.415488243103027,9546657.0,0.0,0.0
2010-02-11,5.419379130649368,5.563428575828217,5.3493013866421295,5.532283306121826,7728201.0,0.0,0.0
2010-02-12,5.442741822196709,5.598471821312779,5.353197782439721,5.563432216644287,10436292.0,0.0,0.0
2010-02-16,5.571216484357757,5.793131289315258,5.555643845553079,5.7619853019714355,8544050.0,0.0,0.0
2010-02-17,5.7658784235961225,5.86710288646756,5.758091926452166,5.820383548736572,8069221.0,0.0,0.0
2010-02-18,5.8087039300892735,5.999472747767629,5.76977180076353,5.944967269897461,8427445.0,0.0,0.0
2010-02-19,5.913823458439889,6.034513848976985,5.882677459625835,5.972221851348877,7988554.0,0.0,0.0
2010-02-22,5.980007255585248,6.007259644687863,5.761986368427828,5.824278354644775,7127592.0,0.0,0.0
2010-02-23,5.804811034569191,5.88267529319428,5.71915956937368,5.7619853019714355,6864563.0,0.0,0.0
2010-02-24,5.800916635955044,5.843742365301057,5.742518623853987,5.839849472045898,6051581.0,0.0,0.0
2010-02-25,5.742519331429848,5.9761135378200905,5.664654714255517,5.9644341468811035,9358943.0,0.0,0.0
2010-02-26,5.9644326848831115,6.034510432808621,5.843741652935121,5.898246765136719,11942210.0,0.0,0.0
2010-03-01,5.9255012793047515,6.244745888901114,5.9255012793047515,6.201920509338379,8222527.0,0.0,0.0
2010-03-02,6.205814842793769,6.299252110079557,6.170775956278421,6.209707736968994,6359532.0,0.0,0.0
2010-03-03,6.268255470299364,6.377540557757176,6.225322398843419,6.272159576416016,7206730.0,0.02093,0.0
2010-03-04,6.299479781001596,6.342413563976789,6.139455544412281,6.272159576416016,6226870.0,0.0,0.0
2010-03-05,6.33070512709651,6.397056442430948,6.276063285950129,6.350220680236816,9743164.0,0.0,0.0
2010-03-08,6.361928092056308,6.393152401235345,6.303382156586006,6.307286262512207,5125054.0,0.0,0.0
2010-03-09,6.2916749017635,6.326802613754257,6.213614821658294,6.268256664276123,5791802.0,0.0,0.0
2010-03-10,6.248738960889297,6.38924760995655,6.23312680971304,6.276060581207275,4945559.0,0.0,0.0
2010-03-11,6.233129476355504,6.369735501830684,6.198002476940507,6.358026027679443,3877003.0,0.0,0.0
2010-03-12,6.397054292807986,6.412666445466282,6.158970032047654,6.205805778503418,6681819.0,0.0,0.0
2010-03-15,6.077009503594338,6.2916749017635,6.077009503594338,6.268256664276123,6695009.0,0.0,0.0
2010-03-16,6.252644928336214,6.490729264502658,6.252644928336214,6.40876579284668,9253999.0,0.0,0.0
2010-03-17,6.432182326920093,6.572691723702896,6.400958016523914,6.549273490905762,8009390.0,0.0,0.0
2010-03-18,6.514145087147077,6.572690300705161,6.3307026590447215,6.400956630706787,11734234.0,0.0,0.0
2010-03-19,6.268256664276123,6.49463224846805,6.264353980454586,6.268256664276123,15487751.0,0.0,0.0
2010-03-22,6.248741533175793,6.436086712892222,6.1433605366346935,6.40876579284668,7433631.0,0.0,0.0
2010-03-23,6.436085530427459,6.5570793738613915,6.318995081436798,6.52585506439209,5890438.0,0.0,0.0
2010-03-24,6.475117239098484,6.49463208074096,6.358026054685538,6.459505081176758,6281732.0,0.0,0.0
2010-03-25,6.486824363546204,6.619527672366935,6.428279141884887,6.439988613128662,6400248.0,0.0,0.0
2010-03-26,6.463405861513155,6.592205770677907,6.3736370471779615,6.455599784851074,5058532.0,0.0,0.0
2010-03-29,6.5063402267333865,6.635140147534646,6.447795002238057,6.52585506439209,5649965.0,0.0,0.0
2010-03-30,6.529755516203195,6.603913581613772,6.510240685212397,6.580495357513428,5346602.0,0.0,0.0
2010-03-31,6.557081224054037,6.592208226359076,6.412669107769778,6.447796821594238,6312699.0,0.0,0.0
2010-04-01,6.41657141132939,6.557080108156913,6.4087653330879,6.518049716949463,5051650.0,0.0,0.0
2010-04-05,6.553175372145971,6.752229970807091,6.525854459651727,6.728811740875244,5366482.0,0.0,0.0
2010-04-06,6.693686093509152,6.845904278999576,6.646850330797721,6.767844200134277,7992950.0,0.0,0.0
2010-04-07,6.7171037266852,6.959090706448887,6.681976022131722,6.83809757232666,12124954.0,0.0,0.0
2010-04-08,6.791261827039866,6.986413094393368,6.681977430390433,6.943480014801025,8375451.0,0.0,0.0
2010-04-09,6.935674647165493,7.033250280842244,6.8966435398715324,6.943480014801025,6505574.0,0.0,0.0
2010-04-12,6.9473822139908386,7.0839875084031245,6.8302910468269715,7.068376064300537,7699336.0,0.0,0.0
2010-04-13,7.005926520390983,7.041053510160597,6.8927387627787065,6.9239630699157715,6911969.0,0.0,0.0
2010-04-14,7.013733615933879,7.06837616136068,6.9395762314714275,7.017636299133301,9201240.0,0.0,0.0
2010-04-15,6.998121339749194,7.240109039529948,6.931770034345917,7.080084800720215,11769597.0,0.0,0.0
2010-04-16,7.388424424438226,7.685054722105025,7.025443520943069,7.041055679321289,33256553.0,0.0,0.0
2010-04-19,7.068377022111289,7.134728336735548,6.736619737470636,6.9512858390808105,16040380.0,0.0,0.0
2010-04-20,7.025442968546526,7.232303695033206,7.025442968546526,7.193272590637207,11603101.0,0.0,0.0
2010-04-21,7.224495716875728,7.310362567083662,7.138629578187008,7.189368724822998,10557102.0,0.0,0.0
2010-04-22,7.138629684134315,7.16204862787599,6.95518793233729,7.1347270011901855,6880238.0,0.0,0.0
2010-04-23,7.142533078597669,7.185466148579216,7.025441917485416,7.1347270011901855,7015193.0,0.0,0.0
2010-04-26,7.165951726622666,7.357199566924283,7.1074064984290795,7.28694486618042,11795212.0,0.0,0.0
2010-04-27,7.20498401292137,7.244013700980358,6.818584124373993,6.853711128234863,12128395.0,0.0,0.0
2010-04-28,6.896642414941895,6.97080051057716,6.6468493457677775,6.791260719299316,10105403.0,0.0,0.0
2010-04-29,6.861515104462175,6.881030654027802,6.748327336146934,6.830290794372559,10342244.0,0.0,0.0
2010-04-30,6.845903323765408,6.892739791460946,6.568789335364992,6.642946720123291,10415074.0,0.0,0.0
2010-05-03,6.6897825029927915,6.791260805218764,6.635140668649242,6.748327732086182,11582648.0,0.0,0.0
2010-05-04,6.600011579503734,6.623429808539637,6.4204725350809415,6.471212387084961,9956684.0,0.0,0.0
2010-05-05,6.350220660271099,6.518050289937742,6.21361463479592,6.358026027679443,7757639.0,0.0,0.0
2010-05-06,6.276061901929621,6.397055031728585,5.511068823626073,6.080910682678223,17822134.0,0.0,0.0
2010-05-07,6.049686651454603,6.096522405470249,5.593032891287558,5.874050617218018,22335683.0,0.0,0.0
2010-05-10,6.248742076535641,6.260450839996338,6.053590801048327,6.260450839996338,20126315.0,0.0,0.0
2010-05-11,6.12774821309535,6.740523674772358,6.12774821309535,6.4751176834106445,15519674.0,0.0,0.0
2010-05-12,6.498535976262353,6.693687275154988,6.416573199168504,6.662463665008545,9187477.0,0.0,0.0
2010-05-13,6.666365696627357,6.666365696627357,6.37363948847425,6.416572570800781,8293828.0,0.0,0.0
2010-05-14,6.338513329311256,6.377543021246012,6.037979578473062,6.151167392730713,8687034.0,0.0,0.0
2010-05-17,6.166777778717383,6.420474260852534,6.080911627358073,6.318995952606201,9673775.0,0.0,0.0
2010-05-18,6.420472266611918,6.502436420569848,6.014558448186749,6.073102951049805,8767319.0,0.0,0.0
2010-05-19,6.014559586893022,6.05749265736569,5.737444191516991,5.971625804901123,10404369.0,0.0,0.0
2010-05-20,5.77647584227292,6.022365899013511,5.678900213993196,5.807700157165527,13660884.0,0.0,0.0
2010-05-21,5.674997417094054,5.870148694225107,5.612549492245321,5.690609931945801,16231343.0,0.0,0.0
2010-05-24,5.667190340772373,5.838923694039084,5.6125481527508905,5.71402645111084,9136821.0,0.0,0.0
2010-05-25,5.475942218145569,5.7413481511973625,5.436911473478433,5.7374444007873535,10512754.0,0.0,0.0
2010-05-26,5.831117655142343,6.034074977114018,5.768669029452813,5.819408893585205,10629932.0,0.0,0.0
2010-05-27,6.018462558801287,6.198001638326836,5.9482082137172965,6.190195560455322,6134925.0,0.0,0.0
2010-05-28,6.194098978520256,6.264353687699136,6.049687588042697,6.065299034118652,7188762.0,0.0,0.0
2010-06-01,5.967721879408356,5.995043503975726,5.667189701320641,5.674995422363281,10637769.0,0.0,0.0
2010-06-02,5.757189794183547,5.815896204210305,5.6476028068916895,5.792413711547852,11095203.0,0.02093,0.0
2010-06-03,5.843293342232291,5.905914282946737,5.663259207902156,5.811983585357666,6571905.0,0.0,0.0
2010-06-04,5.6123802777547676,5.675001224987321,5.34624267898176,5.37363862991333,12354531.0,0.0,0.0
2010-06-07,5.455829789144439,5.65543301783075,5.275794895888142,5.5928120613098145,23412841.0,0.0,0.0
2010-06-08,5.608465472525648,5.796327198686832,5.510620622816411,5.682827472686768,16061980.0,0.0,0.0
2010-06-09,5.772845624293307,5.913742030514994,5.643690287972339,5.686741828918457,12966609.0,0.0,0.0
2010-06-10,5.839379282901141,6.038982440446415,5.804155364153746,6.035068988800049,5947593.0,0.0,0.0
2010-06-11,5.941137689088557,6.289466284802553,5.941137689088557,6.277723789215088,7767961.0,0.0,0.0
2010-06-14,6.422532894604697,6.422532894604697,6.160308886733784,6.175963401794434,8919096.0,0.0,0.0
2010-06-15,6.281638059528817,6.516465143766588,6.250327591368434,6.500810623168945,5281609.0,0.0,0.0
2010-06-16,6.414706322825781,6.492982486967993,6.309033857975042,6.446016788482666,6949436.0,0.0,0.0
2010-06-17,6.504724331401656,6.504724331401656,6.28163830718741,6.422535419464111,6378074.0,0.0,0.0
2010-06-18,6.434277219475474,6.579087086648467,6.406880198902284,6.51646614074707,5191958.0,0.0,0.0
2010-06-21,6.633879401792668,6.7395518751313075,6.434276237421098,6.481241226196289,6677996.0,0.0,0.0
2010-06-22,6.4812403726791015,6.5712576000774225,6.391223858763236,6.395137310028076,7715584.0,0.0,0.0
2010-06-23,6.38730852620192,6.422533148557513,6.152480802254713,6.215101718902588,8519200.0,0.0,0.0
2010-06-24,6.156397161390606,6.172053111431544,5.815897549954735,5.847208023071289,9190344.0,0.0,0.0
2010-06-25,5.870690093361245,5.886344971086104,5.729793339907247,5.823724746704102,7488110.0,0.0,0.0
2010-06-28,5.804155010807311,5.980275307304929,5.792413586359222,5.8511199951171875,5963077.0,0.0,0.0
2010-06-29,5.729792363085218,5.7611028266796565,5.416688797364501,5.494964599609375,9492178.0,0.0,0.0
2010-06-30,5.428430868439563,5.600637725258604,5.232741161124851,5.267965793609619,8805932.0,0.0,0.0
2010-07-01,5.209258910346139,5.287534368833511,4.907896361744452,5.228827953338623,15035670.0,0.0,0.0
2010-07-02,5.2562233328366625,5.291448319904502,5.095758624579467,5.138810157775879,6888648.0,0.0,0.0
2010-07-06,5.224913937651188,5.365810318510117,5.076189583698715,5.138810157775879,7631476.0,0.0,0.0
2010-07-07,5.17012079053913,5.5458446039053335,5.166206625495038,5.54193115234375,9889780.0,0.0,0.0
2010-07-08,5.620206448082019,5.686740830632325,5.5458444491444725,5.671086311340332,6452242.0,0.0,0.0
2010-07-09,5.674999050222411,5.823723386164465,5.608464676026365,5.808067798614502,5851060.0,0.0,0.0
2010-07-12,5.788499697933448,5.8472068229778085,5.60063761127401,5.721965312957764,7721510.0,0.0,0.0
2010-07-13,5.83546545901078,5.83546545901078,5.698482174181933,5.765016555786133,6591785.0,0.0,0.0
2010-07-14,5.741534466078863,5.858948361705258,5.628034735605988,5.780672550201416,10424058.0,0.0,0.0
2010-07-15,5.784585329076892,5.937223482660493,5.725878923203636,5.913740634918213,8908200.0,0.0,0.0
2010-07-16,5.725879255349288,5.745447582787192,5.2405684674885675,5.283620357513428,24582709.0,0.0,0.0
2010-07-19,5.236654589988887,5.47930960743547,5.220999001785077,5.475396156311035,12939656.0,0.0,0.0
2010-07-20,5.338413547251574,5.553672293244292,5.291448560484949,5.526275634765625,10749212.0,0.0,0.0
2010-07-21,5.5771552315042,5.612379150506438,5.236655326282061,5.267965793609619,9497339.0,0.0,0.0
2010-07-22,5.385378998179539,5.4323450561067546,5.209258688956028,5.275793075561523,11586471.0,0.0,0.0
2010-07-23,5.311017651086721,5.538016754005054,5.279707183966081,5.502792835235596,10768328.0,0.0,0.0
2010-07-26,5.51453407433318,5.796327198686832,5.4793101567522555,5.682827472686768,10442409.0,0.0,0.0
2010-07-27,5.7493621879428245,5.776758490587871,5.5106209406573,5.569327354431152,7770255.0,0.0,0.0
2010-07-28,5.553672767491392,5.624120967139659,5.389293516065005,5.4401726722717285,5532022.0,0.0,0.0
2010-07-29,5.4949641806159875,5.549757130987047,5.127068401880882,5.185774803161621,12080224.0,0.0,0.0
2010-07-30,5.0957582680239595,5.19751656000125,5.0409649573917985,5.1583781242370605,7546604.0,0.0,0.0
2010-08-02,5.287535144165102,5.424518465198879,5.209259674199897,5.3579840660095215,8176459.0,0.0,0.0
2010-08-03,5.3149318881182,5.3149318881182,5.170121669769287,5.170121669769287,5325957.0,0.0,0.0
2010-08-04,5.213173427290399,5.267966394623604,5.150552485490957,5.248397350311279,7200231.0,0.0,0.0
2010-08-05,5.181863203438203,5.228828555285571,5.111414640555166,5.209259510040283,6495061.0,0.0,0.0
2010-08-06,5.123154590568945,5.240568479621892,5.091844125023828,5.146637439727783,6129190.0,0.0,0.0
2010-08-09,5.189689009147525,5.279706954956055,5.162293065087803,5.279706954956055,4144811.0,0.0,0.0
2010-08-10,5.2131734144551585,5.252310789500839,5.115328549875739,5.2014312744140625,5503158.0,0.0,0.0
2010-08-11,5.08793041949232,5.111413267478479,4.966603085046288,5.0409650802612305,12518351.0,0.0,0.0
2010-08-12,4.9235509636514125,5.03705067672116,4.892240501154263,5.001826763153076,8520347.0,0.0,0.0
2010-08-13,4.950947952667626,5.076189820137967,4.927465102516937,4.954862117767334,8141095.0,0.0,0.0
2010-08-16,4.896155161887749,4.9979141827301365,4.829620774232074,4.931379795074463,5591663.0,0.0,0.0
2010-08-17,4.9744310600357,5.0409654440569,4.860930619911517,4.982258319854736,7332128.0,0.0,0.0
2010-08-18,4.966603203591433,5.037051035748936,4.9235513145892265,5.021396160125732,6566935.0,0.0,0.0
2010-08-19,4.974430657147869,5.029223968632083,4.892240689921549,4.907895565032959,12611443.0,0.0,0.0
2010-08-20,4.860929966597902,4.927464341676818,4.747430611951897,4.8217926025390625,6593314.0,0.0,0.0
2010-08-23,4.87267238670112,4.90006940332602,4.720034566546346,4.770914077758789,4576630.0,0.0,0.0
2010-08-24,4.657414046581062,4.735690581425382,4.5634833463400675,4.688724517822266,9161098.0,0.0,0.0
2010-08-25,4.626104418475726,4.907896883837658,4.5869663283273185,4.888328552246094,12002424.0,0.0,0.0
2010-08-26,4.907896601304905,4.99008658588513,4.763086746316023,4.767000198364258,10193908.0,0.0,0.0
2010-08-27,4.841361564757321,4.907895948589508,4.720034221900025,4.896154880523682,5407198.0,0.0,0.0
2010-08-30,4.876585918741888,4.903982218326653,4.7591720340859975,4.763085842132568,5195016.0,0.0,0.0
2010-08-31,4.7122063620930135,4.892241190062276,4.7043794588489884,4.731775760650635,5186223.0,0.0,0.0
2010-09-01,4.8217924198352895,5.033136960326303,4.8217924198352895,4.9939985275268555,8568709.0,0.0,0.0
2010-09-02,5.02531004938566,5.283620692425848,5.02531004938566,5.275793075561523,9191300.0,0.0,0.0
2010-09-03,5.357983717860877,5.459742036248438,5.291449322994762,5.404948711395264,7960454.0,0.0,0.0
2010-09-07,5.318844976708992,5.342327828914048,5.115328351230338,5.150552272796631,7249167.0,0.0,0.0
2010-09-08,5.166257570980398,5.2369202268795,5.103445685151717,5.1466288566589355,8832502.0,0.02093,0.0
2010-09-09,5.25262504063469,5.291882122543161,5.111298973237502,5.189813137054443,6133204.0,0.0,0.0
2010-09-10,5.201589392945181,5.256549440435964,5.174108832456114,5.221218109130859,4997362.0,0.0,0.0
2010-09-13,5.311510002945922,5.354692822003261,5.225144007002117,5.346841335296631,7016531.0,0.0,0.0
2010-09-14,5.346841136289304,5.346841136289304,5.205514738659201,5.284029960632324,4360434.0,0.0,0.0
2010-09-15,5.260475158691406,5.287955361220854,5.18196065215067,5.260475158691406,4787474.0,0.0,0.0
2010-09-16,5.201589392945181,5.236920724250285,5.130926730334971,5.221218109130859,4882478.0,0.0,0.0
2010-09-17,5.264402158063592,5.307585340835846,5.095595528692138,5.181961536407471,6583756.0,0.0,0.0
2010-09-20,5.221217707379722,5.319360922927284,5.178034892923085,5.299732208251953,9287833.0,0.0,0.0
2010-09-21,5.276178243726685,5.456761349881743,5.09559442191343,5.170183181762695,7571645.0,0.0,0.0
2010-09-22,5.119149662697695,5.123075764437119,4.785463219472671,4.852200508117676,14708986.0,0.0,0.0
2010-09-23,4.781537087433206,4.969972436101745,4.714799799211107,4.742280006408691,12519498.0,0.0,0.0
2010-09-24,4.8482745318950755,4.90715996772276,4.809016739741973,4.844348430633545,8819122.0,0.0,0.0
2010-09-27,4.840421910685563,4.918936408908824,4.828645040106789,4.848273754119873,5580193.0,0.0,0.0
2010-09-28,4.844348741021325,4.90716028213501,4.73050288984574,4.90716028213501,5857941.0,0.0,0.0
2010-09-29,4.883605916915129,4.934640582079255,4.816868635683487,4.856125354766846,4982452.0,0.0,0.0
2010-09-30,4.899309788601405,4.989601911647668,4.761909805279565,4.801166534423828,6482635.0,0.0,0.0
2010-10-01,4.875754247736899,4.94249153137207,4.828646040008621,4.94249153137207,9225899.0,0.0,0.0
2010-10-04,4.907161497305004,4.954270075348567,4.797241362593607,4.824720859527588,5779950.0,0.0,0.0
2010-10-05,4.89538361532693,4.977823520507186,4.871829152230187,4.946418285369873,8726411.0,0.0,0.0
2010-10-06,4.94641682502911,4.997450764346854,4.863976228529616,4.887530326843262,6432362.0,0.0,0.0
2010-10-07,4.907160196661286,4.962120607278963,4.871828861950502,4.94249153137207,6959758.0,0.0,0.0
2010-10-08,4.954269763414536,5.401802836882117,4.954269763414536,5.338991641998291,15583519.0,0.0,0.0
2010-10-11,5.335064533928756,5.511722283364781,5.264401863549334,5.409653663635254,9571316.0,0.0,0.0
2010-10-12,5.409653129755941,5.4175046163186025,5.299732675707794,5.405727386474609,5736367.0,0.0,0.0
2010-10-13,5.441059061905029,5.653047767231008,5.378247169566523,5.519573211669922,8576928.0,0.0,0.0
2010-10-14,5.511721895677225,5.59023712135898,5.4449846158316255,5.531350612640381,10508357.0,0.0,0.0
2010-10-15,5.4842409830793795,5.496018210966616,4.8953820935209915,5.044559955596924,30558593.0,0.0,0.0
2010-10-18,5.005303464350228,5.005303464350228,4.8443486906413975,4.895383358001709,15103912.0,0.0,0.0
2010-10-19,4.820793484245578,4.8600512724426554,4.730502110057424,4.761908054351807,12810053.0,0.0,0.0
2010-10-20,4.789386968985473,4.895382018342838,4.777610099108154,4.828644752502441,14093467.0,0.0,0.0
2010-10-21,4.883605081514348,4.950342351329759,4.781535768646309,4.848273754119873,9948273.0,0.0,0.0
2010-10-22,4.867903063049868,4.867903063049868,4.738354589172684,4.781537055969238,6569802.0,0.0,0.0
2010-10-25,4.836495722033894,4.883604270008215,4.757980521199311,4.7697577476501465,7147854.0,0.0,0.0
2010-10-26,4.738353738107895,4.867902188716633,4.730502251799042,4.820793628692627,7544692.0,0.0,0.0
2010-10-27,4.769759409557815,4.816868689604264,4.640210946947646,4.695171356201172,7229860.0,0.0,0.0
2010-10-28,4.734429066581256,4.7893891295080975,4.612731707708415,4.663766384124756,5971105.0,0.0,0.0
2010-10-29,4.667691123670336,4.7265765649458675,4.600953836974454,4.651988506317139,7076171.0,0.0,0.0
2010-11-01,4.710874151419898,4.72657641043061,4.573473123065949,4.616656303405762,4516416.0,0.0,0.0
2010-11-02,4.675542197167578,4.75405670829652,4.651988094309291,4.730502605438232,6454153.0,0.0,0.0
2010-11-03,4.754056953997626,4.789388289025633,4.6441364896045,4.72265100479126,5270331.0,0.0,0.0
2010-11-04,4.809017457165626,5.024932662500061,4.809017457165626,4.977823734283447,9935084.0,0.0,0.0
2010-11-05,5.001378020582178,5.0210060229119335,4.848274735933653,4.891457557678223,5938609.0,0.0,0.0
2010-11-08,4.844346696878798,5.060261792727987,4.844346696878798,5.040632724761963,11744556.0,0.0,0.0
2010-11-09,5.044561568832561,5.056338442656945,4.922863150583269,4.966046333312988,8553799.0,0.0,0.0
2010-11-10,4.969972238396544,4.98960095704256,4.848274898449567,4.911086082458496,7574894.0,0.0,0.0
2010-11-11,4.844348002834542,5.221217907747135,4.840422259748823,5.060263156890869,10109035.0,0.0,0.0
2010-11-12,5.001377540661096,5.087743533691897,4.954268264181118,4.9738969802856445,7893167.0,0.0,0.0
2010-11-15,5.005302926052886,5.075965946200066,4.9267887772930115,4.9738969802856445,6331241.0,0.0,0.0
2010-11-16,4.907160060240577,5.0955950328900395,4.867902625176463,4.88360595703125,8213543.0,0.0,0.0
2010-11-17,4.907159180500973,4.973896450316383,4.84434765348818,4.848273754119873,10147266.0,0.0,0.0
2010-11-18,4.946417172436738,5.040633930137626,4.911085127912084,5.017079830169678,8575399.0,0.0,0.0
2010-11-19,5.009228176906701,5.03670873654408,4.950342745832899,4.997451305389404,6164745.0,0.0,0.0
2010-11-22,4.94641865997339,5.079893245304922,4.922863479434415,5.064189910888672,5843222.0,0.0,0.0
2010-11-23,4.9778228685926,5.024931788616523,4.915011690885621,4.934640407562256,7069481.0,0.0,0.0
2010-11-24,4.954268145057902,5.07204008102417,4.950342759760496,5.07204008102417,4804296.0,0.0,0.0
2010-11-26,5.024931412237148,5.193737647353963,5.024931412237148,5.056337356567383,4505521.0,0.0,0.0
2010-11-29,4.989600057828126,5.213366336578572,4.962119856676122,5.201589107513428,8260758.0,0.0,0.0
2010-11-30,5.127000142337472,5.174108341050818,5.056337128609289,5.1466288566589355,10552705.0,0.0,0.0
2010-12-01,5.150555402763025,5.370395979233934,5.1466300168429315,5.342916488647461,11368172.0,0.0,0.0
2010-12-02,5.354692639789318,5.55490447050803,5.354692639789318,5.5392022132873535,15479340.0,0.0,0.0
2010-12-03,5.52350027073778,5.868963569160068,5.49601970702475,5.75119161605835,15983033.0,0.0,0.0
2010-12-06,5.731562361966824,5.900368230628146,5.680527705038188,5.868962287902832,10105976.0,0.0,0.0
2010-12-07,5.951403213693188,6.179095953100178,5.935699883640909,6.0299177169799805,17784668.0,0.0,0.0
2010-12-08,6.025984705369677,6.3644795801727225,6.00630508783499,6.2109761238098145,18712725.0,0.02093,0.0
2010-12-09,6.246399603432839,6.273951928489317,6.033857298513318,6.112576484680176,13634122.0,0.0,0.0
2010-12-10,6.108639865874059,6.285758544410813,6.085023898563752,6.175551414489746,8046856.0,0.0,0.0
2010-12-13,6.203105580813624,6.246401180009458,6.104706035123881,6.120450019836426,7203289.0,0.0,0.0
2010-12-14,6.0181134515868075,6.179488918224581,6.010242177631064,6.073217391967773,8441208.0,0.0,0.0
2010-12-15,6.045665765076288,6.1716169109547785,6.00237017079419,6.0141777992248535,11605586.0,0.0,0.0
2010-12-16,6.025984753094799,6.15587223892848,5.9984335035861855,6.132256984710693,8513083.0,0.0,0.0
2010-12-17,6.132256173038108,6.151935788123838,6.022048319482214,6.0928955078125,8110128.0,0.0,0.0
2010-12-20,6.100769516279821,6.112577144344617,5.955138396256663,6.025985240936279,8485556.0,0.0,0.0
2010-12-21,6.061409657638672,6.104705251275321,5.919714172183231,5.974817752838135,8255788.0,0.0,0.0
2010-12-22,5.99449635609324,6.100768214879282,5.951200413624853,6.0928955078125,4347818.0,0.0,0.0
2010-12-23,6.104705357899753,6.151937306797724,6.014177814608936,6.073217391967773,3958626.0,0.0,0.0
2010-12-27,6.041730945023635,6.069282560105328,5.966947016014784,6.037794589996338,2985839.0,0.0,0.0
2010-12-28,6.04173082393392,6.053538453724466,5.931523289524932,5.970882892608643,3893251.0,0.0,0.0
2010-12-29,6.002371081126231,6.037794689317889,5.919715158230446,5.9944987297058105,3725035.0,0.0,0.0
2010-12-30,5.9748169598892655,5.994496935641193,5.80557024471341,5.903969764709473,5056047.0,0.0,0.0
2010-12-31,5.8921624091024976,5.959073975048006,5.8567388077259865,5.939393997192383,3616268.0,0.0,0.0
2011-01-03,6.0102415302275185,6.242464177670732,5.974817213606205,6.069281101226807,9973315.0,0.0,0.0
2011-01-04,6.0102419631996575,6.069281538452101,5.90397044073437,5.959074020385742,6447845.0,0.0,0.0
2011-01-05,5.939394055055169,6.077153542623002,5.923650431380904,6.025985240936279,9279996.0,0.0,0.0
2011-01-06,6.069282659944855,6.151938224076961,5.947267132529041,5.9944987297058105,5735602.0,0.0,0.0
2011-01-07,5.9905619396170025,6.061409501133635,5.844930821012612,5.939393997192383,4263518.0,0.0,0.0
2011-01-10,5.9079053765842895,5.963008949697487,5.781954249821674,5.844930171966553,6962817.0,0.0,0.0
2011-01-11,5.872482762027722,5.90397072837035,5.746531614184472,5.813443183898926,4499977.0,0.0,0.0
2011-01-12,5.860675185137603,5.911843134028235,5.789827973431732,5.825251579284668,7678309.0,0.0,0.0
2011-01-13,5.8095064163208,5.872482344528839,5.766210465677774,5.809506416320801,5202280.0,0.0,0.0
2011-01-14,5.825250604075634,5.8724821902270286,5.793762640798974,5.856738567352295,4555985.0,0.0,0.0
2011-01-18,5.82525087090894,5.860674472454212,5.801635256133296,5.817378520965576,3545541.0,0.0,0.0
2011-01-19,5.805570306861917,5.825250282824517,5.687490809849889,5.703235149383545,4809839.0,0.0,0.0
2011-01-20,5.675682574393524,5.766209742308766,5.612706654085793,5.726850509643555,4932943.0,0.0,0.0
2011-01-21,5.809508002468793,5.817379995644059,5.718980439716946,5.770148754119873,4316851.0,0.0,0.0
2011-01-24,5.75440245854932,5.8842895843885135,5.7229144965211125,5.848865985870361,4511064.0,0.0,0.0
2011-01-25,5.797698880888112,5.852802822357663,5.762275277278463,5.840994834899902,5160226.0,0.0,0.0
2011-01-26,5.864609454442046,5.935457725912556,5.7937622592622535,5.903969764709473,5529155.0,0.0,0.0
2011-01-27,5.915779113769531,5.959075073029341,5.86067552438436,5.915779113769531,6398718.0,0.0,0.0
2011-01-28,5.935458450403709,5.986626393604356,5.837058918396848,5.978754043579102,12780042.0,0.0,0.0
2011-01-31,5.900034437726345,6.022049583679122,5.691427747422339,5.801635265350342,18161434.0,0.0,0.0
2011-02-01,5.848866253431192,5.986626093606529,5.7662103493259895,5.982689380645752,9137012.0,0.0,0.0
2011-02-02,5.955138535480281,6.411711525507591,5.919714215403262,6.392032623291016,12344591.0,0.0,0.0
2011-02-03,6.360545491742749,6.651807059264536,6.19523436813009,6.59276819229126,12294700.0,0.0,0.0
2011-02-04,6.604572791030012,6.636060746319654,6.478621687398454,6.557341575622559,9835492.0,0.0,0.0
2011-02-07,6.565217769703074,7.450813229870104,6.533730508330407,6.738400936126709,30274919.0,0.0,0.0
2011-02-08,6.7226536468264095,6.762013601131636,6.580958528854791,6.691166400909424,10543721.0,0.0,0.0
2011-02-09,6.655744958836691,6.781696149502504,6.604577354896908,6.71872091293335,8362644.0,0.0,0.0
2011-02-10,6.671489194618563,6.773825123818392,6.628193583336248,6.762016773223877,9796305.0,0.0,0.0
2011-02-11,6.726589628733902,6.769885217309835,6.683293322630812,6.714781284332275,5983530.0,0.0,0.0
2011-02-14,6.710846264897917,6.809245795498551,6.66361431800308,6.7659502029418945,3615886.0,0.0,0.0
2011-02-15,6.710847115531162,6.7816943273264325,6.64393554104571,6.667551517486572,3872607.0,0.0,0.0
2011-02-16,6.695102943049369,6.765950870380538,6.6399989995695705,6.679358959197998,6766309.0,0.0,0.0
2011-02-17,6.6439323158986365,6.76594777618311,6.636060327572962,6.722651481628418,4857437.0,0.0,0.0
2011-02-18,6.781695283726351,6.832863598661303,6.6557441091399285,6.683295726776123,6920762.0,0.0,0.0
2011-02-22,6.604575651418794,6.702975195551474,6.4786244932388,6.514048099517822,7569733.0,0.0,0.0
2011-02-23,6.435329964997265,6.58883276275385,6.277890094179065,6.388097286224365,9650836.0,0.0,0.0
2011-02-24,6.368415000599841,6.423518932365413,6.270015481210602,6.360543727874756,8038254.0,0.0,0.0
2011-02-25,6.415648209226634,6.455007450734208,6.317248670403136,6.431392192840576,7108859.0,0.0,0.0
2011-02-28,6.462879810937004,6.549470998608659,6.443199473719087,6.498303413391113,6503280.0,0.0,0.0
2011-03-01,6.514045311620862,6.514045311620862,6.3211819432498295,6.340862274169922,8200544.0,0.0,0.0
2011-03-02,6.329029250020729,6.549993743696375,6.301409047968053,6.463186264038086,6736871.0,0.02093,0.0
2011-03-03,6.542103462864049,6.609181623629599,6.494753919036471,6.577615261077881,4996406.0,0.0,0.0
2011-03-04,6.553940897203698,6.585507261720696,6.332977064898459,6.407947540283203,5332074.0,0.0,0.0
2011-03-07,6.43162037516995,6.538156475562808,6.265897712184085,6.3329758644104,7129504.0,0.0,0.0
2011-03-08,6.3290304843761565,6.475025270113529,6.254061452656708,6.471078395843506,6852711.0,0.0,0.0
2011-03-09,6.4355658564550655,6.482915394594282,6.340868218803867,6.396108627319336,5461295.0,0.0,0.0
2011-03-10,6.285625331414184,6.336920296252406,6.096227929515482,6.115957260131836,7643901.0,0.0,0.0
2011-03-11,6.119904299351031,6.175145432522554,6.033096804367208,6.15147066116333,6353415.0,0.0,0.0
2011-03-14,6.088335680989417,6.151468381214837,5.94628818445235,6.080444812774658,9131469.0,0.0,0.0
2011-03-15,5.902885144604202,6.0054750689253895,5.883156174674462,5.96601676940918,5899995.0,0.0,0.0
2011-03-16,5.926560384627465,5.985746943106451,5.82396972652547,5.867373466491699,8983897.0,0.0,0.0
2011-03-17,5.977855492767779,6.029150826095519,5.914723494139568,5.926560878753662,3976786.0,0.0,0.0
2011-03-18,6.025204559035722,6.056770913648559,5.91866847187416,6.013367176055908,6100326.0,0.0,0.0
2011-03-21,6.108065344623373,6.1751442098498,6.080445862476772,6.119903087615967,5543109.0,0.0,0.0
2011-03-22,6.127794322715444,6.135685911150367,5.966017119456272,5.993638038635254,5596059.0,0.0,0.0
2011-03-23,5.969964608590416,6.131740759316565,5.922614710586274,6.06860876083374,7799884.0,0.0,0.0
2011-03-24,6.1041206375288235,6.1080660727876745,5.776621098155799,5.891048431396484,14496230.0,0.0,0.0
2011-03-25,5.914723293483157,5.977855289969622,5.851590937339894,5.973909854888916,5916626.0,0.0,0.0
2011-03-28,6.001529886597757,6.151468985389466,5.981800556182861,5.981800556182861,6126705.0,0.0,0.0
2011-03-29,5.9660184372699065,6.151470446797715,5.958127566405498,6.139632701873779,8658552.0,0.0,0.0
2011-03-30,6.04493402859323,6.2146021095478154,6.013367313601596,6.14357852935791,6812378.0,0.0,0.0
2011-03-31,6.127795797604306,6.151470568607317,5.9975849167445885,6.009422302246094,5914905.0,0.0,0.0
2011-04-01,6.013367585101498,6.179090598435058,6.013367585101498,6.076499938964844,5130979.0,0.0,0.0
2011-04-04,6.108065885790253,6.198819525728979,6.092283425924395,6.127795219421387,4356611.0,0.0,0.0
2011-04-05,6.100175015514128,6.202764960867041,6.080446401196601,6.127795219421387,5055282.0,0.0,0.0
2011-04-06,6.147525033722316,6.163307494822191,5.977855844276778,5.997584819793701,6469255.0,0.0,0.0
2011-04-07,5.962072141686017,5.98180111428488,5.891047840330107,5.934451580047607,6492576.0,0.0,0.0
2011-04-08,5.977855920688114,5.9857478706525935,5.8318622193103975,5.8476457595825195,4811177.0,0.0,0.0
2011-04-11,5.855536493202505,5.922614645466891,5.839753673583737,5.902886390686035,4904078.0,0.0,0.0
2011-04-12,5.843699584264213,5.902886871020661,5.729272244518635,5.77267599105835,5507172.0,0.0,0.0
2011-04-13,5.796350422582842,5.863428580540968,5.685868877589518,5.8476457595825195,6342710.0,0.0,0.0
2011-04-14,5.835808439797785,5.835808439797785,5.677977341455337,5.709543704986572,5605617.0,0.0,0.0
2011-04-15,5.7253260464204425,5.894994876499267,5.7213806109671435,5.839754104614258,8356909.0,0.0,0.0
2011-04-18,5.780566828617739,6.115958694263582,5.5951151774243835,6.072554588317871,17114670.0,0.0,0.0
2011-04-19,6.0725550711822285,6.198820524971795,5.938399105501399,5.985748291015625,10348743.0,0.0,0.0
2011-04-20,6.088338074073475,6.088338074073475,5.973910729251472,6.03704309463501,5731014.0,0.0,0.0
2011-04-21,6.084392410422292,6.088337845932623,5.946290298885075,6.009422302246094,5319649.0,0.0,0.0
2011-04-25,6.040987078914391,6.056770975696026,5.954180322153336,5.9778547286987305,4082686.0,0.0,0.0
2011-04-26,5.977856271367166,6.080447311041657,5.962073449482849,6.064663410186768,4396562.0,0.0,0.0
2011-04-27,6.088335680989417,6.096227268517594,5.993637349964706,6.080444812774658,5330163.0,0.0,0.0
2011-04-28,6.06466227817469,6.11595796826566,6.001530642764531,6.029150485992432,5436827.0,0.0,0.0
2011-04-29,6.029151323363004,6.05282609454382,5.887103415591789,5.9423441886901855,7578718.0,0.0,0.0
2011-05-02,5.985748063650354,6.2343320873856545,5.958127856339887,6.147525310516357,10071568.0,0.0,0.0
2011-05-03,6.088337534380122,6.100175278932704,5.9660182501140655,6.00153112411499,5383686.0,0.0,0.0
2011-05-04,6.005476071954109,6.175144522374271,5.926560538711485,6.17119836807251,7222596.0,0.0,0.0
2011-05-05,6.14357838883386,6.155415412156913,5.98969205043952,6.013367176055908,5508510.0,0.0,0.0
2011-05-06,6.096228200052762,6.096228200052762,5.962071910887389,5.9778547286987305,6073755.0,0.0,0.0
2011-05-09,5.969964372227615,5.9896926264443024,5.863427915164106,5.9107770919799805,4368080.0,0.0,0.0
2011-05-10,5.914722733902649,5.950234883180448,5.812132080433453,5.835806846618652,8284079.0,0.0,0.0
2011-05-11,5.835808254144716,5.887103593251127,5.681922596482335,5.8042426109313965,9062462.0,0.0,0.0
2011-05-12,5.776621611141769,5.85948331172919,5.75689263481143,5.823970794677734,4813853.0,0.0,0.0
2011-05-13,5.823968979630056,5.855535331920902,5.752945406289122,5.764782428741455,2755115.0,0.0,0.0
2011-05-16,5.717434832095102,5.776621035878381,5.674031088490708,5.68192195892334,4594790.0,0.0,0.0
2011-05-17,5.646410164722011,5.7253257025277335,5.614843805736998,5.68192195892334,9687156.0,0.0,0.0
2011-05-18,5.670084887441687,5.745054629759209,5.662193657416987,5.705597400665283,8036916.0,0.0,0.0
2011-05-19,5.725324977110202,5.792403121797523,5.697704776154697,5.7805657386779785,5711517.0,0.0,0.0
2011-05-20,5.75689095690573,5.812131714873338,5.729270757750297,5.792402744293213,6131484.0,0.0,0.0
2011-05-23,5.745054402222694,5.75689178627613,5.595114563869305,5.606952667236328,6038583.0,0.0,0.0
2011-05-24,5.622737115320076,5.6306287069753616,5.504363600147693,5.5122551918029785,6424524.0,0.0,0.0
2011-05-25,5.488578666793583,5.591168599564969,5.464903900927837,5.543819427490234,5744586.0,0.0,0.0
2011-05-26,5.5201462083106545,5.5517125695862175,5.429392559986574,5.500417232513428,5740572.0,0.0,0.0
2011-05-27,5.524091029017355,5.5990607690463285,5.50041662035233,5.555657386779785,3632516.0,0.0,0.0
2011-05-31,5.591168585095548,5.654301293907492,5.4530668635396955,5.626680374145508,8339132.0,0.0,0.0
2011-06-01,5.583159819617798,5.602944303883364,5.472367068399376,5.47632360458374,11613041.0,0.02093,0.0
2011-06-02,5.484237943240988,5.571289316265844,5.401143106533443,5.492151737213135,9716976.0,0.0,0.0
2011-06-03,5.397186533208238,5.638556542495785,5.3813593049835715,5.456539630889893,9576860.0,0.0,0.0
2011-06-06,5.452582610807755,5.519849496970998,5.365530879613408,5.3734450340271,4351067.0,0.0,0.0
2011-06-07,5.405098988757837,5.460495171797491,5.3615731329870115,5.369487285614014,4115947.0,0.0,0.0
2011-06-08,5.353661279174491,5.389272995210558,5.325963357961729,5.349704742431641,6659645.0,0.0,0.0
2011-06-09,5.357617059659092,5.5277632636742124,5.357617059659092,5.47632360458374,4920709.0,0.0,0.0
2011-06-10,5.436754439443483,5.4407109749598215,5.2863927450811365,5.298263072967529,5355013.0,0.0,0.0
2011-06-13,5.30617778292221,5.365530510589674,5.25869466304955,5.2626519203186035,3639207.0,0.0,0.0
2011-06-14,5.329917706334056,5.460494906637063,5.322003914760016,5.389270782470703,4757080.0,0.0,0.0
2011-06-15,5.329918619799653,5.405099652637898,5.270565894159519,5.302220344543457,5740955.0,0.0,0.0
2011-06-16,5.290350199705223,5.38927226084823,5.24682433410805,5.3734450340271,8112422.0,0.0,0.0
2011-06-17,5.409056372238177,5.476323253763146,5.397185682439289,5.42488431930542,5683035.0,0.0,0.0
2011-06-20,5.389272099115878,5.472366930944074,5.369488336684741,5.444668292999268,6320154.0,0.0,0.0
2011-06-21,5.480280464371905,5.662296624398964,5.480280464371905,5.6029438972473145,4839659.0,0.0,0.0
2011-06-22,5.547546968245063,5.555460400170325,5.38531494140625,5.38531494140625,4452953.0,0.0,0.0
2011-06-23,5.325962853964633,5.405100434040061,5.266609398406486,5.397186279296875,7608538.0,0.0,0.0
2011-06-24,5.41301186925004,5.428839813279427,5.32200398626316,5.353659152984619,6322639.0,0.0,0.0
2011-06-27,5.353660180512096,5.428840855236323,5.294307092186385,5.42488431930542,4396371.0,0.0,0.0
2011-06-28,5.444668259881994,5.480280691117635,5.393229323733947,5.464452743530273,5693357.0,0.0,0.0
2011-06-29,5.504021843767544,5.622728380077014,5.472366671240025,5.6029438972473145,3642647.0,0.0,0.0
2011-06-30,5.634597923815266,5.705821326179382,5.591072070442179,5.666253089904785,7400944.0,0.0,0.0
2011-07-01,5.65438337223676,5.7810037137922095,5.61877166040496,5.753305435180664,5510804.0,0.0,0.0
2011-07-05,5.745393263120587,5.765177752185974,5.670212565340952,5.741436004638672,4219744.0,0.0,0.0
2011-07-06,5.713736786518587,5.725607477269241,5.6266854150158805,5.689995765686035,4971174.0,0.0,0.0
2011-07-07,5.757262197430194,5.816614925153475,5.749348043553369,5.7770466804504395,4750581.0,0.0,0.0
2011-07-08,5.686037561961457,5.686037561961457,5.539633121735479,5.610856533050537,6198006.0,0.0,0.0
2011-07-11,5.519849622234852,5.543590643339685,5.389272383148848,5.4011430740356445,5449443.0,0.0,0.0
2011-07-12,5.409055261405803,5.504020760294282,5.389270782470703,5.389270782470703,3946584.0,0.0,0.0
2011-07-13,5.432796539274658,5.476322395045484,5.3615731329870115,5.369487285614014,7326202.0,0.0,0.0
2011-07-14,5.405100236480777,5.420927463382356,5.266609205909123,5.270566463470459,6172965.0,0.0,0.0
2011-07-15,5.322005442197092,5.424884762186392,5.306178215175186,5.333876132965088,10979363.0,0.0,0.0
2011-07-18,5.492150283530756,5.5277619863108205,5.128117299840615,5.1479010581970215,17677812.0,0.0,0.0
2011-07-19,5.151860468225634,5.389272864490983,5.151860468225634,5.345746994018555,8251583.0,0.0,0.0
2011-07-20,5.349704564659724,5.361574895831425,5.266609721776296,5.278480052947998,6656969.0,0.0,0.0
2011-07-21,5.3378331626549524,5.4802807244515215,5.333875905232488,5.444668292999268,7501300.0,0.0,0.0
2011-07-22,5.436755041761592,5.44071157771626,5.341789522800057,5.405099868774414,5029858.0,0.0,0.0
2011-07-25,5.322003770437425,5.413011649733619,5.278477917960544,5.3576154708862305,4347053.0,0.0,0.0
2011-07-26,5.38135804510927,5.4327969756326215,5.322004600654559,5.38531494140625,3047200.0,0.0,0.0
2011-07-27,5.345745684790877,5.365530166523833,5.151859206482735,5.18747091293335,9174096.0,0.0,0.0
2011-07-28,5.191426871001708,5.254737205503117,5.128117257837626,5.139987945556641,5097718.0,0.0,0.0
2011-07-29,5.068766038590891,5.116248449588356,5.001499139399139,5.048981189727783,9253043.0,0.0,0.0
2011-08-01,5.096463262302864,5.100420159118923,4.914446369432899,4.973800182342529,8283506.0,0.0,0.0
2011-08-02,4.9421441462612625,4.965885523018836,4.752213492869361,4.756170749664307,7769872.0,0.0,0.0
2011-08-03,4.768041743727657,4.783868968578724,4.570197646067905,4.744300365447998,10361168.0,0.0,0.0
2011-08-04,4.645378817272886,4.649335714079283,4.45149159509692,4.479189872741699,16506989.0,0.0,0.0
2011-08-05,4.546456563949191,4.56228378983126,4.115156273114843,4.273431777954102,21905585.0,0.0,0.0
2011-08-08,4.1507678586802825,4.1942933521671195,3.933139309240127,3.980621337890625,23843131.0,0.0,0.0
2011-08-09,4.071630836696439,4.13494118953284,3.7906925886599847,4.1270270347595215,18655761.0,0.0,0.0
2011-08-10,3.9964495498015267,4.004362981328003,3.739252024796252,3.7511227130889893,15421420.0,0.0,0.0
2011-08-11,3.7906916128689114,4.055802565120786,3.7432092211331867,3.972707748413086,12667643.0,0.0,0.0
2011-08-12,4.032060883196598,4.127025290304323,3.9727070918320004,4.036017417907715,12038934.0,0.0,0.0
2011-08-15,4.071631564035469,4.253648500286087,4.071631564035469,4.249691963195801,8826959.0,0.0,0.0
2011-08-16,4.198251573556435,4.3881815514702485,4.186380882311427,4.3565263748168945,13214346.0,0.0,0.0
2011-08-17,4.372353925873703,4.388181152091136,4.261561178339253,4.320914268493652,11398374.0,0.0,0.0
2011-08-18,4.162638924302393,4.190336839375843,3.917312060494892,3.9529244899749756,11532947.0,0.0,0.0
2011-08-19,3.8777425144696656,4.119112423148407,3.8777425144696656,3.9766645431518555,13146103.0,0.0,0.0
2011-08-22,4.075587561210005,4.115156165887242,3.8777434558176544,3.9529244899749756,9145996.0,0.0,0.0
2011-08-23,3.9647939458289216,4.130982827230468,3.9450091086437937,4.095370769500732,11244112.0,0.0,0.0
2011-08-24,4.079545320699181,4.210122584837611,4.055804295039417,4.182425022125244,17052736.0,0.0,0.0
2011-08-25,4.221991971577881,4.245732989891388,4.028104403891767,4.051846504211426,16774988.0,0.0,0.0
2011-08-26,3.9964507038260937,4.28134658378163,3.9885369093457297,4.2299065589904785,14929770.0,0.0,0.0
2011-08-29,4.2932161646933045,4.574154376983643,4.2932161646933045,4.574154376983643,15994120.0,0.0,0.0
2011-08-30,4.526672671652254,4.637465431301506,4.475233008647455,4.597896099090576,7427132.0,0.0,0.0
2011-08-31,4.629550305777746,4.704731335946763,4.5266717226733375,4.570197582244873,6040877.0,0.0,0.0
2011-09-01,4.570197524372556,4.593938541351333,4.407965137783516,4.423792362213135,7918973.0,0.0,0.0
2011-09-02,4.3011292868155735,4.3129996149368806,4.032061783583631,4.130983829498291,11219836.0,0.0,0.0
2011-09-06,3.984579991361802,4.016234444915656,3.8698299823806397,3.9450106620788574,10900607.0,0.0,0.0
2011-09-07,4.028777278345169,4.244176996772526,4.000854951228482,4.208277225494385,9245206.0,0.04185,0.0
2011-09-08,4.160410489639835,4.188333183525413,3.877199736662538,3.93703293800354,11161725.0,0.0,0.0
2011-09-09,3.869219585295191,3.980908475281768,3.809386420181592,3.9250638484954834,12838726.0,0.0,0.0
2011-09-12,3.7495521327563957,3.8053963846565484,3.649829968688616,3.797419309616089,11886966.0,0.0,0.0
2011-09-13,3.801409491632285,3.980909391889056,3.7934313223827023,3.9410207271575928,11868424.0,0.0,0.0
2011-09-14,3.9689435899797987,4.084621798523873,3.893154418864716,3.980910301208496,8147595.0,0.0,0.0
2011-09-15,4.02079963684082,4.028777444918294,3.9569771722210296,4.02079963684082,11701164.0,0.0,0.0
2011-09-16,4.016809940338135,4.136475936301448,3.9769205478448693,4.016809940338135,8674991.0,0.0,0.0
2011-09-19,3.921075936770418,3.988886916547071,3.8532649569937654,3.968942403793335,6699979.0,0.0,0.0
2011-09-20,3.9888871551348455,3.9888871551348455,3.7894427428401927,3.793431282043457,6676849.0,0.0,0.0
2011-09-21,3.781464683922268,3.8373089556456117,3.5660650384870434,3.5700535774230957,9565008.0,0.0,0.0
2011-09-22,3.4424098397408995,3.4543761839028377,3.3027982493476693,3.41049861907959,13424234.0,0.0,0.0
2011-09-23,3.382575918915314,3.6578091048556813,3.382575918915314,3.6258978843688965,9549907.0,0.0,0.0
2011-09-26,3.669776518220048,3.7934317942126015,3.5820210085924433,3.789443254470825,13680955.0,0.0,0.0
2011-09-27,3.9091101521848963,3.9769211479739077,3.8732103843371304,3.901132345199585,8952357.0,0.0,0.0
2011-09-28,3.901132068510833,3.901132068510833,3.7335988608738986,3.7535433769226074,11084498.0,0.0,0.0
2011-09-29,3.8532652284450846,3.941020727157593,3.801409491632285,3.9410207271575928,10024735.0,0.0,0.0
2011-09-30,3.857253516965905,3.893153276532098,3.7694980239575804,3.8014092445373535,11756790.0,0.0,0.0
2011-10-03,3.7495527136296856,3.813375141215296,3.5939862735617076,3.6538197994232178,17374449.0,0.0,0.0
2011-10-04,3.6059546485738263,3.913099527359009,3.550110356531362,3.913099527359009,16057010.0,0.0,0.0
2011-10-05,3.937031264119302,4.192319941843871,3.8891647961148457,4.1723761558532715,16361902.0,0.0,0.0
2011-10-06,4.1604078153984885,4.188330491335831,3.9689416214613438,4.168385982513428,12389895.0,0.0,0.0
2011-10-07,4.180353762940395,4.212264988038877,4.0726544689913275,4.156420707702637,9776616.0,0.0,0.0
2011-10-10,4.248165073270869,4.351876926253519,4.200298959183197,4.276087760925293,9388190.0,0.0,0.0
2011-10-11,4.256144520678313,4.387778010050177,4.236199997502843,4.323955535888672,6654101.0,0.0,0.0
2011-10-12,4.375810146331787,4.443621143723737,4.331932206875373,4.375810146331787,8392273.0,0.0,0.0
2011-10-13,4.347888249836579,4.36783313499148,4.184344627318152,4.300022125244141,11711486.0,0.0,0.0
2011-10-14,4.40772186215232,4.4476101752578066,4.092599171129634,4.36384391784668,15236956.0,0.0,0.0
2011-10-17,4.260131548139438,4.327943266429362,3.9290547625727763,3.9848990440368652,17450720.0,0.0,0.0
2011-10-18,3.98888780412409,4.347887295642931,3.9170882694064524,4.276087760925293,12887662.0,0.0,0.0
2011-10-19,4.264120575772934,4.30400924212822,4.076642862220648,4.124509334564209,9450315.0,0.0,0.0
2011-10-20,4.132488560564154,4.268110569862937,4.080632808384008,4.228221893310547,7366345.0,0.0,0.0
2011-10-21,4.292042984547449,4.45159912109375,4.28805444471992,4.45159912109375,9652939.0,0.0,0.0
2011-10-24,4.475532368295295,4.742787817616029,4.475532368295295,4.686943531036377,11991528.0,0.0,0.0
2011-10-25,4.659020171064704,4.674976146684889,4.503453680904473,4.519409656524658,7501682.0,0.0,0.0
2011-10-26,4.619132533706911,4.738799277618901,4.499465426208778,4.686943531036377,7611596.0,0.0,0.0
2011-10-27,4.85048790626658,4.946220866187961,4.814588137192599,4.866443157196045,11208366.0,0.0,0.0
2011-10-28,4.878409029107955,4.88638683499376,4.782676085650451,4.854475975036621,5140728.0,0.0,0.0
2011-10-31,4.770710517390883,4.802620655372905,4.663010120391846,4.663010120391846,6081401.0,0.0,0.0
2011-11-01,4.451598013651582,4.483509233022158,4.288053377963418,4.419686794281006,10195819.0,0.0,0.0
2011-11-02,4.519409656524658,4.5712653956354625,4.423675984320096,4.519409656524658,8964973.0,0.0,0.0
2011-11-03,4.599187042142755,4.7068874246051,4.5553094721330805,4.643064975738525,9324726.0,0.0,0.0
2011-11-04,4.563287869802446,4.571266040531111,4.427665875551831,4.515421390533447,8642494.0,0.0,0.0
2011-11-07,4.48749952626472,4.555310530352162,4.423677062571901,4.539355278015137,7337098.0,0.0,0.0
2011-11-08,4.579243144948149,4.68295463835463,4.507443607454414,4.663010120391846,5417520.0,0.0,0.0
2011-11-09,4.511431524894663,4.539354209775446,4.35187649396901,4.399742603302002,6740312.0,0.0,0.0
2011-11-10,4.479520787519667,4.523398725752653,4.383788194860647,4.503454208374023,4453718.0,0.0,0.0
2011-11-11,4.587221449974833,4.730821256337367,4.587221449974833,4.615143775939941,4266577.0,0.0,0.0
2011-11-14,4.575254580516231,4.607165809086324,4.467554547678306,4.515421390533447,4781357.0,0.0,0.0
2011-11-15,4.4914880666593415,4.571266509861546,4.415699981782659,4.539355278015137,4140988.0,0.0,0.0
2011-11-16,4.463565344989266,4.579242813631653,4.423676311949739,4.475532054901123,4030310.0,0.0,0.0
2011-11-17,4.455587854484578,4.535365562637368,4.3438989176362135,4.375810146331787,6109310.0,0.0,0.0
2011-11-18,4.427665201001559,4.439631909892229,4.339909699389405,4.383787631988525,4520048.0,0.0,0.0
2011-11-21,4.2960324233442035,4.34788744262316,4.268110098331996,4.307999134063721,4584085.0,0.0,0.0
2011-11-22,4.311988206376893,4.315977837614882,4.212265968322754,4.212265968322754,6301421.0,0.0,0.0
2011-11-23,4.168387209549131,4.200298433058589,4.104564762530215,4.164398670196533,8894437.0,0.0,0.0
2011-11-25,4.164398076532563,4.22024234612704,4.140464662312344,4.188331127166748,2242056.0,0.0,0.0
2011-11-28,4.351876913383547,4.387776680636198,4.172376986361903,4.196310043334961,9040670.0,0.0,0.0
2011-11-29,4.2361987497588345,4.2441765566792125,4.112543106079102,4.112543106079102,9704933.0,0.0,0.0
2011-11-30,4.264121542027949,4.359854508408275,4.248165562849665,4.331932544708252,10880536.0,0.0,0.0
2011-12-01,4.319966202786609,4.503454691600136,4.300021683267908,4.491487979888916,6071079.0,0.0,0.0
2011-12-02,4.547332530210371,4.782677510362496,4.503454948353827,4.750766277313232,13054731.0,0.0,0.0
2011-12-05,4.930265133048316,5.377020477859319,4.890376100660676,5.237409591674805,23924563.0,0.0,0.0
2011-12-06,5.185554706910814,5.237410457588179,5.133698956233449,5.1895432472229,8677858.0,0.0,0.0
2011-12-07,5.129338366880302,5.807631255518332,5.09722970654954,5.446410655975342,29777725.0,0.04185,0.0
2011-12-08,5.3260048731199525,5.382194676868928,5.0771630593663515,5.101244926452637,12588314.0,0.0,0.0
2011-12-09,5.117298484378867,5.37416671294386,5.113285266994669,5.354098796844482,7488301.0,0.0,0.0
2011-12-12,5.261786526387077,5.346071764584512,5.193555985110504,5.3219895362854,6633074.0,0.0,0.0
2011-12-13,5.25777389276895,5.430356873575232,5.181515811653765,5.213624477386475,6192654.0,0.0,0.0
2011-12-14,5.2296787400693345,5.293896075165186,5.1132855518795,5.177502155303955,9526395.0,0.0,0.0
2011-12-15,5.277841504783089,5.289881889572671,5.093217759369111,5.101244926452637,9913292.0,0.0,0.0
2011-12-16,5.173487420549789,5.317975650472294,5.121310485249811,5.185527801513672,7470524.0,0.0,0.0
2011-12-19,5.209610533333918,5.225665232051358,5.061108685848971,5.0851898193359375,5100586.0,0.0,0.0
2011-12-20,5.205596580973051,5.346071608019181,5.201582998319287,5.269813537597656,4742935.0,0.0,0.0
2011-12-21,5.261787172925904,5.338044889115208,5.217637757016701,5.326004505157471,5069045.0,0.0,0.0
2011-12-22,5.35409762327248,5.418314940714605,5.313962531542348,5.3741655349731445,4382799.0,0.0,0.0
2011-12-23,5.394235479380121,5.466479252155337,5.374167195642566,5.438384532928467,2649789.0,0.0,0.0
2011-12-27,5.3982476844450415,5.518654803432722,5.378179770307821,5.4343695640563965,3066124.0,0.0,0.0
2011-12-28,5.48654572323851,5.510626852534746,5.2818541121246305,5.362125396728516,3259955.0,0.0,0.0
2011-12-29,5.370152465304779,5.418315088867686,5.305935146106759,5.414301872253418,3032099.0,0.0,0.0
2011-12-30,5.414301812958614,5.4343689933170145,5.3500844944638715,5.366138458251953,2994059.0,0.0,0.0
2012-01-03,5.498586534214399,5.663143053677432,5.498586534214399,5.542735576629639,11121582.0,0.0,0.0
2012-01-04,5.538723194629691,5.590899044209176,5.4785194470325775,5.510627746582031,7638358.0,0.0,0.0
2012-01-05,5.454437947993733,5.594913359053663,5.414302847933671,5.510627746582031,11764627.0,0.0,0.0
2012-01-06,5.510626948140265,5.57484426960599,5.470491853895428,5.506613731384277,5855839.0,0.0,0.0
2012-01-09,5.546749825182605,5.60695283132232,5.4945732524131214,5.55879020690918,7676207.0,0.0,0.0
2012-01-10,5.631034368053312,5.7795358249107105,5.602939656036233,5.751441478729248,7871758.0,0.0,0.0
2012-01-11,5.767495254570553,5.940078932760179,5.763481672151363,5.911983489990234,9104134.0,0.0,0.0
2012-01-12,5.9360659637123065,6.020351208418927,5.83572675251628,5.9200119972229,5689534.0,0.0,0.0
2012-01-13,5.879874884176269,5.928038239480725,5.791576435985656,5.883889198303223,4661121.0,0.0,0.0
2012-01-17,5.968173445516617,6.008309268374684,5.887902165636076,5.9400787353515625,4757272.0,0.0,0.0
2012-01-18,5.984227707588103,6.092593323958788,5.964159431775244,6.080552577972412,7198893.0,0.0,0.0
2012-01-19,6.084566773304854,6.120689012733322,5.936064599267841,6.024363040924072,11738057.0,0.0,0.0
2012-01-20,6.016336262912775,6.176878452301025,6.016336262912775,6.176878452301025,5718589.0,0.0,0.0
2012-01-23,6.1487862567704745,6.237083626812578,6.100622525070995,6.144771575927734,5956768.0,0.0,0.0
2012-01-24,6.092593255170516,6.217014661460522,6.056471383454788,6.184906005859375,9853652.0,0.0,0.0
2012-01-25,6.16483849541384,6.2451094127083016,6.076540047387204,6.22504186630249,5427078.0,0.0,0.0
2012-01-26,6.249124549690052,6.349463752399798,6.084567657275628,6.160825729370117,8974339.0,0.0,0.0
2012-01-27,6.124704653510921,6.168853708897578,5.895931477411203,6.1086506843566895,14256140.0,0.0,0.0
2012-01-30,5.9521186183579395,6.060484958511555,5.590896996731835,5.687222957611084,17647036.0,0.0,0.0
2012-01-31,5.703277650259832,5.75946742827052,5.663141833226811,5.687222957611084,9014864.0,0.0,0.0
2012-02-01,5.711306592747665,5.831713730943471,5.691238675409081,5.719334125518799,7919929.0,0.0,0.0
2012-02-02,5.74742868201091,5.835726407064936,5.679197041997066,5.779536247253418,7981099.0,0.0,0.0
2012-02-03,5.851781217266385,6.000282687842999,5.795591056369901,5.98422908782959,11131140.0,0.0,0.0
2012-02-06,5.956133354133836,6.12871704558083,5.940079389059457,6.076540470123291,8450193.0,0.0,0.0
2012-02-07,5.928038341089454,5.984228496432897,5.847767056434438,5.907970428466797,7031441.0,0.0,0.0
2012-02-08,5.915998258530073,6.132730262472699,5.915998258530073,6.076540470123291,9213856.0,0.0,0.0
2012-02-09,6.0564730464700105,6.084568127835495,5.93606592073931,6.032391548156738,6747958.0,0.0,0.0
2012-02-10,5.944092797805542,5.968174294947825,5.819672460908371,5.863821506500244,4910578.0,0.0,0.0
2012-02-13,5.936065077490449,5.996268814721377,5.863820958648946,5.9802141189575195,5316017.0,0.0,0.0
2012-02-14,5.932052477945146,5.988242642004681,5.883890211851172,5.944093227386475,8221954.0,0.0,0.0
2012-02-15,5.964160115746753,5.964160115746753,5.843753007910241,5.883889198303223,7191820.0,0.0,0.0
2012-02-16,5.8919159116677715,6.044431686401367,5.8718487301062305,6.044431686401367,5555534.0,0.0,0.0
2012-02-17,6.072527623773842,6.084568006855417,5.972188415299257,6.0002827644348145,4903887.0,0.0,0.0
2012-02-21,6.004295516820016,6.020349478696917,5.871847679027775,6.012321949005127,6218651.0,0.0,0.0
2012-02-22,6.092593118910497,6.526058496489337,6.07653915730453,6.265176773071289,20077953.0,0.0,0.0
2012-02-23,6.2531373405508495,6.2531373405508495,5.996268794247185,6.188920021057129,11626996.0,0.0,0.0
2012-02-24,6.20096108464999,6.229056530854228,6.076540746117539,6.104636192321777,8362835.0,0.0,0.0
2012-02-27,6.084569181871752,6.176880876392557,5.956134867787818,6.1086506843566895,9341548.0,0.0,0.0
2012-02-28,6.104636295506175,6.124703478723057,5.968174474266467,6.052459716796875,5785494.0,0.0,0.0
2012-02-29,6.0644997336472315,6.124703108840355,5.9360654519548515,5.9561333656311035,12523894.0,0.0,0.0
2012-03-01,6.004295984077115,6.044431074810478,5.9039567939013535,5.936064720153809,13353315.0,0.0,0.0
2012-03-02,5.9440926971820955,5.968174193916719,5.835726327711927,5.83974027633667,8296313.0,0.0,0.0
2012-03-05,5.843753897288505,6.040419101715088,5.811645232755894,6.040419101715088,9923041.0,0.0,0.0
2012-03-06,5.976201460661919,6.040418786374674,5.859808289478842,5.863821506500244,10344920.0,0.0,0.0
2012-03-07,5.896378688096328,5.904516526412965,5.839408627093342,5.863824367523193,16125443.0,0.10463,0.0
2012-03-08,5.90858559009225,5.949278115781691,5.84754624518816,5.851615905761719,9685053.0,0.0,0.0
2012-03-09,5.876031970802948,5.969625273193548,5.835339069366455,5.835339069366455,9665555.0,0.0,0.0
2012-03-12,5.847546789459819,5.949278669522241,5.819062130099931,5.9207940101623535,5372790.0,0.0,0.0
2012-03-13,5.945209558344699,6.079495762759356,5.920794188289306,6.07542610168457,5478690.0,0.0,0.0
2012-03-14,6.083564682007479,6.140534744267837,6.018456410337543,6.07542610168457,4733568.0,0.0,0.0
2012-03-15,6.079495099709165,6.2219191270868235,6.059148651120946,6.217850208282471,5528199.0,0.0,0.0
2012-03-16,6.246335067171104,6.29109687928186,6.160879990488895,6.189365386962891,5854883.0,0.0,0.0
2012-03-19,6.164950141559059,6.319582797464131,6.144604432488567,6.242266654968262,3483224.0,0.0,0.0
2012-03-20,6.173088932445984,6.3277212134201655,6.160881062224866,6.2870283126831055,7424456.0,0.0,0.0
2012-03-21,6.315512657165527,6.343997312001033,6.250404026882633,6.315512657165527,5119510.0,0.0,0.0
2012-03-22,6.246334419645275,6.307373382891709,6.209710448236262,6.254472255706787,4679663.0,0.0,0.0
2012-03-23,6.246335108403214,6.327720154430309,6.217849711741185,6.315512657165527,4231787.0,0.0,0.0
2012-03-26,6.368415321932873,6.405039310455322,6.311445250096564,6.405039310455322,4970983.0,0.0,0.0
2012-03-27,6.421313371461542,6.470144101829423,6.303305093064858,6.319581508636475,5180297.0,0.0,0.0
2012-03-28,6.327720515136489,6.327720515136489,6.112049277770035,6.152741432189941,4913254.0,0.0,0.0
2012-03-29,6.091703010879507,6.164949484475729,5.981832187745293,6.1608805656433105,4428676.0,0.0,0.0
2012-03-30,6.193434664205875,6.278889004012002,6.095771713768517,6.238196849822998,5830989.0,0.0,0.0
2012-04-02,6.213780330218741,6.368412573791095,6.164948490232195,6.266680717468262,5272625.0,0.0,0.0
2012-04-03,6.266681635947682,6.319582030950577,6.1649493938011775,6.201573371887207,5526479.0,0.0,0.0
2012-04-04,6.140533975724384,6.156811505246253,6.063217472333616,6.095771789550781,9771455.0,0.0,0.0
2012-04-05,6.071356493214352,6.112049390209425,5.985902151351278,6.030663967132568,5380628.0,0.0,0.0
2012-04-09,5.91265517234526,6.006248474121095,5.888239802557067,6.006248474121094,3745871.0,0.0,0.0
2012-04-10,5.973693654939678,6.038802291379904,5.806853886801491,5.819061756134033,6104913.0,0.0,0.0
2012-04-11,5.900447323907086,5.96148593022391,5.8719619238601775,5.957417011260986,4855143.0,0.0,0.0
2012-04-12,5.969624993942472,6.140534430154162,5.933001755276146,6.132396221160889,4355273.0,0.0,0.0
2012-04-13,6.124257420119072,6.17715744577514,6.034733415292474,6.120187759399414,7524621.0,0.0,0.0
2012-04-16,6.103910881039445,6.103910881039445,5.497588563403216,5.652221202850342,16666794.0,0.0,0.0
2012-04-17,5.684775070063075,5.798714803012409,5.672567572705346,5.7051215171813965,7079421.0,0.0,0.0
2012-04-18,5.688843644655249,5.705121172279115,5.603389313750958,5.61966609954834,6824038.0,0.0,0.0
2012-04-19,5.60745997535853,5.66036074761556,5.5423513325806475,5.591183185577393,6951156.0,0.0,0.0
2012-04-20,5.615598009098803,5.6481523273189955,5.578974772014382,5.595251560211182,5609631.0,0.0,0.0
2012-04-23,5.534209855932919,5.538279143704164,5.436547320336147,5.509793758392334,8088719.0,0.0,0.0
2012-04-24,5.534209855932919,5.583040938274748,5.489448061362335,5.509793758392334,3855020.0,0.0,0.0
2012-04-25,5.570836743139678,5.615598564203878,5.4528273279261805,5.603390693664551,5520171.0,0.0,0.0
2012-04-26,5.603389946128962,5.619666733763282,5.526073813941126,5.574904918670654,4149972.0,0.0,0.0
2012-04-27,5.635944476997448,5.72546885240496,5.5789747908332386,5.70919132232666,6132057.0,0.0,0.0
2012-04-30,5.680706543314791,5.680706543314791,5.554558562481578,5.62373685836792,3894207.0,0.0,0.0
2012-05-01,5.672568205937475,5.7539532616692926,5.644082805878719,5.660360336303711,3425878.0,0.0,0.0
2012-05-02,5.668497541455154,5.753952619352103,5.652220754673761,5.7051215171813965,5555725.0,0.0,0.0
2012-05-03,5.688843633021381,5.705121160611959,5.554557832259838,5.607458591461182,4753448.0,0.0,0.0
2012-05-04,5.57490532381188,5.583043903677131,5.420273419112036,5.432481288909912,4953014.0,0.0,0.0
2012-05-07,5.428410607985195,5.538281423027005,5.363301976849307,5.497588157653809,7907313.0,0.0,0.0
2012-05-08,5.444688394775569,5.546420264834496,5.383649050192242,5.513865947723389,8361879.0,0.0,0.0
2012-05-09,5.444688556632953,5.603390115440847,5.428411026680224,5.542350769042969,5260009.0,0.0,0.0
2012-05-10,5.599322051330322,5.599322051330322,5.408066119909802,5.42027473449707,5548462.0,0.0,0.0
2012-05-11,5.383648833278867,5.460964962389309,5.371440964854071,5.440618515014648,4861642.0,0.0,0.0
2012-05-14,5.387718570463375,5.473172908828473,5.342956385601083,5.448757171630859,4935237.0,0.0,0.0
2012-05-15,5.452826383439445,5.554558249399479,5.412133859603393,5.440618515014648,6396998.0,0.0,0.0
2012-05-16,5.4894509770533615,5.542351004350874,5.428411257150665,5.432481288909912,8442546.0,0.0,0.0
2012-05-17,5.448756646119102,5.473172380961912,5.3226094245910645,5.3226094245910645,9227046.0,0.0,0.0
2012-05-18,5.363302173764187,5.375510784376941,5.229017100769177,5.273778915405273,7462495.0,0.0,0.0
2012-05-21,5.285987288183406,5.330749478000628,5.216809729379193,5.237155437469482,7077892.0,0.0,0.0
2012-05-22,5.261571177369786,5.359233766057685,5.1883243285821905,5.237155437469482,10134649.0,0.0,0.0
2012-05-23,5.208669846505185,5.257500946655066,5.058106514973782,5.216808795928955,9214048.0,0.0,0.0
2012-05-24,5.253432061703066,5.334817476412306,5.159838408237199,5.330748558044434,7223552.0,0.0,0.0
2012-05-25,5.338887260279465,5.408064818359866,5.281917572021484,5.281917572021484,4708718.0,0.0,0.0
2012-05-29,5.342957134420476,5.3999271958659705,5.2900563630782305,5.355165004730225,5258480.0,0.0,0.0
2012-05-30,5.298194390184546,5.310401887451961,5.18832357655845,5.257501125335693,5178195.0,0.0,0.0
2012-05-31,5.302263376475208,5.342956270931219,5.159838616792439,5.314471244812012,5970532.0,0.0,0.0
2012-06-01,5.155770168590577,5.167978038919283,5.001137515340292,5.0174150466918945,10152427.0,0.0,0.0
2012-06-04,5.017416292231763,5.07031707678842,4.9523080052292965,5.0377631187438965,7919356.0,0.0,0.0
2012-06-05,5.005207903565518,5.1842559393051815,4.952307128375454,5.106939792633057,6836463.0,0.0,0.0
2012-06-06,5.1606976656276675,5.321969349890993,5.131751707503564,5.313699722290039,6582609.0,0.10463,0.0
2012-06-07,5.4170789376992134,5.421213751365591,5.239265742480023,5.251671314239502,4725731.0,0.0,0.0
2012-06-08,5.210320617135335,5.264077345613087,5.140021994106969,5.259942531585693,4735671.0,0.0,0.0
2012-06-11,5.330241716467678,5.350917676308954,5.1855099975787455,5.21032190322876,6593123.0,0.0,0.0
2012-06-12,5.210321421896399,5.305430074539596,5.193780278631217,5.288888931274414,4764153.0,0.0,0.0
2012-06-13,5.288887824708096,5.297158583070344,5.197914759605168,5.206184387207031,4859731.0,0.0,0.0
2012-06-14,5.235131098598551,5.34678049421462,5.168968047068877,5.313699722290039,5307033.0,0.0,0.0
2012-06-15,5.3509171601247205,5.392268321977788,5.313700812920795,5.363322734832764,4343230.0,0.0,0.0
2012-06-18,5.346781432646042,5.379862587296935,5.2930243207632195,5.334375858306885,5091601.0,0.0,0.0
2012-06-19,5.355050735754096,5.433619357392963,5.34264516391638,5.417078971862793,8601205.0,0.0,0.0
2012-06-20,5.429485321456211,5.479107242439933,5.334375917140363,5.396403789520264,5369541.0,0.0,0.0
2012-06-21,5.412943866426968,5.702406123413874,5.3426459920370535,5.570080757141113,13875551.0,0.0,0.0
2012-06-22,5.6486487281042645,5.665189114257257,5.557674908122213,5.582485675811768,8387112.0,0.0,0.0
2012-06-25,5.508052956002929,5.516322583639443,5.441889904188754,5.458430290222168,5925037.0,0.0,0.0
2012-06-26,5.520457977575954,5.884352464736225,5.520457977575954,5.805784225463867,13213963.0,0.0,0.0
2012-06-27,5.822326510539085,6.00427416687841,5.789244981415511,5.958787441253662,8907626.0,0.0,0.0
2012-06-28,5.933975212099385,6.091111316015444,5.892623308237188,6.0621657371521,7672766.0,0.0,0.0
2012-06-29,6.182085476718036,6.186221421178023,6.041489749486785,6.091111660003662,5866734.0,0.0,0.0
2012-07-02,6.186222252312095,6.206897454348369,6.0125442229485415,6.140735149383545,5354248.0,0.0,0.0
2012-07-03,6.165545995801781,6.223438292513285,6.082842553248138,6.128329277038574,3629458.0,0.0,0.0
2012-07-05,6.107653896355373,6.124194284884956,5.975328149677409,6.095248699188232,5895408.0,0.0,0.0
2012-07-06,6.016678982688405,6.11178761310241,6.012543415148537,6.091111660003662,4654048.0,0.0,0.0
2012-07-09,6.0621657371521,6.070435364084345,5.983597119813925,6.0621657371521,4928546.0,0.0,0.0
2012-07-10,6.082842298816128,6.1035174989794765,5.933975806910212,6.012543678283691,7147281.0,0.0,0.0
2012-07-11,6.020814691968838,6.020814691968838,5.826461457771294,5.909164905548096,9135865.0,0.0,0.0
2012-07-12,5.87608319779374,5.942245493220231,5.834731292002039,5.88848876953125,6172009.0,0.0,0.0
2012-07-13,5.942246316130958,6.041490526854737,5.909164786916309,5.917435169219971,6290334.0,0.0,0.0
2012-07-16,5.9835977877648965,6.368169028932756,5.752028231046698,6.07457160949707,18944022.0,0.0,0.0
2012-07-17,6.1117876064774785,6.149004322014884,6.00013783678538,6.058030128479004,8235526.0,0.0,0.0
2012-07-18,6.05802937106879,6.132463169757571,6.008407466809722,6.111786842346191,6068976.0,0.0,0.0
2012-07-19,6.149002609660246,6.306139432361323,6.103515525559404,6.144867420196533,6996460.0,0.0,0.0
2012-07-20,6.099384324324784,6.169682209909696,6.058032028283871,6.124195098876953,4997362.0,0.0,0.0
2012-07-23,6.03322030701315,6.058031077672072,5.867813410326176,5.913300514221191,6472504.0,0.0,0.0
2012-07-24,5.929840898011382,5.933976466191714,5.752028804585245,5.814055919647217,5954666.0,0.0,0.0
2012-07-25,5.863676513106633,5.917433987343572,5.797514221732121,5.805784225463867,6073373.0,0.0,0.0
2012-07-26,5.913299868427292,5.938110636376621,5.785109707108667,5.851271629333496,7518886.0,0.0,0.0
2012-07-27,5.892624086785263,6.004273865044544,5.826461031864121,5.946381568908691,8359012.0,0.0,0.0
2012-07-30,5.991869613888188,6.008409626385997,5.826461950505972,5.855408668518066,6345004.0,0.0,0.0
2012-07-31,5.863677639666482,5.871948398827431,5.80578534090115,5.8347320556640625,5311430.0,0.0,0.0
2012-08-01,5.863678297846764,5.892625015858858,5.818192321177274,5.855408668518066,16813219.0,0.0,0.0
2012-08-02,5.8099210848595995,5.859543002886642,5.690000538737156,5.789245128631592,9313448.0,0.0,0.0
2012-08-03,5.876084641155116,6.066302323760368,5.8678138810450875,5.979464054107666,6375780.0,0.0,0.0
2012-08-06,5.996002998995643,6.066300862252581,5.979462613521159,6.033219337463379,4247461.0,0.0,0.0
2012-08-07,6.074571274444782,6.1283287525015275,6.045624940106534,6.091111660003662,6263572.0,0.0,0.0
2012-08-08,6.0828425205176755,6.21103268617199,6.078706575725939,6.190356731414795,5784156.0,0.0,0.0
2012-08-09,6.20689789491949,6.297871730313824,6.107654053507668,6.235844612121582,7131033.0,0.0,0.0
2012-08-10,6.198627888902002,6.244114995059267,6.1696815486201055,6.235844612121582,4360052.0,0.0,0.0
2012-08-13,6.2193026844183255,6.314412076198407,6.190356724709753,6.310276508331299,3803982.0,0.0,0.0
2012-08-14,6.335088452520854,6.388844804449916,6.314412120720121,6.347493648529053,5687240.0,0.0,0.0
2012-08-15,6.32268189860316,6.347493798887903,6.211032870363735,6.244114398956299,4673737.0,0.0,0.0
2012-08-16,6.260654490117363,6.446737325805941,6.248248917482106,6.417791366577148,5472191.0,0.0,0.0
2012-08-17,6.47154828060215,6.496359425142408,6.438467508388733,6.483953475952148,4480288.0,0.0,0.0
2012-08-20,6.463278212295275,6.533576081645805,6.426061116761239,6.442602634429932,6254014.0,0.0,0.0
2012-08-21,6.442602310894138,6.521170558213309,6.405385971069336,6.405385971069336,5380436.0,0.0,0.0
2012-08-22,6.3764403675391605,6.434332294256362,6.273060957749368,6.335089206695557,7808486.0,0.0,0.0
2012-08-23,6.339224059642005,6.372305591589583,6.297871767787332,6.351629257202148,3711081.0,0.0,0.0
2012-08-24,6.310275257045598,6.401248685998996,6.273058922822857,6.372303485870361,3393955.0,0.0,0.0
2012-08-27,6.372305127056212,6.397115520367852,6.223438621064492,6.231709003448486,4399430.0,0.0,0.0
2012-08-28,6.223438758754729,6.26478991774923,6.198627611053814,6.215167999267578,3746827.0,0.0,0.0
2012-08-29,6.2358442948993345,6.277195453643799,6.211033147348443,6.277195453643799,4024384.0,0.0,0.0
2012-08-30,6.244114538554138,6.297871269878559,6.219303014634851,6.260654926300049,17197822.0,0.0,0.0
2012-08-31,6.302006503357527,6.330952086145951,6.223438252285433,6.310276508331299,12393336.0,0.0,0.0
2012-09-04,6.2771942702829575,6.496358988745939,6.2606538852873586,6.488088607788086,13849936.0,0.0,0.0
2012-09-05,6.513223029466959,6.580240378500432,6.387566263603039,6.517411231994629,5897893.0,0.10463,0.0
2012-09-06,6.563484972407684,6.7435936868183175,6.529976303347685,6.7268385887146,6137601.0,0.0,0.0
2012-09-07,6.735216519553318,6.785478759569598,6.672387383278961,6.7268385887146,5272625.0,0.0,0.0
2012-09-10,6.722650238025464,6.839930577138803,6.722650238025464,6.827364444732666,8710163.0,0.0,0.0
2012-09-11,6.848309054453061,7.267165961418565,6.827365750960477,7.120565891265869,20389918.0,0.0,0.0
2012-09-12,7.16245198519659,7.183393762273954,7.057737754792649,7.175017356872559,9114838.0,0.0,0.0
2012-09-13,7.195958281443291,7.376066992175544,7.11637557583798,7.313238620758057,8647273.0,0.0,0.0
2012-09-14,7.329993351923203,7.484970585911122,7.288107509821897,7.363502025604248,7801222.0,0.0,0.0
2012-09-17,7.355124210501691,7.476593523702481,7.275541499293248,7.4221415519714355,17089438.0,0.0,0.0
2012-09-18,7.443086323353879,7.560365930520833,7.262977564360223,7.342560291290283,8621276.0,0.0,0.0
2012-09-19,7.388632363432049,7.7195285548149055,7.342558326187404,7.660889148712158,16974745.0,0.0,0.0
2012-09-20,7.619005680189293,7.9959759881485555,7.60225057889628,7.849376678466797,19858698.0,0.0,0.0
2012-09-21,7.916393122752116,7.916393122752116,7.635759116387093,7.853564739227295,15074283.0,0.0,0.0
2012-09-24,8.088125665150615,8.37294867166259,7.644137197752804,7.70277738571167,11177399.0,0.0,0.0
2012-09-25,7.753038365565626,7.753038365565626,7.598061896803556,7.602250099182129,7718643.0,0.0,0.0
2012-09-26,7.602250457980531,7.669267807791198,7.472404724509286,7.501725196838379,7450453.0,0.0,0.0
2012-09-27,7.535230613792718,7.6231904656017555,7.497532989036331,7.572927474975586,6028069.0,0.0,0.0
2012-09-28,7.543607165530234,7.5561732952237515,7.409574048338652,7.434704780578613,7914959.0,0.0,0.0
2012-10-01,7.560365096080483,7.69858799312526,7.48915954634804,7.526856422424316,9307331.0,0.0,0.0
2012-10-02,7.543607720508404,7.639945510001087,7.476591920555842,7.560362815856934,8512127.0,0.0,0.0
2012-10-03,7.564553264541475,7.639947779929387,7.543609961813479,7.581308364868164,6001116.0,0.0,0.0
2012-10-04,7.639947378849056,7.744661596270315,7.572930035355842,7.6776442527771,6492002.0,0.0,0.0
2012-10-05,7.74047273678945,7.8158672492544605,7.681832560427776,7.711153030395508,5203045.0,0.0,0.0
2012-10-08,7.706963887516457,7.719529257518376,7.564552797483767,7.606438636779785,4490037.0,0.0,0.0
2012-10-09,7.610627721701753,7.631571025565924,7.447274074860067,7.493348121643066,5180106.0,0.0,0.0
2012-10-10,7.44727305502259,7.543609338024712,7.376067511497864,7.4221415519714355,5745733.0,0.0,0.0
2012-10-11,7.472404181015274,7.551987659913984,7.405387599652808,7.430519104003906,3615886.0,0.0,0.0
2012-10-12,7.468215048919798,7.581307186206198,7.321615006910936,7.49753475189209,6351886.0,0.0,0.0
2012-10-15,7.614815823025895,7.727907982525394,7.020039898240357,7.4765944480896,12767999.0,0.0,0.0
2012-10-16,7.518479322940536,7.828433793527954,7.422142267082738,7.80330228805542,8945475.0,0.0,0.0
2012-10-17,7.7488527244260075,7.85356698138747,7.736287349563222,7.832624435424805,5317546.0,0.0,0.0
2012-10-18,7.828431351794462,7.840996718824602,7.765602225922984,7.7991108894348145,7365962.0,0.0,0.0
2012-10-19,7.799113815903918,7.824244559394033,7.535234137092813,7.63994836807251,7481420.0,0.0,0.0
2012-10-22,7.510100876496188,7.70277495542547,7.489158340619671,7.593872547149658,4600333.0,0.0,0.0
2012-10-23,7.484970136806635,7.510101640559507,7.309050374110308,7.4724040031433105,5203809.0,0.0,0.0
2012-10-24,7.497536072308144,7.497536072308144,7.371880071215238,7.438896656036377,5102497.0,0.0,0.0
2012-10-25,7.4849695896400865,7.489158555079565,7.0200387131337925,7.053547382354736,10319879.0,0.0,0.0
2012-10-26,7.05354885343603,7.116377239541866,6.953023588381469,7.015851974487305,5859662.0,0.0,0.0
2012-10-31,7.103812310750412,7.154074564625152,6.994909106278296,7.078680038452148,5141302.0,0.0,0.0
2012-11-01,7.124755528328867,7.233658743125034,7.087058643455657,7.2294697761535645,5085102.0,0.0,0.0
2012-11-02,7.296485357647729,7.313240459622211,7.091245857601377,7.183393955230713,15588872.0,0.0,0.0
2012-11-05,7.128941254483681,7.246220822759491,7.103809754801654,7.137317657470703,5542345.0,0.0,0.0
2012-11-06,7.200146857392644,7.434705996189796,7.187580725644502,7.384443759918213,7678309.0,0.0,0.0
2012-11-07,7.3048624329195055,7.334182139891807,7.057737115881206,7.070302486419678,5780141.0,0.0,0.0
2012-11-08,7.082868651090694,7.162452139861209,6.923703200697445,6.9655890464782715,5470088.0,0.0,0.0
2012-11-09,6.923700838423426,7.225277298003743,6.848307105315162,7.166637897491455,6833596.0,0.0,0.0
2012-11-12,7.170827098936611,7.200147566855579,6.994907345717752,7.032604217529297,3757149.0,0.0,0.0
2012-11-13,7.036792422316246,7.170826323713407,6.9907183880193555,7.137317657470703,6015071.0,0.0,0.0
2012-11-14,7.1415066619118495,7.170826363249039,6.965586926741392,7.02003812789917,7892594.0,0.0,0.0
2012-11-15,7.0200387131337925,7.112186789917666,6.973963911168133,7.053547382354736,6991681.0,0.0,0.0
2012-11-16,7.032606085785783,7.116377782703408,6.915326473675048,7.112188816070557,5685520.0,0.0,0.0
2012-11-19,7.183391992677317,7.279729793947474,7.124752587869856,7.275540828704834,5111290.0,0.0,0.0
2012-11-20,7.267164975218344,7.3467469215393075,7.22946733947704,7.346746921539307,4870626.0,0.0,0.0
2012-11-21,7.350938606099659,7.405389833498762,7.30905275287957,7.367692947387695,3329536.0,0.0,0.0
2012-11-23,7.392821901719897,7.46821641921997,7.321616350312303,7.468216419219971,1808134.0,0.0,0.0
2012-11-26,7.434707200589378,7.501724544572974,7.363501654393701,7.397010326385498,4343804.0,0.0,0.0
2012-11-27,7.376066868238582,7.459837774196431,7.334181033472813,7.359312534332275,4112506.0,0.0,0.0
2012-11-28,7.338372104704673,7.459839915023741,7.288108324987344,7.451462745666504,5007493.0,0.0,0.0
2012-11-29,7.49753578508033,7.623193308507013,7.459838909839228,7.610627174377441,6992446.0,0.0,0.0
2012-11-30,7.631569425076741,7.635757626826911,7.464026847169628,7.49753475189209,5071721.0,0.0,0.0
2012-12-03,7.5059127010890565,7.585496178371964,7.480781960821989,7.556175708770752,3953083.0,0.0,0.0
2012-12-04,7.5561768249793255,7.581309096106526,7.376068832874794,7.388634204864502,4974423.0,0.0,0.0
2012-12-05,7.439474535097297,7.659777978000367,7.253064048384021,7.621648788452148,11206646.0,0.10463,0.0
2012-12-06,7.583520915706142,7.642833605377936,7.558101191561087,7.575048446655273,5064266.0,0.0,0.0
2012-12-07,7.62588421903665,7.6513039335030735,7.5538620808803785,7.583518028259277,4724775.0,0.0,0.0
2012-12-10,7.549627152933593,7.634359549134475,7.439475037872448,7.562337398529053,4876743.0,0.0,0.0
2012-12-11,7.617412102524288,7.647068826600581,7.549626959629837,7.613175868988037,4232360.0,0.0,0.0
2012-12-12,7.630118544813819,7.778400561637042,7.6004633771777,7.659775257110596,6744900.0,0.0,0.0
2012-12-13,7.659776239881436,7.685195951255667,7.443709851696119,7.49454927444458,4726687.0,0.0,0.0
2012-12-14,7.4903111622463285,7.519967101632974,7.4055788035268915,7.456418991088867,3030761.0,0.0,0.0
2012-12-17,7.481838859231356,7.655539830098577,7.469129390003944,7.647066593170166,3125191.0,0.0,0.0
2012-12-18,7.6724884436437515,8.002943231347537,7.60893953512348,7.905501365661621,17187118.0,0.0,0.0
2012-12-19,7.926685303285575,7.973287735887647,7.8673726248543305,7.913974285125732,5069619.0,0.0,0.0
2012-12-20,7.892790447551096,8.053780419945952,7.884317209811317,8.036834716796875,4495963.0,0.0,0.0
2012-12-21,7.969051908069543,7.985998390126888,7.8419532926394595,7.858900547027588,7449497.0,0.0,0.0
2012-12-24,7.825008095583863,7.858901061919117,7.736038672788403,7.782641887664795,1394284.0,0.0,0.0
2012-12-26,7.786876376950791,7.795348843464432,7.613175366809453,7.693670749664307,2533184.0,0.0,0.0
2012-12-27,7.7148552328957285,7.727564706644105,7.41829260723965,7.587756633758545,6016218.0,0.0,0.0
2012-12-28,7.5284435051308645,7.553862448503828,7.447947352571094,7.460657596588135,3494885.0,0.0,0.0
2012-12-31,7.460659860313217,7.634360917493327,7.447949612439612,7.630123138427734,3992461.0,0.0,0.0
2013-01-02,7.778404207393267,7.888555555179975,7.769930195053545,7.833479881286621,7629182.0,0.0,0.0
2013-01-03,7.837714036712284,7.867370755044837,7.748745426375599,7.829240798950195,5657993.0,0.0,0.0
2013-01-04,7.850426933156519,7.99447125147203,7.80805995769452,7.973288536071777,4971365.0,0.0,0.0
2013-01-07,7.913972386842647,8.036834720288073,7.90549992142967,7.960575580596924,4718658.0,0.0,0.0
2013-01-08,7.926681995391845,7.956337936066374,7.8080559157026865,7.926681995391846,4547192.0,0.0,0.0
2013-01-09,7.939394799453139,8.049546144523578,7.918212086118261,7.9521050453186035,4699160.0,0.0,0.0
2013-01-10,8.019889528369367,8.074965973985952,7.985997341037746,8.045310020446777,5867308.0,0.0,0.0
2013-01-11,8.070727519730944,8.070727519730944,7.960575431134099,8.024125099182129,3677055.0,0.0,0.0
2013-01-14,8.028362735613337,8.12156759300836,8.019888724216766,8.104621887207031,2947035.0,0.0,0.0
2013-01-15,8.058019565595801,8.248667079221168,8.041073085614403,8.219010353088379,4119770.0,0.0,0.0
2013-01-16,8.180877679734305,8.261373039243615,8.053779133932478,8.130038261413574,3105693.0,0.0,0.0
2013-01-17,8.20206286713794,8.379999323702593,8.096147776383141,8.33763313293457,5585546.0,0.0,0.0
2013-01-18,8.358819769424239,8.409659217534632,8.337636279879503,8.40542221069336,4554074.0,0.0,0.0
2013-01-22,8.388473319993773,8.524043585561026,8.375763076619611,8.490151405334473,4122446.0,0.0,0.0
2013-01-23,8.53251774361572,8.625722592429295,8.473205075614926,8.600303649902344,4741023.0,0.0,0.0
2013-01-24,8.60453987121582,8.731637673000414,8.570646918118454,8.60453987121582,6483591.0,0.0,0.0
2013-01-25,8.642670673904131,8.642670673904131,8.498626368627244,8.536755561828613,4547383.0,0.0,0.0
2013-01-28,8.50286117023551,8.536753348554882,8.31221370899535,8.515570640563965,5015331.0,0.0,0.0
2013-01-29,8.460495809563298,8.460495809563298,8.30374128363862,8.396946907043457,4260842.0,0.0,0.0
2013-01-30,8.413893605274803,8.430840084258675,8.269849306242534,8.291032791137695,3733637.0,0.0,0.0
2013-01-31,8.29950572776835,8.346108933775476,8.202064626595204,8.316452980041504,3757532.0,0.0,0.0
2013-02-01,8.375766252127704,8.511337341424605,8.367293010775972,8.40542221069336,9072593.0,0.0,0.0
2013-02-04,8.214774110789243,8.214774110789243,7.78687742252685,7.841952323913574,16592626.0,0.0,0.0
2013-02-05,7.897028577904618,8.007179922660544,7.863135618801049,7.913974285125732,7056291.0,0.0,0.0
2013-02-06,7.973288270316357,8.252903657001346,7.973288270316357,8.18088150024414,9847726.0,0.0,0.0
2013-02-07,8.193589558418555,8.20629980290283,8.002942842129718,8.151224136352539,7018634.0,0.0,0.0
2013-02-08,8.142751795852805,8.282559866621153,8.134278556038643,8.26137638092041,4508770.0,0.0,0.0
2013-02-11,8.278322689834155,8.341871600964541,8.202064305409955,8.303742408752441,3536748.0,0.0,0.0
2013-02-12,8.329162243349485,8.452023061331555,8.30374252407816,8.418130874633789,4005842.0,0.0,0.0
2013-02-13,8.447786367152666,8.447786367152666,8.350345273753168,8.388474464416504,4601863.0,0.0,0.0
2013-02-14,8.329162358517365,8.490153143797787,8.299505632792087,8.485916137695312,4633977.0,0.0,0.0
2013-02-15,8.545227062369817,8.55793653340646,8.464731686256345,8.540990829467773,4322585.0,0.0,0.0
2013-02-19,8.532518655890865,8.744348863354373,8.507098938315568,8.706219673156738,5562798.0,0.0,0.0
2013-02-20,8.706218586927278,8.727401296098527,8.540990829467773,8.540990829467773,5248731.0,0.0,0.0
2013-02-21,8.536755338947968,8.536755338947968,8.295269167759637,8.350345611572266,7517548.0,0.0,0.0
2013-02-22,8.371526552838821,8.439312461851395,8.269848461650522,8.41389274597168,3831126.0,0.0,0.0
2013-02-25,8.456258977649574,8.46473144321039,8.100383758544922,8.100383758544922,5711134.0,0.0,0.0
2013-02-26,8.15122016009999,8.189349330291822,8.002938938210338,8.142746925354004,5689916.0,0.0,0.0
2013-02-27,8.15122482904739,8.45202290399877,8.15122482904739,8.40965747833252,5365144.0,0.0,0.0
2013-02-28,8.422364708069388,8.61301137229391,8.384234757360181,8.502860069274902,5017433.0,0.0,0.0
2013-03-01,8.468970115578898,8.566411984346802,8.392710959544198,8.562175750732422,4650416.0,0.0,0.0
2013-03-04,8.549460932188683,8.701978404124977,8.477438814116832,8.668087005615234,4346671.0,0.0,0.0
2013-03-05,8.740111951435143,8.896865705818188,8.697744986434618,8.833316802978516,5446385.0,0.0,0.0
2013-03-06,8.82904357741683,9.0429254984077,8.769156421192266,8.773433685302734,6373677.0,0.10463,0.0
2013-03-07,8.824763503598442,9.021533966064453,8.799097587673948,9.021533966064453,5100203.0,0.0,0.0
2013-03-08,9.0899769925808,9.243971718211379,8.961647404712865,9.235416412353516,7052086.0,0.0,0.0
2013-03-11,9.196919616446554,9.23969615359891,9.060034697559015,9.218307495117188,5494938.0,0.0,0.0
2013-03-12,9.18408704520639,9.222585538737967,9.072868048610264,9.218307495117188,3448816.0,0.0,0.0
2013-03-13,9.2225846537186,9.31241498321269,9.158420244052966,9.308136940002441,3782955.0,0.0,0.0
2013-03-14,9.325249377245939,9.410802460075027,9.231141765945106,9.37230396270752,4453144.0,0.0,0.0
2013-03-15,9.393690006097295,9.406523355917027,9.27819375677475,9.308136940002441,3744151.0,0.0,0.0
2013-03-18,9.171253443059275,9.355191378061816,9.115644336189254,9.282471656799316,3273718.0,0.0,0.0
2013-03-19,9.32524720100899,9.406523000634838,9.24824944443181,9.36374568939209,5669654.0,0.0,0.0
2013-03-20,9.427910270641537,9.457854233101928,9.376579211787002,9.440744400024414,3064404.0,0.0,0.0
2013-03-21,9.376579392878323,9.45357715236369,9.248249793736044,9.308136940002441,4383181.0,0.0,0.0
2013-03-22,9.359470207694503,9.397968703405647,9.222586060868448,9.26108455657959,3104929.0,0.0,0.0
2013-03-25,9.316693808011545,9.355192304300747,9.107089150856682,9.265362739562988,4770079.0,0.0,0.0
2013-03-26,9.325246497150001,9.376578330993652,9.282469968946959,9.376578330993652,4142326.0,0.0,0.0
2013-03-27,9.320970002527748,9.41080111657949,9.218307097600265,9.355191230773926,3134367.0,0.0,0.0
2013-03-28,9.359469274210223,9.393690502456401,9.291026817717867,9.355191230773926,4048087.0,0.0,0.0
2013-04-01,9.34663446678796,9.393688254460525,9.017256393458274,9.07286548614502,6517808.0,0.0,0.0
2013-04-02,9.132751845564103,9.175527587191034,9.04292154045027,9.094252586364746,3479401.0,0.0,0.0
2013-04-03,9.085701366847866,9.111367289046585,8.8204868374611,8.876096725463867,4599186.0,0.0,0.0
2013-04-04,8.888930827761545,8.914596754381177,8.764880018816811,8.837599754333496,4939442.0,0.0,0.0
2013-04-05,8.653659279811338,8.777710843858443,8.568106208119865,8.764878273010254,8325942.0,0.0,0.0
2013-04-08,8.790543348091267,8.94881534576416,8.764877429055154,8.94881534576416,3746062.0,0.0,0.0
2013-04-09,8.983035821664142,9.000145653116373,8.88037215408522,8.888927459716797,4475318.0,0.0,0.0
2013-04-10,8.91459504001923,9.291026998426615,8.91459504001923,9.278194427490234,7440895.0,0.0,0.0
2013-04-11,9.278192706032115,9.500629872877017,9.205472997992404,9.376578330993652,4840233.0,0.0,0.0
2013-04-12,9.32524720100899,9.457854058541976,9.278193406339538,9.36374568939209,4543560.0,0.0,0.0
2013-04-15,9.278193251956719,9.282470515123233,9.000146192182239,9.008702278137207,4267724.0,0.0,0.0
2013-04-16,9.081420127589993,9.119919387246146,8.987311779310389,9.102807998657227,4283207.0,0.0,0.0
2013-04-17,9.012977968339571,9.030087796350198,8.811928716343589,8.816205978393555,4920327.0,0.0,0.0
2013-04-18,8.807652018218059,8.897483112890793,8.576660337009654,8.598048210144043,5784156.0,0.0,0.0
2013-04-19,8.593772654448733,8.760600764529762,8.555274159742,8.730657577514648,4537061.0,0.0,0.0
2013-04-22,8.75632074872669,9.021533644195804,8.70926618130514,8.995867729187012,8209529.0,0.0,0.0
2013-04-23,9.060034704182383,9.10281124136601,8.491109488978937,8.54671859741211,14629657.0,0.0,0.0
2013-04-24,8.542440416364691,8.790543525578864,8.354224452777286,8.640825271606445,10511033.0,0.0,0.0
2013-04-25,8.653657403232295,8.829040772261722,8.640824055356003,8.786263465881348,5349469.0,0.0,0.0
2013-04-26,8.781986203129845,8.846150603078621,8.68787862448788,8.786263465881348,3362223.0,0.0,0.0
2013-04-29,8.726378407977338,8.816208737244821,8.542440486053922,8.555273056030273,5830224.0,0.0,0.0
2013-04-30,8.56382825533074,8.713544949026893,8.555272948850018,8.6237154006958,5138052.0,0.0,0.0
2013-05-01,8.632268749427064,8.679323318555587,8.482552076160884,8.529605865478516,3485136.0,0.0,0.0
2013-05-02,8.585216700859243,8.75204478323587,8.563828045276558,8.683602333068848,4106007.0,0.0,0.0
2013-05-03,8.752043870936824,8.867539323838143,8.730655217583658,8.777709007263184,3825200.0,0.0,0.0
2013-05-06,8.790542669726783,8.841873724026817,8.717822961308386,8.726377487182617,3360885.0,0.0,0.0
2013-05-07,8.769154442454136,8.816208236107435,8.700711993641363,8.760599136352539,4474936.0,0.0,0.0
2013-05-08,8.73065599489623,8.863262850172948,8.670768851910719,8.854706764221191,4432691.0,0.0,0.0
2013-05-09,8.871820174655923,9.034369468688965,8.799100445820953,9.034369468688965,4367124.0,0.0,0.0
2013-05-10,9.042924094034163,9.402245415956363,9.008702867220427,9.39369010925293,7206539.0,0.0,0.0
2013-05-13,9.393691861283543,9.419357786180832,9.21403038700251,9.295306205749512,4151119.0,0.0,0.0
2013-05-14,9.295304929409564,9.372302693528859,9.209751858165903,9.346636772155762,4152840.0,0.0,0.0
2013-05-15,9.320967803240109,9.410798896096155,9.188361744791223,9.248248100280762,4182851.0,0.0,0.0
2013-05-16,9.192644720085966,9.192644720085966,8.90176497234864,8.910320281982422,6653910.0,0.0,0.0
2013-05-17,9.000146750874265,9.235417294533375,8.961648260741928,9.22258472442627,5597206.0,0.0,0.0
2013-05-20,9.218307589189894,9.368025080845463,9.218307589189894,9.303860664367676,4493287.0,0.0,0.0
2013-05-21,9.303861391672635,9.325249272233474,9.154143888313294,9.214030265808105,2325208.0,0.0,0.0
2013-05-22,9.154140168235218,9.30385761075208,8.99586742100851,9.047199249267578,4784989.0,0.0,0.0
2013-05-23,8.944538291937109,9.060033760587519,8.807653387205947,9.042923927307129,4631492.0,0.0,0.0
2013-05-24,8.991590298351,9.081420609295538,8.927425122124172,9.051477432250977,3255176.0,0.0,0.0
2013-05-28,9.16269757770073,9.248249864640483,9.115643780893315,9.22258472442627,3641118.0,0.0,0.0
2013-05-29,9.16269757770073,9.248249864640483,9.089977860868084,9.22258472442627,3256897.0,0.0,0.0
2013-05-30,9.252529248664766,9.36374747174635,9.24825120480179,9.26108455657959,2942447.0,0.0,0.0
2013-05-31,9.209753922228796,9.496355605410796,9.196921348571777,9.196921348571777,4641241.0,0.0,0.0
2013-06-03,9.188363651558417,9.205474265195038,8.68788015221481,8.89748477935791,7477405.0,0.0,0.0
2013-06-04,9.030089612732354,9.286748001868736,8.816207751753856,8.888927459716797,8316193.0,0.0,0.0
2013-06-05,8.854376878180076,8.936441762018518,8.56067114389292,8.573628425598145,6467343.0,0.10463,0.0
2013-06-06,8.556350343914724,8.776630401611328,8.517477716775664,8.776630401611328,5176092.0,0.0,0.0
2013-06-07,8.828462568562594,8.992593142985681,8.750716506993765,8.979634284973145,3355724.0,0.0,0.0
2013-06-10,8.988274964130364,8.996913416800208,8.798229005393786,8.82414436340332,2967871.0,0.0,0.0
2013-06-11,8.69888716018729,8.841421222099266,8.599545357550104,8.711844444274902,3680305.0,0.0,0.0
2013-06-12,8.798226557752086,8.832780358818694,8.56067114389292,8.573628425598145,3662145.0,0.0,0.0
2013-06-13,11.01398059860895,11.553881762734779,10.40929223965541,11.489093780517578,69024690.0,0.0,0.0
2013-06-14,11.385433248186075,11.385433248186075,10.41793069765907,10.793702125549316,25363577.0,0.0,0.0
2013-06-17,10.897362453929832,10.983746172023134,10.63389089329149,10.780744552612305,12210592.0,0.0,0.0
2013-06-18,10.806659904257154,10.875765933864358,10.638210512260398,10.780744552612305,8526846.0,0.0,0.0
2013-06-19,10.82825660526643,10.875766906446373,10.271078463549488,10.443846702575684,14235877.0,0.0,0.0
2013-06-20,10.443848358913442,10.707319984898302,10.284037377828474,10.309952735900879,7236359.0,0.0,0.0
2013-06-21,10.45248763366411,10.461126087034302,10.23652708679908,10.327230453491211,6457403.0,0.0,0.0
2013-06-24,10.18901216785821,10.335865032717525,10.089670385031704,10.184693336486816,5405478.0,0.0,0.0
2013-06-25,10.29267664001044,10.36610388735197,10.23652708679908,10.327230453491211,4419119.0,0.0,0.0
2013-06-26,10.400656077904427,10.664128490834306,10.370421887232515,10.620935440063477,5366291.0,0.0,0.0
2013-06-27,10.664127848845613,10.78506539164245,10.556147590588207,10.651169776916504,4741406.0,0.0,0.0
2013-06-28,10.595021102347326,10.612298008079588,10.409295546810139,10.564786911010742,8765981.0,0.0,0.0
2013-07-01,10.677081756223775,10.923276383719008,10.655485238969465,10.888723373413086,6884825.0,0.0,0.0
2013-07-02,10.819616579597719,11.130599207116285,10.776424329278615,11.057172775268555,8650714.0,0.0,0.0
2013-07-03,10.975110133301062,11.07445193561523,10.897364066859243,11.013982772827148,3016615.0,0.0,0.0
2013-07-05,11.173792577513504,11.264495918581119,10.944874021569856,11.255857467651367,3963596.0,0.0,0.0
2013-07-08,11.368156660452328,11.38111394238933,11.18243037009184,11.268814086914062,4249182.0,0.0,0.0
2013-07-09,11.385432994858618,11.424306416203068,11.20402710727251,11.212665557861328,7159897.0,0.0,0.0
2013-07-10,11.22994211486211,11.368157329738146,11.08308923644589,11.255857467651367,4285884.0,0.0,0.0
2013-07-11,11.437262738813367,11.480454988133658,11.307685990852493,11.411347389221191,4228155.0,0.0,0.0
2013-07-12,11.402710021178814,11.553882514447452,11.316326301732124,11.515009880065918,4421986.0,0.0,0.0
2013-07-15,11.553880477079788,11.575476993675371,11.320643924529099,11.458857536315918,3998387.0,0.0,0.0
2013-07-16,11.489095263090109,11.532287519271677,11.268815150258911,11.324965476989746,3857314.0,0.0,0.0
2013-07-17,11.39407200690401,11.424306189670592,11.281772151476169,11.389752388000488,2842091.0,0.0,0.0
2013-07-18,11.402709143384419,11.532285893663794,11.381113412032597,11.385432243347168,3837625.0,0.0,0.0
2013-07-19,11.536605512367847,11.610031943831418,11.251537449142706,11.385432243347168,5176474.0,0.0,0.0
2013-07-22,10.927598162874208,11.381114878827415,10.884405907214477,11.173792839050293,7270958.0,0.0,0.0
2013-07-23,11.251540536174538,11.299051630617628,11.134921822621719,11.208348274230957,3239311.0,0.0,0.0
2013-07-24,11.229941249502179,11.303367683052175,11.139237915424006,11.294729232788086,3531013.0,0.0,0.0
2013-07-25,11.229940989349311,11.29472897113434,11.126279588581674,11.17811107635498,3788307.0,0.0,0.0
2013-07-26,11.100363271515798,11.160831625017886,11.001021505174522,11.08740520477295,3042612.0,0.0,0.0
2013-07-29,11.087408608906713,11.169474290436174,10.940555723329037,10.970789909362793,2133862.0,0.0,0.0
2013-07-30,11.018299560364051,11.074449880513628,10.893043213202926,11.031257629394531,4096640.0,0.0,0.0
2013-07-31,11.039895169530759,11.260175238384335,11.039895169530759,11.1262788772583,3526043.0,0.0,0.0
2013-08-01,11.225622418064887,11.372475285164878,11.191068617008535,11.294729232788086,4209422.0,0.0,0.0
2013-08-02,11.23858118302725,11.359519502685847,11.12196248276555,11.346561431884766,2863500.0,0.0,0.0
2013-08-05,11.290409814076382,11.320644782122761,11.10468432414332,11.147875785827637,2970165.0,0.0,0.0
2013-08-06,11.160833388644914,11.19106835756303,10.953512161892194,11.057172775268555,3444420.0,0.0,0.0
2013-08-07,11.022623345790272,11.091729393987817,10.966473008426563,10.988069534301758,2390392.0,0.0,0.0
2013-08-08,11.09172628091852,11.346560175428266,11.035577534093335,11.165153503417969,5552858.0,0.0,0.0
2013-08-09,11.152195540406566,11.234259633563147,11.091725603576508,11.130599021911621,3144498.0,0.0,0.0
2013-08-12,11.013981194318514,11.234260503249072,11.009662362718874,11.212665557861328,2217397.0,0.0,0.0
2013-08-13,11.19970733577574,11.242900378557865,11.070132144377263,11.1824312210083,3235105.0,0.0,0.0
2013-08-14,11.160832857580237,11.178110544275244,10.927596291734126,11.052852630615234,2678653.0,0.0,0.0
2013-08-15,10.897362450534146,10.901682069501707,10.448165384331984,10.49135684967041,5309327.0,0.0,0.0
2013-08-16,10.534551932284415,10.664128725276369,10.452487023751049,10.564786911010742,4353935.0,0.0,0.0
2013-08-19,10.525912983929198,10.57342407876154,10.374741246972679,10.392017364501953,5716869.0,0.0,0.0
2013-08-20,10.413611143335205,10.927596960665452,10.404972693153626,10.767786026000977,6168377.0,0.0,0.0
2013-08-21,10.698677691167765,10.780742562532861,10.612293201631143,10.668442726135254,3277542.0,0.0,0.0
2013-08-22,10.733237053842403,11.00534636854048,10.690043999282361,10.90168571472168,2442195.0,0.0,0.0
2013-08-23,10.918957589001074,10.970787498326976,10.763465498855071,10.862807273864746,2625321.0,0.0,0.0
2013-08-26,10.871447187730874,10.940554792660302,10.789382300571946,10.81961727142334,2455384.0,0.0,0.0
2013-08-27,10.69867744525591,10.759145799152279,10.443843600674994,10.525908470153809,4271929.0,0.0,0.0
2013-08-28,10.525912802900272,10.560466612143962,10.426570995019508,10.482721328735352,2690123.0,0.0,0.0
2013-08-29,10.417928254409677,10.59069722951178,10.396332526216598,10.525908470153809,2515598.0,0.0,0.0
2013-08-30,10.525909584400262,10.54750531487941,10.357460209538766,10.404972076416016,3105502.0,0.0,0.0
2013-09-03,10.612296812834327,10.763468539880773,10.508635390115975,10.573423385620117,3799968.0,0.0,0.0
2013-09-04,10.573426178700968,11.000194724216854,10.534233327227737,10.830358505249023,6796703.0,0.10463,0.0
2013-09-05,10.808586256467754,10.904391193172701,10.756328585241867,10.81729507446289,3315581.0,0.0,0.0
2013-09-06,10.86955016127969,10.86955016127969,10.542941008442655,10.68664836883545,3641118.0,0.0,0.0
2013-09-09,10.677938296530328,10.939224952940576,10.621325446690973,10.904386520385742,4960851.0,0.0,0.0
2013-09-10,11.004549767050644,11.095999481273692,10.91309846507625,11.061161041259766,4303088.0,0.0,0.0
2013-09-11,11.061158820739681,11.122126078524918,10.934870691854961,11.021965980529785,5114540.0,0.0,0.0
2013-09-12,10.995836912139211,11.174383480473741,10.926160047642712,10.987127304077148,6627722.0,0.0,0.0
2013-09-13,11.087288272044855,11.191802775652357,11.02632101517977,11.10035228729248,3358209.0,0.0,0.0
2013-09-16,11.278901503525564,11.305031129742389,11.096000471013731,11.113420486450195,2483484.0,0.0,0.0
2013-09-17,11.113419782289832,11.322448840022657,11.087290951604304,11.209224700927734,2002730.0,0.0,0.0
2013-09-18,11.196160985400075,11.326803554610448,11.056807217974152,11.248417854309082,3243707.0,0.0,0.0
2013-09-19,11.265834969249301,11.296318997113023,11.030676324553342,11.156965255737305,2425373.0,0.0,0.0
2013-09-20,11.204870208830368,11.34422398131614,11.091646062561422,11.113420486450195,4661694.0,0.0,0.0
2013-09-23,11.082934332041384,11.235352094608162,11.074223929051247,11.139546394348145,3949260.0,0.0,0.0
2013-09-24,11.143899452355525,11.278897980343848,11.07857858272067,11.213576316833496,4084598.0,0.0,0.0
2013-09-25,11.23099840079376,11.714379786852614,11.161322312399463,11.614219665527344,8007860.0,0.0,0.0
2013-09-26,11.614219596776882,11.66647725817004,11.457447406473104,11.609865188598633,4164691.0,0.0,0.0
2013-09-27,11.527124356565546,11.705670970444563,11.479221103067076,11.614219665527344,2658391.0,0.0,0.0
2013-09-30,11.474865635025507,11.74050832720682,11.440027197108243,11.666476249694824,3340814.0,0.0,0.0
2013-10-01,11.67083109420263,11.775345610880269,11.561961375980804,11.683895111083984,3963979.0,0.0,0.0
2013-10-02,11.605510055243593,11.61857407373137,11.522769948361521,11.614219665527344,2736764.0,0.0,0.0
2013-10-03,11.588088826476126,11.588088826476126,11.313737340896301,11.40954303741455,3733064.0,0.0,0.0
2013-10-04,11.435672085580189,11.56196182096364,11.357286393524044,11.383415222167969,3268175.0,0.0,0.0
2013-10-07,11.222288491512531,11.248417321667624,11.035032272338867,11.035032272338867,3898604.0,0.0,0.0
2013-10-08,11.043740426439152,11.252769437345226,10.886967477446325,10.934870719909668,4510108.0,0.0,0.0
2013-10-09,10.843423205011344,10.852132816316006,10.342623333558555,10.621329307556152,9946744.0,0.0,0.0
2013-10-10,10.856487971680323,11.026324994444542,10.795520692812898,10.991486549377441,4510682.0,0.0,0.0
2013-10-11,10.830355149955645,11.344220437729692,10.821646335771394,11.213576316833496,4241153.0,0.0,0.0
2013-10-14,11.139546541769874,11.487930117086703,11.048096041794663,11.426962852478027,5170740.0,0.0,0.0
2013-10-15,11.40954334718485,11.548896297482917,11.318092849508686,11.448736190795898,4186483.0,0.0,0.0
2013-10-16,11.54453942539748,11.792762849347902,11.505346587458137,11.71002197265625,4521578.0,0.0,0.0
2013-10-17,11.640345844160462,11.818892417358173,11.60115300375141,11.736150741577148,4217259.0,0.0,0.0
2013-10-18,11.827605296816603,12.071473602767863,11.666477895654491,11.9713134765625,6428539.0,0.0,0.0
2013-10-21,10.669230088426698,11.845022665677186,10.36439532863983,11.71437931060791,11481527.0,0.0,0.0
2013-10-22,11.801475420279804,12.232599127487973,11.744863352625057,12.0845365524292,7290074.0,0.0,0.0
2013-10-23,12.023569046677874,12.097600332752995,11.814540000039681,12.049697875976562,4155707.0,0.0,0.0
2013-10-24,12.101956098698485,12.17598818695664,12.036635208935374,12.115021705627441,2525538.0,0.0,0.0
2013-10-25,12.123729698553866,12.202116189918705,11.927764660955297,12.093246459960938,2875161.0,0.0,0.0
2013-10-28,12.08889047484813,12.123728913197946,11.85373260373814,11.984375953674316,5060252.0,0.0,0.0
2013-10-29,12.036634748662323,12.145504481855882,11.980021884056132,12.075827598571777,3752561.0,0.0,0.0
2013-10-30,12.115018545544501,12.267435502986785,12.036632069298772,12.106308937072754,3790984.0,0.0,0.0
2013-10-31,12.106310736394876,12.193406040181515,12.006150621021067,12.049697875976562,3352665.0,0.0,0.0
2013-11-01,12.058406072493264,12.210823034725474,12.019213230076476,12.149856567382812,3256132.0,0.0,0.0
2013-11-04,12.223888663039618,12.276145521741054,12.062760503989438,12.210823059082031,3091548.0,0.0,0.0
2013-11-05,12.232597453526902,12.267435888508741,12.119373333711483,12.149856567382812,3204329.0,0.0,0.0
2013-11-06,12.175986538378561,12.310985089687675,12.067117609638036,12.101954460144043,3293216.0,0.0,0.0
2013-11-07,12.197759922406352,12.236953561602972,11.692604959364079,11.718733787536621,4142900.0,0.0,0.0
2013-11-08,11.723089983798134,12.067119210284739,11.714380373078527,12.062763214111328,4367698.0,0.0,0.0
2013-11-11,12.032280756841837,12.11066645937374,11.958249462728048,12.00179672241211,2135200.0,0.0,0.0
2013-11-12,11.901635712549714,11.975667001167201,11.744863525249405,11.805830001831055,2882998.0,0.0,0.0
2013-11-13,11.744862657809858,12.11937427520752,11.744862657809858,12.11937427520752,2390965.0,0.0,0.0
2013-11-14,12.145504792970616,12.18469764388402,11.90599089748406,11.914700508117676,3840875.0,0.0,0.0
2013-11-15,11.98002364685043,11.98002364685043,11.71873688383955,11.845025062561035,6295113.0,0.0,0.0
2013-11-18,11.8493764013994,11.914697272599588,11.61857138534742,11.64470100402832,8805550.0,0.0,0.0
2013-11-19,11.62728344445791,11.670831492006108,11.374705562553995,11.440027236938477,5000612.0,0.0,0.0
2013-11-20,11.496639540679789,11.66647653270866,11.413899439432559,11.474865913391113,4971174.0,0.0,0.0
2013-11-21,11.544542762835828,11.58373640598122,11.426964215026747,11.522769927978516,4166029.0,0.0,0.0
2013-11-22,11.544540112003258,11.649055411224793,11.45744482319416,11.64470100402832,4278811.0,0.0,0.0
2013-11-25,11.68824854841596,11.696958156905675,11.531476389476632,11.544540405273438,4056689.0,0.0,0.0
2013-11-26,11.575026170926023,11.701315116062428,11.487930866819447,11.653411865234375,5783582.0,0.0,0.0
2013-11-27,11.657768135177683,11.788412294120889,11.605510471600402,11.770992279052734,2545418.0,0.0,0.0
2013-11-29,11.762280337052067,11.866795643490626,11.69695866746575,11.78405475616455,1667826.0,0.0,0.0
2013-12-02,11.788410893762961,11.81889413029071,11.553251435600037,11.583735466003418,6689274.0,0.0,0.0
2013-12-03,11.509702116127546,11.540186143162858,11.374704373651754,11.405187606811523,10686705.0,0.0,0.0
2013-12-04,11.444687139420408,11.475404961655709,11.010244910747838,11.12434196472168,10946102.0,0.10463,0.0
2013-12-05,11.119953827002847,11.124343344986022,10.926868634741668,11.010246276855469,8968414.0,0.0,0.0
2013-12-06,11.137507607907795,11.251603073086114,10.830326155529955,11.212108612060547,6244839.0,0.0,0.0
2013-12-09,11.234047427259107,11.255988612083915,10.979526643348855,11.058515548706055,4511255.0,0.0,0.0
2013-12-10,11.036575929356637,11.269155578290686,11.036575929356637,11.198944091796875,4134680.0,0.0,0.0
2013-12-11,11.168225817091976,11.479795198079305,11.06729490212404,11.400805473327637,9840462.0,0.0,0.0
2013-12-12,11.36130908165442,11.479793248669328,11.098010843845191,11.370085716247559,5678638.0,0.0,0.0
2013-12-13,11.378859928060056,11.554392594889238,11.365695378040272,11.492956161499023,4512402.0,0.0,0.0
2013-12-16,11.580725981145683,11.76064661881604,11.567560627177826,11.699210166931152,4406311.0,0.0,0.0
2013-12-17,11.686046453199008,11.729928836286966,11.541232349050443,11.664104461669922,3317684.0,0.0,0.0
2013-12-18,11.672877138145095,11.993223065920283,11.637770603596882,11.95811653137207,5076118.0,0.0,0.0
2013-12-19,11.879127905203228,12.0941542343402,11.874739188290102,12.05904769897461,4323541.0,0.0,0.0
2013-12-20,12.094155608431304,12.304793244586982,12.006389260045651,12.203863143920898,7770828.0,0.0,0.0
2013-12-23,12.317960268487642,12.651470815983702,12.287241644386425,12.554927825927734,5511951.0,0.0,0.0
2013-12-24,12.506655012413376,12.752399171546587,12.462771841144983,12.62952709197998,4153222.0,0.0,0.0
2013-12-26,12.726070639857136,12.93670827142807,12.726070639857136,12.862107276916504,3803791.0,0.0,0.0
2013-12-27,12.870882738255654,12.923541738082532,12.76995185527566,12.822610855102539,3240075.0,0.0,0.0
2013-12-30,12.822609601317117,13.059577877314307,12.79628050397052,13.042024612426758,3756958.0,0.0,0.0
2013-12-31,13.0727433135776,13.1078498457363,12.888434819729206,12.980589866638184,2701783.0,0.0,0.0
2014-01-02,12.96742451708628,13.028860948364006,12.844552454515611,12.980589866638184,4138694.0,0.0,0.0
2014-01-03,12.980591712365232,13.068357255256696,12.949873092366058,12.984979629516602,3171642.0,0.0,0.0
2014-01-06,13.042028252568127,13.050805687446486,12.840166450004682,12.945486068725586,5668507.0,0.0,0.0
2014-01-07,12.936711665147081,13.186845418227499,12.901605117347364,13.072749137878418,8016462.0,0.0,0.0
2014-01-08,13.028863250165797,13.353597130034759,12.989368794502186,13.182453155517578,8169386.0,0.0,0.0
2014-01-09,13.19561899360675,13.217560180898337,12.831390644653666,12.954262733459473,6698641.0,0.0,0.0
2014-01-10,13.050804968492475,13.147347147016617,12.958649907195928,13.05958080291748,3655072.0,0.0,0.0
2014-01-13,12.989369369052058,13.011309756520742,12.616363582445416,12.655858039855957,4624801.0,0.0,0.0
2014-01-14,12.7129062628501,12.905992239903647,12.647082697922965,12.848943710327148,3685084.0,0.0,0.0
2014-01-15,12.844555639970212,12.879662180835346,12.36623022066021,12.405725479125977,7571263.0,0.0,0.0
2014-01-16,12.366227561560898,12.532983594812885,12.230190144952996,12.524206161499023,5212794.0,0.0,0.0
2014-01-17,12.559311731749268,12.647078858294487,12.427663841878054,12.48032283782959,4002401.0,0.0,0.0
2014-01-21,12.559315395433476,12.607587289115527,12.353065667828274,12.405725479125977,3332021.0,0.0,0.0
2014-01-22,12.42766485554136,12.524206222662789,12.300403271656203,12.519818305969238,3883311.0,0.0,0.0
2014-01-23,12.445219756428319,12.62075165821361,12.252134584466003,12.375006675720215,3441935.0,0.0,0.0
2014-01-24,12.260910509782146,12.27846377894303,11.988836437758287,12.05466079711914,5173033.0,0.0,0.0
2014-01-27,12.107320521579398,12.186310237480932,11.808916528143543,12.006389617919922,5875528.0,0.0,0.0
2014-01-28,12.063437697643131,12.291628601795344,12.03271907594192,12.177533149719238,2663743.0,0.0,0.0
2014-01-29,12.037106362673287,12.151202608756458,11.931787550889101,11.971282005310059,3178141.0,0.0,0.0
2014-01-30,12.129261910385816,12.212639539727808,12.019554377043471,12.111708641052246,2955828.0,0.0,0.0
2014-01-31,11.892294333910561,12.247746860640174,11.870353145834713,12.0809907913208,3644750.0,0.0,0.0
2014-02-03,12.050270551935874,12.124871531465665,11.611440507657324,11.633380889892578,6717565.0,0.0,0.0
2014-02-04,12.06782384361006,12.212637896130225,11.392026265157334,11.567557334899902,12457564.0,0.0,0.0
2014-02-05,11.488568424370175,11.865962890245383,11.405191600494682,11.839632987976074,7910180.0,0.0,0.0
2014-02-06,11.852798318374559,12.142426462393528,11.78258604102521,12.111708641052246,4718085.0,0.0,0.0
2014-02-07,12.217026742270448,12.282851898412478,12.072212678733797,12.159979820251465,3652396.0,0.0,0.0
2014-02-10,12.168757435055852,12.26968834259518,12.102933069266724,12.190698623657227,4029927.0,0.0,0.0
2014-02-11,12.164367705712362,12.256521164104893,12.11609581800238,12.217026710510254,3303156.0,0.0,0.0
2014-02-12,12.221417674856902,12.410114143382247,12.208253121232934,12.366230964660645,3457036.0,0.0,0.0
2014-02-13,12.234583028465895,12.379396318269638,12.234583028465895,12.366230964660645,2287359.0,0.0,0.0
2014-02-14,12.31357029411253,12.475936833568039,12.252133852164949,12.392560005187988,2167888.0,0.0,0.0
2014-02-18,12.449603244589381,12.546146196214423,12.418885432701028,12.493486404418945,3302965.0,0.0,0.0
2014-02-19,12.449603244589381,12.55931074417095,12.38377970482206,12.493486404418945,3374266.0,0.0,0.0
2014-02-20,12.528596167797476,12.642692412819745,12.410112005651413,12.620750427246094,4040823.0,0.0,0.0
2014-02-21,12.695352497266498,12.717294484705098,12.550539220099527,12.655858039855957,2729309.0,0.0,0.0
2014-02-24,12.71729511856428,12.971815945655285,12.71729511856428,12.9367094039917,4102375.0,0.0,0.0
2014-02-25,12.914769654449632,13.063972473144531,12.730461090164548,13.063972473144531,5179915.0,0.0,0.0
2014-02-26,13.090300084043836,13.14295909317624,12.879661647559383,12.927932739257812,3887517.0,0.0,0.0
2014-02-27,12.875272628880268,12.94548570606053,12.800671634368703,12.862107276916504,3464873.0,0.0,0.0
2014-02-28,12.901602386950614,13.085912523878278,12.796284365810441,13.055193901062012,4272312.0,0.0,0.0
2014-03-03,12.884049023560877,13.037639727039593,12.721682485583006,12.748011589050293,4895285.0,0.0,0.0
2014-03-04,12.927935325560595,12.971817708619012,12.75679211166851,12.818227767944336,7640461.0,0.0,0.0
2014-03-05,12.862412662305205,13.025898616962591,12.796134485498124,12.99055004119873,3186552.0,0.10463,0.0
2014-03-06,13.012642463258281,13.05682818010896,12.906597548316913,13.021479606628418,3105693.0,0.0,0.0
2014-03-07,13.083340814740396,13.109852247291585,12.738693802575613,12.765204429626465,3377133.0,0.0,0.0
2014-03-10,12.875668278742252,13.06566728069843,12.760786210304065,13.008225440979004,4953396.0,0.0,0.0
2014-03-11,12.809390504589603,13.092177497501698,12.63706660183045,12.663578033447266,4435367.0,0.0,0.0
2014-03-12,12.588462159020137,12.63706604542748,12.433812550814665,12.548694610595703,5355586.0,0.0,0.0
2014-03-13,12.614972840297963,12.667995701433787,12.248233397859199,12.257070541381836,4522724.0,0.0,0.0
2014-03-14,12.243813586142346,12.420554821881847,12.2393938067236,12.354276657104492,4092244.0,0.0,0.0
2014-03-17,12.464740163509964,12.464740163509964,12.274742011655444,12.332183837890625,2690505.0,0.0,0.0
2014-03-18,12.33218729796899,12.500091433496074,12.257071972009358,12.45148754119873,4365213.0,0.0,0.0
2014-03-19,12.561948902697354,12.765202380800442,12.561948902697354,12.698925018310547,4706424.0,0.0,0.0
2014-03-20,12.637065214265888,12.721016863584023,12.557530928148395,12.597297668457031,2748043.0,0.0,0.0
2014-03-21,12.844737935413711,13.074502044616635,12.765202842150764,12.800551414489746,6202785.0,0.0,0.0
2014-03-24,12.835899203377771,12.857992462491271,12.411717972200732,12.420555114746094,4105051.0,0.0,0.0
2014-03-25,12.46474200964201,12.548694469035,12.230558112729744,12.270325660705566,3723124.0,0.0,0.0
2014-03-26,12.318928145898813,12.349856933951662,12.062651839173846,12.067070007324219,3363752.0,0.0,0.0
2014-03-27,12.044977587504027,12.098001247495828,11.863817376241235,11.881491661071777,3324566.0,0.0,0.0
2014-03-28,11.894749126092854,12.133352014516339,11.894749126092854,11.9787015914917,2223131.0,0.0,0.0
2014-03-31,12.080327591806308,12.252651486618927,12.005212275106013,12.195210456848145,4050381.0,0.0,0.0
2014-04-01,12.261487777373155,12.4382298288767,12.261487777373155,12.380788803100586,2879748.0,0.0,0.0
2014-04-02,12.416138842755752,12.566369483474064,12.38520843637235,12.402883529663086,3169730.0,0.0,0.0
2014-04-03,12.447070268609567,12.513349260291545,12.199631008764738,12.265909194946289,3599064.0,0.0,0.0
2014-04-04,12.36311526108389,12.42939343369705,12.12893136421705,12.16427993774414,2232307.0,0.0,0.0
2014-04-07,12.137767999767814,12.204045359709367,11.85056207918687,11.987537384033203,4031839.0,0.0,0.0
2014-04-08,11.965445486455577,12.133351211643133,11.881493026611933,12.102420806884766,2905172.0,0.0,0.0
2014-04-09,12.159861503368772,12.345440704834768,12.075909045824643,12.327766418457031,3887326.0,0.0,0.0
2014-04-10,12.305676059945133,12.371954242404374,11.885912895202637,11.885912895202637,3648764.0,0.0,0.0
2014-04-11,12.005210747175159,12.005210747175159,11.523588503393773,11.558937072753906,4283016.0,0.0,0.0
2014-04-14,11.664982386650953,11.735679527864058,11.558937480331494,11.656146049499512,3291496.0,0.0,0.0
2014-04-15,11.669403801819026,11.709170549320001,11.280571054808439,11.466150283813477,5837297.0,0.0,0.0
2014-04-16,11.598707452706778,11.77986852481474,11.483825371711772,11.771031379699707,5039416.0,0.0,0.0
2014-04-17,11.744517691690131,11.991956901950397,11.731262379310236,11.872655868530273,7805236.0,0.0,0.0
2014-04-21,11.925677708551717,11.93451404571533,11.581030755663479,11.934514045715332,3829215.0,0.0,0.0
2014-04-22,11.969864605201264,12.036143588942407,11.894749282828322,11.996376037597656,5740763.0,0.0,0.0
2014-04-23,12.018469089403046,12.040562353575888,11.846145978556885,11.974284172058105,6487223.0,0.0,0.0
2014-04-24,12.018467744193337,12.111258154532782,11.943352426514041,12.106839179992676,6124602.0,0.0,0.0
2014-04-25,12.062651239070902,12.102417972446386,11.983116161319776,12.071488380432129,4687500.0,0.0,0.0
2014-04-28,12.124512730926433,12.159861303099728,11.79754004932392,11.956607818603516,4211907.0,0.0,0.0
2014-04-29,11.983121357246917,12.009632792826059,11.859402130044682,11.943354606628418,3135131.0,0.0,0.0
2014-04-30,11.943353725699192,12.053817629714368,11.854983085787273,12.005213737487793,3012219.0,0.0,0.0
2014-05-01,12.014049688808186,12.093583176279706,11.930097226754752,12.031723976135254,2695284.0,0.0,0.0
2014-05-02,12.040560529579412,12.19521013336031,11.956608071641266,12.053815841674805,3204712.0,0.0,0.0
2014-05-05,11.943351509223614,12.040560081136933,11.934514366322404,11.969862937927246,2686300.0,0.0,0.0
2014-05-06,11.9521887265816,12.049396487049085,11.903584040847687,11.925677299499512,3187125.0,0.0,0.0
2014-05-07,11.952189253444072,12.230557236326264,11.824050280815422,11.965444564819336,6088092.0,0.0,0.0
2014-05-08,11.92567908281426,12.11567646373036,11.837307645992615,11.8770751953125,3170304.0,0.0,0.0
2014-05-09,11.86823796084348,12.040561870273006,11.824052239771763,12.02730655670166,2736956.0,0.0,0.0
2014-05-12,12.049396902153255,12.336602830519924,12.049396902153255,12.283580780029297,2419447.0,0.0,0.0
2014-05-13,12.274746584090652,12.318933116423771,12.040563440128137,12.239398002624512,4632639.0,0.0,0.0
2014-05-14,12.195211491273845,12.239396406845223,12.005213293415633,12.02730655670166,2652274.0,0.0,0.0
2014-05-15,11.952189649831968,11.978700273461708,11.57661227874106,11.956607818603516,5315444.0,0.0,0.0
2014-05-16,11.974282237163802,12.133350813703434,11.828469778085928,12.111257553100586,3211402.0,0.0,0.0
2014-05-19,12.089164418769073,12.261488309070142,12.040560533735528,12.15986156463623,2562240.0,0.0,0.0
2014-05-20,12.142188342981159,12.155443656243554,11.930097692280604,11.961028099060059,3357062.0,0.0,0.0
2014-05-21,12.031723705500282,12.20404679481263,12.01404941857077,12.195210456848145,1921107.0,0.0,0.0
2014-05-22,12.19079121171966,12.287999787673868,12.151024469761245,12.25265121459961,2256966.0,0.0,0.0
2014-05-23,12.252650836767884,12.394045124704778,12.18637266704758,12.385207176208496,1403268.0,0.0,0.0
2014-05-27,12.429393162378897,12.442649279912324,12.239394986568344,12.327766418457031,2400523.0,0.0,0.0
2014-05-28,12.314510300923605,12.389625615278867,12.212884362501983,12.327766418457031,1370007.0,0.0,0.0
2014-05-29,12.37195172411583,12.411718464396849,12.212883957491533,12.318929672241211,1669164.0,0.0,0.0
2014-05-30,12.305673687720333,12.3763700261482,12.212884089064824,12.27916145324707,2467618.0,0.0,0.0
2014-06-02,12.575207037926782,12.774042379310531,12.486835596089486,12.765204429626465,4743700.0,0.0,0.0
2014-06-03,12.703342032721203,12.862409782544637,12.672411633102664,12.849154472351074,3444420.0,0.0,0.0
2014-06-04,12.786870181450388,12.955937086424449,12.751276807317483,12.902547836303711,3151571.0,0.10463,0.0
2014-06-05,12.95149075216604,13.080515541007548,12.764626313958399,13.044923782348633,2649407.0,0.0,0.0
2014-06-06,13.084964487781413,13.151700852837305,12.86695545985263,12.947040557861328,2886630.0,0.0,0.0
2014-06-09,12.929242453806616,13.182844846770523,12.902548233463866,13.111658096313477,2538155.0,0.0,0.0
2014-06-10,13.071616516712412,13.098311549281513,12.898100021631283,13.036023139953613,1775638.0,0.0,0.0
2014-06-11,12.969285964070203,13.071616516712412,12.942590931501103,13.036023139953613,2250849.0,0.0,0.0
2014-06-12,13.013778560077114,13.03602401650783,12.697887725641316,12.813566207885742,2453282.0,0.0,0.0
2014-06-13,12.809117243974168,12.85805854819378,12.7023379124779,12.78242301940918,2083971.0,0.0,0.0
2014-06-16,12.751277047675957,12.818014219893824,12.702335751781371,12.777971267700195,1426207.0,0.0,0.0
2014-06-17,12.760173519989165,12.920342882218469,12.706784273298442,12.90699577331543,2651127.0,0.0,0.0
2014-06-18,12.911448169027768,13.089414256031862,12.804668030178066,13.058270454406738,2868470.0,0.0,0.0
2014-06-19,13.058268426703087,13.169497315193734,13.009327942869216,13.120556831359863,2758938.0,0.0,0.0
2014-06-20,13.147251297251914,13.200641359386921,12.93369267086916,13.06271743774414,3987300.0,0.0,0.0
2014-06-23,13.076067976912451,13.120560518105007,12.978186981741135,13.05382251739502,1913843.0,0.0,0.0
2014-06-24,13.009329702412757,13.147252829046412,12.964837167704433,12.987083435058594,1834513.0,0.0,0.0
2014-06-25,12.964835979518718,13.6678027152055,12.942590525282007,13.645556449890137,6825376.0,0.0,0.0
2014-06-26,13.650006169522584,13.78348051849002,13.520980587017354,13.57882022857666,10340141.0,0.0,0.0
2014-06-27,13.547677971604505,13.747889529822746,13.507635822176619,13.68115234375,7637593.0,0.0,0.0
2014-06-30,13.73454188645732,13.983693930026682,13.676703859246018,13.930305480957031,8097321.0,0.0,0.0
2014-07-01,13.961446185387874,14.13941142782793,13.921403235314198,14.12161636352539,5524950.0,0.0,0.0
2014-07-02,14.139413656555355,14.366321039143855,14.117169011592273,14.223947525024414,6118677.0,0.0,0.0
2014-07-03,14.223948124476841,14.441957982699378,14.223948124476841,14.326278686523438,2446400.0,0.0,0.0
2014-07-07,14.281784656802271,14.308480497079398,14.130513635755733,14.183903694152832,5219675.0,0.0,0.0
2014-07-08,14.130515020526662,14.139412553386215,13.908057233150103,14.037083625793457,5394773.0,0.0,0.0
2014-07-09,14.099372336608171,14.3129309858462,14.054879802322061,14.286236763000488,4617346.0,0.0,0.0
2014-07-10,14.06377843657902,14.272889122360889,14.037084214723086,14.1438627243042,4615052.0,0.0,0.0
2014-07-11,14.161655660648817,14.241739927154834,14.028181342419805,14.103816032409668,2498203.0,0.0,0.0
2014-07-14,14.21950019702714,14.23729688707768,14.037085340627224,14.059329986572266,4735480.0,0.0,0.0
2014-07-15,13.965897308628891,14.179455947630286,13.94365104255218,14.157211303710938,3686231.0,0.0,0.0
2014-07-16,14.134965529306658,14.272889463896577,14.134965529306658,14.241744041442871,4144238.0,0.0,0.0
2014-07-17,14.14386534786441,14.228399228964982,13.98369512054653,14.005941390991211,3921160.0,0.0,0.0
2014-07-18,14.086024549991352,14.197252636060183,14.05487912862101,14.157211303710938,3521455.0,0.0,0.0
2014-07-21,14.108269004566223,14.179455757330423,14.032632674214923,14.11271858215332,3380574.0,0.0,0.0
2014-07-22,14.170558075602644,14.806786021901873,13.970344930015102,14.793438911437988,7731068.0,0.0,0.0
2014-07-23,14.806786384753211,14.837931806141945,14.619921967207622,14.753397941589355,3972772.0,0.0,0.0
2014-07-24,14.806784467620595,14.918014161510833,14.762293563358794,14.891318321228027,2471059.0,0.0,0.0
2014-07-25,14.833482037244465,14.886872101877328,14.757845706808576,14.775642395019531,1946339.0,0.0,0.0
2014-07-28,14.753397092040668,15.006997048937965,14.708904562422996,14.975854873657227,3976977.0,0.0,0.0
2014-07-29,14.89132154826802,15.162721476197637,14.851280212402346,14.851280212402344,4756889.0,0.0,0.0
2014-07-30,14.895767310361459,14.993648269168327,14.855724362596334,14.918013572692871,4184189.0,0.0,0.0
2014-07-31,14.766744069682918,15.002548959207937,14.548734245256716,14.557633399963379,5028138.0,0.0,0.0
2014-08-01,14.566536622297681,14.668865574898343,14.473103582573309,14.628824234008789,3074726.0,0.0,0.0
2014-08-04,14.726705934174946,15.322892718999908,14.704459662289917,15.269502639770508,7633197.0,0.0,0.0
2014-08-05,15.78559918095676,15.883480144992165,14.98920111511019,15.06928539276123,16433776.0,0.0,0.0
2014-08-06,14.949158603890794,15.376277467492166,14.935811494250144,15.122675895690918,5917773.0,0.0,0.0
2014-08-07,15.136023939423032,15.287294976385999,14.833481865497097,14.860176086425781,3309464.0,0.0,0.0
2014-08-08,14.900218450974222,15.024795262084014,14.833481279133292,14.953608512878418,4793782.0,0.0,0.0
2014-08-11,15.029247094392227,15.136027245746739,14.922466943037715,15.113780975341797,5506790.0,0.0,0.0
2014-08-12,15.04258653480015,15.127121994787274,14.766740384408692,14.846824645996094,5677491.0,0.0,0.0
2014-08-13,15.029243661324395,15.149370898618635,14.886871780864144,15.140473365783691,4115947.0,0.0,0.0
2014-08-14,15.104878336189419,15.18496261156415,14.962504849161338,15.149369239807129,5584208.0,0.0,0.0
2014-08-15,15.287294486411511,15.416319253693642,14.904668139805793,15.376277923583984,9028436.0,0.0,0.0
2014-08-18,15.45191262589025,15.540896063047331,15.260600263699112,15.309540748596191,3384015.0,0.0,0.0
2014-08-19,15.345138123085079,15.41632326920749,15.278400933361903,15.291748046875,2083588.0,0.0,0.0
2014-08-20,15.269501276872557,15.269501276872557,15.122679788714777,15.211663246154785,3070330.0,0.0,0.0
2014-08-21,15.238353796689982,15.273947171080566,15.011446440489319,15.064836502075195,3497943.0,0.0,0.0
2014-08-22,15.073741292621659,15.149376024862526,15.007002474068624,15.10488510131836,1984188.0,0.0,0.0
2014-08-25,15.216107285332694,15.256150236411868,15.047039570798528,15.122675895690918,1821706.0,0.0,0.0
2014-08-26,15.131574306050856,15.278397387088852,15.118227195635761,15.1627197265625,1568235.0,0.0,0.0
2014-08-27,15.184967063179563,15.220560445371117,15.029246421630917,15.051492691040039,2727780.0,0.0,0.0
2014-08-28,15.029245816774079,15.047042507153623,14.92246567449682,15.015898704528809,1889757.0,0.0,0.0
2014-08-29,15.07818753437624,15.10488338319247,14.97140738342667,15.020349502563477,1739509.0,0.0,0.0
2014-09-02,15.029242112639224,15.30508993445741,15.029242112639224,15.171615600585938,1959146.0,0.0,0.0
2014-09-03,15.220850440475976,15.301408853316367,15.176097035797559,15.2432279586792,1750214.0,0.10463,0.0
2014-09-04,15.256656826862093,15.296936041228888,14.853871210107567,14.907574653625488,4016355.0,0.0,0.0
2014-09-05,14.894145113192508,15.010505264948836,14.768834933637056,14.992605209350586,3035922.0,0.0,0.0
2014-09-08,14.965751442037421,15.113440766261258,14.903096354019977,14.956801414489746,1751361.0,0.0,0.0
2014-09-09,14.916522748397291,14.938900265664223,14.491359710693358,14.49135971069336,4542222.0,0.0,0.0
2014-09-10,14.545064494293694,14.580867868543312,14.276539187421559,14.370523452758789,6362590.0,0.0,0.0
2014-09-11,14.294440874546368,14.509261120044076,14.276539187421559,14.370523452758789,3360121.0,0.0,0.0
2014-09-12,14.379471307929514,14.401848821386594,14.24073529333314,14.388422966003418,2804624.0,0.0,0.0
2014-09-15,14.486884803034531,14.486884803034531,14.254164482865653,14.366048812866211,2137112.0,0.0,0.0
2014-09-16,14.366048547497503,14.576392976817642,14.281015936114814,14.522687911987305,3998004.0,0.0,0.0
2014-09-17,14.545065548086349,14.639048188504708,14.415277899096363,14.451081275939941,2636026.0,0.0,0.0
2014-09-18,14.46003216555643,14.554014800967213,14.37947375608666,14.49135971069336,3135705.0,0.0,0.0
2014-09-19,14.580869583867356,14.724081465985643,14.47793527872228,14.482409477233887,5022786.0,0.0,0.0
2014-09-22,14.468983603176447,14.491361122623678,14.213885755699254,14.236263275146484,3623150.0,0.0,0.0
2014-09-23,14.227307811362131,14.325766259844555,13.896129097061674,13.900603294372559,6592167.0,0.0,0.0
2014-09-24,13.88270410247529,13.93640916539739,13.573902030333194,13.699213027954102,9426803.0,0.0,0.0
2014-09-25,13.600752416074645,13.632080774314637,13.372507144769095,13.412785530090332,7840409.0,0.0,0.0
2014-09-26,13.4217375021677,13.560474347259884,13.381457484178496,13.520195960998535,3586830.0,0.0,0.0
2014-09-29,13.417263924806774,13.54705158815019,13.341182148532173,13.462018966674805,3881209.0,0.0,0.0
2014-09-30,13.448592505490526,13.48439588686484,13.26510058387923,13.27852725982666,3164569.0,0.0,0.0
2014-10-01,13.278526195683886,13.287477040310142,12.97867412450038,13.072657585144043,5095998.0,0.0,0.0
2014-10-02,13.036854410636005,13.206919645331952,12.723575659678986,13.081607818603516,8679770.0,0.0,0.0
2014-10-03,13.175590606719929,13.327754134676983,13.090557998987224,13.256147384643555,3706493.0,0.0,0.0
2014-10-06,13.336706047474863,13.336706047474863,13.117410765851208,13.130837440490723,2242056.0,0.0,0.0
2014-10-07,13.050281067519508,13.193492951852729,12.965247634426035,12.974199295043945,3145645.0,0.0,0.0
2014-10-08,12.960772435247867,13.077132599525141,12.781756358586794,13.072657585144043,4491184.0,0.0,0.0
2014-10-09,13.01447524572829,13.036851945480807,12.481902122497559,12.481902122497559,5186032.0,0.0,0.0
2014-10-10,12.490851950999946,12.562458689774001,12.199949982662273,12.204425811767578,3520499.0,0.0,0.0
2014-10-13,12.16414750422948,12.267082606688518,11.774787873286824,11.788213729858398,6126514.0,0.0,0.0
2014-10-14,11.85087146048813,12.047789221077446,11.734511299357003,11.846396446228027,5840164.0,0.0,0.0
2014-10-15,11.631574964037037,12.101492172422985,11.6136732783972,12.029886245727539,6362017.0,0.0,0.0
2014-10-16,11.801642376269758,12.343166428829283,11.774789842771263,12.231281280517578,4675266.0,0.0,0.0
2014-10-17,12.35659164339997,12.513231006042322,12.325263281353093,12.39239501953125,4753066.0,0.0,0.0
2014-10-20,12.464000075340165,13.130835009499492,12.464000075340165,13.014474868774414,8902465.0,0.0,0.0
2014-10-21,13.050282038389213,13.694739645153195,13.050282038389213,13.663412094116211,7398459.0,0.0,0.0
2014-10-22,13.712636383266267,13.775291462710493,13.421736051852701,13.457538604736328,4963719.0,0.0,0.0
2014-10-23,13.609707974730478,14.034870280931376,13.609707974730478,13.98116683959961,4415104.0,0.0,0.0
2014-10-24,13.976686784310028,14.075145239295859,13.84242332637832,14.066193580627441,2849546.0,0.0,0.0
2014-10-27,13.972214606446288,14.052771396875627,13.851378604938168,14.0303955078125,2128892.0,0.0,0.0
2014-10-28,14.088571176542896,14.204932949534335,14.043817778126973,14.178079605102539,2423270.0,0.0,0.0
2014-10-29,14.18255657487573,14.366047644381588,14.151227398564837,14.339194297790527,3047773.0,0.0,0.0
2014-10-30,14.276540894890381,14.321295933919055,13.860329474983724,13.945362091064453,4861451.0,0.0,0.0
2014-10-31,14.195985031790805,14.195985031790805,13.945362997506793,14.097526550292969,3090401.0,0.0,0.0
2014-11-03,14.093046805486773,14.191505259638314,13.963259177989038,14.016965866088867,3175465.0,0.0,0.0
2014-11-04,13.945361282777618,13.945361282777618,13.627606724658282,13.721590995788574,2926008.0,0.0,0.0
2014-11-05,13.91403018966435,13.940883534175043,13.609703979259118,13.69025993347168,3166481.0,0.0,0.0
2014-11-06,13.752914938257094,13.887176748921142,13.63207898231393,13.88270092010498,2457105.0,0.0,0.0
2014-11-07,13.824525424735503,13.851377141465514,13.515721707836112,13.564950942993164,2192738.0,0.0,0.0
2014-11-10,13.582851112364795,13.802145533723394,13.582851112364795,13.766342163085938,3470417.0,0.0,0.0
2014-11-11,13.811095266476832,13.85585029468469,13.65893257623499,13.797669410705566,1266019.0,0.0,0.0
2014-11-12,13.685783897065024,13.864799098930785,13.641028872802892,13.815569877624512,1925694.0,0.0,0.0
2014-11-13,13.860328491811677,14.075147116035682,13.726065015977662,13.820049285888672,1681207.0,0.0,0.0
2014-11-14,13.80662307779218,13.918507401134642,13.766343872890351,13.89613151550293,1951500.0,0.0,0.0
2014-11-17,13.846900970949914,13.891654374975499,13.743968304863873,13.833475112915039,1757287.0,0.0,0.0
2014-11-18,13.833473715013643,14.133326550041117,13.833473715013643,14.101997375488281,2148199.0,0.0,0.0
2014-11-19,14.101997247517282,14.101997247517282,13.887178647432547,14.034866333007812,1916901.0,0.0,0.0
2014-11-20,13.909551576920279,14.19150099855686,13.887174068885624,14.133321762084961,1371154.0,0.0,0.0
2014-11-21,14.294439185329512,14.294439185329512,13.98116214525814,14.07514476776123,2100410.0,0.0,0.0
2014-11-24,14.164653319589483,14.477931994192614,14.155701661140835,14.446602821350098,3327815.0,0.0,0.0
2014-11-25,14.518213190118036,14.531639049418366,14.294442885442601,14.43765640258789,1622714.0,0.0,0.0
2014-11-26,14.401853599375107,14.656951463197936,14.401853599375107,14.652477264404297,1319924.0,0.0,0.0
2014-11-28,14.683802103222922,14.683802103222922,14.522688533564224,14.567441940307617,847772.0,0.0,0.0
2014-12-01,14.486884153989974,14.697228577771686,14.388425686924151,14.61219596862793,1892433.0,0.0,0.0
2014-12-02,14.647994094508915,14.920995174043313,14.647994094508915,14.804635047912598,2059503.0,0.0,0.0
2014-12-03,14.791135953191032,15.164853541627492,14.71459055616833,15.146842956542969,3431230.0,0.10463,0.0
2014-12-04,15.124327643668348,15.173856336764823,14.768620679618909,14.81364631652832,1885552.0,0.0,0.0
2014-12-05,14.845161926835855,14.903696722450102,14.669560823300026,14.71908950805664,1798194.0,0.0,0.0
2014-12-08,14.683066341821709,14.719087497023848,14.403903209831755,14.448928833007812,2302269.0,0.0,0.0
2014-12-09,14.295843347751793,14.660556404866053,14.250817713226208,14.65155029296875,3094033.0,0.0,0.0
2014-12-10,14.56600295877886,14.656054233263722,14.277833627135319,14.367886543273926,3656028.0,0.0,0.0
2014-12-11,14.399402506918456,14.462438717991487,14.10673180433817,14.15626049041748,3385353.0,0.0,0.0
2014-12-12,13.881601766958793,14.04819842252422,13.760030746459961,13.760030746459961,4235992.0,0.0,0.0
2014-12-15,13.845581103208604,13.877100854714705,13.377308407454304,13.426837921142578,4883434.0,0.0,0.0
2014-12-16,13.426835786362522,13.656469451977145,13.287253379821776,13.287253379821777,3786396.0,0.0,0.0
2014-12-17,13.309768942039533,13.728513785620354,13.309768942039533,13.692493438720703,2483867.0,0.0,0.0
2014-12-18,13.913118260412087,14.007674217224121,13.74652162418788,14.007674217224121,2293667.0,0.0,0.0
2014-12-19,14.09772763445041,14.475948192232249,13.994167204542203,14.403905868530273,4898917.0,0.0,0.0
2014-12-22,14.394898434069086,14.435422647839866,14.178773124482818,14.223798751831055,2207074.0,0.0,0.0
2014-12-23,14.295841996070676,14.507465905804398,14.282334471155512,14.354376792907715,1575499.0,0.0,0.0
2014-12-24,14.309349819439914,14.345370981067319,14.178774339780716,14.264324188232422,973934.0,0.0,0.0
2014-12-26,14.34086963828275,14.408408906255975,14.259821203392056,14.300345420837402,1192042.0,0.0,0.0
2014-12-29,14.31835674582118,14.638042521397283,14.277832526269915,14.633541107177734,2354264.0,0.0,0.0
2014-12-30,14.597520955754693,14.60202237028639,14.453436291050846,14.56600284576416,1800870.0,0.0,0.0
2014-12-31,14.58851314505484,14.615529837368515,14.358880289483071,14.3768892288208,2039431.0,0.0,0.0
2015-01-02,14.408409550380876,14.475948821373429,13.692491800371576,13.805057525634766,4467098.0,0.0,0.0
2015-01-05,13.656470406757599,13.669977932397702,13.40432308791911,13.561914443969727,4182086.0,0.0,0.0
2015-01-06,13.575422388860147,13.584428500667403,13.192699574258393,13.336783409118652,5104791.0,0.0,0.0
2015-01-07,13.485368655562292,13.530395104974264,13.242227470391077,13.449347496032715,3744151.0,0.0,0.0
2015-01-08,13.602438562226666,13.836575297933752,13.566417399682994,13.728511810302734,6416496.0,0.0,0.0
2015-01-09,13.778041148465299,13.953643913737634,13.737517749105075,13.818565368652344,3053508.0,0.0,0.0
2015-01-12,13.791548484848029,13.818563533616167,13.534897313283597,13.579924583435059,2856427.0,0.0,0.0
2015-01-13,13.742021202429374,14.093225922303075,13.742021202429374,14.075215339660645,5513098.0,0.0,0.0
2015-01-14,13.881597792532894,13.985158201024083,13.665472507776721,13.92212200164795,2987942.0,0.0,0.0
2015-01-15,13.935632713650323,13.940135769394454,13.507883459297256,13.557412147521973,2222367.0,0.0,0.0
2015-01-16,13.54390392603347,13.886103311933118,13.54390392603347,13.87259578704834,1840248.0,0.0,0.0
2015-01-20,13.850082731508577,13.971653743872837,13.728511719144317,13.967150688171387,2725104.0,0.0,0.0
2015-01-21,13.890607347286862,14.151758318992409,13.751024928946489,14.120240211486816,3537895.0,0.0,0.0
2015-01-22,14.565998085114618,14.669558493610111,14.183274550822025,14.435420989990234,4571660.0,0.0,0.0
2015-01-23,14.390400439754384,14.439929134101833,14.237309658757468,14.304850578308105,2276081.0,0.0,0.0
2015-01-26,14.304850211815303,14.588514843383836,14.201288127819115,14.56600284576416,2610793.0,0.0,0.0
2015-01-27,14.354379151333134,14.69207553796326,14.313854928276015,14.543489456176758,2433784.0,0.0,0.0
2015-01-28,14.647047926406378,14.687570502348764,14.228303150093623,14.232806205749512,2501835.0,0.0,0.0
2015-01-29,14.26882731467037,14.327362113018813,13.922124863525939,14.300345420837402,2468192.0,0.0,0.0
2015-01-30,14.17427038509946,14.250815759115854,13.931128380363575,13.962646484375,2623601.0,0.0,0.0
2015-02-02,14.0076752522561,14.201286952359224,13.791549914743051,14.187779426574707,3981947.0,0.0,0.0
2015-02-03,14.399401576719763,15.065791372101,14.277830576322739,15.002755165100098,5169401.0,0.0,0.0
2015-02-04,14.935215242514804,15.088304356471092,14.71458686186173,14.87217903137207,4020943.0,0.0,0.0
2015-02-05,14.908200758746014,14.95772944676131,14.791132801468633,14.863173484802246,2364012.0,0.0,0.0
2015-02-06,14.854163254083026,15.191859469424008,14.840655733799974,15.128823280334473,3599255.0,0.0,0.0
2015-02-09,15.016263421114001,15.295424952619618,14.948722513909583,15.209875106811523,5230380.0,0.0,0.0
2015-02-10,15.308935039559756,15.41249383019839,15.047782430955037,15.380975723266602,2622072.0,0.0,0.0
2015-02-11,15.353963211717236,15.507052357603161,15.290926987427104,15.471031188964844,2311827.0,0.0,0.0
2015-02-12,15.421500733557114,15.808727431425845,15.421500733557114,15.687154769897461,4971174.0,0.0,0.0
2015-02-13,15.74118759336322,15.790716282400625,15.579092358796954,15.655637741088867,2599706.0,0.0,0.0
2015-02-17,15.592600200264892,15.750192382203547,15.529563984150883,15.669145584106445,2299784.0,0.0,0.0
2015-02-18,15.628616886910585,15.669141095176489,15.552071524997917,15.57908821105957,2159094.0,0.0,0.0
2015-02-19,15.552073475014026,15.610608267442771,15.430504118279515,15.511550903320312,1863951.0,0.0,0.0
2015-02-20,15.466529643909604,15.61961878850664,15.254905690354658,15.606109619140625,2392877.0,0.0,0.0
2015-02-23,15.606114290203514,15.745695948866524,15.538574989773585,15.73669147491455,2184136.0,0.0,0.0
2015-02-24,15.705159889927534,15.849242841220358,15.691652369752099,15.835735321044922,2688211.0,0.0,0.0
2015-02-25,15.826732150194946,15.961812301975442,15.795214050052342,15.871759414672852,2919891.0,0.0,0.0
2015-02-26,15.87176456329872,16.20946094816191,15.84024645293199,16.06537628173828,5203236.0,0.0,0.0
2015-02-27,16.087887549890837,16.150925402986132,15.934798435208274,15.939301490783691,4443013.0,0.0,0.0
2015-03-02,15.975323249359429,16.20045469505174,15.948306556550353,16.13741683959961,3007057.0,0.0,0.0
2015-03-03,16.07438272336361,16.150928114381983,15.94830863766138,15.997838973999023,2518466.0,0.0,0.0
2015-03-04,15.920857873888593,15.975195486891556,15.649171459820607,15.7442626953125,3222871.0,0.10463,0.0
2015-03-05,15.766901517559003,15.852935655406228,15.622001221838726,15.762372970581055,2511202.0,0.0,0.0
2015-03-06,15.63559210021733,15.785019342022345,15.576725922625908,15.653704643249512,2304563.0,0.0,0.0
2015-03-09,15.653702334147408,15.798601006083317,15.590307617412563,15.785017013549805,2264612.0,0.0,0.0
2015-03-10,15.617475037865733,15.622001934103315,15.445406754326058,15.468046188354492,3064786.0,0.0,0.0
2015-03-11,15.490688392347437,15.861994618408932,15.395598800286503,15.771431922912598,2880131.0,0.0,0.0
2015-03-12,15.902748143942267,16.3374474737678,15.893692698983063,16.328392028808594,2842855.0,0.0,0.0
2015-03-13,16.21971469906956,16.26046832351615,15.893690656337562,16.10198402404785,4179601.0,0.0,0.0
2015-03-16,16.156313584616296,16.450642631923714,16.052168592989425,16.441585540771484,3005911.0,0.0,0.0
2015-03-17,16.332921303617024,16.545741604574093,16.27405513044759,16.504989624023438,3321125.0,0.0,0.0
2015-03-18,16.45970308022346,16.690637512569044,16.364613499870238,16.554794311523438,2822402.0,0.0,0.0
2015-03-19,16.4687548599194,16.504979921968527,16.25140448762462,16.414417266845703,2489983.0,0.0,0.0
2015-03-20,16.514042613356022,16.586492769267284,16.437065560910515,16.47781753540039,5021639.0,0.0,0.0
2015-03-23,16.468761607616624,16.613660264235822,16.405366897583008,16.405366897583008,2323679.0,0.0,0.0
2015-03-24,16.373668670654297,16.47781534318428,16.278579091881735,16.373668670654297,2274552.0,0.0,0.0
2015-03-25,16.409893813547683,16.545737012912646,16.25140953063965,16.25140953063965,3355533.0,0.0,0.0
2015-03-26,16.197077345743864,16.41895308218911,16.16537916101885,16.328392028808594,2397465.0,0.0,0.0
2015-03-27,16.301216477140734,16.473286378401244,16.25140742057053,16.437061309814453,2065237.0,0.0,0.0
2015-03-30,16.52762967513127,16.64083347750882,16.45970805408364,16.59102439880371,2757409.0,0.0,0.0
2015-03-31,16.473293307894565,16.88535157271851,16.3465055145075,16.790260314941406,5137287.0,0.0,0.0
2015-04-01,16.772145959577205,16.826483579439383,16.52310059889269,16.667999267578125,2894658.0,0.0,0.0
2015-04-02,16.627243013035,17.0981656287875,16.54120888312484,16.930625915527344,3481886.0,0.0,0.0
2015-04-06,16.681585759534883,16.763093027015497,15.979728445772933,16.088403701782227,8535257.0,0.0,0.0
2015-04-07,16.04311948024984,16.48234734590931,15.997838954808968,16.17896270751953,6449757.0,0.0,0.0
2015-04-08,16.174438005051954,16.391786867982137,16.16990945660935,16.314809799194336,3200506.0,0.0,0.0
2015-04-09,16.25140967773244,16.287634751350538,16.061228866710803,16.26499366760254,3123662.0,0.0,0.0
2015-04-10,16.31933708547641,16.523103609827842,16.251415461008374,16.432540893554688,1930664.0,0.0,0.0
2015-04-13,16.39631378884704,16.459706856961617,16.301222535728034,16.341976165771484,2064664.0,0.0,0.0
2015-04-14,16.323861235728643,16.396311389226213,16.21518600548229,16.26952362060547,2595119.0,0.0,0.0
2015-04-15,16.328388999294244,16.37819806469626,16.12915108673938,16.169904708862305,4595746.0,0.0,0.0
2015-04-16,16.169904488366054,16.328388776636867,16.05217382166244,16.278579711914062,2575430.0,0.0,0.0
2015-04-17,16.151796394855733,16.18802147933813,15.757850664793747,15.825772285461426,3243707.0,0.0,0.0
2015-04-20,15.875574362340982,15.961608487306542,15.825765305881609,15.911799430847168,3634045.0,0.0,0.0
2015-04-21,16.23330023429399,16.355559468315743,15.825770554852843,16.30122184753418,4854187.0,0.0,0.0
2015-04-22,16.301218545756488,16.301218545756488,15.735204666417468,15.925385475158691,5050312.0,0.0,0.0
2015-04-23,15.86199621666071,16.19707739828639,15.86199621666071,16.070289611816406,3575743.0,0.0,0.0
2015-04-24,16.074816013153157,16.183491255347743,15.893692260442593,16.17896270751953,3358782.0,0.0,0.0
2015-04-27,16.260465514178488,16.269520956409373,15.766900162509685,15.789541244506836,2723575.0,0.0,0.0
2015-04-28,15.74426235239232,15.94802715850518,15.676339099407908,15.943498611450195,2766585.0,0.0,0.0
2015-04-29,15.889166089617685,15.893694638123362,15.531445427563039,15.576725959777832,4073893.0,0.0,0.0
2015-04-30,15.56314077704736,15.798602168103816,15.517860248289487,15.540499687194824,4622125.0,0.0,0.0
2015-05-01,15.6129463844853,15.789543214008221,15.431822658755586,15.7442626953125,3380192.0,0.0,0.0
2015-05-04,15.821244922212387,15.948032727397472,15.771435840055089,15.861998558044434,2132524.0,0.0,0.0
2015-05-05,15.785013323249785,15.920856518720939,15.603889612937145,15.617473602294922,3158643.0,0.0,0.0
2015-05-06,15.640117045445288,15.698983215688584,15.463520185662519,15.51785945892334,3116016.0,0.0,0.0
2015-05-07,15.526917417575198,15.658232121215597,15.499747776546144,15.603896141052246,3328006.0,0.0,0.0
2015-05-08,15.789541992032584,15.920856641750325,15.735204383234889,15.82123851776123,2374717.0,0.0,0.0
2015-05-11,15.780484795722137,16.07481058817848,15.780484795722137,15.911799430847168,4567837.0,0.0,0.0
2015-05-12,15.84840474121469,15.934440517157855,15.708034664385652,15.72161865234375,2947799.0,0.0,0.0
2015-05-13,15.735203234781398,15.92991257269203,15.689921071948277,15.775955200195312,3669600.0,0.0,0.0
2015-05-14,15.871051592421672,16.13368260920465,15.861996147472592,16.115570068359375,2949138.0,0.0,0.0
2015-05-15,16.151794722444425,16.242357424273244,15.984254962271413,16.17896270751953,2819917.0,0.0,0.0
2015-05-18,16.1472686183084,16.23330278532923,16.02953791358736,16.206134796142578,2845149.0,0.0,0.0
2015-05-19,16.219718536636115,16.34650633639798,16.133684370963103,16.314809799194336,2571224.0,0.0,0.0
2015-05-20,16.323863429549647,16.613662431540124,16.206132739767305,16.58649444580078,4097023.0,0.0,0.0
2015-05-21,16.482349946407165,16.591025205747957,16.18802235723636,16.29669761657715,4168897.0,0.0,0.0
2015-05-22,16.283109262596433,16.396311389226213,16.18348947606383,16.26952362060547,2037138.0,0.0,0.0
2015-05-26,16.269524022590353,16.34650272532022,16.183489875922998,16.283109664916992,4502653.0,0.0,0.0
2015-05-27,16.287639123964478,16.523102165695015,16.264998034138202,16.504989624023438,2729692.0,0.0,0.0
2015-05-28,16.441595948008903,16.55479975339025,16.142739816901013,16.314809799194336,3037642.0,0.0,0.0
2015-05-29,16.301224409243186,16.405371119370894,16.15179716682195,16.206134796142578,14964560.0,0.0,0.0
2015-06-01,16.260467888667016,16.51857031771694,16.147264113096934,16.423479080200195,4446454.0,0.0,0.0
2015-06-02,16.396311790607534,16.53668355370865,16.296693652583176,16.4642333984375,2760276.0,0.0,0.0
2015-06-03,16.49155995353209,16.782961917821044,16.40049632091711,16.723770141601562,3708978.0,0.10463,0.0
2015-06-04,16.650919266706545,16.737427634129336,16.427812973605548,16.436920166015625,4012914.0,0.0,0.0
2015-06-05,16.446028362927073,16.505220142946335,16.236582824506893,16.432369232177734,2944550.0,0.0,0.0
2015-06-08,16.405053426491804,16.41415896166142,16.227479719930585,16.250246047973633,2908995.0,0.0,0.0
2015-06-09,16.25934818284569,16.30032723273741,15.91330803733916,16.077220916748047,2873440.0,0.0,0.0
2015-06-10,16.13186247021326,16.304882579150004,16.063565146163462,16.250246047973633,2122393.0,0.0,0.0
2015-06-11,16.254793505323388,16.323090810548877,16.140965216640527,16.295772552490234,2918935.0,0.0,0.0
2015-06-12,16.241132244930867,16.514321429981553,16.127302311107307,16.47789764404297,4122064.0,0.0,0.0
2015-06-15,16.304874954359935,16.48244857788086,16.12274939542253,16.48244857788086,4518328.0,0.0,0.0
2015-06-16,16.459682192712286,16.68734038550559,16.414151218185047,16.673681259155273,3306406.0,0.0,0.0
2015-06-17,16.74653233442484,16.846701475556195,16.710106890362784,16.81027603149414,2759512.0,0.0,0.0
2015-06-18,16.846697321733195,17.065249932217863,16.846697321733195,16.983293533325195,3505781.0,0.0,0.0
2015-06-19,16.95142870117171,17.18364055354034,16.91955684419698,17.124448776245117,6299891.0,0.0,0.0
2015-06-22,17.242828501787884,17.44772206814155,17.15176653905159,17.30657386779785,4781739.0,0.0,0.0
2015-06-23,17.347553369473403,17.520573427334593,17.183638844093874,17.283809661865234,5096571.0,0.0,0.0
2015-06-24,17.2200598514145,17.292910732787703,16.782956223253713,16.851253509521484,5291741.0,0.0,0.0
2015-06-25,16.928663507575724,16.96508896371511,16.801176071166992,16.801176071166992,4840806.0,0.0,0.0
2015-06-26,16.887680001799414,16.99695633066382,16.74653182536918,16.919551849365234,5472955.0,0.0,0.0
2015-06-29,17.234506959506604,17.79710762625188,16.376681219369036,17.618858337402344,6331094.0,0.0,1.223391240518718
2015-06-30,17.791541896172102,17.863954544067383,17.362627273597507,17.863954544067383,6308906.0,0.0,0.0
2015-07-01,17.964218371311667,18.554670251940195,17.947508017168985,18.365280151367188,4527031.0,0.0,0.0
2015-07-02,18.437694100837696,18.604802619311364,17.6355705560379,17.68570327758789,4643281.0,0.0,0.0
2015-07-06,17.384902840546207,17.7024094486487,16.894716530110692,17.05068588256836,6039375.0,0.0,0.0
2015-07-07,17.07296980883915,17.568727459150324,16.733181547647426,17.557586669921875,5417344.0,0.0,0.0
2015-07-08,17.318059469094084,17.429465673106595,16.811162817911665,16.883575439453125,4677969.0,0.0,0.0
2015-07-09,16.889145141495046,17.35704982814077,16.889145141495046,17.323627471923828,4333281.0,0.0,0.0
2015-07-10,17.546441917255354,17.5854338407079,17.40718457347384,17.474027633666992,2418906.0,0.0,0.0
2015-07-13,17.635568759100803,17.902942693430973,17.635568759100803,17.797107696533203,2687188.0,0.0,0.0
2015-07-14,17.84166707846956,17.947502053001152,17.791534372622312,17.886228561401367,3980781.0,0.0,0.0
2015-07-15,17.858381408438923,18.242731132236543,17.75254475023357,18.097904205322266,4537656.0,0.0,0.0
2015-07-16,18.042198128755665,18.226016945788366,18.042198128755665,18.136892318725586,2935156.0,0.0,0.0
2015-07-17,18.075624518962687,18.159179609432567,17.741407477240934,17.930797576904297,2107344.0,0.0,0.0
2015-07-20,17.891805644039387,17.975359074430383,17.797109764168265,17.930797576904297,2931875.0,0.0,0.0
2015-07-21,18.075623798901425,18.342997753643484,16.727611576154864,16.738752365112305,6145156.0,0.0,0.0
2015-07-22,16.66076450882728,16.844583332365747,16.476944025210393,16.605060577392578,7406719.0,0.0,0.0
2015-07-23,16.67189760228031,16.73874229581408,16.365531900522885,16.393383026123047,4152031.0,0.0,0.0
2015-07-24,16.437948162915205,16.605056597005017,16.37667468306407,16.45465850830078,3054219.0,0.0,0.0
2015-07-27,16.37111256168224,16.37111256168224,15.981191598208337,16.009042739868164,2441875.0,0.0,0.0
2015-07-28,16.042463306412444,16.220714263659566,15.869785233574902,15.964479446411133,2488281.0,0.0,0.0
2015-07-29,15.997900269445383,16.365539616912656,15.997900269445383,16.270845413208008,3722500.0,0.0,0.0
2015-07-30,16.1817188935294,16.248563617673433,16.064743116395213,16.12601661682129,1650156.0,0.0,0.0
2015-07-31,16.22071255608524,16.393390610744753,16.13158791688332,16.226282119750977,2262344.0,0.0,0.0
2015-08-03,16.37668211690972,16.41567404722763,16.131589746328743,16.165010452270508,2533594.0,0.0,0.0
2015-08-04,15.858643205186766,15.981190209939005,15.546706129489538,15.563416481018066,3412500.0,0.0,0.0
2015-08-05,16.15386221563691,16.220706916858326,15.2514736898499,15.290467262268066,4338906.0,0.0,0.0
2015-08-06,15.368457262742263,15.368457262742263,14.5719033703447,14.694450378417969,6993281.0,0.0,0.0
2015-08-07,14.59418317100778,14.97296327708458,14.59418317100778,14.805854797363281,2809375.0,0.0,0.0
2015-08-10,14.928403782460245,15.240340870286708,14.816997561088032,15.062089920043945,3237188.0,0.0,0.0
2015-08-11,14.972964952073529,15.050950467407429,14.46606823283582,14.493919372558594,3147969.0,0.0,0.0
2015-08-12,14.399226110855645,14.70002242379897,14.026015501815868,14.532912254333496,5238906.0,0.0,0.0
2015-08-13,14.505058217445786,14.839276829585001,14.220972314123529,14.259965896606445,2640781.0,0.0,0.0
2015-08-14,14.198694264035298,14.310100482696548,13.881186789862532,14.170843124389648,3835000.0,0.0,0.0
2015-08-17,14.031585144157274,14.376944613567087,13.953601283348213,14.360234260559082,3468281.0,0.0,0.0
2015-08-18,13.858905109741286,14.209834944893124,13.803202000830169,14.137420654296875,3733438.0,0.0,0.0
2015-08-19,14.014873448173411,14.065006162472235,13.753069919087906,13.920178413391113,3125313.0,0.0,0.0
2015-08-20,13.730790128372202,13.797634032804554,13.441134592564378,13.647235870361328,4077969.0,0.0,0.0
2015-08-21,13.49683459140647,13.78091966707779,13.31858449742584,13.335295677185059,4959219.0,0.0,0.0
2015-08-24,12.288080768794648,14.142990420947406,12.288080768794648,13.0066499710083,6693594.0,0.0,0.0
2015-08-25,13.151477292033118,13.151477292033118,12.488611221313477,12.488611221313477,5664531.0,0.0,0.0
2015-08-26,12.549884124308115,13.017789710149243,12.382774808642154,12.939805030822754,4934375.0,0.0,0.0
2015-08-27,13.045640028771647,13.251741256142758,12.811687665557594,13.056780815124512,4935313.0,0.0,0.0
2015-08-28,13.04564036158515,13.541397066542897,13.04564036158515,13.457842826843262,4266719.0,0.0,0.0
2015-08-31,13.379857963722765,13.624951116122382,13.218319049856884,13.251741409301758,3972188.0,0.0,0.0
2015-09-01,12.800545777184608,13.10691239527745,12.77826420639714,12.934232711791992,4542969.0,0.0,0.0
2015-09-02,13.10235544578064,13.236854144243102,12.777318733823495,12.951045036315918,3603281.0,0.0896,0.0
2015-09-03,12.967861639449522,13.309711004432193,12.967861639449522,13.119172096252441,2678438.0,0.0,0.0
2015-09-04,12.923025696850432,12.990275049909544,12.749299384469385,12.850172996520996,3345000.0,0.0,0.0
2015-09-08,13.309707699381716,13.404977129814403,13.113564656129231,13.203229904174805,5368438.0,0.0,0.0
2015-09-09,13.343332281839603,13.432997526445519,12.97906628616972,13.012690544128418,2651719.0,0.0,0.0
2015-09-10,13.01269323757488,13.186420415647776,12.777321712997196,13.001484870910645,2300469.0,0.0,0.0
2015-09-11,12.850173714157068,13.001483305610472,12.766111809370097,12.984671592712402,1585469.0,0.0,0.0
2015-09-14,12.97346272510767,12.995879454869401,12.743695420420538,12.872589111328125,2667344.0,0.0,0.0
2015-09-15,12.923026348581223,13.236855565251881,12.8725895400118,13.16960620880127,2504688.0,0.0,0.0
2015-09-16,13.102359040554608,13.399375758948361,13.046318875073096,13.348938941955566,1722031.0,0.0,0.0
2015-09-17,13.35454288970835,13.651559602857477,13.320918623998312,13.404979705810547,1713281.0,0.0,0.0
2015-09-18,13.242458672889425,13.38256072197043,12.928629481694632,13.012690544128418,5496875.0,0.0,0.0
2015-09-21,13.085545691453476,13.348937275589645,12.995880435786942,13.214439392089844,2655156.0,0.0,0.0
2015-09-22,13.040711625104851,13.074335883502176,12.782923417194436,13.02389907836914,3216719.0,0.0,0.0
2015-09-23,13.018298254525067,13.085547623742498,12.710073161967113,12.83336353302002,1659219.0,0.0,0.0
2015-09-24,12.743698323515883,12.850176143992185,12.58117950094288,12.805342674255371,1600156.0,0.0,0.0
2015-09-25,12.917422930563479,13.023900736632031,12.69886397054179,12.777320861816406,1652188.0,0.0,0.0
2015-09-28,12.738094174686463,12.76051007454195,12.463493347167969,12.463493347167969,2632031.0,0.0,0.0
2015-09-29,12.497117195642291,12.525137276418784,12.12164276876221,12.244933128356934,2935938.0,0.0,0.0
2015-09-30,12.38503520931093,12.68765609022252,12.351410945345497,12.547554016113281,3226875.0,0.0,0.0
2015-10-01,12.586781102353422,12.710070613612613,12.41865813055546,12.670842170715332,1981875.0,0.0,0.0
2015-10-02,12.284160828050618,12.951046893682285,11.936707338161883,12.939839363098145,1881875.0,0.0,0.0
2015-10-05,13.074336318973227,13.461018226181139,13.074336318973227,13.399373054504395,2879688.0,0.0,0.0
2015-10-06,13.337728158725598,13.584308000020743,13.259270443042455,13.393768310546875,2337813.0,0.0,0.0
2015-10-07,13.461020514149666,14.346467292628624,13.421792065532854,14.340862274169922,4551094.0,0.0,0.0
2015-10-08,14.34086239594367,14.996541001525282,14.239988764315731,14.811605453491211,5178594.0,0.0,0.0
2015-10-09,14.811605313755114,14.86204212909325,14.514589440179707,14.682711601257324,2996875.0,0.0,0.0
2015-10-12,14.671502733124843,14.733147913114669,14.290424956959063,14.307236671447754,2637188.0,0.0,0.0
2015-10-13,14.22317634604364,14.39690351862634,14.088677620471799,14.206364631652832,1264844.0,0.0,0.0
2015-10-14,14.217570778105031,14.329652766723274,13.965387556325279,14.027031898498535,2648281.0,0.0,0.0
2015-10-15,14.094282616031197,14.329653297717766,13.970992256967687,14.324049949645996,3257188.0,0.0,0.0
2015-10-16,14.374486432025195,14.458546672057656,14.116697353539761,14.262404441833496,1779531.0,0.0,0.0
2015-10-19,14.189551045767756,14.301633037129134,14.010220527648924,14.010220527648926,3662656.0,0.0,0.0
2015-10-20,14.133511223757395,14.217571466680932,13.511456908366004,14.032637596130371,3371875.0,0.0,0.0
2015-10-21,14.116697896796461,14.256801642539049,13.914951475791433,14.004616737365723,3723438.0,0.0,0.0
2015-10-22,14.116697223695793,14.46975490500031,14.02703196639685,14.436131477355957,2995938.0,0.0,0.0
2015-10-23,14.548210151797958,14.69391553540503,14.475356624920412,14.665895462036133,2015781.0,0.0,0.0
2015-10-26,14.677108243731825,14.755565140842188,14.54821453131501,14.721940040588379,2900469.0,0.0,0.0
2015-10-27,14.64348081170355,14.64348081170355,14.402505140294648,14.637877464294434,2291406.0,0.0,0.0
2015-10-28,14.677104413022327,15.086202177001207,14.587439172563231,15.041370391845703,2643594.0,0.0,0.0
2015-10-29,15.05817969043467,15.170261640591853,15.01895125840183,15.086199760437012,2449375.0,0.0,0.0
2015-10-30,15.069394534413922,15.203891596336845,14.912479068639124,15.153454780578613,1795781.0,0.0,0.0
2015-11-02,15.159058581940734,15.534532995804422,15.063788306425193,15.500907897949219,2194844.0,0.0,0.0
2015-11-03,15.456070031006172,15.663422236820011,15.456070031006172,15.601777076721191,1550000.0,0.0,0.0
2015-11-04,15.607384856393349,15.646613302117856,15.26553554066686,15.579364776611328,2348906.0,0.0,0.0
2015-11-05,15.540135346685748,15.6129888856237,15.23751449584961,15.23751449584961,2406094.0,0.0,0.0
2015-11-06,15.181476532782051,15.265536778946743,14.974124251249021,15.153454780578613,2127969.0,0.0,0.0
2015-11-09,15.119828391864017,15.2207020036438,14.794790827207338,15.170265197753906,1401719.0,0.0,0.0
2015-11-10,15.136640594484453,15.43365809219742,14.929290016947675,15.400032997131348,1726250.0,0.0,0.0
2015-11-11,15.45046702820249,15.51771553610179,14.996535842049298,15.304759979248047,1210938.0,0.0,0.0
2015-11-12,14.901268664211871,15.394428387508649,14.901268664211871,15.103015899658203,1203906.0,0.0,0.0
2015-11-13,14.962915960177318,15.035769510007853,14.559421432067962,14.576234817504883,2359375.0,0.0,0.0
2015-11-16,14.537002301282977,14.934891699543602,14.46975211864743,14.895663261413574,2365313.0,0.0,0.0
2015-11-17,14.979730701514685,15.159061247984726,14.800398484895945,15.002145767211914,2533750.0,0.0,0.0
2015-11-18,15.058182509675952,15.629799059364434,15.058182509675952,15.56255054473877,2138281.0,0.0,0.0
2015-11-19,15.540136680648576,15.579365127255999,15.400034608436798,15.523324966430664,1339688.0,0.0,0.0
2015-11-20,15.512116287448677,15.781112060253431,15.506511269390097,15.764300346374512,1757969.0,0.0,0.0
2015-11-23,15.70826257567349,15.87638643850089,15.685847508092165,15.797927856445312,1196719.0,0.0,0.0
2015-11-24,15.691447858384821,15.825946588910583,15.612990961473344,15.747488021850586,1766563.0,0.0,0.0
2015-11-25,15.730680098904006,15.982864235588904,15.725076749266085,15.786720275878906,1537813.0,0.0,0.0
2015-11-27,15.781113289775316,15.865175206016076,15.590574393758327,15.758696556091309,631563.0,0.0,0.0
2015-11-30,15.786720933275765,15.994073271045174,15.663432204767162,15.831554412841797,2304688.0,0.0,0.0
2015-12-01,15.870775888099626,16.223833538789783,15.870775888099626,16.07252311706543,1962969.0,0.0,0.0
2015-12-02,16.033098897225628,16.10067728189549,15.638888576360323,15.678309440612793,2026875.0,0.0896,0.0
2015-12-03,15.68394143463098,15.942995005337417,15.407995364432084,15.514994621276855,1948750.0,0.0,0.0
2015-12-04,15.509369625508578,15.976789374326497,15.509369625508578,15.869790077209473,1756719.0,0.0,0.0
2015-12-07,15.7909491261041,15.858527544691587,15.571316328597232,15.740264892578125,1600156.0,0.0,0.0
2015-12-08,15.565682587112432,15.59384011640545,15.199629671279778,15.205262184143066,2066719.0,0.0,0.0
2015-12-09,15.182737836178044,15.351684716391523,14.844842397409685,14.946210861206055,2693125.0,0.0,0.0
2015-12-10,14.98562896954766,15.323524345758274,14.861735508777414,14.99126148223877,2321094.0,0.0,0.0
2015-12-11,14.766000227668808,14.912422083962769,14.298578804253706,14.332368850708008,2534844.0,0.0,0.0
2015-12-14,14.349259961831219,14.557629352831182,14.129628902766223,14.29294490814209,1949688.0,0.0,0.0
2015-12-15,14.371789423845208,14.56889550641817,14.253526781306219,14.47315788269043,2686250.0,0.0,0.0
2015-12-16,14.56889440323974,15.21652598811778,14.56889440323974,14.968735694885254,3657813.0,0.0,0.0
2015-12-17,14.974366068608388,15.154577948294067,14.630839847813752,14.64210319519043,1698594.0,0.0,0.0
2015-12-18,14.535104714248494,14.63084065471846,14.230999353329956,14.287314414978027,4356094.0,0.0,0.0
2015-12-21,14.388682007425668,14.61394559721793,14.197208459604585,14.55763053894043,4130313.0,0.0,0.0
2015-12-22,14.630839938346275,14.726577552469855,14.315472923212473,14.574524879455566,2776250.0,0.0,0.0
2015-12-23,14.720948931502342,14.749106465181736,14.371790143185367,14.659001350402832,3166719.0,0.0,0.0
2015-12-24,14.63084155354996,14.74910587562233,14.54636895588836,14.602684020996094,1783281.0,0.0,0.0
2015-12-28,14.56889623562393,14.698422233222265,14.24226414558703,14.659001350402832,2226875.0,0.0,0.0
2015-12-29,14.782891955776206,14.861735384404296,14.535103357968291,14.77163028717041,1636250.0,0.0,0.0
2015-12-30,14.720948194686006,14.794157442919866,14.450631185537866,14.47315788269043,1591563.0,0.0,0.0
2015-12-31,14.377418859471724,14.523840698369447,14.259156228444363,14.371788024902344,1559219.0,0.0,0.0
2016-01-04,14.090209278256973,14.112735973065444,13.825524810110283,13.99447250366211,2695313.0,0.0,0.0
2016-01-05,14.005735742788605,14.112736709542148,13.831157205594808,13.887473106384277,2527969.0,0.0,0.0
2016-01-06,13.645315075853455,13.960682939783496,13.605894197758525,13.825525283813477,3320781.0,0.0,0.0
2016-01-07,13.515788194077189,13.645315014742643,13.341209660794096,13.403157234191895,2143594.0,0.0,0.0
2016-01-08,13.532682730036244,13.577735280207671,13.206051531500766,13.234209060668945,2076719.0,0.0,0.0
2016-01-11,13.29615697518533,13.313051157454263,12.817472253600863,13.003314971923828,2930781.0,0.0,0.0
2016-01-12,13.13847269135943,13.481998921479708,13.115945995994549,13.313051223754883,3224375.0,0.0,0.0
2016-01-13,13.363733874686542,13.403155586930552,12.699208188102975,12.87941837310791,5192500.0,0.0,0.0
2016-01-14,12.924473061652334,13.870578368090701,12.699210293057785,13.679104804992676,6849063.0,0.0,0.0
2016-01-15,13.267999116148014,13.622788705822124,13.267999116148014,13.52705192565918,5505313.0,0.0,0.0
2016-01-19,13.72978945061862,13.72978945061862,12.935736803507632,13.065262794494629,3712188.0,0.0,0.0
2016-01-20,12.862525213053154,12.98078784165478,12.265577878908898,12.856893539428711,3865156.0,0.0,0.0
2016-01-21,12.918839995962093,13.070892663073739,12.699208925136743,12.839998245239258,3255313.0,0.0,0.0
2016-01-22,13.121576338545694,13.256734818680869,13.025839571299407,13.189155578613281,2333438.0,0.0,0.0
2016-01-25,13.206052329843956,13.279262413609317,13.0765255059966,13.104683876037598,2764063.0,0.0,0.0
2016-01-26,13.121578662199397,13.245473817735043,13.037105226533692,13.222947120666504,3917031.0,0.0,0.0
2016-01-27,13.211681687534275,13.515787014952506,13.132839938575707,13.251103401184082,3690781.0,0.0,0.0
2016-01-28,13.307419298213347,13.318681805801956,12.772418718859845,12.98078727722168,4122344.0,0.0,0.0
2016-01-29,13.048366403468068,13.52141857147217,13.048366403468068,13.521418571472168,2732500.0,0.0,0.0
2016-02-01,13.453841389396139,13.741051720231086,13.296157039377759,13.650946617126465,4285156.0,0.0,0.0
2016-02-02,13.94941789012688,14.000102106779282,13.093417879905214,13.144102096557617,2723438.0,0.0,0.0
2016-02-03,13.251103401184082,13.374997698000477,12.879418832393847,13.251103401184082,2778750.0,0.0,0.0
2016-02-04,13.49326208490046,13.532682962080084,13.132840838178375,13.228577613830566,2214844.0,0.0,0.0
2016-02-05,13.138475202664873,13.20605446250611,12.907580726894338,12.963895797729492,3022188.0,0.0,0.0
2016-02-08,12.778051025367803,12.794946046343616,12.102261934723176,12.338788032531738,4169688.0,0.0,0.0
2016-02-09,12.023419879718759,12.288104357642904,11.899525571207215,12.034683227539062,2928750.0,0.0,0.0
2016-02-10,12.107894775063954,12.457052701347338,11.93331539233694,12.220525741577148,2738594.0,0.0,0.0
2016-02-11,11.97836756960188,12.29373627991805,11.888262463560293,12.20926284790039,2969219.0,0.0,0.0
2016-02-12,12.361316101944515,12.530262973810016,12.203631739478233,12.485210418701172,4150781.0,0.0,0.0
2016-02-16,12.733000593474381,13.166631984788813,12.56968454771802,13.070895195007324,5211406.0,0.0,0.0
2016-02-17,13.273630344016308,13.921261926440325,13.251104487825447,13.650946617126465,3520313.0,0.0,0.0
2016-02-18,13.617156622784329,13.729788421653213,13.335577964782715,13.335577964782715,3394688.0,0.0,0.0
2016-02-19,13.307418704825231,13.515786414725266,13.132839355354895,13.465102195739746,2232188.0,0.0,0.0
2016-02-22,13.639682198847169,13.938155853935209,13.639682198847169,13.921260833740234,1843750.0,0.0,0.0
2016-02-23,13.893103108057439,13.893103108057439,13.679102878650946,13.72415542602539,1554375.0,0.0,0.0
2016-02-24,13.543947691363135,13.622789453765824,13.22857896341105,13.600263595581055,2614063.0,0.0,0.0
2016-02-25,13.656579957062693,13.673474141474271,13.33557954402368,13.589000701904297,1443594.0,0.0,0.0
2016-02-26,13.68473766102379,13.797369474634136,13.566474172815855,13.673474311828613,1517656.0,0.0,0.0
2016-02-29,13.707262504807668,14.112737171601438,13.66220995053517,13.87621021270752,3824844.0,0.0,0.0
2016-03-01,13.93815540063216,14.067681367069543,13.662207608941392,13.932523727416992,3985938.0,0.0,0.0
2016-03-02,13.90420606291629,14.147741959489947,13.807924449013829,13.932524681091309,2193750.0,0.0896,0.0
2016-03-03,13.915533398392888,14.328977624909962,13.870224453623159,14.204379081726074,2188594.0,0.0,0.0
2016-03-04,14.294998763956503,14.374289216260523,13.98349899114739,14.085443496704102,2546406.0,0.0,0.0
2016-03-07,14.006152271835012,14.125088787677026,13.9042069279551,14.051461219787598,2143438.0,0.0,0.0
2016-03-08,13.892879951819179,13.943852625490301,13.422799284366016,13.592707633972168,2214063.0,0.0,0.0
2016-03-09,13.71730706077553,14.028806808423273,13.711643336933244,13.915534019470215,1765156.0,0.0,0.0
2016-03-10,13.943850032446406,14.028805035397355,13.655005216673366,13.921195983886719,1999844.0,0.0,0.0
2016-03-11,14.01748025998167,14.12508933199573,13.921198636378858,13.99482536315918,2910313.0,0.0,0.0
2016-03-14,13.943852125672633,14.057124917314058,13.258553339740086,13.72863483428955,4410313.0,0.0,0.0
2016-03-15,13.56438881050869,13.62102520398996,13.150943728857847,13.19058895111084,2504844.0,0.0,0.0
2016-03-16,13.145279718224577,13.519079569464395,13.088643325979374,13.496424674987793,1980781.0,0.0,0.0
2016-03-17,13.507755500409306,13.677664719637871,13.411473862697072,13.598373413085938,1998125.0,0.0,0.0
2016-03-18,13.638016632460706,13.864562224677995,13.587043958606456,13.671998977661133,3390313.0,0.0,0.0
2016-03-21,13.671998741861694,13.739961743197622,13.462444325858781,13.581380844116211,2075000.0,0.0,0.0
2016-03-22,13.473771212351489,13.74562489425455,13.439788869153853,13.677661895751953,1808906.0,0.0,0.0
2016-03-23,13.677662745010418,13.717307970589596,13.45678087629638,13.473772048950195,2169375.0,0.0,0.0
2016-03-24,13.337844429883326,13.337844429883326,13.12829085238467,13.235899925231934,2150469.0,0.0,0.0
2016-03-28,13.309524536132812,13.388814975124115,13.16227026090164,13.309524536132812,1714219.0,0.0,0.0
2016-03-29,13.303862582830998,13.604034896579396,13.150944563905604,13.581380844116211,1805625.0,0.0,0.0
2016-03-30,13.66633599822991,13.66633599822991,13.37749111196355,13.422800064086914,1395156.0,0.0,0.0
2016-03-31,13.377489695015695,13.445452694028862,13.252889456914314,13.286870956420898,3409375.0,0.0,0.0
2016-04-01,12.748827261826001,12.981036580752207,12.15414634175012,12.918736457824707,5563125.0,0.0,0.0
2016-04-04,12.964045334347034,13.337844381896472,12.635555236684002,12.675200462341309,4070781.0,0.0,0.0
2016-04-05,12.544936591627446,12.697854615176619,12.47130986396288,12.60157299041748,3012813.0,0.0,0.0
2016-04-06,12.618562368010778,13.032007429595218,12.59590747413929,13.00368881225586,2307031.0,0.0,0.0
2016-04-07,12.93006216367036,13.043334101789966,12.629889881958151,12.726171493530273,4268125.0,0.0,0.0
2016-04-08,12.873424740096187,13.037669332577218,12.788469738387631,12.84510612487793,1715000.0,0.0,0.0
2016-04-11,12.918735383754631,13.065989670465491,12.87342643737793,12.87342643737793,1954688.0,0.0,0.0
2016-04-12,12.913072981791107,13.009354608190609,12.828118804131881,12.850772857666016,2129844.0,0.0,0.0
2016-04-13,12.964045308799637,13.536071327454737,12.964045308799637,13.473772048950195,3316250.0,0.0,0.0
2016-04-14,13.439788753721082,13.456779925173963,13.201916573112374,13.315189361572266,1708750.0,0.0,0.0
2016-04-15,13.298196854753249,13.43412452483419,13.218906417161236,13.377488136291504,1899844.0,0.0,0.0
2016-04-18,13.315189160245327,13.564388784721366,13.29253426531736,13.54739761352539,2304688.0,0.0,0.0
2016-04-19,13.587043248346736,14.079779632477734,13.570052920581075,13.762616157531738,3050469.0,0.0,0.0
2016-04-20,13.745627438708253,13.756954888537622,13.564391617224308,13.705982208251953,2382031.0,0.0,0.0
2016-04-21,13.71164622432502,13.802264136991209,13.388818961011898,13.434128761291504,3201875.0,0.0,0.0
2016-04-22,13.43412555047003,13.666334001671501,13.394479484700978,13.50208854675293,2665156.0,0.0,0.0
2016-04-25,13.445453337138524,13.615362530691058,13.388816939287679,13.592707633972168,3173594.0,0.0,0.0
2016-04-26,13.632353043355977,13.756952437439494,13.513416529231687,13.604034423828125,3386094.0,0.0,0.0
2016-04-27,13.632351600833507,13.632351600833507,12.873425336988864,13.224570274353027,6830938.0,0.0,0.0
2016-04-28,13.099969648228207,13.59270512131651,13.048996983979547,13.326515197753906,5994375.0,0.0,0.0
2016-04-29,13.320850111729968,13.332177556836557,13.133950643255801,13.230232238769531,3928125.0,0.0,0.0
2016-05-02,13.269882567707949,13.320855246389401,13.08298302719145,13.247227668762207,2081875.0,0.0,0.0
2016-05-03,13.128288354406495,13.128288354406495,12.958379191090762,13.05466079711914,2474219.0,0.0,0.0
2016-05-04,12.94138943496982,13.02068072408879,12.760153649463016,12.87342643737793,2415156.0,0.0,0.0
2016-05-05,12.930063395408341,13.037671620280953,12.794135706402079,12.9357271194458,1965313.0,0.0,0.0
2016-05-06,12.862099814498517,13.04333561162593,12.78280936424187,12.986700057983398,1656250.0,0.0,0.0
2016-05-09,12.958381683707154,13.01501808237339,12.879091231942262,12.918736457824707,1897031.0,0.0,0.0
2016-05-10,12.947053158176027,13.043334774715463,12.890416764221126,13.032008171081543,1962813.0,0.0,0.0
2016-05-11,12.964043650474927,13.179261767440918,12.958379926981477,13.082980155944824,2521406.0,0.0,0.0
2016-05-12,13.12262337989665,13.207577531480402,12.624224227765314,12.805459976196289,2681094.0,0.0,0.0
2016-05-13,12.799799790020995,13.099972108760747,12.788472341627859,12.91307258605957,3138750.0,0.0,0.0
2016-05-16,12.935728577126197,12.941391457855422,12.675201461777093,12.799800872802734,2540000.0,0.0,0.0
2016-05-17,12.748827523792418,12.958381949979552,12.658209621642957,12.692191123962402,1792500.0,0.0,0.0
2016-05-18,12.63555482417116,12.731836445029765,12.516618307135774,12.618563652038574,2566563.0,0.0,0.0
2016-05-19,12.544934358589376,12.646879689475567,12.363698589878926,12.584580421447754,1950000.0,0.0,0.0
2016-05-20,12.675201133027583,12.924400792561974,12.590246109042235,12.78281021118164,1562969.0,0.0,0.0
2016-05-23,12.76015544978914,12.799800677968996,12.652546370482074,12.669537544250488,3190313.0,0.0,0.0
2016-05-24,12.74882790140112,12.811128027454052,12.612901044150899,12.788473129272461,3802500.0,0.0,0.0
2016-05-25,12.794134164545412,12.907406943751026,12.652543612511524,12.754488945007324,2546875.0,0.0,0.0
2016-05-26,12.777144941979012,12.901744334709731,12.69785365210825,12.760153770446777,2152656.0,0.0,0.0
2016-05-27,12.771480923338755,12.935726379186846,12.737499425004994,12.907407760620117,2118906.0,0.0,0.0
2016-05-31,12.947052421523415,13.077316373391918,12.856434533930017,13.00368881225586,2147344.0,0.0,0.0
2016-06-01,12.929612311617083,12.997993118124342,12.86692997641243,12.946707725524902,2170156.0,0.0896,0.0
2016-06-02,12.923911963677911,13.28290965974517,12.878325049000598,13.27721118927002,3958438.0,0.0,0.0
2016-06-03,13.231624768199772,13.231624768199772,12.912516353554203,13.015087127685547,1852813.0,0.0,0.0
2016-06-06,12.980896303559147,13.123355523380695,12.941007857868941,13.015087127685547,1385625.0,0.0,0.0
2016-06-07,13.049276651109922,13.089165095419764,12.889722024746659,12.906817436218262,1983438.0,0.0,0.0
2016-06-08,12.918213167905352,12.946705519563634,12.832737811178255,12.855531692504883,1923594.0,0.0,0.0
2016-06-09,12.781454020093253,12.87832632955552,12.650391733504298,12.821342468261719,1994531.0,0.0,0.0
2016-06-10,12.382567164545527,12.661787984737963,12.183124085461188,12.485137939453125,7736875.0,0.0,0.0
2016-06-13,12.416756874698072,12.621898420133318,12.331281513808024,12.490836143493652,3193906.0,0.0,0.0
2016-06-14,12.69597672943237,12.741563641736766,12.462343697731862,12.724468231201172,3693281.0,0.0,0.0
2016-06-15,12.741565106008078,12.96949969372449,12.707375130131606,12.792850494384766,2633750.0,0.0,0.0
2016-06-16,12.735866611307982,12.752962023776156,12.485138140727813,12.695978164672852,2501094.0,0.0,0.0
2016-06-17,12.650388926029867,12.81564200219522,12.633293516698481,12.684578895568848,3874688.0,0.0,0.0
2016-06-20,12.844135438311074,12.958103152787588,12.787151581072818,12.861230850219727,2118125.0,0.0,0.0
2016-06-21,12.89542138574954,12.923912891045834,12.627597499818945,12.77005672454834,1954688.0,0.0,0.0
2016-06-22,12.735867053019764,12.935310142236538,12.718771639958677,12.804247856140137,1553438.0,0.0,0.0
2016-06-23,12.935307434167951,13.054973602294922,12.901117464327589,13.054973602294922,1327188.0,0.0,0.0
2016-06-24,12.547820204218036,12.604804062111366,12.393964042643226,12.525026321411133,4179688.0,0.0,0.0
2016-06-27,12.411058692214405,12.485137108537613,12.308487924133134,12.405360221862793,4252031.0,0.0,0.0
2016-06-28,12.513632285488974,12.695979981413567,12.365473721145154,12.542123794555664,3145156.0,0.0,0.0
2016-06-29,12.64469321494192,12.821342420077245,12.530725492782626,12.804247856140137,3882188.0,0.0,0.0
2016-06-30,12.84983340760073,13.20883109980842,12.792849552585745,13.203132629394531,4092656.0,0.0,0.0
2016-07-01,13.203133985163314,13.488052440371314,13.129054711299808,13.271513938903809,2566406.0,0.0,0.0
2016-07-05,13.277212115473336,13.277212115473336,12.787152111663255,12.849834442138672,1943906.0,0.0,0.0
2016-07-06,12.804248439225686,13.083468437194826,12.6446937907616,13.083468437194824,2643594.0,0.0,0.0
2016-07-07,13.04927670604123,13.34559207805297,13.04927670604123,13.334195137023926,2360156.0,0.0,0.0
2016-07-08,13.476654319194282,13.653304357335996,13.453861286316451,13.470955848693848,2978281.0,0.0,0.0
2016-07-11,13.533638623770178,13.624812456552087,13.43676632029891,13.579225540161133,1947500.0,0.0,0.0
2016-07-12,13.619113137544671,13.835651613756733,13.57922469432768,13.812858581542969,1552500.0,0.0,0.0
2016-07-13,13.915430914137136,13.955319361839678,13.744479332252574,13.761574745178223,1627813.0,0.0,0.0
2016-07-14,13.88693729584403,13.961016562658221,13.761573493166644,13.904032707214355,1506563.0,0.0,0.0
2016-07-15,13.943921201244706,13.949619671721898,13.835651960425858,13.921127319335938,1179375.0,0.0,0.0
2016-07-18,13.921129310639383,14.035097038237572,13.8698439181326,13.978113174438477,2455156.0,0.0,0.0
2016-07-19,13.932525547926154,13.966716373949202,13.81286020421742,13.875541687011719,1331875.0,0.0,0.0
2016-07-20,13.932524617809305,14.023698449536166,13.829953844835606,13.972413063049316,889531.0,0.0,0.0
2016-07-21,14.012303199457632,14.103477036663422,13.943922396991304,13.995207786560059,941719.0,0.0,0.0
2016-07-22,13.989506069151627,14.160457611083986,13.989506069151627,14.160457611083984,1075625.0,0.0,0.0
2016-07-25,14.143366560469985,14.416888092899626,14.086382695599468,14.24593734741211,2938125.0,0.0,0.0
2016-07-26,14.388395109529572,14.39409442946861,13.03218198188471,13.106261253356934,5651406.0,0.0,0.0
2016-07-27,13.043578180619388,13.214529747963722,12.895420495237193,12.906817436218262,3805469.0,0.0,0.0
2016-07-28,12.895420949513085,12.895420949513085,12.54212171052133,12.604804039001465,3093906.0,0.0,0.0
2016-07-29,12.559216518454672,12.564914988871834,12.30848806571895,12.479438781738281,2863594.0,0.0,0.0
2016-08-01,12.42815076071426,12.468039196048947,12.342675420836548,12.37686538696289,3021719.0,0.0,0.0
2016-08-02,12.342679874796133,12.348378346060816,11.903905229531661,11.915301322937012,2667344.0,0.0,0.0
2016-08-03,11.932395693264398,12.143235715124034,11.864014893191992,12.034966468811035,3172813.0,0.0,0.0
2016-08-04,12.03496932791596,12.137540127829975,11.875414655924805,11.93809700012207,4009375.0,0.0,0.0
2016-08-05,12.02357186265392,12.297094266946702,11.995080352412057,12.240110397338867,3329531.0,0.0,0.0
2016-08-08,12.279993381810561,12.331278756702664,12.046360384690416,12.09764575958252,2826719.0,0.0,0.0
2016-08-09,12.063459090126795,12.171727489716497,12.006475230323607,12.029268264770508,1922500.0,0.0,0.0
2016-08-10,12.04636296072303,12.08625140547482,11.903903744252974,11.92669677734375,2343594.0,0.0,0.0
2016-08-11,11.972283344624204,12.114742556953082,11.966584874236183,12.052061080932617,1780781.0,0.0,0.0
2016-08-12,11.995080872199207,12.063461688516599,11.903907016525444,11.93809700012207,1722031.0,0.0,0.0
2016-08-15,12.006476542895834,12.223014214871531,11.966587242286051,12.177427291870117,2134844.0,0.0,0.0
2016-08-16,12.166028393875981,12.200219217475947,12.086251503723895,12.160330772399902,1413281.0,0.0,0.0
2016-08-17,12.154631931037663,12.211615786175466,12.074854194195185,12.166028022766113,2491875.0,0.0,0.0
2016-08-18,12.177424491201002,12.262900695153641,12.091949136372218,12.13753604888916,2183750.0,0.0,0.0
2016-08-19,12.13753744591979,12.308489024377739,12.126140504197801,12.245806694030762,2466875.0,0.0,0.0
2016-08-22,12.245808370037318,12.245808370037318,12.080555239823207,12.17172908782959,1212813.0,0.0,0.0
2016-08-23,12.217314453280377,12.371170620585373,12.205918360576423,12.223012924194336,2632813.0,0.0,0.0
2016-08-24,12.188822834544778,12.422455894225752,12.177425892822791,12.245806694030762,2518906.0,0.0,0.0
2016-08-25,12.25150307897051,12.308486928754514,11.972282299941268,11.995076179504395,2483438.0,0.0,0.0
2016-08-26,12.052061650905294,12.148933953835224,11.841221633072886,11.90390396118164,1899688.0,0.0,0.0
2016-08-29,11.875410059449157,11.898203939107109,11.573396248724176,11.641777038574219,4211406.0,0.0,0.0
2016-08-30,11.641778462192768,11.698762319182125,11.607588487648723,11.670269966125488,2296719.0,0.0,0.0
2016-08-31,11.675966969076653,11.693062378761754,11.493619328930809,11.544904708862305,3039219.0,0.0,0.0
2016-09-01,11.539207599251128,11.738650672593149,11.453732238997093,11.613286018371582,2823750.0,0.0,0.0
2016-09-02,11.71585664404542,11.77284049987793,11.641778225849887,11.77284049987793,1802813.0,0.0,0.0
2016-09-06,11.795634996512659,11.829824972144191,11.45943116361808,11.487922668457031,1950156.0,0.0,0.0
2016-09-07,11.837954430087619,12.538017520189424,11.837954430087619,12.515064239501953,10156563.0,0.0896,0.0
2016-09-08,12.44620746452101,12.526542245561997,12.050269314927688,12.486374855041504,6099375.0,0.0,0.0
2016-09-09,12.406038158538923,12.451943865933144,12.113388953252558,12.11912727355957,3218281.0,0.0,0.0
2016-09-12,12.02157892266921,12.411777907979857,12.004363959765982,12.383087158203125,3542656.0,0.0,0.0
2016-09-13,12.25110607543522,12.337180024978533,12.033054179078142,12.11912727355957,2366719.0,0.0,0.0
2016-09-14,12.09617334767173,12.17076979229043,11.998622769609018,12.090435028076172,1966563.0,0.0,0.0
2016-09-15,12.061743671102905,12.251104801292819,11.9871472249937,12.147817611694336,1637813.0,0.0,0.0
2016-09-16,12.033053997978666,12.297012452819231,11.998624076654762,12.28553581237793,3976094.0,0.0,0.0
2016-09-19,12.360130715255934,12.4462046527108,12.170769591966405,12.251104354858398,2305625.0,0.0,0.0
2016-09-20,12.222415814704865,12.239630776310062,11.734667119843499,11.786311149597168,2870000.0,0.0,0.0
2016-09-21,11.757618021294448,12.004361496976093,11.734665597194331,11.981409072875977,2799063.0,0.0,0.0
2016-09-22,12.08469825610866,12.245368660175227,12.08469825610866,12.193724632263184,1627031.0,0.0,0.0
2016-09-23,12.165033449521344,12.34865714123285,12.119127740358946,12.233892440795898,1827031.0,0.0,0.0
2016-09-26,12.182246230968621,12.371607354258153,12.107648932515973,12.251104354858398,2027500.0,0.0,0.0
2016-09-27,12.21093934509481,12.371609757146938,12.12486624598407,12.21667766571045,2312344.0,0.0,0.0
2016-09-28,12.268322084984595,12.492113175838996,12.262583764187102,12.486374855041504,2085469.0,0.0,0.0
2016-09-29,12.446206103084423,12.578184901804303,12.360132155599239,12.365870475769043,2116719.0,0.0,0.0
2016-09-30,12.37734587458977,12.566707000951808,12.285534471205859,12.543754577636719,2761094.0,0.0,0.0
2016-10-03,12.549493920378326,12.692949356744185,12.46915829457139,12.687211036682129,2221094.0,0.0,0.0
2016-10-04,12.704423882323274,12.704423882323274,12.492110336384647,12.555230140686035,2467344.0,0.0,0.0
2016-10-05,12.526539397511389,12.664256500153808,12.520801078018566,12.635565757751465,2687813.0,0.0,0.0
2016-10-06,12.612613053161857,12.73311605786576,12.42899024129096,12.44046688079834,2580625.0,0.0,0.0
2016-10-07,12.463419087658725,12.463419087658725,12.038791128838156,12.078958511352539,3773438.0,0.0,0.0
2016-10-10,12.119124783388086,12.20519786018369,11.93550199154101,11.941240310668945,1800000.0,0.0,0.0
2016-10-11,11.9125531464199,11.9125531464199,11.608427249876797,11.815003395080566,4870625.0,0.0,0.0
2016-10-12,11.797785255797956,11.832215174106103,11.55678010294991,11.61416244506836,3360313.0,0.0,0.0
2016-10-13,11.510875590235482,11.539567191791678,11.361681827328926,11.4420166015625,3785469.0,0.0,0.0
2016-10-14,11.505137269924244,11.573996258597226,11.310037799589661,11.4420166015625,3120156.0,0.0,0.0
2016-10-17,11.401849622394632,11.482185254564435,11.361682233840687,11.413326263427734,2087344.0,0.0,0.0
2016-10-18,11.528088936515305,11.579732957021175,11.45922995748689,11.493659019470215,1936563.0,0.0,0.0
2016-10-19,11.54530565088791,11.711714389053038,11.447755907323309,11.66580867767334,5925156.0,0.0,0.0
2016-10-20,11.665806223690765,11.671544543288878,11.499397520530854,11.556779861450195,2384219.0,0.0,0.0
2016-10-21,11.470708794308228,11.625640885511078,11.424803084514265,11.545305252075195,1984688.0,0.0,0.0
2016-10-24,11.619901828880492,11.648592575036178,11.49366049364698,11.533828735351562,2434219.0,0.0,0.0
2016-10-25,11.476443501274554,11.510872559013709,11.327249777656007,11.384632110595703,3175000.0,0.0,0.0
2016-10-26,11.350205186706448,11.499398949613004,11.327252760523377,11.4420166015625,3422813.0,0.0,0.0
2016-10-27,11.505136649139356,11.533828249147431,11.120676049525844,11.269869804382324,4764688.0,0.0,0.0
2016-10-28,11.246916401472506,11.41906343445427,11.183796592268173,11.281346321105957,2215313.0,0.0,0.0
2016-10-31,11.264131607723142,11.327252273370243,11.16084355668674,11.258393287658691,3237813.0,0.0,0.0
2016-11-01,11.464971188118353,11.585474218250122,11.281348337500404,11.419065475463867,6534063.0,0.0,0.0
2016-11-02,11.390372784603187,11.476445874279385,10.346015648268136,10.592759132385254,9624688.0,0.0,0.0
2016-11-03,10.489470543202238,10.627188505674562,10.30584773332153,10.483732223510742,6126563.0,0.0,0.0
2016-11-04,10.472256359921477,10.5296387013403,10.27715691213455,10.340276718139648,4020625.0,0.0,0.0
2016-11-07,10.535377905654935,10.667357569230834,10.38618413535404,10.65588092803955,3274219.0,0.0,0.0
2016-11-08,10.609973797944535,10.805073251830036,10.581283053869178,10.770644187927246,3147813.0,0.0,0.0
2016-11-09,10.684570449766234,11.086246859930197,10.46078024752861,11.051816940307617,5178594.0,0.0,0.0
2016-11-10,11.143630119836018,11.528091631277407,11.143630119836018,11.361682891845703,5297969.0,0.0,0.0
2016-11-11,11.327251969687195,12.199461204986436,11.298560370134165,12.18798542022705,7891875.0,0.0,0.0
2016-11-14,12.216677342630547,12.985599458862586,12.210939022166661,12.842144012451172,9629375.0,0.0,0.0
2016-11-15,12.888050257021472,13.088888061361232,12.888050257021472,13.020029067993164,4794375.0,0.0,0.0
2016-11-16,12.979862213134766,13.08315027991317,12.882312467295383,12.979862213134766,2392969.0,0.0,0.0
2016-11-17,13.031504988820696,13.28972513084523,13.031504988820696,13.226604461669922,3759063.0,0.0,0.0
2016-11-18,13.232341649683452,13.272509033880592,13.077409577727208,13.163482666015625,3456406.0,0.0,0.0
2016-11-21,13.192174469045852,13.249556813810832,12.853619575500488,12.853619575500488,3604063.0,0.0,0.0
2016-11-22,12.922479858806545,13.042982888402008,12.916741537867525,12.979862213134766,2673594.0,0.0,0.0
2016-11-23,12.60687595274962,12.974122467073428,12.595400167194098,12.715902328491211,3381563.0,0.0,0.0
2016-11-25,12.73311497819225,12.836403014877021,12.721638339658002,12.824926376342773,795625.0,0.0,0.0
2016-11-28,12.813451219750815,12.899525163650846,12.698687386320492,12.784760475158691,1948125.0,0.0,0.0
2016-11-29,12.813451520153754,12.90526378613705,12.681472723836901,12.836404800415039,2115156.0,0.0,0.0
2016-11-30,12.911004607446085,12.968386967954396,12.83066981577169,12.870837211608887,2096563.0,0.0,0.0
2016-12-01,12.911001127127232,13.169221252277199,12.761807372047457,12.847881317138672,3064063.0,0.0,0.0
2016-12-02,12.88804929792675,12.985599032485986,12.790499563367517,12.801976203918457,2226875.0,0.0,0.0
2016-12-05,12.893786737968437,12.933954122092699,12.784760370301282,12.865095138549805,2045625.0,0.0,0.0
2016-12-06,12.847881342037939,13.094624827645687,12.675734306583726,13.065933227539062,3160313.0,0.0,0.0
2016-12-07,13.013970729682297,13.38926302739859,12.863853982666123,13.371941566467285,3752813.0,0.0896,0.0
2016-12-08,13.268013859398934,13.510509998576078,13.216050339550142,13.423904418945312,3210313.0,0.0,0.0
2016-12-09,13.498961941223687,13.504735761067467,13.325750787316816,13.354619026184082,3178125.0,0.0,0.0
2016-12-12,13.250693912039457,13.296883617139022,12.80034364205488,12.875402450561523,3558750.0,0.0,0.0
2016-12-13,12.956232565997391,12.996648445257897,12.736830849509433,12.8118896484375,3637656.0,0.0,0.0
2016-12-14,12.725284618005553,12.892721962203108,12.679094916811223,12.800342559814453,3390313.0,0.0,0.0
2016-12-15,12.846534977061824,13.008199395597396,12.765703197969975,12.823440551757812,2099531.0,0.0,0.0
2016-12-16,12.886947425410725,12.973553863141932,12.725283910395977,12.777247428894043,4219688.0,0.0,0.0
2016-12-19,12.846530978333597,12.950458010732055,12.696414249352667,12.731057167053223,1887344.0,0.0,0.0
2016-12-20,12.731059514581414,13.002423924497386,12.696416590492918,12.875402450561523,2346406.0,0.0,0.0
2016-12-21,12.892720595601888,12.921589693508087,12.725283269152337,12.788793563842773,1539375.0,0.0,0.0
2016-12-22,12.771477019383946,12.915819973677603,12.696418201354195,12.823440551757812,1659063.0,0.0,0.0
2016-12-23,12.771474705615663,12.817664408207515,12.61558413673627,12.696415901184082,2115938.0,0.0,0.0
2016-12-27,12.632904855641312,12.76570100464265,12.609810434305247,12.656000137329102,2005781.0,0.0,0.0
2016-12-28,12.731059336260321,12.731059336260321,12.540525837497643,12.55207347869873,1637031.0,0.0,0.0
2016-12-29,12.557847973261566,12.580942396551436,12.384635927004469,12.442373275756836,2731406.0,0.0,0.0
2016-12-30,12.482788040025875,12.482788040025875,12.23451806494747,12.349992752075195,2300781.0,0.0,0.0
2017-01-03,12.482786567755308,12.546297724219967,12.303801598134097,12.436596870422363,2288438.0,0.0,0.0
2017-01-04,12.505881887387956,12.731057415428186,12.505881887387956,12.609808921813965,3023906.0,0.0,0.0
2017-01-05,12.517432211692128,12.592490163570192,12.41927897594278,12.459694862365723,3389375.0,0.0,0.0
2017-01-06,12.442371887830666,12.528977471122605,12.384634545518805,12.413503646850586,2285781.0,0.0,0.0
2017-01-09,12.401955351306166,12.528976809402234,12.332670372120894,12.52320384979248,2965625.0,0.0,0.0
2017-01-10,12.500109508151928,12.517430969336235,12.390408641354755,12.407730102539062,2545469.0,0.0,0.0
2017-01-11,12.37886277658512,12.586716899211169,12.292257178941547,12.56362247467041,1901875.0,0.0,0.0
2017-01-12,12.53475093841553,12.621357379620367,12.384634196772598,12.534750938415527,2686406.0,0.0,0.0
2017-01-13,12.546298662631756,12.655999524634534,12.46546690134112,12.477014541625977,1527031.0,0.0,0.0
2017-01-17,12.373086270356014,12.471239482321275,12.234516321409624,12.326895713806152,2492344.0,0.0,0.0
2017-01-18,12.303800729176508,12.378858659409712,12.124814911844576,12.280705451965332,5393906.0,0.0,0.0
2017-01-19,12.286480798300925,12.500108697648937,12.286480798300925,12.384634017944336,3230469.0,0.0,0.0
2017-01-20,12.41350311804632,12.477014277919016,12.280706978280529,12.384634017944336,2329688.0,0.0,0.0
2017-01-23,12.355766617911193,12.494335726763088,12.315350735373356,12.4827880859375,1697656.0,0.0,0.0
2017-01-24,12.500109170121027,12.800342660419714,12.471240929279563,12.644452095031738,3695625.0,0.0,0.0
2017-01-25,12.667548264241496,13.06016118518513,12.667548264241496,12.990876197814941,4186406.0,0.0,0.0
2017-01-26,12.973554093242354,13.112123191577663,12.962006453293164,13.002422332763672,2333750.0,0.0,0.0
2017-01-27,13.094803533662008,13.192956766033916,12.950460595488718,13.100577354431152,2071719.0,0.0,0.0
2017-01-30,13.060160368920025,13.14099213217343,12.962007144818731,13.123671531677246,2450156.0,0.0,0.0
2017-01-31,13.060159046446968,13.2449178353756,13.031290808308723,13.2275972366333,3528438.0,0.0,0.0
2017-02-01,13.25069080537395,13.556698067634066,13.227596388414605,13.475866317749023,3729844.0,0.0,0.0
2017-02-02,13.400810215824475,13.522058725333126,13.273788746181268,13.441226959228516,2492188.0,0.0,0.0
2017-02-03,13.498963912714386,13.568248900607019,13.46432184894395,13.545153617858887,2022031.0,0.0,0.0
2017-02-06,13.504736328879332,13.712590410588193,13.39503546793836,13.400809288024902,3045469.0,0.0,0.0
2017-02-07,13.447000190984653,13.498963716059174,13.377716064453127,13.377716064453125,2653125.0,0.0,0.0
2017-02-08,13.331526359981524,13.40658430711597,13.18140960536088,13.377716064453125,3167188.0,0.0,0.0
2017-02-09,13.418131565052846,13.574022135823627,13.360394221024588,13.539380073547363,3613125.0,0.0,0.0
2017-02-10,13.597116202303853,13.695270286836026,13.498962978123384,13.660627365112305,2461406.0,0.0,0.0
2017-02-13,13.729911561970361,13.885802119744985,13.729911561970361,13.753005981445312,3046563.0,0.0,0.0
2017-02-14,13.71836501822465,14.053240580007122,13.608664150985922,13.943540573120117,3882656.0,0.0,0.0
2017-02-15,13.862706623403955,14.128298035503514,13.862706623403955,14.047466278076172,2817188.0,0.0,0.0
2017-02-16,14.007050088987235,14.19758357100708,13.978181848873021,14.035919189453125,2815781.0,0.0,0.0
2017-02-17,14.01282311800166,14.087881914623933,13.943539001498236,14.070560455322266,2185781.0,0.0,0.0
2017-02-21,14.099429033160435,14.278413997924046,14.082107574498822,14.197582244873047,2407656.0,0.0,0.0
2017-02-22,14.203354762755565,14.31305474317083,14.157164210557749,14.261091232299805,3463750.0,0.0,0.0
2017-02-23,14.307285554813884,14.370796724290265,14.105205264949594,14.284191131591797,2716250.0,0.0,0.0
2017-02-24,14.191809035520427,14.32460430991443,14.116750238444421,14.318830490112305,3962969.0,0.0,0.0
2017-02-27,14.341926857196567,15.386970253266606,14.341926857196567,14.8153715133667,7376875.0,0.0,0.0
2017-02-28,14.740309828298354,15.063638536409794,14.68257335789059,14.79804801940918,6007500.0,0.0,0.0
2017-03-01,15.046320963890967,15.37542269691474,15.03477332334761,15.179116249084473,6962188.0,0.0,0.0
2017-03-02,15.115603823835828,15.138699102993385,14.977035590297001,15.011676788330078,3104844.0,0.0,0.0
2017-03-03,15.017453867239638,15.03477446902283,14.838468006233677,14.965490341186523,2989844.0,0.0,0.0
2017-03-06,14.815372604145745,15.057869630676393,14.815372604145745,15.005906105041504,3624063.0,0.0,0.0
2017-03-07,15.075192184312531,15.075192184312531,14.855790412033652,14.907753944396973,3847188.0,0.0,0.0
2017-03-08,14.959998191737448,15.105128034029393,14.901946946854345,15.035466194152832,5401875.0,0.0896,0.0
2017-03-09,15.076103604837963,15.34314212057062,15.029661221188286,15.331531524658203,6856094.0,0.0,0.0
2017-03-10,15.285090585551513,15.377973621031389,15.1167395430929,15.227039337158203,2807188.0,0.0,0.0
2017-03-13,15.256064119719984,15.319921527480364,15.09351751903423,15.128349304199219,1784531.0,0.0,0.0
2017-03-14,15.099321365356447,15.13995757677321,15.006438349248997,15.099321365356445,1938750.0,0.0,0.0
2017-03-15,15.186398704696101,15.244451672919382,15.087711253842505,15.203815460205078,2453594.0,0.0,0.0
2017-03-16,15.227037143900704,15.285088383932488,15.08190558365316,15.116737365722656,2919531.0,0.0,0.0
2017-03-17,15.14576396085955,15.2328425565976,15.029659743236872,15.134153366088867,3926719.0,0.0,0.0
2017-03-20,15.128347283274277,15.145762308488282,14.965802434386324,15.018049240112305,1508906.0,0.0,0.0
2017-03-21,15.087713875814257,15.1283500955904,14.669739352306175,14.675543785095215,3068125.0,0.0,0.0
2017-03-22,14.681349035890815,14.832283309956235,14.611687196328633,14.733595848083496,1953125.0,0.0,0.0
2017-03-23,14.756816038238386,14.994828893195058,14.663933015086611,14.884529113769531,2373281.0,0.0,0.0
2017-03-24,14.901950031693252,15.035469306631443,14.756820159358105,14.82067584991455,2191250.0,0.0,0.0
2017-03-27,14.634906483611697,14.838089297558883,14.60588086164329,14.756816864013672,1418750.0,0.0,0.0
2017-03-28,14.716181691430476,14.954194576594336,14.710375528574321,14.86711597442627,2085000.0,0.0,0.0
2017-03-29,14.896139514967832,14.965803078992327,14.820671518983316,14.890335083007812,2458125.0,0.0,0.0
2017-03-30,14.896139064428851,15.035464458179856,14.861309013554093,15.012243270874023,1965781.0,0.0,0.0
2017-03-31,14.994826576362435,15.064488400441883,14.86130735934191,14.872916221618652,2425156.0,0.0,0.0
2017-04-03,14.872919998775467,15.093517849481627,14.791647561695365,14.838089942932129,3045000.0,0.0,0.0
2017-04-04,14.82067359191416,14.925167222482125,14.814869159142287,14.86711597442627,1902031.0,0.0,0.0
2017-04-05,14.95419602156399,15.035468468728961,14.72198754673454,14.745208740234375,1973594.0,0.0,0.0
2017-04-06,14.762619870253804,14.878724076995534,14.669736850877218,14.861309051513672,3214063.0,0.0,0.0
2017-04-07,14.81487093225826,14.872922187261972,14.663936631197915,14.681351661682129,2310781.0,0.0,0.0
2017-04-10,14.72198273476559,14.948384972176918,14.72198273476559,14.87872314453125,3946406.0,0.0,0.0
2017-04-11,14.80906284689151,14.884529113769533,14.727788687810154,14.884529113769531,1813906.0,0.0,0.0
2017-04-12,14.861311074269981,14.907751725237262,14.727790093789004,14.762621879577637,2573438.0,0.0,0.0
2017-04-13,14.733594041304878,14.78584084709054,14.617489836216299,14.634904861450195,1798125.0,0.0,0.0
2017-04-17,14.663934975774318,14.75681801134531,14.646518217171803,14.751011848449707,1399844.0,0.0,0.0
2017-04-18,14.646518620761647,14.797454639026288,14.588467370711765,14.780037879943848,1722969.0,0.0,0.0
2017-04-19,14.826476845987209,15.04707465947243,14.809061821003935,15.000632286071777,2829688.0,0.0,0.0
2017-04-20,15.029660516727246,15.238647773186614,15.012245488717047,15.15737533569336,2820625.0,0.0,0.0
2017-04-21,15.116736862238964,15.186398693973729,14.965802605132977,14.994828224182129,2062188.0,0.0,0.0
2017-04-24,15.1457642850689,15.151570447620605,14.826478977335045,14.843894004821777,3459375.0,0.0,0.0
2017-04-25,14.965804192656615,15.070297816385096,14.843893811583937,14.849699974060059,2104063.0,0.0,0.0
2017-04-26,14.849699147543816,15.081905841728412,14.832282391169018,14.977412223815918,2190156.0,0.0,0.0
2017-04-27,15.029658296311403,15.058685645485687,14.936775277172064,15.012243270874023,1817188.0,0.0,0.0
2017-04-28,15.006440366715974,15.023855393926171,14.756816902977071,14.791646957397461,2957344.0,0.0,0.0
2017-05-01,14.930972315647969,15.064491560678228,14.84389371971842,14.965804100036621,4883594.0,0.0,0.0
2017-05-02,14.930974364875901,14.942584961265634,14.466558294666328,14.640714645385742,4606250.0,0.0,0.0
2017-05-03,14.611685877527773,14.629100903325451,14.32142535540964,14.530411720275879,3658438.0,0.0,0.0
2017-05-04,14.571048870370987,14.571048870370987,14.338841302794037,14.5129976272583,4565781.0,0.0,0.0
2017-05-05,14.507190483873034,14.98902144967214,14.507190483873034,14.948385238647461,5223438.0,0.0,0.0
2017-05-08,14.983220665262984,15.134154952939362,14.780037830598074,14.971610069274902,11487969.0,0.0,0.0
2017-05-09,14.292399876490474,14.79164679860886,13.68865933206433,13.961503982543945,9106719.0,0.0,0.0
2017-05-10,13.514504451599448,13.682854621954538,13.415815257369143,13.531919479370117,8272500.0,0.0,0.0
2017-05-11,13.497086736489406,13.526112355549726,13.346151614283357,13.415813446044922,3891250.0,0.0,0.0
2017-05-12,13.34615435149225,13.369374678494445,13.09653086222618,13.154582977294922,4924219.0,0.0,0.0
2017-05-15,13.230049751945442,13.711881688032774,13.171997638497631,13.653829574584961,6802656.0,0.0,0.0
2017-05-16,13.711881970021887,13.775738517589776,12.56245200320956,12.777244567871094,13812188.0,0.0,0.0
2017-05-17,12.777241181383813,13.055891084801873,12.632111365766006,12.730799674987793,7975156.0,0.0,0.0
2017-05-18,12.724996939047012,13.044283116677237,12.672750125708287,12.945594787597656,7478750.0,0.0,0.0
2017-05-19,12.98042561603775,13.29971179140242,12.875931990101751,13.288101196289062,5805156.0,0.0,0.0
2017-05-22,13.276490273509165,13.380983896866237,13.17199665015209,13.351958274841309,3682188.0,0.0,0.0
2017-05-23,13.334540980883498,13.508697289852124,13.276488877893955,13.473865509033203,5847500.0,0.0,0.0
2017-05-24,13.520308663180659,13.62480228826523,13.462257418171093,13.613192558288574,5647969.0,0.0,0.0
2017-05-25,13.537724588084526,14.13565985247505,13.520308695514748,13.764127731323242,10202500.0,0.0,0.0
2017-05-26,13.793154280831892,14.100829879988613,13.775738387091723,13.973115921020508,6506250.0,0.0,0.0
2017-05-30,13.880230231552822,14.14146427879534,13.874424934387205,13.874424934387207,8700469.0,0.0,0.0
2017-05-31,13.886036403494913,13.93247791870347,13.58416612211825,13.781542778015137,12379688.0,0.0,0.0
2017-06-01,13.469874529972913,13.96875806697476,13.333814675756262,13.923405647277832,62781100.0,0.0,1.5625
2017-06-02,13.796419532667572,13.796419532667572,13.125193545105512,13.31567668914795,14766700.0,0.0,0.0
2017-06-05,13.224969349968344,13.2703226416982,13.007274587715537,13.197757720947266,9118100.0,0.0,0.0
2017-06-06,13.07983894562686,13.07983894562686,12.880284989627764,12.961920738220215,7574100.0,0.0,0.0
2017-06-07,12.834308958349764,13.107767421156463,12.834308958349764,13.007499694824219,5125000.0,0.07,0.0
2017-06-08,13.01661338934355,13.09865100931028,12.93457576937682,12.94369125366211,4567300.0,0.0,0.0
2017-06-09,12.943690609821962,13.053073807903228,12.788730861881739,13.025728225708008,4642900.0,0.0,0.0
2017-06-12,13.034843872424393,13.36299347076878,13.034843872424393,13.235380172729492,4095000.0,0.0,0.0
2017-06-13,13.262723293094151,13.390336567442537,13.153340113952579,13.34476089477539,2532700.0,0.0,0.0
2017-06-14,13.299186856025411,13.362993505209504,13.107766039172734,13.353878021240234,2761000.0,0.0,0.0
2017-06-15,13.2627258770428,13.818757363334617,13.144227192560857,13.718489646911621,6313900.0,0.0,0.0
2017-06-16,13.663796786527422,13.846102109600768,13.618220238433997,13.836987495422363,6349400.0,0.0,0.0
2017-06-19,13.900794718169244,13.973716850425447,13.691143805257763,13.909910202026367,3735000.0,0.0,0.0
2017-06-20,13.855218056963272,13.928140188634101,13.18068790435791,13.18068790435791,5884600.0,0.0,0.0
2017-06-21,13.125996324677814,13.144227292875897,12.961921957397118,13.135111808776855,4431400.0,0.0,0.0
2017-06-22,13.12599613470653,13.353878018081991,13.116881520039811,13.1715726852417,5339600.0,0.0,0.0
2017-06-23,13.208033795395359,13.280955928772112,13.080420496636238,13.262725830078125,3341500.0,0.0,0.0
2017-06-26,13.317417228515593,13.56353008494442,13.317417228515593,13.499723434448242,2716700.0,0.0,0.0
2017-06-27,13.499722669569687,13.554413832810411,13.40856957176799,13.463261604309082,2669300.0,0.0,0.0
2017-06-28,13.554414751810445,13.609106788059698,13.37210941314697,13.372109413146973,1812700.0,0.0,0.0
2017-06-29,13.44503116352001,13.481492230208387,13.144227146015798,13.262725830078125,3278200.0,0.0,0.0
2017-06-30,13.326532628354675,13.326532628354675,13.053074190486303,13.135111808776855,3469100.0,0.0,0.0
2017-07-03,13.217150338047656,13.508838894918075,13.217150338047656,13.3812255859375,1585900.0,0.0,0.0
2017-07-05,13.399454644500523,13.408570128519258,13.189803727871999,13.198918342590332,1994300.0,0.0,0.0
2017-07-06,13.171571792655811,13.24449392085028,12.998381955519031,13.01661205291748,2324600.0,0.0,0.0
2017-07-07,13.043959238239422,13.2080336012755,12.952806138207965,13.116881370544434,2446900.0,0.0,0.0
2017-07-10,13.14422621190797,13.153341695257364,12.98926647216964,13.01661205291748,2798600.0,0.0,0.0
2017-07-11,13.034842436987828,13.28095439131842,13.016611471103925,13.189802169799805,2101200.0,0.0,0.0
2017-07-12,13.262727832928572,13.381226534885798,13.089537088029346,13.107768058776855,1687900.0,0.0,0.0
2017-07-13,13.116882087982221,13.290071944354274,13.10776660362042,13.244495391845703,1322900.0,0.0,0.0
2017-07-14,13.208034435767068,13.390339778047755,13.107766714837801,13.362994194030762,3008200.0,0.0,0.0
2017-07-17,13.353880179959408,13.39945673787303,13.21715137551908,13.226266860961914,1801400.0,0.0,0.0
2017-07-18,13.16245743408153,13.208033985422823,12.98926758214511,13.043959617614746,1459500.0,0.0,0.0
2017-07-19,13.153344296742603,13.362995239441648,13.107767740281785,13.208035469055176,1841100.0,0.0,0.0
2017-07-20,13.253610305479459,13.645567423154082,13.162457204387557,13.353878021240234,2891600.0,0.0,0.0
2017-07-21,13.362991837405536,13.445029444289245,13.353876354573949,13.408568382263184,1403500.0,0.0,0.0
2017-07-24,13.426799983962926,13.754950448288138,13.38122430329588,13.727604866027832,2748900.0,0.0,0.0
2017-07-25,13.736719559939997,13.99194789351196,13.718489461427938,13.937255859375,3679200.0,0.0,0.0
2017-07-26,13.91902595097161,14.073984832991943,13.800527266473377,13.900794982910156,3113300.0,0.0,0.0
2017-07-27,13.982831954956053,14.073984183153332,13.836987694400117,13.982831954956055,2228200.0,0.0,0.0
2017-07-28,13.928138709984669,14.028407282362558,13.846101103239228,13.99194622039795,5515400.0,0.0,0.0
2017-07-31,13.991946654891231,14.010176751789492,13.490606385334484,13.517951965332031,2522000.0,0.0,0.0
2017-08-01,13.472374701157896,13.54529682346536,12.81607560039072,13.326530456542969,4942600.0,0.0,0.0
2017-08-02,13.071303475367781,13.217147724969047,12.752268527389788,12.761384010314941,3258700.0,0.0,0.0
2017-08-03,12.642886557646209,12.724924173271877,11.977471887438695,12.141546249389648,5751700.0,0.0,0.0
2017-08-04,12.159776763881263,12.23269889298667,12.077739151312594,12.187122344970703,2475700.0,0.0,0.0
2017-08-07,12.205352937399601,12.369427288202289,12.178006487848885,12.26004409790039,1861200.0,0.0,0.0
2017-08-08,12.250927895579725,12.351196466112546,12.050392493114625,12.068622589111328,2282200.0,0.0,0.0
2017-08-09,11.986587497986747,12.068625120429466,11.822513122401759,11.86808967590332,3914400.0,0.0,0.0
2017-08-10,11.786051326272341,11.931895593038522,11.758704874278381,11.767820358276367,2538700.0,0.0,0.0
2017-08-11,11.694898946457476,11.931896329225236,11.649322392955915,11.86808967590332,1676300.0,0.0,0.0
2017-08-14,11.977470794194643,12.023046470448643,11.804280094948357,11.840741157531738,1301500.0,0.0,0.0
2017-08-15,11.886317833748427,12.059507665598227,11.858972253835365,11.959239959716797,2946600.0,0.0,0.0
2017-08-16,11.97747172955534,12.032162893051275,11.8680885332631,11.904549598693848,2059400.0,0.0,0.0
2017-08-17,11.831626493888633,11.895434009803381,11.530822489420304,11.539937973022461,2078600.0,0.0,0.0
2017-08-18,11.530824415237005,11.567285486434809,11.357634544372559,11.357634544372559,1975000.0,0.0,0.0
2017-08-21,11.348517873888547,11.37586345710551,11.220904572675767,11.30294132232666,2272600.0,0.0,0.0
2017-08-22,11.366748997794478,11.631091957310609,11.366748997794478,11.512593269348145,1616500.0,0.0,0.0
2017-08-23,11.430556176691994,11.512593800551342,11.375864137685605,11.494362831115723,1338500.0,0.0,0.0
2017-08-24,11.52170944213867,11.567285127747299,11.43967181716237,11.521709442138672,1494400.0,0.0,0.0
2017-08-25,11.521706397149407,11.62197409601003,11.476129854285396,11.558167457580566,1562700.0,0.0,0.0
2017-08-28,11.603743690513204,11.649320235574272,11.394092800252693,11.448784828186035,2665200.0,0.0,0.0
2017-08-29,11.357632946763683,11.467016144970831,11.339401979078966,11.43967056274414,1904600.0,0.0,0.0
2017-08-30,11.476132083260415,11.877203825902132,11.384978979827997,11.758705139160156,3663900.0,0.0,0.0
2017-08-31,11.749590916127524,11.795166600063347,11.457901496995664,11.503478050231934,2033700.0,0.0,0.0
2017-09-01,11.558168538630287,11.704012793995913,11.52170747478888,11.676667213439941,1461700.0,0.0,0.0
2017-09-05,11.694895285475157,11.767817400529859,11.366745767728997,11.403206825256348,1511300.0,0.0,0.0
2017-09-06,11.46701584280592,11.612860103239004,11.412324679793693,11.539937973022461,4588700.0,0.0,0.0
2017-09-07,11.56743710611245,11.585769438867816,11.228296817341848,11.402449607849121,5385600.0,0.07,0.0
2017-09-08,11.384118540751562,11.411616166696572,11.008314447679265,11.145803451538086,2772900.0,0.0,0.0
2017-09-11,11.209963132100714,11.274125414869552,11.0174789061951,11.099971771240234,3061300.0,0.0,0.0
2017-09-12,11.164134902984339,11.411615265206622,11.026645035853115,11.310790061950684,1955800.0,0.0,0.0
2017-09-13,11.329122025095138,11.420781940604487,11.255794442341156,11.402449607849121,1996600.0,0.0,0.0
2017-09-14,11.402448913742024,11.475777366165984,11.01747956478492,11.044977188110352,2777000.0,0.0,0.0
2017-09-15,11.035809834427951,11.283291040119732,11.017478378895369,11.23746109008789,3147900.0,0.0,0.0
2017-09-18,11.21912956237793,11.46661078575995,11.145801986738883,11.21912956237793,3005500.0,0.0,0.0
2017-09-19,11.237462699693966,11.34745407104492,11.182466576951631,11.347454071044922,1575600.0,0.0,0.0
2017-09-20,11.695759042846387,11.879077971986035,11.356618805404638,11.732422828674316,4543000.0,0.0,0.0
2017-09-21,11.723258843598504,11.723258843598504,11.494109921030798,11.539939880371094,2598600.0,0.0,0.0
2017-09-22,11.558269585881463,11.723257064819336,11.539938129407053,11.723257064819336,1853400.0,0.0,0.0
2017-09-25,11.704926447900592,11.860746898577291,11.704926447900592,11.787419319152832,1906300.0,0.0,0.0
2017-09-26,11.787419755204247,11.924909627311536,11.759922130436284,11.860747337341309,3248600.0,0.0,0.0
2017-09-27,11.915743164402413,12.13572590533775,11.860747042101723,12.11739444732666,2174500.0,0.0,0.0
2017-09-28,12.135723294470148,12.337374534011346,12.071561894034389,12.319042205810547,3112900.0,0.0,0.0
2017-09-29,12.31904592388884,12.31904592388884,12.144893124086838,12.218220710754395,2225200.0,0.0,0.0
2017-10-02,12.135724396788405,12.374039440244434,12.007401584261002,12.108226776123047,3565200.0,0.0,0.0
2017-10-03,12.117393535519096,12.209052566944822,12.07156358273941,12.1998872756958,1289400.0,0.0,0.0
2017-10-04,12.209051732480305,12.474864391474336,12.209051732480305,12.300711631774902,2244000.0,0.0,0.0
2017-10-05,12.374040051494172,12.484031413722526,12.346542429470492,12.364873886108398,1615900.0,0.0,0.0
2017-10-06,12.33737718000313,12.392373302267004,12.273215765806702,12.282381057739258,1424200.0,0.0,0.0
2017-10-09,12.24571773400296,12.273216233249071,11.860747485894846,11.879079818725586,2160600.0,0.0,0.0
2017-10-10,11.943239872857017,12.007402156311104,11.83324851082184,11.88824462890625,1782300.0,0.0,0.0
2017-10-11,11.851582595551909,11.934076347820474,11.750756509830873,11.869914054870605,2263900.0,0.0,0.0
2017-10-12,11.833246822293395,11.842412986355116,11.466609001159668,11.466609001159668,2029100.0,0.0,0.0
2017-10-13,11.50327590266169,11.631598737789544,11.356620734439138,11.585769653320312,3760600.0,0.0,0.0
2017-10-16,11.567435487435159,11.714090632421085,11.5399378662837,11.60409927368164,1113100.0,0.0,0.0
2017-10-17,11.58576832802682,11.622432115888495,11.484942255806972,11.53077220916748,1638500.0,0.0,0.0
2017-10-18,12.044065857391058,12.044065857391058,11.640763325350399,11.723257064819336,2604300.0,0.0,0.0
2017-10-19,11.604100264765792,11.732423964655169,11.402448986120683,11.686594009399414,2794500.0,0.0,0.0
2017-10-20,11.723258339367753,11.970739584680633,11.695760714599787,11.860747337341309,1776100.0,0.0,0.0
2017-10-23,11.915742758742415,11.934075090263107,11.60410011596007,11.668261528015137,2070400.0,0.0,0.0
2017-10-24,11.769087198051537,11.769087198051537,11.594933551133568,11.677427291870117,1198300.0,0.0,0.0
2017-10-25,11.631598737789544,11.732424821542862,11.429948318550414,11.585769653320312,1779600.0,0.0,0.0
2017-10-26,11.640763504224278,11.796584820252503,11.576602094377472,11.677427291870117,1244000.0,0.0,0.0
2017-10-27,11.668260409509745,11.686592739273124,11.274124935066673,11.484941482543945,2373800.0,0.0,0.0
2017-10-30,11.484942659863517,11.503274991506139,11.33828750325728,11.356619834899902,2144900.0,0.0,0.0
2017-10-31,11.32912325936202,11.35662176149093,11.173301910500202,11.209965705871582,2500700.0,0.0,0.0
2017-11-01,11.274127838436454,11.347455428106462,11.063310362534818,11.338289260864258,1992500.0,0.0,0.0
2017-11-02,11.274126088800884,11.274126088800884,10.980814901506097,11.044977188110352,2647900.0,0.0,0.0
2017-11-03,10.999148088704667,10.999148088704667,10.7241692116603,10.797496795654297,2393800.0,0.0,0.0
2017-11-06,10.751666036546771,10.861658278481409,10.623343211179174,10.815828323364258,3534400.0,0.0,0.0
2017-11-07,10.861656436613025,10.916651674120823,10.733332758872264,10.834157943725586,4141900.0,0.0,0.0
2017-11-08,10.669173618532719,11.420781767431281,10.63250982771166,11.283292770385742,3883600.0,0.0,0.0
2017-11-09,11.136635343438787,11.750754418667565,11.136635343438787,11.60409927368164,4080900.0,0.0,0.0
2017-11-10,11.521608475770336,11.64993219744094,11.402450921533454,11.457447052001953,2409400.0,0.0,0.0
2017-11-13,11.329121738752903,11.393284027641247,11.173300410805622,11.347454071044922,3667900.0,0.0,0.0
2017-11-14,11.274125609843074,11.283291775273373,11.035810553457157,11.200798034667969,2528600.0,0.0,0.0
2017-11-15,11.118303196200104,11.22829454810181,10.91665194731353,11.182464599609375,2272900.0,0.0,0.0
2017-11-16,11.200797121625978,11.567434967614727,11.200797121625978,11.512439727783203,2078900.0,0.0,0.0
2017-11-17,11.594932744340147,12.016566709996166,11.594932744340147,11.924907684326172,2618900.0,0.0,0.0
2017-11-20,11.888244920411175,11.970738662493751,11.796585012734164,11.94324016571045,2373900.0,0.0,0.0
2017-11-21,11.970738662493751,12.016567742198593,11.860746423627873,11.94324016571045,1791400.0,0.0,0.0
2017-11-22,11.952406513030335,12.025734090633355,11.860746603959718,11.89741039276123,1238000.0,0.0,0.0
2017-11-24,11.897409189904945,11.943239139806735,11.86074540481023,11.924907684326172,634100.0,0.0,0.0
2017-11-27,11.90657784764177,11.952407807139172,11.805752636054507,11.869914054870605,1564500.0,0.0,0.0
2017-11-28,11.897409133060801,12.108226551948349,11.842413892748281,12.071562767028809,2142300.0,0.0,0.0
2017-11-29,12.126558826768118,12.438201456709605,12.07156358273941,12.1998872756958,2031600.0,0.0,0.0
2017-11-30,12.20905281860931,12.30071272605806,11.924908678958774,12.172389030456543,2340900.0,0.0,0.0
2017-12-01,12.14489159629194,12.429036614484378,12.044066395841034,12.273215293884277,3210800.0,0.0,0.0
2017-12-04,12.374039253482332,12.804839383360973,12.319043138848077,12.77734088897705,3065700.0,0.0,0.0
2017-12-05,12.804841375278157,12.804841375278157,12.465701092322188,12.630687713623047,2117300.0,0.0,0.0
2017-12-06,12.63985396113663,12.658186293695588,12.48403263092041,12.48403263092041,1598300.0,0.0,0.0
2017-12-07,12.539310202817962,12.852562773710815,12.530097563817717,12.668296813964844,3672600.0,0.07,0.0
2017-12-08,12.705153014187383,12.714366534018572,12.511673490980485,12.557740211486816,2624900.0,0.0,0.0
2017-12-11,12.649871450325554,12.686725525794358,12.493246022830734,12.594592094421387,4111900.0,0.0,0.0
2017-12-12,12.5853792020617,12.622232400715559,12.336620330810549,12.336620330810547,2590500.0,0.0,0.0
2017-12-13,12.327404406097674,12.456391015542424,12.272124179578668,12.382683753967285,2528900.0,0.0,0.0
2017-12-14,12.373471687011333,12.456391591297843,12.253698589558535,12.327404975891113,2347300.0,0.0,0.0
2017-12-15,12.355046300624887,12.631445725598843,12.299766942819826,12.5485258102417,6872100.0,0.0,0.0
2017-12-18,12.603806607175846,13.018405323748821,12.548526368262975,12.981552124023438,3932900.0,0.0,0.0
2017-12-19,13.09211059897567,13.35008297490119,12.935484293929942,13.294803619384766,3399300.0,0.0,0.0
2017-12-20,13.313231315234312,13.368511555781861,13.202671712788826,13.230311393737793,2584200.0,0.0,0.0
2017-12-21,13.239523255294168,13.276376451493302,12.990764400612393,13.009190559387207,2620000.0,0.0,0.0
2017-12-22,13.036829590661794,13.119749497662028,12.963123201917021,13.07368278503418,981900.0,0.0,0.0
2017-12-26,13.073683525089876,13.276376544936479,13.046043847408367,13.101324081420898,795200.0,0.0,0.0
2017-12-27,13.147391740557692,13.25795133787074,12.953912225597467,12.999978065490723,2430800.0,0.0,0.0
2017-12-28,12.999978065490723,13.046044784033553,12.917059026493119,12.999978065490723,1644100.0,0.0,0.0
2017-12-29,12.999976445325183,13.128963065439804,12.944697092882821,12.972336769104004,2508400.0,0.0,0.0
2018-01-02,13.009191080484666,13.101324513997758,12.981551401890554,13.055257797241211,2986300.0,0.0,0.0
2018-01-03,13.036830470542318,13.202670295735635,12.898631201980903,13.082897186279297,3586400.0,0.0,0.0
2018-01-04,13.534347624106777,13.654120720789951,13.23030856277619,13.331655502319336,3384100.0,0.0,0.0
2018-01-05,13.386937141418457,13.433003860119607,13.230310825024299,13.386937141418457,1814500.0,0.0,0.0
2018-01-08,13.451430087864763,13.451430087864763,13.257950583907478,13.377723693847656,2163900.0,0.0,0.0
2018-01-09,13.405363878160045,13.442217076560263,13.239524046034289,13.322443962097168,1973500.0,0.0,0.0
2018-01-10,13.267161931028937,13.783107517509253,13.230308737612447,13.70940113067627,3160700.0,0.0,0.0
2018-01-11,13.783110334588345,13.92130961848387,13.709403932690783,13.912096977233887,2054300.0,0.0,0.0
2018-01-12,13.92130725551153,14.004227163234049,13.792321513409366,13.85681438446045,1562500.0,0.0,0.0
2018-01-16,14.041080307817216,14.160853409805684,13.921307205828748,13.958160400390625,2718100.0,0.0,0.0
2018-01-17,14.0595103712512,14.0595103712512,13.829177635989483,13.847603797912598,1354200.0,0.0,0.0
2018-01-18,13.819964115703096,13.939737243477149,13.764683872634436,13.847603797912598,1261500.0,0.0,0.0
2018-01-19,13.866028946206267,13.948948860168457,13.76468199418602,13.948948860168457,929900.0,0.0,0.0
2018-01-22,13.948950768927464,14.050296856166263,13.866030843618603,14.041083335876465,1037600.0,0.0,0.0
2018-01-23,14.041080307817216,14.077933502379093,13.77389442758124,13.958160400390625,1526300.0,0.0,0.0
2018-01-24,13.976588014483623,14.050294406652792,13.801534674094718,13.902881622314453,1074500.0,0.0,0.0
2018-01-25,13.930521355021419,14.188493728637694,13.912095196230725,14.188493728637695,1384700.0,0.0,0.0
2018-01-26,14.206921018705462,14.372760844018213,14.050294712276646,14.363547325134277,1327100.0,0.0,0.0
2018-01-29,14.28062629699707,14.326693009168887,14.022653938944131,14.28062629699707,2308600.0,0.0,0.0
2018-01-30,14.188493279300634,14.28984022471316,13.902881237218645,14.142427444458008,1985500.0,0.0,0.0
2018-01-31,14.234559168416371,14.271412361345853,13.331655502319336,13.331655502319336,2515300.0,0.0,0.0
2018-02-01,13.322444902731819,13.3500845838211,13.009192254887909,13.128965377807617,3511600.0,0.0,0.0
2018-02-02,13.07368348772159,13.138177240326787,12.732791201792292,12.907844543457031,2149100.0,0.0,0.0
2018-02-05,12.815709885486015,12.999975849598977,12.43796443939209,12.43796443939209,2439400.0,0.0,0.0
2018-02-06,12.115499637701435,12.926270845075644,12.115499637701435,12.88941764831543,3102800.0,0.0,0.0
2018-02-07,12.88941596566001,12.935482675258854,12.640657139665299,12.668296813964844,1869800.0,0.0,0.0
2018-02-08,12.760432539720885,12.981551731385252,12.235273361206055,12.235273361206055,3049800.0,0.0,0.0
2018-02-09,12.318195638572401,12.391902049919976,11.700903784549162,12.290555953979492,4308000.0,0.0,0.0
2018-02-12,12.345833138127214,12.631446090536906,12.27212673982463,12.511672973632812,1318100.0,0.0,0.0
2018-02-13,12.465604687745607,12.806496956697469,12.465604687745607,12.677511215209961,1644600.0,0.0,0.0
2018-02-14,12.548525865239828,12.972338084417512,12.53931234601542,12.935484886169434,1903600.0,0.0,0.0
2018-02-15,12.94469632449214,12.98154951681595,12.742003327386483,12.85256290435791,2663500.0,0.0,0.0
2018-02-16,12.870992420286559,12.97233849904566,12.686726423156566,12.695939064025879,1472700.0,0.0,0.0
2018-02-20,12.59459322034371,12.935485541059316,12.59459322034371,12.870992660522461,2076000.0,0.0,0.0
2018-02-21,12.86177797040765,13.128963866581575,12.86177797040765,12.88941764831543,2319600.0,0.0,0.0
2018-02-22,12.963124808480329,13.055258245154429,12.511672901806287,12.520886421203613,2256700.0,0.0,0.0
2018-02-23,12.61301746581674,12.705150891435931,12.447178529811449,12.677511215209961,1859000.0,0.0,0.0
2018-02-26,12.677512557295309,12.86177854939126,12.548525923503362,12.834138870239258,1718100.0,0.0,0.0
2018-02-27,12.797285543504163,12.95391185487765,12.456393241882324,12.456393241882324,2852000.0,0.0,0.0
2018-02-28,12.44717885655004,12.502458210453065,11.829887173186158,11.848313331604004,3643000.0,0.0,0.0
2018-03-01,12.437966429339612,12.511672826777067,11.719328614999647,11.940447807312012,3621700.0,0.0,0.0
2018-03-02,11.885166715589731,12.484032250033867,11.802247683420083,12.419538497924805,2244000.0,0.0,0.0
2018-03-05,12.308978780419146,12.50245827741497,12.124712802006334,12.143139839172363,2159100.0,0.0,0.0
2018-03-06,12.133926278989572,12.152352437442934,11.737753767773142,11.949660301208496,3402200.0,0.0,0.0
2018-03-07,11.839097722276048,11.96808343479766,11.756177833569716,11.76539134979248,2561600.0,0.0,0.0
2018-03-08,11.793187090108095,11.950676703396404,11.691282410006705,11.904356956481934,1393000.0,0.07,0.0
2018-03-09,11.950676010662955,12.061845870592716,11.858035638711472,11.922883987426758,1298000.0,0.0,0.0
2018-03-12,11.92288427381432,12.052581857852717,11.876563644979713,11.969204902648926,1215200.0,0.0,0.0
2018-03-13,12.043314416317159,12.098899333129074,11.830240816104766,11.895089149475098,1477500.0,0.0,0.0
2018-03-14,11.932148767262207,12.015525723800504,11.737602829837021,11.774659156799316,1243600.0,0.0,0.0
2018-03-15,11.85803594374431,11.85803594374431,11.617169380187988,11.617169380187988,1371400.0,0.0,0.0
2018-03-16,11.644960783301956,11.746866338177242,11.589376738363132,11.635697364807129,2753600.0,0.0,0.0
2018-03-19,11.58011227832873,11.68201694832074,11.339245730901304,11.422622680664062,2202700.0,0.0,0.0
2018-03-20,11.32998188506441,11.367039093999342,10.95015432840622,10.977947235107422,2049600.0,0.0,0.0
2018-03-21,10.931627396522394,11.033532077971907,10.80192980636547,10.82045841217041,1418600.0,0.0,0.0
2018-03-22,10.700022796217306,10.774135436322464,10.459156274129365,10.58885383605957,3400400.0,0.0,0.0
2018-03-23,10.588854292025157,10.63517403146618,10.440629005432129,10.440629005432129,1907700.0,0.0,0.0
2018-03-26,10.570326851604712,10.635175200745785,10.320196873851646,10.542534828186035,2267200.0,0.0,0.0
2018-03-27,10.607382173656557,10.72781544173208,10.496213207008172,10.57032585144043,3187000.0,0.0,0.0
2018-03-28,10.598116618206824,10.783399090856324,10.50547626537438,10.524003982543945,2274100.0,0.0,0.0
2018-03-29,10.533271168432195,10.61664812726687,10.459158512466384,10.551799774169922,3098300.0,0.0,0.0
2018-04-02,10.533270612315329,10.59811896198853,10.033009769211704,10.107122421264648,2332800.0,0.0,0.0
2018-04-03,10.18123375806801,10.28313930409565,10.070064794349815,10.144177436828613,2295300.0,0.0,0.0
2018-04-04,9.931104810393506,10.171970480952663,9.690238256341875,10.06080150604248,5711600.0,0.0,0.0
2018-04-05,10.125650253083098,10.347988192269773,10.005216981817206,10.26461124420166,3758300.0,0.0,0.0
2018-04-06,10.227555990633306,10.357253577135925,10.06080207705744,10.153443336486816,1881200.0,0.0,0.0
2018-04-09,10.209026365593523,10.301666724259604,10.079328803270174,10.097856521606445,2073400.0,0.0,0.0
2018-04-10,10.199762358474679,10.199762358474679,9.810670543789536,9.819934844970703,2695400.0,0.0,0.0
2018-04-11,9.755084643172461,9.903309913256052,9.727292625904862,9.79214096069336,2493200.0,0.0,0.0
2018-04-12,9.727291631730488,9.977422412051247,9.727291631730488,9.93110179901123,1990000.0,0.0,0.0
2018-04-13,9.940366477850793,9.977423679785069,9.810669805050109,9.921838760375977,3113400.0,0.0,0.0
2018-04-16,9.940367228265725,10.190498059250958,9.903310907026325,10.144177436828613,2241100.0,0.0,0.0
2018-04-17,10.19049776376489,10.218289783015479,10.023743881276635,10.097856521606445,1691400.0,0.0,0.0
2018-04-18,10.15344242782841,10.171970147960673,10.079329780314456,10.125650405883789,2151200.0,0.0,0.0
2018-04-19,10.144177867146864,10.49621337560077,10.107121544335527,10.37578010559082,3057900.0,0.0,0.0
2018-04-20,10.385044924870032,10.440629853604205,9.792142846839557,9.84772777557373,2591000.0,0.0,0.0
2018-04-23,9.847728039113962,9.93110499270028,9.727294759877335,9.866255760192871,1788200.0,0.0,0.0
2018-04-24,9.912573200398342,10.033006440905499,9.875516886664771,9.93110179901123,1251100.0,0.0,0.0
2018-04-25,10.468421758322345,10.468421758322345,10.209027488633449,10.310932159423828,3144000.0,0.0,0.0
2018-04-26,10.273876620347993,10.310932947421238,10.097858404130685,10.153443336486816,1287800.0,0.0,0.0
2018-04-27,9.986689328863589,10.088594889974736,9.884784651244964,9.912576675415039,1178700.0,0.0,0.0
2018-04-30,9.986686848551148,9.986686848551148,9.755084643172461,9.79214096069336,1305300.0,0.0,0.0
2018-05-01,9.810671207160782,9.829198927283523,9.634653006786278,9.773614883422852,1520200.0,0.0,0.0
2018-05-02,9.736557977005182,9.847726941566117,9.643916731458205,9.680973052978516,1463100.0,0.0,0.0
2018-05-03,9.616126991770633,9.64391901862898,9.291883438950371,9.347468376159668,1794300.0,0.0,0.0
2018-05-04,9.310409297463128,9.782878032047556,9.26408867737777,9.616124153137207,1621300.0,0.0,0.0
2018-05-07,9.634655774897896,9.884786694612819,9.504959046298485,9.801409721374512,2119300.0,0.0,0.0
2018-05-08,10.116387407585488,10.199764367655062,9.551278176603185,9.764351844787598,2672100.0,0.0,0.0
2018-05-09,9.773616147793675,10.153443736117236,9.643918556186275,9.764351844787598,2612000.0,0.0,0.0
2018-05-10,9.77361324367906,9.995951148804448,9.690236308383964,9.79214096069336,2524400.0,0.0,0.0
2018-05-11,9.856994887660397,9.958899588649665,9.727297272634557,9.87552261352539,2266600.0,0.0,0.0
2018-05-14,9.810671713463654,10.023745365079808,9.736559062163035,9.866255760192871,2265100.0,0.0,0.0
2018-05-15,9.856992580229765,9.940368652343752,9.773615624623263,9.94036865234375,1597300.0,0.0,0.0
2018-05-16,9.968161159330133,10.144178482488002,9.866255602798095,10.088594436645508,2230300.0,0.0,0.0
2018-05-17,10.088594412389384,10.29240375797848,9.995953158217993,10.06080150604248,2289300.0,0.0,0.0
2018-05-18,10.07006661403835,10.236820531494727,10.042274588959804,10.227556228637695,2089700.0,0.0,0.0
2018-05-21,10.22755731655476,10.255349344589577,10.042275657168245,10.116388320922852,1427900.0,0.0,0.0
2018-05-22,10.116386723644393,10.218291399344064,9.977425721918248,10.107122421264648,1399000.0,0.0,0.0
2018-05-23,10.051538636411063,10.088594963405054,9.792143463960597,9.82919979095459,1498300.0,0.0,0.0
2018-05-24,9.819935154133969,9.903311216912257,9.662445563065397,9.810670852661133,1314700.0,0.0,0.0
2018-05-25,9.81993354421091,9.921838193228176,9.71802801170137,9.856989860534668,1260500.0,0.0,0.0
2018-05-29,9.810671829683898,9.884784481862479,9.643917920535841,9.755086898803711,1340600.0,0.0,0.0
2018-05-30,9.782879185230446,9.921840178374572,9.708765654262137,9.773614883422852,1538600.0,0.0,0.0
2018-05-31,9.764351682694942,9.801408010611539,9.440108150805312,9.60686206817627,1940700.0,0.0,0.0
2018-06-01,9.68097460691495,9.755087261851726,9.403051709155768,9.42158031463623,2183700.0,0.0,0.0
2018-06-04,9.44010670972004,9.560539977937301,9.430843291774414,9.514220237731934,2043500.0,0.0,0.0
2018-06-05,9.52348365567756,9.597596300197042,9.365994065200558,9.514220237731934,1614000.0,0.0,0.0
2018-06-06,9.52348344951014,9.810670603425322,9.421578786375019,9.736557960510254,1873400.0,0.0,0.0
2018-06-07,9.820492921250624,9.951060102203991,9.792514557266387,9.876450538635254,1913900.0,0.07,0.0
2018-06-08,9.848474084193478,10.109607607315816,9.829821244976577,10.07230281829834,1600500.0,0.0,0.0
2018-06-11,10.062974634583215,10.762439973102206,10.062974634583215,10.67850399017334,3356000.0,0.0,0.0
2018-06-12,10.678503551000588,10.753113112887535,10.240171707852683,10.333434104919434,2395100.0,0.0,0.0
2018-06-13,10.43602251273559,10.650525680141573,10.417370566109431,10.51995849609375,2048700.0,0.0,0.0
2018-06-14,10.566590916121681,10.678505277041596,10.491981342175071,10.613222122192383,1969400.0,0.0,0.0
2018-06-15,10.64119920769564,10.771766391075673,10.575916060713709,10.67850399017334,2207100.0,0.0,0.0
2018-06-18,10.65052674627682,10.809072310842643,10.55726433556177,10.73446273803711,1652700.0,0.0,0.0
2018-06-19,10.678502937062875,10.799743690512717,10.557262183613034,10.64119815826416,1461500.0,0.0,0.0
2018-06-20,10.734462145182182,11.284708381295566,10.715809308302847,11.256729125976562,3202300.0,0.0,0.0
2018-06-21,11.191448322454507,11.228753114619366,10.398720377180751,10.4266996383667,3794600.0,0.0,0.0
2018-06-22,10.49198194484063,10.60389631218897,10.184217212278611,10.48265552520752,18195400.0,0.0,0.0
2018-06-25,10.557265457413168,10.837051829873111,10.501308716570996,10.631875038146973,3357400.0,0.0,0.0
2018-06-26,10.631874952096352,10.809073371967225,10.426699051447192,10.790420532226562,3216300.0,0.0,0.0
2018-06-27,10.790420072983888,10.80907291193068,10.38006739973392,10.408045768737793,2027100.0,0.0,0.0
2018-06-28,10.398719077308654,10.398719077308654,10.137585564797138,10.296131134033203,1492400.0,0.0,0.0
2018-06-29,10.324110538491166,10.380068170068002,10.118934631347656,10.118934631347656,1431400.0,0.0,0.0
2018-07-02,10.044323590014645,10.128258691064561,9.820493985632783,10.109606742858887,1757500.0,0.0,0.0
2018-07-03,10.118935081323944,10.361415790496027,10.081630288419282,10.128260612487793,771800.0,0.0,0.0
2018-07-05,10.212193580054095,10.61322065150864,10.156236852056251,10.603894233703613,3334500.0,0.0,0.0
2018-07-06,10.603895823249884,10.874355754225048,10.50130788026492,10.865029335021973,2275300.0,0.0,0.0
2018-07-09,10.865029944012301,11.154142729598531,10.818399624215848,11.107511520385742,2118300.0,0.0,0.0
2018-07-10,11.135489788386996,11.135489788386996,10.74378994706152,11.051554679870605,2579900.0,0.0,0.0
2018-07-11,11.032900345817767,11.648429728042103,10.902333156788037,11.396622657775879,4896600.0,0.0,0.0
2018-07-12,11.461905869455911,11.480558706310655,11.116836392389109,11.238077163696289,2559000.0,0.0,0.0
2018-07-13,11.256732694474598,11.368647082979956,11.060882292236094,11.144818305969238,2092400.0,0.0,0.0
2018-07-16,11.210099484804413,11.210099484804413,10.333435666064785,10.380066871643066,2871500.0,0.0,0.0
2018-07-17,10.426700019545837,10.575919193660425,10.156240044109037,10.20287036895752,2466400.0,0.0,0.0
2018-07-18,10.184216771528268,10.296131134033203,10.072302409023333,10.296131134033203,2601400.0,0.0,0.0
2018-07-19,10.221521634808658,10.24950000328824,10.081628902994447,10.137585639953613,1650800.0,0.0,0.0
2018-07-20,10.174890765742319,10.174890765742319,9.941735612029007,10.07230281829834,1769700.0,0.0,0.0
2018-07-23,10.007018782831404,10.146912408882196,9.96971399376779,10.090954780578613,1557900.0,0.0,0.0
2018-07-24,10.128260440560892,10.128260440560892,9.923084527776323,10.053650856018066,1389100.0,0.0,0.0
2018-07-25,10.128258057074847,10.445349161468915,10.08162774477141,10.417370796203613,2507600.0,0.0,0.0
2018-07-26,10.454678204515027,10.613223796517538,10.314785453649947,10.324110984802246,2137100.0,0.0,0.0
2018-07-27,10.296132001030651,10.324110371658762,9.829821673285755,10.062976837158203,2004200.0,0.0,0.0
2018-07-30,10.044324456341858,10.333436349087734,9.960388458636176,10.268153190612793,1069300.0,0.0,0.0
2018-07-31,10.24017394417603,10.361414731073792,9.997693259796836,10.286805152893066,2458700.0,0.0,0.0
2018-08-01,10.258825697232519,10.258825697232519,9.9976922012486,10.03499698638916,3281500.0,0.0,0.0
2018-08-02,10.034997589957513,10.081628796541967,9.792516027251379,9.904430389404297,2181400.0,0.0,0.0
2018-08-03,9.951061776857125,10.18421692460089,9.941735357487461,10.156238555908203,1547100.0,0.0,0.0
2018-08-06,10.17489060591422,10.398719336503158,10.09095460958929,10.38939380645752,2051900.0,0.0,0.0
2018-08-07,10.277478562610868,10.771767189428793,10.072301799068693,10.230847358703613,3727500.0,0.0,0.0
2018-08-08,10.156238568841701,10.370740878119296,10.109607361350305,10.174890518188477,2127300.0,0.0,0.0
2018-08-09,10.212194972031227,10.296130964885073,10.109607030441124,10.24017333984375,1651900.0,0.0,0.0
2018-08-10,10.146912215235318,10.212195372496673,9.941735434592944,9.997693061828613,1509300.0,0.0,0.0
2018-08-13,10.044323295948965,10.044323295948965,9.671274559178368,9.820493698120117,2260300.0,0.0,0.0
2018-08-14,9.867126290871257,10.00701903097463,9.8298215008826,9.988367080688477,1526200.0,0.0,0.0
2018-08-15,9.951061248779297,9.969713197112506,9.699253275659022,9.951061248779297,1887400.0,0.0,0.0
2018-08-16,9.988366833007762,10.11893403943857,9.932409204704179,10.090954780578613,1137800.0,0.0,0.0
2018-08-17,10.053649799647973,10.146912215235318,9.960388273476937,9.997693061828613,1464900.0,0.0,0.0
2018-08-20,10.044324204512133,10.193543356951556,9.95106178952934,10.174890518188477,1819200.0,0.0,0.0
2018-08-21,10.202868501184877,10.603895625266738,10.128258927785872,10.594569206237793,2420100.0,0.0,0.0
2018-08-22,10.56659136257827,10.893008929448598,10.547939413011681,10.7997465133667,2847900.0,0.0,0.0
2018-08-23,10.743788561017697,10.771766926913703,10.464002233808985,10.706482887268066,1854700.0,0.0,0.0
2018-08-24,10.706484436226672,10.930314064025879,10.659854116125834,10.930314064025879,1979800.0,0.0,0.0
2018-08-27,10.976944846293687,11.107511160560225,10.855704062034537,10.958292007446289,2052300.0,0.0,0.0
2018-08-28,10.967618336529505,11.032901493125037,10.855703972615894,10.920987129211426,1494700.0,0.0,0.0
2018-08-29,10.948965329017074,10.948965329017074,10.715810185437922,10.865029335021973,879000.0,0.0,0.0
2018-08-30,10.809072056911315,10.87435520922843,10.697157700332156,10.818398475646973,1293300.0,0.0,0.0
2018-08-31,10.818399518433953,10.865029837774456,10.65985394231052,10.855704307556152,1214500.0,0.0,0.0
2018-09-04,10.771769448908021,10.855705455664191,10.585245483570098,10.753116607666016,2259200.0,0.0,0.0
2018-09-05,10.762440479790254,11.126162793133737,10.67850449290974,11.06087875366211,2197200.0,0.0,0.0
2018-09-06,10.985827208628296,11.098406030448338,10.779432254609743,10.798195838928223,1856400.0,0.07,0.0
2018-09-07,10.760669895387228,10.892011410861556,10.657471967860857,10.70438003540039,1244300.0,0.0,0.0
2018-09-10,10.741906099096868,10.77005058118793,10.601182793944607,10.63870906829834,1200000.0,0.0,0.0
2018-09-11,10.591801497935911,10.638709566750084,10.460459084195628,10.629327774047852,950000.0,0.0,0.0
2018-09-12,10.619944958832834,10.826339904924813,10.591800478132944,10.770050048828125,1154800.0,0.0,0.0
2018-09-13,10.84510523762902,11.089025600862565,10.76067088721481,11.070262908935547,1398100.0,0.0,0.0
2018-09-14,11.107787942269491,11.220366765302323,11.004590016800014,11.14531421661377,1357500.0,0.0,0.0
2018-09-17,11.173459951276776,11.239130715066915,11.051499322311477,11.070262908935547,992500.0,0.0,0.0
2018-09-18,11.079643502352326,11.220366808004691,11.042117227865232,11.126550674438477,1610400.0,0.0,0.0
2018-09-19,11.145313577625297,11.257892394203706,11.098405513710068,11.192221641540527,1590800.0,0.0,0.0
2018-09-20,11.210984754902318,11.379853433514251,11.154695791829633,11.323563575744629,1402000.0,0.0,0.0
2018-09-21,11.361090682901503,11.407998752034928,11.08902495556405,11.117170333862305,3648100.0,0.0,0.0
2018-09-24,11.117170333862305,11.173459301064812,10.873249090126103,11.117170333862305,1196000.0,0.0,0.0
2018-09-25,11.154695441361563,11.332945011753917,11.03273483227336,11.295418739318848,1545200.0,0.0,0.0
2018-09-26,11.295417281688074,11.342325339852831,11.164074897766113,11.164074897766113,1908400.0,0.0,0.0
2018-09-27,11.164076266373247,11.29541866639651,11.126549994180445,11.192221641540527,1012300.0,0.0,0.0
2018-09-28,11.145312983904502,11.276655376931036,11.117168504933407,11.220365524291992,1267700.0,0.0,0.0
2018-10-01,11.286037349975558,11.323563623748747,11.004589849328173,11.060879707336426,1562400.0,0.0,0.0
2018-10-02,11.05149867919671,11.145314817463559,10.854485504593933,11.117170333862305,1410700.0,0.0,0.0
2018-10-03,11.182839254098246,11.323562543650576,11.145312983904502,11.220365524291992,1096500.0,0.0,0.0
2018-10-04,11.173457883902563,11.239128635541942,11.042116380623805,11.107787132263184,1621200.0,0.0,0.0
2018-10-05,11.126549644599514,11.257892040496177,10.995208143399726,11.02335262298584,1131000.0,0.0,0.0
2018-10-08,11.023353179295858,11.286037089649048,10.882629879566595,11.257892608642578,1262900.0,0.0,0.0
2018-10-09,11.257893082491785,11.304801149274892,11.042117227865232,11.126550674438477,1346800.0,0.0,0.0
2018-10-10,11.079642077205282,11.267273425506195,10.723142068085124,10.732522964477539,1748200.0,0.0,0.0
2018-10-11,10.694997501453937,10.807577213622299,10.49798434720467,10.526129722595215,1461200.0,0.0,0.0
2018-10-12,10.694997501453937,10.694997501453937,10.394787321530066,10.526129722595215,1317900.0,0.0,0.0
2018-10-15,10.479223812922083,10.938920969122236,10.46984201919626,10.816960334777832,800100.0,0.0,0.0
2018-10-16,10.863867056206992,11.173459053039549,10.863867056206992,11.17345905303955,1779400.0,0.0,0.0
2018-10-17,11.135931896794261,11.1828399611766,11.032734870910645,11.032734870910645,1467100.0,0.0,0.0
2018-10-18,11.032734589047639,11.15469519544712,10.938918462679764,11.107787132263184,1324900.0,0.0,0.0
2018-10-19,11.070260860655411,11.192221467054893,11.013971005895309,11.107787132263184,1055700.0,0.0,0.0
2018-10-22,11.164076972940265,11.2954193812761,11.098406216120827,11.24851131439209,1147400.0,0.0,0.0
2018-10-23,11.098405654512467,11.276656120712373,11.00458952549179,11.154695510864258,1732500.0,0.0,0.0
2018-10-24,11.126551540273267,11.164077817680544,10.291591644287111,10.29159164428711,2366700.0,0.0,0.0
2018-10-25,10.347880728539364,10.610565568019078,10.300972657582482,10.49798583984375,2468600.0,0.0,0.0
2018-10-26,10.347880613049512,10.46045944527134,10.169631019039205,10.29159164428711,1798800.0,0.0,0.0
2018-10-29,10.43231500544819,10.648091772484417,10.132104784907735,10.272828102111816,2754300.0,0.0,0.0
2018-10-30,10.32911632469733,10.826339647141705,10.25406378148674,10.723142623901367,2088500.0,0.0,0.0
2018-10-31,10.826339721679688,11.013971080997978,10.61994477908112,10.826339721679688,2326800.0,0.0,0.0
2018-11-01,10.901392663878413,11.501813930340642,10.892010871895348,11.483050346374512,3252500.0,0.0,0.0
2018-11-02,11.548722788718935,11.66130161615678,11.135932860083178,11.398616790771484,2277600.0,0.0,0.0
2018-11-05,11.426761627197266,11.633155687038185,11.389235353162832,11.426761627197266,1541900.0,0.0,0.0
2018-11-06,11.464288034977363,11.642537615046201,11.370471901448315,11.633155822753906,1096300.0,0.0,0.0
2018-11-07,11.633153959187318,11.820786196187768,11.492430676133793,11.755114555358887,2463500.0,0.0,0.0
2018-11-08,12.102234317291542,12.196050447846051,11.464287671490428,11.745735168457031,3297100.0,0.0,0.0
2018-11-09,11.76449904714384,12.017802088431868,11.52995959174249,11.670682907104492,4460700.0,0.0,0.0
2018-11-12,11.726971442542453,11.99903714422156,11.651918896885935,11.7832612991333,4320500.0,0.0,0.0
2018-11-13,11.80202394764747,12.111615921091085,11.717589610399772,12.045945167541504,3481900.0,0.0,0.0
2018-11-14,12.167906211931673,12.30862951590428,11.914603191144643,11.933366775512695,2181900.0,0.0,0.0
2018-11-15,11.848932477210555,11.923985025554652,11.539340491616914,11.914603233337402,2090800.0,0.0,0.0
2018-11-16,11.858314294274535,12.102234629555465,11.858314294274535,12.036563873291016,2110400.0,0.0,0.0
2018-11-19,12.008419657200946,12.130380274890676,11.792642904458509,11.839550971984863,1965300.0,0.0,0.0
2018-11-20,11.698826547313528,11.830168050212876,11.276655769271407,11.370471000671387,1824000.0,0.0,0.0
2018-11-21,11.398616103640924,11.792642423269212,11.379853414214162,11.708208084106445,1732000.0,0.0,0.0
2018-11-23,11.586250216772031,12.017802878883062,11.586250216772031,11.848934173583984,859100.0,0.0,0.0
2018-11-26,12.008419701452143,12.186669285072771,11.91460356605372,12.08347225189209,2167500.0,0.0,0.0
2018-11-27,12.064707915456417,12.327392720331297,12.064707915456417,12.28986644744873,2432500.0,0.0,0.0
2018-11-28,12.393063502850058,12.665129205551812,12.280484683942117,12.655747413635254,2632200.0,0.0,0.0
2018-11-29,12.533784778922161,12.749561484675937,12.515022092815665,12.69327163696289,1408900.0,0.0,0.0
2018-11-30,12.66512992825915,12.712037995821726,12.280485384700572,12.468116760253906,2727300.0,0.0,0.0
2018-12-03,12.65574843079891,12.6651302234695,12.13976146497742,12.393064498901367,2556400.0,0.0,0.0
2018-12-04,12.374299463862918,12.54316813336193,11.942746893240805,12.017800331115723,2275900.0,0.0,0.0
2018-12-06,11.829138300534341,12.253628730773926,11.73480669398649,12.253628730773926,2507200.0,0.07,0.0
2018-12-07,12.225330224872911,12.31966183617555,11.876304702433815,11.970635414123535,1593500.0,0.0,0.0
2018-12-10,11.98950209622923,12.055533684373328,11.734807285479855,11.970635414123535,1310600.0,0.0,0.0
2018-12-11,12.140431678961878,12.413992265992551,12.130998338123225,12.215896606445312,1819100.0,0.0,0.0
2018-12-12,12.40456022669076,12.461159378048396,12.197032104143071,12.338528633117676,1848000.0,0.0,0.0
2018-12-13,12.347961377451991,12.42342630920191,11.800840172458607,11.980069160461426,1545100.0,0.0,0.0
2018-12-14,11.866869428295706,12.1215641975559,11.678207136035992,11.763105392456055,1138900.0,0.0,0.0
2018-12-17,11.772539531568444,11.932902728038682,11.47067982038348,11.574444770812988,1604700.0,0.0,0.0
2018-12-18,11.697075165164755,11.75367431353482,11.376349656444193,11.404648780822754,2916600.0,0.0,0.0
2018-12-19,11.461245563520317,11.489545583891838,10.961290231923538,11.140520095825195,2514500.0,0.0,0.0
2018-12-20,11.083921903756696,11.083921903756696,10.319838380944642,10.499068260192871,2158600.0,0.0,0.0
2018-12-21,10.517934394992217,10.932992413764559,10.04627812795915,10.140609741210938,3891100.0,0.0,0.0
2018-12-24,9.989677687578174,10.253804887265384,9.885912755848645,9.904779434204102,1294900.0,0.0,0.0
2018-12-26,9.98024653318622,10.300972938537596,9.829316671753322,10.300972938537598,1590500.0,0.0,0.0
2018-12-27,10.121742038147097,10.159475399333532,9.659519158967413,10.093442916870117,1636800.0,0.0,0.0
2018-12-28,10.074578151702447,10.329272068101577,9.951947414320298,10.140609741210938,1712200.0,0.0,0.0
2018-12-31,10.216073652583683,10.253806114196777,9.782149894226663,10.253806114196777,2118200.0,0.0,0.0
2019-01-02,10.055710083626977,10.54623296556625,10.027410963395962,10.404735565185547,2642500.0,0.0,0.0
2019-01-03,10.357570635679776,10.593398756524357,10.178341659667566,10.310405731201172,1731400.0,0.0,0.0
2019-01-04,10.461335113490879,10.791493928037282,10.385870190188111,10.414169311523438,2465400.0,0.0,0.0
2019-01-07,10.338703368638095,10.59339723476432,10.234939334233003,10.367002487182617,3165700.0,0.0,0.0
2019-01-08,10.433036810780466,10.857527262569262,10.376437664055931,10.800928115844727,2414800.0,0.0,0.0
2019-01-09,10.791493890748985,10.970723757683395,10.76319476951144,10.848093032836914,1599100.0,0.0,0.0
2019-01-10,10.810359645564795,11.093353532544423,10.716028050033996,11.008455276489258,1260500.0,0.0,0.0
2019-01-11,10.932993946284178,11.1499554277175,10.885828133046871,10.980159759521484,1145400.0,0.0,0.0
2019-01-14,10.88582793490731,11.083923627207888,10.829228780130125,10.999025344848633,1161200.0,0.0,0.0
2019-01-15,11.027320692512784,11.083919827889057,10.857525085609442,10.885824203491211,1035100.0,0.0,0.0
2019-01-16,10.86695985017809,11.112220403345116,10.857526509775896,10.942424774169922,1280300.0,0.0,0.0
2019-01-17,10.810359645564795,11.131085990834189,10.810359645564795,11.008455276489258,1168800.0,0.0,0.0
2019-01-18,11.102789275929352,11.244285800248761,11.027323443397643,11.112221717834473,1367300.0,0.0,0.0
2019-01-22,11.055622365851358,11.083921487971596,10.744329323690122,10.8103609085083,1165700.0,0.0,0.0
2019-01-23,10.876394790476796,11.065057143812961,10.848095662379638,10.980159759521484,1211000.0,0.0,0.0
2019-01-24,10.989590162863651,11.083921771830774,10.914125235535112,11.046189308166504,1071000.0,0.0,0.0
2019-01-25,11.121654444042772,11.329183447894184,11.121654444042772,11.234851837158203,1596500.0,0.0,0.0
2019-01-28,11.131086087688535,11.338615059894394,11.112219408573106,11.215984344482422,1063100.0,0.0,0.0
2019-01-29,11.206552984860524,11.376349528447374,11.168820519575995,11.310317039489746,1109700.0,0.0,0.0
2019-01-30,11.348047401097153,11.348047401097153,10.621697354115964,11.008455276489258,2235600.0,0.0,0.0
2019-01-31,11.027322834458626,11.215986055950296,10.989590370082874,11.074488639831543,1511000.0,0.0,0.0
2019-02-01,11.168817319748147,11.168817319748147,10.612262941542554,10.640562057495117,2483000.0,0.0,0.0
2019-02-04,10.640562057495117,10.800925213914107,10.6216962800643,10.640562057495117,2414300.0,0.0,0.0
2019-02-05,10.71603011464509,11.017890738734163,10.678297649085572,10.87639331817627,1983600.0,0.0,0.0
2019-02-06,10.904692128896937,11.149952677941826,10.895258788653292,11.12165355682373,2439300.0,0.0,0.0
2019-02-07,11.102788306357178,11.187685673767222,10.829226823899798,10.904692649841309,2023500.0,0.0,0.0
2019-02-08,10.84809210385456,11.093353532544423,10.84809210385456,11.008455276489258,1747600.0,0.0,0.0
2019-02-11,11.036756304498855,11.366916046356632,11.036756304498855,11.16882038116455,2866500.0,0.0,0.0
2019-02-12,11.234851837158203,11.329183447894184,11.074488638674781,11.234851837158203,1268100.0,0.0,0.0
2019-02-13,11.263151359704061,11.461247029579877,11.263151359704061,11.404648780822754,1710500.0,0.0,0.0
2019-02-14,11.36691644980931,11.631043712902603,11.244285709898472,11.54614543914795,2040900.0,0.0,0.0
2019-02-15,11.621609675975963,11.715941285527714,11.52727896603711,11.574444770812988,1496900.0,0.0,0.0
2019-02-19,11.555578717211771,11.58387784177046,11.376349728856145,11.498979568481445,2075100.0,0.0,0.0
2019-02-20,11.517843681431037,11.734805087328033,11.517843681431037,11.687640190124512,1610700.0,0.0,0.0
2019-02-21,11.649909973144531,11.772539808993573,11.583877485057059,11.649909973144531,1518500.0,0.0,0.0
2019-02-22,11.649909102020702,11.76310648791826,11.565010837694322,11.744239807128906,1244000.0,0.0,0.0
2019-02-25,11.791405949575296,11.848005093962923,11.668775219746166,11.706507682800293,2551400.0,0.0,0.0
2019-02-26,11.687642435039573,11.932903006289889,11.659342411746408,11.810273170471191,1452600.0,0.0,0.0
2019-02-27,11.77253846576243,11.970634108196549,11.734806005280351,11.961201667785645,1550600.0,0.0,0.0
2019-02-28,11.970633369628487,12.461156225243892,11.904601792762092,12.423423767089844,4061200.0,0.0,0.0
2019-03-01,13.413904193347877,14.696808887798094,13.385604170222662,14.102521896362305,8375500.0,0.0,0.0
2019-03-04,14.187419320652623,14.187419320652623,13.517667440039627,13.715763092041016,5422100.0,0.0,0.0
2019-03-05,13.810094846686203,14.13082032992947,13.668597436807563,13.857259750366211,3220400.0,0.0,0.0
2019-03-06,13.876125952287728,14.074221599585883,13.810094369725956,13.913858413696289,2159000.0,0.0,0.0
2019-03-07,13.90437993221791,13.942292315584387,13.610558283200817,13.676905632019043,1549700.0,0.07,0.0
2019-03-08,13.601081386534037,13.74325260363127,13.449430943353754,13.50629997253418,1776100.0,0.0,0.0
2019-03-11,13.610558197498555,13.913858166423095,13.458908664987543,13.904379844665527,5528600.0,0.0,0.0
2019-03-12,13.92333709961218,14.245592843221758,13.92333709961218,14.198202133178711,2710800.0,0.0,0.0
2019-03-13,14.255069614572871,14.26454793633044,13.885423201150394,13.904379844665527,1373600.0,0.0,0.0
2019-03-14,13.828557561642848,13.951773054909825,13.629517288504296,13.657951354980469,1991900.0,0.0,0.0
2019-03-15,13.657949200565572,13.762208934369987,13.51577798670823,13.648470878601074,3941800.0,0.0,0.0
2019-03-18,13.648471987268355,13.875947213381494,13.591603858667026,13.847512245178223,2100900.0,0.0,0.0
2019-03-19,13.942292315584387,13.970726377133616,13.638993248652564,13.676905632019043,1809200.0,0.0,0.0
2019-03-20,13.108218633590575,13.695861012299405,13.108218633590575,13.278824806213379,3516900.0,0.0,0.0
2019-03-21,13.269348089980117,13.487344089013682,13.212479057591628,13.383085250854492,2960800.0,0.0,0.0
2019-03-22,13.269347286179777,13.402041084446493,13.032394656069423,13.04187297821045,2470700.0,0.0,0.0
2019-03-25,13.383085762393904,13.56317028525529,13.250391951017232,13.364130020141602,3728400.0,0.0,0.0
2019-03-26,13.487343840603291,13.572646935663606,13.278826168125393,13.37360668182373,1509700.0,0.0,0.0
2019-03-27,13.364127892524781,13.496820778873632,13.250389841507914,13.278824806213379,1957400.0,0.0,0.0
2019-03-28,13.307260231844635,13.4968221631439,13.250391200503563,13.37360668182373,1572600.0,0.0,0.0
2019-03-29,13.477867185363332,13.477867185363332,13.203002143435157,13.364130020141602,4396500.0,0.0,0.0
2019-04-01,13.439954035705416,13.62951596700468,13.278826168125393,13.37360668182373,3509500.0,0.0,0.0
2019-04-02,13.326216418514111,13.411518606737507,13.165088556476764,13.392562866210938,2054100.0,0.0,0.0
2019-04-03,13.51577810970921,13.62951526261066,13.297781222054523,13.345171928405762,2447400.0,0.0,0.0
2019-04-04,13.345171142509164,13.724294963187411,13.345171142509164,13.582123756408691,1458900.0,0.0,0.0
2019-04-05,13.638995990978055,13.913861051626407,13.620039343532037,13.866470336914062,3090500.0,0.0,0.0
2019-04-08,13.885424086532915,14.074986918161374,13.856990023349674,14.0560302734375,1649000.0,0.0,0.0
2019-04-09,14.037076234883433,14.074988625026222,13.932816484063753,13.970728874206543,1915200.0,0.0,0.0
2019-04-10,14.046552436633133,14.615239143371582,13.88542456652066,14.615239143371582,3752900.0,0.0,0.0
2019-04-11,14.62471680957445,15.202881813049318,14.567847779892348,15.202881813049316,6662200.0,0.0,0.0
2019-04-12,15.250272542023366,15.33557563977183,14.890104409253523,15.164969444274902,4167400.0,0.0,0.0
2019-04-15,15.164969091079602,15.411400055746268,15.098622640554959,15.382965087890625,2896800.0,0.0,0.0
2019-04-16,15.534616742292418,15.705222956967903,15.515661902288258,15.582008361816406,2100600.0,0.0,0.0
2019-04-17,15.64835166542772,15.657829987420955,15.487223807152859,15.534613609313965,1535700.0,0.0,0.0
2019-04-18,15.468267935720956,15.506181225587458,15.146012203076339,15.373486518859863,2490300.0,0.0,0.0
2019-04-22,15.345053805949942,15.41140025734246,14.861670192912026,14.96592903137207,1843000.0,0.0,0.0
2019-04-23,14.965927892318568,14.975406214339708,14.681584559002125,14.804800033569336,3535300.0,0.0,0.0
2019-04-24,14.804801647016232,15.136535722688656,14.785845904810667,14.984886169433594,1875200.0,0.0,0.0
2019-04-25,14.965928588005758,15.051231682356237,14.624717114506428,14.946972846984863,2139400.0,0.0,0.0
2019-04-26,15.032276133629816,15.09862349179764,14.965929679364638,15.070188522338867,1725300.0,0.0,0.0
2019-04-29,15.070188079798221,15.117578790268555,14.946973498039023,15.05123233795166,1184200.0,0.0,0.0
2019-04-30,15.051233270455775,15.108101403421362,14.747934150898837,15.08914566040039,2054600.0,0.0,0.0
2019-05-01,15.10809831787698,15.155489021604762,14.918536406868343,15.003839492797852,1868900.0,0.0,0.0
2019-05-02,14.96592923836429,15.051232336421695,14.264549615963041,14.548892974853516,2105700.0,0.0,0.0
2019-05-03,14.586806297302248,14.78584657089165,14.501503193777834,14.586806297302246,2070300.0,0.0,0.0
2019-05-06,14.53941438051274,15.297662118193179,14.50150199362872,15.117578506469727,3201200.0,0.0,0.0
2019-05-07,14.965928910923461,15.250272263592763,14.463589560346007,14.69106388092041,2959000.0,0.0,0.0
2019-05-08,14.662630081176756,14.937495116135349,14.520457950327584,14.662630081176758,3273600.0,0.0,0.0
2019-05-09,14.283504577520787,15.212358474731444,14.245592191999997,15.212358474731445,3283500.0,0.0,0.0
2019-05-10,15.212358967467274,15.269228903444361,14.719497939732983,15.231315612792969,3746700.0,0.0,0.0
2019-05-13,14.965928713265379,15.108099935771046,14.07498718416452,14.567848205566406,6117200.0,0.0,0.0
2019-05-14,14.586805640187741,15.060710946061127,14.520458282711674,14.984886169433594,5371500.0,0.0,0.0
2019-05-15,14.965927110596125,15.060708518051689,14.700540435184033,15.003839492797852,3337000.0,0.0,0.0
2019-05-16,15.041753679049013,15.439835095765224,15.003841292300221,15.231315612792969,2618700.0,0.0,0.0
2019-05-17,15.08914590581517,15.250273791676099,15.051233515253934,15.098624229431152,1603700.0,0.0,0.0
2019-05-20,14.975408042336436,15.051232819956152,14.823758487097003,14.994363784790039,1939100.0,0.0,0.0
2019-05-21,15.041755191637952,15.155492363321661,14.956452086899498,15.098624229431152,1482200.0,0.0,0.0
2019-05-22,15.070188893189016,15.070188893189016,14.7858464228253,14.852192878723145,1937100.0,0.0,0.0
2019-05-23,14.66262972820192,15.003841207001207,14.615239019059702,14.88062572479248,2651700.0,0.0,0.0
2019-05-24,14.984886019157612,15.070188214081153,14.776367433571712,14.785845756530762,2399600.0,0.0,0.0
2019-05-28,14.833234095730218,15.089143366885777,14.785844293429593,14.804800033569336,2117900.0,0.0,0.0
2019-05-29,14.653151548402667,14.766888709110912,14.492023678090334,14.577326774597168,2257000.0,0.0,0.0
2019-05-30,14.577325558836515,14.776365799451481,14.46358840761404,14.605759620666504,2225800.0,0.0,0.0
2019-05-31,14.387764949140804,14.482545465164797,14.226637077607144,14.349852561950684,3763200.0,0.0,0.0
2019-06-03,14.321415915156443,14.577325176624058,14.198200445253796,14.283503532409668,4966800.0,0.0,0.0
2019-06-04,14.492024446009031,14.918539047241211,14.492024446009031,14.918539047241211,3036600.0,0.0,0.0
2019-06-05,14.928017135011629,15.051232623007024,14.653152093761172,14.984886169433594,3124200.0,0.0,0.0
2019-06-06,14.908722701038748,15.013446111808607,14.623114802092061,14.870641708374023,2590500.0,0.07,0.0
2019-06-07,14.889682124494945,15.061046131377225,14.642155227093099,14.75639820098877,1491400.0,0.0,0.0
2019-06-10,14.756398266357245,14.851601198986595,14.413669343151998,14.565993309020996,1179600.0,0.0,0.0
2019-06-11,14.651675969690578,14.727837953679721,14.204223632812502,14.2042236328125,5942200.0,0.0,0.0
2019-06-12,14.204224114356954,14.308946618911662,14.042379665912636,14.099501609802246,4554000.0,0.0,0.0
2019-06-13,14.166142173221907,14.194702689294495,13.766291316515941,14.109020233154297,5332700.0,0.0,0.0
2019-06-14,14.099500975548695,14.118541017373735,13.75677114347342,13.766291618347168,2698400.0,0.0,0.0
2019-06-17,13.804372535846964,14.251824865365117,13.585407062460444,14.156621932983398,2564600.0,0.0,0.0
2019-06-18,14.213745409630064,14.52791384934062,14.204224933778823,14.280386924743652,1531400.0,0.0,0.0
2019-06-19,14.299425321497573,14.54695129394531,14.194701921690466,14.546951293945312,1922900.0,0.0,0.0
2019-06-20,14.546953424474856,14.623115412986044,13.975738510640939,14.18518352508545,2415100.0,0.0,0.0
2019-06-21,14.080460779236576,14.213744710833605,13.937657280178868,14.12806224822998,2339600.0,0.0,0.0
2019-06-24,14.166143009599823,14.185183052131539,14.032859080187855,14.080460548400879,1188500.0,0.0,0.0
2019-06-25,14.042380103187563,14.080461097658967,13.880535649703464,13.994778633117676,1869300.0,0.0,0.0
2019-06-26,14.061420791412214,14.232784809367473,14.02333888973048,14.137582778930664,2113800.0,0.0,0.0
2019-06-27,14.147102466356117,14.213744886941582,13.947177020444753,14.166143417358398,2242600.0,0.0,0.0
2019-06-28,14.166141756595277,14.470789673536332,14.032857838972358,14.423188209533691,3096200.0,0.0,0.0
2019-07-01,14.565994869205108,14.680237855843583,14.375589891474316,14.489832878112793,1390800.0,0.0,0.0
2019-07-02,14.480312972576296,14.642157437002616,14.451752451772414,14.61359691619873,1144500.0,0.0,0.0
2019-07-03,14.67071538079096,15.11816769842569,14.565992884290246,15.080086708068848,1670900.0,0.0,0.0
2019-07-05,15.022965008681986,15.089607423813417,14.842080528576538,14.927762985229492,1629700.0,0.0,0.0
2019-07-08,14.88016273222447,15.042007183998164,14.746878799021863,14.78495979309082,1093400.0,0.0,0.0
2019-07-09,14.6992769241333,14.794479860641799,14.575514377763739,14.6992769241333,994500.0,0.0,0.0
2019-07-10,14.765919499488609,14.965844941939185,14.718318030729424,14.937283515930176,1067600.0,0.0,0.0
2019-07-11,14.984884620425749,15.051527038237614,14.71831767294572,14.851601600646973,1686900.0,0.0,0.0
2019-07-12,14.908722620650847,15.127689008234217,14.861121153095986,15.05152702331543,1353300.0,0.0,0.0
2019-07-15,15.051525890105017,15.061045456561292,14.823039044628668,15.013444900512695,998300.0,0.0,0.0
2019-07-16,15.003925555760569,15.127689008234217,14.94680361311024,15.05152702331543,1256400.0,0.0,0.0
2019-07-17,15.042005798181602,15.042005798181602,14.461269557229965,14.499350547790527,1670200.0,0.0,0.0
2019-07-18,14.461272020091984,14.623116484518302,14.375590457680334,14.61359691619873,1006900.0,0.0,0.0
2019-07-19,14.60407340090792,14.737356408872113,14.556471937525396,14.575512886047363,1202800.0,0.0,0.0
2019-07-22,14.575513555847943,14.670715579065492,14.30894571182495,14.318466186523438,1683200.0,0.0,0.0
2019-07-23,14.327987400283638,14.385108435576077,13.928136521546607,14.070940017700195,2507900.0,0.0,0.0
2019-07-24,14.004298528602327,14.508871911427624,13.99477805339822,14.480311393737793,1297000.0,0.0,0.0
2019-07-25,14.442228910607245,14.57551282594423,14.27086400630575,14.366066932678223,747700.0,0.0,0.0
2019-07-26,14.404149297395179,14.52791275033119,14.318466837060829,14.461270332336426,1249000.0,0.0,0.0
2019-07-29,14.461269199151323,14.61359406554426,14.394627694301068,14.423188209533691,1245300.0,0.0,0.0
2019-07-30,14.299426251206638,14.765918619826417,14.18518236982154,14.746877670288086,1778500.0,0.0,0.0
2019-07-31,14.746878230810108,14.956324144080469,14.413669772526214,14.461270332336426,2170100.0,0.0,0.0
2019-08-01,14.451749622097045,14.76591801319286,14.261343766226025,14.413668632507324,1979300.0,0.0,0.0
2019-08-02,14.280386924743652,14.432710906673309,14.118542466962753,14.280386924743652,1991500.0,0.0,0.0
2019-08-05,14.032858584367066,14.480310917083736,14.032858584367066,14.375588417053223,3950100.0,0.0,0.0
2019-08-06,14.575514907744308,14.832561392987742,13.690130652958265,14.194704055786133,3680000.0,0.0,0.0
2019-08-07,14.032860420707594,14.118542890091545,13.22363901547351,13.53780746459961,4365700.0,0.0,0.0
2019-08-08,13.671090373441416,13.947177823411778,13.509245912294386,13.92813777923584,3019400.0,0.0,0.0
2019-08-09,13.9090953148969,13.9090953148969,13.40452194213867,13.404521942138672,2357800.0,0.0,0.0
2019-08-12,13.385481432008214,13.480683455053631,13.176035528632399,13.309318542480469,1562800.0,0.0,0.0
2019-08-13,13.290279659792345,13.880535522657889,13.280759184281,13.556846618652344,1893800.0,0.0,0.0
2019-08-14,13.299799413110229,13.375961397220264,12.73810409935686,12.78570556640625,3517200.0,0.0,0.0
2019-08-15,12.833306892094884,13.204597267751153,12.700023865902265,12.957070350646973,3414000.0,0.0,0.0
2019-08-16,13.014192690050185,14.689758307121519,12.97611169456777,14.280386924743652,4428900.0,0.0,0.0
2019-08-19,15.403775647915015,15.784585553160873,14.47079001817902,15.099126815795898,11227200.0,0.0,0.0
2019-08-20,15.013446665427075,15.280012715987256,14.756399274519731,14.78495979309082,2998800.0,0.0,0.0
2019-08-21,14.661194856088303,14.670715330625566,13.794851647490688,14.061419486999512,3792500.0,0.0,0.0
2019-08-22,14.128061895290955,14.194703405463418,13.842453996387928,14.051899909973145,1489700.0,0.0,0.0
2019-08-23,13.899575438584984,14.042378928930551,13.461643584823472,13.547325134277344,1749800.0,0.0,0.0
2019-08-26,13.690130607736425,13.747251645191826,13.337881183686381,13.566367149353027,1978400.0,0.0,0.0
2019-08-27,13.566367966788155,13.613969439484208,13.252199518085815,13.328361511230469,2456500.0,0.0,0.0
2019-08-28,13.290279076003412,13.5949270156043,13.280758600910264,13.423563003540039,1981800.0,0.0,0.0
2019-08-29,13.575887569675032,13.699651027554946,13.537806575552175,13.556846618652344,873200.0,0.0,0.0
2019-08-30,13.633007039028204,13.728209967347752,13.42356204940106,13.62348747253418,2093900.0,0.0,0.0
2019-09-03,13.613967483508313,13.642527999853504,13.290278605187988,13.528285026550293,1284000.0,0.0,0.0
2019-09-04,13.633008668806045,14.099501983832553,13.461644648436277,13.975738525390625,2277500.0,0.0,0.0
2019-09-05,13.93747350233862,15.06624655179731,13.93747350233862,15.047114372253418,3827100.0,0.07,0.0
2019-09-06,15.123642704484745,15.372354661303204,14.999286269939233,15.114076614379883,3360500.0,0.0,0.0
2019-09-09,15.181036789617112,15.343657577823253,15.00885082397622,15.30539321899414,2815500.0,0.0,0.0
2019-09-10,15.267131805419922,15.458449063678788,15.08538063814216,15.267131805419922,3116600.0,0.0,0.0
2019-09-11,15.30539207368302,15.468011937447699,15.1332061209269,15.429747581481934,2830600.0,0.0,0.0
2019-09-12,15.477577599710003,15.477577599710003,14.903625047862235,15.276694297790527,2123500.0,0.0,0.0
2019-09-13,15.381921680056076,15.534975481883878,15.114077526857422,15.420186042785645,1693200.0,0.0,0.0
2019-09-16,15.267130024336346,15.468013350141003,15.056680608666575,15.228866577148438,1313400.0,0.0,0.0
2019-09-17,15.123642949115357,15.142774217361973,14.664480651653072,14.817534446716309,1289000.0,0.0,0.0
2019-09-18,14.817534648313893,14.817534648313893,14.348807166487394,14.473163604736328,1390400.0,0.0,0.0
2019-09-19,14.52099170044725,14.52099170044725,14.100092887878416,14.100092887878418,827300.0,0.0,0.0
2019-09-20,14.147922684856626,14.578386682564826,14.004434989711399,14.46359634399414,3028500.0,0.0,0.0
2019-09-23,14.387068625404106,14.57838584536843,14.128790606520386,14.425332069396973,2075900.0,0.0,0.0
2019-09-24,14.501859325854555,14.989718933363756,14.396635080268695,14.836665153503418,2710100.0,0.0,0.0
2019-09-25,14.846231604272967,15.037548833756379,14.559255303911593,14.941889762878418,1648200.0,0.0,0.0
2019-09-26,14.980152209171642,14.980152209171642,14.300975405621612,14.501858711242676,1110500.0,0.0,0.0
2019-09-27,14.654913514501603,14.779269942175072,14.205318251688887,14.329673767089844,1113300.0,0.0,0.0
2019-09-30,14.37750236010615,14.989718368760238,14.281844207432746,14.855795860290527,1954100.0,0.0,0.0
2019-10-01,14.951455485581077,15.123641444027756,14.511425412429277,14.530556678771973,1236000.0,0.0,0.0
2019-10-02,14.358373119657005,14.387070478279398,14.071396796615314,14.291411399841309,1248100.0,0.0,0.0
2019-10-03,14.195751023571825,14.329672617808107,13.755720973354526,14.013998985290527,1538900.0,0.0,0.0
2019-10-04,14.052264213562012,14.224450184910138,13.947039960111798,14.052264213562012,898900.0,0.0,0.0
2019-10-07,14.014000156424286,14.214883476838736,13.841815104835126,14.023566246032715,928000.0,0.0,0.0
2019-10-08,13.832249047994688,14.042698458516112,13.554838834600657,13.93747329711914,1126400.0,0.0,0.0
2019-10-09,14.071395874023436,14.15748885651851,13.880078641963562,14.071395874023438,868400.0,0.0,0.0
2019-10-10,14.12879350038846,14.272281216682828,14.00443705387277,14.119227409362793,1381500.0,0.0,0.0
2019-10-11,14.339240006898752,14.674045847394517,14.339240006898752,14.511425971984863,1009700.0,0.0,0.0
2019-10-14,14.415766743017729,15.056680148011017,14.253146869376296,14.635782241821289,1721700.0,0.0,0.0
2019-10-15,14.64534927281147,14.721876169765192,13.899210659103828,14.415767669677734,1581700.0,0.0,0.0
2019-10-16,14.377504492911928,14.79840334638426,14.377504492911928,14.693178176879883,1055600.0,0.0,0.0
2019-10-17,14.779271174283293,15.008851869617294,14.540124388575562,14.913193702697754,1163500.0,0.0,0.0
2019-10-18,14.865362500927489,15.190602239086857,14.865362500927489,15.056679725646973,955700.0,0.0,0.0
2019-10-21,15.181037431373303,15.31495995611899,15.0949444449134,15.247998237609863,1067000.0,0.0,0.0
2019-10-22,15.24799784460612,15.343657830984705,15.142773592907506,15.228866577148438,1536200.0,0.0,0.0
2019-10-23,15.247998622259384,15.334092523163676,15.104510916054938,15.133208274841309,1088900.0,0.0,0.0
2019-10-24,15.190602216628275,15.190602216628275,14.741006054997827,14.922758102416992,1171100.0,0.0,0.0
2019-10-25,14.894061489652174,15.29582816175173,14.80796850102047,15.133208274841309,744800.0,0.0,0.0
2019-10-28,15.200169436483007,15.420184945153906,15.200169436483007,15.238432884216309,1714300.0,0.0,0.0
2019-10-29,15.200169002895915,15.3627879669193,15.161905556254084,15.219300270080566,922000.0,0.0,0.0
2019-10-30,15.181037276210853,15.19060336622475,14.741007170569702,14.932324409484863,794200.0,0.0,0.0
2019-10-31,14.87492910897063,14.87492910897063,14.281845235521146,14.377503395080566,1503700.0,0.0,0.0
2019-11-01,14.463596701810985,14.76970427890565,14.463596701810985,14.56882095336914,1141100.0,0.0,0.0
2019-11-04,14.712309152090517,14.788836044219861,14.54968927824753,14.76970386505127,833700.0,0.0,0.0
2019-11-05,14.846231684412105,15.104509717540756,14.473162400701261,14.549689292907715,1977200.0,0.0,0.0
2019-11-06,14.454029860615305,14.568820196058821,14.03313196398908,14.444464683532715,1650000.0,0.0,0.0
2019-11-07,14.444464907567939,15.018416593687572,14.444464907567939,14.807967185974121,1569800.0,0.0,0.0
2019-11-08,14.750572244715423,14.750572244715423,13.545272354149768,14.444464683532715,3007000.0,0.0,0.0
2019-11-11,14.300977324247151,14.492294566631456,14.21488433710607,14.415767669677734,1545600.0,0.0,0.0
2019-11-12,14.348806416776275,14.559255832991973,14.138357000560578,14.262713432312012,1517600.0,0.0,0.0
2019-11-13,14.090527840938519,14.253147724334513,13.908776689522591,14.147923469543457,1209700.0,0.0,0.0
2019-11-14,14.071394745561097,14.52099088905061,14.013999124409743,14.501858711242676,2041700.0,0.0,0.0
2019-11-15,14.52099202820814,14.7984022422786,14.52099202820814,14.597518920898438,1274800.0,0.0,0.0
2019-11-18,14.62621541703168,14.654912772033956,14.44446428565398,14.645347595214844,1101200.0,0.0,0.0
2019-11-19,14.77926990349702,14.85579679536157,14.616650030216723,14.721875190734863,836800.0,0.0,0.0
2019-11-20,14.664481112671712,14.750574103169498,14.320110062953173,14.396636962890625,1425300.0,0.0,0.0
2019-11-21,14.454030926248164,14.454030926248164,14.004435640682477,14.186186790466309,1356500.0,0.0,0.0
2019-11-22,14.310542098332316,14.587952302345027,14.186185674151103,14.530556678771973,1101600.0,0.0,0.0
2019-11-25,14.616650016620362,15.056680100568466,14.549689214369295,14.941889762878418,2147100.0,0.0,0.0
2019-11-26,14.874928189330856,15.0375480540277,14.683610969767646,14.731439590454102,917800.0,0.0,0.0
2019-11-27,14.798403394858342,14.894061562035331,14.693178225009285,14.82710075378418,631900.0,0.0,0.0
2019-11-29,14.817533475578864,14.874929101102172,14.674045780179373,14.683611869812012,406200.0,0.0,0.0
2019-12-02,14.578386285413904,14.607084553479151,14.329673435816707,14.444464683532715,1803200.0,0.0,0.0
2019-12-03,14.262713612729218,14.396636136064643,14.128792001666351,14.358372688293457,2189600.0,0.0,0.0
2019-12-04,14.454030279991299,14.69317704717213,14.425332923365906,14.683611869812012,2129100.0,0.0,0.0
2019-12-05,14.750879895044623,14.86619610711703,14.587515032162429,14.846976280212402,2613100.0,0.07,0.0
2019-12-06,15.000731040037524,15.164095900854832,14.904634656084372,15.019950866699219,1628500.0,0.0,0.0
2019-12-09,14.962291721452674,15.269802520921779,14.866195341235617,15.250582695007324,1924400.0,0.0,0.0
2019-12-10,15.183315479258361,15.250583038570872,15.067999270529018,15.154486656188965,2180200.0,0.0,0.0
2019-12-11,15.20253283293827,15.279410297554895,15.067997728085011,15.240971565246582,1147200.0,0.0,0.0
2019-12-12,15.212144639917057,15.596532010878558,15.11604733895079,15.529264450073242,1942500.0,0.0,0.0
2019-12-13,15.452385602472324,15.913650406628895,15.433165777406616,15.548482894897461,1886400.0,0.0,0.0
2019-12-16,15.615751552733979,15.740676758678298,15.59653172631069,15.663799285888672,1615600.0,0.0,0.0
2019-12-17,15.663797508468082,15.759894796776535,15.615749780765517,15.74067497253418,1728700.0,0.0,0.0
2019-12-18,15.769507145661803,16.01935940071057,15.731069324140858,15.759897232055664,1904100.0,0.0,0.0
2019-12-19,15.807946184370577,16.000138950296652,15.750286704979573,15.952091217041016,1510200.0,0.0,0.0
2019-12-20,16.17311662094927,16.567113969542678,16.009751732539524,16.278823852539062,5368200.0,0.0,0.0
2019-12-23,16.259602284532168,16.2980401073353,15.990530193295566,16.24999237060547,1434300.0,0.0,0.0
2019-12-24,16.24999266640546,16.269212494608723,16.09623770658678,16.11545753479004,312800.0,0.0,0.0
2019-12-26,16.13467367555797,16.221159216899746,16.077014204125746,16.192331314086914,601500.0,0.0,0.0
2019-12-27,16.26921283446493,16.26921283446493,16.000140732709596,16.057798385620117,880700.0,0.0,0.0
2019-12-30,16.08662457636702,16.115454312908128,15.89443183146965,15.923259735107422,623600.0,0.0,0.0
2019-12-31,15.932868929778254,16.125063498923804,15.855991468700683,16.038576126098633,1424900.0,0.0,0.0
2020-01-02,16.19233415735904,16.19233415735904,15.442777393252193,15.72145938873291,1113100.0,0.0,0.0
2020-01-03,15.452386110760614,15.750286077464548,15.442776197911654,15.711848258972168,1009500.0,0.0,0.0
2020-01-06,15.548483993155997,15.769506498313232,15.519654253521065,15.663799285888672,1936500.0,0.0,0.0
2020-01-07,15.980920556547968,16.33648004638816,15.740678202924613,16.29804039001465,2176400.0,0.0,0.0
2020-01-08,16.499843476534995,16.615160602662307,16.3268687037958,16.42296600341797,2217700.0,0.0,0.0
2020-01-09,16.480621069068846,16.480621069068846,16.019356302603427,16.038576126098633,1772300.0,0.0,0.0
2020-01-10,16.21155368939457,16.56711132133723,15.51004467311996,15.85599422454834,2155900.0,0.0,0.0
2020-01-13,15.855991368338783,16.211550769136533,15.711846358843623,16.1442813873291,1679100.0,0.0,0.0
2020-01-14,16.134678384165028,16.394138749715612,16.028971155260532,16.33648109436035,1663000.0,0.0,0.0
2020-01-15,16.43257559441795,17.58573766855917,16.422965681353837,17.239789962768555,3676700.0,0.0,0.0
2020-01-16,17.316666741032627,17.34549464616722,16.97071721619005,17.249399185180664,2338100.0,0.0,0.0
2020-01-17,17.40315400949655,17.40315400949655,17.105252217077215,17.355104446411133,2640200.0,0.0,0.0
2020-01-21,17.412765841736856,17.518471226371144,16.874621673274444,17.172523498535156,2591600.0,0.0,0.0
2020-01-22,17.201350229672602,17.287837613939676,17.057205200195312,17.057205200195312,1353200.0,0.0,0.0
2020-01-23,16.932280400758454,17.191740726846877,16.69203806826298,17.182130813598633,2454100.0,0.0,0.0
2020-01-24,17.182130403634698,17.182130403634698,16.74969531520283,17.057205200195312,2906800.0,0.0,0.0
2020-01-27,16.7881323671399,16.903449485193715,16.634377431670423,16.88422966003418,2380500.0,0.0,0.0
2020-01-28,17.009156690667762,17.03798459550366,16.768914374883774,16.88422966003418,2082000.0,0.0,0.0
2020-01-29,16.845794269112137,16.845794269112137,16.26921226159814,16.43257713317871,3184700.0,0.0,0.0
2020-01-30,16.182726124810443,16.355700923780045,15.9809215817113,16.33648109436035,2225700.0,0.0,0.0
2020-01-31,16.269209069731954,16.326866709300365,15.865601926946459,16.240379333496094,5792200.0,0.0,0.0
2020-02-03,16.326869175640063,16.884231330072083,16.192334052023103,16.73047637939453,1971500.0,0.0,0.0
2020-02-04,16.82657010588518,16.855399840349303,16.50945035839268,16.595937728881836,2025900.0,0.0,0.0
2020-02-05,16.778522542415047,17.15330180337479,16.778522542415047,17.066814422607422,1514500.0,0.0,0.0
2020-02-06,17.25901004716779,17.412766841919943,16.730477594926782,16.740087509155273,2614900.0,0.0,0.0
2020-02-07,16.692039843395865,16.692039843395865,16.39413799973024,16.451797485351562,1588300.0,0.0,0.0
2020-02-10,16.442186187950952,16.71125643326777,16.384526707179994,16.65359878540039,1726400.0,0.0,0.0
2020-02-11,16.778523557790017,16.816963210636594,15.51004434030942,15.663799285888672,4947200.0,0.0,0.0
2020-02-12,15.884822155547795,16.08662481562699,15.759895128248269,15.894432067871094,2983400.0,0.0,0.0
2020-02-13,15.836774729394593,16.144284633591987,15.750287339726126,16.048189163208008,1355700.0,0.0,0.0
2020-02-14,16.0577977578788,16.2980401073353,16.009750021148967,16.24999237060547,1215900.0,0.0,0.0
2020-02-18,16.24999184566514,16.442186452183144,16.153894542406135,16.230772018432617,1434900.0,0.0,0.0
2020-02-19,16.336478855298914,16.72086622648994,16.240381554275267,16.57672119140625,1560700.0,0.0,0.0
2020-02-20,16.46140642931963,16.576723573701326,16.221164058686277,16.413358688354492,1637700.0,0.0,0.0
2020-02-21,16.37492116917489,16.384529251224993,16.08662921926741,16.278823852539062,1880800.0,0.0,0.0
2020-02-24,15.798337701051045,16.12506744889167,15.634972827130733,16.11545753479004,4595000.0,0.0,0.0
2020-02-25,16.144284870729443,16.144284870729443,15.240974055655299,15.298632621765137,6622100.0,0.0,0.0
2020-02-26,15.30824331304719,15.423558618220218,14.376102709347817,14.385712623596191,4764100.0,0.0,0.0
2020-02-27,14.058981836162621,14.558685426430515,13.616935894238201,14.020543098449707,2722500.0,0.0,0.0
2020-02-28,13.549667206578109,14.126248224366542,13.501618559316144,13.761079788208008,6498200.0,0.0,0.0
2020-03-02,13.847568945740678,14.46258969336762,13.58810768357664,14.44336986541748,3060600.0,0.0,0.0
2020-03-03,14.337662250934399,14.654782051520002,13.732251472602313,13.924445152282715,3610200.0,0.0,0.0
2020-03-04,14.087810587952594,14.155078149491633,13.626545737767549,13.837958335876465,2442200.0,0.0,0.0
2020-03-05,13.509631669194498,13.53860223624486,12.766071279209001,12.978516578674316,2605300.0,0.07,0.0
2020-03-06,16.532161185675623,16.686667210058445,14.417357444382265,16.41628074645996,12148500.0,0.0,0.0
2020-03-09,16.512847384622773,17.401257941042743,16.416280659431173,17.285377502441406,8870800.0,0.0,0.0
2020-03-10,17.623358151831727,17.68129744373426,16.136235538763938,16.841171264648438,5056200.0,0.0,0.0
2020-03-11,16.532160931496833,16.57078651607013,14.726369266732815,15.469930648803711,5095400.0,0.0,0.0
2020-03-12,15.59546656303118,16.174865083652858,14.542894026689883,15.798256874084473,5704900.0,0.0,0.0
2020-03-13,16.43559260090301,16.61906733294366,15.016067050826813,16.425935745239258,4423300.0,0.0,0.0
2020-03-16,15.064351360224515,16.02035802906928,14.253193851776173,14.475296020507812,2845900.0,0.0,0.0
2020-03-17,14.484951360712387,15.42164513989841,13.808987148064825,14.562204360961914,3364900.0,0.0,0.0
2020-03-18,15.218856767563112,15.63409236143613,12.592251826543906,13.258559226989746,4687200.0,0.0,0.0
2020-03-19,13.094397709930446,13.770361988377884,12.119077335679796,13.35512638092041,4011200.0,0.0,0.0
2020-03-20,13.471005521074279,13.471005521074279,12.128733857399585,12.39911937713623,5646400.0,0.0,0.0
2020-03-23,12.447402899296264,12.563282409276036,10.293972806285502,11.346546173095703,3259200.0,0.0,0.0
2020-03-24,11.829377896738706,12.572939235150809,11.539678662020632,12.215642929077148,2337000.0,0.0,0.0
2020-03-25,12.360492774091442,12.939890311686197,11.211352712903704,12.379805564880371,6171600.0,0.0,0.0
2020-03-26,12.621223156791897,13.229591344919097,12.360494459553719,12.997832298278809,5230100.0,0.0,0.0
2020-03-27,12.41843276063233,12.988174395102066,12.09976386693375,12.756415367126465,3813300.0,0.0,0.0
2020-03-30,10.86371469797814,10.86371469797814,9.28002617936084,10.313286781311035,11493200.0,0.0,0.0
2020-03-31,10.322943438213207,10.641613272214842,10.158781474112795,10.487106323242188,4159200.0,0.0,0.0
2020-04-01,10.28431685247951,10.767148646885657,9.84976842169969,10.24569034576416,6156400.0,0.0,0.0
2020-04-02,10.091183509331001,11.02787737319205,10.091183509331001,10.931310653686523,8363600.0,0.0,0.0
2020-04-03,10.718865036047452,11.037533911952734,9.531098472368114,9.772514343261719,3313500.0,0.0,0.0
2020-04-06,9.936677673580197,10.506419302867167,9.888394312959038,10.313286781311035,2936400.0,0.0,0.0
2020-04-07,10.631955096448689,10.998907328001142,10.332599013548796,10.622298240661621,2413700.0,0.0,0.0
2020-04-08,10.815431766300824,11.62658930993588,10.583672731241819,11.298263549804688,2176300.0,0.0,0.0
2020-04-09,11.607275694859068,11.694184636150464,11.278949957996655,11.549335479736328,4845100.0,0.0,0.0
2020-04-13,11.433457357528605,11.433457357528605,10.380883869040147,10.53538990020752,1752600.0,0.0,0.0
2020-04-14,10.699551346331143,10.911997571014325,10.458135474941129,10.64161205291748,2442500.0,0.0,0.0
2020-04-15,10.187751131211854,10.458136680476718,9.627666318698921,10.042901039123535,3457500.0,0.0,0.0
2020-04-16,9.782171949404763,10.245690015026273,9.724231730737808,10.168437004089355,2747000.0,0.0,0.0
2020-04-17,10.438823238667268,11.027877664617725,10.390539877638556,10.77680492401123,4311600.0,0.0,0.0
2020-04-20,10.419508765000163,10.651267775899575,10.265002757733889,10.380882263183594,2184200.0,0.0,0.0
2020-04-21,10.265002816358713,10.361568610987412,9.859424084504205,10.178092956542969,2822300.0,0.0,0.0
2020-04-22,10.419509061832104,10.458135564749067,9.994617529745499,10.013930320739746,1711300.0,0.0,0.0
2020-04-23,9.965648649928893,10.535390355158226,9.917366203800546,10.187751770019531,1380200.0,0.0,0.0
2020-04-24,10.13946768252909,10.332600216105837,9.830455628806297,10.24569034576416,1900400.0,0.0,0.0
2020-04-27,10.361569238139754,10.46779281586768,10.158780780866822,10.322942733764648,4001500.0,0.0,0.0
2020-04-28,10.738178661339996,10.805774815746247,10.400196968380211,10.612642288208008,3438300.0,0.0,0.0
2020-04-29,11.018221577217506,11.404487571477233,10.757492882951126,10.9506254196167,3155700.0,0.0,0.0
2020-04-30,10.660924509466996,10.670581365042633,10.08152606792692,10.351912498474121,2385300.0,0.0,0.0
2020-05-01,10.158780165988608,10.255345960617307,9.7532014341341,10.178092956542969,1865400.0,0.0,0.0
2020-05-04,9.936676491648228,10.34225519913823,9.762856782458686,10.255345344543457,1399200.0,0.0,0.0
2020-05-05,10.419510173438882,10.477450394459924,10.004274532085697,10.042901039123535,1404100.0,0.0,0.0
2020-05-06,10.149123252284182,10.487104912947046,10.071870248651045,10.380882263183594,2087600.0,0.0,0.0
2020-05-07,10.670582222446207,10.709208726924036,10.429166339227644,10.545045852661133,5590700.0,0.0,0.0
2020-05-08,10.786462274148267,10.825088780553646,10.390540353260995,10.448479652404785,9038100.0,0.0,0.0
2020-05-11,10.28431549815897,10.718864792642442,10.18774970455143,10.371225357055664,3561900.0,0.0,0.0
2020-05-12,10.438822878143778,10.525731819879688,10.00427356482182,10.033244132995605,2518900.0,0.0,0.0
2020-05-13,9.955990418009927,9.994616918564843,9.366935133386947,9.87873649597168,3249300.0,0.0,0.0
2020-05-14,9.675948747208592,10.081526571428284,9.328309296551025,10.033244132995605,2411100.0,0.0,0.0
2020-05-15,9.984961592263994,10.207063774234781,9.724231982894576,9.782172203063965,1504900.0,0.0,0.0
2020-05-18,10.216719942362875,10.747835061219693,10.17809343849666,10.50641918182373,2837100.0,0.0,0.0
2020-05-19,10.448478470803156,10.65126783673041,10.168436100801562,10.178092956542969,2413700.0,0.0,0.0
2020-05-20,10.36156871537967,10.998907386806803,10.28431571052701,10.854057312011719,3903800.0,0.0,0.0
2020-05-21,10.834744360452397,10.969936656473783,10.429165630531346,10.602984428405762,2373200.0,0.0,0.0
2020-05-22,10.689895271585064,10.863715006384343,10.506419601130238,10.825088500976562,2796700.0,0.0,0.0
2020-05-26,11.037534817259933,11.501052885348106,11.037534817259933,11.288606643676758,2888800.0,0.0,0.0
2020-05-27,11.60727502457763,11.925943887029442,11.327231742072511,11.829377174377441,2257600.0,0.0,0.0
2020-05-28,11.935600702287584,11.945257558451054,11.288606074190923,11.375515937805176,1324600.0,0.0,0.0
2020-05-29,11.278951806299398,11.433457844041259,11.037535892095583,11.317578315734863,1758200.0,0.0,0.0
2020-06-01,11.404486656188965,11.626588825297008,11.211353214095096,11.404486656188965,1304000.0,0.0,0.0
2020-06-02,11.530021884841133,11.655558251441871,11.240323569070112,11.5783052444458,1688800.0,0.0,0.0
2020-06-03,11.848691673493006,12.138389988863846,11.723155307065683,12.012853622436523,2694000.0,0.0,0.0
2020-06-04,11.89631917621271,12.119678193749541,11.663248655442125,11.867185592651367,5199300.0,0.07,0.0
2020-06-05,12.31390435731875,12.692643715990789,12.226502681889846,12.595531463623047,3482800.0,0.0,0.0
2020-06-08,12.867448528649886,12.877160032831904,12.527553291399355,12.576109886169434,2159300.0,0.0,0.0
2020-06-09,12.517841414175301,12.585820084114138,11.847762513401353,11.983720779418945,2496300.0,0.0,0.0
2020-06-10,11.86718650046508,11.935165176021739,11.478734676658469,11.566136360168457,2165400.0,0.0,0.0
2020-06-11,11.080570923117577,11.158261093172223,10.517316727151451,10.672697067260742,2362500.0,0.0,0.0
2020-06-12,11.090283527000725,11.18739671228079,10.682409630648406,10.896058082580566,1787000.0,0.0,0.0
2020-06-15,10.575585666725756,11.362198933210012,10.46876097972027,11.206818580627441,2174500.0,0.0,0.0
2020-06-16,11.672960142771137,11.672960142771137,10.944614071750506,11.070859909057617,3104500.0,0.0,0.0
2020-06-17,11.109704853728909,11.15826144307066,10.769810580616468,10.925190925598145,1977400.0,0.0,0.0
2020-06-18,10.81836832268867,11.05143886499557,10.769811728173064,10.954325675964355,1209600.0,0.0,0.0
2020-06-19,11.080570699855972,11.129127286696734,10.643563270568848,10.643563270568848,2892400.0,0.0,0.0
2020-06-22,10.585296854241761,10.99317076634884,10.245402544912537,10.954325675964355,1352900.0,0.0,0.0
2020-06-23,11.148549388618475,11.265085567731301,10.964035469612918,11.061148643493652,1628000.0,0.0,0.0
2020-06-24,10.905767671874736,10.905767671874736,10.449338150385726,10.517316818237305,1552200.0,0.0,0.0
2020-06-25,10.381360379997359,10.604720354679499,10.235691515829913,10.595008850097656,2460100.0,0.0,0.0
2020-06-26,10.488182384210717,10.595006128752987,10.187132302479139,10.323090553283691,1938000.0,0.0,0.0
2020-06-29,10.410492205121786,10.944612779360146,10.352224118819134,10.857211112976074,1362500.0,0.0,0.0
2020-06-30,10.789231544445393,10.973746379626675,10.546449548994094,10.818366050720215,1938400.0,0.0,0.0
2020-07-01,10.818367744592031,11.099994866365344,10.721254560750216,10.750388145446777,1218700.0,0.0,0.0
2020-07-02,10.973746793883715,11.061148463727951,10.478471282192945,10.497894287109375,1048600.0,0.0,0.0
2020-07-06,10.70183159855318,10.789232345446909,10.381358488716648,10.633852005004883,1735800.0,0.0,0.0
2020-07-07,10.527027804562271,10.692119640792258,10.293957303816354,10.614429473876953,1315700.0,0.0,0.0
2020-07-08,10.507604820829032,10.701831164646524,10.371647491524604,10.575584411621094,1228900.0,0.0,0.0
2020-07-09,10.50760638087702,10.527029388598411,9.954063626777135,9.983197212219238,1232900.0,0.0,0.0
2020-07-10,10.002620215463137,10.536740887742525,10.002620215463137,10.361937522888184,1496900.0,0.0,0.0
2020-07-13,10.449339260242262,10.730966390576858,10.128867040418065,10.284247398376465,2086700.0,0.0,0.0
2020-07-14,10.25511417471974,10.585296983964223,10.177423066858664,10.420205116271973,1345800.0,0.0,0.0
2020-07-15,10.682410136290082,11.303932513993729,10.653276549783042,11.177685737609863,1715700.0,0.0,0.0
2020-07-16,11.109704878467587,11.36219840269501,11.041726208921709,11.30393123626709,1045600.0,0.0,0.0
2020-07-17,11.26508602729435,11.410754867918195,11.080571174621582,11.080571174621582,2349700.0,0.0,0.0
2020-07-20,11.03201475469397,11.206818107032227,10.692120479318367,10.808655738830566,1049400.0,0.0,0.0
2020-07-21,10.944614596797175,12.02256650020999,10.925191589424347,11.352487564086914,6848100.0,0.0,0.0
2020-07-22,11.27479693929357,11.537001971578038,11.265086362132608,11.333065032958984,2290000.0,0.0,0.0
2020-07-23,11.294218974098017,11.469022313913587,11.245662387911487,11.371909141540527,1905400.0,0.0,0.0
2020-07-24,11.430178990460282,11.556424837391559,11.206819030060348,11.265087127685547,1026600.0,0.0,0.0
2020-07-27,11.09999518460548,11.47873457493922,10.954325404666362,11.381622314453125,1541100.0,0.0,0.0
2020-07-28,11.313642475481227,11.60498110309387,11.245663801956265,11.352487564086914,934000.0,0.0,0.0
2020-07-29,11.352486665815329,11.750649950193704,11.352486665815329,11.692381858825684,1084300.0,0.0,0.0
2020-07-30,11.507867957068658,11.779783556336117,11.420466282912002,11.653536796569824,1108200.0,0.0,0.0
2020-07-31,11.546713639717543,11.663248902572077,11.226241435332595,11.439888954162598,1274800.0,0.0,0.0
2020-08-03,11.469024098821798,11.663249547655107,11.401044497125145,11.566136360168457,1026900.0,0.0,0.0
2020-08-04,11.527289968187356,11.847762154094225,11.498156385688521,11.770071983337402,1233000.0,0.0,0.0
2020-08-05,11.906030588549678,11.9351641718886,11.148550012618388,11.226241111755371,1798600.0,0.0,0.0
2020-08-06,11.206817304190231,11.459310811448312,11.167972220468977,11.371909141540527,1306800.0,0.0,0.0
2020-08-07,11.26508644878197,11.566135644305767,11.26508644878197,11.556424140930176,1527100.0,0.0,0.0
2020-08-10,11.614692606780283,11.867186145787239,11.158262121058476,11.352487564086914,2192600.0,0.0,0.0
2020-08-11,11.847762723779379,12.585820307597684,11.692382374794459,12.01285457611084,3450500.0,0.0,0.0
2020-08-12,12.197369537962267,12.313904800683378,11.624403801645178,11.857474327087402,2329700.0,0.0,0.0
2020-08-13,11.740937843399697,12.071121516509606,11.731226340981207,11.94487476348877,920100.0,0.0,0.0
2020-08-14,11.867184596420536,12.207078845809091,11.789494429352304,11.94487476348877,759100.0,0.0,0.0
2020-08-17,11.97400964971921,12.265348271049643,11.750650626587845,12.119678497314453,1424600.0,0.0,0.0
2020-08-18,12.051699302642476,12.100255891781918,11.779783700057463,11.799205780029297,1081200.0,0.0,0.0
2020-08-19,11.867185889892028,12.245925264095638,11.828340802123966,12.119678497314453,1498500.0,0.0,0.0
2020-08-20,11.974009106373957,12.10996737046276,11.770072173310707,11.838050842285156,741100.0,0.0,0.0
2020-08-21,11.789494830632472,12.061410424626503,11.692381655421809,12.041987419128418,1383000.0,0.0,0.0
2020-08-24,12.139100676868656,12.38188269040603,12.012853918692437,12.343037605285645,1373800.0,0.0,0.0
2020-08-25,12.411015833424877,12.52755108466128,12.061410079715673,12.24592399597168,682800.0,0.0,0.0
2020-08-26,12.197368767619174,12.44986135783173,12.119677671238524,12.343037605285645,1285600.0,0.0,0.0
2020-08-27,12.478996058848017,12.595531316007499,12.343037795758674,12.411016464233398,915300.0,0.0,0.0
2020-08-28,12.469285461219323,12.576109223169844,12.32361568458865,12.488707542419434,970800.0,0.0,0.0
2020-08-31,12.478994761297235,12.556684924658759,12.158522605895996,12.158522605895996,1055000.0,0.0,0.0
2020-09-01,12.090543812881076,12.245924149814961,11.857473307480253,11.974008560180664,759200.0,0.0,0.0
2020-09-02,11.94487590496492,12.177946428442302,11.915742321065233,12.01285457611084,940900.0,0.0,0.0
2020-09-03,12.139820621457465,12.354684027362232,11.89565689813876,11.97378921508789,1342700.0,0.07,0.0
2020-09-04,12.19841939346397,12.208186165935283,11.788224263775689,11.97378921508789,886400.0,0.0,0.0
2020-09-08,11.954255466936326,11.964022239241615,11.63195943214716,11.749157905578613,1513300.0,0.0,0.0
2020-09-09,11.807756936226035,12.159352336517228,11.622191998625496,12.110519409179688,1082900.0,0.0,0.0
2020-09-10,12.100754095162937,12.335151038885494,11.710091590881348,11.710091590881348,925400.0,0.0,0.0
2020-09-11,11.758925047509246,11.8272905929739,11.348729911899913,11.544060707092285,1098500.0,0.0,0.0
2020-09-14,11.612425665238131,12.11051889498295,11.544059197304074,12.042153358459473,1133200.0,0.0,0.0
2020-09-15,12.081220663375985,12.247252066245727,11.964022190422757,12.032387733459473,1289900.0,0.0,0.0
2020-09-16,12.100754563667929,12.374217675265252,12.081221018562772,12.296085357666016,1494500.0,0.0,0.0
2020-09-17,12.100753223765048,12.393748916613747,12.08121968082282,12.315616607666016,1270800.0,0.0,0.0
2020-09-18,12.423049231027091,12.432815071087614,12.169118761241666,12.315616607666016,3022100.0,0.0,0.0
2020-09-21,11.96402201386071,12.042154328009804,11.42686165552769,11.573360443115234,1843800.0,0.0,0.0
2020-09-22,11.573359748084636,11.641725286006784,11.378028043031764,11.465927124023438,931500.0,0.0,0.0
2020-09-23,11.456161675409883,11.573361084539663,11.231531492634335,11.260830879211426,1645100.0,0.0,0.0
2020-09-24,11.378028514440695,11.87612270642324,11.3584959019725,11.583126068115234,1755100.0,0.0,0.0
2020-09-25,11.46592788418979,11.612426672692001,11.417094954689054,11.47569465637207,810200.0,0.0,0.0
2020-09-28,11.631959312306433,11.797990714143086,11.592893154898436,11.661258697509766,930700.0,0.0,0.0
2020-09-29,11.641726412885092,11.778458433375164,11.426862075375174,11.50499439239502,712600.0,0.0,0.0
2020-09-30,11.563593743191264,11.729625144647372,11.378028797370597,11.47569465637207,1660500.0,0.0,0.0
2020-10-01,11.46592870885257,11.612427507891397,11.06550033468575,11.202232360839844,1502100.0,0.0,0.0
2020-10-02,11.055732407961365,11.456160740337186,10.99713363959012,11.211997032165527,1461400.0,0.0,0.0
2020-10-05,11.338962795028213,11.544060356605964,11.338962795028213,11.514760971069336,1100200.0,0.0,0.0
2020-10-06,11.583126125535845,11.807757224202772,11.456160883925953,11.534294128417969,1879400.0,0.0,0.0
2020-10-07,11.61242581210762,11.944487659000432,11.61242581210762,11.846822738647461,1978300.0,0.0,0.0
2020-10-08,11.993321190508743,12.061687662759773,11.876122721320653,12.051920890808105,1139100.0,0.0,0.0
2020-10-09,12.139820178240258,12.257018649385111,11.788223833395044,11.807757377624512,841800.0,0.0,0.0
2020-10-12,11.72962487152634,11.876122725206727,11.64172578675385,11.817523956298828,964800.0,0.0,0.0
2020-10-13,11.680791440735238,11.827289288114295,11.436627740829746,11.465927124023438,1034600.0,0.0,0.0
2020-10-14,11.397562256174755,11.602659813409673,11.329196714233333,11.33896255493164,658600.0,0.0,0.0
2020-10-15,11.92495585678616,11.96402201386071,11.514760741798085,11.573360443115234,1049900.0,0.0,0.0
2020-10-16,11.553826701981363,11.866355953251865,11.553826701981363,11.817523956298828,1189200.0,0.0,0.0
2020-10-19,11.905421364357837,11.91518813570128,11.50499305338245,11.524526596069336,1030900.0,0.0,0.0
2020-10-20,11.631958958674193,11.915188824124147,11.475694333792928,11.866355895996094,1267200.0,0.0,0.0
2020-10-21,11.827289703203292,12.208185423731543,11.797990318981313,12.149585723876953,1293300.0,0.0,0.0
2020-10-22,12.247252449108666,12.745346673288877,12.198419517665583,12.716047286987305,2006000.0,0.0,0.0
2020-10-23,12.843011932274226,13.155542142633388,12.80394577240567,12.979743957519531,1711500.0,0.0,0.0
2020-10-26,12.85277781302613,12.85277781302613,12.423050084297973,12.462116241455078,959600.0,0.0,0.0
2020-10-27,12.393750824312155,12.393750824312155,12.120287700902495,12.130054473876953,10629200.0,0.0,0.0
2020-10-28,11.827289867468759,12.149585892618688,11.700324625529294,11.719858169555664,880600.0,0.0,0.0
2020-10-29,11.6026590726211,11.895655697308566,11.495227380513619,11.797989845275879,837500.0,0.0,0.0
2020-10-30,11.749157905578615,11.84682376581016,11.661258817652357,11.749157905578613,1074400.0,0.0,0.0
2020-11-02,11.905422739199386,12.042154759565708,11.680792560823306,11.97378921508789,1121900.0,0.0,0.0
2020-11-03,12.21795300247679,12.42305056839645,12.090987753915982,12.344918251037598,2001600.0,0.0,0.0
2020-11-04,12.110519409179686,12.413282813543956,11.729624625050214,12.110519409179688,2125900.0,0.0,0.0
2020-11-05,12.090987998126495,12.755113640501259,12.090987998126495,12.706280708312988,1938500.0,0.0,0.0
2020-11-06,12.70627943750816,13.05787483755999,12.637912966717897,12.862544059753418,2427800.0,0.0,0.0
2020-11-09,13.0871747799434,14.25916135962485,13.0871747799434,13.350872039794922,1482000.0,0.0,0.0
2020-11-10,13.663400178356454,13.956396799275346,13.624334024327974,13.780598640441895,1686100.0,0.0,0.0
2020-11-11,13.741532960778546,13.751299732475465,13.487603416532929,13.663400650024414,1205500.0,0.0,0.0
2020-11-12,13.497369503841762,13.712233828053273,13.223906411197515,13.604802131652832,1531400.0,0.0,0.0
2020-11-13,13.751299947866974,13.927098115522663,13.67316763588903,13.888031959533691,937500.0,0.0,0.0
2020-11-16,14.16149513920052,14.337293307945446,13.975931129955812,14.259160995483398,2736700.0,0.0,0.0
2020-11-17,14.102895777887046,14.640056137523697,14.102895777887046,14.522857666015625,2797400.0,0.0,0.0
2020-11-18,14.54239215122335,14.600990925063497,14.102896690368652,14.102896690368652,1413000.0,0.0,0.0
2020-11-19,14.073596331024397,14.190794802017507,13.624335059845484,13.682934761047363,1703400.0,0.0,0.0
2020-11-20,13.595035542588802,14.259161136494493,13.595035542588802,14.06382942199707,1858300.0,0.0,0.0
2020-11-23,14.220095103297645,14.29822741721049,14.093129860336608,14.151728630065918,893000.0,0.0,0.0
2020-11-24,14.434958710154165,14.56192395495615,14.30799346535218,14.376359939575195,1547000.0,0.0,0.0
2020-11-25,14.31776081707691,14.386126362656263,14.083363862452817,14.347060203552246,835400.0,0.0,0.0
2020-11-27,14.347059148445227,14.425192392317909,14.102895439148666,14.259160995483398,2530100.0,0.0,0.0
2020-11-30,14.249394168739824,14.444724949143293,14.034529844590693,14.073596000671387,1363000.0,0.0,0.0
2020-12-01,14.132196775976965,14.317760798629275,14.10289645812868,14.16149616241455,1985500.0,0.0,0.0
2020-12-02,14.141962135099828,14.28846092511519,13.966164891056332,14.278694152832031,1236900.0,0.0,0.0
2020-12-03,14.22985969246102,14.44472400252933,13.927097235529397,14.024762153625488,764600.0,0.0,0.0
2020-12-04,14.11266227641038,14.444725071617082,13.995463807174596,14.395892143249512,1180000.0,0.0,0.0
2020-12-07,14.366592373540074,14.49355761132681,14.17126159671841,14.415425300598145,966200.0,0.0,0.0
2020-12-08,14.268927093764821,14.52285757955929,14.268927093764821,14.386125564575195,974200.0,0.0,0.0
2020-12-09,14.4740252960942,14.620524089699176,14.239628344019074,14.30799388885498,2323400.0,0.0,0.0
2020-12-10,14.180419407400592,14.406128994872823,14.121539296500002,14.376688003540039,1621800.0,0.07,0.0
2020-12-11,14.2392991827259,14.435567761340101,14.141164425477594,14.150978088378906,975800.0,0.0,0.0
2020-12-14,14.366874869686063,14.366874869686063,13.935083034497753,13.944896697998047,1308500.0,0.0,0.0
2020-12-15,13.984149099441355,14.111723905286002,13.738813150328347,14.03321647644043,4348700.0,0.0,0.0
2020-12-16,14.180418295209307,14.21967201135847,13.729000091552733,13.729000091552734,1775100.0,0.0,0.0
2020-12-17,13.85657565045674,13.954710414064419,13.483664858983012,13.630867004394531,1800000.0,0.0,0.0
2020-12-18,13.679932654245418,13.689746317211597,13.120566967526987,13.130380630493164,4775300.0,0.0,0.0
2020-12-21,13.002806877191746,13.1990754730672,12.806538281316293,13.179449081420898,1832200.0,0.0,0.0
2020-12-22,13.169634121974397,13.169634121974397,12.845790736670304,12.87523078918457,1017000.0,0.0,0.0
2020-12-23,12.924298601401278,13.238328334454193,12.904671275144256,13.228514671325684,1475800.0,0.0,0.0
2020-12-24,13.248142871123957,13.277582926568247,13.042060611248951,13.10094165802002,572100.0,0.0,0.0
2020-12-28,13.24814256222103,13.581799635751496,13.1696351256118,13.552359580993652,1090400.0,0.0,0.0
2020-12-29,13.601425793633306,13.621053120390144,13.316836106836295,13.454224586486816,652200.0,0.0,0.0
2020-12-30,13.52291774749756,13.6504925580067,13.513105020444863,13.522917747497559,600400.0,0.0,0.0
2020-12-31,13.591613030807697,13.738814237571555,13.513105595749312,13.689746856689453,1097000.0,0.0,0.0
2021-01-04,13.81732191895448,13.87620296423918,13.493478509594803,13.70937442779541,1651500.0,0.0,0.0
2021-01-05,13.699559913385002,13.984149586839779,13.699559913385002,13.91545581817627,1492000.0,0.0,0.0
2021-01-06,14.249113096926575,15.25989699652785,14.190232054362676,15.161762237548828,3059900.0,0.0,0.0
2021-01-07,15.122508394759762,15.848702610312207,14.837918719157727,15.348217964172363,3034100.0,0.0,0.0
2021-01-08,15.465979241677859,15.465979241677859,14.788851463663931,15.161762237548828,1538000.0,0.0,0.0
2021-01-11,14.886986097996825,15.348217963924542,14.886986097996825,15.191202163696289,1140800.0,0.0,0.0
2021-01-12,15.338404318831412,15.426725414099618,15.034187316894531,15.034187316894531,969700.0,0.0,0.0
2021-01-13,15.02437439151116,15.02437439151116,14.5435152053833,14.5435152053833,1257100.0,0.0,0.0
2021-01-14,14.710343730714566,14.769224772077179,14.23929914334328,14.5435152053833,1439200.0,0.0,0.0
2021-01-15,14.396314937046736,14.671090964120935,14.317807500739821,14.622023582458496,1759100.0,0.0,0.0
2021-01-19,14.71034539443983,15.279524803161621,14.523890458154764,15.279524803161621,1917500.0,0.0,0.0
2021-01-20,15.358031464959538,15.446352564575372,14.837919466633743,14.936054229736328,1824600.0,0.0,0.0
2021-01-21,15.014560439929358,16.084224403820876,14.828104592435023,15.387471199035645,2375600.0,0.0,0.0
2021-01-22,15.299151152827145,15.446352359645614,15.03418785749496,15.436538696289062,928200.0,0.0,0.0
2021-01-25,15.308964435750022,15.858516467706014,15.27952344641199,15.68187427520752,1158900.0,0.0,0.0
2021-01-26,15.809449304037502,15.85851574560184,15.603366131584798,15.780008316040039,1084300.0,0.0,0.0
2021-01-27,15.603366046879042,15.937023088646567,15.18138884924574,15.259896278381348,1715700.0,0.0,0.0
2021-01-28,15.358030799850486,15.789822615743333,15.230456923577403,15.47579288482666,1739600.0,0.0,0.0
2021-01-29,15.40709932584874,15.868331229368568,15.367845606562955,15.73094367980957,2880400.0,0.0,0.0
2021-02-01,15.848701701929032,16.40806735808016,15.632806743765444,16.260866165161133,1812900.0,0.0,0.0
2021-02-02,16.37862993017682,16.486576484498855,15.937024434152871,16.16273307800293,1698200.0,0.0,0.0
2021-02-03,16.084225064845263,16.241239930736143,15.937023862043167,15.995903968811035,1166300.0,0.0,0.0
2021-02-04,15.995903920622354,16.751539130298845,15.956651140150308,16.702472686767578,1812600.0,0.0,0.0
2021-02-05,16.859489310992686,17.10482529777252,16.73191354967875,16.967437744140625,1832200.0,0.0,0.0
2021-02-08,16.996874335677344,17.232396623331066,16.790793035892122,17.193143844604492,2108200.0,0.0,0.0
2021-02-09,17.104822752763752,17.2716512738224,16.879114127732862,17.193143844604492,955300.0,0.0,0.0
2021-02-10,17.291279210552073,17.359972979576415,16.810419083852036,17.12445068359375,1461200.0,0.0,0.0
2021-02-11,17.114636277809666,17.281464797527253,16.85948666696131,17.144075393676758,826200.0,0.0,0.0
2021-02-12,17.12445006652671,17.507173549736777,17.05575442821294,17.35015869140625,899000.0,0.0,0.0
2021-02-16,17.458110006155966,17.56605656932244,17.12445290888126,17.27165412902832,1125700.0,0.0,0.0
2021-02-17,17.27165158591164,17.76232349533092,17.124450387438817,17.654375076293945,1869700.0,0.0,0.0
2021-02-18,17.644561529955837,17.840831043724933,17.43848022508661,17.54642677307129,966800.0,0.0,0.0
2021-02-19,17.57586967520142,17.75251188247219,17.516989563366167,17.703445434570312,1097300.0,0.0,0.0
2021-02-22,17.762325227302316,18.223556193294893,17.664190461496563,18.07635498046875,1658800.0,0.0,0.0
2021-02-23,18.086167042550684,18.576838956361545,17.948779505648382,18.53758430480957,2048600.0,0.0,0.0
2021-02-24,18.596465460049437,18.773105768930225,18.419823279403925,18.665159225463867,2022100.0,0.0,0.0
2021-02-25,18.694601731285065,18.910498600899643,17.889899981759985,17.948781967163086,3841200.0,0.0,0.0
2021-02-26,17.968405734897207,18.39038389846295,17.742697094029683,17.8898983001709,2894000.0,0.0,0.0
2021-03-01,17.86045799672612,17.86045799672612,16.457136056327883,17.713254928588867,5708100.0,0.0,0.0
2021-03-02,17.752509499848824,17.752509499848824,17.075381753445445,17.35015869140625,2049500.0,0.0,0.0
2021-03-03,17.418853616817692,17.909525549685796,17.35015984569854,17.68381690979004,1998200.0,0.0,0.0
2021-03-04,17.723223648220227,18.008924101220305,17.56559646003546,17.782333374023438,1886000.0,0.07,0.0
2021-03-05,17.949811170804573,18.698541198922538,17.752778139656158,18.629579544067383,2264500.0,0.0,0.0
2021-03-08,18.708393061805218,19.15172066858,18.36358290976529,18.787206649780273,2416200.0,0.0,0.0
2021-03-09,18.836465907506543,19.10246058672921,18.334028590430652,18.60002326965332,1943900.0,0.0,0.0
2021-03-10,18.62957933378959,19.398013220068098,18.619727400483747,19.141868591308594,1781400.0,0.0,0.0
2021-03-11,19.10246078973788,19.614750045423946,18.866020028436033,19.299495697021484,1857400.0,0.0,0.0
2021-03-12,19.42756608049511,19.575343192952417,19.26993891433376,19.398012161254883,1246200.0,0.0,0.0
2021-03-15,19.40786600719731,19.516233520200785,19.181275289322635,19.358606338500977,1604800.0,0.0,0.0
2021-03-16,19.28964511832354,19.545789764153767,19.03350047249332,19.427568435668945,1673600.0,0.0,0.0
2021-03-17,19.555639746071776,19.555639746071776,19.260087393893897,19.506380081176758,2083100.0,0.0,0.0
2021-03-18,19.555639526949154,20.47184861402544,19.43741821158987,20.097482681274414,2646100.0,0.0,0.0
2021-03-19,20.176297148679176,20.402885977387403,19.61475010402655,20.31422233581543,4462600.0,0.0,0.0
2021-03-22,20.37333305904713,20.37333305904713,19.969413169191284,20.176298141479492,2087200.0,0.0,0.0
2021-03-23,19.949709165519074,20.127040214307296,19.427567952872,19.47682762145996,1633900.0,0.0,0.0
2021-03-24,19.65415810819239,19.870895006588672,18.51136013653169,18.550765991210938,2157200.0,0.0,0.0
2021-03-25,18.45224885997253,19.02364785583772,18.38328720377463,18.89557647705078,1600900.0,0.0,0.0
2021-03-26,18.97438931725409,19.132016490640414,17.83159137067117,18.363582611083984,3119500.0,0.0,0.0
2021-03-29,18.373435974121094,18.619728686586694,18.028625800856393,18.373435974121094,2298600.0,0.0,0.0
2021-03-30,18.846316098314038,19.496530538530692,18.58032141716192,19.417715072631836,1843900.0,0.0,0.0
2021-03-31,19.378309609180985,19.427567397296084,18.540914057775083,18.550765991210938,1974600.0,0.0,0.0
2021-04-01,18.718243427765675,19.21082878112793,18.659133711500125,19.21082878112793,1785900.0,0.0,0.0
2021-04-05,19.368456777598862,19.506380081176758,19.16157182223202,19.506380081176758,1369900.0,0.0,0.0
2021-04-06,19.48667983343017,19.91030171495027,19.48667983343017,19.90045166015625,1388900.0,0.0,0.0
2021-04-07,19.9694124738471,20.028522195433467,19.466975142702537,19.60489845275879,1552900.0,0.0,0.0
2021-04-08,19.683712759195824,20.14674425252669,19.427568117559744,20.136892318725586,1771900.0,0.0,0.0
2021-04-09,20.156592399422024,20.284665647649927,19.752672547129222,20.097482681274414,1326300.0,0.0,0.0
2021-04-12,20.196001490341654,20.53095971416514,20.16644568974634,20.304370880126953,1522000.0,0.0,0.0
2021-04-13,20.24525843038942,20.34377588251375,19.654157475771655,20.008817672729492,1028500.0,0.0,0.0
2021-04-14,20.018669570635918,20.36347971293251,19.900450131545956,20.127038955688477,1728600.0,0.0,0.0
2021-04-15,20.294518772086402,20.708290581541924,20.24525910485112,20.65903091430664,1260800.0,0.0,0.0
2021-04-16,20.826511728403293,21.13191605305185,20.698440341243558,21.09250831604004,1298300.0,0.0,0.0
2021-04-19,21.181170677290574,21.200874542849473,20.521106213579888,20.570363998413086,1597200.0,0.0,0.0
2021-04-20,20.481701893042427,20.629477137655936,20.31422278139667,20.34377670288086,926100.0,0.0,0.0
2021-04-21,20.40288667172727,21.003841470031368,20.40288667172727,20.885622024536133,1291200.0,0.0,0.0
2021-04-22,20.9151759508312,20.964435619018207,20.629477391603373,20.846214294433594,1246500.0,0.0,0.0
2021-04-23,20.98413768731131,20.98413768731131,20.63932940400738,20.649179458618164,1149400.0,0.0,0.0
2021-04-26,20.856066859231248,20.856066859231248,20.521108621679687,20.560516357421875,817600.0,0.0,0.0
2021-04-27,20.659030470723177,20.727994003371812,20.530959096789687,20.590068817138672,1111000.0,0.0,0.0
2021-04-28,20.550663132840498,20.629476720310873,20.215704916325357,20.235408782958984,789200.0,0.0,0.0
2021-04-29,20.481702451615753,20.481702451615753,20.08763261648048,20.176298141479492,1069200.0,0.0,0.0
2021-04-30,20.097483778027485,20.176297366213312,19.76252555847168,19.76252555847168,1470200.0,0.0,0.0
2021-05-03,20.0186705536312,20.176297732867337,19.861043374395067,20.067930221557617,1181700.0,0.0,0.0
2021-05-04,19.910301435532528,20.05807856226844,19.151721329734045,19.437419891357422,1620300.0,0.0,0.0
2021-05-05,19.53593682963135,19.614750418229928,19.26008833000424,19.565492630004883,1049200.0,0.0,0.0
2021-05-06,19.64430563855296,19.821636677429634,19.43741880017547,19.811784744262695,803900.0,0.0,0.0
2021-05-07,19.7920809452277,20.07777949178393,19.44727079946884,19.654157638549805,1663000.0,0.0,0.0
2021-05-10,19.407864094022973,19.92015144451535,19.30934664540612,19.398012161254883,2167700.0,0.0,0.0
2021-05-11,19.12216628117486,19.240387611403644,18.688690575755043,18.875873565673828,1514100.0,0.0,0.0
2021-05-12,18.797058726106965,19.05320335873985,18.42269465014455,18.471952438354492,2102100.0,0.0,0.0
2021-05-13,18.668987999609516,19.230535072645296,18.58032247449184,19.12216567993164,1446100.0,0.0,0.0
2021-05-14,19.14186902880215,19.329052007763018,18.98424185043432,19.2502384185791,1367100.0,0.0,0.0
2021-05-17,19.309346256574372,19.427565689282787,19.04334971438444,19.092607498168945,942500.0,0.0,0.0
2021-05-18,19.122164829462836,19.200978417277245,18.89557599937944,18.905427932739258,1150700.0,0.0,0.0
2021-05-19,18.678836822509766,18.728096488251136,18.383286344317998,18.678836822509766,767500.0,0.0,0.0
2021-05-20,18.708391608508805,18.91527843528714,18.60987416142693,18.85616683959961,860000.0,0.0,0.0
2021-05-21,19.072907923362514,19.200979304831897,18.91528074044747,19.082759857177734,1368100.0,0.0,0.0
2021-05-24,19.171423426460798,19.388162211397496,18.92513071926127,19.240386962890625,1101000.0,0.0,0.0
2021-05-25,19.299495871811292,19.447271114080284,18.905427932739258,18.905427932739258,1264400.0,0.0,0.0
2021-05-26,18.98424193100685,19.210830765989265,18.885724474342783,19.013795852661133,1031200.0,0.0,0.0
2021-05-27,19.19112777709961,19.348754963350032,19.161573854092833,19.19112777709961,1726900.0,0.0,0.0
2021-05-28,19.22068218183135,19.26993996930447,18.905427832249426,19.102460861206055,2134600.0,0.0,0.0
2021-06-01,19.18127567912433,19.555641652567406,18.944834901769667,19.54578971862793,1651700.0,0.0,0.0
2021-06-02,19.575345806093853,19.634455531528992,18.895577386864716,18.994094848632812,1368100.0,0.0,0.0
2021-06-03,18.919840033523624,18.949540299738707,18.533719577407346,18.75153160095215,1166800.0,0.095,0.0
2021-06-04,18.73172934033729,18.969340901447225,18.612922615597906,18.90003776550293,800600.0,0.0,0.0
2021-06-07,18.939640045166016,19.117849200294526,18.820835200659644,18.939640045166016,1060700.0,0.0,0.0
2021-06-08,18.900038422802105,18.989142997363285,18.72182927367975,18.91983985900879,846700.0,0.0,0.0
2021-06-09,18.909938483261946,18.929739918779983,18.8109331940406,18.90003776550293,767100.0,0.0,0.0
2021-06-10,18.96934149623498,19.038644634352288,18.820834501930904,18.860435485839844,902300.0,0.0,0.0
2021-06-11,18.87033565963704,19.048544803009445,18.850536112438085,18.959440231323242,685700.0,0.0,0.0
2021-06-14,18.969342584135283,19.018844288952625,18.5634225618523,18.603025436401367,859300.0,0.0,0.0
2021-06-15,18.67232659613497,18.74162973086924,18.46441530356337,18.54361915588379,742600.0,0.0,0.0
2021-06-16,18.484216901638014,18.741629896040173,18.37531089559934,18.72182846069336,1235500.0,0.0,0.0
2021-06-17,18.761433009114118,18.890138573640193,18.207004100036777,18.424816131591797,950800.0,0.0,0.0
2021-06-18,18.216903261655908,18.345610703550754,17.850586148134187,18.088197708129883,2421100.0,0.0,0.0
2021-06-21,18.08819807309467,18.53371904893755,18.08819807309467,18.504018783569336,887800.0,0.0,0.0
2021-06-22,18.504019749560793,18.59312432705479,18.22680529864958,18.533720016479492,1142000.0,0.0,0.0
2021-06-23,18.523818969726562,18.642625700402434,18.424815563927076,18.523818969726562,847700.0,0.0,0.0
2021-06-24,18.612924903582535,18.662428498462827,18.424816908144603,18.622825622558594,1153500.0,0.0,0.0
2021-06-25,18.65252593438885,19.028743776418512,18.65252593438885,18.682228088378906,2774800.0,0.0,0.0
2021-06-28,18.692127979202716,18.83073615065654,18.266408411389406,18.424816131591797,1471900.0,0.0,0.0
2021-06-29,18.494118680746702,18.840636265728445,18.098099392925675,18.11789894104004,2897900.0,0.0,0.0
2021-06-30,18.15750157725995,18.632724716448983,18.088198438840994,18.573322296142578,1424800.0,0.0,0.0
2021-07-01,18.72182949117613,19.04854563890637,18.6327249155798,18.81093406677246,1247200.0,0.0,0.0
2021-07-02,18.870337931852877,18.880238650828936,18.603026072975535,18.622825622558594,628400.0,0.0,0.0
2021-07-06,18.563422870511044,18.62282529495335,17.88028838013291,18.20700454711914,888800.0,0.0,0.0
2021-07-07,18.12779998779297,18.286207705792037,17.949590832951777,18.12779998779297,1086200.0,0.0,0.0
2021-07-08,17.820884988476216,18.098099434776437,17.49416883922224,17.77138328552246,992700.0,0.0,0.0
2021-07-09,17.99909448705175,18.28620776877562,17.830786050051913,18.187204360961914,654300.0,0.0,0.0
2021-07-12,18.117899966271168,18.246607422326697,17.949591523377105,18.20700454711914,497900.0,0.0,0.0
2021-07-13,18.107998525841886,18.177301659097076,17.721878101697786,17.781280517578125,682200.0,0.0,0.0
2021-07-14,17.86048686947003,18.058495558655537,17.682277727344903,17.741680145263672,653500.0,0.0,0.0
2021-07-15,17.65257751313945,17.97929368013203,17.60307580749807,17.801084518432617,845600.0,0.0,0.0
2021-07-16,17.850586830054617,17.9792923884974,17.37536180354007,17.41496467590332,679900.0,0.0,0.0
2021-07-19,17.068447332941364,17.266457920766257,16.811034324116566,16.95954132080078,862000.0,0.0,0.0
2021-07-20,16.880339227336794,17.40506601804837,16.82093680012935,17.187255859375,1290400.0,0.0,0.0
2021-07-21,17.30606084814682,17.603076763228174,17.296160128807198,17.36546516418457,572200.0,0.0,0.0
2021-07-22,17.296159564929972,17.296159564929972,16.890239527084525,17.058547973632812,721400.0,0.0,0.0
2021-07-23,17.05854644033781,17.14765101511128,16.850637024778983,17.127849578857422,632500.0,0.0,0.0
2021-07-26,17.236756683086032,17.44466800020005,17.05854752223659,17.27635955810547,787400.0,0.0,0.0
2021-07-27,17.05854752223659,17.296159107246172,16.93974267391631,17.27635955810547,1058400.0,0.0,0.0
2021-07-28,17.34566125654401,17.702077660192955,16.900138391521754,17.464466094970703,1098300.0,0.0,0.0
2021-07-29,17.603074964263737,17.791182947385327,17.523871106010187,17.543670654296875,615300.0,0.0,0.0
2021-07-30,17.454566077715516,17.63277523087823,17.35556267117528,17.543670654296875,934400.0,0.0,0.0
2021-08-02,17.672378283989605,17.900089142739187,17.365463566180647,17.375362396240234,761100.0,0.0,0.0
2021-08-03,17.37536076896192,17.405062921465806,17.009043663257867,17.32585906982422,872600.0,0.0,0.0
2021-08-04,17.108051627750744,17.365464657969838,16.989244887507674,17.117952346801758,688600.0,0.0,0.0
2021-08-05,17.216955468247146,17.583274513438575,17.147652324435832,17.573373794555664,506000.0,0.0,0.0
2021-08-06,17.810984293636327,17.989193445894493,17.414965004378693,17.42486572265625,703300.0,0.0,0.0
2021-08-09,17.38526252163088,17.761482255606197,16.97934252175202,17.41496467590332,735400.0,0.0,0.0
2021-08-10,17.424867152259452,17.860489350367438,17.21695582811077,17.642677307128906,1577900.0,0.0,0.0
2021-08-11,17.563471589704825,17.711978583645838,17.365462893906432,17.702077865600586,979300.0,0.0,0.0
2021-08-12,17.702080179886163,17.791184765573657,17.256559139817828,17.36546516418457,500500.0,0.0,0.0
2021-08-13,17.38526391623252,17.45456706005864,17.068448465387952,17.16745376586914,661200.0,0.0,0.0
2021-08-16,17.15755123498643,17.434765669383513,16.93974110762583,17.286256790161133,611400.0,0.0,0.0
2021-08-17,17.088249292546635,17.345662309252013,16.999144714134427,17.207054138183594,820900.0,0.0,0.0
2021-08-18,17.216954263276733,17.543670410070504,17.11795085811473,17.24665641784668,1547300.0,0.0,0.0
2021-08-19,17.17735358859763,17.17735358859763,16.642726126912592,16.850637435913086,1035200.0,0.0,0.0
2021-08-20,16.801134944301957,17.108051568717055,16.741732518569933,17.058547973632812,671900.0,0.0,0.0
2021-08-23,17.028845912391596,17.256556760701677,16.929840621014076,17.177352905273438,971000.0,0.0,0.0
2021-08-24,17.325859727575754,17.43476573585569,17.167452018278855,17.345661163330078,723800.0,0.0,0.0
2021-08-25,17.36546399727984,17.68227944138231,17.167453400531297,17.504070281982422,980500.0,0.0,0.0
2021-08-26,17.40506351586527,17.434765669383513,17.197154106344087,17.286256790161133,938700.0,0.0,0.0
2021-08-27,17.256557523931182,17.79118309962521,17.216954650281057,17.721879959106445,898800.0,0.0,0.0
2021-08-30,17.69217993423341,17.69217993423341,17.405064761449662,17.61297607421875,1076200.0,0.0,0.0
2021-08-31,17.63277523087823,17.7317805257874,17.375362219461966,17.543670654296875,2446600.0,0.0,0.0
2021-09-01,17.672378624982734,17.909990206745633,17.533770452677633,17.791183471679688,693600.0,0.0,0.0
2021-09-02,17.92555042542365,17.92555042542365,17.58714455077562,17.686676025390625,595300.0,0.095,0.0
2021-09-03,17.5473313131075,17.61700467466437,17.26864546049999,17.398035049438477,561100.0,0.0,0.0
2021-09-07,17.288551587513656,17.467705959197716,16.93023904733567,16.950145721435547,661200.0,0.0,0.0
2021-09-08,16.88047376230503,17.02977193203328,16.671459362133618,16.741130828857422,777800.0,0.0,0.0
2021-09-09,16.890425960393838,17.16911370688795,16.601786775100795,16.611740112304688,1117000.0,0.0,0.0
2021-09-10,16.641598852839305,16.76103700538344,16.343006319086513,16.532115936279297,962400.0,0.0,0.0
2021-09-13,16.691365444039576,17.079536115350493,16.5818806297088,17.059629440307617,1531100.0,0.0,0.0
2021-09-14,17.169114274161583,17.338317215408363,16.900379855992284,17.179067611694336,1315300.0,0.0,0.0
2021-09-15,17.059629919096544,19.01044046473328,16.8804736354926,18.632221221923828,3941300.0,0.0,0.0
2021-09-16,18.582456528686485,19.856455297785608,18.50283172426811,19.58772087097168,3748600.0,0.0,0.0
2021-09-17,19.57776592482957,19.597672598900125,19.21945338517926,19.488187789916992,4303600.0,0.0,0.0
2021-09-20,19.21945432046976,19.45832872572618,18.970626577693697,19.428470611572266,2495200.0,0.0,0.0
2021-09-21,20.423780938677474,21.697777726540266,20.22471799137143,21.51862335205078,8921200.0,0.0,0.0
2021-09-22,21.419091556325984,21.727637411446384,21.399184882213717,21.498716354370117,3798800.0,0.0,0.0
2021-09-23,21.72763771447759,21.986418786331427,21.349420393094267,21.399185180664062,2296700.0,0.0,0.0
2021-09-24,21.379279744062956,21.608200817585704,21.120498657226562,21.120498657226562,2392900.0,0.0,0.0
2021-09-27,21.15035821915944,21.389232625355458,20.801998998221688,21.26979637145996,2438000.0,0.0,0.0
2021-09-28,21.40913877075386,21.588295045569325,20.792045146212242,20.941343307495117,2109400.0,0.0,0.0
2021-09-29,20.96124855392241,21.190171520435747,20.77214083595729,20.911483764648438,1707000.0,0.0,0.0
2021-09-30,19.657391063258885,19.916172135444558,19.458328115914533,19.627531051635742,3845400.0,0.0,0.0
2021-10-01,19.74696910756913,20.214764563718823,19.717109096085338,20.035608291625977,1763700.0,0.0,0.0
2021-10-04,19.98584461625522,20.344157180377756,19.955984603109993,20.045562744140625,1523500.0,0.0,0.0
2021-10-05,20.025657653808594,20.1052824558784,19.816641361872218,20.025657653808594,1624300.0,0.0,0.0
2021-10-06,19.946031999569218,19.955983438298382,19.547906107824605,19.677297592163086,1162200.0,0.0,0.0
2021-10-07,19.816640232375825,20.164999433477547,19.806686895383784,19.896265029907227,1120000.0,0.0,0.0
2021-10-08,19.856453863767175,20.02565679823715,19.66734425502898,19.677297592163086,787400.0,0.0,0.0
2021-10-11,19.697205673209314,19.73701712618415,19.398611233075187,19.46828269958496,1058900.0,0.0,0.0
2021-10-12,19.5080948019531,19.677297737674312,19.42847000269635,19.627531051635742,1329200.0,0.0,0.0
2021-10-13,19.6673453692817,19.806688300243817,19.528002438319586,19.687252044677734,890000.0,0.0,0.0
2021-10-14,19.826594818021402,19.94603297104302,19.62753186245371,19.737016677856445,848300.0,0.0,0.0
2021-10-15,19.955984222112235,20.075422374007797,19.54790687561035,19.54790687561035,1061200.0,0.0,0.0
2021-10-18,19.488189397387018,19.72706381072231,19.378704579373103,19.707157135009766,1343500.0,0.0,0.0
2021-10-19,19.75692318640626,19.876359440015168,19.368750616164757,19.66734504699707,1088400.0,0.0,0.0
2021-10-20,20.20481271179861,20.76218824337195,20.20481271179861,20.423782348632812,2705500.0,0.0,0.0
2021-10-21,20.344157379960713,20.573078454438097,20.055516278606994,20.354110717773438,1440700.0,0.0,0.0
2021-10-22,20.254578615486704,20.602937834604166,20.174953813837426,20.433734893798828,1259500.0,0.0,0.0
2021-10-25,20.433733880513632,20.473545330161556,20.12518612831882,20.13513946533203,1107700.0,0.0,0.0
2021-10-26,20.155046932380525,20.234671733214224,20.03560878192748,20.125186920166016,1064200.0,0.0,0.0
2021-10-27,20.075422374007797,20.105282386582942,19.54790687561035,19.54790687561035,1274800.0,0.0,0.0
2021-10-28,19.667344891300203,19.866405945207518,19.52800196372458,19.71710968017578,663300.0,0.0,0.0
2021-10-29,19.567813873291016,19.776830167953214,19.50809574556112,19.567813873291016,1637000.0,0.0,0.0
2021-11-01,19.65739192045629,20.29439034228779,19.44837752519472,20.09532928466797,1263400.0,0.0,0.0
2021-11-02,20.085376417571144,20.20481267526009,19.926126808382488,20.06546974182129,685100.0,0.0,0.0
2021-11-03,19.95598413560947,20.27448523981536,19.89626600912306,20.075422286987305,1587700.0,0.0,0.0
2021-11-04,20.06546941957078,20.30434382951745,19.766876881738707,20.045562744140625,1286400.0,0.0,0.0
2021-11-05,20.2844362192011,21.43899866167181,20.055515157520215,21.229982376098633,3378700.0,0.0,0.0
2021-11-08,21.24988914806897,21.369325398882864,20.752233673399463,20.8219051361084,1420700.0,0.0,0.0
2021-11-09,20.921437150522213,21.30960782329012,20.921437150522213,21.26979637145996,1321500.0,0.0,0.0
2021-11-10,21.24988934055099,21.359372255054595,20.841811999498017,21.011014938354492,1338200.0,0.0,0.0
2021-11-11,20.8716699592876,21.299653971967388,20.8716699592876,21.060779571533203,1235800.0,0.0,0.0
2021-11-12,21.210075508862914,21.23993552036061,21.001061123593892,21.04087257385254,1080600.0,0.0,0.0
2021-11-15,21.349421645776825,21.39918643626658,21.170265362565598,21.23993682861328,1809800.0,0.0,0.0
2021-11-16,21.150358662892586,21.160312000660202,20.941344264987844,21.001062393188477,925200.0,0.0,0.0
2021-11-17,20.91148264913863,20.991107446772467,20.692514930246812,20.90152931213379,1598100.0,0.0,0.0
2021-11-18,20.91148264913863,21.011014120782157,20.742279716866115,20.90152931213379,1372400.0,0.0,0.0
2021-11-19,20.73232670060657,21.040872558910518,20.612888553105552,20.921436309814453,1696500.0,0.0,0.0
2021-11-22,20.92143696648405,21.23993617194369,20.8318588276479,21.080686569213867,1386800.0,0.0,0.0
2021-11-23,21.08068558141115,21.200121828659444,20.672608256237123,20.90152931213379,1531300.0,0.0,0.0
2021-11-24,20.90152933772108,21.150357067932045,20.772139753309546,21.020967483520508,2101500.0,0.0,0.0
2021-11-26,20.662655368661945,21.030919353826636,20.61288868255525,20.752233505249023,1247800.0,0.0,0.0
2021-11-29,20.901529242686465,20.91148257965824,20.374013773611942,20.543216705322266,1945800.0,0.0,0.0
2021-11-30,20.37401377070361,20.44368712949608,19.547905786213455,19.657390594482422,4218900.0,0.0,0.0
2021-12-01,20.105282690926703,20.105282690926703,19.318986100190493,19.32893943786621,1864700.0,0.0,0.0
2021-12-02,19.54790755653321,20.14509454000311,19.368751271651732,19.946033477783203,1248200.0,0.0,0.0
2021-12-03,20.075422938319544,20.304344012615474,19.96593812087146,20.23467254638672,1163100.0,0.0,0.0
2021-12-06,20.50340569443236,20.642748618208074,20.135139812218743,20.274484634399414,1378600.0,0.0,0.0
2021-12-07,20.43373568652574,20.692516776526556,20.334204206001566,20.423782348632812,1182600.0,0.0,0.0
2021-12-08,20.43373533884861,20.6228430603813,20.03560942352597,20.165000915527344,998100.0,0.0,0.0
2021-12-09,20.1200008392334,20.15999984741211,19.799999237060547,19.860000610351562,890400.0,0.095,0.0
2021-12-10,19.989999771118164,20.0,18.5,19.520000457763672,3725500.0,0.0,0.0
2021-12-13,19.43000030517578,19.469999313354492,19.100000381469727,19.270000457763672,1858500.0,0.0,0.0
2021-12-14,19.15999984741211,19.3700008392334,18.700000762939453,19.079999923706055,1881300.0,0.0,0.0
2021-12-15,19.079999923706055,19.139999389648438,18.6299991607666,18.940000534057617,2277700.0,0.0,0.0
2021-12-16,19.139999389648438,19.239999771118164,18.979999542236328,19.049999237060547,955600.0,0.0,0.0
2021-12-17,18.969999313354492,19.170000076293945,18.639999389648438,18.75,2786300.0,0.0,0.0
2021-12-20,18.56999969482422,18.56999969482422,18.09000015258789,18.360000610351562,1745800.0,0.0,0.0
2021-12-21,18.670000076293945,18.729999542236328,18.520000457763672,18.68000030517578,1325500.0,0.0,0.0
2021-12-22,18.829999923706055,18.850000381469727,18.649999618530273,18.68000030517578,1243100.0,0.0,0.0
2021-12-23,18.75,19.020000457763672,18.65999984741211,18.850000381469727,1662800.0,0.0,0.0
2021-12-27,18.84000015258789,19.049999237060547,18.700000762939453,19.020000457763672,1050000.0,0.0,0.0
2021-12-28,18.8799991607666,19.229999542236328,18.8700008392334,18.889999389648438,1196000.0,0.0,0.0
2021-12-29,18.889999389648438,18.989999771118164,18.68000030517578,18.760000228881836,842000.0,0.0,0.0
2021-12-30,18.75,19.079999923706055,18.649999618530273,18.65999984741211,1096800.0,0.0,0.0
2021-12-31,18.600000381469727,18.739999771118164,18.479999542236328,18.559999465942383,903200.0,0.0,0.0
2022-01-03,18.690000534057617,19.290000915527344,18.649999618530273,19.270000457763672,2111900.0,0.0,0.0
2022-01-04,19.290000915527344,19.43000030517578,19.010000228881836,19.049999237060547,1036800.0,0.0,0.0
2022-01-05,19.15999984741211,19.200000762939453,18.520000457763672,18.530000686645508,1336900.0,0.0,0.0
2022-01-06,18.559999465942383,18.690000534057617,18.3799991607666,18.40999984741211,1872600.0,0.0,0.0
2022-01-07,18.399999618530273,18.549999237060547,18.309999465942383,18.469999313354492,1070400.0,0.0,0.0
2022-01-10,18.520000457763672,18.739999771118164,18.290000915527344,18.3799991607666,989100.0,0.0,0.0
2022-01-11,18.5,18.5,17.940000534057617,18.15999984741211,1027100.0,0.0,0.0
2022-01-12,18.200000762939453,18.969999313354492,18.15999984741211,18.920000076293945,1911800.0,0.0,0.0
2022-01-13,18.889999389648438,19.43000030517578,18.889999389648438,19.229999542236328,1220400.0,0.0,0.0
2022-01-14,19.09000015258789,19.440000534057617,19.0,19.40999984741211,1117100.0,0.0,0.0
2022-01-18,19.200000762939453,19.360000610351562,19.0,19.18000030517578,1567300.0,0.0,0.0
2022-01-19,20.149999618530273,20.3799991607666,19.68000030517578,20.190000534057617,4373800.0,0.0,0.0
2022-01-20,20.1200008392334,20.5,19.959999084472656,20.100000381469727,2481900.0,0.0,0.0
2022-01-21,20.020000457763672,20.100000381469727,19.579999923706055,19.670000076293945,2552000.0,0.0,0.0
2022-01-24,19.450000762939453,19.709999084472656,19.030000686645508,19.600000381469727,3080600.0,0.0,0.0
2022-01-25,19.31999969482422,19.709999084472656,19.15999984741211,19.510000228881836,2084600.0,0.0,0.0
2022-01-26,19.6200008392334,19.850000381469727,19.010000228881836,19.280000686645508,2186800.0,0.0,0.0
2022-01-27,19.309999465942383,19.469999313354492,18.920000076293945,18.93000030517578,2425200.0,0.0,0.0
2022-01-28,18.90999984741211,19.389999389648438,18.540000915527344,19.360000610351562,1341600.0,0.0,0.0
2022-01-31,19.209999084472656,19.3799991607666,19.059999465942383,19.360000610351562,2357800.0,0.0,0.0
2022-02-01,19.420000076293945,19.959999084472656,19.360000610351562,19.8700008392334,1896800.0,0.0,0.0
2022-02-02,19.75,20.079999923706055,19.5,19.84000015258789,1302800.0,0.0,0.0
2022-02-03,19.649999618530273,20.020000457763672,19.610000610351562,19.8700008392334,1047900.0,0.0,0.0
2022-02-04,19.600000381469727,21.8799991607666,19.360000610351562,21.34000015258789,6455700.0,0.0,0.0
2022-02-07,21.200000762939453,21.399999618530273,20.84000015258789,20.899999618530273,3319800.0,0.0,0.0
2022-02-08,20.959999084472656,21.219999313354492,20.860000610351562,21.030000686645508,1581000.0,0.0,0.0
2022-02-09,21.100000381469727,21.309999465942383,21.049999237060547,21.079999923706055,1714000.0,0.0,0.0
2022-02-10,20.90999984741211,21.440000534057617,20.899999618530273,21.15999984741211,2149200.0,0.0,0.0
2022-02-11,21.139999389648438,21.15999984741211,20.84000015258789,20.920000076293945,1447400.0,0.0,0.0
2022-02-14,20.920000076293945,21.110000610351562,20.719999313354492,20.829999923706055,1109143.0,0.0,0.0
